{"type":"FeatureCollection","features":[{"type":"Feature","geometry":{"type":"LineString","coordinates":[[153.081389,-27.538223],[153.081387,-27.538167],[153.081436,-27.538071],[153.081624,-27.538138],[153.081698,-27.53816],[153.081746,-27.538194],[153.081776,-27.538249],[153.08183,-27.538435],[153.081855,-27.53852],[153.081757,-27.538545],[153.081577,-27.538589],[153.08066,-27.538806],[153.080491,-27.538902],[153.080336,-27.53901],[153.080135,-27.539186],[153.07998,-27.539226],[153.079578,-27.53874],[153.07869,-27.537608],[153.07869,-27.537608],[153.078239,-27.537032],[153.078022,-27.536782],[153.077625,-27.536356],[153.077756,-27.536273],[153.078546,-27.535751],[153.079065,-27.535441],[153.079065,-27.535441],[153.079404,-27.535239],[153.080206,-27.534731],[153.081082,-27.534179],[153.080905,-27.533948],[153.080905,-27.533948],[153.079779,-27.532481],[153.080399,-27.532673],[153.080663,-27.532682],[153.080663,-27.532682],[153.081158,-27.532698],[153.081815,-27.532256],[153.08199,-27.532167],[153.082408,-27.531884],[153.082819,-27.531631],[153.083021,-27.531471],[153.083698,-27.531093],[153.084055,-27.531022],[153.084055,-27.531022],[153.08476,-27.530884],[153.084874,-27.530861],[153.085826,-27.530684],[153.086247,-27.530304],[153.086247,-27.530304],[153.086564,-27.53002],[153.087026,-27.529244],[153.086463,-27.5285],[153.086294,-27.528287],[153.086294,-27.528287],[153.085873,-27.527761],[153.085191,-27.52691],[153.08453,-27.525808],[153.08453,-27.525808],[153.084064,-27.52503],[153.084048,-27.524898],[153.084146,-27.524397],[153.083167,-27.524205],[153.082387,-27.524315],[153.082387,-27.524315],[153.082176,-27.524345],[153.081632,-27.524383],[153.081069,-27.52428],[153.081069,-27.52428],[153.080823,-27.524235],[153.080247,-27.523955],[153.079581,-27.524369],[153.079159,-27.524645],[153.079159,-27.524645],[153.078984,-27.52476],[153.078564,-27.524986],[153.076758,-27.52615],[153.075982,-27.526639],[153.075982,-27.526639],[153.075257,-27.527097],[153.074694,-27.527453],[153.074089,-27.527836],[153.073844,-27.52799],[153.073844,-27.52799],[153.072931,-27.528566],[153.072644,-27.528744],[153.072644,-27.528744],[153.072514,-27.528825],[153.072445,-27.52892],[153.072209,-27.529076],[153.072021,-27.5292],[153.071749,-27.529386],[153.071621,-27.529466],[153.071444,-27.529567],[153.071336,-27.529565],[153.070967,-27.529791],[153.07075,-27.529925],[153.070232,-27.53025],[153.070232,-27.53025],[153.069911,-27.530452],[153.069079,-27.530972],[153.068576,-27.531288],[153.068576,-27.531288],[153.068206,-27.53152],[153.067507,-27.531957],[153.06742,-27.532012],[153.066837,-27.532377],[153.065708,-27.533083],[153.065562,-27.533174],[153.065562,-27.533174],[153.063993,-27.534157],[153.063993,-27.534157],[153.062945,-27.534813],[153.062858,-27.53484],[153.062616,-27.534859],[153.062614,-27.534887],[153.062606,-27.534908],[153.062593,-27.534928],[153.062576,-27.534945],[153.062555,-27.534958],[153.062532,-27.534967],[153.062507,-27.534972],[153.062481,-27.534972],[153.062456,-27.534967],[153.062433,-27.534958],[153.062413,-27.534945],[153.062395,-27.534928],[153.062382,-27.534908],[153.062374,-27.534887],[153.062373,-27.534873],[153.062372,-27.534864],[153.062374,-27.534841],[153.062382,-27.53482],[153.062395,-27.5348],[153.062412,-27.534783],[153.062433,-27.53477],[153.062453,-27.534762],[153.062114,-27.534224],[153.061953,-27.534021],[153.061953,-27.534021],[153.061528,-27.533484],[153.060945,-27.532743],[153.060357,-27.53198],[153.059757,-27.531212],[153.059348,-27.530681],[153.059348,-27.530681],[153.058794,-27.529962],[153.058249,-27.529288],[153.057717,-27.528622],[153.057144,-27.528712],[153.057144,-27.528712],[153.056572,-27.528803],[153.056278,-27.52745],[153.056172,-27.527046],[153.056172,-27.527046],[153.056123,-27.526859],[153.056085,-27.526745],[153.056021,-27.526601],[153.055825,-27.526292],[153.055599,-27.52648],[153.055462,-27.52676],[153.055462,-27.52676],[153.055407,-27.526873],[153.055291,-27.527097],[153.05587,-27.527847],[153.05639,-27.528638],[153.056247,-27.528775],[153.056247,-27.528775],[153.054901,-27.530069],[153.054579,-27.530383],[153.05447,-27.530453],[153.054083,-27.530651],[153.054083,-27.530651],[153.053919,-27.530735],[153.053595,-27.530894],[153.052814,-27.530958],[153.05228,-27.531225],[153.05228,-27.531225],[153.051591,-27.531568],[153.05077,-27.531976],[153.050405,-27.532195],[153.050076,-27.531779],[153.050076,-27.531779],[153.049863,-27.531511],[153.049322,-27.530833],[153.04876,-27.530121],[153.048315,-27.530407],[153.048084,-27.530552],[153.048084,-27.530552],[153.046454,-27.531582],[153.045828,-27.531977],[153.045604,-27.532106],[153.045604,-27.532106],[153.044927,-27.532495],[153.044981,-27.531923],[153.044981,-27.531923],[153.045005,-27.531663],[153.045174,-27.530767],[153.045348,-27.529854],[153.045352,-27.529831],[153.045352,-27.529831],[153.045513,-27.528957],[153.04567,-27.528116],[153.045738,-27.527753],[153.045738,-27.527753],[153.045792,-27.527459],[153.045955,-27.526588],[153.045955,-27.526588],[153.046065,-27.525998],[153.046398,-27.524229],[153.046649,-27.522988],[153.047008,-27.523044],[153.047008,-27.523044],[153.047419,-27.523109],[153.048273,-27.523249],[153.04872,-27.523318],[153.049279,-27.523299],[153.049783,-27.523322],[153.049803,-27.523321],[153.049803,-27.523321],[153.05032,-27.523307],[153.050876,-27.523301],[153.051338,-27.523366],[153.051424,-27.523026],[153.051553,-27.522188],[153.051553,-27.522188],[153.051567,-27.522099],[153.051603,-27.521837],[153.050623,-27.521687],[153.049617,-27.521532],[153.049171,-27.521464],[153.049171,-27.521464],[153.048638,-27.521383],[153.047774,-27.521252],[153.047008,-27.521107],[153.046194,-27.520959],[153.046194,-27.520959],[153.046009,-27.520924],[153.045007,-27.520769],[153.043992,-27.520614],[153.043236,-27.520496],[153.043236,-27.520496],[153.042991,-27.520459],[153.041972,-27.520311],[153.041413,-27.520221],[153.041413,-27.520221],[153.040558,-27.520082],[153.040393,-27.520064],[153.040071,-27.520006],[153.039543,-27.519916],[153.039162,-27.519871],[153.039162,-27.519871],[153.038791,-27.519828],[153.038592,-27.519916],[153.037534,-27.520496],[153.036141,-27.52026],[153.035918,-27.520223],[153.03554,-27.520152],[153.03554,-27.520152],[153.034962,-27.520043],[153.034959,-27.520065],[153.034953,-27.520087],[153.034942,-27.520109],[153.034932,-27.520124],[153.034921,-27.520137],[153.034907,-27.520149],[153.034886,-27.520161],[153.03486,-27.520169],[153.034842,-27.520171],[153.034825,-27.52017],[153.03479,-27.520158],[153.034772,-27.520147],[153.034759,-27.520136],[153.034741,-27.520114],[153.034728,-27.520086],[153.034719,-27.52005],[153.034721,-27.520014],[153.034725,-27.519992],[153.034739,-27.51996],[153.034751,-27.519943],[153.034768,-27.519926],[153.034785,-27.519914],[153.034802,-27.519906],[153.034822,-27.519901],[153.034856,-27.519901],[153.034869,-27.519904],[153.034893,-27.519913],[153.034923,-27.519937],[153.03494,-27.519959],[153.0359,-27.519273],[153.0359,-27.519273],[153.037092,-27.518419],[153.037092,-27.518419],[153.037374,-27.518218],[153.037702,-27.517787],[153.037836,-27.517617],[153.037836,-27.517617],[153.037993,-27.517418],[153.03834,-27.516599],[153.03834,-27.516599],[153.038402,-27.516452],[153.038648,-27.515817],[153.038813,-27.515334],[153.038813,-27.515334],[153.038899,-27.515081],[153.03891,-27.51413],[153.038924,-27.513639],[153.038483,-27.513553],[153.038255,-27.513521],[153.038082,-27.513443],[153.038073,-27.513457],[153.038058,-27.513472],[153.03804,-27.513483],[153.03802,-27.513491],[153.037998,-27.513496],[153.037976,-27.513496],[153.037954,-27.513491],[153.037934,-27.513483],[153.037916,-27.513472],[153.037901,-27.513457],[153.037889,-27.513438],[153.037848,-27.513454],[153.037714,-27.513456],[153.036896,-27.513311],[153.036682,-27.513279],[153.036682,-27.513279],[153.035884,-27.513156],[153.035182,-27.513048],[153.035182,-27.513048],[153.034873,-27.513],[153.033866,-27.512846],[153.032853,-27.512693],[153.03228,-27.512601],[153.03228,-27.512601],[153.03152,-27.512478],[153.031414,-27.512444],[153.031785,-27.511589],[153.032027,-27.511036],[153.032027,-27.511036],[153.032165,-27.510721],[153.032518,-27.510127],[153.032546,-27.509964],[153.032565,-27.509886],[153.032578,-27.509783],[153.032597,-27.509563],[153.032636,-27.509433],[153.032637,-27.50941],[153.032637,-27.50941],[153.032669,-27.508712],[153.032672,-27.508608],[153.032649,-27.50849],[153.032617,-27.508377],[153.032342,-27.507885],[153.032239,-27.507709],[153.032105,-27.50747],[153.032057,-27.507313],[153.032013,-27.506954],[153.031999,-27.50679],[153.032014,-27.506659],[153.032014,-27.506659],[153.032018,-27.506626],[153.032043,-27.506522],[153.032269,-27.506124],[153.032339,-27.506009],[153.032366,-27.505934],[153.03238,-27.505828],[153.032377,-27.505563],[153.032364,-27.505203],[153.032339,-27.505018],[153.032339,-27.505018],[153.032331,-27.504952],[153.032323,-27.504858],[153.03229,-27.50475],[153.032214,-27.50462],[153.032067,-27.504458],[153.031867,-27.504266],[153.031255,-27.503425],[153.031042,-27.503146],[153.031042,-27.503146],[153.030937,-27.503008],[153.03054,-27.502573],[153.030199,-27.502139],[153.030018,-27.501784],[153.029904,-27.501697],[153.029865,-27.501643],[153.029865,-27.501643],[153.029554,-27.501218],[153.02938,-27.501009],[153.02897,-27.500559],[153.028627,-27.500164],[153.0283,-27.49973],[153.028096,-27.49942],[153.027954,-27.499193],[153.027829,-27.49892],[153.027766,-27.498745],[153.027766,-27.498745],[153.02759,-27.498254],[153.027261,-27.497549],[153.02704,-27.497624],[153.02677,-27.497601],[153.026401,-27.497601],[153.026269,-27.497611],[153.026147,-27.497636],[153.025975,-27.497691],[153.025876,-27.497761],[153.025769,-27.497858],[153.025676,-27.498005],[153.025594,-27.498082],[153.025507,-27.498102],[153.025426,-27.498088],[153.025363,-27.498035],[153.025295,-27.497908],[153.026536,-27.497203],[153.027414,-27.496588],[153.028015,-27.495978],[153.028416,-27.495481],[153.02879,-27.494915],[153.028952,-27.494613],[153.029135,-27.494167],[153.029205,-27.493809],[153.029286,-27.493711],[153.029411,-27.493647],[153.029482,-27.493635],[153.029586,-27.493616],[153.029783,-27.493627],[153.029939,-27.493676],[153.030099,-27.493782],[153.030551,-27.494084],[153.030551,-27.494084],[153.030654,-27.494153],[153.030776,-27.494234],[153.030898,-27.49433],[153.03101,-27.494461],[153.031095,-27.494594],[153.031173,-27.49478],[153.031241,-27.495035],[153.031258,-27.495409],[153.031304,-27.495738],[153.031356,-27.495864],[153.031432,-27.496028],[153.031482,-27.496115],[153.031631,-27.496297],[153.03185,-27.496402],[153.031912,-27.496427],[153.032101,-27.496436],[153.03226,-27.49645],[153.032377,-27.496464],[153.033437,-27.496628],[153.034083,-27.496731]]},"properties":{"route_short_name":"113","route_long_name":"Mt Gravatt Central - City","direction_id":0,"shape_id":"1130046","trip_count":77,"headsign_summary":"PA Hospital station","display_color":"#007f5f","text_color":"#000000","label_point":[153.044948,-27.532273]}},{"type":"Feature","geometry":{"type":"LineString","coordinates":[[153.033615,-27.496731],[153.033561,-27.496724],[153.032415,-27.496559],[153.032266,-27.496531],[153.032126,-27.496494],[153.031912,-27.496427],[153.03185,-27.496402],[153.031631,-27.496297],[153.031482,-27.496115],[153.031432,-27.496028],[153.031356,-27.495864],[153.031304,-27.495738],[153.031258,-27.495409],[153.031241,-27.495035],[153.031173,-27.49478],[153.031095,-27.494594],[153.03101,-27.494461],[153.030898,-27.49433],[153.030776,-27.494234],[153.030654,-27.494153],[153.030251,-27.493884],[153.030251,-27.493884],[153.030099,-27.493782],[153.029939,-27.493676],[153.029783,-27.493627],[153.029586,-27.493616],[153.029482,-27.493635],[153.029411,-27.493647],[153.029286,-27.493711],[153.029205,-27.493809],[153.029135,-27.494167],[153.028952,-27.494613],[153.02879,-27.494915],[153.028416,-27.495481],[153.028015,-27.495978],[153.027414,-27.496588],[153.026536,-27.497203],[153.025295,-27.497908],[153.025363,-27.498035],[153.025426,-27.498088],[153.025507,-27.498102],[153.025594,-27.498082],[153.025676,-27.498005],[153.025769,-27.497858],[153.025876,-27.497761],[153.025975,-27.497691],[153.026147,-27.497636],[153.026269,-27.497611],[153.026401,-27.497601],[153.02677,-27.497601],[153.02704,-27.497624],[153.027261,-27.497549],[153.027359,-27.497605],[153.027476,-27.497724],[153.027559,-27.497893],[153.027724,-27.498237],[153.027809,-27.498479],[153.027809,-27.498479],[153.02795,-27.498878],[153.028195,-27.499355],[153.028398,-27.499634],[153.028598,-27.499936],[153.0287,-27.500068],[153.028919,-27.500325],[153.029008,-27.50042],[153.029307,-27.500765],[153.029307,-27.500765],[153.029504,-27.500993],[153.029583,-27.501077],[153.029764,-27.501339],[153.029977,-27.50168],[153.030018,-27.501784],[153.030199,-27.502139],[153.030246,-27.502198],[153.030246,-27.502198],[153.03054,-27.502573],[153.030937,-27.503008],[153.031255,-27.503425],[153.031739,-27.504089],[153.031739,-27.504089],[153.031867,-27.504266],[153.032067,-27.504458],[153.032214,-27.50462],[153.03229,-27.50475],[153.032323,-27.504858],[153.032331,-27.504952],[153.032364,-27.505203],[153.032372,-27.505436],[153.032372,-27.505436],[153.032377,-27.505563],[153.03238,-27.505828],[153.032366,-27.505934],[153.032339,-27.506009],[153.032269,-27.506124],[153.032043,-27.506522],[153.032018,-27.506626],[153.031999,-27.50679],[153.032013,-27.506954],[153.032057,-27.507313],[153.032105,-27.50747],[153.032239,-27.507709],[153.032317,-27.507842],[153.032317,-27.507842],[153.032342,-27.507885],[153.032617,-27.508377],[153.032649,-27.50849],[153.032672,-27.508608],[153.032669,-27.508712],[153.03266,-27.508896],[153.03266,-27.508896],[153.032636,-27.509433],[153.032655,-27.509585],[153.032682,-27.509708],[153.032704,-27.509848],[153.032722,-27.510041],[153.032281,-27.510743],[153.031908,-27.511577],[153.031908,-27.511577],[153.031853,-27.5117],[153.03152,-27.512478],[153.032434,-27.512625],[153.032434,-27.512625],[153.032853,-27.512693],[153.033679,-27.512818],[153.033679,-27.512818],[153.033866,-27.512846],[153.034873,-27.513],[153.035278,-27.513062],[153.035278,-27.513062],[153.035884,-27.513156],[153.036716,-27.513283],[153.036716,-27.513283],[153.036896,-27.513311],[153.037714,-27.513456],[153.037848,-27.513454],[153.037889,-27.513438],[153.037884,-27.513422],[153.037881,-27.513402],[153.037884,-27.513382],[153.03789,-27.513364],[153.037901,-27.513347],[153.037916,-27.513332],[153.037934,-27.513321],[153.037954,-27.513313],[153.037972,-27.513309],[153.037998,-27.513308],[153.03802,-27.513313],[153.03804,-27.513321],[153.038058,-27.513332],[153.038073,-27.513347],[153.038084,-27.513364],[153.038091,-27.513382],[153.038093,-27.513402],[153.038091,-27.513422],[153.038082,-27.513443],[153.038255,-27.513521],[153.038483,-27.513553],[153.038924,-27.513639],[153.03891,-27.51413],[153.038902,-27.514819],[153.038902,-27.514819],[153.038899,-27.515081],[153.038648,-27.515817],[153.038557,-27.516053],[153.038557,-27.516053],[153.038402,-27.516452],[153.038038,-27.517312],[153.038038,-27.517312],[153.037993,-27.517418],[153.037702,-27.517787],[153.037374,-27.518218],[153.036968,-27.518509],[153.036968,-27.518509],[153.03572,-27.519402],[153.03572,-27.519402],[153.03494,-27.519959],[153.034952,-27.519982],[153.034957,-27.519998],[153.034961,-27.520019],[153.034962,-27.520043],[153.035644,-27.520172],[153.035644,-27.520172],[153.035918,-27.520223],[153.036141,-27.52026],[153.037534,-27.520496],[153.038592,-27.519916],[153.038791,-27.519828],[153.039543,-27.519916],[153.039847,-27.519968],[153.039847,-27.519968],[153.040071,-27.520006],[153.040393,-27.520064],[153.040558,-27.520082],[153.041383,-27.520215],[153.041383,-27.520215],[153.041972,-27.520311],[153.042793,-27.52043],[153.042793,-27.52043],[153.042991,-27.520459],[153.043992,-27.520614],[153.044818,-27.52074],[153.044818,-27.52074],[153.045007,-27.520769],[153.046009,-27.520924],[153.046765,-27.521063],[153.046765,-27.521063],[153.047008,-27.521107],[153.047774,-27.521252],[153.048638,-27.521383],[153.049481,-27.521511],[153.049481,-27.521511],[153.049617,-27.521532],[153.050623,-27.521687],[153.051603,-27.521837],[153.051567,-27.522099],[153.051515,-27.522441],[153.051515,-27.522441],[153.051424,-27.523026],[153.051338,-27.523366],[153.050876,-27.523301],[153.05032,-27.523307],[153.049783,-27.523322],[153.049279,-27.523299],[153.04904,-27.523307],[153.04904,-27.523307],[153.04872,-27.523318],[153.048273,-27.523249],[153.047419,-27.523109],[153.047158,-27.523068],[153.047158,-27.523068],[153.046649,-27.522988],[153.046398,-27.524229],[153.046065,-27.525998],[153.045949,-27.526621],[153.045949,-27.526621],[153.045792,-27.527459],[153.045746,-27.52771],[153.045746,-27.52771],[153.04567,-27.528116],[153.045513,-27.528957],[153.045383,-27.529663],[153.045383,-27.529663],[153.045348,-27.529854],[153.045174,-27.530767],[153.045088,-27.531225],[153.045088,-27.531225],[153.045005,-27.531663],[153.044927,-27.532495],[153.045828,-27.531977],[153.046454,-27.531582],[153.047059,-27.531201],[153.047059,-27.531201],[153.048315,-27.530407],[153.04876,-27.530121],[153.049322,-27.530833],[153.049863,-27.531511],[153.050063,-27.531763],[153.050063,-27.531763],[153.050405,-27.532195],[153.05077,-27.531976],[153.051591,-27.531568],[153.051773,-27.531478],[153.051773,-27.531478],[153.052814,-27.530958],[153.053595,-27.530894],[153.053919,-27.530735],[153.05447,-27.530453],[153.054579,-27.530383],[153.054901,-27.530069],[153.055071,-27.529906],[153.055071,-27.529906],[153.056059,-27.528956],[153.056059,-27.528956],[153.05639,-27.528638],[153.05587,-27.527847],[153.055571,-27.52746],[153.055571,-27.52746],[153.055291,-27.527097],[153.055407,-27.526873],[153.055599,-27.52648],[153.055825,-27.526292],[153.055559,-27.525994],[153.055441,-27.525895],[153.055374,-27.525843],[153.05526,-27.525744],[153.055841,-27.525537],[153.056102,-27.525484],[153.056291,-27.525776],[153.056381,-27.525878],[153.056474,-27.525937],[153.056557,-27.52602],[153.05682,-27.526481],[153.05682,-27.526481],[153.056822,-27.526485],[153.057214,-27.527246],[153.057367,-27.527654],[153.057367,-27.527654],[153.057652,-27.528415],[153.057717,-27.528622],[153.058249,-27.529288],[153.058589,-27.529707],[153.058589,-27.529707],[153.058794,-27.529962],[153.059416,-27.530769],[153.059416,-27.530769],[153.059757,-27.531212],[153.060357,-27.53198],[153.060945,-27.532743],[153.061528,-27.533484],[153.062017,-27.534102],[153.062017,-27.534102],[153.062114,-27.534224],[153.062453,-27.534762],[153.062481,-27.534756],[153.062507,-27.534756],[153.062532,-27.534761],[153.062555,-27.534769],[153.062576,-27.534783],[153.062593,-27.5348],[153.062606,-27.53482],[153.062614,-27.534841],[153.062616,-27.534859],[153.062858,-27.53484],[153.062945,-27.534813],[153.064098,-27.534091],[153.064098,-27.534091],[153.065708,-27.533083],[153.066415,-27.532641],[153.066415,-27.532641],[153.066837,-27.532377],[153.06742,-27.532012],[153.067507,-27.531957],[153.068206,-27.53152],[153.069079,-27.530972],[153.069557,-27.530673],[153.069557,-27.530673],[153.069911,-27.530452],[153.07075,-27.529925],[153.070967,-27.529791],[153.07115,-27.529679],[153.07115,-27.529679],[153.071336,-27.529565],[153.07139,-27.529487],[153.071555,-27.529387],[153.071686,-27.529304],[153.071863,-27.529195],[153.072388,-27.528863],[153.072514,-27.528825],[153.072931,-27.528566],[153.072993,-27.528526],[153.072993,-27.528526],[153.073781,-27.528029],[153.073781,-27.528029],[153.074089,-27.527836],[153.074694,-27.527453],[153.075257,-27.527097],[153.07563,-27.526861],[153.07563,-27.526861],[153.076758,-27.52615],[153.078564,-27.524986],[153.078984,-27.52476],[153.078997,-27.524752],[153.078997,-27.524752],[153.079581,-27.524369],[153.080247,-27.523955],[153.080711,-27.52418],[153.080711,-27.52418],[153.080823,-27.524235],[153.081632,-27.524383],[153.082176,-27.524345],[153.082571,-27.524289],[153.082571,-27.524289],[153.083167,-27.524205],[153.084146,-27.524397],[153.084048,-27.524898],[153.084064,-27.52503],[153.084441,-27.52566],[153.084441,-27.52566],[153.085191,-27.52691],[153.085873,-27.527761],[153.086266,-27.528253],[153.086266,-27.528253],[153.086463,-27.5285],[153.087026,-27.529244],[153.086564,-27.53002],[153.086015,-27.530513],[153.086015,-27.530513],[153.085826,-27.530684],[153.084874,-27.530861],[153.08476,-27.530884],[153.083698,-27.531093],[153.083021,-27.531471],[153.082819,-27.531631],[153.082526,-27.531811],[153.082526,-27.531811],[153.082408,-27.531884],[153.08199,-27.532167],[153.081815,-27.532256],[153.081158,-27.532698],[153.080798,-27.532686],[153.080798,-27.532686],[153.080399,-27.532673],[153.079779,-27.532481],[153.081082,-27.534179],[153.080774,-27.534374],[153.080774,-27.534374],[153.080206,-27.534731],[153.079404,-27.535239],[153.079109,-27.535415],[153.079109,-27.535415],[153.078546,-27.535751],[153.077756,-27.536273],[153.078151,-27.536701],[153.078367,-27.536953],[153.079258,-27.538088],[153.079495,-27.53839],[153.079495,-27.53839],[153.079708,-27.538662],[153.079845,-27.53883],[153.080062,-27.53884],[153.080364,-27.538782],[153.080611,-27.538726],[153.081456,-27.538517],[153.081392,-27.538288],[153.081389,-27.538223]]},"properties":{"route_short_name":"113","route_long_name":"Mt Gravatt Central - City","direction_id":1,"shape_id":"1130043","trip_count":74,"headsign_summary":"Mt Gravatt Central Fair","display_color":"#007f5f","text_color":"#000000","label_point":[153.044977,-27.532466]}},{"type":"Feature","geometry":{"type":"LineString","coordinates":[[153.080421,-27.563359],[153.081329,-27.563949],[153.081261,-27.564065],[153.081192,-27.564184],[153.081939,-27.564616],[153.082576,-27.565004],[153.083401,-27.565258],[153.08379,-27.565307],[153.084019,-27.565302],[153.084022,-27.565276],[153.08403,-27.565253],[153.084044,-27.565233],[153.084061,-27.565215],[153.084083,-27.565202],[153.084107,-27.565192],[153.084133,-27.565187],[153.084159,-27.565187],[153.084185,-27.565192],[153.084209,-27.565202],[153.084231,-27.565215],[153.084249,-27.565233],[153.084262,-27.565253],[153.084265,-27.565261],[153.08445,-27.56525],[153.084555,-27.565255],[153.08489,-27.565302],[153.085,-27.565306],[153.085089,-27.565299],[153.085154,-27.565276],[153.085269,-27.565202],[153.08599,-27.564383],[153.086131,-27.564275],[153.086218,-27.564234],[153.086841,-27.564052],[153.086712,-27.563849],[153.08652,-27.563633],[153.086308,-27.563458],[153.085818,-27.563095],[153.085818,-27.563095],[153.085477,-27.562843],[153.085094,-27.562559],[153.084967,-27.562474],[153.083773,-27.561883],[153.083537,-27.561766],[153.083537,-27.561766],[153.083114,-27.561556],[153.082923,-27.561453],[153.082763,-27.561352],[153.082492,-27.561142],[153.082006,-27.560734],[153.081322,-27.560171],[153.081224,-27.560084],[153.081135,-27.559992],[153.081063,-27.559907],[153.080924,-27.559641],[153.08064,-27.558976],[153.08064,-27.558976],[153.080235,-27.558028],[153.080157,-27.557807],[153.080132,-27.557598],[153.080022,-27.556371],[153.079994,-27.556038],[153.079994,-27.556038],[153.079973,-27.555797],[153.0799,-27.554714],[153.079828,-27.553876],[153.07975,-27.55298],[153.079745,-27.55289],[153.07988,-27.552914],[153.080096,-27.552956],[153.080184,-27.553005],[153.081004,-27.553131],[153.081306,-27.553177],[153.081306,-27.553177],[153.082323,-27.553331],[153.083626,-27.553525],[153.084588,-27.55367],[153.084588,-27.55367],[153.084929,-27.553722],[153.08622,-27.553915],[153.086724,-27.553992],[153.086962,-27.554035],[153.086962,-27.554035],[153.087709,-27.554171],[153.087802,-27.554186],[153.087991,-27.55328],[153.088511,-27.553339],[153.088563,-27.553059],[153.088563,-27.553059],[153.088864,-27.551443],[153.088864,-27.551443],[153.088946,-27.551002],[153.089113,-27.550101],[153.089166,-27.549814],[153.089166,-27.549814],[153.089581,-27.547606],[153.089713,-27.54688],[153.089307,-27.546819],[153.089307,-27.546819],[153.088882,-27.546755],[153.087698,-27.546567],[153.087698,-27.546567],[153.087071,-27.546468],[153.087233,-27.54558],[153.087375,-27.544806],[153.08739,-27.544729],[153.08739,-27.544729],[153.087455,-27.544371],[153.087567,-27.543762],[153.087733,-27.542866],[153.087498,-27.54283],[153.087498,-27.54283],[153.086742,-27.542715],[153.085721,-27.542563],[153.084719,-27.542411],[153.083846,-27.542282],[153.083846,-27.542282],[153.083715,-27.542262],[153.082707,-27.54211],[153.081659,-27.541953],[153.081528,-27.541953],[153.081523,-27.541606],[153.081523,-27.541606],[153.08152,-27.541356],[153.081515,-27.541242],[153.081471,-27.54111],[153.081392,-27.540965],[153.081267,-27.540794],[153.08081,-27.540215],[153.07998,-27.539226],[153.080066,-27.539101],[153.080259,-27.538932],[153.080431,-27.538817],[153.080611,-27.538726],[153.080943,-27.538644],[153.080943,-27.538644],[153.081456,-27.538517],[153.081552,-27.538495],[153.081737,-27.538454],[153.08183,-27.538435],[153.082043,-27.538384],[153.082191,-27.538355],[153.083048,-27.53823],[153.083438,-27.538163],[153.083438,-27.538163],[153.084149,-27.538042],[153.084499,-27.53799],[153.084714,-27.537942],[153.08524,-27.537773],[153.086281,-27.53743],[153.08667,-27.537284],[153.087241,-27.536935],[153.087333,-27.536879],[153.087763,-27.536612],[153.088011,-27.536457],[153.088065,-27.536418],[153.088065,-27.536418],[153.088288,-27.536257],[153.088517,-27.536063],[153.088943,-27.535623],[153.089721,-27.534779],[153.089721,-27.534779],[153.08993,-27.534552],[153.089148,-27.533987],[153.088847,-27.533764],[153.088847,-27.533764],[153.088364,-27.533407],[153.087543,-27.532813],[153.087098,-27.532261],[153.087098,-27.532261],[153.085826,-27.530684],[153.086247,-27.530304],[153.086247,-27.530304],[153.086564,-27.53002],[153.087026,-27.529244],[153.086463,-27.5285],[153.086294,-27.528287],[153.086294,-27.528287],[153.085873,-27.527761],[153.085191,-27.52691],[153.08453,-27.525808],[153.08453,-27.525808],[153.084064,-27.52503],[153.084048,-27.524898],[153.084146,-27.524397],[153.083167,-27.524205],[153.082387,-27.524315],[153.082387,-27.524315],[153.082176,-27.524345],[153.081632,-27.524383],[153.081069,-27.52428],[153.081069,-27.52428],[153.080823,-27.524235],[153.080247,-27.523955],[153.079581,-27.524369],[153.079159,-27.524645],[153.079159,-27.524645],[153.078984,-27.52476],[153.078564,-27.524986],[153.077558,-27.523713],[153.077298,-27.523383],[153.077298,-27.523383],[153.07705,-27.52307],[153.07628,-27.523554],[153.075683,-27.522804],[153.075516,-27.52258],[153.075516,-27.52258],[153.075115,-27.522043],[153.074432,-27.521187],[153.073912,-27.521514],[153.073912,-27.521514],[153.073638,-27.521687],[153.072847,-27.522188],[153.071917,-27.522773],[153.071917,-27.522773],[153.071319,-27.523151],[153.07102,-27.522776],[153.07102,-27.522776],[153.070201,-27.521751],[153.069825,-27.52156],[153.070388,-27.521202],[153.070388,-27.521202],[153.070499,-27.521132],[153.07151,-27.520491],[153.072308,-27.519999],[153.072526,-27.519822],[153.073088,-27.519489],[153.073691,-27.519105],[153.073691,-27.519105],[153.073874,-27.518989],[153.074664,-27.518488],[153.075069,-27.518221],[153.075151,-27.518076],[153.074455,-27.517815],[153.074455,-27.517815],[153.074232,-27.517731],[153.073693,-27.517316],[153.073304,-27.516954],[153.073304,-27.516954],[153.073044,-27.516713],[153.072972,-27.51652],[153.072761,-27.515036],[153.071832,-27.515604],[153.070031,-27.516746],[153.069961,-27.516812],[153.069721,-27.516954],[153.069721,-27.516954],[153.069353,-27.517171],[153.069045,-27.51735],[153.068212,-27.517875],[153.06794,-27.518073],[153.067634,-27.518259],[153.067634,-27.518259],[153.067382,-27.518412],[153.066534,-27.518947],[153.065976,-27.5193],[153.065611,-27.519542],[153.065536,-27.519589],[153.064924,-27.519961],[153.064607,-27.520161],[153.064607,-27.520161],[153.064308,-27.52035],[153.064239,-27.520458],[153.063557,-27.520902],[153.063449,-27.52097],[153.063358,-27.520893],[153.062149,-27.519913],[153.061764,-27.519616],[153.061764,-27.519616],[153.061329,-27.519282],[153.060579,-27.518658],[153.060499,-27.518592],[153.059835,-27.518059],[153.059835,-27.518059],[153.059794,-27.518026],[153.059484,-27.517783],[153.059007,-27.517406],[153.058785,-27.517224],[153.058785,-27.517224],[153.058554,-27.517035],[153.057117,-27.515916],[153.0567,-27.515594],[153.056275,-27.515263],[153.055817,-27.5149],[153.055817,-27.5149],[153.054467,-27.513833],[153.053719,-27.513213],[153.053503,-27.512941],[153.053343,-27.512696],[153.053343,-27.512696],[153.053219,-27.512507],[153.053122,-27.512515],[153.053056,-27.512539],[153.05295,-27.512585],[153.052464,-27.513117],[153.052192,-27.513393],[153.051989,-27.513624],[153.051989,-27.513624],[153.051509,-27.514174],[153.049565,-27.513862],[153.049565,-27.513862],[153.04787,-27.513591],[153.047978,-27.513062],[153.047978,-27.513062],[153.048052,-27.512703],[153.048215,-27.511904],[153.048201,-27.511902],[153.04818,-27.511894],[153.048161,-27.511882],[153.048146,-27.511866],[153.048134,-27.511849],[153.048127,-27.511829],[153.048125,-27.511809],[153.048127,-27.511792],[153.048134,-27.511769],[153.048146,-27.511752],[153.048161,-27.511736],[153.04818,-27.511724],[153.048201,-27.511716],[153.048223,-27.511712],[153.048254,-27.511713],[153.048364,-27.511179],[153.048364,-27.511179],[153.048623,-27.509916],[153.047679,-27.50976],[153.047147,-27.509672],[153.047147,-27.509672],[153.046734,-27.509603],[153.045757,-27.509444],[153.044782,-27.509282],[153.043829,-27.509126],[153.042876,-27.50896],[153.042285,-27.509421],[153.042285,-27.509421],[153.041325,-27.51017],[153.040691,-27.511016],[153.040671,-27.511165],[153.040711,-27.511249],[153.040792,-27.51132],[153.040878,-27.511356],[153.040912,-27.511431],[153.040928,-27.511439],[153.040949,-27.511462],[153.040962,-27.511489],[153.040964,-27.511525],[153.040957,-27.511543],[153.040947,-27.511561],[153.04092,-27.511585],[153.040901,-27.511594],[153.040883,-27.511598],[153.040851,-27.511599],[153.040823,-27.511592],[153.040811,-27.511586],[153.040665,-27.51169],[153.040391,-27.51121],[153.040134,-27.510764],[153.040134,-27.510764],[153.040107,-27.510717],[153.039768,-27.510126],[153.03962,-27.509868],[153.039267,-27.509143],[153.039169,-27.508873],[153.039082,-27.508543],[153.039019,-27.508188],[153.038984,-27.507827],[153.038988,-27.507431],[153.039021,-27.507108],[153.039088,-27.506722],[153.039275,-27.505876],[153.039534,-27.504494],[153.039656,-27.503845],[153.03995,-27.502274],[153.040104,-27.501629],[153.04017,-27.501331],[153.040224,-27.501078],[153.040275,-27.500597],[153.040276,-27.499744],[153.040226,-27.499246],[153.040175,-27.498822],[153.040124,-27.498508],[153.039898,-27.497872],[153.039736,-27.497545],[153.039534,-27.497324],[153.039502,-27.497287],[153.039277,-27.497026],[153.039241,-27.496984],[153.039241,-27.496984],[153.039215,-27.496956],[153.038361,-27.49597],[153.037925,-27.49535],[153.037816,-27.495464],[153.037666,-27.495598],[153.036904,-27.496579],[153.036641,-27.496746],[153.036688,-27.496922],[153.036666,-27.497125],[153.036647,-27.497229],[153.035502,-27.49706],[153.035275,-27.497026],[153.035169,-27.49701],[153.035006,-27.497001],[153.034864,-27.496988],[153.034759,-27.496973],[153.034201,-27.496897],[153.034106,-27.496885]]},"properties":{"route_short_name":"172","route_long_name":"Garden City - PA Hospital via Greenslopes","direction_id":0,"shape_id":"1720021","trip_count":113,"headsign_summary":"PA Hospital, Lower Level Westbound","display_color":"#c1121f","text_color":"#000000","label_point":[153.07692,-27.523152]}},{"type":"Feature","geometry":{"type":"LineString","coordinates":[[153.034188,-27.496812],[153.034317,-27.49683],[153.034507,-27.496847],[153.034649,-27.496831],[153.034838,-27.496802],[153.035023,-27.496764],[153.035191,-27.496732],[153.035244,-27.496727],[153.035337,-27.496724],[153.035579,-27.496738],[153.036141,-27.496824],[153.036392,-27.496832],[153.036641,-27.496746],[153.036904,-27.496579],[153.037666,-27.495598],[153.037816,-27.495464],[153.037925,-27.49535],[153.038361,-27.49597],[153.039215,-27.496956],[153.039277,-27.497026],[153.039468,-27.497249],[153.039468,-27.497249],[153.039502,-27.497287],[153.039534,-27.497324],[153.039736,-27.497545],[153.039898,-27.497872],[153.040124,-27.498508],[153.040175,-27.498822],[153.040226,-27.499246],[153.040276,-27.499744],[153.040275,-27.500597],[153.040224,-27.501078],[153.04017,-27.501331],[153.040104,-27.501629],[153.03995,-27.502274],[153.039656,-27.503845],[153.039534,-27.504494],[153.039275,-27.505876],[153.039088,-27.506722],[153.039021,-27.507108],[153.038988,-27.507431],[153.038984,-27.507827],[153.039019,-27.508188],[153.039082,-27.508543],[153.039169,-27.508873],[153.039267,-27.509143],[153.03962,-27.509868],[153.039768,-27.510126],[153.040107,-27.510717],[153.040332,-27.511108],[153.040332,-27.511108],[153.040391,-27.51121],[153.040665,-27.51169],[153.040811,-27.511586],[153.040799,-27.511579],[153.040784,-27.511564],[153.040772,-27.511546],[153.040767,-27.511529],[153.040765,-27.511509],[153.040771,-27.511475],[153.04078,-27.511461],[153.040793,-27.511447],[153.04081,-27.511434],[153.040826,-27.511426],[153.040847,-27.511421],[153.040871,-27.511421],[153.040888,-27.511423],[153.040912,-27.511431],[153.040878,-27.511356],[153.040792,-27.51132],[153.040711,-27.511249],[153.040671,-27.511165],[153.040691,-27.511016],[153.041325,-27.51017],[153.042353,-27.509368],[153.042353,-27.509368],[153.042876,-27.50896],[153.043829,-27.509126],[153.044782,-27.509282],[153.045757,-27.509444],[153.046734,-27.509603],[153.04758,-27.509744],[153.04758,-27.509744],[153.047679,-27.50976],[153.048623,-27.509916],[153.048322,-27.511385],[153.048322,-27.511385],[153.048254,-27.511713],[153.048269,-27.511716],[153.04829,-27.511724],[153.048309,-27.511736],[153.048324,-27.511752],[153.048336,-27.511769],[153.048343,-27.511789],[153.048345,-27.511809],[153.048343,-27.511828],[153.048336,-27.511849],[153.048324,-27.511866],[153.048309,-27.511882],[153.04829,-27.511894],[153.04827,-27.511902],[153.048247,-27.511906],[153.048223,-27.511906],[153.048215,-27.511904],[153.048052,-27.512703],[153.047964,-27.51313],[153.047964,-27.51313],[153.04787,-27.513591],[153.049822,-27.513904],[153.049822,-27.513904],[153.051509,-27.514174],[153.052011,-27.5136],[153.052011,-27.5136],[153.052192,-27.513393],[153.052464,-27.513117],[153.05295,-27.512585],[153.053005,-27.512512],[153.053075,-27.51244],[153.053149,-27.512396],[153.053309,-27.51236],[153.053459,-27.512598],[153.053459,-27.512598],[153.053534,-27.512716],[153.053622,-27.512855],[153.053848,-27.513146],[153.054369,-27.513565],[153.054369,-27.513565],[153.054577,-27.513732],[153.056375,-27.51517],[153.056635,-27.51536],[153.056635,-27.51536],[153.056805,-27.515485],[153.05702,-27.515649],[153.057237,-27.515822],[153.058637,-27.516982],[153.058947,-27.51723],[153.058947,-27.51723],[153.059094,-27.517348],[153.059572,-27.517727],[153.059756,-27.51787],[153.059756,-27.51787],[153.059882,-27.517968],[153.060581,-27.51853],[153.060668,-27.518598],[153.061435,-27.519212],[153.061798,-27.519504],[153.061798,-27.519504],[153.062241,-27.519858],[153.063133,-27.520567],[153.063133,-27.520567],[153.063463,-27.520828],[153.064171,-27.520393],[153.064308,-27.52035],[153.064924,-27.519961],[153.065536,-27.519589],[153.065611,-27.519542],[153.065976,-27.5193],[153.066534,-27.518947],[153.067382,-27.518412],[153.067673,-27.518235],[153.067673,-27.518235],[153.06794,-27.518073],[153.068212,-27.517875],[153.069045,-27.51735],[153.069353,-27.517171],[153.069399,-27.517144],[153.069399,-27.517144],[153.069961,-27.516812],[153.070031,-27.516746],[153.071832,-27.515604],[153.072761,-27.515036],[153.072824,-27.515475],[153.072824,-27.515475],[153.072972,-27.51652],[153.073044,-27.516713],[153.073515,-27.517151],[153.073515,-27.517151],[153.073693,-27.517316],[153.074232,-27.517731],[153.075151,-27.518076],[153.075069,-27.518221],[153.074664,-27.518488],[153.073874,-27.518989],[153.073088,-27.519489],[153.072802,-27.519658],[153.072802,-27.519658],[153.072526,-27.519822],[153.072308,-27.519999],[153.07151,-27.520491],[153.070768,-27.520961],[153.070768,-27.520961],[153.070499,-27.521132],[153.069825,-27.52156],[153.070201,-27.521751],[153.071089,-27.522863],[153.071089,-27.522863],[153.071319,-27.523151],[153.072052,-27.522688],[153.072052,-27.522688],[153.072847,-27.522188],[153.073638,-27.521687],[153.074046,-27.52143],[153.074046,-27.52143],[153.074432,-27.521187],[153.07473,-27.52156],[153.07473,-27.52156],[153.075115,-27.522043],[153.075683,-27.522804],[153.075915,-27.523095],[153.075915,-27.523095],[153.07628,-27.523554],[153.07705,-27.52307],[153.077341,-27.523438],[153.077341,-27.523438],[153.077558,-27.523713],[153.078564,-27.524986],[153.078984,-27.52476],[153.078997,-27.524752],[153.078997,-27.524752],[153.079581,-27.524369],[153.080247,-27.523955],[153.080711,-27.52418],[153.080711,-27.52418],[153.080823,-27.524235],[153.081632,-27.524383],[153.082176,-27.524345],[153.082571,-27.524289],[153.082571,-27.524289],[153.083167,-27.524205],[153.084146,-27.524397],[153.084048,-27.524898],[153.084064,-27.52503],[153.084441,-27.52566],[153.084441,-27.52566],[153.085191,-27.52691],[153.085873,-27.527761],[153.086266,-27.528253],[153.086266,-27.528253],[153.086463,-27.5285],[153.087026,-27.529244],[153.086564,-27.53002],[153.086015,-27.530513],[153.086015,-27.530513],[153.085826,-27.530684],[153.086991,-27.532128],[153.086991,-27.532128],[153.087543,-27.532813],[153.088364,-27.533407],[153.088746,-27.533689],[153.088746,-27.533689],[153.089148,-27.533987],[153.08993,-27.534552],[153.090008,-27.534609],[153.089568,-27.535079],[153.089568,-27.535079],[153.089023,-27.535663],[153.088602,-27.536143],[153.088368,-27.536352],[153.08783,-27.536692],[153.087608,-27.536827],[153.087608,-27.536827],[153.087384,-27.536963],[153.087306,-27.537017],[153.086724,-27.53736],[153.086344,-27.537508],[153.084878,-27.537989],[153.084662,-27.538042],[153.084338,-27.538105],[153.084061,-27.53815],[153.084061,-27.53815],[153.083501,-27.538242],[153.082313,-27.538419],[153.082126,-27.538455],[153.081991,-27.538488],[153.081855,-27.53852],[153.081757,-27.538545],[153.081577,-27.538589],[153.080982,-27.53873],[153.080982,-27.53873],[153.08066,-27.538806],[153.080491,-27.538902],[153.080342,-27.539091],[153.080293,-27.539183],[153.080279,-27.539279],[153.080285,-27.539366],[153.080704,-27.539875],[153.080924,-27.540145],[153.081201,-27.540555],[153.081441,-27.540872],[153.081563,-27.541052],[153.081612,-27.541158],[153.081653,-27.541344],[153.081653,-27.541361],[153.081653,-27.541361],[153.081659,-27.541953],[153.082707,-27.54211],[153.083715,-27.542262],[153.084097,-27.542319],[153.084097,-27.542319],[153.084719,-27.542411],[153.085721,-27.542563],[153.086742,-27.542715],[153.08718,-27.542781],[153.08718,-27.542781],[153.087733,-27.542866],[153.087567,-27.543762],[153.087459,-27.544349],[153.087459,-27.544349],[153.087455,-27.544371],[153.087375,-27.544806],[153.087233,-27.54558],[153.087126,-27.546164],[153.087126,-27.546164],[153.087071,-27.546468],[153.088882,-27.546755],[153.088949,-27.546765],[153.088949,-27.546765],[153.089713,-27.54688],[153.089581,-27.547606],[153.089225,-27.549505],[153.089225,-27.549505],[153.089113,-27.550101],[153.088946,-27.551002],[153.088891,-27.551301],[153.088891,-27.551301],[153.088583,-27.552952],[153.088583,-27.552952],[153.088511,-27.553339],[153.087991,-27.55328],[153.087872,-27.553849],[153.087872,-27.553849],[153.087802,-27.554186],[153.087709,-27.554171],[153.086977,-27.554038],[153.086977,-27.554038],[153.086724,-27.553992],[153.08622,-27.553915],[153.084929,-27.553722],[153.084224,-27.553615],[153.084224,-27.553615],[153.083626,-27.553525],[153.082323,-27.553331],[153.081447,-27.553198],[153.081447,-27.553198],[153.081004,-27.553131],[153.080184,-27.553005],[153.080091,-27.553021],[153.079888,-27.552997],[153.079968,-27.553848],[153.08003,-27.554716],[153.080058,-27.555069],[153.080058,-27.555069],[153.080095,-27.555529],[153.080161,-27.556364],[153.080201,-27.556903],[153.080201,-27.556903],[153.080246,-27.557496],[153.080296,-27.557847],[153.080675,-27.558736],[153.080675,-27.558736],[153.080989,-27.559473],[153.081094,-27.559663],[153.081215,-27.559847],[153.081284,-27.559929],[153.081482,-27.560087],[153.082608,-27.56105],[153.082855,-27.56125],[153.083025,-27.561347],[153.083573,-27.561622],[153.083573,-27.561622],[153.08406,-27.561867],[153.084692,-27.562184],[153.085039,-27.562389],[153.085561,-27.562758],[153.08648,-27.563444],[153.08666,-27.5636],[153.086796,-27.56376],[153.086892,-27.563906],[153.086952,-27.564017],[153.086841,-27.564052],[153.086218,-27.564234],[153.086131,-27.564275],[153.08599,-27.564383],[153.085669,-27.564748],[153.085669,-27.564748],[153.085269,-27.565202],[153.085154,-27.565276],[153.085089,-27.565299],[153.085,-27.565306],[153.08489,-27.565302],[153.084555,-27.565255],[153.08445,-27.56525],[153.084265,-27.565261],[153.08427,-27.565276],[153.084274,-27.565299],[153.084271,-27.565322],[153.084262,-27.565344],[153.084249,-27.565365],[153.084231,-27.565383],[153.084227,-27.565385],[153.084209,-27.565396],[153.084185,-27.565406],[153.084159,-27.565411],[153.084133,-27.565411],[153.084118,-27.565408],[153.084107,-27.565406],[153.084083,-27.565396],[153.084061,-27.565383],[153.084043,-27.565365],[153.08403,-27.565345],[153.084022,-27.565322],[153.084019,-27.565302],[153.08379,-27.565307],[153.083401,-27.565258],[153.082576,-27.565004],[153.081939,-27.564616],[153.081192,-27.564184],[153.081108,-27.564136],[153.079869,-27.563282],[153.079972,-27.563249],[153.080077,-27.563228],[153.080201,-27.563216],[153.080233,-27.563215]]},"properties":{"route_short_name":"172","route_long_name":"Garden City - PA Hospital via Greenslopes","direction_id":1,"shape_id":"1720020","trip_count":98,"headsign_summary":"Garden City interchange","display_color":"#c1121f","text_color":"#000000","label_point":[153.077187,-27.523243]}},{"type":"Feature","geometry":{"type":"LineString","coordinates":[[153.080692,-27.563388],[153.081366,-27.563812],[153.081374,-27.563858],[153.08134,-27.563926],[153.081329,-27.563949],[153.081261,-27.564065],[153.081192,-27.564184],[153.081939,-27.564616],[153.082576,-27.565004],[153.083401,-27.565258],[153.08379,-27.565307],[153.084019,-27.565302],[153.084022,-27.565276],[153.08403,-27.565253],[153.084044,-27.565233],[153.084061,-27.565215],[153.084083,-27.565202],[153.084107,-27.565192],[153.084133,-27.565187],[153.084159,-27.565187],[153.084185,-27.565192],[153.084209,-27.565202],[153.084231,-27.565215],[153.084249,-27.565233],[153.084262,-27.565253],[153.084265,-27.565261],[153.08445,-27.56525],[153.084555,-27.565255],[153.08489,-27.565302],[153.085,-27.565306],[153.085089,-27.565299],[153.085154,-27.565276],[153.085269,-27.565202],[153.08599,-27.564383],[153.086131,-27.564275],[153.086218,-27.564234],[153.086841,-27.564052],[153.086712,-27.563849],[153.08652,-27.563633],[153.086308,-27.563458],[153.085818,-27.563095],[153.085818,-27.563095],[153.085477,-27.562843],[153.085094,-27.562559],[153.084967,-27.562474],[153.083773,-27.561883],[153.083537,-27.561766],[153.083537,-27.561766],[153.083114,-27.561556],[153.082923,-27.561453],[153.082763,-27.561352],[153.082492,-27.561142],[153.082006,-27.560734],[153.081322,-27.560171],[153.081224,-27.560084],[153.081135,-27.559992],[153.081063,-27.559907],[153.080924,-27.559641],[153.08064,-27.558976],[153.08064,-27.558976],[153.080235,-27.558028],[153.080157,-27.557807],[153.080132,-27.557598],[153.080022,-27.556371],[153.079994,-27.556038],[153.079994,-27.556038],[153.079973,-27.555797],[153.0799,-27.554714],[153.079835,-27.55396],[153.079835,-27.55396],[153.079828,-27.553876],[153.07975,-27.55298],[153.079745,-27.55289],[153.079724,-27.552566],[153.079686,-27.55212],[153.079686,-27.55212],[153.079596,-27.55107],[153.079543,-27.550285],[153.079554,-27.55003],[153.079612,-27.549805],[153.079673,-27.549632],[153.07975,-27.549473],[153.079956,-27.549108],[153.080264,-27.548691],[153.080452,-27.548404],[153.080452,-27.548404],[153.080798,-27.547877],[153.081384,-27.547036],[153.081478,-27.546862],[153.081536,-27.546691],[153.081572,-27.546464],[153.081572,-27.546171],[153.081557,-27.545664],[153.081558,-27.545368],[153.081558,-27.545368],[153.081561,-27.544832],[153.081529,-27.542463],[153.081528,-27.541953],[153.081523,-27.541606],[153.081523,-27.541606],[153.08152,-27.541356],[153.081515,-27.541242],[153.081471,-27.54111],[153.081392,-27.540965],[153.081267,-27.540794],[153.08081,-27.540215],[153.07998,-27.539226],[153.079578,-27.53874],[153.07869,-27.537608],[153.07869,-27.537608],[153.078239,-27.537032],[153.078022,-27.536782],[153.077625,-27.536356],[153.076973,-27.535651],[153.076631,-27.535287],[153.076631,-27.535287],[153.076299,-27.534935],[153.074988,-27.53354],[153.074847,-27.533393],[153.074847,-27.533393],[153.074559,-27.533092],[153.074434,-27.53295],[153.074368,-27.532877],[153.073694,-27.53205],[153.073335,-27.53163],[153.07285,-27.531025],[153.07285,-27.531025],[153.072652,-27.530776],[153.072004,-27.529927],[153.071746,-27.529615],[153.071621,-27.529466],[153.071555,-27.529387],[153.071026,-27.528699],[153.070738,-27.528342],[153.070738,-27.528342],[153.070389,-27.52791],[153.070155,-27.527625],[153.07003,-27.52748],[153.06978,-27.527213],[153.069353,-27.526767],[153.069151,-27.526543],[153.069151,-27.526543],[153.068975,-27.526349],[153.068708,-27.526072],[153.068031,-27.525382],[153.067477,-27.524807],[153.067477,-27.524807],[153.067367,-27.524692],[153.066902,-27.52421],[153.066698,-27.523983],[153.066143,-27.52337],[153.065898,-27.523115],[153.065428,-27.522608],[153.065428,-27.522608],[153.065229,-27.522393],[153.065028,-27.522196],[153.064786,-27.521991],[153.064253,-27.52157],[153.063658,-27.521138],[153.063449,-27.52097],[153.063358,-27.520893],[153.063067,-27.520657],[153.063067,-27.520657],[153.062149,-27.519913],[153.061764,-27.519616],[153.061764,-27.519616],[153.061329,-27.519282],[153.060579,-27.518658],[153.060499,-27.518592],[153.059835,-27.518059],[153.059835,-27.518059],[153.059794,-27.518026],[153.059484,-27.517783],[153.059007,-27.517406],[153.058785,-27.517224],[153.058785,-27.517224],[153.058554,-27.517035],[153.057117,-27.515916],[153.0567,-27.515594],[153.056275,-27.515263],[153.055817,-27.5149],[153.055817,-27.5149],[153.054467,-27.513833],[153.053719,-27.513213],[153.053503,-27.512941],[153.053343,-27.512696],[153.053343,-27.512696],[153.053219,-27.512507],[153.053149,-27.512396],[153.052964,-27.512116],[153.052944,-27.511753],[153.052944,-27.511582],[153.052933,-27.510807],[153.052933,-27.510797],[153.052933,-27.510797],[153.052938,-27.510652],[153.052973,-27.510372],[153.052978,-27.510221],[153.052968,-27.510079],[153.052933,-27.509968],[153.052848,-27.509808],[153.052718,-27.509688],[153.051961,-27.508848],[153.05166,-27.508525],[153.05166,-27.508525],[153.051324,-27.508164],[153.050669,-27.507564],[153.050338,-27.507237],[153.05016,-27.507032],[153.050058,-27.506865],[153.050058,-27.506865],[153.049795,-27.506428],[153.049595,-27.506177],[153.049076,-27.505755],[153.048845,-27.505554],[153.048404,-27.505145],[153.048404,-27.505145],[153.048212,-27.504966],[153.047348,-27.504086],[153.047226,-27.503936],[153.04719,-27.503854],[153.047152,-27.503758],[153.04707,-27.503506],[153.04707,-27.503506],[153.046865,-27.502875],[153.046823,-27.502692],[153.046755,-27.502372],[153.046698,-27.502191],[153.046619,-27.501968],[153.046619,-27.501968],[153.0466,-27.501916],[153.046476,-27.501627],[153.046416,-27.501419],[153.04639,-27.501305],[153.046376,-27.501187],[153.046283,-27.501179],[153.046209,-27.501164],[153.046133,-27.501093],[153.04579,-27.500601],[153.045564,-27.500258],[153.045564,-27.500258],[153.045122,-27.499586],[153.044617,-27.49867],[153.043698,-27.498409],[153.043698,-27.498409],[153.043262,-27.498286],[153.042357,-27.498036],[153.042328,-27.498048],[153.042299,-27.498053],[153.042269,-27.498053],[153.04224,-27.498048],[153.042213,-27.498037],[153.042188,-27.498021],[153.042173,-27.498007],[153.042153,-27.497979],[153.042145,-27.497953],[153.042141,-27.497927],[153.042144,-27.497903],[153.042153,-27.497875],[153.042168,-27.497852],[153.042191,-27.497831],[153.042155,-27.497757],[153.042062,-27.497619],[153.041856,-27.497357],[153.041856,-27.497357],[153.041686,-27.497143],[153.041604,-27.497041],[153.041587,-27.49702],[153.04139,-27.496744],[153.041291,-27.496544],[153.041254,-27.496373],[153.041241,-27.496076],[153.041249,-27.495874],[153.041273,-27.495509],[153.04128,-27.495437],[153.04128,-27.495437],[153.041306,-27.495157],[153.041336,-27.494617],[153.041341,-27.494475],[153.041339,-27.494412],[153.041325,-27.494311],[153.041295,-27.494128],[153.041221,-27.493776],[153.041221,-27.493776],[153.041135,-27.493375],[153.041034,-27.492922],[153.040881,-27.492311],[153.040851,-27.492198],[153.040813,-27.492101],[153.040749,-27.491982],[153.040749,-27.491982],[153.040715,-27.491918],[153.040611,-27.491713],[153.040429,-27.491392],[153.040318,-27.49118],[153.040206,-27.490994],[153.040133,-27.4909],[153.039935,-27.490739],[153.039763,-27.490584],[153.039141,-27.490054],[153.038768,-27.489793],[153.038478,-27.489555],[153.038478,-27.489555],[153.038415,-27.489502],[153.038358,-27.4894],[153.037767,-27.4883],[153.037653,-27.488102],[153.037549,-27.487938],[153.037413,-27.487755],[153.037278,-27.487596],[153.0374,-27.487461],[153.037444,-27.487393],[153.037485,-27.487309],[153.037455,-27.48714],[153.03738,-27.487023],[153.03738,-27.487023],[153.037319,-27.486926],[153.037131,-27.486707],[153.036256,-27.486564],[153.036006,-27.486525],[153.035884,-27.486508],[153.035886,-27.486323],[153.035601,-27.486205],[153.035298,-27.486105],[153.035155,-27.486085],[153.034659,-27.486018],[153.034659,-27.486018],[153.034537,-27.486],[153.034455,-27.485989],[153.034112,-27.486012],[153.033985,-27.486024],[153.033855,-27.486017],[153.032981,-27.48589],[153.032752,-27.485833],[153.032609,-27.485794],[153.03256,-27.485628],[153.032463,-27.48549],[153.032367,-27.485375],[153.032242,-27.485261],[153.032027,-27.485159],[153.0318,-27.485074],[153.031463,-27.48497],[153.031078,-27.48488],[153.030593,-27.484816],[153.0305,-27.485231],[153.030409,-27.485634],[153.03081,-27.485689],[153.030875,-27.485691],[153.03093,-27.485672],[153.030992,-27.48562],[153.031014,-27.485568],[153.031041,-27.48534],[153.031076,-27.485136],[153.03111,-27.485072],[153.031187,-27.484564],[153.031219,-27.484351],[153.031225,-27.484143],[153.031188,-27.483936],[153.031137,-27.483748],[153.031168,-27.48366],[153.031036,-27.483343],[153.030892,-27.483051],[153.030776,-27.482848],[153.030697,-27.482738],[153.030226,-27.482165],[153.027998,-27.479281],[153.026369,-27.477185],[153.026272,-27.47717],[153.025862,-27.476725],[153.025112,-27.475742],[153.025038,-27.475537],[153.02503,-27.475379],[153.025053,-27.475271],[153.0251,-27.47517],[153.025153,-27.475094],[153.025226,-27.475007],[153.025528,-27.474776],[153.025602,-27.474712],[153.025734,-27.474598],[153.025803,-27.474541],[153.026525,-27.474008],[153.027856,-27.472962],[153.028067,-27.472799],[153.028067,-27.472799],[153.028209,-27.472688],[153.029896,-27.471372],[153.030217,-27.471123],[153.030518,-27.47089],[153.02978,-27.470131],[153.030091,-27.469878],[153.03024,-27.469754],[153.03029,-27.469706],[153.0303,-27.469588],[153.030257,-27.469338],[153.030118,-27.468516],[153.029792,-27.468187],[153.029368,-27.467787],[153.029672,-27.467564],[153.029772,-27.467487],[153.029883,-27.467395],[153.029987,-27.467244],[153.03016,-27.466617],[153.03016,-27.466617],[153.030208,-27.466444],[153.030365,-27.465869],[153.030318,-27.465719],[153.031189,-27.464953],[153.031257,-27.464772],[153.031432,-27.464027],[153.031442,-27.463832],[153.031424,-27.46369],[153.03137,-27.463524],[153.03123,-27.463023],[153.031208,-27.46284],[153.031208,-27.462757],[153.031208,-27.462757],[153.031205,-27.462336],[153.031192,-27.461816],[153.031222,-27.461607],[153.03125,-27.461538],[153.031423,-27.461131],[153.031526,-27.460942],[153.03168,-27.460616],[153.031727,-27.460482],[153.031852,-27.459874],[153.031838,-27.459543],[153.031866,-27.459375],[153.032069,-27.459098],[153.032069,-27.459098],[153.032125,-27.459023],[153.032465,-27.458711],[153.033045,-27.458084],[153.033692,-27.457431],[153.034028,-27.457096],[153.034324,-27.456801],[153.034641,-27.457022],[153.03489,-27.457218]]},"properties":{"route_short_name":"175","route_long_name":"Garden City - City via Logan Rd","direction_id":0,"shape_id":"1750045","trip_count":493,"headsign_summary":"Fortitude Valley, Warner St","display_color":"#005f73","text_color":"#000000","label_point":[153.052935,-27.510739]}},{"type":"Feature","geometry":{"type":"LineString","coordinates":[[153.035128,-27.457407],[153.035658,-27.457825],[153.035546,-27.457938],[153.035404,-27.45808],[153.035015,-27.458477],[153.034365,-27.459116],[153.03427,-27.459217],[153.033799,-27.459679],[153.033552,-27.459927],[153.033224,-27.460257],[153.033224,-27.460257],[153.032581,-27.460906],[153.032457,-27.461044],[153.031792,-27.461724],[153.031704,-27.461829],[153.031706,-27.461849],[153.031676,-27.46196],[153.031592,-27.46211],[153.031512,-27.462221],[153.031419,-27.462367],[153.031342,-27.462544],[153.031294,-27.462699],[153.031278,-27.462823],[153.031307,-27.463004],[153.031371,-27.4633],[153.03137,-27.463524],[153.031424,-27.46369],[153.031442,-27.463832],[153.031432,-27.464027],[153.031257,-27.464772],[153.031189,-27.464953],[153.030318,-27.465719],[153.030365,-27.465869],[153.030208,-27.466444],[153.029987,-27.467244],[153.02998,-27.467269],[153.02998,-27.467269],[153.029916,-27.467519],[153.029876,-27.467645],[153.029764,-27.467966],[153.029764,-27.468085],[153.029792,-27.468187],[153.030118,-27.468516],[153.030257,-27.469338],[153.0303,-27.469588],[153.03029,-27.469706],[153.03024,-27.469754],[153.030091,-27.469878],[153.02978,-27.470131],[153.029159,-27.470615],[153.027728,-27.471729],[153.027475,-27.471928],[153.026992,-27.472305],[153.026992,-27.472305],[153.025783,-27.473248],[153.026525,-27.474008],[153.027254,-27.474755],[153.02652,-27.475278],[153.026507,-27.475328],[153.026121,-27.475688],[153.02608,-27.475709],[153.026018,-27.475811],[153.025986,-27.475878],[153.025972,-27.475929],[153.025961,-27.476001],[153.025961,-27.47609],[153.02598,-27.476201],[153.026013,-27.476295],[153.026164,-27.476578],[153.026155,-27.476664],[153.026486,-27.477143],[153.02718,-27.478065],[153.028098,-27.479249],[153.030325,-27.482122],[153.030748,-27.482642],[153.030852,-27.482774],[153.031012,-27.48303],[153.031069,-27.483115],[153.031112,-27.483126],[153.031749,-27.484068],[153.031751,-27.484134],[153.031859,-27.484296],[153.031992,-27.48442],[153.032134,-27.484606],[153.032199,-27.484707],[153.032258,-27.48484],[153.032281,-27.485006],[153.032263,-27.485165],[153.032242,-27.485261],[153.032367,-27.485375],[153.032463,-27.48549],[153.03256,-27.485628],[153.032609,-27.485794],[153.032752,-27.485833],[153.032981,-27.48589],[153.033855,-27.486017],[153.033985,-27.486024],[153.034112,-27.486012],[153.034455,-27.485989],[153.034537,-27.486],[153.035068,-27.486073],[153.035068,-27.486073],[153.035155,-27.486085],[153.035298,-27.486105],[153.035601,-27.486205],[153.035886,-27.486323],[153.036004,-27.486366],[153.036342,-27.48644],[153.03667,-27.486497],[153.036825,-27.486528],[153.03691,-27.486549],[153.036985,-27.486582],[153.037072,-27.486644],[153.037131,-27.486707],[153.037349,-27.486844],[153.037506,-27.487073],[153.037547,-27.487162],[153.037547,-27.487162],[153.037561,-27.487193],[153.037577,-27.487297],[153.037566,-27.487381],[153.037528,-27.487446],[153.037278,-27.487596],[153.037413,-27.487755],[153.037549,-27.487938],[153.037653,-27.488102],[153.037767,-27.4883],[153.038315,-27.489319],[153.038315,-27.489319],[153.038358,-27.4894],[153.038502,-27.489449],[153.03873,-27.48962],[153.03891,-27.489748],[153.039245,-27.489975],[153.039861,-27.490514],[153.040149,-27.490772],[153.040261,-27.490881],[153.040367,-27.49103],[153.04047,-27.491206],[153.040726,-27.491674],[153.040973,-27.49213],[153.041019,-27.49227],[153.041106,-27.492678],[153.041106,-27.492678],[153.041252,-27.493363],[153.041412,-27.494096],[153.04144,-27.494294],[153.041455,-27.494444],[153.04145,-27.494632],[153.041431,-27.495019],[153.041431,-27.495019],[153.041423,-27.495174],[153.041382,-27.495893],[153.041355,-27.496182],[153.041358,-27.496315],[153.041382,-27.496457],[153.041458,-27.496628],[153.041534,-27.496768],[153.041674,-27.496965],[153.041695,-27.496987],[153.041793,-27.497098],[153.042121,-27.497501],[153.042121,-27.497501],[153.042184,-27.497578],[153.042271,-27.497723],[153.042316,-27.497804],[153.042328,-27.497806],[153.042355,-27.497817],[153.04238,-27.497833],[153.0424,-27.497852],[153.042415,-27.497875],[153.042424,-27.497901],[153.042427,-27.49793],[153.042498,-27.49797],[153.042599,-27.498016],[153.042683,-27.49805],[153.04308,-27.498165],[153.043268,-27.498212],[153.043458,-27.498264],[153.04454,-27.498551],[153.044617,-27.49867],[153.045122,-27.499586],[153.045322,-27.49989],[153.045322,-27.49989],[153.04579,-27.500601],[153.046133,-27.501093],[153.046209,-27.501164],[153.046283,-27.501179],[153.046376,-27.501187],[153.046497,-27.501186],[153.046506,-27.501291],[153.046523,-27.501384],[153.046551,-27.501524],[153.04661,-27.501727],[153.046712,-27.501923],[153.046771,-27.502047],[153.046771,-27.502047],[153.046823,-27.502155],[153.046892,-27.502348],[153.047041,-27.502903],[153.047088,-27.503065],[153.047158,-27.503286],[153.047158,-27.503286],[153.047296,-27.503724],[153.047334,-27.503816],[153.047378,-27.503898],[153.04747,-27.504011],[153.048318,-27.504874],[153.048736,-27.50525],[153.048736,-27.50525],[153.049395,-27.505844],[153.049754,-27.506164],[153.049932,-27.506412],[153.0502,-27.50685],[153.0502,-27.50685],[153.050264,-27.506955],[153.050474,-27.507207],[153.050733,-27.507466],[153.051205,-27.507866],[153.051404,-27.508042],[153.051475,-27.50811],[153.051597,-27.508245],[153.051946,-27.508608],[153.051946,-27.508608],[153.052092,-27.508762],[153.052833,-27.509608],[153.052928,-27.509715],[153.053022,-27.509848],[153.053087,-27.510003],[153.053107,-27.510212],[153.053107,-27.510212],[153.053112,-27.510261],[153.053073,-27.510652],[153.05306,-27.51081],[153.053102,-27.511579],[153.053103,-27.511746],[153.053123,-27.512077],[153.053309,-27.51236],[153.053459,-27.512598],[153.053459,-27.512598],[153.053534,-27.512716],[153.053622,-27.512855],[153.053848,-27.513146],[153.054369,-27.513565],[153.054369,-27.513565],[153.054577,-27.513732],[153.056375,-27.51517],[153.056635,-27.51536],[153.056635,-27.51536],[153.056805,-27.515485],[153.05702,-27.515649],[153.057237,-27.515822],[153.058637,-27.516982],[153.058947,-27.51723],[153.058947,-27.51723],[153.059094,-27.517348],[153.059572,-27.517727],[153.059756,-27.51787],[153.059756,-27.51787],[153.059882,-27.517968],[153.060581,-27.51853],[153.060668,-27.518598],[153.061435,-27.519212],[153.061798,-27.519504],[153.061798,-27.519504],[153.062241,-27.519858],[153.063133,-27.520567],[153.063133,-27.520567],[153.063463,-27.520828],[153.063557,-27.520902],[153.064286,-27.521473],[153.06476,-27.521851],[153.06476,-27.521851],[153.065117,-27.522136],[153.066007,-27.523061],[153.066796,-27.523925],[153.067403,-27.524577],[153.067403,-27.524577],[153.067454,-27.524632],[153.068118,-27.525325],[153.06867,-27.525869],[153.069193,-27.526414],[153.069193,-27.526414],[153.069475,-27.526709],[153.070118,-27.527426],[153.070487,-27.527857],[153.071186,-27.528691],[153.071486,-27.52906],[153.071686,-27.529304],[153.071749,-27.529386],[153.071869,-27.529528],[153.072043,-27.529758],[153.07222,-27.529975],[153.07222,-27.529975],[153.072358,-27.530144],[153.072608,-27.53046],[153.07322,-27.531247],[153.073822,-27.532011],[153.074177,-27.532417],[153.074177,-27.532417],[153.074455,-27.532735],[153.074512,-27.532803],[153.07512,-27.533452],[153.077104,-27.535569],[153.077505,-27.536002],[153.077505,-27.536002],[153.077756,-27.536273],[153.078151,-27.536701],[153.078367,-27.536953],[153.079258,-27.538088],[153.079495,-27.53839],[153.079495,-27.53839],[153.079708,-27.538662],[153.079845,-27.53883],[153.080066,-27.539101],[153.080135,-27.539186],[153.080285,-27.539366],[153.080704,-27.539875],[153.080924,-27.540145],[153.081201,-27.540555],[153.081441,-27.540872],[153.081563,-27.541052],[153.081612,-27.541158],[153.081653,-27.541344],[153.081653,-27.541361],[153.081653,-27.541361],[153.081659,-27.541953],[153.081685,-27.542461],[153.081714,-27.544393],[153.081714,-27.544393],[153.081716,-27.54456],[153.08172,-27.544831],[153.081718,-27.545667],[153.081719,-27.545823],[153.08173,-27.546077],[153.081731,-27.546201],[153.081731,-27.546201],[153.081734,-27.546469],[153.081695,-27.546716],[153.081632,-27.546908],[153.081519,-27.547094],[153.08093,-27.547941],[153.080551,-27.548505],[153.080551,-27.548505],[153.080367,-27.548779],[153.080081,-27.549158],[153.079956,-27.549371],[153.079867,-27.549535],[153.079766,-27.549738],[153.079709,-27.549914],[153.079673,-27.550129],[153.079673,-27.550394],[153.07972,-27.551064],[153.079772,-27.551729],[153.079772,-27.551729],[153.079794,-27.552025],[153.07988,-27.552914],[153.079888,-27.552997],[153.079968,-27.553848],[153.08003,-27.554716],[153.080058,-27.555069],[153.080058,-27.555069],[153.080095,-27.555529],[153.080161,-27.556364],[153.080201,-27.556903],[153.080201,-27.556903],[153.080246,-27.557496],[153.080296,-27.557847],[153.080675,-27.558736],[153.080675,-27.558736],[153.080989,-27.559473],[153.081094,-27.559663],[153.081215,-27.559847],[153.081284,-27.559929],[153.081482,-27.560087],[153.082608,-27.56105],[153.082855,-27.56125],[153.083025,-27.561347],[153.083573,-27.561622],[153.083573,-27.561622],[153.08406,-27.561867],[153.084692,-27.562184],[153.085039,-27.562389],[153.085561,-27.562758],[153.08648,-27.563444],[153.08666,-27.5636],[153.086796,-27.56376],[153.086892,-27.563906],[153.086952,-27.564017],[153.086841,-27.564052],[153.086218,-27.564234],[153.086131,-27.564275],[153.08599,-27.564383],[153.085669,-27.564748],[153.085669,-27.564748],[153.085269,-27.565202],[153.085154,-27.565276],[153.085089,-27.565299],[153.085,-27.565306],[153.08489,-27.565302],[153.084555,-27.565255],[153.08445,-27.56525],[153.084265,-27.565261],[153.08427,-27.565276],[153.084274,-27.565299],[153.084271,-27.565322],[153.084262,-27.565344],[153.084249,-27.565365],[153.084231,-27.565383],[153.084227,-27.565385],[153.084209,-27.565396],[153.084185,-27.565406],[153.084159,-27.565411],[153.084133,-27.565411],[153.084118,-27.565408],[153.084107,-27.565406],[153.084083,-27.565396],[153.084061,-27.565383],[153.084043,-27.565365],[153.08403,-27.565345],[153.084022,-27.565322],[153.084019,-27.565302],[153.08379,-27.565307],[153.083401,-27.565258],[153.082576,-27.565004],[153.081939,-27.564616],[153.081192,-27.564184],[153.081108,-27.564136],[153.079869,-27.563282],[153.079972,-27.563249],[153.080077,-27.563228],[153.080201,-27.563216],[153.080233,-27.563215]]},"properties":{"route_short_name":"175","route_long_name":"Garden City - City via Logan Rd","direction_id":1,"shape_id":"1750046","trip_count":489,"headsign_summary":"Garden City interchange","display_color":"#005f73","text_color":"#000000","label_point":[153.053738,-27.513004]}},{"type":"Feature","geometry":{"type":"LineString","coordinates":[[153.080692,-27.563388],[153.081366,-27.563812],[153.081374,-27.563858],[153.08134,-27.563926],[153.081329,-27.563949],[153.081261,-27.564065],[153.081192,-27.564184],[153.081939,-27.564616],[153.082576,-27.565004],[153.083401,-27.565258],[153.08379,-27.565307],[153.084019,-27.565302],[153.084022,-27.565276],[153.08403,-27.565253],[153.084044,-27.565233],[153.084061,-27.565215],[153.084083,-27.565202],[153.084107,-27.565192],[153.084133,-27.565187],[153.084159,-27.565187],[153.084185,-27.565192],[153.084209,-27.565202],[153.084231,-27.565215],[153.084249,-27.565233],[153.084262,-27.565253],[153.084265,-27.565261],[153.08445,-27.56525],[153.084555,-27.565255],[153.08489,-27.565302],[153.085,-27.565306],[153.085089,-27.565299],[153.085154,-27.565276],[153.085269,-27.565202],[153.08599,-27.564383],[153.086131,-27.564275],[153.086218,-27.564234],[153.086841,-27.564052],[153.086712,-27.563849],[153.08652,-27.563633],[153.086308,-27.563458],[153.085818,-27.563095],[153.085818,-27.563095],[153.085477,-27.562843],[153.085094,-27.562559],[153.084967,-27.562474],[153.083773,-27.561883],[153.083537,-27.561766],[153.083537,-27.561766],[153.083114,-27.561556],[153.082923,-27.561453],[153.082763,-27.561352],[153.082492,-27.561142],[153.082006,-27.560734],[153.081322,-27.560171],[153.081224,-27.560084],[153.081135,-27.559992],[153.081063,-27.559907],[153.080924,-27.559641],[153.08064,-27.558976],[153.08064,-27.558976],[153.080235,-27.558028],[153.080157,-27.557807],[153.080132,-27.557598],[153.080022,-27.556371],[153.079994,-27.556038],[153.079994,-27.556038],[153.079973,-27.555797],[153.0799,-27.554714],[153.079835,-27.55396],[153.079835,-27.55396],[153.079828,-27.553876],[153.07975,-27.55298],[153.079745,-27.55289],[153.079724,-27.552566],[153.079686,-27.55212],[153.079686,-27.55212],[153.079596,-27.55107],[153.079543,-27.550285],[153.079554,-27.55003],[153.079612,-27.549805],[153.079673,-27.549632],[153.07975,-27.549473],[153.079956,-27.549108],[153.080264,-27.548691],[153.080452,-27.548404],[153.080452,-27.548404],[153.080798,-27.547877],[153.081384,-27.547036],[153.081478,-27.546862],[153.081536,-27.546691],[153.081572,-27.546464],[153.081572,-27.546171],[153.081557,-27.545664],[153.081558,-27.545368],[153.081558,-27.545368],[153.081561,-27.544832],[153.081529,-27.542463],[153.081528,-27.541953],[153.081523,-27.541606],[153.081523,-27.541606],[153.08152,-27.541356],[153.081515,-27.541242],[153.081471,-27.54111],[153.081392,-27.540965],[153.081267,-27.540794],[153.08081,-27.540215],[153.07998,-27.539226],[153.079578,-27.53874],[153.07869,-27.537608],[153.07869,-27.537608],[153.078239,-27.537032],[153.078022,-27.536782],[153.077625,-27.536356],[153.076973,-27.535651],[153.076631,-27.535287],[153.076631,-27.535287],[153.076299,-27.534935],[153.074988,-27.53354],[153.074847,-27.533393],[153.074847,-27.533393],[153.074559,-27.533092],[153.074434,-27.53295],[153.074368,-27.532877],[153.073694,-27.53205],[153.073335,-27.53163],[153.07285,-27.531025],[153.07285,-27.531025],[153.072652,-27.530776],[153.072004,-27.529927],[153.071746,-27.529615],[153.071621,-27.529466],[153.071444,-27.529567],[153.071336,-27.529565],[153.070967,-27.529791],[153.07075,-27.529925],[153.070232,-27.53025],[153.070232,-27.53025],[153.069911,-27.530452],[153.069079,-27.530972],[153.068576,-27.531288],[153.068576,-27.531288],[153.068206,-27.53152],[153.067507,-27.531957],[153.06742,-27.532012],[153.066837,-27.532377],[153.065708,-27.533083],[153.065562,-27.533174],[153.065562,-27.533174],[153.063993,-27.534157],[153.063993,-27.534157],[153.062945,-27.534813],[153.062858,-27.53484],[153.062616,-27.534859],[153.062614,-27.534887],[153.062606,-27.534908],[153.062593,-27.534928],[153.062576,-27.534945],[153.062555,-27.534958],[153.062532,-27.534967],[153.062507,-27.534972],[153.062481,-27.534972],[153.062456,-27.534967],[153.062433,-27.534958],[153.062413,-27.534945],[153.062395,-27.534928],[153.062382,-27.534908],[153.062374,-27.534887],[153.062373,-27.534873],[153.062221,-27.534882],[153.061802,-27.534846],[153.061198,-27.534788],[153.05981,-27.534484],[153.059428,-27.534478],[153.059061,-27.534495],[153.05768,-27.534548],[153.057618,-27.534373],[153.057564,-27.533871],[153.057396,-27.532992],[153.056829,-27.530102],[153.056685,-27.529434],[153.056572,-27.528803],[153.056278,-27.52745],[153.056123,-27.526859],[153.056085,-27.526745],[153.056021,-27.526601],[153.055825,-27.526292],[153.055559,-27.525994],[153.055441,-27.525895],[153.055374,-27.525843],[153.05526,-27.525744],[153.055048,-27.525537],[153.054636,-27.52509],[153.054383,-27.52467],[153.054215,-27.52426],[153.054245,-27.523872],[153.05428,-27.523396],[153.054328,-27.522992],[153.054328,-27.522992],[153.054336,-27.522928],[153.054342,-27.522822],[153.054361,-27.522478],[153.054209,-27.521649],[153.053997,-27.521595],[153.053819,-27.521486],[153.053661,-27.521366],[153.05349,-27.521331],[153.053321,-27.521394],[153.052155,-27.520024],[153.05119,-27.518804],[153.050619,-27.518225],[153.04988,-27.517594],[153.048964,-27.516988],[153.047694,-27.516339],[153.042954,-27.51401],[153.042391,-27.513688],[153.042078,-27.513467],[153.041781,-27.513208],[153.041662,-27.513104],[153.04126,-27.512656],[153.041139,-27.5125],[153.040993,-27.512316],[153.040665,-27.51169],[153.040391,-27.51121],[153.040134,-27.510764],[153.040134,-27.510764],[153.040107,-27.510717],[153.039768,-27.510126],[153.03962,-27.509868],[153.039267,-27.509143],[153.039169,-27.508873],[153.039082,-27.508543],[153.039019,-27.508188],[153.038984,-27.507827],[153.038988,-27.507431],[153.039021,-27.507108],[153.039088,-27.506722],[153.039275,-27.505876],[153.039534,-27.504494],[153.039656,-27.503845],[153.03995,-27.502274],[153.040104,-27.501629],[153.04017,-27.501331],[153.040224,-27.501078],[153.040275,-27.500597],[153.040276,-27.499744],[153.040226,-27.499246],[153.040175,-27.498822],[153.040124,-27.498508],[153.039898,-27.497872],[153.039736,-27.497545],[153.039534,-27.497324],[153.039502,-27.497287],[153.039277,-27.497026],[153.039241,-27.496984],[153.039241,-27.496984],[153.039215,-27.496956],[153.038361,-27.49597],[153.037925,-27.49535],[153.037273,-27.494506],[153.036466,-27.493565],[153.036094,-27.493206],[153.035906,-27.49306],[153.035378,-27.49266],[153.034814,-27.492219],[153.034413,-27.491846],[153.034355,-27.491771],[153.034023,-27.491343],[153.033813,-27.490948],[153.033557,-27.490279],[153.033296,-27.489308],[153.033118,-27.488409],[153.033019,-27.488061],[153.032933,-27.487815],[153.032772,-27.487412],[153.032597,-27.48695],[153.032546,-27.486607],[153.032557,-27.486273],[153.032609,-27.485794],[153.03256,-27.485628],[153.032463,-27.48549],[153.032367,-27.485375],[153.032242,-27.485261],[153.032027,-27.485159],[153.0318,-27.485074],[153.031463,-27.48497],[153.031078,-27.48488],[153.030593,-27.484816],[153.0305,-27.485231],[153.030409,-27.485634],[153.03081,-27.485689],[153.030875,-27.485691],[153.03093,-27.485672],[153.030992,-27.48562],[153.031014,-27.485568],[153.031041,-27.48534],[153.031076,-27.485136],[153.03111,-27.485072],[153.031187,-27.484564],[153.031219,-27.484351],[153.031225,-27.484143],[153.031188,-27.483936],[153.031137,-27.483748],[153.031168,-27.48366],[153.031036,-27.483343],[153.030892,-27.483051],[153.030776,-27.482848],[153.030697,-27.482738],[153.030226,-27.482165],[153.027998,-27.479281],[153.026369,-27.477185],[153.024466,-27.474756],[153.024345,-27.474688],[153.024028,-27.474343],[153.023113,-27.47317],[153.023068,-27.473082],[153.023043,-27.472953],[153.023052,-27.47284],[153.023086,-27.472746],[153.023139,-27.47268],[153.023219,-27.472606],[153.023338,-27.472518],[153.023591,-27.472302],[153.024304,-27.471731],[153.024768,-27.471371],[153.024768,-27.471371],[153.025296,-27.47096],[153.025993,-27.470418],[153.027529,-27.469219],[153.027529,-27.469219],[153.027681,-27.469101],[153.028534,-27.468437],[153.029368,-27.467787],[153.02903,-27.467439],[153.029003,-27.467411],[153.028873,-27.467279]]},"properties":{"route_short_name":"176","route_long_name":"Garden City - City Rocket via Logan Road","direction_id":0,"shape_id":"1760007","trip_count":18,"headsign_summary":"Riverside, Creek St","display_color":"#5a189a","text_color":"#000000","label_point":[153.054255,-27.523742]}},{"type":"Feature","geometry":{"type":"LineString","coordinates":[[153.028873,-27.467279],[153.028622,-27.46702],[153.027945,-27.467546],[153.027783,-27.467671],[153.026932,-27.468331],[153.027314,-27.468724],[153.027681,-27.469101],[153.028427,-27.469865],[153.027608,-27.470505],[153.027608,-27.470505],[153.027352,-27.470704],[153.026741,-27.471181],[153.026044,-27.471728],[153.025051,-27.472498],[153.025169,-27.472618],[153.025783,-27.473248],[153.026525,-27.474008],[153.026807,-27.474296],[153.026807,-27.474296],[153.027254,-27.474755],[153.02652,-27.475278],[153.026507,-27.475328],[153.026121,-27.475688],[153.02608,-27.475709],[153.026018,-27.475811],[153.025986,-27.475878],[153.025972,-27.475929],[153.025961,-27.476001],[153.025961,-27.47609],[153.02598,-27.476201],[153.026013,-27.476295],[153.026164,-27.476578],[153.026155,-27.476664],[153.026486,-27.477143],[153.02718,-27.478065],[153.028098,-27.479249],[153.030325,-27.482122],[153.030748,-27.482642],[153.030852,-27.482774],[153.031012,-27.48303],[153.031069,-27.483115],[153.031112,-27.483126],[153.031749,-27.484068],[153.031751,-27.484134],[153.031859,-27.484296],[153.031992,-27.48442],[153.032134,-27.484606],[153.032199,-27.484707],[153.032258,-27.48484],[153.032281,-27.485006],[153.032263,-27.485165],[153.032242,-27.485261],[153.032367,-27.485375],[153.032463,-27.48549],[153.03256,-27.485628],[153.032609,-27.485794],[153.032557,-27.486273],[153.032546,-27.486607],[153.032597,-27.48695],[153.032772,-27.487412],[153.032933,-27.487815],[153.033019,-27.488061],[153.033118,-27.488409],[153.033296,-27.489308],[153.033557,-27.490279],[153.033813,-27.490948],[153.034023,-27.491343],[153.034355,-27.491771],[153.034413,-27.491846],[153.034814,-27.492219],[153.035378,-27.49266],[153.035906,-27.49306],[153.036094,-27.493206],[153.036466,-27.493565],[153.037273,-27.494506],[153.037925,-27.49535],[153.038361,-27.49597],[153.039215,-27.496956],[153.039277,-27.497026],[153.039468,-27.497249],[153.039468,-27.497249],[153.039502,-27.497287],[153.039534,-27.497324],[153.039736,-27.497545],[153.039898,-27.497872],[153.040124,-27.498508],[153.040175,-27.498822],[153.040226,-27.499246],[153.040276,-27.499744],[153.040275,-27.500597],[153.040224,-27.501078],[153.04017,-27.501331],[153.040104,-27.501629],[153.03995,-27.502274],[153.039656,-27.503845],[153.039534,-27.504494],[153.039275,-27.505876],[153.039088,-27.506722],[153.039021,-27.507108],[153.038988,-27.507431],[153.038984,-27.507827],[153.039019,-27.508188],[153.039082,-27.508543],[153.039169,-27.508873],[153.039267,-27.509143],[153.03962,-27.509868],[153.039768,-27.510126],[153.040107,-27.510717],[153.040332,-27.511108],[153.040332,-27.511108],[153.040391,-27.51121],[153.040665,-27.51169],[153.040993,-27.512316],[153.041139,-27.5125],[153.04126,-27.512656],[153.041662,-27.513104],[153.041781,-27.513208],[153.042078,-27.513467],[153.042391,-27.513688],[153.042954,-27.51401],[153.047694,-27.516339],[153.048964,-27.516988],[153.04988,-27.517594],[153.050619,-27.518225],[153.05119,-27.518804],[153.052155,-27.520024],[153.053321,-27.521394],[153.05349,-27.521331],[153.053661,-27.521366],[153.053819,-27.521486],[153.053997,-27.521595],[153.054209,-27.521649],[153.054361,-27.522478],[153.054342,-27.522822],[153.054336,-27.522928],[153.054312,-27.523128],[153.054312,-27.523128],[153.05428,-27.523396],[153.054245,-27.523872],[153.054215,-27.52426],[153.054383,-27.52467],[153.054636,-27.52509],[153.055048,-27.525537],[153.05526,-27.525744],[153.055841,-27.525537],[153.056102,-27.525484],[153.056291,-27.525776],[153.056381,-27.525878],[153.056474,-27.525937],[153.056557,-27.52602],[153.056822,-27.526485],[153.057214,-27.527246],[153.057652,-27.528415],[153.057717,-27.528622],[153.058249,-27.529288],[153.058794,-27.529962],[153.059757,-27.531212],[153.060357,-27.53198],[153.060945,-27.532743],[153.061528,-27.533484],[153.062114,-27.534224],[153.062453,-27.534762],[153.062481,-27.534756],[153.062507,-27.534756],[153.062532,-27.534761],[153.062555,-27.534769],[153.062576,-27.534783],[153.062593,-27.5348],[153.062606,-27.53482],[153.062614,-27.534841],[153.062616,-27.534859],[153.062858,-27.53484],[153.062945,-27.534813],[153.064098,-27.534091],[153.064098,-27.534091],[153.065708,-27.533083],[153.066415,-27.532641],[153.066415,-27.532641],[153.066837,-27.532377],[153.06742,-27.532012],[153.067507,-27.531957],[153.068206,-27.53152],[153.069079,-27.530972],[153.069557,-27.530673],[153.069557,-27.530673],[153.069911,-27.530452],[153.07075,-27.529925],[153.070967,-27.529791],[153.071336,-27.529565],[153.07139,-27.529487],[153.071555,-27.529387],[153.071686,-27.529304],[153.071749,-27.529386],[153.071869,-27.529528],[153.072043,-27.529758],[153.07222,-27.529975],[153.07222,-27.529975],[153.072358,-27.530144],[153.072608,-27.53046],[153.07322,-27.531247],[153.073822,-27.532011],[153.074177,-27.532417],[153.074177,-27.532417],[153.074455,-27.532735],[153.074512,-27.532803],[153.07512,-27.533452],[153.077104,-27.535569],[153.077505,-27.536002],[153.077505,-27.536002],[153.077756,-27.536273],[153.078151,-27.536701],[153.078367,-27.536953],[153.079258,-27.538088],[153.079495,-27.53839],[153.079495,-27.53839],[153.079708,-27.538662],[153.079845,-27.53883],[153.080066,-27.539101],[153.080135,-27.539186],[153.080285,-27.539366],[153.080704,-27.539875],[153.080924,-27.540145],[153.081201,-27.540555],[153.081441,-27.540872],[153.081563,-27.541052],[153.081612,-27.541158],[153.081653,-27.541344],[153.081653,-27.541361],[153.081653,-27.541361],[153.081659,-27.541953],[153.081685,-27.542461],[153.081714,-27.544393],[153.081714,-27.544393],[153.081716,-27.54456],[153.08172,-27.544831],[153.081718,-27.545667],[153.081719,-27.545823],[153.08173,-27.546077],[153.081731,-27.546201],[153.081731,-27.546201],[153.081734,-27.546469],[153.081695,-27.546716],[153.081632,-27.546908],[153.081519,-27.547094],[153.08093,-27.547941],[153.080551,-27.548505],[153.080551,-27.548505],[153.080367,-27.548779],[153.080081,-27.549158],[153.079956,-27.549371],[153.079867,-27.549535],[153.079766,-27.549738],[153.079709,-27.549914],[153.079673,-27.550129],[153.079673,-27.550394],[153.07972,-27.551064],[153.079772,-27.551729],[153.079772,-27.551729],[153.079794,-27.552025],[153.07988,-27.552914],[153.079888,-27.552997],[153.079968,-27.553848],[153.08003,-27.554716],[153.080058,-27.555069],[153.080058,-27.555069],[153.080095,-27.555529],[153.080161,-27.556364],[153.080201,-27.556903],[153.080201,-27.556903],[153.080246,-27.557496],[153.080296,-27.557847],[153.080675,-27.558736],[153.080675,-27.558736],[153.080989,-27.559473],[153.081094,-27.559663],[153.081215,-27.559847],[153.081284,-27.559929],[153.081482,-27.560087],[153.082608,-27.56105],[153.082855,-27.56125],[153.083025,-27.561347],[153.083573,-27.561622],[153.083573,-27.561622],[153.08406,-27.561867],[153.084692,-27.562184],[153.085039,-27.562389],[153.085561,-27.562758],[153.08648,-27.563444],[153.08666,-27.5636],[153.086796,-27.56376],[153.086892,-27.563906],[153.086952,-27.564017],[153.086841,-27.564052],[153.086218,-27.564234],[153.086131,-27.564275],[153.08599,-27.564383],[153.085669,-27.564748],[153.085669,-27.564748],[153.085269,-27.565202],[153.085154,-27.565276],[153.085089,-27.565299],[153.085,-27.565306],[153.08489,-27.565302],[153.084555,-27.565255],[153.08445,-27.56525],[153.084265,-27.565261],[153.08427,-27.565276],[153.084274,-27.565299],[153.084271,-27.565322],[153.084262,-27.565344],[153.084249,-27.565365],[153.084231,-27.565383],[153.084227,-27.565385],[153.084209,-27.565396],[153.084185,-27.565406],[153.084159,-27.565411],[153.084133,-27.565411],[153.084118,-27.565408],[153.084107,-27.565406],[153.084083,-27.565396],[153.084061,-27.565383],[153.084043,-27.565365],[153.08403,-27.565345],[153.084022,-27.565322],[153.084019,-27.565302],[153.08379,-27.565307],[153.083401,-27.565258],[153.082576,-27.565004],[153.081939,-27.564616],[153.081192,-27.564184],[153.081108,-27.564136],[153.079869,-27.563282],[153.079972,-27.563249],[153.080077,-27.563228],[153.080201,-27.563216],[153.080233,-27.563215]]},"properties":{"route_short_name":"176","route_long_name":"Garden City - City Rocket via Logan Road","direction_id":1,"shape_id":"1760006","trip_count":12,"headsign_summary":"Garden City interchange","display_color":"#5a189a","text_color":"#000000","label_point":[153.054296,-27.524458]}},{"type":"Feature","geometry":{"type":"LineString","coordinates":[[153.102493,-27.503918],[153.102633,-27.503321],[153.102788,-27.502657],[153.103404,-27.502763],[153.10327,-27.503446],[153.103128,-27.504175],[153.103032,-27.504667],[153.102974,-27.504842],[153.102653,-27.505393],[153.102561,-27.505567],[153.102564,-27.505648],[153.102607,-27.505651],[153.102624,-27.505658],[153.102653,-27.505682],[153.102663,-27.505697],[153.102669,-27.505714],[153.102671,-27.505731],[153.102663,-27.505765],[153.10264,-27.505793],[153.102615,-27.505807],[153.102653,-27.505871],[153.102764,-27.505987],[153.102882,-27.506066],[153.103003,-27.506133],[153.10312,-27.506192],[153.103307,-27.506246],[153.103817,-27.506309],[153.104,-27.507692],[153.103755,-27.509094],[153.103686,-27.509646],[153.103737,-27.510367],[153.103737,-27.510367],[153.103754,-27.510614],[153.103795,-27.511072],[153.103826,-27.511544],[153.103813,-27.511796],[153.103741,-27.512006],[153.103552,-27.512267],[153.103196,-27.51254],[153.102943,-27.512624],[153.102336,-27.512695],[153.101154,-27.51275],[153.100311,-27.5128],[153.100311,-27.5128],[153.100092,-27.512812],[153.0996,-27.512778],[153.099344,-27.512756],[153.099023,-27.512686],[153.098621,-27.512578],[153.098329,-27.512511],[153.098233,-27.513008],[153.098233,-27.513008],[153.098084,-27.51378],[153.097878,-27.514838],[153.097878,-27.514838],[153.097356,-27.517522],[153.097259,-27.518089],[153.097259,-27.518089],[153.097025,-27.51946],[153.096949,-27.51987],[153.096949,-27.51987],[153.0968,-27.520686],[153.097626,-27.520782],[153.09779,-27.520857],[153.097988,-27.520964],[153.098032,-27.520999],[153.098032,-27.520999],[153.098205,-27.521134],[153.098946,-27.521811],[153.09949,-27.522196],[153.099671,-27.522292],[153.099671,-27.522292],[153.099771,-27.522346],[153.10039,-27.522605],[153.100502,-27.522684],[153.100571,-27.522767],[153.100654,-27.522885],[153.100723,-27.523057],[153.100753,-27.523327],[153.100681,-27.523485],[153.100587,-27.523609],[153.100587,-27.523609],[153.100559,-27.523646],[153.100374,-27.523787],[153.099449,-27.524439],[153.099449,-27.524439],[153.099258,-27.524574],[153.099066,-27.524715],[153.098932,-27.524919],[153.098849,-27.525088],[153.098747,-27.52532],[153.098597,-27.525527],[153.097798,-27.526147],[153.09771,-27.526203],[153.097253,-27.526525],[153.097253,-27.526525],[153.097187,-27.526571],[153.096929,-27.526714],[153.096699,-27.526757],[153.096444,-27.526752],[153.095693,-27.52663],[153.095573,-27.527272],[153.095573,-27.527272],[153.095165,-27.529449],[153.094911,-27.530766],[153.094866,-27.530975],[153.094787,-27.531219],[153.094702,-27.531383],[153.094533,-27.531561],[153.094371,-27.531693],[153.094118,-27.531865],[153.094016,-27.531931],[153.09376,-27.53208],[153.092705,-27.532691],[153.092397,-27.532889],[153.092397,-27.532889],[153.092186,-27.533025],[153.0915,-27.533447],[153.090635,-27.534009],[153.090635,-27.534009],[153.090587,-27.53404],[153.09039,-27.534211],[153.090367,-27.534228],[153.090008,-27.534609],[153.089568,-27.535079],[153.089568,-27.535079],[153.089023,-27.535663],[153.088602,-27.536143],[153.088368,-27.536352],[153.08783,-27.536692],[153.087608,-27.536827],[153.087608,-27.536827],[153.087384,-27.536963],[153.087306,-27.537017],[153.086724,-27.53736],[153.086344,-27.537508],[153.084878,-27.537989],[153.084662,-27.538042],[153.084338,-27.538105],[153.084061,-27.53815],[153.084061,-27.53815],[153.083501,-27.538242],[153.082313,-27.538419],[153.082126,-27.538455],[153.081991,-27.538488],[153.081855,-27.53852],[153.081757,-27.538545],[153.081577,-27.538589],[153.08066,-27.538806],[153.080491,-27.538902],[153.080336,-27.53901],[153.080135,-27.539186],[153.07998,-27.539226],[153.079578,-27.53874],[153.07869,-27.537608],[153.07869,-27.537608],[153.078239,-27.537032],[153.078022,-27.536782],[153.077625,-27.536356],[153.076973,-27.535651],[153.076631,-27.535287],[153.076631,-27.535287],[153.076299,-27.534935],[153.074988,-27.53354],[153.074847,-27.533393],[153.074847,-27.533393],[153.074559,-27.533092],[153.074434,-27.53295],[153.074368,-27.532877],[153.073694,-27.53205],[153.073335,-27.53163],[153.07285,-27.531025],[153.07285,-27.531025],[153.072652,-27.530776],[153.072004,-27.529927],[153.071746,-27.529615],[153.071621,-27.529466],[153.071444,-27.529567],[153.071336,-27.529565],[153.070967,-27.529791],[153.07075,-27.529925],[153.070232,-27.53025],[153.070232,-27.53025],[153.069911,-27.530452],[153.069079,-27.530972],[153.068576,-27.531288],[153.068576,-27.531288],[153.068206,-27.53152],[153.068662,-27.532171],[153.069036,-27.532651],[153.069036,-27.532651],[153.069152,-27.532799],[153.068476,-27.533218],[153.068773,-27.533596],[153.068773,-27.533596],[153.069003,-27.533887],[153.069662,-27.534718],[153.069183,-27.535034],[153.069183,-27.535034],[153.068765,-27.535311],[153.067106,-27.536386],[153.066894,-27.536529],[153.066894,-27.536529],[153.066751,-27.536624],[153.066334,-27.536881],[153.066179,-27.537005],[153.065782,-27.537207],[153.065782,-27.537207],[153.064835,-27.53769],[153.064026,-27.538071],[153.06383,-27.538163],[153.063782,-27.538179],[153.063782,-27.538179],[153.063607,-27.538236],[153.063596,-27.538843],[153.063549,-27.538968],[153.063009,-27.539502],[153.062775,-27.539941],[153.062687,-27.540082],[153.06275,-27.54184],[153.062813,-27.542069],[153.063174,-27.542849],[153.063394,-27.543207],[153.063563,-27.543349],[153.063721,-27.543401],[153.063862,-27.543401],[153.064208,-27.543365],[153.064765,-27.543202],[153.064762,-27.543193],[153.06476,-27.543172],[153.064762,-27.543151],[153.064769,-27.543132],[153.064781,-27.543114],[153.064796,-27.543099],[153.064815,-27.543086],[153.064837,-27.543078],[153.064859,-27.543074],[153.064889,-27.543075],[153.064905,-27.543078],[153.064927,-27.543086],[153.064946,-27.543099],[153.064961,-27.543114],[153.064974,-27.543132],[153.06498,-27.543151],[153.064982,-27.543172],[153.06498,-27.543193],[153.064973,-27.543212],[153.064961,-27.54323],[153.064946,-27.543245],[153.064938,-27.54325],[153.065113,-27.543456],[153.065276,-27.543767],[153.064827,-27.543942],[153.064727,-27.544074],[153.064673,-27.544227],[153.064589,-27.544487],[153.064433,-27.545024],[153.064459,-27.545125],[153.064481,-27.54521],[153.064496,-27.545263],[153.064358,-27.545741],[153.064252,-27.545866],[153.06427,-27.545882],[153.06428,-27.545897],[153.064287,-27.545912],[153.06429,-27.545929],[153.06429,-27.545946]]},"properties":{"route_short_name":"177","route_long_name":"Carindale - Griffith Uni Mt Gravatt","direction_id":0,"shape_id":"1770012","trip_count":48,"headsign_summary":"Griffith University station","display_color":"#e36414","text_color":"#000000","label_point":[153.089691,-27.534948]}},{"type":"Feature","geometry":{"type":"LineString","coordinates":[[153.06429,-27.545946],[153.064287,-27.545963],[153.06428,-27.545978],[153.06427,-27.545993],[153.064252,-27.546009],[153.06423,-27.546021],[153.0642,-27.546028],[153.064168,-27.546027],[153.064156,-27.546024],[153.064139,-27.546017],[153.064118,-27.546003],[153.064109,-27.545995],[153.064102,-27.545986],[153.064091,-27.545965],[153.064088,-27.545954],[153.064087,-27.545926],[153.064091,-27.54591],[153.064096,-27.545899],[153.064109,-27.54588],[153.064128,-27.545864],[153.064138,-27.545858],[153.064156,-27.54585],[153.064174,-27.545847],[153.0642,-27.545847],[153.064219,-27.54585],[153.064252,-27.545866],[153.064358,-27.545741],[153.064496,-27.545263],[153.064481,-27.54521],[153.064459,-27.545125],[153.064433,-27.545024],[153.064589,-27.544487],[153.064673,-27.544227],[153.064727,-27.544074],[153.064827,-27.543942],[153.065276,-27.543767],[153.065113,-27.543456],[153.064938,-27.54325],[153.064927,-27.543258],[153.064905,-27.543266],[153.064883,-27.54327],[153.064859,-27.54327],[153.064837,-27.543265],[153.064815,-27.543258],[153.064796,-27.543245],[153.064781,-27.54323],[153.064769,-27.543212],[153.064765,-27.543202],[153.064208,-27.543365],[153.063862,-27.543401],[153.063721,-27.543401],[153.063563,-27.543349],[153.063394,-27.543207],[153.063174,-27.542849],[153.062813,-27.542069],[153.06275,-27.54184],[153.062687,-27.540082],[153.062775,-27.539941],[153.063009,-27.539502],[153.063549,-27.538968],[153.063596,-27.538843],[153.063607,-27.538236],[153.06383,-27.538163],[153.064026,-27.538071],[153.064835,-27.53769],[153.06597,-27.537112],[153.06597,-27.537112],[153.066179,-27.537005],[153.066334,-27.536881],[153.066751,-27.536624],[153.067106,-27.536386],[153.067419,-27.536184],[153.067419,-27.536184],[153.068765,-27.535311],[153.069351,-27.534923],[153.069351,-27.534923],[153.069662,-27.534718],[153.069003,-27.533887],[153.068772,-27.533594],[153.068772,-27.533594],[153.068476,-27.533218],[153.069152,-27.532799],[153.068662,-27.532171],[153.06855,-27.532011],[153.06855,-27.532011],[153.068206,-27.53152],[153.069079,-27.530972],[153.069557,-27.530673],[153.069557,-27.530673],[153.069911,-27.530452],[153.07075,-27.529925],[153.070967,-27.529791],[153.071336,-27.529565],[153.07139,-27.529487],[153.071555,-27.529387],[153.071686,-27.529304],[153.071749,-27.529386],[153.071869,-27.529528],[153.072043,-27.529758],[153.07222,-27.529975],[153.07222,-27.529975],[153.072358,-27.530144],[153.072608,-27.53046],[153.07322,-27.531247],[153.073822,-27.532011],[153.074177,-27.532417],[153.074177,-27.532417],[153.074455,-27.532735],[153.074512,-27.532803],[153.07512,-27.533452],[153.077104,-27.535569],[153.077505,-27.536002],[153.077505,-27.536002],[153.077756,-27.536273],[153.078151,-27.536701],[153.078367,-27.536953],[153.079258,-27.538088],[153.079495,-27.53839],[153.079495,-27.53839],[153.079708,-27.538662],[153.079845,-27.53883],[153.080062,-27.53884],[153.080364,-27.538782],[153.080611,-27.538726],[153.080943,-27.538644],[153.080943,-27.538644],[153.081456,-27.538517],[153.081552,-27.538495],[153.081737,-27.538454],[153.08183,-27.538435],[153.082043,-27.538384],[153.082191,-27.538355],[153.083048,-27.53823],[153.083438,-27.538163],[153.083438,-27.538163],[153.084149,-27.538042],[153.084499,-27.53799],[153.084714,-27.537942],[153.08524,-27.537773],[153.086281,-27.53743],[153.08667,-27.537284],[153.087241,-27.536935],[153.087333,-27.536879],[153.087763,-27.536612],[153.088011,-27.536457],[153.088065,-27.536418],[153.088065,-27.536418],[153.088288,-27.536257],[153.088517,-27.536063],[153.088943,-27.535623],[153.089721,-27.534779],[153.089721,-27.534779],[153.08993,-27.534552],[153.090291,-27.534168],[153.090519,-27.533974],[153.091441,-27.533374],[153.09251,-27.532705],[153.09251,-27.532705],[153.092568,-27.532669],[153.093735,-27.531928],[153.093921,-27.531814],[153.09402,-27.531753],[153.094244,-27.531597],[153.094398,-27.531472],[153.094533,-27.53133],[153.094642,-27.531143],[153.094751,-27.53073],[153.095005,-27.529424],[153.095532,-27.526616],[153.095693,-27.52663],[153.096215,-27.526715],[153.096215,-27.526715],[153.096444,-27.526752],[153.096699,-27.526757],[153.096929,-27.526714],[153.097187,-27.526571],[153.09771,-27.526203],[153.097798,-27.526147],[153.098597,-27.525527],[153.098747,-27.52532],[153.098849,-27.525088],[153.098932,-27.524919],[153.099024,-27.524779],[153.099024,-27.524779],[153.099066,-27.524715],[153.099258,-27.524574],[153.100141,-27.523951],[153.100141,-27.523951],[153.100374,-27.523787],[153.100559,-27.523646],[153.100681,-27.523485],[153.100753,-27.523327],[153.100723,-27.523057],[153.100654,-27.522885],[153.100571,-27.522767],[153.100502,-27.522684],[153.10039,-27.522605],[153.099771,-27.522346],[153.09949,-27.522196],[153.099441,-27.522161],[153.099441,-27.522161],[153.098946,-27.521811],[153.098205,-27.521134],[153.097988,-27.520964],[153.09779,-27.520857],[153.097626,-27.520782],[153.097086,-27.520719],[153.097086,-27.520719],[153.0968,-27.520686],[153.096639,-27.520672],[153.096865,-27.519437],[153.09703,-27.518468],[153.09707,-27.518234],[153.09707,-27.518234],[153.097195,-27.517503],[153.097487,-27.516008],[153.097763,-27.514589],[153.097763,-27.514589],[153.097924,-27.513755],[153.098176,-27.512453],[153.098329,-27.512511],[153.098621,-27.512578],[153.099023,-27.512686],[153.099344,-27.512756],[153.0996,-27.512778],[153.100092,-27.512812],[153.10033,-27.512799],[153.10033,-27.512799],[153.101154,-27.51275],[153.102336,-27.512695],[153.102943,-27.512624],[153.103196,-27.51254],[153.103552,-27.512267],[153.103741,-27.512006],[153.103813,-27.511796],[153.103826,-27.511544],[153.103795,-27.511072],[153.103754,-27.510614],[153.103745,-27.510485],[153.103745,-27.510485],[153.103686,-27.509646],[153.103755,-27.509094],[153.104,-27.507692],[153.103817,-27.506309],[153.103307,-27.506246],[153.10312,-27.506192],[153.103003,-27.506133],[153.102882,-27.506066],[153.102764,-27.505987],[153.102653,-27.505871],[153.102615,-27.505807],[153.102606,-27.505811],[153.102587,-27.505814],[153.102567,-27.505814],[153.102548,-27.505811],[153.10253,-27.505804],[153.102515,-27.505793],[153.102501,-27.50578],[153.102491,-27.505765],[153.102485,-27.505748],[153.102483,-27.505732],[153.102485,-27.505714],[153.102491,-27.505697],[153.102501,-27.505682],[153.102514,-27.505669],[153.10253,-27.505658],[153.102548,-27.505651],[153.102564,-27.505648],[153.102561,-27.505567],[153.102653,-27.505393],[153.102974,-27.504842],[153.103032,-27.504667],[153.103128,-27.504175],[153.102463,-27.504045],[153.102613,-27.503409]]},"properties":{"route_short_name":"177","route_long_name":"Carindale - Griffith Uni Mt Gravatt","direction_id":1,"shape_id":"1770011","trip_count":44,"headsign_summary":"Carindale interchange","display_color":"#e36414","text_color":"#000000","label_point":[153.089084,-27.53547]}},{"type":"Feature","geometry":{"type":"LineString","coordinates":[[153.080881,-27.563658],[153.081329,-27.563949],[153.081261,-27.564065],[153.081192,-27.564184],[153.081939,-27.564616],[153.082576,-27.565004],[153.083401,-27.565258],[153.08379,-27.565307],[153.084019,-27.565302],[153.084022,-27.565276],[153.08403,-27.565253],[153.084044,-27.565233],[153.084061,-27.565215],[153.084083,-27.565202],[153.084107,-27.565192],[153.084133,-27.565187],[153.084159,-27.565187],[153.084185,-27.565192],[153.084209,-27.565202],[153.084231,-27.565215],[153.084249,-27.565233],[153.084262,-27.565253],[153.084265,-27.565261],[153.08445,-27.56525],[153.084555,-27.565255],[153.08489,-27.565302],[153.085,-27.565306],[153.085089,-27.565299],[153.085154,-27.565276],[153.085269,-27.565202],[153.08599,-27.564383],[153.086131,-27.564275],[153.086218,-27.564234],[153.086841,-27.564052],[153.086952,-27.564017],[153.087741,-27.563728],[153.088325,-27.563452],[153.088688,-27.563379],[153.088941,-27.562031],[153.089128,-27.561038],[153.089316,-27.55999],[153.089316,-27.55999],[153.089381,-27.559633],[153.08943,-27.55947],[153.089526,-27.558918],[153.089783,-27.557552],[153.089893,-27.557059],[153.089898,-27.556898],[153.090007,-27.556483],[153.090087,-27.556228],[153.090175,-27.555921],[153.090182,-27.555802],[153.090227,-27.555275],[153.090335,-27.554545],[153.090343,-27.554495],[153.090369,-27.554346],[153.09042,-27.554282],[153.090529,-27.553584],[153.09084,-27.551956],[153.09084,-27.551956],[153.090963,-27.551307],[153.091324,-27.549323],[153.091446,-27.54868],[153.091431,-27.548559],[153.091675,-27.547172],[153.091738,-27.546844],[153.091831,-27.546485],[153.091896,-27.546372],[153.091896,-27.546372],[153.091915,-27.546338],[153.092081,-27.545368],[153.092249,-27.544463],[153.092247,-27.544297],[153.092352,-27.543608],[153.091891,-27.54354],[153.091754,-27.543462],[153.09137,-27.543416],[153.090747,-27.54332],[153.089741,-27.543168],[153.088737,-27.543015],[153.087733,-27.542866],[153.087498,-27.54283],[153.087498,-27.54283],[153.086742,-27.542715],[153.085721,-27.542563],[153.084719,-27.542411],[153.083715,-27.542262],[153.082707,-27.54211],[153.081659,-27.541953],[153.081528,-27.541953],[153.08152,-27.541356],[153.081515,-27.541242],[153.081471,-27.54111],[153.081392,-27.540965],[153.081267,-27.540794],[153.08081,-27.540215],[153.07998,-27.539226],[153.079578,-27.53874],[153.07869,-27.537608],[153.07869,-27.537608],[153.078239,-27.537032],[153.078022,-27.536782],[153.077625,-27.536356],[153.076973,-27.535651],[153.076299,-27.534935],[153.074988,-27.53354],[153.074559,-27.533092],[153.074434,-27.53295],[153.074368,-27.532877],[153.073694,-27.53205],[153.073335,-27.53163],[153.072652,-27.530776],[153.072004,-27.529927],[153.071746,-27.529615],[153.071621,-27.529466],[153.071555,-27.529387],[153.071026,-27.528699],[153.070738,-27.528342],[153.070738,-27.528342],[153.070389,-27.52791],[153.070155,-27.527625],[153.07003,-27.52748],[153.06978,-27.527213],[153.069353,-27.526767],[153.068975,-27.526349],[153.068708,-27.526072],[153.068031,-27.525382],[153.067367,-27.524692],[153.066902,-27.52421],[153.066698,-27.523983],[153.066143,-27.52337],[153.065898,-27.523115],[153.065428,-27.522608],[153.065428,-27.522608],[153.065229,-27.522393],[153.065028,-27.522196],[153.064786,-27.521991],[153.064253,-27.52157],[153.063658,-27.521138],[153.06341,-27.521071],[153.063299,-27.521061],[153.062758,-27.521379],[153.062621,-27.521401],[153.061787,-27.521924],[153.061091,-27.522362],[153.060396,-27.522802],[153.060323,-27.522835],[153.059493,-27.523365],[153.058995,-27.523679],[153.058744,-27.523834],[153.058119,-27.524221],[153.057817,-27.524422],[153.057048,-27.524902],[153.056571,-27.52521],[153.056449,-27.525283],[153.056102,-27.525484],[153.055903,-27.525645],[153.055374,-27.525843],[153.05526,-27.525744],[153.055048,-27.525537],[153.054636,-27.52509],[153.054383,-27.52467],[153.054215,-27.52426],[153.054245,-27.523872],[153.05428,-27.523396],[153.054328,-27.522992],[153.054328,-27.522992],[153.054336,-27.522928],[153.054342,-27.522822],[153.054361,-27.522478],[153.054209,-27.521649],[153.053997,-27.521595],[153.053819,-27.521486],[153.053661,-27.521366],[153.05349,-27.521331],[153.053321,-27.521394],[153.052155,-27.520024],[153.05119,-27.518804],[153.050619,-27.518225],[153.04988,-27.517594],[153.048964,-27.516988],[153.047694,-27.516339],[153.042954,-27.51401],[153.042391,-27.513688],[153.042078,-27.513467],[153.041781,-27.513208],[153.041662,-27.513104],[153.04126,-27.512656],[153.041139,-27.5125],[153.040993,-27.512316],[153.040665,-27.51169],[153.040391,-27.51121],[153.040134,-27.510764],[153.040134,-27.510764],[153.040107,-27.510717],[153.039768,-27.510126],[153.03962,-27.509868],[153.039267,-27.509143],[153.039169,-27.508873],[153.039082,-27.508543],[153.039019,-27.508188],[153.038984,-27.507827],[153.038988,-27.507431],[153.039021,-27.507108],[153.039088,-27.506722],[153.039275,-27.505876],[153.039534,-27.504494],[153.039656,-27.503845],[153.03995,-27.502274],[153.040104,-27.501629],[153.04017,-27.501331],[153.040224,-27.501078],[153.040275,-27.500597],[153.040276,-27.499744],[153.040226,-27.499246],[153.040175,-27.498822],[153.040124,-27.498508],[153.039898,-27.497872],[153.039736,-27.497545],[153.039534,-27.497324],[153.039502,-27.497287],[153.039277,-27.497026],[153.039241,-27.496984],[153.039241,-27.496984],[153.039215,-27.496956],[153.038361,-27.49597],[153.037925,-27.49535],[153.037816,-27.495464],[153.037666,-27.495598],[153.036904,-27.496579],[153.036641,-27.496746],[153.036392,-27.496832],[153.036141,-27.496824],[153.035579,-27.496738],[153.035337,-27.496724],[153.035244,-27.496727],[153.035191,-27.496732],[153.035023,-27.496764],[153.034838,-27.496802],[153.034649,-27.496831],[153.034507,-27.496847],[153.034317,-27.49683],[153.033615,-27.496731],[153.033615,-27.496731],[153.033561,-27.496724],[153.032415,-27.496559],[153.032266,-27.496531],[153.032126,-27.496494],[153.031912,-27.496427],[153.03185,-27.496402],[153.031631,-27.496297],[153.031482,-27.496115],[153.031432,-27.496028],[153.031356,-27.495864],[153.031304,-27.495738],[153.031258,-27.495409],[153.031241,-27.495035],[153.031173,-27.49478],[153.031095,-27.494594],[153.03101,-27.494461],[153.030898,-27.49433],[153.030776,-27.494234],[153.030654,-27.494153],[153.030251,-27.493884],[153.030251,-27.493884],[153.030099,-27.493782],[153.029939,-27.493676],[153.029783,-27.493627],[153.029586,-27.493616],[153.029482,-27.493635],[153.029411,-27.493647],[153.029286,-27.493711],[153.029205,-27.493809],[153.029135,-27.494167],[153.028952,-27.494613],[153.02879,-27.494915],[153.028416,-27.495481],[153.028015,-27.495978],[153.027414,-27.496588],[153.026536,-27.497203],[153.025295,-27.497908],[153.02519,-27.497955],[153.024981,-27.498019],[153.024843,-27.498042],[153.024799,-27.498047],[153.024689,-27.49805],[153.024542,-27.498042],[153.024498,-27.498034],[153.024498,-27.498034],[153.024366,-27.49801],[153.024279,-27.497989],[153.023891,-27.497927],[153.023638,-27.49791],[153.019162,-27.497668],[153.018998,-27.497667],[153.018839,-27.497686],[153.018678,-27.497728],[153.018557,-27.497769],[153.018461,-27.497842],[153.018407,-27.497874],[153.018341,-27.497926],[153.018289,-27.497957],[153.018257,-27.497978],[153.018215,-27.497997],[153.018161,-27.498022],[153.018079,-27.498017]]},"properties":{"route_short_name":"179","route_long_name":"Garden City - UQ Express via Newnham Rd","direction_id":0,"shape_id":"1790003","trip_count":226,"headsign_summary":"UQ Lakes station","display_color":"#4361ee","text_color":"#000000","label_point":[153.061483,-27.522115]}},{"type":"Feature","geometry":{"type":"LineString","coordinates":[[153.017845,-27.498004],[153.017664,-27.497994],[153.017578,-27.497956],[153.017537,-27.497915],[153.017528,-27.49788],[153.017535,-27.497833],[153.01755,-27.497789],[153.017582,-27.497759],[153.017653,-27.497742],[153.017763,-27.497748],[153.018265,-27.497786],[153.018379,-27.497799],[153.018459,-27.497787],[153.018557,-27.497769],[153.018678,-27.497728],[153.018839,-27.497686],[153.018998,-27.497667],[153.019162,-27.497668],[153.023638,-27.49791],[153.023891,-27.497927],[153.024279,-27.497989],[153.024366,-27.49801],[153.024542,-27.498042],[153.024689,-27.49805],[153.02478,-27.498048],[153.02478,-27.498048],[153.024799,-27.498047],[153.024843,-27.498042],[153.024981,-27.498019],[153.02519,-27.497955],[153.025295,-27.497908],[153.026536,-27.497203],[153.027414,-27.496588],[153.028015,-27.495978],[153.028416,-27.495481],[153.02879,-27.494915],[153.028952,-27.494613],[153.029135,-27.494167],[153.029205,-27.493809],[153.029286,-27.493711],[153.029411,-27.493647],[153.029482,-27.493635],[153.029586,-27.493616],[153.029783,-27.493627],[153.029939,-27.493676],[153.030099,-27.493782],[153.030551,-27.494084],[153.030551,-27.494084],[153.030654,-27.494153],[153.030776,-27.494234],[153.030898,-27.49433],[153.03101,-27.494461],[153.031095,-27.494594],[153.031173,-27.49478],[153.031241,-27.495035],[153.031258,-27.495409],[153.031304,-27.495738],[153.031356,-27.495864],[153.031432,-27.496028],[153.031482,-27.496115],[153.031631,-27.496297],[153.03185,-27.496402],[153.031912,-27.496427],[153.032126,-27.496494],[153.032266,-27.496531],[153.032415,-27.496559],[153.033561,-27.496724],[153.034188,-27.496812],[153.034188,-27.496812],[153.034317,-27.49683],[153.034507,-27.496847],[153.034649,-27.496831],[153.034838,-27.496802],[153.035023,-27.496764],[153.035191,-27.496732],[153.035244,-27.496727],[153.035337,-27.496724],[153.035579,-27.496738],[153.036141,-27.496824],[153.036392,-27.496832],[153.036641,-27.496746],[153.036904,-27.496579],[153.037666,-27.495598],[153.037816,-27.495464],[153.037925,-27.49535],[153.038361,-27.49597],[153.039215,-27.496956],[153.039277,-27.497026],[153.039468,-27.497249],[153.039468,-27.497249],[153.039502,-27.497287],[153.039534,-27.497324],[153.039736,-27.497545],[153.039898,-27.497872],[153.040124,-27.498508],[153.040175,-27.498822],[153.040226,-27.499246],[153.040276,-27.499744],[153.040275,-27.500597],[153.040224,-27.501078],[153.04017,-27.501331],[153.040104,-27.501629],[153.03995,-27.502274],[153.039656,-27.503845],[153.039534,-27.504494],[153.039275,-27.505876],[153.039088,-27.506722],[153.039021,-27.507108],[153.038988,-27.507431],[153.038984,-27.507827],[153.039019,-27.508188],[153.039082,-27.508543],[153.039169,-27.508873],[153.039267,-27.509143],[153.03962,-27.509868],[153.039768,-27.510126],[153.040107,-27.510717],[153.040332,-27.511108],[153.040332,-27.511108],[153.040391,-27.51121],[153.040665,-27.51169],[153.040993,-27.512316],[153.041139,-27.5125],[153.04126,-27.512656],[153.041662,-27.513104],[153.041781,-27.513208],[153.042078,-27.513467],[153.042391,-27.513688],[153.042954,-27.51401],[153.047694,-27.516339],[153.048964,-27.516988],[153.04988,-27.517594],[153.050619,-27.518225],[153.05119,-27.518804],[153.052155,-27.520024],[153.053321,-27.521394],[153.05349,-27.521331],[153.053661,-27.521366],[153.053819,-27.521486],[153.053997,-27.521595],[153.054209,-27.521649],[153.054361,-27.522478],[153.054342,-27.522822],[153.054336,-27.522928],[153.054312,-27.523128],[153.054312,-27.523128],[153.05428,-27.523396],[153.054245,-27.523872],[153.054215,-27.52426],[153.054383,-27.52467],[153.054636,-27.52509],[153.055048,-27.525537],[153.05526,-27.525744],[153.055841,-27.525537],[153.056102,-27.525484],[153.056449,-27.525283],[153.056571,-27.52521],[153.057048,-27.524902],[153.057817,-27.524422],[153.058119,-27.524221],[153.058744,-27.523834],[153.058995,-27.523679],[153.059493,-27.523365],[153.060323,-27.522835],[153.060396,-27.522802],[153.061091,-27.522362],[153.061787,-27.521924],[153.062621,-27.521401],[153.062698,-27.521307],[153.063358,-27.520893],[153.063463,-27.520828],[153.063557,-27.520902],[153.064286,-27.521473],[153.06476,-27.521851],[153.06476,-27.521851],[153.065117,-27.522136],[153.066007,-27.523061],[153.066796,-27.523925],[153.067454,-27.524632],[153.068118,-27.525325],[153.06867,-27.525869],[153.069475,-27.526709],[153.070118,-27.527426],[153.070487,-27.527857],[153.071186,-27.528691],[153.071486,-27.52906],[153.071686,-27.529304],[153.071749,-27.529386],[153.071869,-27.529528],[153.072043,-27.529758],[153.07222,-27.529975],[153.07222,-27.529975],[153.072358,-27.530144],[153.072608,-27.53046],[153.07322,-27.531247],[153.073822,-27.532011],[153.074455,-27.532735],[153.074512,-27.532803],[153.07512,-27.533452],[153.077104,-27.535569],[153.077756,-27.536273],[153.078151,-27.536701],[153.078367,-27.536953],[153.079258,-27.538088],[153.079495,-27.53839],[153.079495,-27.53839],[153.079708,-27.538662],[153.079845,-27.53883],[153.080066,-27.539101],[153.080135,-27.539186],[153.080285,-27.539366],[153.080704,-27.539875],[153.080924,-27.540145],[153.081201,-27.540555],[153.081441,-27.540872],[153.081563,-27.541052],[153.081612,-27.541158],[153.081653,-27.541344],[153.081659,-27.541953],[153.082707,-27.54211],[153.083715,-27.542262],[153.084719,-27.542411],[153.085721,-27.542563],[153.086742,-27.542715],[153.08718,-27.542781],[153.08718,-27.542781],[153.087733,-27.542866],[153.088737,-27.543015],[153.089741,-27.543168],[153.090747,-27.54332],[153.09137,-27.543416],[153.091754,-27.543462],[153.091893,-27.543467],[153.092366,-27.543528],[153.092464,-27.543539],[153.092451,-27.543619],[153.092415,-27.54381],[153.09232,-27.544307],[153.092249,-27.544463],[153.092081,-27.545368],[153.091915,-27.546338],[153.091917,-27.546398],[153.091917,-27.546398],[153.09192,-27.546497],[153.091825,-27.546945],[153.091773,-27.547184],[153.091515,-27.548571],[153.091446,-27.54868],[153.091324,-27.549323],[153.090963,-27.551307],[153.090847,-27.551917],[153.090847,-27.551917],[153.090529,-27.553584],[153.09042,-27.554282],[153.090439,-27.554361],[153.090419,-27.554504],[153.090413,-27.554556],[153.090331,-27.555123],[153.090317,-27.55532],[153.09032,-27.555482],[153.090315,-27.555729],[153.090311,-27.555851],[153.090252,-27.556143],[153.090045,-27.556705],[153.08998,-27.556915],[153.089893,-27.557059],[153.089783,-27.557552],[153.089526,-27.558918],[153.08943,-27.55947],[153.089381,-27.559633],[153.089255,-27.560333],[153.089255,-27.560333],[153.089128,-27.561038],[153.088941,-27.562031],[153.088688,-27.563379],[153.088325,-27.563452],[153.087741,-27.563728],[153.086952,-27.564017],[153.086841,-27.564052],[153.086218,-27.564234],[153.086131,-27.564275],[153.08599,-27.564383],[153.085269,-27.565202],[153.085154,-27.565276],[153.085089,-27.565299],[153.085,-27.565306],[153.08489,-27.565302],[153.084555,-27.565255],[153.08445,-27.56525],[153.084265,-27.565261],[153.08427,-27.565276],[153.084274,-27.565299],[153.084271,-27.565322],[153.084262,-27.565344],[153.084249,-27.565365],[153.084231,-27.565383],[153.084227,-27.565385],[153.084209,-27.565396],[153.084185,-27.565406],[153.084159,-27.565411],[153.084133,-27.565411],[153.084118,-27.565408],[153.084107,-27.565406],[153.084083,-27.565396],[153.084061,-27.565383],[153.084043,-27.565365],[153.08403,-27.565345],[153.084022,-27.565322],[153.084019,-27.565302],[153.08379,-27.565307],[153.083401,-27.565258],[153.082576,-27.565004],[153.081939,-27.564616],[153.081192,-27.564184],[153.081108,-27.564136],[153.079869,-27.563282],[153.079972,-27.563249],[153.080077,-27.563228],[153.080201,-27.563216],[153.080233,-27.563215]]},"properties":{"route_short_name":"179","route_long_name":"Garden City - UQ Express via Newnham Rd","direction_id":1,"shape_id":"1790004","trip_count":248,"headsign_summary":"Garden City interchange","display_color":"#4361ee","text_color":"#000000","label_point":[153.061843,-27.521889]}},{"type":"Feature","geometry":{"type":"LineString","coordinates":[[153.081084,-27.563791],[153.081329,-27.563949],[153.081261,-27.564065],[153.081192,-27.564184],[153.081108,-27.564136],[153.079869,-27.563282],[153.079088,-27.562742],[153.079054,-27.562655],[153.079197,-27.56172],[153.079282,-27.561058],[153.079288,-27.560865],[153.079191,-27.560573],[153.079155,-27.560474],[153.080001,-27.560242],[153.080715,-27.560025],[153.081063,-27.559907],[153.081215,-27.559847],[153.082545,-27.559331],[153.083431,-27.558978],[153.084066,-27.558739],[153.08411,-27.558828],[153.084671,-27.5592],[153.084671,-27.5592],[153.08508,-27.559471],[153.086302,-27.560281],[153.086302,-27.560281],[153.088242,-27.561568],[153.088375,-27.561657],[153.088375,-27.561657],[153.088941,-27.562031],[153.089128,-27.561038],[153.08979,-27.561134],[153.08979,-27.561134],[153.089929,-27.561154],[153.090554,-27.561249],[153.09199,-27.56145],[153.092828,-27.561579],[153.093226,-27.561637],[153.093226,-27.561637],[153.093253,-27.561641],[153.09419,-27.561731],[153.094867,-27.561841],[153.095288,-27.561837],[153.095809,-27.561774],[153.096105,-27.561635],[153.096443,-27.561384],[153.096556,-27.561311],[153.096556,-27.561311],[153.097107,-27.560956],[153.097012,-27.560655],[153.096959,-27.560474],[153.096968,-27.560101],[153.097191,-27.559577],[153.0973,-27.559274],[153.0974,-27.558731],[153.0974,-27.558731],[153.097596,-27.557669],[153.097588,-27.557372],[153.098191,-27.557462],[153.098726,-27.557542],[153.098726,-27.557542],[153.099254,-27.557621],[153.100025,-27.557718],[153.100377,-27.557803],[153.100569,-27.557832],[153.100569,-27.557832],[153.101157,-27.557924],[153.101382,-27.55677],[153.101741,-27.5572],[153.101741,-27.5572],[153.102246,-27.557804],[153.102826,-27.557442],[153.103029,-27.557254],[153.103143,-27.557132],[153.103216,-27.557009],[153.10332,-27.556763],[153.103371,-27.556648],[153.103412,-27.556482],[153.103441,-27.555952],[153.103475,-27.555551],[153.103623,-27.554967],[153.103623,-27.554967],[153.103696,-27.554678],[153.103869,-27.554511],[153.104289,-27.55421],[153.105165,-27.553675],[153.10481,-27.553212],[153.10481,-27.553212],[153.104606,-27.552946],[153.103926,-27.552074],[153.10386,-27.551997],[153.103754,-27.551881],[153.103628,-27.551737],[153.103576,-27.551657],[153.103554,-27.551546],[153.103554,-27.551436],[153.103606,-27.551085],[153.103606,-27.551085],[153.103618,-27.551006],[153.10369,-27.550627],[153.103997,-27.549026],[153.104117,-27.548379],[153.104117,-27.548379],[153.104148,-27.54821],[153.104448,-27.546606],[153.104665,-27.545437],[153.10417,-27.545361],[153.10417,-27.545361],[153.102388,-27.545089],[153.102388,-27.545089],[153.098089,-27.544432],[153.098199,-27.543847],[153.098199,-27.543847],[153.09822,-27.543734],[153.098602,-27.541719],[153.098692,-27.541245],[153.098692,-27.541245],[153.099049,-27.539369],[153.099638,-27.539454],[153.099638,-27.539454],[153.100081,-27.539518],[153.100156,-27.539124],[153.100242,-27.538751],[153.100793,-27.53883],[153.100822,-27.538835],[153.100822,-27.538835],[153.101629,-27.538955],[153.101929,-27.537338],[153.101929,-27.537338],[153.101959,-27.537177],[153.102006,-27.536955],[153.102821,-27.537068],[153.103616,-27.537185],[153.105362,-27.537443],[153.105549,-27.537471],[153.105549,-27.537471],[153.10614,-27.537558],[153.106336,-27.536501],[153.106435,-27.535976],[153.106588,-27.535155],[153.106588,-27.535155],[153.106589,-27.535152],[153.106722,-27.534438],[153.106571,-27.534436],[153.105668,-27.534298],[153.104289,-27.534101],[153.104289,-27.534101],[153.103859,-27.53404],[153.103576,-27.533997],[153.103062,-27.533929],[153.103062,-27.533929],[153.102586,-27.533867],[153.101,-27.533623],[153.100388,-27.533529],[153.100328,-27.53352],[153.100328,-27.53352],[153.098579,-27.533266],[153.098231,-27.533217],[153.098231,-27.533217],[153.09767,-27.533136],[153.097439,-27.533104],[153.095874,-27.532869],[153.095874,-27.532869],[153.095432,-27.532803],[153.095324,-27.532787],[153.094662,-27.532694],[153.09449,-27.532687],[153.094368,-27.532653],[153.094354,-27.532565],[153.094315,-27.532408],[153.094244,-27.532227],[153.0942,-27.53216],[153.094122,-27.532138],[153.094021,-27.532092],[153.093956,-27.532075],[153.09376,-27.53208],[153.092705,-27.532691],[153.092397,-27.532889],[153.092397,-27.532889],[153.092186,-27.533025],[153.0915,-27.533447],[153.090635,-27.534009],[153.090635,-27.534009],[153.090587,-27.53404],[153.09039,-27.534211],[153.090367,-27.534228],[153.090008,-27.534609],[153.089568,-27.535079],[153.089568,-27.535079],[153.089023,-27.535663],[153.088602,-27.536143],[153.088368,-27.536352],[153.08783,-27.536692],[153.087608,-27.536827],[153.087608,-27.536827],[153.087384,-27.536963],[153.087306,-27.537017],[153.086724,-27.53736],[153.086344,-27.537508],[153.084878,-27.537989],[153.084662,-27.538042],[153.084338,-27.538105],[153.084061,-27.53815],[153.084061,-27.53815],[153.083501,-27.538242],[153.082313,-27.538419],[153.082126,-27.538455],[153.081991,-27.538488],[153.081855,-27.53852],[153.081757,-27.538545],[153.081577,-27.538589],[153.08066,-27.538806],[153.080491,-27.538902],[153.080336,-27.53901],[153.080135,-27.539186],[153.07998,-27.539226],[153.079578,-27.53874],[153.07869,-27.537608],[153.07869,-27.537608],[153.078239,-27.537032],[153.078022,-27.536782],[153.077625,-27.536356],[153.076973,-27.535651],[153.076631,-27.535287],[153.076631,-27.535287],[153.076299,-27.534935],[153.074988,-27.53354],[153.074847,-27.533393],[153.074847,-27.533393],[153.074559,-27.533092],[153.074434,-27.53295],[153.074368,-27.532877],[153.073694,-27.53205],[153.073335,-27.53163],[153.07285,-27.531025],[153.07285,-27.531025],[153.072652,-27.530776],[153.072004,-27.529927],[153.071746,-27.529615],[153.071621,-27.529466],[153.071444,-27.529567],[153.071336,-27.529565],[153.070967,-27.529791],[153.07075,-27.529925],[153.070232,-27.53025],[153.070232,-27.53025],[153.069911,-27.530452],[153.069079,-27.530972],[153.068576,-27.531288],[153.068576,-27.531288],[153.068206,-27.53152],[153.067507,-27.531957],[153.06742,-27.532012],[153.066837,-27.532377],[153.065708,-27.533083],[153.065562,-27.533174],[153.065562,-27.533174],[153.063993,-27.534157],[153.063993,-27.534157],[153.062945,-27.534813],[153.062858,-27.53484],[153.062616,-27.534859],[153.062614,-27.534887],[153.062606,-27.534908],[153.062593,-27.534928],[153.062576,-27.534945],[153.062555,-27.534958],[153.062532,-27.534967],[153.062507,-27.534972],[153.062481,-27.534972],[153.062456,-27.534967],[153.062433,-27.534958],[153.062413,-27.534945],[153.062395,-27.534928],[153.062382,-27.534908],[153.062374,-27.534887],[153.062373,-27.534873],[153.062372,-27.534864],[153.062374,-27.534841],[153.062382,-27.53482],[153.062395,-27.5348],[153.062412,-27.534783],[153.062433,-27.53477],[153.062453,-27.534762],[153.062114,-27.534224],[153.061953,-27.534021],[153.061953,-27.534021],[153.061528,-27.533484],[153.060945,-27.532743],[153.060357,-27.53198],[153.059757,-27.531212],[153.059348,-27.530681],[153.059348,-27.530681],[153.058794,-27.529962],[153.058249,-27.529288],[153.057717,-27.528622],[153.057144,-27.528712]]},"properties":{"route_short_name":"182","route_long_name":"Garden City - Holland Park","direction_id":0,"shape_id":"1820005","trip_count":218,"headsign_summary":"Holland Pk W, Bapaume Rd & Sterculia Ave","display_color":"#2d6a4f","text_color":"#000000","label_point":[153.102429,-27.537014]}},{"type":"Feature","geometry":{"type":"LineString","coordinates":[[153.057144,-27.528712],[153.056572,-27.528803],[153.056685,-27.529434],[153.056829,-27.530102],[153.057396,-27.532992],[153.057564,-27.533871],[153.057618,-27.534373],[153.05768,-27.534548],[153.059061,-27.534495],[153.059428,-27.534478],[153.05981,-27.534484],[153.061198,-27.534788],[153.061802,-27.534846],[153.062221,-27.534882],[153.062373,-27.534873],[153.062372,-27.534864],[153.062374,-27.534841],[153.062382,-27.53482],[153.062395,-27.5348],[153.062412,-27.534783],[153.062433,-27.53477],[153.062453,-27.534762],[153.062481,-27.534756],[153.062507,-27.534756],[153.062532,-27.534761],[153.062555,-27.534769],[153.062576,-27.534783],[153.062593,-27.5348],[153.062606,-27.53482],[153.062614,-27.534841],[153.062616,-27.534859],[153.062858,-27.53484],[153.062945,-27.534813],[153.064098,-27.534091],[153.064098,-27.534091],[153.065708,-27.533083],[153.066415,-27.532641],[153.066415,-27.532641],[153.066837,-27.532377],[153.06742,-27.532012],[153.067507,-27.531957],[153.068206,-27.53152],[153.069079,-27.530972],[153.069557,-27.530673],[153.069557,-27.530673],[153.069911,-27.530452],[153.07075,-27.529925],[153.070967,-27.529791],[153.071336,-27.529565],[153.07139,-27.529487],[153.071555,-27.529387],[153.071686,-27.529304],[153.071749,-27.529386],[153.071869,-27.529528],[153.072043,-27.529758],[153.07222,-27.529975],[153.07222,-27.529975],[153.072358,-27.530144],[153.072608,-27.53046],[153.07322,-27.531247],[153.073822,-27.532011],[153.074177,-27.532417],[153.074177,-27.532417],[153.074455,-27.532735],[153.074512,-27.532803],[153.07512,-27.533452],[153.077104,-27.535569],[153.077505,-27.536002],[153.077505,-27.536002],[153.077756,-27.536273],[153.078151,-27.536701],[153.078367,-27.536953],[153.079258,-27.538088],[153.079495,-27.53839],[153.079495,-27.53839],[153.079708,-27.538662],[153.079845,-27.53883],[153.080062,-27.53884],[153.080364,-27.538782],[153.080611,-27.538726],[153.080943,-27.538644],[153.080943,-27.538644],[153.081456,-27.538517],[153.081552,-27.538495],[153.081737,-27.538454],[153.08183,-27.538435],[153.082043,-27.538384],[153.082191,-27.538355],[153.083048,-27.53823],[153.083438,-27.538163],[153.083438,-27.538163],[153.084149,-27.538042],[153.084499,-27.53799],[153.084714,-27.537942],[153.08524,-27.537773],[153.086281,-27.53743],[153.08667,-27.537284],[153.087241,-27.536935],[153.087333,-27.536879],[153.087763,-27.536612],[153.088011,-27.536457],[153.088065,-27.536418],[153.088065,-27.536418],[153.088288,-27.536257],[153.088517,-27.536063],[153.088943,-27.535623],[153.089721,-27.534779],[153.089721,-27.534779],[153.08993,-27.534552],[153.090291,-27.534168],[153.090519,-27.533974],[153.091441,-27.533374],[153.09251,-27.532705],[153.09251,-27.532705],[153.092568,-27.532669],[153.093735,-27.531928],[153.093921,-27.531814],[153.09402,-27.531753],[153.094118,-27.531865],[153.094186,-27.531946],[153.094254,-27.532041],[153.094333,-27.532164],[153.094406,-27.532299],[153.094477,-27.532352],[153.094542,-27.532477],[153.094595,-27.532533],[153.094654,-27.532605],[153.094847,-27.532627],[153.095345,-27.532697],[153.095563,-27.53273],[153.095563,-27.53273],[153.096764,-27.532911],[153.097684,-27.533046],[153.09859,-27.533189],[153.098867,-27.533229],[153.098867,-27.533229],[153.100403,-27.533453],[153.101013,-27.533543],[153.102599,-27.533785],[153.103051,-27.533845],[153.103051,-27.533845],[153.10359,-27.533917],[153.103875,-27.533958],[153.10499,-27.53412],[153.10499,-27.53412],[153.105679,-27.534221],[153.106582,-27.534356],[153.106722,-27.534438],[153.106589,-27.535152],[153.106509,-27.535575],[153.106509,-27.535575],[153.106435,-27.535976],[153.106336,-27.536501],[153.106211,-27.537176],[153.106211,-27.537176],[153.10614,-27.537558],[153.105362,-27.537443],[153.103616,-27.537185],[153.102821,-27.537068],[153.102006,-27.536955],[153.101959,-27.537177],[153.101941,-27.537276],[153.101941,-27.537276],[153.101629,-27.538955],[153.100855,-27.538839],[153.100855,-27.538839],[153.100793,-27.53883],[153.100242,-27.538751],[153.100156,-27.539124],[153.100081,-27.539518],[153.099454,-27.539427],[153.099454,-27.539427],[153.099049,-27.539369],[153.098636,-27.541538],[153.098636,-27.541538],[153.098602,-27.541719],[153.09822,-27.543734],[153.098167,-27.544012],[153.098167,-27.544012],[153.098089,-27.544432],[153.102443,-27.545097],[153.102443,-27.545097],[153.103835,-27.54531],[153.103835,-27.54531],[153.104665,-27.545437],[153.104564,-27.545982],[153.104564,-27.545982],[153.104448,-27.546606],[153.104148,-27.54821],[153.1041,-27.548471],[153.1041,-27.548471],[153.103997,-27.549026],[153.10369,-27.550627],[153.103618,-27.551006],[153.103579,-27.551266],[153.103579,-27.551266],[153.103554,-27.551436],[153.103554,-27.551546],[153.103576,-27.551657],[153.103628,-27.551737],[153.103754,-27.551881],[153.10386,-27.551997],[153.103926,-27.552074],[153.104489,-27.552795],[153.104489,-27.552795],[153.104606,-27.552946],[153.105165,-27.553675],[153.104289,-27.55421],[153.103869,-27.554511],[153.103696,-27.554678],[153.103475,-27.555551],[153.103441,-27.555952],[153.103435,-27.556069],[153.103435,-27.556069],[153.103412,-27.556482],[153.103371,-27.556648],[153.10332,-27.556763],[153.103216,-27.557009],[153.103143,-27.557132],[153.103029,-27.557254],[153.102826,-27.557442],[153.102246,-27.557804],[153.101913,-27.557406],[153.101913,-27.557406],[153.101382,-27.55677],[153.101157,-27.557924],[153.100675,-27.557849],[153.100675,-27.557849],[153.100377,-27.557803],[153.100025,-27.557718],[153.099254,-27.557621],[153.098191,-27.557462],[153.09801,-27.557435],[153.09801,-27.557435],[153.097588,-27.557372],[153.097596,-27.557669],[153.097397,-27.558751],[153.097397,-27.558751],[153.0973,-27.559274],[153.097191,-27.559577],[153.096968,-27.560101],[153.096959,-27.560474],[153.097012,-27.560655],[153.097107,-27.560956],[153.096445,-27.561382],[153.096445,-27.561382],[153.096443,-27.561384],[153.096105,-27.561635],[153.095809,-27.561774],[153.095288,-27.561837],[153.094867,-27.561841],[153.09419,-27.561731],[153.093261,-27.561642],[153.093261,-27.561642],[153.093253,-27.561641],[153.092828,-27.561579],[153.09199,-27.56145],[153.090554,-27.561249],[153.089929,-27.561154],[153.089519,-27.561094],[153.089519,-27.561094],[153.089128,-27.561038],[153.088941,-27.562031],[153.088486,-27.56173],[153.088486,-27.56173],[153.088242,-27.561568],[153.085771,-27.55993],[153.085771,-27.55993],[153.08508,-27.559471],[153.08411,-27.558828],[153.083565,-27.55904],[153.083565,-27.55904],[153.082617,-27.559409],[153.081643,-27.559793],[153.081284,-27.559929],[153.081135,-27.559992],[153.080886,-27.56008],[153.0808,-27.56011],[153.080291,-27.560262],[153.080291,-27.560262],[153.080038,-27.560338],[153.079478,-27.560484],[153.079191,-27.560573],[153.079288,-27.560865],[153.079282,-27.561058],[153.079197,-27.56172],[153.079054,-27.562655],[153.079088,-27.562742],[153.079869,-27.563282],[153.079972,-27.563249],[153.080077,-27.563228],[153.080201,-27.563216],[153.080233,-27.563215]]},"properties":{"route_short_name":"182","route_long_name":"Garden City - Holland Park","direction_id":1,"shape_id":"1820008","trip_count":227,"headsign_summary":"Garden City interchange","display_color":"#2d6a4f","text_color":"#000000","label_point":[153.104846,-27.537367]}},{"type":"Feature","geometry":{"type":"LineString","coordinates":[[153.102457,-27.548794],[153.102227,-27.548759],[153.101431,-27.548639],[153.100424,-27.548484],[153.100101,-27.548437],[153.099939,-27.548413],[153.099939,-27.548413],[153.09944,-27.54834],[153.098245,-27.54816],[153.097038,-27.547978],[153.095123,-27.547691],[153.095123,-27.547691],[153.094821,-27.547646],[153.094332,-27.547573],[153.091967,-27.547211],[153.091773,-27.547184],[153.091675,-27.547172],[153.091064,-27.547081],[153.091064,-27.547081],[153.089713,-27.54688],[153.089307,-27.546819],[153.089307,-27.546819],[153.088882,-27.546755],[153.087698,-27.546567],[153.087698,-27.546567],[153.087071,-27.546468],[153.087233,-27.54558],[153.087375,-27.544806],[153.08739,-27.544729],[153.08739,-27.544729],[153.087455,-27.544371],[153.087567,-27.543762],[153.087733,-27.542866],[153.088737,-27.543015],[153.089741,-27.543168],[153.090747,-27.54332],[153.09137,-27.543416],[153.091754,-27.543462],[153.091893,-27.543467],[153.092366,-27.543528],[153.092464,-27.543539],[153.092702,-27.543574],[153.093134,-27.543639],[153.093283,-27.543694],[153.095461,-27.544035],[153.098089,-27.544432],[153.098199,-27.543847],[153.098199,-27.543847],[153.09822,-27.543734],[153.098602,-27.541719],[153.099049,-27.539369],[153.099638,-27.539454],[153.099638,-27.539454],[153.100081,-27.539518],[153.100156,-27.539124],[153.100242,-27.538751],[153.100793,-27.53883],[153.101629,-27.538955],[153.101959,-27.537177],[153.102006,-27.536955],[153.102092,-27.536488],[153.102129,-27.536339],[153.102428,-27.534682],[153.102428,-27.534682],[153.102452,-27.534545],[153.102586,-27.533867],[153.101,-27.533623],[153.100388,-27.533529],[153.098579,-27.533266],[153.098231,-27.533217],[153.098231,-27.533217],[153.09767,-27.533136],[153.097439,-27.533104],[153.095432,-27.532803],[153.095324,-27.532787],[153.094662,-27.532694],[153.09449,-27.532687],[153.094368,-27.532653],[153.094354,-27.532565],[153.094315,-27.532408],[153.094244,-27.532227],[153.0942,-27.53216],[153.094135,-27.532071],[153.094016,-27.531931],[153.093921,-27.531814],[153.093809,-27.531682],[153.093596,-27.531418],[153.093596,-27.531418],[153.093199,-27.530927],[153.092805,-27.530438],[153.09276,-27.530327],[153.09262,-27.53016],[153.092128,-27.529532],[153.090494,-27.527479],[153.090272,-27.527201],[153.090013,-27.526878],[153.090013,-27.526878],[153.08953,-27.526276],[153.088238,-27.524668],[153.087839,-27.524374],[153.087284,-27.523965],[153.08394,-27.521501],[153.083868,-27.521404],[153.083778,-27.521306],[153.083632,-27.52116],[153.083632,-27.52116],[153.082229,-27.519749],[153.081748,-27.519309],[153.081483,-27.519174],[153.081141,-27.519065],[153.080811,-27.518991],[153.080585,-27.518968],[153.078805,-27.518952],[153.078143,-27.518771],[153.076376,-27.518347],[153.076157,-27.518298],[153.075151,-27.518076],[153.074455,-27.517815],[153.074455,-27.517815],[153.074232,-27.517731],[153.073693,-27.517316],[153.073044,-27.516713],[153.072972,-27.51652],[153.072761,-27.515036],[153.071832,-27.515604],[153.070031,-27.516746],[153.069961,-27.516812],[153.069353,-27.517171],[153.069045,-27.51735],[153.068212,-27.517875],[153.06794,-27.518073],[153.067634,-27.518259],[153.067634,-27.518259],[153.067382,-27.518412],[153.066534,-27.518947],[153.065976,-27.5193],[153.065611,-27.519542],[153.065536,-27.519589],[153.064924,-27.519961],[153.064308,-27.52035],[153.064239,-27.520458],[153.063557,-27.520902],[153.063449,-27.52097],[153.063299,-27.521061],[153.062758,-27.521379],[153.062621,-27.521401],[153.061787,-27.521924],[153.061091,-27.522362],[153.060396,-27.522802],[153.060323,-27.522835],[153.059493,-27.523365],[153.058995,-27.523679],[153.058744,-27.523834],[153.058119,-27.524221],[153.057817,-27.524422],[153.057048,-27.524902],[153.056571,-27.52521],[153.056449,-27.525283],[153.056102,-27.525484],[153.055903,-27.525645],[153.055374,-27.525843],[153.05526,-27.525744],[153.055048,-27.525537],[153.054636,-27.52509],[153.054383,-27.52467],[153.054215,-27.52426],[153.054245,-27.523872],[153.05428,-27.523396],[153.054328,-27.522992],[153.054328,-27.522992],[153.054336,-27.522928],[153.054342,-27.522822],[153.054361,-27.522478],[153.054209,-27.521649],[153.053997,-27.521595],[153.053819,-27.521486],[153.053661,-27.521366],[153.05349,-27.521331],[153.053321,-27.521394],[153.052155,-27.520024],[153.05119,-27.518804],[153.050619,-27.518225],[153.04988,-27.517594],[153.048964,-27.516988],[153.047694,-27.516339],[153.042954,-27.51401],[153.042391,-27.513688],[153.042078,-27.513467],[153.041781,-27.513208],[153.041662,-27.513104],[153.04126,-27.512656],[153.041139,-27.5125],[153.040993,-27.512316],[153.040665,-27.51169],[153.040391,-27.51121],[153.040134,-27.510764],[153.040134,-27.510764],[153.040107,-27.510717],[153.039768,-27.510126],[153.03962,-27.509868],[153.039267,-27.509143],[153.039169,-27.508873],[153.039082,-27.508543],[153.039019,-27.508188],[153.038984,-27.507827],[153.038988,-27.507431],[153.039021,-27.507108],[153.039088,-27.506722],[153.039275,-27.505876],[153.039534,-27.504494],[153.039656,-27.503845],[153.03995,-27.502274],[153.040104,-27.501629],[153.04017,-27.501331],[153.040224,-27.501078],[153.040275,-27.500597],[153.040276,-27.499744],[153.040226,-27.499246],[153.040175,-27.498822],[153.040124,-27.498508],[153.039898,-27.497872],[153.039736,-27.497545],[153.039534,-27.497324],[153.039502,-27.497287],[153.039277,-27.497026],[153.039241,-27.496984],[153.039241,-27.496984],[153.039215,-27.496956],[153.038361,-27.49597],[153.037925,-27.49535],[153.037273,-27.494506],[153.036466,-27.493565],[153.036094,-27.493206],[153.035906,-27.49306],[153.035378,-27.49266],[153.034814,-27.492219],[153.034413,-27.491846],[153.034355,-27.491771],[153.034023,-27.491343],[153.033813,-27.490948],[153.033557,-27.490279],[153.033296,-27.489308],[153.033118,-27.488409],[153.033019,-27.488061],[153.032933,-27.487815],[153.032772,-27.487412],[153.032597,-27.48695],[153.032546,-27.486607],[153.032557,-27.486273],[153.032609,-27.485794],[153.03256,-27.485628],[153.032463,-27.48549],[153.032367,-27.485375],[153.032242,-27.485261],[153.032027,-27.485159],[153.0318,-27.485074],[153.031463,-27.48497],[153.031078,-27.48488],[153.030593,-27.484816],[153.0305,-27.485231],[153.030409,-27.485634],[153.03081,-27.485689],[153.030875,-27.485691],[153.03093,-27.485672],[153.030992,-27.48562],[153.031014,-27.485568],[153.031041,-27.48534],[153.031076,-27.485136],[153.03111,-27.485072],[153.031187,-27.484564],[153.031219,-27.484351],[153.031225,-27.484143],[153.031188,-27.483936],[153.031137,-27.483748],[153.031168,-27.48366],[153.031036,-27.483343],[153.030892,-27.483051],[153.030776,-27.482848],[153.030697,-27.482738],[153.030226,-27.482165],[153.027998,-27.479281],[153.026369,-27.477185],[153.024466,-27.474756],[153.024345,-27.474688],[153.024028,-27.474343],[153.023113,-27.47317],[153.023068,-27.473082],[153.023043,-27.472953],[153.023052,-27.47284],[153.023086,-27.472746],[153.023139,-27.47268],[153.023219,-27.472606],[153.023338,-27.472518],[153.023591,-27.472302],[153.023056,-27.471774],[153.022931,-27.471675],[153.022706,-27.471565],[153.022868,-27.471515],[153.023684,-27.4709],[153.023868,-27.470761]]},"properties":{"route_short_name":"183","route_long_name":"Wishart - City Rocket via Mansfield","direction_id":0,"shape_id":"1830001","trip_count":30,"headsign_summary":"Queen Street station","display_color":"#9d0208","text_color":"#000000","label_point":[153.066091,-27.519227]}},{"type":"Feature","geometry":{"type":"LineString","coordinates":[[153.024835,-27.470308],[153.024442,-27.470328],[153.023684,-27.4709],[153.022868,-27.471515],[153.022706,-27.471565],[153.022931,-27.471675],[153.023056,-27.471774],[153.023591,-27.472302],[153.024093,-27.472798],[153.024477,-27.473173],[153.024489,-27.473186],[153.025684,-27.47441],[153.025803,-27.474541],[153.025888,-27.474618],[153.02652,-27.475278],[153.026507,-27.475328],[153.026121,-27.475688],[153.02608,-27.475709],[153.026018,-27.475811],[153.025986,-27.475878],[153.025972,-27.475929],[153.025961,-27.476001],[153.025961,-27.47609],[153.02598,-27.476201],[153.026013,-27.476295],[153.026164,-27.476578],[153.026155,-27.476664],[153.026486,-27.477143],[153.02718,-27.478065],[153.028098,-27.479249],[153.030325,-27.482122],[153.030748,-27.482642],[153.030852,-27.482774],[153.031012,-27.48303],[153.031069,-27.483115],[153.031112,-27.483126],[153.031749,-27.484068],[153.031751,-27.484134],[153.031859,-27.484296],[153.031992,-27.48442],[153.032134,-27.484606],[153.032199,-27.484707],[153.032258,-27.48484],[153.032281,-27.485006],[153.032263,-27.485165],[153.032242,-27.485261],[153.032367,-27.485375],[153.032463,-27.48549],[153.03256,-27.485628],[153.032609,-27.485794],[153.032557,-27.486273],[153.032546,-27.486607],[153.032597,-27.48695],[153.032772,-27.487412],[153.032933,-27.487815],[153.033019,-27.488061],[153.033118,-27.488409],[153.033296,-27.489308],[153.033557,-27.490279],[153.033813,-27.490948],[153.034023,-27.491343],[153.034355,-27.491771],[153.034413,-27.491846],[153.034814,-27.492219],[153.035378,-27.49266],[153.035906,-27.49306],[153.036094,-27.493206],[153.036466,-27.493565],[153.037273,-27.494506],[153.037925,-27.49535],[153.038361,-27.49597],[153.039215,-27.496956],[153.039277,-27.497026],[153.039468,-27.497249],[153.039468,-27.497249],[153.039502,-27.497287],[153.039534,-27.497324],[153.039736,-27.497545],[153.039898,-27.497872],[153.040124,-27.498508],[153.040175,-27.498822],[153.040226,-27.499246],[153.040276,-27.499744],[153.040275,-27.500597],[153.040224,-27.501078],[153.04017,-27.501331],[153.040104,-27.501629],[153.03995,-27.502274],[153.039656,-27.503845],[153.039534,-27.504494],[153.039275,-27.505876],[153.039088,-27.506722],[153.039021,-27.507108],[153.038988,-27.507431],[153.038984,-27.507827],[153.039019,-27.508188],[153.039082,-27.508543],[153.039169,-27.508873],[153.039267,-27.509143],[153.03962,-27.509868],[153.039768,-27.510126],[153.040107,-27.510717],[153.040332,-27.511108],[153.040332,-27.511108],[153.040391,-27.51121],[153.040665,-27.51169],[153.040993,-27.512316],[153.041139,-27.5125],[153.04126,-27.512656],[153.041662,-27.513104],[153.041781,-27.513208],[153.042078,-27.513467],[153.042391,-27.513688],[153.042954,-27.51401],[153.047694,-27.516339],[153.048964,-27.516988],[153.04988,-27.517594],[153.050619,-27.518225],[153.05119,-27.518804],[153.052155,-27.520024],[153.053321,-27.521394],[153.05349,-27.521331],[153.053661,-27.521366],[153.053819,-27.521486],[153.053997,-27.521595],[153.054209,-27.521649],[153.054361,-27.522478],[153.054342,-27.522822],[153.054336,-27.522928],[153.054312,-27.523128],[153.054312,-27.523128],[153.05428,-27.523396],[153.054245,-27.523872],[153.054215,-27.52426],[153.054383,-27.52467],[153.054636,-27.52509],[153.055048,-27.525537],[153.05526,-27.525744],[153.055841,-27.525537],[153.056102,-27.525484],[153.056449,-27.525283],[153.056571,-27.52521],[153.057048,-27.524902],[153.057817,-27.524422],[153.058119,-27.524221],[153.058744,-27.523834],[153.058995,-27.523679],[153.059493,-27.523365],[153.060323,-27.522835],[153.060396,-27.522802],[153.061091,-27.522362],[153.061787,-27.521924],[153.062621,-27.521401],[153.062698,-27.521307],[153.063358,-27.520893],[153.063463,-27.520828],[153.064171,-27.520393],[153.064308,-27.52035],[153.064924,-27.519961],[153.065536,-27.519589],[153.065611,-27.519542],[153.065976,-27.5193],[153.066534,-27.518947],[153.067382,-27.518412],[153.067673,-27.518235],[153.067673,-27.518235],[153.06794,-27.518073],[153.068212,-27.517875],[153.069045,-27.51735],[153.069353,-27.517171],[153.069961,-27.516812],[153.070031,-27.516746],[153.071832,-27.515604],[153.072761,-27.515036],[153.072972,-27.51652],[153.073044,-27.516713],[153.073693,-27.517316],[153.074232,-27.517731],[153.074692,-27.517904],[153.074692,-27.517904],[153.075151,-27.518076],[153.076157,-27.518298],[153.076376,-27.518347],[153.078143,-27.518771],[153.078805,-27.518952],[153.080585,-27.518968],[153.080811,-27.518991],[153.081141,-27.519065],[153.081483,-27.519174],[153.081748,-27.519309],[153.082229,-27.519749],[153.08367,-27.521198],[153.08367,-27.521198],[153.083778,-27.521306],[153.083868,-27.521404],[153.08394,-27.521501],[153.087284,-27.523965],[153.087839,-27.524374],[153.088238,-27.524668],[153.08953,-27.526276],[153.090272,-27.527201],[153.090425,-27.527393],[153.090425,-27.527393],[153.090494,-27.527479],[153.092128,-27.529532],[153.09262,-27.53016],[153.09276,-27.530327],[153.092884,-27.530392],[153.093289,-27.530872],[153.093556,-27.531199],[153.093556,-27.531199],[153.093877,-27.531588],[153.09402,-27.531753],[153.094118,-27.531865],[153.094186,-27.531946],[153.094254,-27.532041],[153.094333,-27.532164],[153.094406,-27.532299],[153.094477,-27.532352],[153.094542,-27.532477],[153.094595,-27.532533],[153.094654,-27.532605],[153.094847,-27.532627],[153.095345,-27.532697],[153.096764,-27.532911],[153.097684,-27.533046],[153.09859,-27.533189],[153.098867,-27.533229],[153.098867,-27.533229],[153.100403,-27.533453],[153.101013,-27.533543],[153.102599,-27.533785],[153.102586,-27.533867],[153.102452,-27.534545],[153.102447,-27.534576],[153.102447,-27.534576],[153.102129,-27.536339],[153.102092,-27.536488],[153.102006,-27.536955],[153.101959,-27.537177],[153.101629,-27.538955],[153.100793,-27.53883],[153.100242,-27.538751],[153.100156,-27.539124],[153.100081,-27.539518],[153.099454,-27.539427],[153.099454,-27.539427],[153.099049,-27.539369],[153.098602,-27.541719],[153.09822,-27.543734],[153.098167,-27.544012],[153.098167,-27.544012],[153.098089,-27.544432],[153.104665,-27.545437],[153.104448,-27.546606],[153.104148,-27.54821],[153.103997,-27.549026],[153.102457,-27.548794],[153.102457,-27.548794],[153.102227,-27.548759],[153.101431,-27.548639],[153.100424,-27.548484],[153.100101,-27.548437],[153.099939,-27.548413],[153.099939,-27.548413],[153.09944,-27.54834],[153.098245,-27.54816],[153.097038,-27.547978],[153.095123,-27.547691],[153.095123,-27.547691],[153.094821,-27.547646],[153.094332,-27.547573],[153.091967,-27.547211],[153.091773,-27.547184],[153.091675,-27.547172],[153.091064,-27.547081],[153.091064,-27.547081],[153.089713,-27.54688],[153.089307,-27.546819],[153.089307,-27.546819],[153.088882,-27.546755],[153.087698,-27.546567],[153.087698,-27.546567],[153.087071,-27.546468],[153.087233,-27.54558],[153.087375,-27.544806],[153.08739,-27.544729]]},"properties":{"route_short_name":"183","route_long_name":"Wishart - City Rocket via Mansfield","direction_id":1,"shape_id":"1830003","trip_count":21,"headsign_summary":"Upper Mt Gravatt, Hillgrove St","display_color":"#9d0208","text_color":"#000000","label_point":[153.066846,-27.51875]}},{"type":"Feature","geometry":{"type":"LineString","coordinates":[[153.080616,-27.563486],[153.081329,-27.563949],[153.081261,-27.564065],[153.081192,-27.564184],[153.081939,-27.564616],[153.082576,-27.565004],[153.083401,-27.565258],[153.08379,-27.565307],[153.084019,-27.565302],[153.084022,-27.565276],[153.08403,-27.565253],[153.084044,-27.565233],[153.084061,-27.565215],[153.084083,-27.565202],[153.084107,-27.565192],[153.084133,-27.565187],[153.084159,-27.565187],[153.084185,-27.565192],[153.084209,-27.565202],[153.084231,-27.565215],[153.084249,-27.565233],[153.084262,-27.565253],[153.084265,-27.565261],[153.08445,-27.56525],[153.084555,-27.565255],[153.08489,-27.565302],[153.085,-27.565306],[153.085089,-27.565299],[153.085154,-27.565276],[153.085269,-27.565202],[153.08599,-27.564383],[153.086131,-27.564275],[153.086218,-27.564234],[153.086841,-27.564052],[153.086952,-27.564017],[153.087741,-27.563728],[153.088325,-27.563452],[153.088688,-27.563379],[153.088941,-27.562031],[153.089041,-27.561498],[153.089041,-27.561498],[153.089128,-27.561038],[153.089316,-27.55999],[153.089316,-27.55999],[153.089381,-27.559633],[153.08943,-27.55947],[153.089526,-27.558918],[153.089783,-27.557552],[153.089851,-27.557248],[153.089851,-27.557248],[153.089893,-27.557059],[153.089898,-27.556898],[153.090007,-27.556483],[153.090087,-27.556228],[153.090175,-27.555921],[153.090182,-27.555802],[153.090227,-27.555275],[153.090277,-27.554932],[153.090277,-27.554932],[153.090335,-27.554545],[153.090343,-27.554495],[153.090369,-27.554346],[153.09042,-27.554282],[153.090529,-27.553584],[153.09084,-27.551956],[153.09084,-27.551956],[153.090963,-27.551307],[153.091304,-27.549435],[153.091304,-27.549435],[153.091324,-27.549323],[153.091446,-27.54868],[153.091431,-27.548559],[153.091675,-27.547172],[153.091738,-27.546844],[153.091831,-27.546485],[153.091896,-27.546372],[153.091896,-27.546372],[153.091915,-27.546338],[153.092081,-27.545368],[153.092249,-27.544463],[153.092247,-27.544297],[153.092315,-27.543849],[153.092315,-27.543849],[153.092352,-27.543608],[153.092366,-27.543528],[153.092489,-27.542823],[153.092557,-27.542664],[153.092607,-27.542301],[153.092695,-27.541833],[153.092695,-27.541833],[153.092757,-27.541506],[153.092844,-27.541049],[153.093075,-27.539795],[153.093174,-27.539271],[153.093174,-27.539271],[153.093227,-27.538988],[153.093513,-27.537437],[153.093564,-27.53715],[153.093564,-27.53715],[153.093734,-27.536194],[153.093873,-27.535474],[153.093876,-27.535311],[153.094001,-27.534641],[153.094067,-27.534518],[153.094177,-27.53388],[153.094177,-27.53388],[153.094233,-27.533563],[153.094325,-27.533097],[153.094316,-27.532981],[153.094368,-27.532653],[153.094354,-27.532565],[153.094315,-27.532408],[153.094244,-27.532227],[153.0942,-27.53216],[153.094135,-27.532071],[153.094016,-27.531931],[153.093921,-27.531814],[153.093809,-27.531682],[153.093596,-27.531418],[153.093596,-27.531418],[153.093199,-27.530927],[153.092805,-27.530438],[153.09276,-27.530327],[153.09262,-27.53016],[153.092432,-27.52992],[153.092432,-27.52992],[153.092128,-27.529532],[153.090494,-27.527479],[153.090272,-27.527201],[153.090013,-27.526878],[153.090013,-27.526878],[153.08953,-27.526276],[153.088843,-27.525419],[153.088843,-27.525419],[153.088238,-27.524668],[153.087839,-27.524374],[153.087284,-27.523965],[153.086759,-27.523578],[153.086759,-27.523578],[153.08394,-27.521501],[153.083868,-27.521404],[153.083778,-27.521306],[153.083632,-27.52116],[153.083632,-27.52116],[153.082516,-27.520037],[153.082516,-27.520037],[153.082229,-27.519749],[153.081748,-27.519309],[153.081483,-27.519174],[153.081141,-27.519065],[153.080811,-27.518991],[153.080585,-27.518968],[153.079369,-27.518957],[153.079369,-27.518957],[153.078805,-27.518952],[153.078143,-27.518771],[153.076722,-27.51843],[153.076722,-27.51843],[153.076376,-27.518347],[153.076157,-27.518298],[153.075151,-27.518076],[153.074455,-27.517815],[153.074455,-27.517815],[153.074232,-27.517731],[153.073693,-27.517316],[153.073304,-27.516954],[153.073304,-27.516954],[153.073044,-27.516713],[153.072972,-27.51652],[153.072761,-27.515036],[153.072669,-27.514306],[153.072669,-27.514306],[153.072581,-27.513595],[153.072531,-27.513498],[153.071965,-27.513256],[153.071965,-27.513256],[153.070993,-27.51284],[153.070231,-27.512826],[153.069764,-27.512826],[153.069764,-27.512826],[153.069458,-27.512825],[153.068985,-27.512816],[153.068811,-27.512768],[153.067566,-27.512277],[153.067033,-27.512069],[153.067033,-27.512069],[153.066656,-27.511923],[153.064472,-27.510976],[153.064391,-27.510969],[153.064236,-27.510889],[153.064179,-27.510831],[153.064138,-27.510759],[153.064105,-27.510677],[153.064084,-27.510512],[153.064084,-27.510467],[153.064102,-27.510389],[153.064065,-27.510031],[153.064011,-27.509473],[153.063991,-27.509192],[153.063991,-27.509192],[153.063942,-27.508524],[153.063874,-27.507614],[153.063839,-27.507378],[153.063779,-27.507199],[153.063722,-27.507117],[153.063653,-27.507049],[153.063561,-27.506989],[153.063102,-27.506685],[153.063102,-27.506685],[153.062994,-27.506613],[153.061722,-27.50564],[153.061577,-27.505534],[153.061455,-27.505404],[153.061414,-27.505322],[153.061403,-27.505097],[153.061526,-27.504285],[153.061526,-27.504285],[153.061675,-27.50329],[153.061749,-27.502725],[153.061877,-27.501856],[153.061915,-27.501645],[153.061915,-27.501645],[153.062065,-27.500792],[153.062304,-27.499768],[153.062326,-27.49966],[153.062331,-27.499542],[153.06232,-27.499431],[153.062288,-27.499334],[153.062206,-27.499172],[153.06207,-27.49896],[153.061801,-27.498542],[153.061801,-27.498542],[153.061607,-27.498243],[153.061488,-27.498055],[153.061335,-27.497814],[153.061142,-27.497554],[153.060724,-27.496839],[153.060724,-27.496839],[153.060674,-27.496754],[153.060609,-27.496645],[153.060195,-27.49596],[153.059669,-27.495116],[153.059669,-27.495116],[153.059591,-27.49499],[153.059286,-27.494574],[153.059204,-27.49445],[153.058691,-27.493693],[153.058608,-27.493556],[153.058174,-27.492906],[153.058,-27.492636],[153.057858,-27.492425],[153.057858,-27.492425],[153.057653,-27.49212],[153.057471,-27.491859],[153.057136,-27.491337],[153.056618,-27.490553],[153.056229,-27.489957],[153.056229,-27.489957],[153.056047,-27.489678],[153.055728,-27.489174],[153.055436,-27.488769],[153.055045,-27.488184],[153.054908,-27.487964],[153.054908,-27.487964],[153.054637,-27.487526],[153.054452,-27.487475],[153.054309,-27.487447],[153.054109,-27.487453],[153.053473,-27.487712],[153.053222,-27.487805],[153.05306,-27.48785],[153.052775,-27.487841],[153.05228,-27.48781],[153.051748,-27.487753],[153.051151,-27.487656],[153.050723,-27.487667],[153.050263,-27.487758],[153.05,-27.48783],[153.049402,-27.488001],[153.049125,-27.488072],[153.049125,-27.488072],[153.048887,-27.488133],[153.04831,-27.488301],[153.048076,-27.488341],[153.04791,-27.488346],[153.047413,-27.488282],[153.04714,-27.488237],[153.04714,-27.488237],[153.046411,-27.48812],[153.04618,-27.488096],[153.045738,-27.488074],[153.04542,-27.488031],[153.044601,-27.487895],[153.044601,-27.487895],[153.044419,-27.487865],[153.043894,-27.48778],[153.043268,-27.487678],[153.04286,-27.487607],[153.04286,-27.487607],[153.042638,-27.487568],[153.041986,-27.487466],[153.040839,-27.487282],[153.040143,-27.487182],[153.040143,-27.487182],[153.039798,-27.487133],[153.037131,-27.486707],[153.036256,-27.486564],[153.036006,-27.486525],[153.035884,-27.486508],[153.035886,-27.486323],[153.035601,-27.486205],[153.035298,-27.486105],[153.035155,-27.486085],[153.034659,-27.486018],[153.034659,-27.486018],[153.034537,-27.486],[153.034455,-27.485989],[153.034112,-27.486012],[153.033985,-27.486024],[153.033855,-27.486017],[153.032981,-27.48589],[153.032752,-27.485833],[153.032609,-27.485794],[153.03256,-27.485628],[153.032463,-27.48549],[153.032367,-27.485375],[153.032242,-27.485261],[153.032027,-27.485159],[153.0318,-27.485074],[153.031463,-27.48497],[153.031078,-27.48488],[153.030593,-27.484816],[153.0305,-27.485231],[153.030409,-27.485634],[153.03081,-27.485689],[153.030875,-27.485691],[153.03093,-27.485672],[153.030992,-27.48562],[153.031014,-27.485568],[153.031041,-27.48534],[153.031076,-27.485136],[153.03111,-27.485072],[153.031187,-27.484564],[153.031219,-27.484351],[153.031225,-27.484143],[153.031188,-27.483936],[153.031137,-27.483748],[153.031168,-27.48366],[153.031036,-27.483343],[153.030892,-27.483051],[153.030776,-27.482848],[153.030697,-27.482738],[153.030226,-27.482165],[153.027998,-27.479281],[153.026369,-27.477185],[153.026272,-27.47717],[153.025862,-27.476725],[153.025112,-27.475742],[153.025038,-27.475537],[153.02503,-27.475379],[153.025053,-27.475271],[153.0251,-27.47517],[153.025153,-27.475094],[153.025226,-27.475007],[153.025528,-27.474776],[153.025602,-27.474712],[153.025734,-27.474598],[153.025803,-27.474541],[153.026525,-27.474008],[153.027856,-27.472962],[153.028067,-27.472799],[153.028067,-27.472799],[153.028209,-27.472688],[153.029896,-27.471372],[153.030217,-27.471123],[153.030518,-27.47089],[153.02978,-27.470131],[153.030091,-27.469878],[153.03024,-27.469754],[153.03029,-27.469706],[153.0303,-27.469588],[153.030257,-27.469338],[153.030118,-27.468516],[153.029792,-27.468187],[153.029368,-27.467787],[153.029672,-27.467564],[153.029772,-27.467487],[153.029883,-27.467395],[153.029987,-27.467244],[153.03016,-27.466617],[153.03016,-27.466617],[153.030208,-27.466444],[153.030365,-27.465869],[153.030318,-27.465719],[153.031189,-27.464953],[153.031257,-27.464772],[153.031432,-27.464027],[153.031442,-27.463832],[153.031424,-27.46369],[153.03137,-27.463524],[153.03123,-27.463023],[153.031208,-27.46284],[153.031208,-27.462757],[153.031208,-27.462757],[153.031205,-27.462336],[153.031192,-27.461816],[153.031222,-27.461607],[153.03125,-27.461538],[153.031423,-27.461131],[153.031526,-27.460942],[153.03168,-27.460616],[153.031727,-27.460482],[153.031852,-27.459874],[153.031838,-27.459543],[153.031866,-27.459375],[153.032069,-27.459098],[153.032069,-27.459098],[153.032125,-27.459023],[153.032465,-27.458711],[153.033045,-27.458084],[153.033692,-27.457431],[153.034028,-27.457096],[153.034324,-27.456801],[153.034641,-27.457022],[153.03489,-27.457218]]},"properties":{"route_short_name":"185","route_long_name":"Garden City - City/Valley","direction_id":0,"shape_id":"1850019","trip_count":407,"headsign_summary":"Fortitude Valley, Warner St","display_color":"#6c757d","text_color":"#000000","label_point":[153.063337,-27.50684]}},{"type":"Feature","geometry":{"type":"LineString","coordinates":[[153.035128,-27.457407],[153.035658,-27.457825],[153.035546,-27.457938],[153.035404,-27.45808],[153.035015,-27.458477],[153.034365,-27.459116],[153.03427,-27.459217],[153.033799,-27.459679],[153.033552,-27.459927],[153.033224,-27.460257],[153.033224,-27.460257],[153.032581,-27.460906],[153.032457,-27.461044],[153.031792,-27.461724],[153.031704,-27.461829],[153.031706,-27.461849],[153.031676,-27.46196],[153.031592,-27.46211],[153.031512,-27.462221],[153.031419,-27.462367],[153.031342,-27.462544],[153.031294,-27.462699],[153.031278,-27.462823],[153.031307,-27.463004],[153.031371,-27.4633],[153.03137,-27.463524],[153.031424,-27.46369],[153.031442,-27.463832],[153.031432,-27.464027],[153.031257,-27.464772],[153.031189,-27.464953],[153.030318,-27.465719],[153.030365,-27.465869],[153.030208,-27.466444],[153.029987,-27.467244],[153.02998,-27.467269],[153.02998,-27.467269],[153.029916,-27.467519],[153.029876,-27.467645],[153.029764,-27.467966],[153.029764,-27.468085],[153.029792,-27.468187],[153.030118,-27.468516],[153.030257,-27.469338],[153.0303,-27.469588],[153.03029,-27.469706],[153.03024,-27.469754],[153.030091,-27.469878],[153.02978,-27.470131],[153.029159,-27.470615],[153.027728,-27.471729],[153.027475,-27.471928],[153.026992,-27.472305],[153.026992,-27.472305],[153.025783,-27.473248],[153.026525,-27.474008],[153.027254,-27.474755],[153.02652,-27.475278],[153.026507,-27.475328],[153.026121,-27.475688],[153.02608,-27.475709],[153.026018,-27.475811],[153.025986,-27.475878],[153.025972,-27.475929],[153.025961,-27.476001],[153.025961,-27.47609],[153.02598,-27.476201],[153.026013,-27.476295],[153.026164,-27.476578],[153.026155,-27.476664],[153.026486,-27.477143],[153.02718,-27.478065],[153.028098,-27.479249],[153.030325,-27.482122],[153.030748,-27.482642],[153.030852,-27.482774],[153.031012,-27.48303],[153.031069,-27.483115],[153.031112,-27.483126],[153.031749,-27.484068],[153.031751,-27.484134],[153.031859,-27.484296],[153.031992,-27.48442],[153.032134,-27.484606],[153.032199,-27.484707],[153.032258,-27.48484],[153.032281,-27.485006],[153.032263,-27.485165],[153.032242,-27.485261],[153.032367,-27.485375],[153.032463,-27.48549],[153.03256,-27.485628],[153.032609,-27.485794],[153.032752,-27.485833],[153.032981,-27.48589],[153.033855,-27.486017],[153.033985,-27.486024],[153.034112,-27.486012],[153.034455,-27.485989],[153.034537,-27.486],[153.035068,-27.486073],[153.035068,-27.486073],[153.035155,-27.486085],[153.035298,-27.486105],[153.035601,-27.486205],[153.035886,-27.486323],[153.036004,-27.486366],[153.036342,-27.48644],[153.03667,-27.486497],[153.036825,-27.486528],[153.03691,-27.486549],[153.037278,-27.486605],[153.039417,-27.486967],[153.039654,-27.486987],[153.039654,-27.486987],[153.039754,-27.486996],[153.039824,-27.486998],[153.04017,-27.485183],[153.041033,-27.485306],[153.041234,-27.485345],[153.041434,-27.485372],[153.041434,-27.485372],[153.041866,-27.485431],[153.042311,-27.485497],[153.042596,-27.485538],[153.043013,-27.485602],[153.04364,-27.485701],[153.043762,-27.485718],[153.044125,-27.485772],[153.044125,-27.485772],[153.044782,-27.485869],[153.045307,-27.485947],[153.0458,-27.486023],[153.046462,-27.486128],[153.046462,-27.486128],[153.046789,-27.48618],[153.047791,-27.486337],[153.048922,-27.486513],[153.048922,-27.486513],[153.049195,-27.486557],[153.049779,-27.486649],[153.049863,-27.48672],[153.050012,-27.486863],[153.050126,-27.487111],[153.050054,-27.487598],[153.050078,-27.48766],[153.050112,-27.487701],[153.05014,-27.487729],[153.050196,-27.487745],[153.050263,-27.487758],[153.050723,-27.487667],[153.051151,-27.487656],[153.051748,-27.487753],[153.05228,-27.48781],[153.052775,-27.487841],[153.053035,-27.487763],[153.054004,-27.487382],[153.054058,-27.487064],[153.05409,-27.486981],[153.05409,-27.486981],[153.054121,-27.4869],[153.054163,-27.48684],[153.054411,-27.487213],[153.054477,-27.487306],[153.054637,-27.487526],[153.055045,-27.488184],[153.055436,-27.488769],[153.055728,-27.489174],[153.056047,-27.489678],[153.056192,-27.4899],[153.056192,-27.4899],[153.056618,-27.490553],[153.057136,-27.491337],[153.057471,-27.491859],[153.057653,-27.49212],[153.057872,-27.492447],[153.057872,-27.492447],[153.058,-27.492636],[153.058174,-27.492906],[153.058608,-27.493556],[153.058691,-27.493693],[153.058987,-27.49413],[153.058987,-27.49413],[153.059204,-27.49445],[153.059286,-27.494574],[153.059591,-27.49499],[153.060195,-27.49596],[153.060501,-27.496466],[153.060501,-27.496466],[153.060609,-27.496645],[153.060674,-27.496754],[153.061142,-27.497554],[153.061335,-27.497814],[153.061488,-27.498055],[153.061607,-27.498243],[153.06207,-27.49896],[153.062206,-27.499172],[153.062279,-27.499316],[153.062279,-27.499316],[153.062288,-27.499334],[153.06232,-27.499431],[153.062331,-27.499542],[153.062326,-27.49966],[153.062304,-27.499768],[153.062065,-27.500792],[153.061949,-27.501449],[153.061949,-27.501449],[153.061877,-27.501856],[153.061749,-27.502725],[153.061693,-27.503151],[153.061693,-27.503151],[153.061675,-27.50329],[153.061437,-27.504873],[153.061437,-27.504873],[153.061403,-27.505097],[153.061414,-27.505322],[153.061455,-27.505404],[153.061577,-27.505534],[153.061722,-27.50564],[153.062994,-27.506613],[153.063561,-27.506989],[153.063653,-27.507049],[153.063722,-27.507117],[153.063779,-27.507199],[153.063839,-27.507378],[153.063846,-27.507426],[153.063846,-27.507426],[153.063874,-27.507614],[153.063942,-27.508524],[153.064002,-27.509353],[153.064002,-27.509353],[153.064011,-27.509473],[153.064065,-27.510031],[153.064102,-27.510389],[153.06416,-27.510464],[153.064176,-27.510602],[153.064192,-27.510667],[153.064231,-27.510754],[153.064304,-27.510833],[153.064432,-27.51092],[153.064472,-27.510976],[153.066303,-27.51177],[153.066303,-27.51177],[153.066656,-27.511923],[153.067566,-27.512277],[153.06796,-27.512433],[153.06796,-27.512433],[153.068811,-27.512768],[153.068985,-27.512816],[153.069458,-27.512825],[153.069986,-27.512825],[153.069986,-27.512825],[153.070231,-27.512826],[153.070993,-27.51284],[153.072122,-27.513323],[153.072122,-27.513323],[153.072531,-27.513498],[153.072581,-27.513595],[153.072761,-27.515036],[153.072824,-27.515475],[153.072824,-27.515475],[153.072972,-27.51652],[153.073044,-27.516713],[153.073515,-27.517151],[153.073515,-27.517151],[153.073693,-27.517316],[153.074232,-27.517731],[153.074692,-27.517904],[153.074692,-27.517904],[153.075151,-27.518076],[153.076157,-27.518298],[153.076376,-27.518347],[153.078143,-27.518771],[153.078497,-27.518868],[153.078497,-27.518868],[153.078805,-27.518952],[153.080585,-27.518968],[153.080811,-27.518991],[153.081141,-27.519065],[153.081483,-27.519174],[153.081748,-27.519309],[153.082229,-27.519749],[153.0823,-27.51982],[153.0823,-27.51982],[153.08367,-27.521198],[153.08367,-27.521198],[153.083778,-27.521306],[153.083868,-27.521404],[153.08394,-27.521501],[153.086707,-27.52354],[153.086707,-27.52354],[153.087284,-27.523965],[153.087839,-27.524374],[153.088238,-27.524668],[153.088685,-27.525225],[153.088685,-27.525225],[153.08953,-27.526276],[153.090272,-27.527201],[153.090425,-27.527393],[153.090425,-27.527393],[153.090494,-27.527479],[153.092128,-27.529532],[153.092553,-27.530074],[153.092553,-27.530074],[153.09262,-27.53016],[153.09276,-27.530327],[153.092884,-27.530392],[153.093289,-27.530872],[153.093556,-27.531199],[153.093556,-27.531199],[153.093877,-27.531588],[153.09402,-27.531753],[153.094118,-27.531865],[153.094186,-27.531946],[153.094254,-27.532041],[153.094333,-27.532164],[153.094406,-27.532299],[153.094488,-27.532612],[153.09449,-27.532687],[153.094474,-27.532781],[153.094406,-27.533008],[153.094325,-27.533097],[153.094233,-27.533563],[153.094156,-27.534002],[153.094156,-27.534002],[153.094067,-27.534518],[153.094077,-27.53465],[153.093952,-27.535321],[153.093873,-27.535474],[153.093734,-27.536194],[153.093513,-27.537437],[153.093499,-27.537513],[153.093499,-27.537513],[153.093227,-27.538988],[153.093106,-27.539636],[153.093106,-27.539636],[153.093075,-27.539795],[153.092844,-27.541049],[153.092757,-27.541506],[153.092716,-27.541723],[153.092716,-27.541723],[153.092607,-27.542301],[153.092557,-27.542664],[153.092573,-27.542833],[153.092487,-27.543375],[153.092464,-27.543539],[153.092451,-27.543619],[153.092415,-27.54381],[153.09232,-27.544307],[153.092249,-27.544463],[153.092081,-27.545368],[153.091915,-27.546338],[153.091917,-27.546398],[153.091917,-27.546398],[153.09192,-27.546497],[153.091825,-27.546945],[153.091773,-27.547184],[153.091515,-27.548571],[153.091446,-27.54868],[153.091338,-27.549247],[153.091338,-27.549247],[153.091324,-27.549323],[153.090963,-27.551307],[153.090847,-27.551917],[153.090847,-27.551917],[153.090529,-27.553584],[153.090492,-27.553823],[153.090492,-27.553823],[153.09042,-27.554282],[153.090439,-27.554361],[153.090419,-27.554504],[153.090413,-27.554556],[153.090331,-27.555123],[153.090317,-27.55532],[153.09032,-27.555482],[153.090315,-27.555729],[153.090311,-27.555851],[153.090252,-27.556143],[153.090045,-27.556705],[153.08998,-27.556915],[153.089893,-27.557059],[153.089783,-27.557552],[153.089708,-27.557947],[153.089708,-27.557947],[153.089526,-27.558918],[153.08943,-27.55947],[153.089381,-27.559633],[153.089255,-27.560333],[153.089255,-27.560333],[153.089128,-27.561038],[153.088941,-27.562031],[153.088688,-27.563379],[153.088325,-27.563452],[153.087741,-27.563728],[153.086952,-27.564017],[153.086841,-27.564052],[153.086218,-27.564234],[153.086131,-27.564275],[153.08599,-27.564383],[153.085669,-27.564748],[153.085669,-27.564748],[153.085269,-27.565202],[153.085154,-27.565276],[153.085089,-27.565299],[153.085,-27.565306],[153.08489,-27.565302],[153.084555,-27.565255],[153.08445,-27.56525],[153.084265,-27.565261],[153.08427,-27.565276],[153.084274,-27.565299],[153.084271,-27.565322],[153.084262,-27.565344],[153.084249,-27.565365],[153.084231,-27.565383],[153.084227,-27.565385],[153.084209,-27.565396],[153.084185,-27.565406],[153.084159,-27.565411],[153.084133,-27.565411],[153.084118,-27.565408],[153.084107,-27.565406],[153.084083,-27.565396],[153.084061,-27.565383],[153.084043,-27.565365],[153.08403,-27.565345],[153.084022,-27.565322],[153.084019,-27.565302],[153.08379,-27.565307],[153.083401,-27.565258],[153.082576,-27.565004],[153.081939,-27.564616],[153.081192,-27.564184],[153.081108,-27.564136],[153.079869,-27.563282],[153.079972,-27.563249],[153.080077,-27.563228],[153.080201,-27.563216],[153.080233,-27.563215]]},"properties":{"route_short_name":"185","route_long_name":"Garden City - City/Valley","direction_id":1,"shape_id":"1850018","trip_count":403,"headsign_summary":"Garden City interchange","display_color":"#6c757d","text_color":"#000000","label_point":[153.063875,-27.507631]}},{"type":"Feature","geometry":{"type":"LineString","coordinates":[[153.08979,-27.561134],[153.089929,-27.561154],[153.090554,-27.561249],[153.09199,-27.56145],[153.092828,-27.561579],[153.093226,-27.561637],[153.093226,-27.561637],[153.093253,-27.561641],[153.09419,-27.561731],[153.094867,-27.561841],[153.095288,-27.561837],[153.095809,-27.561774],[153.096105,-27.561635],[153.096443,-27.561384],[153.096556,-27.561311],[153.096556,-27.561311],[153.097107,-27.560956],[153.097012,-27.560655],[153.096959,-27.560474],[153.096968,-27.560101],[153.097191,-27.559577],[153.0973,-27.559274],[153.0974,-27.558731],[153.0974,-27.558731],[153.097596,-27.557669],[153.097588,-27.557372],[153.098191,-27.557462],[153.098726,-27.557542],[153.098726,-27.557542],[153.099254,-27.557621],[153.100025,-27.557718],[153.100377,-27.557803],[153.100569,-27.557832],[153.100569,-27.557832],[153.101157,-27.557924],[153.101382,-27.55677],[153.101741,-27.5572],[153.101741,-27.5572],[153.102246,-27.557804],[153.102826,-27.557442],[153.103029,-27.557254],[153.103143,-27.557132],[153.103216,-27.557009],[153.10332,-27.556763],[153.103371,-27.556648],[153.103412,-27.556482],[153.103441,-27.555952],[153.103475,-27.555551],[153.103623,-27.554967],[153.103623,-27.554967],[153.103696,-27.554678],[153.103869,-27.554511],[153.104289,-27.55421],[153.105165,-27.553675],[153.10481,-27.553212],[153.10481,-27.553212],[153.104606,-27.552946],[153.103926,-27.552074],[153.103393,-27.552481],[153.103074,-27.552699],[153.10282,-27.552885],[153.10282,-27.552885],[153.10242,-27.553179],[153.102276,-27.553279],[153.099981,-27.554494],[153.099738,-27.554591],[153.098924,-27.554791],[153.098193,-27.554969],[153.098099,-27.55499],[153.098099,-27.55499],[153.096664,-27.555329],[153.096433,-27.555351],[153.096173,-27.555347],[153.095842,-27.555312],[153.095418,-27.555252],[153.09454,-27.555117],[153.094077,-27.555093],[153.093043,-27.555076],[153.092731,-27.555069],[153.09208,-27.555051],[153.091873,-27.555073],[153.091681,-27.555109],[153.091473,-27.555065],[153.091359,-27.554906],[153.091305,-27.554872],[153.090567,-27.554599],[153.090499,-27.554578],[153.090413,-27.554556],[153.090335,-27.554545],[153.090208,-27.554527],[153.090151,-27.554498],[153.089502,-27.554409],[153.087802,-27.554186],[153.087709,-27.554171],[153.086977,-27.554038],[153.086977,-27.554038],[153.086724,-27.553992],[153.08622,-27.553915],[153.084929,-27.553722],[153.084224,-27.553615],[153.084224,-27.553615],[153.083626,-27.553525],[153.082323,-27.553331],[153.081447,-27.553198],[153.081447,-27.553198],[153.081004,-27.553131],[153.080184,-27.553005],[153.080091,-27.553021],[153.079888,-27.552997],[153.07975,-27.55298],[153.079174,-27.552879],[153.078813,-27.552818],[153.078614,-27.552754],[153.077822,-27.552666],[153.077822,-27.552666],[153.077707,-27.552653],[153.077097,-27.552547],[153.072962,-27.551956],[153.072363,-27.551867],[153.072363,-27.551867],[153.071768,-27.551778],[153.070355,-27.551562],[153.06908,-27.551377],[153.068993,-27.551354],[153.068881,-27.551266],[153.068669,-27.551048],[153.068505,-27.550862],[153.068388,-27.550681],[153.068236,-27.550459],[153.068015,-27.550245],[153.067769,-27.550112],[153.067494,-27.550022],[153.067076,-27.549933],[153.067229,-27.549812],[153.067299,-27.549741],[153.067336,-27.549649],[153.067348,-27.549556],[153.067344,-27.549466],[153.067277,-27.549384],[153.067159,-27.549288],[153.067069,-27.549226],[153.066936,-27.549162],[153.066856,-27.549168],[153.066758,-27.549187],[153.066495,-27.549353],[153.066127,-27.548792],[153.06595,-27.548457],[153.065668,-27.547884],[153.065594,-27.547774],[153.0654,-27.547487],[153.06496,-27.547059],[153.064637,-27.546787],[153.064302,-27.546504],[153.064302,-27.546504],[153.064191,-27.546411],[153.063571,-27.545817],[153.063231,-27.545473],[153.062842,-27.545041],[153.062025,-27.544044],[153.061329,-27.543042],[153.060645,-27.541873],[153.06031,-27.541193],[153.059935,-27.540203],[153.059653,-27.539154],[153.059533,-27.538509],[153.059425,-27.537698],[153.059278,-27.537149],[153.059201,-27.536951],[153.058944,-27.5363],[153.058796,-27.535921],[153.058621,-27.535384],[153.058505,-27.534785],[153.058466,-27.534585],[153.05838,-27.534187],[153.057668,-27.530886],[153.057581,-27.530373],[153.057567,-27.529866],[153.057534,-27.529294],[153.057465,-27.528835],[153.057335,-27.528296],[153.057165,-27.527713],[153.056796,-27.526908],[153.056528,-27.526282],[153.05642,-27.525997],[153.056261,-27.52544],[153.056079,-27.525055],[153.05605,-27.525002],[153.055795,-27.524542],[153.055326,-27.523837],[153.054942,-27.523367],[153.054636,-27.522993],[153.054059,-27.522273],[153.053953,-27.52214],[153.053321,-27.521394],[153.052155,-27.520024],[153.05119,-27.518804],[153.050619,-27.518225],[153.04988,-27.517594],[153.048964,-27.516988],[153.047694,-27.516339],[153.042954,-27.51401],[153.042391,-27.513688],[153.042078,-27.513467],[153.041781,-27.513208],[153.041662,-27.513104],[153.04126,-27.512656],[153.041139,-27.5125],[153.040993,-27.512316],[153.040665,-27.51169],[153.040391,-27.51121],[153.040107,-27.510717],[153.039768,-27.510126],[153.03962,-27.509868],[153.039267,-27.509143],[153.039169,-27.508873],[153.039082,-27.508543],[153.039019,-27.508188],[153.038984,-27.507827],[153.038988,-27.507431],[153.039021,-27.507108],[153.039088,-27.506722],[153.039275,-27.505876],[153.039534,-27.504494],[153.039656,-27.503845],[153.03995,-27.502274],[153.040104,-27.501629],[153.04017,-27.501331],[153.040224,-27.501078],[153.040275,-27.500597],[153.040276,-27.499744],[153.040226,-27.499246],[153.040175,-27.498822],[153.040124,-27.498508],[153.039898,-27.497872],[153.039736,-27.497545],[153.039534,-27.497324],[153.039502,-27.497287],[153.039277,-27.497026],[153.039215,-27.496956],[153.038361,-27.49597],[153.037925,-27.49535],[153.037273,-27.494506],[153.036466,-27.493565],[153.036094,-27.493206],[153.035906,-27.49306],[153.035378,-27.49266],[153.034814,-27.492219],[153.034413,-27.491846],[153.034355,-27.491771],[153.034023,-27.491343],[153.033813,-27.490948],[153.033557,-27.490279],[153.033296,-27.489308],[153.033118,-27.488409],[153.033019,-27.488061],[153.032933,-27.487815],[153.032772,-27.487412],[153.032597,-27.48695],[153.032546,-27.486607],[153.032557,-27.486273],[153.032609,-27.485794],[153.03256,-27.485628],[153.032463,-27.48549],[153.032367,-27.485375],[153.032242,-27.485261],[153.032027,-27.485159],[153.0318,-27.485074],[153.031463,-27.48497],[153.031078,-27.48488],[153.030593,-27.484816],[153.0305,-27.485231],[153.030409,-27.485634],[153.03081,-27.485689],[153.030875,-27.485691],[153.03093,-27.485672],[153.030992,-27.48562],[153.031014,-27.485568],[153.031041,-27.48534],[153.031076,-27.485136],[153.03111,-27.485072],[153.031187,-27.484564],[153.031219,-27.484351],[153.031225,-27.484143],[153.031188,-27.483936],[153.031137,-27.483748],[153.031168,-27.48366],[153.031036,-27.483343],[153.030892,-27.483051],[153.030776,-27.482848],[153.030697,-27.482738],[153.030226,-27.482165],[153.027998,-27.479281],[153.026369,-27.477185],[153.024466,-27.474756],[153.024345,-27.474688],[153.024028,-27.474343],[153.023113,-27.47317],[153.023068,-27.473082],[153.023043,-27.472953],[153.023052,-27.47284],[153.023086,-27.472746],[153.023139,-27.47268],[153.023219,-27.472606],[153.023338,-27.472518],[153.023591,-27.472302],[153.024304,-27.471731],[153.024768,-27.471371],[153.024768,-27.471371],[153.025296,-27.47096],[153.025993,-27.470418],[153.027529,-27.469219],[153.027529,-27.469219],[153.027681,-27.469101],[153.028534,-27.468437],[153.029368,-27.467787],[153.02903,-27.467439],[153.029003,-27.467411],[153.028873,-27.467279]]},"properties":{"route_short_name":"186","route_long_name":"Wishart - City Rocket","direction_id":0,"shape_id":"1860052","trip_count":30,"headsign_summary":"Riverside, Creek St","display_color":"#ff006e","text_color":"#000000","label_point":[153.057591,-27.53043]}},{"type":"Feature","geometry":{"type":"LineString","coordinates":[[153.028873,-27.467279],[153.028622,-27.46702],[153.02786,-27.466239],[153.027153,-27.466786],[153.027009,-27.466899],[153.026226,-27.467508],[153.02617,-27.467553],[153.026567,-27.467964],[153.026932,-27.468331],[153.027314,-27.468724],[153.027681,-27.469101],[153.028427,-27.469865],[153.027352,-27.470704],[153.027163,-27.470851],[153.027163,-27.470851],[153.026741,-27.471181],[153.026044,-27.471728],[153.025051,-27.472498],[153.025169,-27.472618],[153.025783,-27.473248],[153.026525,-27.474008],[153.026807,-27.474296],[153.026807,-27.474296],[153.027254,-27.474755],[153.02652,-27.475278],[153.026507,-27.475328],[153.026121,-27.475688],[153.02608,-27.475709],[153.026018,-27.475811],[153.025986,-27.475878],[153.025972,-27.475929],[153.025961,-27.476001],[153.025961,-27.47609],[153.02598,-27.476201],[153.026013,-27.476295],[153.026164,-27.476578],[153.026155,-27.476664],[153.026486,-27.477143],[153.02718,-27.478065],[153.028098,-27.479249],[153.030325,-27.482122],[153.030748,-27.482642],[153.030852,-27.482774],[153.031012,-27.48303],[153.031069,-27.483115],[153.031112,-27.483126],[153.031749,-27.484068],[153.031751,-27.484134],[153.031859,-27.484296],[153.031992,-27.48442],[153.032134,-27.484606],[153.032199,-27.484707],[153.032258,-27.48484],[153.032281,-27.485006],[153.032263,-27.485165],[153.032242,-27.485261],[153.032367,-27.485375],[153.032463,-27.48549],[153.03256,-27.485628],[153.032609,-27.485794],[153.032557,-27.486273],[153.032546,-27.486607],[153.032597,-27.48695],[153.032772,-27.487412],[153.032933,-27.487815],[153.033019,-27.488061],[153.033118,-27.488409],[153.033296,-27.489308],[153.033557,-27.490279],[153.033813,-27.490948],[153.034023,-27.491343],[153.034355,-27.491771],[153.034413,-27.491846],[153.034814,-27.492219],[153.035378,-27.49266],[153.035906,-27.49306],[153.036094,-27.493206],[153.036466,-27.493565],[153.037273,-27.494506],[153.037925,-27.49535],[153.038361,-27.49597],[153.039215,-27.496956],[153.039277,-27.497026],[153.039502,-27.497287],[153.039534,-27.497324],[153.039736,-27.497545],[153.039898,-27.497872],[153.040124,-27.498508],[153.040175,-27.498822],[153.040226,-27.499246],[153.040276,-27.499744],[153.040275,-27.500597],[153.040224,-27.501078],[153.04017,-27.501331],[153.040104,-27.501629],[153.03995,-27.502274],[153.039656,-27.503845],[153.039534,-27.504494],[153.039275,-27.505876],[153.039088,-27.506722],[153.039021,-27.507108],[153.038988,-27.507431],[153.038984,-27.507827],[153.039019,-27.508188],[153.039082,-27.508543],[153.039169,-27.508873],[153.039267,-27.509143],[153.03962,-27.509868],[153.039768,-27.510126],[153.040107,-27.510717],[153.040391,-27.51121],[153.040665,-27.51169],[153.040993,-27.512316],[153.041139,-27.5125],[153.04126,-27.512656],[153.041662,-27.513104],[153.041781,-27.513208],[153.042078,-27.513467],[153.042391,-27.513688],[153.042954,-27.51401],[153.047694,-27.516339],[153.048964,-27.516988],[153.04988,-27.517594],[153.050619,-27.518225],[153.05119,-27.518804],[153.052155,-27.520024],[153.053321,-27.521394],[153.053953,-27.52214],[153.054059,-27.522273],[153.054636,-27.522993],[153.054942,-27.523367],[153.055326,-27.523837],[153.055795,-27.524542],[153.05605,-27.525002],[153.056079,-27.525055],[153.056261,-27.52544],[153.05642,-27.525997],[153.056528,-27.526282],[153.056796,-27.526908],[153.057165,-27.527713],[153.057335,-27.528296],[153.057465,-27.528835],[153.057534,-27.529294],[153.057567,-27.529866],[153.057581,-27.530373],[153.057668,-27.530886],[153.05838,-27.534187],[153.058466,-27.534585],[153.058505,-27.534785],[153.058621,-27.535384],[153.058796,-27.535921],[153.058944,-27.5363],[153.059201,-27.536951],[153.059278,-27.537149],[153.059425,-27.537698],[153.059533,-27.538509],[153.059653,-27.539154],[153.059935,-27.540203],[153.06031,-27.541193],[153.060645,-27.541873],[153.061329,-27.543042],[153.062025,-27.544044],[153.062842,-27.545041],[153.063231,-27.545473],[153.063571,-27.545817],[153.064191,-27.546411],[153.064615,-27.546768],[153.064615,-27.546768],[153.064637,-27.546787],[153.06496,-27.547059],[153.0654,-27.547487],[153.065594,-27.547774],[153.065668,-27.547884],[153.06595,-27.548457],[153.066127,-27.548792],[153.066495,-27.549353],[153.066758,-27.549187],[153.066856,-27.549168],[153.066936,-27.549162],[153.067069,-27.549226],[153.067159,-27.549288],[153.067277,-27.549384],[153.067344,-27.549466],[153.067556,-27.549743],[153.067636,-27.549905],[153.067769,-27.550112],[153.068015,-27.550245],[153.068236,-27.550459],[153.068388,-27.550681],[153.068505,-27.550862],[153.068669,-27.551048],[153.068881,-27.551266],[153.068993,-27.551354],[153.06908,-27.551377],[153.070355,-27.551562],[153.071768,-27.551778],[153.072298,-27.551857],[153.072298,-27.551857],[153.072962,-27.551956],[153.077097,-27.552547],[153.077335,-27.552589],[153.077335,-27.552589],[153.077707,-27.552653],[153.078614,-27.552754],[153.078842,-27.552749],[153.079395,-27.552836],[153.079745,-27.55289],[153.07988,-27.552914],[153.080096,-27.552956],[153.080184,-27.553005],[153.081004,-27.553131],[153.081306,-27.553177],[153.081306,-27.553177],[153.082323,-27.553331],[153.083626,-27.553525],[153.084588,-27.55367],[153.084588,-27.55367],[153.084929,-27.553722],[153.08622,-27.553915],[153.086724,-27.553992],[153.086962,-27.554035],[153.086962,-27.554035],[153.087709,-27.554171],[153.087802,-27.554186],[153.089502,-27.554409],[153.090151,-27.554498],[153.090219,-27.554481],[153.090343,-27.554495],[153.090419,-27.554504],[153.09058,-27.554536],[153.091435,-27.554838],[153.09153,-27.554901],[153.091605,-27.55497],[153.091633,-27.555013],[153.091809,-27.55497],[153.091984,-27.554948],[153.092743,-27.554962],[153.093047,-27.554972],[153.094045,-27.554993],[153.094628,-27.555028],[153.095442,-27.555149],[153.095802,-27.555202],[153.096081,-27.555237],[153.096325,-27.555244],[153.09666,-27.555215],[153.097586,-27.554998],[153.097605,-27.554993],[153.097605,-27.554993],[153.098153,-27.554851],[153.099702,-27.554487],[153.099905,-27.554413],[153.102072,-27.553265],[153.102403,-27.553083],[153.103588,-27.552196],[153.10386,-27.551997],[153.103926,-27.552074],[153.104489,-27.552795],[153.104489,-27.552795],[153.104606,-27.552946],[153.105165,-27.553675],[153.104289,-27.55421],[153.103869,-27.554511],[153.103696,-27.554678],[153.103475,-27.555551],[153.103441,-27.555952],[153.103435,-27.556069],[153.103435,-27.556069],[153.103412,-27.556482],[153.103371,-27.556648],[153.10332,-27.556763],[153.103216,-27.557009],[153.103143,-27.557132],[153.103029,-27.557254],[153.102826,-27.557442],[153.102246,-27.557804],[153.101913,-27.557406],[153.101913,-27.557406],[153.101382,-27.55677],[153.101157,-27.557924],[153.100675,-27.557849],[153.100675,-27.557849],[153.100377,-27.557803],[153.100025,-27.557718],[153.099254,-27.557621],[153.098191,-27.557462],[153.09801,-27.557435],[153.09801,-27.557435],[153.097588,-27.557372],[153.097596,-27.557669],[153.097397,-27.558751],[153.097397,-27.558751],[153.0973,-27.559274],[153.097191,-27.559577],[153.096968,-27.560101],[153.096959,-27.560474],[153.097012,-27.560655],[153.097107,-27.560956],[153.096445,-27.561382],[153.096445,-27.561382],[153.096443,-27.561384],[153.096105,-27.561635],[153.095809,-27.561774],[153.095288,-27.561837],[153.094867,-27.561841],[153.09419,-27.561731],[153.093261,-27.561642],[153.093261,-27.561642],[153.093253,-27.561641],[153.092828,-27.561579],[153.09199,-27.56145],[153.090554,-27.561249],[153.089929,-27.561154],[153.089519,-27.561094]]},"properties":{"route_short_name":"186","route_long_name":"Wishart - City Rocket","direction_id":1,"shape_id":"1860003","trip_count":27,"headsign_summary":"Upper Mt Gravatt, Delavan St","display_color":"#ff006e","text_color":"#000000","label_point":[153.057582,-27.530382]}},{"type":"Feature","geometry":{"type":"LineString","coordinates":[[153.080528,-27.563736],[153.081108,-27.564136],[153.081192,-27.564184],[153.081939,-27.564616],[153.082576,-27.565004],[153.083401,-27.565258],[153.08379,-27.565307],[153.084019,-27.565302],[153.084022,-27.565276],[153.08403,-27.565253],[153.084044,-27.565233],[153.084061,-27.565215],[153.084083,-27.565202],[153.084107,-27.565192],[153.084133,-27.565187],[153.084159,-27.565187],[153.084185,-27.565192],[153.084209,-27.565202],[153.084231,-27.565215],[153.084249,-27.565233],[153.084262,-27.565253],[153.084265,-27.565261],[153.08445,-27.56525],[153.084555,-27.565255],[153.08489,-27.565302],[153.085,-27.565306],[153.085089,-27.565299],[153.085154,-27.565276],[153.085269,-27.565202],[153.08599,-27.564383],[153.086131,-27.564275],[153.086218,-27.564234],[153.086841,-27.564052],[153.086712,-27.563849],[153.08652,-27.563633],[153.086308,-27.563458],[153.085477,-27.562843],[153.085094,-27.562559],[153.084967,-27.562474],[153.083773,-27.561883],[153.083114,-27.561556],[153.082923,-27.561453],[153.082763,-27.561352],[153.082492,-27.561142],[153.082006,-27.560734],[153.081322,-27.560171],[153.081224,-27.560084],[153.081135,-27.559992],[153.081063,-27.559907],[153.080924,-27.559641],[153.08064,-27.558976],[153.08064,-27.558976],[153.080235,-27.558028],[153.080157,-27.557807],[153.080132,-27.557598],[153.080022,-27.556371],[153.079973,-27.555797],[153.0799,-27.554714],[153.079828,-27.553876],[153.07975,-27.55298],[153.079745,-27.55289],[153.079724,-27.552566],[153.079686,-27.55212],[153.079686,-27.55212],[153.079596,-27.55107],[153.079543,-27.550285],[153.079554,-27.55003],[153.079612,-27.549805],[153.079673,-27.549632],[153.07975,-27.549473],[153.079956,-27.549108],[153.080264,-27.548691],[153.080798,-27.547877],[153.081384,-27.547036],[153.081478,-27.546862],[153.081536,-27.546691],[153.081572,-27.546464],[153.081572,-27.546171],[153.081557,-27.545664],[153.081558,-27.545368],[153.081558,-27.545368],[153.081561,-27.544832],[153.081529,-27.542463],[153.081528,-27.541953],[153.08152,-27.541356],[153.081515,-27.541242],[153.081471,-27.54111],[153.081392,-27.540965],[153.081267,-27.540794],[153.08081,-27.540215],[153.07998,-27.539226],[153.080066,-27.539101],[153.080259,-27.538932],[153.080431,-27.538817],[153.080611,-27.538726],[153.080943,-27.538644],[153.080943,-27.538644],[153.081456,-27.538517],[153.081552,-27.538495],[153.081737,-27.538454],[153.08183,-27.538435],[153.082043,-27.538384],[153.082191,-27.538355],[153.083048,-27.53823],[153.084149,-27.538042],[153.084499,-27.53799],[153.084714,-27.537942],[153.08524,-27.537773],[153.086281,-27.53743],[153.08667,-27.537284],[153.087241,-27.536935],[153.087333,-27.536879],[153.087763,-27.536612],[153.088011,-27.536457],[153.088065,-27.536418],[153.088065,-27.536418],[153.088288,-27.536257],[153.088517,-27.536063],[153.088943,-27.535623],[153.08993,-27.534552],[153.090291,-27.534168],[153.090519,-27.533974],[153.091441,-27.533374],[153.09251,-27.532705],[153.09251,-27.532705],[153.092568,-27.532669],[153.093735,-27.531928],[153.093921,-27.531814],[153.09402,-27.531753],[153.094244,-27.531597],[153.094398,-27.531472],[153.094533,-27.53133],[153.094642,-27.531143],[153.094751,-27.53073],[153.095005,-27.529424],[153.095444,-27.527086],[153.095444,-27.527086],[153.095532,-27.526616],[153.096339,-27.522309],[153.096509,-27.521382],[153.096509,-27.521382],[153.096639,-27.520672],[153.096865,-27.519437],[153.09703,-27.518468],[153.09707,-27.518234],[153.09707,-27.518234],[153.097195,-27.517503],[153.097487,-27.516008],[153.097763,-27.514589],[153.097763,-27.514589],[153.097924,-27.513755],[153.098176,-27.512453],[153.098329,-27.512511],[153.098621,-27.512578],[153.099023,-27.512686],[153.099344,-27.512756],[153.0996,-27.512778],[153.100092,-27.512812],[153.101154,-27.51275],[153.102336,-27.512695],[153.102943,-27.512624],[153.103196,-27.51254],[153.103552,-27.512267],[153.103741,-27.512006],[153.103813,-27.511796],[153.103826,-27.511544],[153.103795,-27.511072],[153.103754,-27.510614],[153.103745,-27.510485],[153.103745,-27.510485],[153.103686,-27.509646],[153.103755,-27.509094],[153.104,-27.507692],[153.103817,-27.506309],[153.103307,-27.506246],[153.10312,-27.506192],[153.103003,-27.506133],[153.102882,-27.506066],[153.102764,-27.505987],[153.102653,-27.505871],[153.102615,-27.505807],[153.102606,-27.505811],[153.102587,-27.505814],[153.102567,-27.505814],[153.102548,-27.505811],[153.10253,-27.505804],[153.102515,-27.505793],[153.102501,-27.50578],[153.102491,-27.505765],[153.102485,-27.505748],[153.102483,-27.505732],[153.102485,-27.505714],[153.102491,-27.505697],[153.102501,-27.505682],[153.102514,-27.505669],[153.10253,-27.505658],[153.102548,-27.505651],[153.102564,-27.505648],[153.102561,-27.505567],[153.102653,-27.505393],[153.102974,-27.504842],[153.103032,-27.504667],[153.103128,-27.504175],[153.103223,-27.503686],[153.103223,-27.503686],[153.10327,-27.503446],[153.103404,-27.502763],[153.103414,-27.502713],[153.103395,-27.502659],[153.103405,-27.502606],[153.10342,-27.502513],[153.1035,-27.502045],[153.103505,-27.501894],[153.10348,-27.501884],[153.103454,-27.501867],[153.103432,-27.501846],[153.103416,-27.501822],[153.103406,-27.501794],[153.103403,-27.501766],[153.103405,-27.501749],[153.103319,-27.50169],[153.103242,-27.501597],[153.103191,-27.501499],[153.103144,-27.501344],[153.103084,-27.501242],[153.102976,-27.501146],[153.102912,-27.501121],[153.102795,-27.50109],[153.102297,-27.501002],[153.102283,-27.501017],[153.102262,-27.50103],[153.102238,-27.50104],[153.102212,-27.501045],[153.102186,-27.501045],[153.10216,-27.50104],[153.102149,-27.501036],[153.102137,-27.50103],[153.102115,-27.501017],[153.102098,-27.500999],[153.102085,-27.500979],[153.102076,-27.500957],[153.102076,-27.500952],[153.102074,-27.500934],[153.102076,-27.500911],[153.102085,-27.500889],[153.102096,-27.500872],[153.102115,-27.500851],[153.102136,-27.500838],[153.10216,-27.500828],[153.102186,-27.500823],[153.102212,-27.500823],[153.102236,-27.500828],[153.10239,-27.500485],[153.102523,-27.500171],[153.102695,-27.499821],[153.102859,-27.499542],[153.102999,-27.499371],[153.10319,-27.499201],[153.103372,-27.499054],[153.103537,-27.498936],[153.103688,-27.498895],[153.103831,-27.498878],[153.10383,-27.498866],[153.103832,-27.498847],[153.103838,-27.498829],[153.10385,-27.498813],[153.103863,-27.498799],[153.10388,-27.498788],[153.1039,-27.49878],[153.10392,-27.498777],[153.103942,-27.498777],[153.103962,-27.49878],[153.103973,-27.498785],[153.104036,-27.498664],[153.104134,-27.498602],[153.105218,-27.498153],[153.105568,-27.498022],[153.105841,-27.497898],[153.106022,-27.497795],[153.106739,-27.497371],[153.10728,-27.497047],[153.107356,-27.496799],[153.107454,-27.496331],[153.107514,-27.496065],[153.10765,-27.495555],[153.10765,-27.495555],[153.107702,-27.495359],[153.107865,-27.494454],[153.108148,-27.492933],[153.108238,-27.492402],[153.107189,-27.492246],[153.107189,-27.492246],[153.106095,-27.492083],[153.105346,-27.491977],[153.104208,-27.491814],[153.102829,-27.49157],[153.102545,-27.49152],[153.102396,-27.491497],[153.102224,-27.49148],[153.101989,-27.491489],[153.101907,-27.491446],[153.101818,-27.491387],[153.10177,-27.491252],[153.101713,-27.491119],[153.101363,-27.490468],[153.101129,-27.490049],[153.101072,-27.48995],[153.100948,-27.489719],[153.100735,-27.489344],[153.100735,-27.489344],[153.10003,-27.488102],[153.099286,-27.486803],[153.098373,-27.485252],[153.098015,-27.48456],[153.097758,-27.484272],[153.096953,-27.483383],[153.096798,-27.483213],[153.096665,-27.483049],[153.096665,-27.483049],[153.09641,-27.482736],[153.096234,-27.482535],[153.096171,-27.48247],[153.096072,-27.482357],[153.095956,-27.482197],[153.095789,-27.481995],[153.095588,-27.481659],[153.095516,-27.481409],[153.095489,-27.481236],[153.095501,-27.481104],[153.095506,-27.480929],[153.095782,-27.479628],[153.095891,-27.478728],[153.095935,-27.478351],[153.096019,-27.477715],[153.096065,-27.477167],[153.095973,-27.476734],[153.095579,-27.475883],[153.095499,-27.475754],[153.09537,-27.475425],[153.095279,-27.474944],[153.095354,-27.474543],[153.095354,-27.474543],[153.095729,-27.472527],[153.095984,-27.471173],[153.096146,-27.471193],[153.096542,-27.47123],[153.096595,-27.471186],[153.096647,-27.47113],[153.096636,-27.471117],[153.096657,-27.471093],[153.096728,-27.470674],[153.096747,-27.470559],[153.096728,-27.470516],[153.096701,-27.470498],[153.096679,-27.470486],[153.096627,-27.470482],[153.096586,-27.470503],[153.096553,-27.470538],[153.09654,-27.470595],[153.096482,-27.470905],[153.096482,-27.470905],[153.096481,-27.470908],[153.096481,-27.470908],[153.096471,-27.470964],[153.096454,-27.471063],[153.096365,-27.471108],[153.096146,-27.471193],[153.095984,-27.471173],[153.096205,-27.469862],[153.096252,-27.469578],[153.096272,-27.469435],[153.096313,-27.469163],[153.096464,-27.468128],[153.096475,-27.468008],[153.096558,-27.467335],[153.096669,-27.466762],[153.096789,-27.466066],[153.097065,-27.464664],[153.09715,-27.464318],[153.097169,-27.464233],[153.097293,-27.46425],[153.097462,-27.464278],[153.097566,-27.464334],[153.099462,-27.464606],[153.101466,-27.464898],[153.102127,-27.46477],[153.102127,-27.46477],[153.102172,-27.464762],[153.102442,-27.464708],[153.102777,-27.464721],[153.103854,-27.464649],[153.104802,-27.464589],[153.104907,-27.464054],[153.104907,-27.464054],[153.105216,-27.462479],[153.105258,-27.462243],[153.105258,-27.462243],[153.105378,-27.46158],[153.10598,-27.458148],[153.10598,-27.458148],[153.106045,-27.457778],[153.106201,-27.457087],[153.106199,-27.456965],[153.10625,-27.456824],[153.106367,-27.456666],[153.106431,-27.456559],[153.10645,-27.456474],[153.106453,-27.45637],[153.106402,-27.456079],[153.106393,-27.456008],[153.106397,-27.455963],[153.106356,-27.455894],[153.106213,-27.455572],[153.105927,-27.454922],[153.105841,-27.454736],[153.105735,-27.454478],[153.105498,-27.453859],[153.105388,-27.45369],[153.104959,-27.452953],[153.104672,-27.452369],[153.103587,-27.450209],[153.102735,-27.448629],[153.101758,-27.446924],[153.099624,-27.443106],[153.099005,-27.441988],[153.096216,-27.436998],[153.096193,-27.436994],[153.095832,-27.436421],[153.09565,-27.436223],[153.095369,-27.435934],[153.095055,-27.435685],[153.094687,-27.435462],[153.094322,-27.435274],[153.093948,-27.435126],[153.093601,-27.435024],[153.093258,-27.434949],[153.092832,-27.434891],[153.092466,-27.43489],[153.091971,-27.434909],[153.090725,-27.434985],[153.089338,-27.435046],[153.088796,-27.435053],[153.088784,-27.435068],[153.088366,-27.435094],[153.087894,-27.435079],[153.087347,-27.435054],[153.08667,-27.435013],[153.086166,-27.435017],[153.085786,-27.435049],[153.085137,-27.435152],[153.084929,-27.435036],[153.084533,-27.434784],[153.083786,-27.434145],[153.083786,-27.434145],[153.083319,-27.433746],[153.08329,-27.433713],[153.082929,-27.433297],[153.082839,-27.433127],[153.082606,-27.432669],[153.08228,-27.432055],[153.081977,-27.431464],[153.081678,-27.430864],[153.08149,-27.430571],[153.08134,-27.43029],[153.081258,-27.430184],[153.080985,-27.429879],[153.080583,-27.429439],[153.080321,-27.429082],[153.080087,-27.428693],[153.0799,-27.428293],[153.079771,-27.427927],[153.079683,-27.427572],[153.079627,-27.427242],[153.079603,-27.426904],[153.079601,-27.426572],[153.079631,-27.426233],[153.079685,-27.425893],[153.080297,-27.423338],[153.080349,-27.422879],[153.080342,-27.422445],[153.080305,-27.422124],[153.080242,-27.421825],[153.080151,-27.421515],[153.080073,-27.421299],[153.079906,-27.420956],[153.079694,-27.420609],[153.079482,-27.420314],[153.079289,-27.420107],[153.079127,-27.419947],[153.07879,-27.419625],[153.078398,-27.419265],[153.077699,-27.418586],[153.077368,-27.418198],[153.077104,-27.417782],[153.076892,-27.417365],[153.076762,-27.417016],[153.076697,-27.416827],[153.076677,-27.416829],[153.076554,-27.416506],[153.076445,-27.415968],[153.076412,-27.415528],[153.076417,-27.415104],[153.076447,-27.414745],[153.076598,-27.413139],[153.076594,-27.412941],[153.076606,-27.412812],[153.07663,-27.412659],[153.076636,-27.412523],[153.076603,-27.412438],[153.076579,-27.412395],[153.076536,-27.412354],[153.076451,-27.412309],[153.076351,-27.412268],[153.075988,-27.412174],[153.075813,-27.412149],[153.075518,-27.412082],[153.075227,-27.411999],[153.075001,-27.411919],[153.074325,-27.411604],[153.073832,-27.41142],[153.073578,-27.411352],[153.073578,-27.411352],[153.073542,-27.411343],[153.072905,-27.411181],[153.072391,-27.411059],[153.072132,-27.411007],[153.071736,-27.410944],[153.071397,-27.410895],[153.07111,-27.410862],[153.070772,-27.410848],[153.070446,-27.410863],[153.07005,-27.410914],[153.069913,-27.410924],[153.069757,-27.410973],[153.069287,-27.411158],[153.068792,-27.411365],[153.068131,-27.411682],[153.067947,-27.411781],[153.067732,-27.411879],[153.067255,-27.412059],[153.066831,-27.412174],[153.066266,-27.412262],[153.065811,-27.412295],[153.06536,-27.412274],[153.064936,-27.412222],[153.064673,-27.412164],[153.064264,-27.412028],[153.063669,-27.411891],[153.062864,-27.411673],[153.062651,-27.411615],[153.062301,-27.411551],[153.062101,-27.411519],[153.060142,-27.411233],[153.059822,-27.411205],[153.059448,-27.411131],[153.059393,-27.411108],[153.059327,-27.411063],[153.059264,-27.410998],[153.059227,-27.410932],[153.059232,-27.410636],[153.059396,-27.409701],[153.059553,-27.4088],[153.059693,-27.408825],[153.060118,-27.408883],[153.060181,-27.408818],[153.060214,-27.40878],[153.060231,-27.408718],[153.060196,-27.408614],[153.060138,-27.408548],[153.060184,-27.408274],[153.060184,-27.408274],[153.060229,-27.408009],[153.060226,-27.407961],[153.06021,-27.407933],[153.060192,-27.4079],[153.060137,-27.407872],[153.060072,-27.40787],[153.060043,-27.407875],[153.060016,-27.407888],[153.059997,-27.407902],[153.059969,-27.407933],[153.059952,-27.407981],[153.059916,-27.408208],[153.059916,-27.408208],[153.059867,-27.408533],[153.059872,-27.408555],[153.059895,-27.408581],[153.059935,-27.408607],[153.059991,-27.408622],[153.060064,-27.408612],[153.060109,-27.408581],[153.060138,-27.408548],[153.060229,-27.408009],[153.060226,-27.407961],[153.06021,-27.407933],[153.060192,-27.4079],[153.060137,-27.407872],[153.060249,-27.407803],[153.060292,-27.40779],[153.060602,-27.407843],[153.060633,-27.407658],[153.060696,-27.407546],[153.060774,-27.407502],[153.060907,-27.407514],[153.060928,-27.407378],[153.060358,-27.407309],[153.06025,-27.407336],[153.060208,-27.4074],[153.060146,-27.407549],[153.060051,-27.407654],[153.059906,-27.407646],[153.059743,-27.407625],[153.059826,-27.407294],[153.059886,-27.406824],[153.060001,-27.40592],[153.059871,-27.40498],[153.059895,-27.404627],[153.059967,-27.404461],[153.06009,-27.404256],[153.060293,-27.40393],[153.060404,-27.403589],[153.06045,-27.403429],[153.060343,-27.402799],[153.060297,-27.402448],[153.06003,-27.402048],[153.059932,-27.401894],[153.059627,-27.401458],[153.05961,-27.401438],[153.05961,-27.401438],[153.059463,-27.401274],[153.059441,-27.401288],[153.059412,-27.401299],[153.05938,-27.401305],[153.059348,-27.401305],[153.059316,-27.401299],[153.059288,-27.401288],[153.059261,-27.401271],[153.059239,-27.40125],[153.059223,-27.401225],[153.059213,-27.401197],[153.05921,-27.401169],[153.059213,-27.401141],[153.059223,-27.401113],[153.059239,-27.401088],[153.059261,-27.401067],[153.058847,-27.400677],[153.05871,-27.400574],[153.05881,-27.399956],[153.058965,-27.399117],[153.058981,-27.399028],[153.059005,-27.398921],[153.059024,-27.398786],[153.059112,-27.398262],[153.059155,-27.397846],[153.059193,-27.397473],[153.059193,-27.397473],[153.059218,-27.397243],[153.059242,-27.396921],[153.05923,-27.396305],[153.059218,-27.395967],[153.059202,-27.395067],[153.059197,-27.394369],[153.059189,-27.393562],[153.059193,-27.393142],[153.059151,-27.392074],[153.057876,-27.391896],[153.056674,-27.391712],[153.056567,-27.391696],[153.055993,-27.39161],[153.055993,-27.39161],[153.055828,-27.391585],[153.055687,-27.391562],[153.055098,-27.391472],[153.054939,-27.391448],[153.054273,-27.391349],[153.053388,-27.391214],[153.05234,-27.391066],[153.051839,-27.390797],[153.051839,-27.390797],[153.051597,-27.390667],[153.051405,-27.390569],[153.050781,-27.39023],[153.04988,-27.389739],[153.048426,-27.38895],[153.047282,-27.388325],[153.046444,-27.388219],[153.044743,-27.387973],[153.044431,-27.387904],[153.043365,-27.38776],[153.043365,-27.38776],[153.042764,-27.387679],[153.041746,-27.387527],[153.039591,-27.387194],[153.03908,-27.387134],[153.038004,-27.386975],[153.037053,-27.386835],[153.036315,-27.386717],[153.036187,-27.386719],[153.035373,-27.386579],[153.034666,-27.386471],[153.034438,-27.38644],[153.03345,-27.386293],[153.032181,-27.386109],[153.032105,-27.386051],[153.032051,-27.385969],[153.032059,-27.385777],[153.032056,-27.385718],[153.032011,-27.38569],[153.031981,-27.385665],[153.031945,-27.38564],[153.031916,-27.385624],[153.031887,-27.385613],[153.031865,-27.385601],[153.031811,-27.385589],[153.031697,-27.385567],[153.031656,-27.385562]]},"properties":{"route_short_name":"598","route_long_name":"Great Circle Line Anti-Clockwise","direction_id":1,"shape_id":"5980035","trip_count":102,"headsign_summary":"Chermside Interchange / Garden City interchange","display_color":"#355070","text_color":"#000000","label_point":[153.098747,-27.464503]}},{"type":"Feature","geometry":{"type":"LineString","coordinates":[[152.982666,-27.479608],[152.982702,-27.478815],[152.982713,-27.478557],[152.982722,-27.478346],[152.982524,-27.47833],[152.982255,-27.478275],[152.982082,-27.478196],[152.981882,-27.478128],[152.981566,-27.477997],[152.981324,-27.477891],[152.981221,-27.477871],[152.980989,-27.477874],[152.980929,-27.477901],[152.980886,-27.477915],[152.980847,-27.477925],[152.980807,-27.477931],[152.980765,-27.477933],[152.980727,-27.477931],[152.980685,-27.477923],[152.980646,-27.477902],[152.980606,-27.477872],[152.980577,-27.47784],[152.980558,-27.477797],[152.980552,-27.47775],[152.980555,-27.477714],[152.980563,-27.477674],[152.980575,-27.477647],[152.98061,-27.477611],[152.980648,-27.477399],[152.980666,-27.477162],[152.980626,-27.476837],[152.980602,-27.476724],[152.980095,-27.475749],[152.979727,-27.475334],[152.979453,-27.475105],[152.97875,-27.474782],[152.978609,-27.47473],[152.977851,-27.474531],[152.977134,-27.474363],[152.977086,-27.474603],[152.977031,-27.474756],[152.977312,-27.474885],[152.977514,-27.475085],[152.9776,-27.475399],[152.977589,-27.475923],[152.977482,-27.476018],[152.97729,-27.475971],[152.977162,-27.475952],[152.977205,-27.475837],[152.977247,-27.475694],[152.977279,-27.475523],[152.977269,-27.475371],[152.977194,-27.475342],[152.976767,-27.475285],[152.976667,-27.475263],[152.976667,-27.475263],[152.976543,-27.475237],[152.976682,-27.475047],[152.976874,-27.474914],[152.977031,-27.474756],[152.977086,-27.474603],[152.977134,-27.474363],[152.977851,-27.474531],[152.978609,-27.47473],[152.97875,-27.474782],[152.978777,-27.474673],[152.978946,-27.473739],[152.978372,-27.473181],[152.978052,-27.47265],[152.97744,-27.47157],[152.97705,-27.471479],[152.976734,-27.471293],[152.976734,-27.471293],[152.9759,-27.470805],[152.975719,-27.470718],[152.97566,-27.470689],[152.975576,-27.470611],[152.975518,-27.470507],[152.975507,-27.470352],[152.975537,-27.469993],[152.975492,-27.469897],[152.974749,-27.469466],[152.974656,-27.469339],[152.974641,-27.469225],[152.974636,-27.46911],[152.974646,-27.46899],[152.974733,-27.468682],[152.974738,-27.468574],[152.974713,-27.468513],[152.974372,-27.468262],[152.974246,-27.468146],[152.97421,-27.46801],[152.974217,-27.467871],[152.974276,-27.4677],[152.974383,-27.467407],[152.974508,-27.467086],[152.974597,-27.466958],[152.97483,-27.466839],[152.975232,-27.466657],[152.976709,-27.465348],[152.977264,-27.464963],[152.977853,-27.464277],[152.978441,-27.464025],[152.978838,-27.463959],[152.97915,-27.463913],[152.97915,-27.463913],[152.979531,-27.463858],[152.980057,-27.46344],[152.979924,-27.462544],[152.981625,-27.461176],[152.982268,-27.461269],[152.982456,-27.461182],[152.982507,-27.461056],[152.982508,-27.460244],[152.982524,-27.460087],[152.982612,-27.45997],[152.983313,-27.459722],[152.984801,-27.458975],[152.98532,-27.458256],[152.98532,-27.458256],[152.985358,-27.458203],[152.985615,-27.458079],[152.985665,-27.458036],[152.985691,-27.458],[152.985703,-27.45796],[152.985702,-27.457882],[152.985674,-27.45783],[152.985538,-27.457596],[152.985547,-27.457488],[152.985623,-27.457347],[152.985763,-27.457047],[152.985837,-27.456979],[152.985913,-27.456906],[152.986606,-27.456266],[152.987898,-27.455085],[152.988236,-27.454733],[152.988489,-27.454437],[152.988585,-27.454288],[152.988577,-27.454152],[152.988521,-27.454003],[152.988308,-27.453497],[152.988308,-27.453497],[152.98829,-27.453455],[152.98829,-27.453298],[152.98835,-27.453109],[152.988513,-27.452594],[152.988792,-27.451715],[152.988948,-27.450964],[152.988968,-27.450822],[152.989088,-27.45011],[152.989116,-27.449911],[152.989159,-27.449697],[152.989223,-27.449366],[152.989251,-27.44924],[152.989251,-27.44924],[152.989275,-27.449132],[152.989339,-27.448886],[152.989395,-27.448676],[152.989419,-27.448434],[152.989447,-27.447847],[152.989487,-27.447398],[152.989503,-27.447087],[152.989471,-27.446902],[152.989298,-27.445898],[152.990247,-27.445914],[152.99066,-27.445906],[152.991238,-27.445885],[152.991565,-27.44582],[152.99177,-27.445757],[152.992205,-27.445627],[152.991976,-27.44526],[152.991976,-27.44526],[152.991927,-27.44518],[152.991704,-27.444788],[152.991237,-27.443983],[152.990931,-27.443472],[152.990769,-27.443173],[152.990548,-27.442795],[152.990484,-27.442632],[152.990381,-27.442319],[152.990363,-27.442198],[152.990221,-27.441806],[152.990181,-27.441606],[152.990163,-27.441432],[152.990157,-27.440798],[152.990078,-27.440497],[152.990002,-27.440233],[152.990002,-27.440233],[152.989967,-27.440115],[152.989878,-27.439841],[152.989767,-27.439621],[152.989639,-27.439482],[152.989519,-27.439375],[152.98928,-27.439272],[152.989223,-27.439248],[152.988509,-27.439013],[152.988435,-27.438988],[152.988267,-27.438902],[152.988124,-27.438767],[152.988004,-27.43863],[152.987933,-27.438504],[152.987862,-27.438296],[152.987852,-27.43813],[152.988064,-27.437014],[152.988228,-27.436233],[152.988302,-27.435808],[152.988433,-27.435112],[152.988433,-27.435112],[152.98847,-27.434915],[152.988531,-27.434589],[152.988706,-27.433678],[152.98893,-27.432312],[152.989066,-27.431586],[152.989201,-27.430945],[152.989329,-27.430191],[152.989377,-27.429899],[152.989512,-27.429301],[152.989566,-27.428972],[152.989566,-27.428972],[152.989664,-27.428369],[152.989729,-27.427956],[152.989816,-27.427558],[152.98988,-27.427173],[152.990039,-27.426284],[152.990028,-27.426167],[152.990161,-27.425366],[152.990436,-27.423933],[152.990645,-27.42271],[152.990672,-27.42251],[152.990687,-27.422433],[152.990819,-27.421719],[152.990991,-27.421287],[152.991221,-27.420686],[152.991291,-27.420383],[152.991291,-27.420383],[152.991295,-27.420364],[152.991416,-27.419654],[152.991512,-27.41908],[152.991522,-27.419072],[152.991624,-27.418411],[152.99166,-27.418298],[152.991744,-27.418259],[152.991986,-27.418291],[152.992117,-27.418351],[152.992202,-27.418506],[152.992135,-27.419008],[152.992037,-27.419164],[152.991324,-27.419054],[152.989534,-27.418798],[152.988327,-27.418625],[152.9869,-27.418447],[152.9869,-27.418447],[152.9863,-27.418372],[152.986177,-27.418357],[152.98545,-27.418231],[152.984078,-27.418],[152.983896,-27.417966],[152.983831,-27.417983],[152.983725,-27.417987],[152.983616,-27.418012],[152.983439,-27.41805],[152.98332,-27.418057],[152.9832,-27.417963],[152.98308,-27.417889],[152.982855,-27.417778],[152.982758,-27.417699],[152.981742,-27.417193],[152.980237,-27.416414],[152.979312,-27.415972],[152.978999,-27.415822],[152.978999,-27.415822],[152.978587,-27.415624],[152.977743,-27.415196],[152.977662,-27.415196],[152.977083,-27.414897],[152.976713,-27.414685],[152.975993,-27.414323],[152.975822,-27.414239],[152.97574,-27.414198],[152.975691,-27.41414],[152.975351,-27.413973],[152.974061,-27.413333],[152.974329,-27.411791],[152.974329,-27.411791],[152.974488,-27.410876],[152.974606,-27.410303],[152.974651,-27.410085],[152.97478,-27.409467],[152.974766,-27.409464],[152.974742,-27.409455],[152.974721,-27.409441],[152.974703,-27.409424],[152.97469,-27.409404],[152.974682,-27.409381],[152.974679,-27.409358],[152.974681,-27.409345],[152.974682,-27.409335],[152.97469,-27.409312],[152.974703,-27.409292],[152.974721,-27.409275],[152.974742,-27.409261],[152.974766,-27.409252],[152.974792,-27.409247],[152.974823,-27.409248],[152.974844,-27.409252],[152.974868,-27.409261],[152.974889,-27.409275],[152.974907,-27.409292],[152.97492,-27.409312],[152.974929,-27.409335],[152.974931,-27.409358],[152.974929,-27.409381],[152.97618,-27.409562],[152.977609,-27.40975],[152.978265,-27.409839],[152.978265,-27.409839],[152.978343,-27.40985],[152.978529,-27.409936],[152.978608,-27.410018],[152.978608,-27.410018],[152.978731,-27.410148],[152.978744,-27.410135],[152.978767,-27.41012],[152.978793,-27.41011],[152.978822,-27.410105],[152.97885,-27.410105],[152.978879,-27.41011],[152.978905,-27.41012],[152.978928,-27.410135],[152.978947,-27.410154],[152.978962,-27.410176],[152.978971,-27.410201],[152.978974,-27.410226],[152.978971,-27.410251],[152.978962,-27.410276],[152.978947,-27.410298],[152.978935,-27.41031],[152.979088,-27.410409],[152.979501,-27.410498],[152.979891,-27.410564],[152.980891,-27.410221],[152.981107,-27.410155],[152.981191,-27.41012],[152.98125,-27.410081],[152.981293,-27.410029],[152.981305,-27.409996],[152.981454,-27.409183],[152.981478,-27.408983],[152.98147,-27.408838],[152.98145,-27.408841],[152.981426,-27.408841],[152.981401,-27.408836],[152.981378,-27.408828],[152.981358,-27.408815],[152.981341,-27.408798],[152.981329,-27.408779],[152.981321,-27.408758],[152.981319,-27.408736],[152.981321,-27.408714],[152.981325,-27.408703],[152.981329,-27.408693],[152.981341,-27.408674],[152.981358,-27.408657],[152.981378,-27.408644],[152.981401,-27.408635],[152.981426,-27.408631],[152.98145,-27.408631],[152.981475,-27.408635],[152.981498,-27.408644],[152.98152,-27.408659],[152.981562,-27.408626],[152.982038,-27.408424],[152.982137,-27.408387],[152.982286,-27.408337],[152.982394,-27.408308],[152.982536,-27.40829],[152.982639,-27.408287],[152.982769,-27.408298],[152.982915,-27.408334],[152.983269,-27.408494],[152.983887,-27.408776],[152.984133,-27.408884],[152.98432,-27.40895],[152.984621,-27.408987],[152.98496,-27.408923],[152.986102,-27.40864],[152.987376,-27.408343],[152.987375,-27.408331],[152.987377,-27.408314],[152.987392,-27.408284],[152.987405,-27.408272],[152.98742,-27.408262],[152.987437,-27.408255],[152.987456,-27.408252],[152.987475,-27.408252],[152.987493,-27.408255],[152.98751,-27.408262],[152.987525,-27.408272],[152.987538,-27.408284],[152.987549,-27.408303],[152.988009,-27.408174],[152.990616,-27.407552],[152.990852,-27.407488],[152.990842,-27.407273],[152.990775,-27.406576],[152.990756,-27.406365],[152.990756,-27.406365],[152.990742,-27.40621],[152.990715,-27.406075],[152.990641,-27.405954],[152.990343,-27.405715],[152.989683,-27.40521],[152.989011,-27.40482],[152.988793,-27.404687],[152.988636,-27.404538],[152.987939,-27.403749],[152.98708,-27.402755],[152.987038,-27.402654],[152.987008,-27.402577],[152.986978,-27.40243],[152.986911,-27.401812],[152.986878,-27.401593],[152.986845,-27.401458],[152.986802,-27.401354],[152.986533,-27.400831],[152.986462,-27.400662],[152.986449,-27.400578],[152.98643,-27.400366],[152.986397,-27.400122],[152.986316,-27.399685],[152.986316,-27.399685],[152.98627,-27.399435],[152.986204,-27.399134],[152.986202,-27.398931],[152.986232,-27.398791],[152.986338,-27.398553],[152.986933,-27.397699],[152.986946,-27.397583],[152.986948,-27.397366],[152.986844,-27.397117],[152.986668,-27.396776],[152.98633,-27.396008],[152.985974,-27.395216],[152.985974,-27.395216],[152.985752,-27.394725],[152.985545,-27.394213],[152.985303,-27.393642],[152.985274,-27.393601],[152.985067,-27.393103],[152.984899,-27.392676],[152.984851,-27.392483],[152.984851,-27.392306],[152.984867,-27.392099],[152.984997,-27.391449],[152.985116,-27.39068],[152.985099,-27.390348],[152.984998,-27.389288],[152.984988,-27.389184],[152.984975,-27.389067],[152.984923,-27.388958],[152.984828,-27.388689],[152.984741,-27.38815],[152.984705,-27.387592],[152.984705,-27.387592],[152.984656,-27.386834],[152.984621,-27.386348],[152.984616,-27.386067],[152.984591,-27.386049],[152.984563,-27.386026],[152.984546,-27.386007],[152.98452,-27.385948],[152.984501,-27.385887],[152.984519,-27.38581],[152.984541,-27.385766],[152.984554,-27.38575],[152.984617,-27.385722],[152.984769,-27.385678],[152.984874,-27.385653],[152.984916,-27.385638],[152.984951,-27.38563],[152.985019,-27.385627],[152.985095,-27.38564],[152.985157,-27.385661],[152.985167,-27.385666],[152.985217,-27.385704],[152.985269,-27.385772],[152.985291,-27.385835],[152.985302,-27.385875],[152.985296,-27.385905],[152.985429,-27.3861],[152.985632,-27.386348],[152.985742,-27.386443],[152.986763,-27.387126],[152.987213,-27.387403],[152.987342,-27.387421],[152.987437,-27.38745],[152.987603,-27.387486],[152.989203,-27.387725],[152.989631,-27.387774],[152.989631,-27.387774],[152.990019,-27.387818],[152.990099,-27.387831],[152.991064,-27.387998],[152.991662,-27.388089],[152.991814,-27.38815],[152.992648,-27.388295],[152.993613,-27.388432],[152.995833,-27.388772],[152.998082,-27.389125],[152.998082,-27.389125],[152.998783,-27.389235],[153.000345,-27.38948],[153.001246,-27.389615],[153.001973,-27.389726],[153.005557,-27.390264],[153.005557,-27.390264],[153.007609,-27.390572],[153.008563,-27.390731],[153.008881,-27.390762],[153.010324,-27.390989],[153.010615,-27.39105],[153.01082,-27.391056],[153.011091,-27.391095],[153.011418,-27.391135],[153.011532,-27.39115],[153.011769,-27.391185],[153.011907,-27.391204],[153.011907,-27.391204],[153.012266,-27.391257],[153.014413,-27.391576],[153.018713,-27.392278],[153.01939,-27.392384],[153.019743,-27.392441],[153.019743,-27.392441],[153.020354,-27.392541],[153.020461,-27.392553],[153.020677,-27.392577],[153.021609,-27.392719],[153.021767,-27.392772],[153.022628,-27.392878],[153.022815,-27.392859],[153.023019,-27.392845],[153.023386,-27.392755],[153.023779,-27.392596],[153.023779,-27.392596],[153.02391,-27.392543],[153.024082,-27.392478],[153.024155,-27.392451],[153.024266,-27.39242],[153.024354,-27.392427],[153.024554,-27.392466],[153.024771,-27.392478],[153.024994,-27.392512],[153.025145,-27.391619],[153.025354,-27.390673],[153.025224,-27.390074],[153.025411,-27.38905],[153.025411,-27.38905],[153.025433,-27.388931],[153.026423,-27.389076],[153.028679,-27.389408],[153.02968,-27.389556],[153.031335,-27.389797],[153.031148,-27.388868],[153.031117,-27.388678],[153.031108,-27.38855],[153.031078,-27.38758],[153.031046,-27.387206],[153.030993,-27.386808],[153.030854,-27.386099],[153.030809,-27.385929],[153.030786,-27.385829],[153.030981,-27.385825],[153.031234,-27.385849],[153.031639,-27.385908]]},"properties":{"route_short_name":"599","route_long_name":"Great Circle Line Clockwise","direction_id":0,"shape_id":"5990047","trip_count":105,"headsign_summary":"Garden City interchange / Dean St","display_color":"#8a5a44","text_color":"#000000","label_point":[152.977372,-27.415046]}}]}