{"type":"FeatureCollection","features":[{"type":"Feature","geometry":{"type":"Point","coordinates":[153.024839,-27.470371]},"properties":{"stop_id":"1009","stop_code":"001009","stop_name":"Queen Street station, 3a","routes":["183"],"route_count":1}},{"type":"Feature","geometry":{"type":"Point","coordinates":[152.986175,-27.399706]},"properties":{"stop_id":"10101","stop_code":"010101","stop_name":"Old Northern Rd at Everton Junction","routes":["599"],"route_count":1}},{"type":"Feature","geometry":{"type":"Point","coordinates":[153.043671,-27.498482]},"properties":{"stop_id":"10189","stop_code":"010189","stop_name":"Old Cleveland Rd at Stones Corner Library, stop 17","routes":["175"],"route_count":1}},{"type":"Feature","geometry":{"type":"Point","coordinates":[153.020033,-27.544712]},"properties":{"stop_id":"10303","stop_code":"010303","stop_name":"Beaudesert Rd at Moorooka South, stop 38","routes":["599"],"route_count":1}},{"type":"Feature","geometry":{"type":"Point","coordinates":[153.09993,-27.548466]},"properties":{"stop_id":"10304","stop_code":"010304","stop_name":"Wishart Rd near Elkana Pl, stop 76","routes":["183"],"route_count":1}},{"type":"Feature","geometry":{"type":"Point","coordinates":[153.050659,-27.5595]},"properties":{"stop_id":"10306","stop_code":"010306","stop_name":"Troughton Rd at QEII Hospital","routes":["598"],"route_count":1}},{"type":"Feature","geometry":{"type":"Point","coordinates":[153.09648,-27.561427]},"properties":{"stop_id":"10307","stop_code":"010307","stop_name":"Delavan St at Delavan Street Park, stop 85","routes":["182","186"],"route_count":2}},{"type":"Feature","geometry":{"type":"Point","coordinates":[153.048783,-27.505209]},"properties":{"stop_id":"10309","stop_code":"010309","stop_name":"Logan Rd at Bardsley Avenue, stop 20","routes":["175"],"route_count":1}},{"type":"Feature","geometry":{"type":"Point","coordinates":[153.080741,-27.558713]},"properties":{"stop_id":"10310","stop_code":"010310","stop_name":"Logan Rd at Mt Gravatt Corner, stop 44","routes":["172","175","176"],"route_count":3}},{"type":"Feature","geometry":{"type":"Point","coordinates":[153.054424,-27.513511]},"properties":{"stop_id":"10335","stop_code":"010335","stop_name":"Logan Rd at Raff Ave, stop 25","routes":["172","175"],"route_count":2}},{"type":"Feature","geometry":{"type":"Point","coordinates":[153.056685,-27.515304]},"properties":{"stop_id":"10341","stop_code":"010341","stop_name":"Logan Rd at CB Mott Park, stop 26","routes":["172","175"],"route_count":2}},{"type":"Feature","geometry":{"type":"Point","coordinates":[153.06936,-27.517091]},"properties":{"stop_id":"10346","stop_code":"010346","stop_name":"Holland Rd at Greenmount Avenue, stop 45","routes":["172"],"route_count":1}},{"type":"Feature","geometry":{"type":"Point","coordinates":[153.072848,-27.51972]},"properties":{"stop_id":"10347","stop_code":"010347","stop_name":"Elgar St at Rowton Street, stop 47","routes":["172"],"route_count":1}},{"type":"Feature","geometry":{"type":"Point","coordinates":[153.070803,-27.521005]},"properties":{"stop_id":"10349","stop_code":"010349","stop_name":"Elgar St near Olroy St, stop 47a","routes":["172"],"route_count":1}},{"type":"Feature","geometry":{"type":"Point","coordinates":[153.074012,-27.521385]},"properties":{"stop_id":"10354","stop_code":"010354","stop_name":"Seville Rd at Seville Shops, stop 48","routes":["172"],"route_count":1}},{"type":"Feature","geometry":{"type":"Point","coordinates":[153.075965,-27.523064]},"properties":{"stop_id":"10356","stop_code":"010356","stop_name":"Cradock St at Mar Street, stop 49","routes":["172"],"route_count":1}},{"type":"Feature","geometry":{"type":"Point","coordinates":[153.070971,-27.522808]},"properties":{"stop_id":"10358","stop_code":"010358","stop_name":"Glindemann Dr near Seville Rd, stop 47b","routes":["172"],"route_count":1}},{"type":"Feature","geometry":{"type":"Point","coordinates":[153.071139,-27.522831]},"properties":{"stop_id":"10360","stop_code":"010360","stop_name":"Glindemann Dr near Seville Rd, stop 47b","routes":["172"],"route_count":1}},{"type":"Feature","geometry":{"type":"Point","coordinates":[153.071953,-27.522817]},"properties":{"stop_id":"10362","stop_code":"010362","stop_name":"Seville Rd near Glindemann Dr, stop 47c","routes":["172"],"route_count":1}},{"type":"Feature","geometry":{"type":"Point","coordinates":[153.072017,-27.522644]},"properties":{"stop_id":"10364","stop_code":"010364","stop_name":"Seville Rd near Dobbie St, stop 47c","routes":["172"],"route_count":1}},{"type":"Feature","geometry":{"type":"Point","coordinates":[153.080316,-27.560331]},"properties":{"stop_id":"10366","stop_code":"010366","stop_name":"Kessels Rd at Cremin Street, stop 60/45","routes":["182"],"route_count":1}},{"type":"Feature","geometry":{"type":"Point","coordinates":[153.079725,-27.553968]},"properties":{"stop_id":"10368","stop_code":"010368","stop_name":"Logan Rd at St Bernard, stop 42","routes":["175","176"],"route_count":2}},{"type":"Feature","geometry":{"type":"Point","coordinates":[153.070353,-27.521158]},"properties":{"stop_id":"10370","stop_code":"010370","stop_name":"Elgar St near Olroy St, stop 47a","routes":["172"],"route_count":1}},{"type":"Feature","geometry":{"type":"Point","coordinates":[153.06976,-27.517006]},"properties":{"stop_id":"10372","stop_code":"010372","stop_name":"Holland Rd at Greenmount Avenue, stop 45","routes":["172"],"route_count":1}},{"type":"Feature","geometry":{"type":"Point","coordinates":[153.060535,-27.496449]},"properties":{"stop_id":"10388","stop_code":"010388","stop_name":"Cavendish Rd at Shire Street, stop 27/28","routes":["185"],"route_count":1}},{"type":"Feature","geometry":{"type":"Point","coordinates":[153.06633,-27.511719]},"properties":{"stop_id":"10392","stop_code":"010392","stop_name":"Cavendish Rd at Arlington Street, stop 37","routes":["185"],"route_count":1}},{"type":"Feature","geometry":{"type":"Point","coordinates":[153.069986,-27.512769]},"properties":{"stop_id":"10393","stop_code":"010393","stop_name":"Cavendish Rd at Stoneleigh Street, stop 38","routes":["185"],"route_count":1}},{"type":"Feature","geometry":{"type":"Point","coordinates":[153.072894,-27.515466]},"properties":{"stop_id":"10394","stop_code":"010394","stop_name":"Cavendish Rd at Cavendish Rd Reservoir, stop 40","routes":["172","185"],"route_count":2}},{"type":"Feature","geometry":{"type":"Point","coordinates":[153.078518,-27.518807]},"properties":{"stop_id":"10395","stop_code":"010395","stop_name":"Cavendish Rd at Crystal Street, stop 50","routes":["185"],"route_count":1}},{"type":"Feature","geometry":{"type":"Point","coordinates":[153.093255,-27.561696]},"properties":{"stop_id":"10406","stop_code":"010406","stop_name":"Delavan St at Wolcott Street, stop 86","routes":["182","186"],"route_count":2}},{"type":"Feature","geometry":{"type":"Point","coordinates":[153.093236,-27.561583]},"properties":{"stop_id":"10407","stop_code":"010407","stop_name":"Delavan St at Wolcott Street, stop 86","routes":["182","186"],"route_count":2}},{"type":"Feature","geometry":{"type":"Point","coordinates":[153.09652,-27.561268]},"properties":{"stop_id":"10408","stop_code":"010408","stop_name":"Delavan St at Delavan Street Park, stop 85","routes":["182","186"],"route_count":2}},{"type":"Feature","geometry":{"type":"Point","coordinates":[153.061705,-27.49859]},"properties":{"stop_id":"10409","stop_code":"010409","stop_name":"Cavendish Rd at York Street, stop 29","routes":["185"],"route_count":1}},{"type":"Feature","geometry":{"type":"Point","coordinates":[153.086976,-27.553974]},"properties":{"stop_id":"10410","stop_code":"010410","stop_name":"Dawson Rd at Brockhouse Street, stop 77","routes":["172","186"],"route_count":2}},{"type":"Feature","geometry":{"type":"Point","coordinates":[153.048331,-27.505208]},"properties":{"stop_id":"10411","stop_code":"010411","stop_name":"Logan Rd at Bardsley Avenue, stop 20","routes":["175"],"route_count":1}},{"type":"Feature","geometry":{"type":"Point","coordinates":[153.087519,-27.544358]},"properties":{"stop_id":"10412","stop_code":"010412","stop_name":"Hillgrove St at Kingsway Street, stop 41","routes":["172"],"route_count":1}},{"type":"Feature","geometry":{"type":"Point","coordinates":[153.088959,-27.546712]},"properties":{"stop_id":"10413","stop_code":"010413","stop_name":"Wishart Rd at Pinner Street, stop 43","routes":["172"],"route_count":1}},{"type":"Feature","geometry":{"type":"Point","coordinates":[153.084706,-27.559157]},"properties":{"stop_id":"10414","stop_code":"010414","stop_name":"Tryon St at Mascar Street, stop 81","routes":["182"],"route_count":1}},{"type":"Feature","geometry":{"type":"Point","coordinates":[153.062067,-27.53407]},"properties":{"stop_id":"10524","stop_code":"010524","stop_name":"Bapaume Rd at Dobbs Street, stop 63","routes":["113"],"route_count":1}},{"type":"Feature","geometry":{"type":"Point","coordinates":[153.081786,-27.544392]},"properties":{"stop_id":"10527","stop_code":"010527","stop_name":"Logan Rd at Mt Gravatt Showgrounds, stop 38A","routes":["175","176"],"route_count":2}},{"type":"Feature","geometry":{"type":"Point","coordinates":[153.09677,-27.521697]},"properties":{"stop_id":"10534","stop_code":"010534","stop_name":"Creek Rd at Greenmeadow","routes":["599"],"route_count":1}},{"type":"Feature","geometry":{"type":"Point","coordinates":[153.098121,-27.555061]},"properties":{"stop_id":"10536","stop_code":"010536","stop_name":"Mt Gravatt Capalaba Rd at Agaton","routes":["186"],"route_count":1}},{"type":"Feature","geometry":{"type":"Point","coordinates":[153.10287,-27.55294]},"properties":{"stop_id":"10538","stop_code":"010538","stop_name":"Mt Gravatt Capalaba Rd at Ham Road South","routes":["186"],"route_count":1}},{"type":"Feature","geometry":{"type":"Point","coordinates":[153.095364,-27.527074]},"properties":{"stop_id":"10679","stop_code":"010679","stop_name":"Creek Rd at Greenmeadows South","routes":["598"],"route_count":1}},{"type":"Feature","geometry":{"type":"Point","coordinates":[153.030592,-27.494037]},"properties":{"stop_id":"10795","stop_code":"010795","stop_name":"Boggo Road station, platform 4","routes":["113","179"],"route_count":2}},{"type":"Feature","geometry":{"type":"Point","coordinates":[153.030206,-27.493937]},"properties":{"stop_id":"10796","stop_code":"010796","stop_name":"Boggo Road station, platform 3","routes":["113","179"],"route_count":2}},{"type":"Feature","geometry":{"type":"Point","coordinates":[153.034195,-27.496767]},"properties":{"stop_id":"10797","stop_code":"010797","stop_name":"PA Hospital station, platform 1","routes":["172","179"],"route_count":2}},{"type":"Feature","geometry":{"type":"Point","coordinates":[153.033604,-27.496787]},"properties":{"stop_id":"10798","stop_code":"010798","stop_name":"PA Hospital station, platform 2","routes":["113","179"],"route_count":2}},{"type":"Feature","geometry":{"type":"Point","coordinates":[153.034086,-27.496716]},"properties":{"stop_id":"10799","stop_code":"010799","stop_name":"Lower Level at PA Hospital station","routes":["113"],"route_count":1}},{"type":"Feature","geometry":{"type":"Point","coordinates":[153.039513,-27.497218]},"properties":{"stop_id":"10813","stop_code":"010813","stop_name":"Buranda busway, platform 3","routes":["172","176","179","183"],"route_count":4}},{"type":"Feature","geometry":{"type":"Point","coordinates":[153.039185,-27.497023]},"properties":{"stop_id":"10814","stop_code":"010814","stop_name":"Buranda busway, platform 4","routes":["172","176","179","183"],"route_count":4}},{"type":"Feature","geometry":{"type":"Point","coordinates":[153.040395,-27.511079]},"properties":{"stop_id":"10815","stop_code":"010815","stop_name":"Greenslopes station, platform 2","routes":["172","176","179","183"],"route_count":4}},{"type":"Feature","geometry":{"type":"Point","coordinates":[153.040072,-27.510793]},"properties":{"stop_id":"10816","stop_code":"010816","stop_name":"Greenslopes station, platform 1","routes":["172","176","179","183"],"route_count":4}},{"type":"Feature","geometry":{"type":"Point","coordinates":[153.064682,-27.546738]},"properties":{"stop_id":"10819","stop_code":"010819","stop_name":"Griffith University station, platform 2","routes":["186"],"route_count":1}},{"type":"Feature","geometry":{"type":"Point","coordinates":[153.064253,-27.54655]},"properties":{"stop_id":"10820","stop_code":"010820","stop_name":"Griffith University station, platform 1","routes":["186"],"route_count":1}},{"type":"Feature","geometry":{"type":"Point","coordinates":[153.064347,-27.545954]},"properties":{"stop_id":"10835","stop_code":"010835","stop_name":"Griffith University Sports Rd","routes":["177"],"route_count":1}},{"type":"Feature","geometry":{"type":"Point","coordinates":[153.077813,-27.552733]},"properties":{"stop_id":"10838","stop_code":"010838","stop_name":"Klumpp Rd at Klumpp-Dawson","routes":["186"],"route_count":1}},{"type":"Feature","geometry":{"type":"Point","coordinates":[153.05629,-27.528812]},"properties":{"stop_id":"10897","stop_code":"010897","stop_name":"Pozieres Rd at Coromandel Street, stop 53a","routes":["113"],"route_count":1}},{"type":"Feature","geometry":{"type":"Point","coordinates":[153.054233,-27.522983]},"properties":{"stop_id":"10924","stop_code":"010924","stop_name":"Birdwood Rd at Wellers Hill, stop 2","routes":["176","179","183"],"route_count":3}},{"type":"Feature","geometry":{"type":"Point","coordinates":[153.054383,-27.523134]},"properties":{"stop_id":"10925","stop_code":"010925","stop_name":"Birdwood Rd at Wellers Hill","routes":["176","179","183"],"route_count":3}},{"type":"Feature","geometry":{"type":"Point","coordinates":[152.990496,-27.485735]},"properties":{"stop_id":"10926","stop_code":"010926","stop_name":"Jephson St at Toowong","routes":["598"],"route_count":1}},{"type":"Feature","geometry":{"type":"Point","coordinates":[153.004735,-27.390214]},"properties":{"stop_id":"10928","stop_code":"010928","stop_name":"Rode Rd at Downfall Creek","routes":["598"],"route_count":1}},{"type":"Feature","geometry":{"type":"Point","coordinates":[153.005571,-27.390193]},"properties":{"stop_id":"10929","stop_code":"010929","stop_name":"Rode Rd at Downfall Creek","routes":["599"],"route_count":1}},{"type":"Feature","geometry":{"type":"Point","coordinates":[152.991623,-27.444489]},"properties":{"stop_id":"10930","stop_code":"010930","stop_name":"Stewart Rd at Ashgrove near Devoy St","routes":["598"],"route_count":1}},{"type":"Feature","geometry":{"type":"Point","coordinates":[153.050505,-27.559234]},"properties":{"stop_id":"10931","stop_code":"010931","stop_name":"Troughton Rd at QEII Hospital","routes":["599"],"route_count":1}},{"type":"Feature","geometry":{"type":"Point","coordinates":[152.98689,-27.418509]},"properties":{"stop_id":"10934","stop_code":"010934","stop_name":"Pickering St at Pickering West","routes":["599"],"route_count":1}},{"type":"Feature","geometry":{"type":"Point","coordinates":[153.018618,-27.546263]},"properties":{"stop_id":"10935","stop_code":"010935","stop_name":"Gladstone St at Moorooka South","routes":["598"],"route_count":1}},{"type":"Feature","geometry":{"type":"Point","coordinates":[153.105909,-27.458138]},"properties":{"stop_id":"10936","stop_code":"010936","stop_name":"Queensport Rd at Queensport North","routes":["598"],"route_count":1}},{"type":"Feature","geometry":{"type":"Point","coordinates":[153.106046,-27.458177]},"properties":{"stop_id":"10937","stop_code":"010937","stop_name":"Queensport Rd at Queensport North","routes":["599"],"route_count":1}},{"type":"Feature","geometry":{"type":"Point","coordinates":[153.107174,-27.492325]},"properties":{"stop_id":"10938","stop_code":"010938","stop_name":"Meadowlands Rd near Bedivere St","routes":["598"],"route_count":1}},{"type":"Feature","geometry":{"type":"Point","coordinates":[153.107163,-27.492123]},"properties":{"stop_id":"10939","stop_code":"010939","stop_name":"Meadowlands Rd near Bedivere St","routes":["599"],"route_count":1}},{"type":"Feature","geometry":{"type":"Point","coordinates":[152.987055,-27.418363]},"properties":{"stop_id":"10940","stop_code":"010940","stop_name":"Pickering St at Pickering West","routes":["598"],"route_count":1}},{"type":"Feature","geometry":{"type":"Point","coordinates":[153.077346,-27.552536]},"properties":{"stop_id":"10950","stop_code":"010950","stop_name":"Klumpp Rd at Klumpp-Dawson","routes":["186"],"route_count":1}},{"type":"Feature","geometry":{"type":"Point","coordinates":[153.085772,-27.564819]},"properties":{"stop_id":"10956","stop_code":"010956","stop_name":"Logan Rd at Australian Tax Office, stop 80","routes":["172","175","176","185"],"route_count":4}},{"type":"Feature","geometry":{"type":"Point","coordinates":[153.070274,-27.530302]},"properties":{"stop_id":"10959","stop_code":"010959","stop_name":"Nursery Rd at Iris Street, stop 67","routes":["113","176","177","182"],"route_count":4}},{"type":"Feature","geometry":{"type":"Point","coordinates":[153.041444,-27.48531]},"properties":{"stop_id":"1112","stop_code":"001112","stop_name":"Vulture St at Kennedy Street, stop 11","routes":["185"],"route_count":1}},{"type":"Feature","geometry":{"type":"Point","coordinates":[153.044137,-27.48571]},"properties":{"stop_id":"1113","stop_code":"001113","stop_name":"Vulture St at Rosslyn Street, stop 12/15","routes":["185"],"route_count":1}},{"type":"Feature","geometry":{"type":"Point","coordinates":[153.059958,-27.408214]},"properties":{"stop_id":"11135","stop_code":"011135","stop_name":"Toombul Shopping Centre station, platform E","routes":["598","599"],"route_count":2}},{"type":"Feature","geometry":{"type":"Point","coordinates":[153.046474,-27.486066]},"properties":{"stop_id":"1114","stop_code":"001114","stop_name":"Vulture St at Withington Street, stop 16","routes":["185"],"route_count":1}},{"type":"Feature","geometry":{"type":"Point","coordinates":[153.048934,-27.486452]},"properties":{"stop_id":"1115","stop_code":"001115","stop_name":"Vulture St at Didsbury Street, stop 17","routes":["185"],"route_count":1}},{"type":"Feature","geometry":{"type":"Point","coordinates":[153.047128,-27.4883]},"properties":{"stop_id":"1116","stop_code":"001116","stop_name":"Stanley St E at Didsbury Street, stop 17","routes":["185"],"route_count":1}},{"type":"Feature","geometry":{"type":"Point","coordinates":[153.044587,-27.487957]},"properties":{"stop_id":"1117","stop_code":"001117","stop_name":"Stanley St E at Longlands Street, stop 16","routes":["185"],"route_count":1}},{"type":"Feature","geometry":{"type":"Point","coordinates":[153.042846,-27.487669]},"properties":{"stop_id":"1118","stop_code":"001118","stop_name":"Stanley St at Fisher Street, stop 15/11","routes":["185"],"route_count":1}},{"type":"Feature","geometry":{"type":"Point","coordinates":[153.040132,-27.487245]},"properties":{"stop_id":"1119","stop_code":"001119","stop_name":"Stanley St at Stanley Street East, stop 10","routes":["185"],"route_count":1}},{"type":"Feature","geometry":{"type":"Point","coordinates":[153.060115,-27.408265]},"properties":{"stop_id":"11328","stop_code":"011328","stop_name":"Toombul Interchange","routes":["598","599"],"route_count":2}},{"type":"Feature","geometry":{"type":"Point","coordinates":[153.017843,-27.498038]},"properties":{"stop_id":"11504","stop_code":"011504","stop_name":"UQ Lakes stop D","routes":["179"],"route_count":1}},{"type":"Feature","geometry":{"type":"Point","coordinates":[153.02789,-27.498456]},"properties":{"stop_id":"1179","stop_code":"001179","stop_name":"Annerley Rd at Cemetery, stop 18/12","routes":["113"],"route_count":1}},{"type":"Feature","geometry":{"type":"Point","coordinates":[153.027688,-27.498767]},"properties":{"stop_id":"1180","stop_code":"001180","stop_name":"Annerley Rd at Cemetery, stop 13/18","routes":["113"],"route_count":1}},{"type":"Feature","geometry":{"type":"Point","coordinates":[153.026861,-27.474254]},"properties":{"stop_id":"123","stop_code":"000123","stop_name":"George Street Stop 123 near Alice St","routes":["176","186"],"route_count":2}},{"type":"Feature","geometry":{"type":"Point","coordinates":[153.102507,-27.534584]},"properties":{"stop_id":"13030","stop_code":"013030","stop_name":"Luprena St at Mansfield North near Amoria St","routes":["183"],"route_count":1}},{"type":"Feature","geometry":{"type":"Point","coordinates":[152.982738,-27.480003]},"properties":{"stop_id":"13037","stop_code":"013037","stop_name":"Dean St at Toowong Depot","routes":["598"],"route_count":1}},{"type":"Feature","geometry":{"type":"Point","coordinates":[153.095113,-27.547745]},"properties":{"stop_id":"13072","stop_code":"013072","stop_name":"Wishart Rd near Pasley St, stop 75","routes":["183"],"route_count":1}},{"type":"Feature","geometry":{"type":"Point","coordinates":[152.98529,-27.458414]},"properties":{"stop_id":"1360","stop_code":"001360","stop_name":"Simpsons Rd at Bardon, stop 16a","routes":["598"],"route_count":1}},{"type":"Feature","geometry":{"type":"Point","coordinates":[152.985252,-27.458217]},"properties":{"stop_id":"1361","stop_code":"001361","stop_name":"Simpsons Rd at Bardon, stop 16","routes":["599"],"route_count":1}},{"type":"Feature","geometry":{"type":"Point","coordinates":[152.976696,-27.471347]},"properties":{"stop_id":"1393","stop_code":"001393","stop_name":"Birdwood Tce at Stuartholme, stop 31","routes":["599"],"route_count":1}},{"type":"Feature","geometry":{"type":"Point","coordinates":[152.976598,-27.471138]},"properties":{"stop_id":"1397","stop_code":"001397","stop_name":"Birdwood Tce at Stuartholme, stop 31","routes":["598"],"route_count":1}},{"type":"Feature","geometry":{"type":"Point","coordinates":[152.982606,-27.479606]},"properties":{"stop_id":"14024","stop_code":"014024","stop_name":"Dean St at Toowong Depot, stop 17","routes":["599"],"route_count":1}},{"type":"Feature","geometry":{"type":"Point","coordinates":[152.979681,-27.475209]},"properties":{"stop_id":"1403","stop_code":"001403","stop_name":"Mt Coot-tha Rd at Botanic Gardens, stop 17","routes":["598"],"route_count":1}},{"type":"Feature","geometry":{"type":"Point","coordinates":[152.976656,-27.475303]},"properties":{"stop_id":"1405","stop_code":"001405","stop_name":"Mt Coot-tha Rd at Botanic Gardens, stop 19","routes":["598","599"],"route_count":2}},{"type":"Feature","geometry":{"type":"Point","coordinates":[152.979139,-27.463851]},"properties":{"stop_id":"1411","stop_code":"001411","stop_name":"Stuartholme Rd at Rainworth near Leworthy St","routes":["599"],"route_count":1}},{"type":"Feature","geometry":{"type":"Point","coordinates":[152.979847,-27.463691]},"properties":{"stop_id":"1413","stop_code":"001413","stop_name":"Stuartholme Rd at Rainworth near Sixth Ave","routes":["598"],"route_count":1}},{"type":"Feature","geometry":{"type":"Point","coordinates":[152.988472,-27.452989]},"properties":{"stop_id":"1434","stop_code":"001434","stop_name":"Jubilee Tce near Effie St","routes":["598"],"route_count":1}},{"type":"Feature","geometry":{"type":"Point","coordinates":[152.988232,-27.453522]},"properties":{"stop_id":"1435","stop_code":"001435","stop_name":"Jubilee Tce near Effie St","routes":["599"],"route_count":1}},{"type":"Feature","geometry":{"type":"Point","coordinates":[153.028827,-27.467314]},"properties":{"stop_id":"148","stop_code":"000148","stop_name":"Creek Street Stop 148 at Riverside Centre","routes":["176","186"],"route_count":2}},{"type":"Feature","geometry":{"type":"Point","coordinates":[153.030039,-27.467282]},"properties":{"stop_id":"152","stop_code":"000152","stop_name":"Eagle Street Stop 152 at Riverside Centre","routes":["175","185"],"route_count":2}},{"type":"Feature","geometry":{"type":"Point","coordinates":[153.062768,-27.575666]},"properties":{"stop_id":"15645","stop_code":"015645","stop_name":"Turton St near Mains Rd","routes":["599"],"route_count":1}},{"type":"Feature","geometry":{"type":"Point","coordinates":[153.051183,-27.574014]},"properties":{"stop_id":"15656","stop_code":"015656","stop_name":"Turton St at Sunnybank State School","routes":["599"],"route_count":1}},{"type":"Feature","geometry":{"type":"Point","coordinates":[153.051275,-27.573932]},"properties":{"stop_id":"15657","stop_code":"015657","stop_name":"Turton St at Sunnybank State School","routes":["598"],"route_count":1}},{"type":"Feature","geometry":{"type":"Point","coordinates":[153.048142,-27.572951]},"properties":{"stop_id":"15658","stop_code":"015658","stop_name":"Troughton Rd at Banoon near Turton St","routes":["598"],"route_count":1}},{"type":"Feature","geometry":{"type":"Point","coordinates":[153.048019,-27.572924]},"properties":{"stop_id":"15659","stop_code":"015659","stop_name":"Troughton Rd at Banoon","routes":["599"],"route_count":1}},{"type":"Feature","geometry":{"type":"Point","coordinates":[152.97243,-27.511608]},"properties":{"stop_id":"1604","stop_code":"001604","stop_name":"Honour Ave at Chelmer station","routes":["599"],"route_count":1}},{"type":"Feature","geometry":{"type":"Point","coordinates":[152.972574,-27.511573]},"properties":{"stop_id":"1605","stop_code":"001605","stop_name":"Honour Ave at Chelmer station","routes":["598"],"route_count":1}},{"type":"Feature","geometry":{"type":"Point","coordinates":[152.975599,-27.520438]},"properties":{"stop_id":"1606","stop_code":"001606","stop_name":"Honour Ave at Graceville near Verney Rd","routes":["598"],"route_count":1}},{"type":"Feature","geometry":{"type":"Point","coordinates":[152.975434,-27.520412]},"properties":{"stop_id":"1607","stop_code":"001607","stop_name":"Honour Ave at Graceville near Verney Rd","routes":["599"],"route_count":1}},{"type":"Feature","geometry":{"type":"Point","coordinates":[152.977983,-27.525884]},"properties":{"stop_id":"1611","stop_code":"001611","stop_name":"Honour Ave at Sherwood Forest","routes":["599"],"route_count":1}},{"type":"Feature","geometry":{"type":"Point","coordinates":[152.978235,-27.526146]},"properties":{"stop_id":"1612","stop_code":"001612","stop_name":"Honour Ave at Sherwood Forest","routes":["598"],"route_count":1}},{"type":"Feature","geometry":{"type":"Point","coordinates":[153.080225,-27.563591]},"properties":{"stop_id":"16503","stop_code":"016503","stop_name":"Garden City Shopping Centre station, stop M","routes":["599"],"route_count":1}},{"type":"Feature","geometry":{"type":"Point","coordinates":[153.080555,-27.563705]},"properties":{"stop_id":"16505","stop_code":"016505","stop_name":"Garden City Shopping Centre station, stop K","routes":["598"],"route_count":1}},{"type":"Feature","geometry":{"type":"Point","coordinates":[153.081105,-27.563766]},"properties":{"stop_id":"16507","stop_code":"016507","stop_name":"Garden City Shopping Centre station, stop I","routes":["182"],"route_count":1}},{"type":"Feature","geometry":{"type":"Point","coordinates":[153.080901,-27.563633]},"properties":{"stop_id":"16508","stop_code":"016508","stop_name":"Garden City Shopping Centre station, stop H","routes":["179"],"route_count":1}},{"type":"Feature","geometry":{"type":"Point","coordinates":[153.080637,-27.563462]},"properties":{"stop_id":"16509","stop_code":"016509","stop_name":"Garden City Shopping Centre station, stop G","routes":["185"],"route_count":1}},{"type":"Feature","geometry":{"type":"Point","coordinates":[153.080441,-27.563334]},"properties":{"stop_id":"16510","stop_code":"016510","stop_name":"Garden City Shopping Centre station, stop F","routes":["172"],"route_count":1}},{"type":"Feature","geometry":{"type":"Point","coordinates":[153.08071,-27.563365]},"properties":{"stop_id":"16513","stop_code":"016513","stop_name":"Garden City Shopping Centre station, stop C","routes":["175","176"],"route_count":2}},{"type":"Feature","geometry":{"type":"Point","coordinates":[152.975285,-27.503381]},"properties":{"stop_id":"1664","stop_code":"001664","stop_name":"Coonan St at Indooroopilly station, stop 53","routes":["598"],"route_count":1}},{"type":"Feature","geometry":{"type":"Point","coordinates":[152.974862,-27.503537]},"properties":{"stop_id":"1665","stop_code":"001665","stop_name":"Coonan St at Indooroopilly station, stop 53","routes":["599"],"route_count":1}},{"type":"Feature","geometry":{"type":"Point","coordinates":[152.977631,-27.492595]},"properties":{"stop_id":"1743","stop_code":"001743","stop_name":"Walker St at Taringa, stop 19","routes":["599"],"route_count":1}},{"type":"Feature","geometry":{"type":"Point","coordinates":[152.987746,-27.489381]},"properties":{"stop_id":"1747","stop_code":"001747","stop_name":"Moggill Rd at BBC, stop 16","routes":["599"],"route_count":1}},{"type":"Feature","geometry":{"type":"Point","coordinates":[152.985737,-27.49067]},"properties":{"stop_id":"1748","stop_code":"001748","stop_name":"Moggill Rd at BBC, stop 16","routes":["598"],"route_count":1}},{"type":"Feature","geometry":{"type":"Point","coordinates":[152.97914,-27.492934]},"properties":{"stop_id":"1754","stop_code":"001754","stop_name":"Moggill Rd at Taringa, stop 19","routes":["598"],"route_count":1}},{"type":"Feature","geometry":{"type":"Point","coordinates":[152.984896,-27.484522]},"properties":{"stop_id":"1773","stop_code":"001773","stop_name":"Sherwood Rd at Toowong West, stop 22","routes":["599"],"route_count":1}},{"type":"Feature","geometry":{"type":"Point","coordinates":[152.983261,-27.484139]},"properties":{"stop_id":"1777","stop_code":"001777","stop_name":"Sherwood Rd at Toowong West, stop 20","routes":["598"],"route_count":1}},{"type":"Feature","geometry":{"type":"Point","coordinates":[152.982685,-27.480033]},"properties":{"stop_id":"1796","stop_code":"001796","stop_name":"Dean St at Toowong Depot, stop 17","routes":["598"],"route_count":1}},{"type":"Feature","geometry":{"type":"Point","coordinates":[153.024777,-27.497983]},"properties":{"stop_id":"18055","stop_code":"018055","stop_name":"Dutton Park Place","routes":["179"],"route_count":1}},{"type":"Feature","geometry":{"type":"Point","coordinates":[153.024484,-27.498096]},"properties":{"stop_id":"18056","stop_code":"018056","stop_name":"Dutton Park Place","routes":["179"],"route_count":1}},{"type":"Feature","geometry":{"type":"Point","coordinates":[153.018077,-27.49805]},"properties":{"stop_id":"1882","stop_code":"001882","stop_name":"UQ Lakes station","routes":["179"],"route_count":1}},{"type":"Feature","geometry":{"type":"Point","coordinates":[152.990815,-27.487108]},"properties":{"stop_id":"1886","stop_code":"001886","stop_name":"High St at Toowong, stop 14 (temp relocation)","routes":["599"],"route_count":1}},{"type":"Feature","geometry":{"type":"Point","coordinates":[153.034648,-27.486079]},"properties":{"stop_id":"19050","stop_code":"019050","stop_name":"Woolloongabba station, platform 1","routes":["175","185"],"route_count":2}},{"type":"Feature","geometry":{"type":"Point","coordinates":[153.035078,-27.486011]},"properties":{"stop_id":"19062","stop_code":"019062","stop_name":"Woolloongabba station, platform 2","routes":["175","185"],"route_count":2}},{"type":"Feature","geometry":{"type":"Point","coordinates":[153.037587,-27.487147]},"properties":{"stop_id":"19066","stop_code":"019066","stop_name":"Jurgens St at Woolloongabba, stop E","routes":["175"],"route_count":1}},{"type":"Feature","geometry":{"type":"Point","coordinates":[153.037337,-27.487043]},"properties":{"stop_id":"19067","stop_code":"019067","stop_name":"Stanley St at Jurgens Street, stop F","routes":["175"],"route_count":1}},{"type":"Feature","geometry":{"type":"Point","coordinates":[152.989174,-27.449225]},"properties":{"stop_id":"1952","stop_code":"001952","stop_name":"Jubilee Tce at Ithaca near Fletcher Pde","routes":["599"],"route_count":1}},{"type":"Feature","geometry":{"type":"Point","coordinates":[152.989487,-27.448571]},"properties":{"stop_id":"1953","stop_code":"001953","stop_name":"Jubilee Tce at Ithaca near The Esplanade","routes":["598"],"route_count":1}},{"type":"Feature","geometry":{"type":"Point","coordinates":[152.989924,-27.440251]},"properties":{"stop_id":"1956","stop_code":"001956","stop_name":"Stewart Rd at Frasers Bridge, stop 45","routes":["599"],"route_count":1}},{"type":"Feature","geometry":{"type":"Point","coordinates":[152.990085,-27.44023]},"properties":{"stop_id":"1957","stop_code":"001957","stop_name":"Stewart Rd at Frasers Bridge, stop 42","routes":["598"],"route_count":1}},{"type":"Feature","geometry":{"type":"Point","coordinates":[152.991906,-27.445295]},"properties":{"stop_id":"1961","stop_code":"001961","stop_name":"Stewart Rd at Ashgrove, stop 46","routes":["599"],"route_count":1}},{"type":"Feature","geometry":{"type":"Point","coordinates":[152.971946,-27.500941]},"properties":{"stop_id":"2004","stop_code":"002004","stop_name":"Indooroopilly interchange","routes":["599"],"route_count":1}},{"type":"Feature","geometry":{"type":"Point","coordinates":[153.034928,-27.457179]},"properties":{"stop_id":"203","stop_code":"000203","stop_name":"Warner Street Stop 203 near Wickham St","routes":["175","185"],"route_count":2}},{"type":"Feature","geometry":{"type":"Point","coordinates":[153.03517,-27.457364]},"properties":{"stop_id":"204","stop_code":"000204","stop_name":"Warner Street Stop 204 near Ann St","routes":["175","185"],"route_count":2}},{"type":"Feature","geometry":{"type":"Point","coordinates":[152.979202,-27.415837]},"properties":{"stop_id":"2067","stop_code":"002067","stop_name":"Samford Rd at Gaythorne RSL, stop 33","routes":["598"],"route_count":1}},{"type":"Feature","geometry":{"type":"Point","coordinates":[152.978961,-27.415885]},"properties":{"stop_id":"2068","stop_code":"002068","stop_name":"Samford Rd at Gaythorne RSL, stop 33","routes":["599"],"route_count":1}},{"type":"Feature","geometry":{"type":"Point","coordinates":[152.978278,-27.409738]},"properties":{"stop_id":"2072","stop_code":"002072","stop_name":"Brookside Shopping Centre","routes":["598","599"],"route_count":2}},{"type":"Feature","geometry":{"type":"Point","coordinates":[152.990649,-27.406372]},"properties":{"stop_id":"2084","stop_code":"002084","stop_name":"South Pine Rd at Everton Park, stop 37","routes":["599"],"route_count":1}},{"type":"Feature","geometry":{"type":"Point","coordinates":[152.990396,-27.407663]},"properties":{"stop_id":"2113","stop_code":"002113","stop_name":"Griffith St at Everton Park, stop 4/18","routes":["598"],"route_count":1}},{"type":"Feature","geometry":{"type":"Point","coordinates":[152.974268,-27.411783]},"properties":{"stop_id":"2114","stop_code":"002114","stop_name":"Blackwood St at Mitchelton, stop 34","routes":["599"],"route_count":1}},{"type":"Feature","geometry":{"type":"Point","coordinates":[152.974357,-27.411982]},"properties":{"stop_id":"2115","stop_code":"002115","stop_name":"Blackwood St at Mitchelton, stop 34","routes":["598"],"route_count":1}},{"type":"Feature","geometry":{"type":"Point","coordinates":[152.986964,-27.401273]},"properties":{"stop_id":"2132","stop_code":"002132","stop_name":"South Pine Rd at Everton Junction, stop 40","routes":["598"],"route_count":1}},{"type":"Feature","geometry":{"type":"Point","coordinates":[152.985898,-27.395243]},"properties":{"stop_id":"2148","stop_code":"002148","stop_name":"Old Northern Rd at Everton Park North","routes":["599"],"route_count":1}},{"type":"Feature","geometry":{"type":"Point","coordinates":[152.986665,-27.396273]},"properties":{"stop_id":"2149","stop_code":"002149","stop_name":"Old Northern Rd at Everton Park North","routes":["598"],"route_count":1}},{"type":"Feature","geometry":{"type":"Point","coordinates":[153.033278,-27.460299]},"properties":{"stop_id":"218","stop_code":"000218","stop_name":"Ann Street Stop 218 at All Hallows","routes":["175","185"],"route_count":2}},{"type":"Feature","geometry":{"type":"Point","coordinates":[152.978651,-27.409984]},"properties":{"stop_id":"2192","stop_code":"002192","stop_name":"Brookside Shopping Centre station, platform A","routes":["599"],"route_count":1}},{"type":"Feature","geometry":{"type":"Point","coordinates":[152.978278,-27.409738]},"properties":{"stop_id":"2193","stop_code":"002193","stop_name":"Brookside Shopping Centre station, platform B","routes":["598"],"route_count":1}},{"type":"Feature","geometry":{"type":"Point","coordinates":[152.971739,-27.500967]},"properties":{"stop_id":"2204","stop_code":"002204","stop_name":"Indooroopilly Shopping Centre station, stop C","routes":["598"],"route_count":1}},{"type":"Feature","geometry":{"type":"Point","coordinates":[152.972073,-27.50166]},"properties":{"stop_id":"2205","stop_code":"002205","stop_name":"Station Rd at Indooroopilly Shopping Ctr, stop E","routes":["599"],"route_count":1}},{"type":"Feature","geometry":{"type":"Point","coordinates":[153.07864,-27.53764]},"properties":{"stop_id":"2223","stop_code":"002223","stop_name":"Logan Rd at Mt Gravatt Central, stop 37","routes":["113","175","176","177","179","182"],"route_count":6}},{"type":"Feature","geometry":{"type":"Point","coordinates":[153.07754,-27.535977]},"properties":{"stop_id":"2228","stop_code":"002228","stop_name":"Logan Rd at High Street, stop 36","routes":["175","176","177","182"],"route_count":4}},{"type":"Feature","geometry":{"type":"Point","coordinates":[153.079519,-27.538376]},"properties":{"stop_id":"2232","stop_code":"002232","stop_name":"Logan Rd at Mt Gravatt Central, stop 37","routes":["113","175","176","177","179","182"],"route_count":6}},{"type":"Feature","geometry":{"type":"Point","coordinates":[153.076616,-27.535298]},"properties":{"stop_id":"2233","stop_code":"002233","stop_name":"Logan Rd at High Street, stop 36","routes":["175","176","177","182"],"route_count":4}},{"type":"Feature","geometry":{"type":"Point","coordinates":[153.079032,-27.535396]},"properties":{"stop_id":"2234","stop_code":"002234","stop_name":"Springwood St at Troubridge Street, stop 37a","routes":["113"],"route_count":1}},{"type":"Feature","geometry":{"type":"Point","coordinates":[153.079143,-27.53546]},"properties":{"stop_id":"2235","stop_code":"002235","stop_name":"Springwood St at Troubridge Street, stop 37a","routes":["113"],"route_count":1}},{"type":"Feature","geometry":{"type":"Point","coordinates":[153.074774,-27.533448]},"properties":{"stop_id":"2236","stop_code":"002236","stop_name":"Logan Rd at Mt Gravatt School, stop 35s","routes":["175","176","177","182"],"route_count":4}},{"type":"Feature","geometry":{"type":"Point","coordinates":[153.072685,-27.528796]},"properties":{"stop_id":"2238","stop_code":"002238","stop_name":"Nursery Rd at Nursery-Logan Stop 48","routes":["113"],"route_count":1}},{"type":"Feature","geometry":{"type":"Point","coordinates":[153.072953,-27.528475]},"properties":{"stop_id":"2239","stop_code":"002239","stop_name":"Nursery Rd at Nursery-Logan Stop 48","routes":["113"],"route_count":1}},{"type":"Feature","geometry":{"type":"Point","coordinates":[153.072288,-27.52993]},"properties":{"stop_id":"2240","stop_code":"002240","stop_name":"Logan Rd at Mt Thompson, stop 34","routes":["175","176","177","179","182"],"route_count":5}},{"type":"Feature","geometry":{"type":"Point","coordinates":[153.074246,-27.53237]},"properties":{"stop_id":"2241","stop_code":"002241","stop_name":"Logan Rd at Mt Gravatt School, stop 35s","routes":["175","176","177","182"],"route_count":4}},{"type":"Feature","geometry":{"type":"Point","coordinates":[153.072746,-27.531092]},"properties":{"stop_id":"2242","stop_code":"002242","stop_name":"Logan Rd at Big Top, stop 35a","routes":["175","176","177","182"],"route_count":4}},{"type":"Feature","geometry":{"type":"Point","coordinates":[153.071126,-27.529647]},"properties":{"stop_id":"2243","stop_code":"002243","stop_name":"Nursery Rd at Miriam Street, stop 68","routes":["113"],"route_count":1}},{"type":"Feature","geometry":{"type":"Point","coordinates":[153.069516,-27.530621]},"properties":{"stop_id":"2245","stop_code":"002245","stop_name":"Nursery Rd at Iris Street, stop 67","routes":["113","176","177","182"],"route_count":4}},{"type":"Feature","geometry":{"type":"Point","coordinates":[153.068618,-27.531342]},"properties":{"stop_id":"2246","stop_code":"002246","stop_name":"Nursery Rd at Marvin Street, stop 66","routes":["113","176","177","182"],"route_count":4}},{"type":"Feature","geometry":{"type":"Point","coordinates":[153.067088,-27.542424]},"properties":{"stop_id":"2253","stop_code":"002253","stop_name":"Circular Dr at Griffith University, stop B","routes":["177"],"route_count":1}},{"type":"Feature","geometry":{"type":"Point","coordinates":[153.063803,-27.53823]},"properties":{"stop_id":"2254","stop_code":"002254","stop_name":"Gaynesford St at Gaynesford Street South, stop 60","routes":["177"],"route_count":1}},{"type":"Feature","geometry":{"type":"Point","coordinates":[153.06594,-27.537065]},"properties":{"stop_id":"2255","stop_code":"002255","stop_name":"Gaynesford St near Bartels St, stop 61","routes":["177"],"route_count":1}},{"type":"Feature","geometry":{"type":"Point","coordinates":[153.065813,-27.537254]},"properties":{"stop_id":"2256","stop_code":"002256","stop_name":"Gaynesford St near Bartels St, stop 61","routes":["177"],"route_count":1}},{"type":"Feature","geometry":{"type":"Point","coordinates":[153.06693,-27.536572]},"properties":{"stop_id":"2257","stop_code":"002257","stop_name":"Gaynesford St near Donfern St, stop 62","routes":["177"],"route_count":1}},{"type":"Feature","geometry":{"type":"Point","coordinates":[153.067384,-27.536139]},"properties":{"stop_id":"2258","stop_code":"002258","stop_name":"Gaynesford St near Clough St, stop 62","routes":["177"],"route_count":1}},{"type":"Feature","geometry":{"type":"Point","coordinates":[153.068498,-27.53204]},"properties":{"stop_id":"2259","stop_code":"002259","stop_name":"Fielding St near Rockingham St, stop 66","routes":["177"],"route_count":1}},{"type":"Feature","geometry":{"type":"Point","coordinates":[153.069086,-27.53262]},"properties":{"stop_id":"2260","stop_code":"002260","stop_name":"Fielding St near Middleton St, stop 65","routes":["177"],"route_count":1}},{"type":"Feature","geometry":{"type":"Point","coordinates":[153.068822,-27.533564]},"properties":{"stop_id":"2262","stop_code":"002262","stop_name":"Greening St near Vaughan St, stop 64","routes":["177"],"route_count":1}},{"type":"Feature","geometry":{"type":"Point","coordinates":[153.068722,-27.533625]},"properties":{"stop_id":"2263","stop_code":"002263","stop_name":"Greening St near Vaughan St, stop 64","routes":["177"],"route_count":1}},{"type":"Feature","geometry":{"type":"Point","coordinates":[153.069218,-27.535079]},"properties":{"stop_id":"2264","stop_code":"002264","stop_name":"Gaynesford St near Stanhope St, stop 63","routes":["177"],"route_count":1}},{"type":"Feature","geometry":{"type":"Point","coordinates":[153.069314,-27.53488]},"properties":{"stop_id":"2265","stop_code":"002265","stop_name":"Gaynesford St near Greening St, stop 63","routes":["177"],"route_count":1}},{"type":"Feature","geometry":{"type":"Point","coordinates":[153.070652,-27.528397]},"properties":{"stop_id":"2267","stop_code":"002267","stop_name":"Logan Rd at Mt Thompson, stop 34","routes":["175","179"],"route_count":2}},{"type":"Feature","geometry":{"type":"Point","coordinates":[153.0593,-27.53071]},"properties":{"stop_id":"2269","stop_code":"002269","stop_name":"Bapaume Rd at Holland Park High School, stop 62","routes":["113","182"],"route_count":2}},{"type":"Feature","geometry":{"type":"Point","coordinates":[153.032018,-27.459068]},"properties":{"stop_id":"227","stop_code":"000227","stop_name":"Wickham Street Stop 227 near Little St","routes":["175","185"],"route_count":2}},{"type":"Feature","geometry":{"type":"Point","coordinates":[153.057444,-27.527632]},"properties":{"stop_id":"2272","stop_code":"002272","stop_name":"Cannes St at Holland Park West","routes":["113"],"route_count":1}},{"type":"Feature","geometry":{"type":"Point","coordinates":[153.057156,-27.528776]},"properties":{"stop_id":"2274","stop_code":"002274","stop_name":"Bapaume Rd near Sterculia Ave, stop 57/61","routes":["113","182"],"route_count":2}},{"type":"Feature","geometry":{"type":"Point","coordinates":[153.058638,-27.529676]},"properties":{"stop_id":"2275","stop_code":"002275","stop_name":"Bapaume Rd near Mulsanne Rd, stop 61/57","routes":["113"],"route_count":1}},{"type":"Feature","geometry":{"type":"Point","coordinates":[153.054113,-27.530698]},"properties":{"stop_id":"2279","stop_code":"002279","stop_name":"Pozieres Rd at Messines Ridge Road, stop 53","routes":["113"],"route_count":1}},{"type":"Feature","geometry":{"type":"Point","coordinates":[153.05231,-27.531272]},"properties":{"stop_id":"2280","stop_code":"002280","stop_name":"Pozieres Rd at Belvedere Street, stop 52","routes":["113"],"route_count":1}},{"type":"Feature","geometry":{"type":"Point","coordinates":[153.051744,-27.53143]},"properties":{"stop_id":"2281","stop_code":"002281","stop_name":"Pozieres Rd at Belvedere Street, stop 52","routes":["113"],"route_count":1}},{"type":"Feature","geometry":{"type":"Point","coordinates":[153.07374,-27.527978]},"properties":{"stop_id":"2292","stop_code":"002292","stop_name":"Nursery Rd at View Street, stop 49","routes":["113"],"route_count":1}},{"type":"Feature","geometry":{"type":"Point","coordinates":[153.050112,-27.531732]},"properties":{"stop_id":"2298","stop_code":"002298","stop_name":"Garioch St near Pozieres Rd, stop 51","routes":["113"],"route_count":1}},{"type":"Feature","geometry":{"type":"Point","coordinates":[153.050026,-27.531811]},"properties":{"stop_id":"2299","stop_code":"002299","stop_name":"Garioch St near Marieander St, stop 51","routes":["113"],"route_count":1}},{"type":"Feature","geometry":{"type":"Point","coordinates":[153.055518,-27.526782]},"properties":{"stop_id":"2302","stop_code":"002302","stop_name":"Kuring-Gai Ave near Nurinda Lane, stop 54","routes":["113"],"route_count":1}},{"type":"Feature","geometry":{"type":"Point","coordinates":[153.05552,-27.527491]},"properties":{"stop_id":"2303","stop_code":"002303","stop_name":"Coromandel St at Kuring-Gai Avenue, stop 54","routes":["113"],"route_count":1}},{"type":"Feature","geometry":{"type":"Point","coordinates":[153.056014,-27.528919]},"properties":{"stop_id":"2305","stop_code":"002305","stop_name":"Pozieres Rd at Coromandel Street, stop 53a","routes":["113"],"route_count":1}},{"type":"Feature","geometry":{"type":"Point","coordinates":[153.055026,-27.52987]},"properties":{"stop_id":"2306","stop_code":"002306","stop_name":"Pozieres Rd at Messines Ridge Road, stop 53","routes":["113"],"route_count":1}},{"type":"Feature","geometry":{"type":"Point","coordinates":[153.045282,-27.52982]},"properties":{"stop_id":"2307","stop_code":"002307","stop_name":"Toohey Rd at Bramston Terrace, stop 47","routes":["113"],"route_count":1}},{"type":"Feature","geometry":{"type":"Point","coordinates":[153.045453,-27.529674]},"properties":{"stop_id":"2308","stop_code":"002308","stop_name":"Toohey Rd at Bramston Terrace, stop 47","routes":["113"],"route_count":1}},{"type":"Feature","geometry":{"type":"Point","coordinates":[153.045158,-27.531235]},"properties":{"stop_id":"2309","stop_code":"002309","stop_name":"Toohey Rd at Tarragindi, stop 44/48","routes":["113"],"route_count":1}},{"type":"Feature","geometry":{"type":"Point","coordinates":[153.04491,-27.531918]},"properties":{"stop_id":"2310","stop_code":"002310","stop_name":"Toohey Rd at Tarragindi, stop 44/48","routes":["113"],"route_count":1}},{"type":"Feature","geometry":{"type":"Point","coordinates":[153.047018,-27.53115]},"properties":{"stop_id":"2311","stop_code":"002311","stop_name":"Marshall Rd at Chamberlain Street, stop 49","routes":["113"],"route_count":1}},{"type":"Feature","geometry":{"type":"Point","coordinates":[153.048126,-27.530603]},"properties":{"stop_id":"2313","stop_code":"002313","stop_name":"Marshall Rd at Heathwhite Street, stop 50","routes":["113"],"route_count":1}},{"type":"Feature","geometry":{"type":"Point","coordinates":[153.045642,-27.532159]},"properties":{"stop_id":"2315","stop_code":"002315","stop_name":"Marshall Rd at Hexham Street, stop 49","routes":["113"],"route_count":1}},{"type":"Feature","geometry":{"type":"Point","coordinates":[153.056103,-27.527061]},"properties":{"stop_id":"2328","stop_code":"002328","stop_name":"Bapaume Rd at Marshall Road, stop 55","routes":["113"],"route_count":1}},{"type":"Feature","geometry":{"type":"Point","coordinates":[153.073884,-27.528042]},"properties":{"stop_id":"2329","stop_code":"002329","stop_name":"Nursery Rd at View Street, stop 49","routes":["113"],"route_count":1}},{"type":"Feature","geometry":{"type":"Point","coordinates":[153.049042,-27.523361]},"properties":{"stop_id":"2331","stop_code":"002331","stop_name":"Denham Tce at Vantage Street, stop 43","routes":["113"],"route_count":1}},{"type":"Feature","geometry":{"type":"Point","coordinates":[153.049801,-27.523267]},"properties":{"stop_id":"2332","stop_code":"002332","stop_name":"Denham Tce at Vantage Street, stop 43","routes":["113"],"route_count":1}},{"type":"Feature","geometry":{"type":"Point","coordinates":[153.051574,-27.522449]},"properties":{"stop_id":"2333","stop_code":"002333","stop_name":"Amulree St near Pemberton St, stop 42","routes":["113"],"route_count":1}},{"type":"Feature","geometry":{"type":"Point","coordinates":[153.051493,-27.522181]},"properties":{"stop_id":"2334","stop_code":"002334","stop_name":"Amulree St near Cracknell Rd, stop 42","routes":["113"],"route_count":1}},{"type":"Feature","geometry":{"type":"Point","coordinates":[153.049491,-27.521458]},"properties":{"stop_id":"2336","stop_code":"002336","stop_name":"Cracknell Rd at Weal Street, stop 41","routes":["113"],"route_count":1}},{"type":"Feature","geometry":{"type":"Point","coordinates":[153.049161,-27.521517]},"properties":{"stop_id":"2337","stop_code":"002337","stop_name":"Cracknell Rd at Weal Street, stop 41","routes":["113"],"route_count":1}},{"type":"Feature","geometry":{"type":"Point","coordinates":[153.063027,-27.520696]},"properties":{"stop_id":"2339","stop_code":"002339","stop_name":"Logan Rd at Barter Street, stop 30","routes":["175"],"route_count":1}},{"type":"Feature","geometry":{"type":"Point","coordinates":[153.061705,-27.519676]},"properties":{"stop_id":"2340","stop_code":"002340","stop_name":"Logan Rd at Holland Park, stop 29","routes":["172","175"],"route_count":2}},{"type":"Feature","geometry":{"type":"Point","coordinates":[153.059793,-27.518102]},"properties":{"stop_id":"2342","stop_code":"002342","stop_name":"Logan Rd at Harold Street, stop 28","routes":["172","175"],"route_count":2}},{"type":"Feature","geometry":{"type":"Point","coordinates":[153.05873,-27.517276]},"properties":{"stop_id":"2344","stop_code":"002344","stop_name":"Logan Rd at Swain Street, stop 27","routes":["172","175"],"route_count":2}},{"type":"Feature","geometry":{"type":"Point","coordinates":[153.055769,-27.514948]},"properties":{"stop_id":"2346","stop_code":"002346","stop_name":"Logan Rd at CB Mott Park, stop 26","routes":["172","175"],"route_count":2}},{"type":"Feature","geometry":{"type":"Point","coordinates":[153.049554,-27.513916]},"properties":{"stop_id":"2347","stop_code":"002347","stop_name":"Headfort St near Newdegate St, stop 23a","routes":["172"],"route_count":1}},{"type":"Feature","geometry":{"type":"Point","coordinates":[153.049832,-27.513851]},"properties":{"stop_id":"2348","stop_code":"002348","stop_name":"Headfort St near Nicholson St, stop 23a","routes":["172"],"route_count":1}},{"type":"Feature","geometry":{"type":"Point","coordinates":[153.051963,-27.513567]},"properties":{"stop_id":"2349","stop_code":"002349","stop_name":"Nicholson St near Hunter St, stop 23b","routes":["172"],"route_count":1}},{"type":"Feature","geometry":{"type":"Point","coordinates":[153.052037,-27.513658]},"properties":{"stop_id":"2350","stop_code":"002350","stop_name":"Nicholson St near Hunter St, stop 23b","routes":["172"],"route_count":1}},{"type":"Feature","geometry":{"type":"Point","coordinates":[153.053273,-27.512732]},"properties":{"stop_id":"2352","stop_code":"002352","stop_name":"Logan Rd at Greenslopes Mall, stop 25/24","routes":["172","175"],"route_count":2}},{"type":"Feature","geometry":{"type":"Point","coordinates":[153.067422,-27.524848]},"properties":{"stop_id":"2355","stop_code":"002355","stop_name":"Logan Rd at Boronia Street, stop 32","routes":["175"],"route_count":1}},{"type":"Feature","geometry":{"type":"Point","coordinates":[153.069075,-27.526597]},"properties":{"stop_id":"2356","stop_code":"002356","stop_name":"Logan Rd at Glindemann Park, stop 33","routes":["175"],"route_count":1}},{"type":"Feature","geometry":{"type":"Point","coordinates":[153.065384,-27.52264]},"properties":{"stop_id":"2358","stop_code":"002358","stop_name":"Logan Rd at Holland Park South, stop 31","routes":["175","179"],"route_count":2}},{"type":"Feature","geometry":{"type":"Point","coordinates":[153.058963,-27.517214]},"properties":{"stop_id":"2370","stop_code":"002370","stop_name":"Logan Rd at Swain Street, stop 27","routes":["172","175"],"route_count":2}},{"type":"Feature","geometry":{"type":"Point","coordinates":[153.059752,-27.517875]},"properties":{"stop_id":"2371","stop_code":"002371","stop_name":"Logan Rd at Harold Street, stop 28","routes":["172","175"],"route_count":2}},{"type":"Feature","geometry":{"type":"Point","coordinates":[153.061848,-27.519455]},"properties":{"stop_id":"2377","stop_code":"002377","stop_name":"Logan Rd at Holland Park, stop 29","routes":["172","175"],"route_count":2}},{"type":"Feature","geometry":{"type":"Point","coordinates":[153.063199,-27.520501]},"properties":{"stop_id":"2379","stop_code":"002379","stop_name":"Logan Rd at Barter St, stop 30","routes":["172","175"],"route_count":2}},{"type":"Feature","geometry":{"type":"Point","coordinates":[153.064818,-27.521794]},"properties":{"stop_id":"2380","stop_code":"002380","stop_name":"Logan Rd at Holland Park South, stop 31","routes":["175","179"],"route_count":2}},{"type":"Feature","geometry":{"type":"Point","coordinates":[153.067456,-27.524538]},"properties":{"stop_id":"2381","stop_code":"002381","stop_name":"Logan Rd at Boronia Street, stop 32","routes":["175"],"route_count":1}},{"type":"Feature","geometry":{"type":"Point","coordinates":[153.069235,-27.52638]},"properties":{"stop_id":"2382","stop_code":"002382","stop_name":"Logan Rd at Glindemann Park, stop 33","routes":["175"],"route_count":1}},{"type":"Feature","geometry":{"type":"Point","coordinates":[153.077391,-27.523407]},"properties":{"stop_id":"2383","stop_code":"002383","stop_name":"David Rd near Wollombi Pl, stop 50","routes":["172"],"route_count":1}},{"type":"Feature","geometry":{"type":"Point","coordinates":[153.077248,-27.523415]},"properties":{"stop_id":"2384","stop_code":"002384","stop_name":"David Rd near Oates Ave, stop 50","routes":["172"],"route_count":1}},{"type":"Feature","geometry":{"type":"Point","coordinates":[153.076023,-27.526691]},"properties":{"stop_id":"2386","stop_code":"002386","stop_name":"Nursery Rd at Eric Road, stop 50","routes":["113"],"route_count":1}},{"type":"Feature","geometry":{"type":"Point","coordinates":[153.07559,-27.526809]},"properties":{"stop_id":"2387","stop_code":"002387","stop_name":"Nursery Rd at Eric Road, stop 50","routes":["113"],"route_count":1}},{"type":"Feature","geometry":{"type":"Point","coordinates":[153.078955,-27.5247]},"properties":{"stop_id":"2388","stop_code":"002388","stop_name":"Nursery Rd at Crewe Street, stop 51","routes":["113","172"],"route_count":2}},{"type":"Feature","geometry":{"type":"Point","coordinates":[153.079201,-27.524697]},"properties":{"stop_id":"2389","stop_code":"002389","stop_name":"Nursery Rd at Crewe Street, stop 51","routes":["113","172"],"route_count":2}},{"type":"Feature","geometry":{"type":"Point","coordinates":[153.075465,-27.52261]},"properties":{"stop_id":"2390","stop_code":"002390","stop_name":"Cradock St at Mar Street, stop 49","routes":["172"],"route_count":1}},{"type":"Feature","geometry":{"type":"Point","coordinates":[153.074779,-27.521529]},"properties":{"stop_id":"2391","stop_code":"002391","stop_name":"Cradock St near Beddoes St, stop 48a","routes":["172"],"route_count":1}},{"type":"Feature","geometry":{"type":"Point","coordinates":[153.073948,-27.521558]},"properties":{"stop_id":"2392","stop_code":"002392","stop_name":"Seville Rd at Seville Shops, stop 48","routes":["172"],"route_count":1}},{"type":"Feature","geometry":{"type":"Point","coordinates":[153.074424,-27.517879]},"properties":{"stop_id":"2402","stop_code":"002402","stop_name":"Cavendish Rd at Holland Park East, stop 42","routes":["172","183","185"],"route_count":3}},{"type":"Feature","geometry":{"type":"Point","coordinates":[153.074713,-27.517859]},"properties":{"stop_id":"2403","stop_code":"002403","stop_name":"Cavendish Rd at Holland Park East, stop 42","routes":["183","185"],"route_count":2}},{"type":"Feature","geometry":{"type":"Point","coordinates":[153.067675,-27.518311]},"properties":{"stop_id":"2408","stop_code":"002408","stop_name":"Holland Rd near Rita St, stop 44","routes":["172","183"],"route_count":2}},{"type":"Feature","geometry":{"type":"Point","coordinates":[153.064648,-27.520213]},"properties":{"stop_id":"2410","stop_code":"002410","stop_name":"Holland Rd at Lamette Avenue, stop 43A","routes":["172"],"route_count":1}},{"type":"Feature","geometry":{"type":"Point","coordinates":[153.067632,-27.518184]},"properties":{"stop_id":"2411","stop_code":"002411","stop_name":"Holland Rd near Stewart St, stop 44","routes":["172","183"],"route_count":2}},{"type":"Feature","geometry":{"type":"Point","coordinates":[153.072599,-27.514314]},"properties":{"stop_id":"2412","stop_code":"002412","stop_name":"Cavendish Rd at Cavendish Rd Reservoir, stop 40","routes":["185"],"route_count":1}},{"type":"Feature","geometry":{"type":"Point","coordinates":[153.071934,-27.513313]},"properties":{"stop_id":"2413","stop_code":"002413","stop_name":"Cavendish Rd at Capella Street, stop 39","routes":["185"],"route_count":1}},{"type":"Feature","geometry":{"type":"Point","coordinates":[153.072152,-27.513266]},"properties":{"stop_id":"2414","stop_code":"002414","stop_name":"Cavendish Rd at Capella Street, stop 39","routes":["185"],"route_count":1}},{"type":"Feature","geometry":{"type":"Point","coordinates":[153.069764,-27.512902]},"properties":{"stop_id":"2415","stop_code":"002415","stop_name":"Cavendish Rd at Stoneleigh Street, stop 38","routes":["185"],"route_count":1}},{"type":"Feature","geometry":{"type":"Point","coordinates":[153.067987,-27.512378]},"properties":{"stop_id":"2416","stop_code":"002416","stop_name":"Cavendish Rd at Meridian Street, stop 37a","routes":["185"],"route_count":1}},{"type":"Feature","geometry":{"type":"Point","coordinates":[153.066994,-27.51215]},"properties":{"stop_id":"2417","stop_code":"002417","stop_name":"Cavendish Rd at Arlington Street, stop 37","routes":["185"],"route_count":1}},{"type":"Feature","geometry":{"type":"Point","coordinates":[153.04794,-27.513056]},"properties":{"stop_id":"2418","stop_code":"002418","stop_name":"Newdegate St at Greenslopes Hospital, stop 23","routes":["172"],"route_count":1}},{"type":"Feature","geometry":{"type":"Point","coordinates":[153.048024,-27.51314]},"properties":{"stop_id":"2419","stop_code":"002419","stop_name":"Newdegate St at Greenslopes Hospital, stop 23","routes":["172"],"route_count":1}},{"type":"Feature","geometry":{"type":"Point","coordinates":[153.05353,-27.512563]},"properties":{"stop_id":"2420","stop_code":"002420","stop_name":"Logan Rd at Greenslopes Mall, stop 24","routes":["172","175"],"route_count":2}},{"type":"Feature","geometry":{"type":"Point","coordinates":[153.073662,-27.519068]},"properties":{"stop_id":"2423","stop_code":"002423","stop_name":"Elgar St at Macklin St","routes":["172"],"route_count":1}},{"type":"Feature","geometry":{"type":"Point","coordinates":[153.063881,-27.507422]},"properties":{"stop_id":"2424","stop_code":"002424","stop_name":"Cavendish Rd at Goring Street, stop 34","routes":["185"],"route_count":1}},{"type":"Feature","geometry":{"type":"Point","coordinates":[153.073252,-27.516998]},"properties":{"stop_id":"2425","stop_code":"002425","stop_name":"Cavendish Rd at Cavendish Rd High School, stop 41","routes":["172","185"],"route_count":2}},{"type":"Feature","geometry":{"type":"Point","coordinates":[153.063058,-27.506739]},"properties":{"stop_id":"2427","stop_code":"002427","stop_name":"Cavendish Rd at Goring Street, stop 34","routes":["185"],"route_count":1}},{"type":"Feature","geometry":{"type":"Point","coordinates":[153.052009,-27.50856]},"properties":{"stop_id":"2431","stop_code":"002431","stop_name":"Logan Rd at Greenslopes, stop 22","routes":["175"],"route_count":1}},{"type":"Feature","geometry":{"type":"Point","coordinates":[153.053188,-27.510206]},"properties":{"stop_id":"2432","stop_code":"002432","stop_name":"Logan Rd at Donaldson Street, stop 23","routes":["175"],"route_count":1}},{"type":"Feature","geometry":{"type":"Point","coordinates":[153.073566,-27.517106]},"properties":{"stop_id":"2433","stop_code":"002433","stop_name":"Cavendish Rd at Cavendish Rd High School, stop 41","routes":["172","185"],"route_count":2}},{"type":"Feature","geometry":{"type":"Point","coordinates":[153.052852,-27.510808]},"properties":{"stop_id":"2434","stop_code":"002434","stop_name":"Logan Rd at Donaldson Street, stop 23","routes":["175"],"route_count":1}},{"type":"Feature","geometry":{"type":"Point","coordinates":[153.051598,-27.508571]},"properties":{"stop_id":"2435","stop_code":"002435","stop_name":"Logan Rd at Greenslopes, stop 22","routes":["175"],"route_count":1}},{"type":"Feature","geometry":{"type":"Point","coordinates":[153.049988,-27.506899]},"properties":{"stop_id":"2436","stop_code":"002436","stop_name":"Logan Rd at Greenslopes School, stop 21","routes":["175"],"route_count":1}},{"type":"Feature","geometry":{"type":"Point","coordinates":[153.063905,-27.509197]},"properties":{"stop_id":"2437","stop_code":"002437","stop_name":"Cavendish Rd at Loreto College, stop 35","routes":["185"],"route_count":1}},{"type":"Feature","geometry":{"type":"Point","coordinates":[153.064067,-27.50935]},"properties":{"stop_id":"2438","stop_code":"002438","stop_name":"Cavendish Rd at Loreto College, stop 35","routes":["185"],"route_count":1}},{"type":"Feature","geometry":{"type":"Point","coordinates":[153.076703,-27.518491]},"properties":{"stop_id":"2439","stop_code":"002439","stop_name":"Cavendish Rd at Turquoise Street, stop 49/43","routes":["185"],"route_count":1}},{"type":"Feature","geometry":{"type":"Point","coordinates":[153.048328,-27.511173]},"properties":{"stop_id":"2440","stop_code":"002440","stop_name":"Newdegate St near Denman St, stop 22 - TEMP CLOSURE","routes":["172"],"route_count":1}},{"type":"Feature","geometry":{"type":"Point","coordinates":[153.048383,-27.511395]},"properties":{"stop_id":"2441","stop_code":"002441","stop_name":"Newdegate St near Denham St, stop 22","routes":["172"],"route_count":1}},{"type":"Feature","geometry":{"type":"Point","coordinates":[153.050271,-27.506816]},"properties":{"stop_id":"2453","stop_code":"002453","stop_name":"Logan Rd at Greenslopes School, stop 21","routes":["175"],"route_count":1}},{"type":"Feature","geometry":{"type":"Point","coordinates":[153.060659,-27.49687]},"properties":{"stop_id":"2467","stop_code":"002467","stop_name":"Cavendish Rd at Shire Street, stop 28/27","routes":["185"],"route_count":1}},{"type":"Feature","geometry":{"type":"Point","coordinates":[153.062336,-27.499294]},"properties":{"stop_id":"2469","stop_code":"002469","stop_name":"Cavendish Rd at York Street, stop 29","routes":["185"],"route_count":1}},{"type":"Feature","geometry":{"type":"Point","coordinates":[153.062011,-27.501458]},"properties":{"stop_id":"2470","stop_code":"002470","stop_name":"Cavendish Rd at Emlyn Street, stop 30/31","routes":["185"],"route_count":1}},{"type":"Feature","geometry":{"type":"Point","coordinates":[153.061812,-27.501631]},"properties":{"stop_id":"2471","stop_code":"002471","stop_name":"Cavendish Rd at Emlyn Street, stop 31/30","routes":["185"],"route_count":1}},{"type":"Feature","geometry":{"type":"Point","coordinates":[153.061765,-27.503159]},"properties":{"stop_id":"2473","stop_code":"002473","stop_name":"Cavendish Rd at Mt Carmel School, stop 32","routes":["185"],"route_count":1}},{"type":"Feature","geometry":{"type":"Point","coordinates":[153.061498,-27.50488]},"properties":{"stop_id":"2474","stop_code":"002474","stop_name":"Cavendish Rd at St Stephens, stop 33","routes":["185"],"route_count":1}},{"type":"Feature","geometry":{"type":"Point","coordinates":[153.061439,-27.504275]},"properties":{"stop_id":"2475","stop_code":"002475","stop_name":"Cavendish Rd at St Stephens, stop 33","routes":["185"],"route_count":1}},{"type":"Feature","geometry":{"type":"Point","coordinates":[153.059579,-27.49516]},"properties":{"stop_id":"2488","stop_code":"002488","stop_name":"Cavendish Rd at Coorparoo Shops, stop 26","routes":["185"],"route_count":1}},{"type":"Feature","geometry":{"type":"Point","coordinates":[153.083731,-27.434197]},"properties":{"stop_id":"2900","stop_code":"002900","stop_name":"Fison St at Gateway TAFE","routes":["598"],"route_count":1}},{"type":"Feature","geometry":{"type":"Point","coordinates":[153.086421,-27.434442]},"properties":{"stop_id":"2907","stop_code":"002907","stop_name":"Links Ave Exit Ramp at Gateway TAFE","routes":["599"],"route_count":1}},{"type":"Feature","geometry":{"type":"Point","coordinates":[153.073538,-27.411473]},"properties":{"stop_id":"2974","stop_code":"002974","stop_name":"East West Arterial Rd at Nudgee Rd","routes":["598"],"route_count":1}},{"type":"Feature","geometry":{"type":"Point","coordinates":[153.073932,-27.410904]},"properties":{"stop_id":"2975","stop_code":"002975","stop_name":"East West Arterial Rd at Nudgee Rd","routes":["599"],"route_count":1}},{"type":"Feature","geometry":{"type":"Point","coordinates":[153.045668,-27.527742]},"properties":{"stop_id":"2976","stop_code":"002976","stop_name":"Toohey Rd at Chamberlain Street, stop 46a","routes":["113"],"route_count":1}},{"type":"Feature","geometry":{"type":"Point","coordinates":[153.045816,-27.527721]},"properties":{"stop_id":"2977","stop_code":"002977","stop_name":"Toohey Rd at Chamberlain Street, stop 46a","routes":["113"],"route_count":1}},{"type":"Feature","geometry":{"type":"Point","coordinates":[153.046019,-27.526632]},"properties":{"stop_id":"2979","stop_code":"002979","stop_name":"Toohey Rd at Wellers Hill School, stop 47a","routes":["113"],"route_count":1}},{"type":"Feature","geometry":{"type":"Point","coordinates":[153.045885,-27.526577]},"properties":{"stop_id":"2980","stop_code":"002980","stop_name":"Toohey Rd at Wellers Hill School, stop 47a","routes":["113"],"route_count":1}},{"type":"Feature","geometry":{"type":"Point","coordinates":[153.047147,-27.523121]},"properties":{"stop_id":"2983","stop_code":"002983","stop_name":"Denham Tce at Denham Shops, stop 44","routes":["113"],"route_count":1}},{"type":"Feature","geometry":{"type":"Point","coordinates":[153.047018,-27.522991]},"properties":{"stop_id":"2984","stop_code":"002984","stop_name":"Denham Tce at Denham Shops, stop 44","routes":["113"],"route_count":1}},{"type":"Feature","geometry":{"type":"Point","coordinates":[153.046734,-27.522167]},"properties":{"stop_id":"2986","stop_code":"002986","stop_name":"Toohey Rd at Denham Terrace, stop 44/41","routes":["113"],"route_count":1}},{"type":"Feature","geometry":{"type":"Point","coordinates":[153.046749,-27.522838]},"properties":{"stop_id":"2987","stop_code":"002987","stop_name":"Toohey Rd at Denham Terrace, stop 44/41","routes":["113"],"route_count":1}},{"type":"Feature","geometry":{"type":"Point","coordinates":[153.038745,-27.515316]},"properties":{"stop_id":"2999","stop_code":"002999","stop_name":"Ekibin Rd E at Ekibin, stop 30","routes":["113"],"route_count":1}},{"type":"Feature","geometry":{"type":"Point","coordinates":[153.038972,-27.51482]},"properties":{"stop_id":"3000","stop_code":"003000","stop_name":"Ekibin Rd E at Ekibin, stop 30","routes":["113"],"route_count":1}},{"type":"Feature","geometry":{"type":"Point","coordinates":[153.038624,-27.516073]},"properties":{"stop_id":"3002","stop_code":"003002","stop_name":"Ekibin Rd at Chester Road, stop 31","routes":["113"],"route_count":1}},{"type":"Feature","geometry":{"type":"Point","coordinates":[153.038273,-27.516576]},"properties":{"stop_id":"3003","stop_code":"003003","stop_name":"Ekibin Rd at Chester Street, stop 31","routes":["113"],"route_count":1}},{"type":"Feature","geometry":{"type":"Point","coordinates":[153.038105,-27.517335]},"properties":{"stop_id":"3004","stop_code":"003004","stop_name":"Ekibin Rd at Rigby Street, stop 31a","routes":["113"],"route_count":1}},{"type":"Feature","geometry":{"type":"Point","coordinates":[153.037012,-27.518557]},"properties":{"stop_id":"3005","stop_code":"003005","stop_name":"Ekibin Rd at Ferndale Street, stop 32","routes":["113"],"route_count":1}},{"type":"Feature","geometry":{"type":"Point","coordinates":[153.037778,-27.51758]},"properties":{"stop_id":"3006","stop_code":"003006","stop_name":"Ekibin Rd at Rigby Street, stop 31a","routes":["113"],"route_count":1}},{"type":"Feature","geometry":{"type":"Point","coordinates":[153.037048,-27.51837]},"properties":{"stop_id":"3007","stop_code":"003007","stop_name":"Ekibin Rd at Ferndale Street, stop 32","routes":["113"],"route_count":1}},{"type":"Feature","geometry":{"type":"Point","coordinates":[153.035763,-27.51945]},"properties":{"stop_id":"3008","stop_code":"003008","stop_name":"Ekibin Rd at Ekibin Road East, stop 33","routes":["113"],"route_count":1}},{"type":"Feature","geometry":{"type":"Point","coordinates":[153.035855,-27.519223]},"properties":{"stop_id":"3009","stop_code":"003009","stop_name":"Ekibin Rd at Ekibin Road East, stop 33","routes":["113"],"route_count":1}},{"type":"Feature","geometry":{"type":"Point","coordinates":[153.035656,-27.520119]},"properties":{"stop_id":"3016","stop_code":"003016","stop_name":"Cracknell Rd near Benbow St, stop 34","routes":["113"],"route_count":1}},{"type":"Feature","geometry":{"type":"Point","coordinates":[153.035527,-27.520205]},"properties":{"stop_id":"3017","stop_code":"003017","stop_name":"Cracknell Rd near Benbow St, stop 34","routes":["113"],"route_count":1}},{"type":"Feature","geometry":{"type":"Point","coordinates":[153.039154,-27.519925]},"properties":{"stop_id":"3020","stop_code":"003020","stop_name":"Cracknell Rd at Esther Street, stop 36","routes":["113"],"route_count":1}},{"type":"Feature","geometry":{"type":"Point","coordinates":[153.039858,-27.519916]},"properties":{"stop_id":"3021","stop_code":"003021","stop_name":"Cracknell Rd at Esther Street, stop 36","routes":["113"],"route_count":1}},{"type":"Feature","geometry":{"type":"Point","coordinates":[153.041394,-27.520162]},"properties":{"stop_id":"3022","stop_code":"003022","stop_name":"Cracknell Rd at Laura Street, stop 37","routes":["113"],"route_count":1}},{"type":"Feature","geometry":{"type":"Point","coordinates":[153.0414,-27.520284]},"properties":{"stop_id":"3023","stop_code":"003023","stop_name":"Cracknell Rd at Laura Street, stop 37","routes":["113"],"route_count":1}},{"type":"Feature","geometry":{"type":"Point","coordinates":[153.042803,-27.520377]},"properties":{"stop_id":"3024","stop_code":"003024","stop_name":"Cracknell Rd at Ellington Street, stop 38","routes":["113"],"route_count":1}},{"type":"Feature","geometry":{"type":"Point","coordinates":[153.043225,-27.52055]},"properties":{"stop_id":"3025","stop_code":"003025","stop_name":"Cracknell Rd at Ellington Street, stop 38","routes":["113"],"route_count":1}},{"type":"Feature","geometry":{"type":"Point","coordinates":[153.044828,-27.520686]},"properties":{"stop_id":"3027","stop_code":"003027","stop_name":"Cracknell Rd at Fingal Street, stop 39","routes":["113"],"route_count":1}},{"type":"Feature","geometry":{"type":"Point","coordinates":[153.046777,-27.52101]},"properties":{"stop_id":"3028","stop_code":"003028","stop_name":"Cracknell Rd at Toohey Road, stop 40","routes":["113"],"route_count":1}},{"type":"Feature","geometry":{"type":"Point","coordinates":[153.046181,-27.521011]},"properties":{"stop_id":"3029","stop_code":"003029","stop_name":"Cracknell Rd at Toohey Road, stop 40","routes":["113"],"route_count":1}},{"type":"Feature","geometry":{"type":"Point","coordinates":[153.038471,-27.489562]},"properties":{"stop_id":"3051","stop_code":"003051","stop_name":"Logan Rd at Walker Street, stop 10a","routes":["175"],"route_count":1}},{"type":"Feature","geometry":{"type":"Point","coordinates":[153.038428,-27.48927]},"properties":{"stop_id":"3053","stop_code":"003053","stop_name":"Logan Rd at Lotus Street, stop 10a","routes":["175"],"route_count":1}},{"type":"Feature","geometry":{"type":"Point","coordinates":[153.041284,-27.492647]},"properties":{"stop_id":"3054","stop_code":"003054","stop_name":"Logan Rd at Lewis Street, stop 11/12","routes":["175"],"route_count":1}},{"type":"Feature","geometry":{"type":"Point","coordinates":[153.041447,-27.495019]},"properties":{"stop_id":"3055","stop_code":"003055","stop_name":"Logan Rd at Vanda Street, stop 13","routes":["175"],"route_count":1}},{"type":"Feature","geometry":{"type":"Point","coordinates":[153.042147,-27.497484]},"properties":{"stop_id":"3056","stop_code":"003056","stop_name":"Logan Rd at Buranda Railway, stop 14/16","routes":["175"],"route_count":1}},{"type":"Feature","geometry":{"type":"Point","coordinates":[153.041814,-27.497383]},"properties":{"stop_id":"3059","stop_code":"003059","stop_name":"Logan Rd at Buranda Railway, stop 16/14","routes":["175"],"route_count":1}},{"type":"Feature","geometry":{"type":"Point","coordinates":[153.041262,-27.495436]},"properties":{"stop_id":"3060","stop_code":"003060","stop_name":"Logan Rd at Vanda Street, stop 13","routes":["175"],"route_count":1}},{"type":"Feature","geometry":{"type":"Point","coordinates":[153.041197,-27.49378]},"properties":{"stop_id":"3061","stop_code":"003061","stop_name":"Logan Rd at Buranda Street, stop 12","routes":["175"],"route_count":1}},{"type":"Feature","geometry":{"type":"Point","coordinates":[153.040728,-27.491992]},"properties":{"stop_id":"3062","stop_code":"003062","stop_name":"Logan Rd at Lewis Street, stop 11","routes":["175"],"route_count":1}},{"type":"Feature","geometry":{"type":"Point","coordinates":[153.039649,-27.487035]},"properties":{"stop_id":"3073","stop_code":"003073","stop_name":"Stanley St at East Brisbane School, stop 10","routes":["185"],"route_count":1}},{"type":"Feature","geometry":{"type":"Point","coordinates":[153.089335,-27.560344]},"properties":{"stop_id":"3100","stop_code":"003100","stop_name":"Newnham Rd at Delavan, stop 78","routes":["179","185"],"route_count":2}},{"type":"Feature","geometry":{"type":"Point","coordinates":[153.090209,-27.554924]},"properties":{"stop_id":"3101","stop_code":"003101","stop_name":"Newnham Rd at Arila Street, stop 77","routes":["185"],"route_count":1}},{"type":"Feature","geometry":{"type":"Point","coordinates":[153.086962,-27.5541]},"properties":{"stop_id":"3103","stop_code":"003103","stop_name":"Dawson Rd at Brockhouse Street, stop 77","routes":["172","186"],"route_count":2}},{"type":"Feature","geometry":{"type":"Point","coordinates":[153.084212,-27.553677]},"properties":{"stop_id":"3104","stop_code":"003104","stop_name":"Dawson Rd at Gurney Street, stop 78","routes":["172","186"],"route_count":2}},{"type":"Feature","geometry":{"type":"Point","coordinates":[153.081435,-27.553261]},"properties":{"stop_id":"3105","stop_code":"003105","stop_name":"Dawson Rd at Gerty Street, stop 79","routes":["172","186"],"route_count":2}},{"type":"Feature","geometry":{"type":"Point","coordinates":[153.081317,-27.553114]},"properties":{"stop_id":"3106","stop_code":"003106","stop_name":"Dawson Rd at Gerty Street, stop 79","routes":["172","186"],"route_count":2}},{"type":"Feature","geometry":{"type":"Point","coordinates":[153.0846,-27.553608]},"properties":{"stop_id":"3107","stop_code":"003107","stop_name":"Dawson Rd at Gurney Street, stop 78","routes":["172","186"],"route_count":2}},{"type":"Feature","geometry":{"type":"Point","coordinates":[153.087932,-27.553859]},"properties":{"stop_id":"3110","stop_code":"003110","stop_name":"Cale St near Dawson Rd, stop 76b","routes":["172"],"route_count":1}},{"type":"Feature","geometry":{"type":"Point","coordinates":[153.088508,-27.553052]},"properties":{"stop_id":"3112","stop_code":"003112","stop_name":"Wemvern St at Lumley Street, stop 76a","routes":["172"],"route_count":1}},{"type":"Feature","geometry":{"type":"Point","coordinates":[153.088643,-27.552961]},"properties":{"stop_id":"3113","stop_code":"003113","stop_name":"Wemvern St at Lumley Street, stop 76a","routes":["172"],"route_count":1}},{"type":"Feature","geometry":{"type":"Point","coordinates":[153.088804,-27.551434]},"properties":{"stop_id":"3114","stop_code":"003114","stop_name":"Wemvern St at Zetland Street, stop 76","routes":["172"],"route_count":1}},{"type":"Feature","geometry":{"type":"Point","coordinates":[153.088951,-27.55131]},"properties":{"stop_id":"3115","stop_code":"003115","stop_name":"Wemvern St at Zetland Street, stop 76","routes":["172"],"route_count":1}},{"type":"Feature","geometry":{"type":"Point","coordinates":[153.089106,-27.549805]},"properties":{"stop_id":"3116","stop_code":"003116","stop_name":"Wemvern St at Wanda Street, stop 75","routes":["172"],"route_count":1}},{"type":"Feature","geometry":{"type":"Point","coordinates":[153.089284,-27.549513]},"properties":{"stop_id":"3117","stop_code":"003117","stop_name":"Wemvern St at Wanda Street, stop 75","routes":["172"],"route_count":1}},{"type":"Feature","geometry":{"type":"Point","coordinates":[153.091418,-27.549259]},"properties":{"stop_id":"3120","stop_code":"003120","stop_name":"Newnham Rd at Tolson Street, stop 75","routes":["185"],"route_count":1}},{"type":"Feature","geometry":{"type":"Point","coordinates":[153.090927,-27.551929]},"properties":{"stop_id":"3122","stop_code":"003122","stop_name":"Newnham Rd at Wishart West, stop 76","routes":["179","185"],"route_count":2}},{"type":"Feature","geometry":{"type":"Point","coordinates":[153.090565,-27.553833]},"properties":{"stop_id":"3123","stop_code":"003123","stop_name":"Newnham Rd at Arila Street, stop 77","routes":["185"],"route_count":1}},{"type":"Feature","geometry":{"type":"Point","coordinates":[153.09076,-27.551943]},"properties":{"stop_id":"3124","stop_code":"003124","stop_name":"Newnham Rd at Wishart West, stop 76","routes":["179","185"],"route_count":2}},{"type":"Feature","geometry":{"type":"Point","coordinates":[153.091224,-27.549424]},"properties":{"stop_id":"3125","stop_code":"003125","stop_name":"Newnham Rd at Tolson Street, stop 75","routes":["185"],"route_count":1}},{"type":"Feature","geometry":{"type":"Point","coordinates":[153.091054,-27.547136]},"properties":{"stop_id":"3126","stop_code":"003126","stop_name":"Wishart Rd at Newnham Road, stop 74/44","routes":["183"],"route_count":1}},{"type":"Feature","geometry":{"type":"Point","coordinates":[153.043355,-27.387823]},"properties":{"stop_id":"3453","stop_code":"003453","stop_name":"Hamilton Rd at Chermside East near Pfingst Rd","routes":["598"],"route_count":1}},{"type":"Feature","geometry":{"type":"Point","coordinates":[153.043787,-27.387753]},"properties":{"stop_id":"3454","stop_code":"003454","stop_name":"Hamilton Rd at Chermside East near Newman Rd","routes":["599"],"route_count":1}},{"type":"Feature","geometry":{"type":"Point","coordinates":[153.0531,-27.391072]},"properties":{"stop_id":"3486","stop_code":"003486","stop_name":"Hamilton Rd at Wavell Heights North","routes":["599"],"route_count":1}},{"type":"Feature","geometry":{"type":"Point","coordinates":[153.03251,-27.509406]},"properties":{"stop_id":"3718","stop_code":"003718","stop_name":"Ipswich Rd at Annerley RSL, stop 21a","routes":["113"],"route_count":1}},{"type":"Feature","geometry":{"type":"Point","coordinates":[153.032681,-27.508897]},"properties":{"stop_id":"3719","stop_code":"003719","stop_name":"Annerley Rd at Annerley RSL, stop 21a","routes":["113"],"route_count":1}},{"type":"Feature","geometry":{"type":"Point","coordinates":[153.032359,-27.507822]},"properties":{"stop_id":"3720","stop_code":"003720","stop_name":"Annerley Rd at Portland Street, stop 21","routes":["113"],"route_count":1}},{"type":"Feature","geometry":{"type":"Point","coordinates":[153.031914,-27.50665]},"properties":{"stop_id":"3721","stop_code":"003721","stop_name":"Annerley Rd at Portland Street, stop 21","routes":["113"],"route_count":1}},{"type":"Feature","geometry":{"type":"Point","coordinates":[153.032212,-27.505031]},"properties":{"stop_id":"3722","stop_code":"003722","stop_name":"Annerley Rd at Herbert Street, stop 20","routes":["113"],"route_count":1}},{"type":"Feature","geometry":{"type":"Point","coordinates":[153.030983,-27.503181]},"properties":{"stop_id":"3723","stop_code":"003723","stop_name":"Annerley Rd at Palmerston Street, stop 20a","routes":["113"],"route_count":1}},{"type":"Feature","geometry":{"type":"Point","coordinates":[153.029786,-27.501689]},"properties":{"stop_id":"3724","stop_code":"003724","stop_name":"Annerley Rd at Carville Street, stop 20/19","routes":["113"],"route_count":1}},{"type":"Feature","geometry":{"type":"Point","coordinates":[153.029338,-27.500743]},"properties":{"stop_id":"3725","stop_code":"003725","stop_name":"Annerley Rd at Hefferan Park, stop 19","routes":["113"],"route_count":1}},{"type":"Feature","geometry":{"type":"Point","coordinates":[153.030284,-27.502175]},"properties":{"stop_id":"3726","stop_code":"003726","stop_name":"Annerley Rd at Carville Street, stop 20","routes":["113"],"route_count":1}},{"type":"Feature","geometry":{"type":"Point","coordinates":[153.031798,-27.504054]},"properties":{"stop_id":"3727","stop_code":"003727","stop_name":"Annerley Rd at Palmerston Street, stop 20a","routes":["113"],"route_count":1}},{"type":"Feature","geometry":{"type":"Point","coordinates":[153.03239,-27.505435]},"properties":{"stop_id":"3728","stop_code":"003728","stop_name":"Annerley Rd at Herbert Street, stop 20b","routes":["113"],"route_count":1}},{"type":"Feature","geometry":{"type":"Point","coordinates":[153.031997,-27.511609]},"properties":{"stop_id":"3741","stop_code":"003741","stop_name":"Ipswich Rd at Annerley Junction, stop 22","routes":["113"],"route_count":1}},{"type":"Feature","geometry":{"type":"Point","coordinates":[153.031938,-27.511005]},"properties":{"stop_id":"3749","stop_code":"003749","stop_name":"Ipswich Rd at Annerley Junction, stop 22/21","routes":["113"],"route_count":1}},{"type":"Feature","geometry":{"type":"Point","coordinates":[153.045504,-27.50029]},"properties":{"stop_id":"3763","stop_code":"003763","stop_name":"Logan Rd at Stones Corner Shops, stop 17","routes":["175"],"route_count":1}},{"type":"Feature","geometry":{"type":"Point","coordinates":[153.046518,-27.501997]},"properties":{"stop_id":"3764","stop_code":"003764","stop_name":"Logan Rd at Vine Street, stop 18","routes":["175"],"route_count":1}},{"type":"Feature","geometry":{"type":"Point","coordinates":[153.045383,-27.499859]},"properties":{"stop_id":"3765","stop_code":"003765","stop_name":"Logan Rd at Stones Corner Shops, stop 17a","routes":["175"],"route_count":1}},{"type":"Feature","geometry":{"type":"Point","coordinates":[153.046832,-27.502024]},"properties":{"stop_id":"3766","stop_code":"003766","stop_name":"Logan Rd at Vine Street, stop 18","routes":["175"],"route_count":1}},{"type":"Feature","geometry":{"type":"Point","coordinates":[153.047231,-27.503267]},"properties":{"stop_id":"3767","stop_code":"003767","stop_name":"Logan Rd at Logan Rd North, stop 19","routes":["175"],"route_count":1}},{"type":"Feature","geometry":{"type":"Point","coordinates":[153.046978,-27.503531]},"properties":{"stop_id":"3768","stop_code":"003768","stop_name":"Logan Rd at Logan Rd North, stop 19","routes":["175"],"route_count":1}},{"type":"Feature","geometry":{"type":"Point","coordinates":[153.042293,-27.509306]},"properties":{"stop_id":"3769","stop_code":"003769","stop_name":"Barnsdale Pl near Ridge St","routes":["172"],"route_count":1}},{"type":"Feature","geometry":{"type":"Point","coordinates":[153.042353,-27.509492]},"properties":{"stop_id":"3770","stop_code":"003770","stop_name":"Barnsdale Pl near Ridge St","routes":["172"],"route_count":1}},{"type":"Feature","geometry":{"type":"Point","coordinates":[153.032445,-27.512572]},"properties":{"stop_id":"3783","stop_code":"003783","stop_name":"Ekibin Rd at Lambton Street, stop 25","routes":["113"],"route_count":1}},{"type":"Feature","geometry":{"type":"Point","coordinates":[153.033689,-27.512765]},"properties":{"stop_id":"3784","stop_code":"003784","stop_name":"Ekibin Rd at Lothian Street, stop 26","routes":["113"],"route_count":1}},{"type":"Feature","geometry":{"type":"Point","coordinates":[153.035288,-27.513009]},"properties":{"stop_id":"3785","stop_code":"003785","stop_name":"Ekibin Rd at Bower Street, stop 27","routes":["113"],"route_count":1}},{"type":"Feature","geometry":{"type":"Point","coordinates":[153.035172,-27.513101]},"properties":{"stop_id":"3786","stop_code":"003786","stop_name":"Ekibin Rd at Bower Street, stop 27","routes":["113"],"route_count":1}},{"type":"Feature","geometry":{"type":"Point","coordinates":[153.036726,-27.51323]},"properties":{"stop_id":"3787","stop_code":"003787","stop_name":"Ekibin Rd at Ekibin Park South, stop 28","routes":["113"],"route_count":1}},{"type":"Feature","geometry":{"type":"Point","coordinates":[153.036671,-27.513332]},"properties":{"stop_id":"3788","stop_code":"003788","stop_name":"Ekibin Rd at Ekibin Park South, stop 28","routes":["113"],"route_count":1}},{"type":"Feature","geometry":{"type":"Point","coordinates":[153.047134,-27.509733]},"properties":{"stop_id":"3791","stop_code":"003791","stop_name":"Ridge St near Cedar St, stop 21a","routes":["172"],"route_count":1}},{"type":"Feature","geometry":{"type":"Point","coordinates":[153.047592,-27.509681]},"properties":{"stop_id":"3792","stop_code":"003792","stop_name":"Ridge St near Henry St, stop 21a","routes":["172"],"route_count":1}},{"type":"Feature","geometry":{"type":"Point","coordinates":[153.032273,-27.512637]},"properties":{"stop_id":"3796","stop_code":"003796","stop_name":"Ekibin Rd at Lambton Street stop 25","routes":["113"],"route_count":1}},{"type":"Feature","geometry":{"type":"Point","coordinates":[153.023978,-27.392936]},"properties":{"stop_id":"3891","stop_code":"003891","stop_name":"Rode Rd at Rode Road Hospital, stop 36","routes":["598"],"route_count":1}},{"type":"Feature","geometry":{"type":"Point","coordinates":[153.017985,-27.392337]},"properties":{"stop_id":"3893","stop_code":"003893","stop_name":"Rode Rd at Webster Road, stop 37","routes":["598"],"route_count":1}},{"type":"Feature","geometry":{"type":"Point","coordinates":[153.019753,-27.392396]},"properties":{"stop_id":"3899","stop_code":"003899","stop_name":"Rode Rd at Webster Road, stop 37","routes":["599"],"route_count":1}},{"type":"Feature","geometry":{"type":"Point","coordinates":[153.023744,-27.392526]},"properties":{"stop_id":"3900","stop_code":"003900","stop_name":"Rode Rd at Rode Road Hospital, stop 36","routes":["599"],"route_count":1}},{"type":"Feature","geometry":{"type":"Point","coordinates":[153.025351,-27.389042]},"properties":{"stop_id":"3905","stop_code":"003905","stop_name":"Hilltop Ave at Prince Charles Hospital, stop 35","routes":["599"],"route_count":1}},{"type":"Feature","geometry":{"type":"Point","coordinates":[153.025921,-27.389057]},"properties":{"stop_id":"3906","stop_code":"003906","stop_name":"Wallace St at Prince Charles Hospital, stop 35","routes":["598"],"route_count":1}},{"type":"Feature","geometry":{"type":"Point","coordinates":[153.031495,-27.385697]},"properties":{"stop_id":"3955","stop_code":"003955","stop_name":"Chermside Shopping Centre interchange D","routes":["598"],"route_count":1}},{"type":"Feature","geometry":{"type":"Point","coordinates":[153.031649,-27.385601]},"properties":{"stop_id":"3979","stop_code":"003979","stop_name":"Chermside interchange","routes":["598"],"route_count":1}},{"type":"Feature","geometry":{"type":"Point","coordinates":[153.031644,-27.385876]},"properties":{"stop_id":"3980","stop_code":"003980","stop_name":"Chermside Shopping Centre","routes":["599"],"route_count":1}},{"type":"Feature","geometry":{"type":"Point","coordinates":[153.031671,-27.385881]},"properties":{"stop_id":"3996","stop_code":"003996","stop_name":"Chermside Shopping Centre interchange F","routes":["599"],"route_count":1}},{"type":"Feature","geometry":{"type":"Point","coordinates":[152.996924,-27.389017]},"properties":{"stop_id":"4009","stop_code":"004009","stop_name":"Rode Rd at Trouts Road","routes":["598"],"route_count":1}},{"type":"Feature","geometry":{"type":"Point","coordinates":[152.998097,-27.389054]},"properties":{"stop_id":"4010","stop_code":"004010","stop_name":"Rode Rd at Trouts Road","routes":["599"],"route_count":1}},{"type":"Feature","geometry":{"type":"Point","coordinates":[152.989639,-27.387717]},"properties":{"stop_id":"4013","stop_code":"004013","stop_name":"Rode Rd at McDowall near Brynner St","routes":["599"],"route_count":1}},{"type":"Feature","geometry":{"type":"Point","coordinates":[152.990224,-27.387995]},"properties":{"stop_id":"4014","stop_code":"004014","stop_name":"Rode Rd at McDowall near Metro St","routes":["598"],"route_count":1}},{"type":"Feature","geometry":{"type":"Point","coordinates":[152.985052,-27.387394]},"properties":{"stop_id":"4077","stop_code":"004077","stop_name":"Old Northern Rd at Everton Hills near Rode Rd","routes":["598"],"route_count":1}},{"type":"Feature","geometry":{"type":"Point","coordinates":[152.984633,-27.387596]},"properties":{"stop_id":"4078","stop_code":"004078","stop_name":"Old Northern Rd at Everton Hills near Rode Rd","routes":["599"],"route_count":1}},{"type":"Feature","geometry":{"type":"Point","coordinates":[153.051797,-27.390858]},"properties":{"stop_id":"4177","stop_code":"004177","stop_name":"Hamilton Rd at Wavell Heights North near Bilsen Rd","routes":["598"],"route_count":1}},{"type":"Feature","geometry":{"type":"Point","coordinates":[153.055981,-27.391672]},"properties":{"stop_id":"4178","stop_code":"004178","stop_name":"Hamilton Rd at Nundah North near Bayview Tce","routes":["598"],"route_count":1}},{"type":"Feature","geometry":{"type":"Point","coordinates":[153.056305,-27.391593]},"properties":{"stop_id":"4179","stop_code":"004179","stop_name":"Hamilton Rd at Nundah North near Beeby St","routes":["599"],"route_count":1}},{"type":"Feature","geometry":{"type":"Point","coordinates":[153.059394,-27.397486]},"properties":{"stop_id":"4186","stop_code":"004186","stop_name":"Sandgate Rd at Nundah - Rode Road, stop 4","routes":["599"],"route_count":1}},{"type":"Feature","geometry":{"type":"Point","coordinates":[153.059114,-27.397466]},"properties":{"stop_id":"4187","stop_code":"004187","stop_name":"Sandgate Rd at Nundah, Rode Road stop 4","routes":["598"],"route_count":1}},{"type":"Feature","geometry":{"type":"Point","coordinates":[153.05975,-27.401498]},"properties":{"stop_id":"4223","stop_code":"004223","stop_name":"Sandgate Rd at Nundah, stop 2","routes":["599"],"route_count":1}},{"type":"Feature","geometry":{"type":"Point","coordinates":[153.059547,-27.401483]},"properties":{"stop_id":"4224","stop_code":"004224","stop_name":"Sandgate Rd at Nundah, stop 2","routes":["598"],"route_count":1}},{"type":"Feature","geometry":{"type":"Point","coordinates":[153.01192,-27.391136]},"properties":{"stop_id":"4417","stop_code":"004417","stop_name":"Rode Rd at Stafford Heights near Cranbourne St","routes":["599"],"route_count":1}},{"type":"Feature","geometry":{"type":"Point","coordinates":[153.010855,-27.391198]},"properties":{"stop_id":"4419","stop_code":"004419","stop_name":"Rode Rd at Stafford Heights near Maundrell Tce","routes":["598"],"route_count":1}},{"type":"Feature","geometry":{"type":"Point","coordinates":[153.015163,-27.542991]},"properties":{"stop_id":"4776","stop_code":"004776","stop_name":"Muriel Ave near Anson St","routes":["599"],"route_count":1}},{"type":"Feature","geometry":{"type":"Point","coordinates":[153.008883,-27.540569]},"properties":{"stop_id":"4777","stop_code":"004777","stop_name":"Sherwood Rd at Rocklea near Melbourne St","routes":["599"],"route_count":1}},{"type":"Feature","geometry":{"type":"Point","coordinates":[152.999882,-27.536499]},"properties":{"stop_id":"4778","stop_code":"004778","stop_name":"Sherwood Rd at Markets","routes":["599"],"route_count":1}},{"type":"Feature","geometry":{"type":"Point","coordinates":[152.999987,-27.536243]},"properties":{"stop_id":"4779","stop_code":"004779","stop_name":"Sherwood Rd at Markets","routes":["598"],"route_count":1}},{"type":"Feature","geometry":{"type":"Point","coordinates":[153.00893,-27.540397]},"properties":{"stop_id":"4780","stop_code":"004780","stop_name":"Sherwood Rd at Rocklea near Melbourne St","routes":["598"],"route_count":1}},{"type":"Feature","geometry":{"type":"Point","coordinates":[153.015538,-27.543034]},"properties":{"stop_id":"4803","stop_code":"004803","stop_name":"Muriel Ave near Anson St, stop 43","routes":["598"],"route_count":1}},{"type":"Feature","geometry":{"type":"Point","coordinates":[153.040524,-27.553984]},"properties":{"stop_id":"4937","stop_code":"004937","stop_name":"Henson Rd at Salisbury East, stop 50","routes":["598"],"route_count":1}},{"type":"Feature","geometry":{"type":"Point","coordinates":[153.040519,-27.554095]},"properties":{"stop_id":"4938","stop_code":"004938","stop_name":"Henson Rd at Salisbury East, stop 50","routes":["599"],"route_count":1}},{"type":"Feature","geometry":{"type":"Point","coordinates":[153.057798,-27.492458]},"properties":{"stop_id":"4968","stop_code":"004968","stop_name":"Cavendish Rd at Wakefield Street, stop 25/21","routes":["185"],"route_count":1}},{"type":"Feature","geometry":{"type":"Point","coordinates":[153.056167,-27.489989]},"properties":{"stop_id":"4969","stop_code":"004969","stop_name":"Cavendish Rd at Yarrabin Street, stop 20","routes":["185"],"route_count":1}},{"type":"Feature","geometry":{"type":"Point","coordinates":[153.054842,-27.487996]},"properties":{"stop_id":"4970","stop_code":"004970","stop_name":"Cavendish Rd at Milsom St, stop 19","routes":["185"],"route_count":1}},{"type":"Feature","geometry":{"type":"Point","coordinates":[153.056252,-27.489869]},"properties":{"stop_id":"4971","stop_code":"004971","stop_name":"Cavendish Rd at Yarrabin Street, stop 20","routes":["185"],"route_count":1}},{"type":"Feature","geometry":{"type":"Point","coordinates":[153.057979,-27.49239]},"properties":{"stop_id":"4972","stop_code":"004972","stop_name":"Cavendish Rd at Wakefield Street, stop 21/25","routes":["185"],"route_count":1}},{"type":"Feature","geometry":{"type":"Point","coordinates":[153.059048,-27.494097]},"properties":{"stop_id":"4973","stop_code":"004973","stop_name":"Cavendish Rd at Coorparoo Shops, stop 26s","routes":["185"],"route_count":1}},{"type":"Feature","geometry":{"type":"Point","coordinates":[153.05405,-27.486969]},"properties":{"stop_id":"4982","stop_code":"004982","stop_name":"Cavendish Rd at Coorparoo College, stop 19","routes":["185"],"route_count":1}},{"type":"Feature","geometry":{"type":"Point","coordinates":[153.049145,-27.488133]},"properties":{"stop_id":"4983","stop_code":"004983","stop_name":"Stanley St East at Edgar Street, stop 18","routes":["185"],"route_count":1}},{"type":"Feature","geometry":{"type":"Point","coordinates":[153.027028,-27.472343]},"properties":{"stop_id":"50","stop_code":"000050","stop_name":"Mary Street Stop 50 near Albert St","routes":["175","185"],"route_count":2}},{"type":"Feature","geometry":{"type":"Point","coordinates":[152.99126,-27.421076]},"properties":{"stop_id":"5076","stop_code":"005076","stop_name":"Wardell St at Enoggera, stop 1/30","routes":["598"],"route_count":1}},{"type":"Feature","geometry":{"type":"Point","coordinates":[152.989505,-27.429698]},"properties":{"stop_id":"5077","stop_code":"005077","stop_name":"Wardell St at Enoggera South, stop 31","routes":["598"],"route_count":1}},{"type":"Feature","geometry":{"type":"Point","coordinates":[152.988421,-27.435634]},"properties":{"stop_id":"5079","stop_code":"005079","stop_name":"Wardell St at Dorrington near Stark St","routes":["598"],"route_count":1}},{"type":"Feature","geometry":{"type":"Point","coordinates":[152.988354,-27.4351]},"properties":{"stop_id":"5080","stop_code":"005080","stop_name":"Wardell St at Dorrington near Stark St","routes":["599"],"route_count":1}},{"type":"Feature","geometry":{"type":"Point","coordinates":[152.989486,-27.428961]},"properties":{"stop_id":"5082","stop_code":"005082","stop_name":"Wardell St at Enoggera South near Browns Dip Rd","routes":["599"],"route_count":1}},{"type":"Feature","geometry":{"type":"Point","coordinates":[152.991211,-27.420369]},"properties":{"stop_id":"5085","stop_code":"005085","stop_name":"Wardell St at Enoggera near Samford Rd","routes":["599"],"route_count":1}},{"type":"Feature","geometry":{"type":"Point","coordinates":[153.027219,-27.470908]},"properties":{"stop_id":"51","stop_code":"000051","stop_name":"Charlotte Street Stop 51 near Albert St","routes":["186"],"route_count":1}},{"type":"Feature","geometry":{"type":"Point","coordinates":[153.027662,-27.470561]},"properties":{"stop_id":"52","stop_code":"000052","stop_name":"Charlotte Street Stop 52 near Edward St","routes":["176"],"route_count":1}},{"type":"Feature","geometry":{"type":"Point","coordinates":[153.056896,-27.526446]},"properties":{"stop_id":"5333","stop_code":"005333","stop_name":"Cannes St at Marshall Road, stop 55","routes":["113"],"route_count":1}},{"type":"Feature","geometry":{"type":"Point","coordinates":[152.980229,-27.531994]},"properties":{"stop_id":"5341","stop_code":"005341","stop_name":"Sherwood Rd near Hedges St","routes":["598"],"route_count":1}},{"type":"Feature","geometry":{"type":"Point","coordinates":[152.980191,-27.532098]},"properties":{"stop_id":"5342","stop_code":"005342","stop_name":"Sherwood Rd near Thallon St","routes":["599"],"route_count":1}},{"type":"Feature","geometry":{"type":"Point","coordinates":[152.983382,-27.532562]},"properties":{"stop_id":"5345","stop_code":"005345","stop_name":"Sherwood Rd at Sherwood State School","routes":["599"],"route_count":1}},{"type":"Feature","geometry":{"type":"Point","coordinates":[152.983497,-27.532451]},"properties":{"stop_id":"5346","stop_code":"005346","stop_name":"Sherwood Rd at Sherwood State School","routes":["598"],"route_count":1}},{"type":"Feature","geometry":{"type":"Point","coordinates":[153.031947,-27.554349]},"properties":{"stop_id":"5534","stop_code":"005534","stop_name":"Cripps St at Salisbury Interchange","routes":["599"],"route_count":1}},{"type":"Feature","geometry":{"type":"Point","coordinates":[153.023921,-27.553426]},"properties":{"stop_id":"5539","stop_code":"005539","stop_name":"Lillian Ave at Salisbury station","routes":["599"],"route_count":1}},{"type":"Feature","geometry":{"type":"Point","coordinates":[153.02391,-27.553296]},"properties":{"stop_id":"5540","stop_code":"005540","stop_name":"Lillian Ave at Salisbury station","routes":["598"],"route_count":1}},{"type":"Feature","geometry":{"type":"Point","coordinates":[153.032641,-27.554622]},"properties":{"stop_id":"5564","stop_code":"005564","stop_name":"Lillian Ave at Salisbury Interchange, zone A","routes":["598"],"route_count":1}},{"type":"Feature","geometry":{"type":"Point","coordinates":[153.049732,-27.564344]},"properties":{"stop_id":"5576","stop_code":"005576","stop_name":"Troughton Rd at Musgrave Road","routes":["598"],"route_count":1}},{"type":"Feature","geometry":{"type":"Point","coordinates":[153.049586,-27.564357]},"properties":{"stop_id":"5577","stop_code":"005577","stop_name":"Troughton Rd at Musgrave Road, stop 39","routes":["599"],"route_count":1}},{"type":"Feature","geometry":{"type":"Point","coordinates":[153.04879,-27.568655]},"properties":{"stop_id":"5597","stop_code":"005597","stop_name":"Troughton Rd at Brittain Park","routes":["599"],"route_count":1}},{"type":"Feature","geometry":{"type":"Point","coordinates":[153.049172,-27.567359]},"properties":{"stop_id":"5598","stop_code":"005598","stop_name":"Troughton Rd at Brittain Park","routes":["598"],"route_count":1}},{"type":"Feature","geometry":{"type":"Point","coordinates":[153.065322,-27.56422]},"properties":{"stop_id":"5602","stop_code":"005602","stop_name":"Mains Rd at Robertson","routes":["598"],"route_count":1}},{"type":"Feature","geometry":{"type":"Point","coordinates":[153.065564,-27.564688]},"properties":{"stop_id":"5603","stop_code":"005603","stop_name":"Mains Rd at Robertson","routes":["599"],"route_count":1}},{"type":"Feature","geometry":{"type":"Point","coordinates":[153.070449,-27.561458]},"properties":{"stop_id":"5606","stop_code":"005606","stop_name":"Kessels Rd at Grout Street, stop 2/58","routes":["598"],"route_count":1}},{"type":"Feature","geometry":{"type":"Point","coordinates":[153.073815,-27.561823]},"properties":{"stop_id":"5607","stop_code":"005607","stop_name":"Kessels Rd at MacGregor, stop 59","routes":["598"],"route_count":1}},{"type":"Feature","geometry":{"type":"Point","coordinates":[153.07522,-27.561869]},"properties":{"stop_id":"5609","stop_code":"005609","stop_name":"Kessels Rd at MacGregor, stop 59","routes":["599"],"route_count":1}},{"type":"Feature","geometry":{"type":"Point","coordinates":[153.070869,-27.561859]},"properties":{"stop_id":"5610","stop_code":"005610","stop_name":"Kessels Rd at Grout Street, stop 58","routes":["599"],"route_count":1}},{"type":"Feature","geometry":{"type":"Point","coordinates":[153.064526,-27.570468]},"properties":{"stop_id":"5635","stop_code":"005635","stop_name":"Mains Rd at Sunnybank","routes":["599"],"route_count":1}},{"type":"Feature","geometry":{"type":"Point","coordinates":[153.064236,-27.570168]},"properties":{"stop_id":"5638","stop_code":"005638","stop_name":"Mains Rd at Sunnybank","routes":["598"],"route_count":1}},{"type":"Feature","geometry":{"type":"Point","coordinates":[153.062886,-27.575557]},"properties":{"stop_id":"5646","stop_code":"005646","stop_name":"Turton St near Mains Rd","routes":["598"],"route_count":1}},{"type":"Feature","geometry":{"type":"Point","coordinates":[153.055657,-27.574656]},"properties":{"stop_id":"5651","stop_code":"005651","stop_name":"Turton St at Oasis","routes":["599"],"route_count":1}},{"type":"Feature","geometry":{"type":"Point","coordinates":[153.05575,-27.574541]},"properties":{"stop_id":"5652","stop_code":"005652","stop_name":"Turton St at Oasis","routes":["598"],"route_count":1}},{"type":"Feature","geometry":{"type":"Point","coordinates":[153.059468,-27.530736]},"properties":{"stop_id":"573","stop_code":"000573","stop_name":"Bapaume Rd at Holland Park High School, stop 62","routes":["113"],"route_count":1}},{"type":"Feature","geometry":{"type":"Point","coordinates":[153.066374,-27.532589]},"properties":{"stop_id":"575","stop_code":"000575","stop_name":"Nursery Rd at Flynn Street, stop 65","routes":["113","176","182"],"route_count":3}},{"type":"Feature","geometry":{"type":"Point","coordinates":[153.061904,-27.534052]},"properties":{"stop_id":"576","stop_code":"000576","stop_name":"Bapaume Rd at Dobbs Street, stop 63","routes":["113","182"],"route_count":2}},{"type":"Feature","geometry":{"type":"Point","coordinates":[153.065603,-27.533225]},"properties":{"stop_id":"579","stop_code":"000579","stop_name":"Nursery Rd at Flynn Street, stop 65","routes":["113","176","182"],"route_count":3}},{"type":"Feature","geometry":{"type":"Point","coordinates":[153.064068,-27.534053]},"properties":{"stop_id":"581","stop_code":"000581","stop_name":"Nursery Rd at Gaza Road, stop 64","routes":["113","176","182"],"route_count":3}},{"type":"Feature","geometry":{"type":"Point","coordinates":[153.06403,-27.534205]},"properties":{"stop_id":"582","stop_code":"000582","stop_name":"Nursery Rd at Gaza Road, stop 64","routes":["113","176","182"],"route_count":3}},{"type":"Feature","geometry":{"type":"Point","coordinates":[153.100665,-27.489375]},"properties":{"stop_id":"5901","stop_code":"005901","stop_name":"Creek Rd at Carina Bus Depot","routes":["598"],"route_count":1}},{"type":"Feature","geometry":{"type":"Point","coordinates":[153.10264,-27.491408]},"properties":{"stop_id":"5902","stop_code":"005902","stop_name":"Meadowlands Rd at Carina State School, stop 58","routes":["599"],"route_count":1}},{"type":"Feature","geometry":{"type":"Point","coordinates":[153.10105,-27.48953]},"properties":{"stop_id":"5905","stop_code":"005905","stop_name":"Creek Rd at Carina Bus Depot","routes":["599"],"route_count":1}},{"type":"Feature","geometry":{"type":"Point","coordinates":[153.102114,-27.464716]},"properties":{"stop_id":"5915","stop_code":"005915","stop_name":"Railway Tce at Murarrie South near Herbert St","routes":["598"],"route_count":1}},{"type":"Feature","geometry":{"type":"Point","coordinates":[153.102271,-27.464797]},"properties":{"stop_id":"5916","stop_code":"005916","stop_name":"Railway Tce at Murarrie South near Herbert St","routes":["599"],"route_count":1}},{"type":"Feature","geometry":{"type":"Point","coordinates":[153.104949,-27.464208]},"properties":{"stop_id":"5917","stop_code":"005917","stop_name":"Queensport Rd at Murarrie near Railway Tce","routes":["599"],"route_count":1}},{"type":"Feature","geometry":{"type":"Point","coordinates":[153.104837,-27.464044]},"properties":{"stop_id":"5918","stop_code":"005918","stop_name":"Queensport Rd at Murarrie near Railway Tce","routes":["598"],"route_count":1}},{"type":"Feature","geometry":{"type":"Point","coordinates":[153.105189,-27.462233]},"properties":{"stop_id":"5919","stop_code":"005919","stop_name":"Queensport Rd at Murarrie North near Ives St","routes":["598"],"route_count":1}},{"type":"Feature","geometry":{"type":"Point","coordinates":[153.105473,-27.461449]},"properties":{"stop_id":"5920","stop_code":"005920","stop_name":"Queensport Rd at Murarrie North near Ives St","routes":["599"],"route_count":1}},{"type":"Feature","geometry":{"type":"Point","coordinates":[153.096632,-27.470968]},"properties":{"stop_id":"5928","stop_code":"005928","stop_name":"Cannon Hill Shopping Centre C","routes":["599"],"route_count":1}},{"type":"Feature","geometry":{"type":"Point","coordinates":[153.096521,-27.470911]},"properties":{"stop_id":"5930","stop_code":"005930","stop_name":"Cannon Hill Shopping Centre F","routes":["598"],"route_count":1}},{"type":"Feature","geometry":{"type":"Point","coordinates":[153.095209,-27.474521]},"properties":{"stop_id":"5932","stop_code":"005932","stop_name":"Creek Rd at Old Stockyards","routes":["598"],"route_count":1}},{"type":"Feature","geometry":{"type":"Point","coordinates":[153.095594,-27.474477]},"properties":{"stop_id":"5934","stop_code":"005934","stop_name":"Creek Rd at Old Stockyards, stop 66a","routes":["599"],"route_count":1}},{"type":"Feature","geometry":{"type":"Point","coordinates":[153.09735,-27.483481]},"properties":{"stop_id":"5937","stop_code":"005937","stop_name":"Creek Rd at Carina North near Billan St","routes":["599"],"route_count":1}},{"type":"Feature","geometry":{"type":"Point","coordinates":[153.096599,-27.483091]},"properties":{"stop_id":"5938","stop_code":"005938","stop_name":"Creek Rd at Carina North, stop 49","routes":["598"],"route_count":1}},{"type":"Feature","geometry":{"type":"Point","coordinates":[153.09652,-27.470928]},"properties":{"stop_id":"5943","stop_code":"005943","stop_name":"Cannon Hill Shopping Centre F","routes":["598"],"route_count":1}},{"type":"Feature","geometry":{"type":"Point","coordinates":[153.096638,-27.470934]},"properties":{"stop_id":"5944","stop_code":"005944","stop_name":"Cannon Hill Shopping Centre C","routes":["599"],"route_count":1}},{"type":"Feature","geometry":{"type":"Point","coordinates":[153.107591,-27.495543]},"properties":{"stop_id":"5980","stop_code":"005980","stop_name":"Bedivere St near Agravain St","routes":["598"],"route_count":1}},{"type":"Feature","geometry":{"type":"Point","coordinates":[153.107617,-27.495914]},"properties":{"stop_id":"5981","stop_code":"005981","stop_name":"Bedivere St near Cadogan St","routes":["599"],"route_count":1}},{"type":"Feature","geometry":{"type":"Point","coordinates":[153.0341,-27.496918]},"properties":{"stop_id":"60065","stop_code":"060065","stop_name":"Lower Level at PA Hospital station","routes":["172"],"route_count":1}},{"type":"Feature","geometry":{"type":"Point","coordinates":[153.096226,-27.526662]},"properties":{"stop_id":"6075","stop_code":"006075","stop_name":"Greenmeadow Rd near Honeysuckle St, stop 61","routes":["177"],"route_count":1}},{"type":"Feature","geometry":{"type":"Point","coordinates":[153.095653,-27.527284]},"properties":{"stop_id":"6085","stop_code":"006085","stop_name":"Creek Rd at Greenmeadows South, stop 61","routes":["177","599"],"route_count":2}},{"type":"Feature","geometry":{"type":"Point","coordinates":[153.095861,-27.532938]},"properties":{"stop_id":"6086","stop_code":"006086","stop_name":"Wecker Rd at Grevillea Oval, stop 61","routes":["182"],"route_count":1}},{"type":"Feature","geometry":{"type":"Point","coordinates":[153.103802,-27.510363]},"properties":{"stop_id":"6277","stop_code":"006277","stop_name":"Donnington St at Donnington, stop 53","routes":["177","599"],"route_count":2}},{"type":"Feature","geometry":{"type":"Point","coordinates":[153.103689,-27.510489]},"properties":{"stop_id":"6278","stop_code":"006278","stop_name":"Donnington St at Donnington, stop 53","routes":["177","598"],"route_count":2}},{"type":"Feature","geometry":{"type":"Point","coordinates":[153.100315,-27.512854]},"properties":{"stop_id":"6279","stop_code":"006279","stop_name":"Donnington St at Stanmere, stop 52","routes":["177"],"route_count":1}},{"type":"Feature","geometry":{"type":"Point","coordinates":[153.100326,-27.512745]},"properties":{"stop_id":"6280","stop_code":"006280","stop_name":"Donnington St at Stanmere, stop 52","routes":["177"],"route_count":1}},{"type":"Feature","geometry":{"type":"Point","coordinates":[153.098313,-27.51302]},"properties":{"stop_id":"6284","stop_code":"006284","stop_name":"Creek Rd near Donnington St, stop 70","routes":["177"],"route_count":1}},{"type":"Feature","geometry":{"type":"Point","coordinates":[153.102566,-27.503401]},"properties":{"stop_id":"6291","stop_code":"006291","stop_name":"Carindale Shopping Centre Interchange","routes":["177"],"route_count":1}},{"type":"Feature","geometry":{"type":"Point","coordinates":[153.102453,-27.503911]},"properties":{"stop_id":"6297","stop_code":"006297","stop_name":"Carindale Shopping Centre station, platform E","routes":["177","599"],"route_count":2}},{"type":"Feature","geometry":{"type":"Point","coordinates":[153.030077,-27.466599]},"properties":{"stop_id":"63","stop_code":"000063","stop_name":"Eagle St near Eagle Lane (Stop 63)","routes":["175","185"],"route_count":2}},{"type":"Feature","geometry":{"type":"Point","coordinates":[153.103131,-27.503672]},"properties":{"stop_id":"6302","stop_code":"006302","stop_name":"Carindale Shopping Centre station, platform I","routes":["598"],"route_count":1}},{"type":"Feature","geometry":{"type":"Point","coordinates":[153.097957,-27.514851]},"properties":{"stop_id":"6308","stop_code":"006308","stop_name":"Creek Rd at Salvin Park, stop 69","routes":["177","599"],"route_count":2}},{"type":"Feature","geometry":{"type":"Point","coordinates":[153.097666,-27.514575]},"properties":{"stop_id":"6309","stop_code":"006309","stop_name":"Creek Rd at Salvin Park, stop 69","routes":["177","598"],"route_count":2}},{"type":"Feature","geometry":{"type":"Point","coordinates":[153.097339,-27.5181]},"properties":{"stop_id":"6310","stop_code":"006310","stop_name":"Creek Rd at Pacific Golf, stop 68","routes":["177","599"],"route_count":2}},{"type":"Feature","geometry":{"type":"Point","coordinates":[153.096973,-27.518221]},"properties":{"stop_id":"6311","stop_code":"006311","stop_name":"Creek Rd at Pacific Golf, stop 68","routes":["177","598"],"route_count":2}},{"type":"Feature","geometry":{"type":"Point","coordinates":[153.097029,-27.519882]},"properties":{"stop_id":"6312","stop_code":"006312","stop_name":"Creek Rd near Glen Nevis St, stop 67","routes":["177"],"route_count":1}},{"type":"Feature","geometry":{"type":"Point","coordinates":[153.096429,-27.521371]},"properties":{"stop_id":"6313","stop_code":"006313","stop_name":"Creek Rd at Greenmeadow","routes":["598"],"route_count":1}},{"type":"Feature","geometry":{"type":"Point","coordinates":[153.097077,-27.520773]},"properties":{"stop_id":"6314","stop_code":"006314","stop_name":"Greenmeadow Rd near Creek Rd, stop 66","routes":["177"],"route_count":1}},{"type":"Feature","geometry":{"type":"Point","coordinates":[153.098072,-27.520958]},"properties":{"stop_id":"6315","stop_code":"006315","stop_name":"Greenmeadow Rd near Cornflower St, stop 66","routes":["177"],"route_count":1}},{"type":"Feature","geometry":{"type":"Point","coordinates":[153.099404,-27.522204]},"properties":{"stop_id":"6316","stop_code":"006316","stop_name":"Greenmeadow Rd at Greenmeadows","routes":["177"],"route_count":1}},{"type":"Feature","geometry":{"type":"Point","coordinates":[153.099702,-27.522246]},"properties":{"stop_id":"6317","stop_code":"006317","stop_name":"Greenmeadow Rd near Harvest St, stop 65","routes":["177"],"route_count":1}},{"type":"Feature","geometry":{"type":"Point","coordinates":[153.100637,-27.52364]},"properties":{"stop_id":"6318","stop_code":"006318","stop_name":"Greenmeadow Rd near Bluebell St, stop 64","routes":["177"],"route_count":1}},{"type":"Feature","geometry":{"type":"Point","coordinates":[153.100103,-27.523909]},"properties":{"stop_id":"6319","stop_code":"006319","stop_name":"Greenmeadow Rd near Bluebell St, stop 64","routes":["177"],"route_count":1}},{"type":"Feature","geometry":{"type":"Point","coordinates":[153.098972,-27.524751]},"properties":{"stop_id":"6320","stop_code":"006320","stop_name":"Greenmeadow Rd near Canter St, stop 63","routes":["177"],"route_count":1}},{"type":"Feature","geometry":{"type":"Point","coordinates":[153.099487,-27.524481]},"properties":{"stop_id":"6321","stop_code":"006321","stop_name":"Greenmeadow Rd near Canter St, stop 63","routes":["177"],"route_count":1}},{"type":"Feature","geometry":{"type":"Point","coordinates":[153.09729,-27.526568]},"properties":{"stop_id":"6323","stop_code":"006323","stop_name":"Greenmeadow Rd near Raintree St, stop 62","routes":["177"],"route_count":1}},{"type":"Feature","geometry":{"type":"Point","coordinates":[153.105003,-27.534048]},"properties":{"stop_id":"6329","stop_code":"006329","stop_name":"Wecker Rd at Eastwood Drive, stop 64b","routes":["182"],"route_count":1}},{"type":"Feature","geometry":{"type":"Point","coordinates":[153.106518,-27.535144]},"properties":{"stop_id":"6330","stop_code":"006330","stop_name":"Ham Rd at Banika Street, stop 64c","routes":["182"],"route_count":1}},{"type":"Feature","geometry":{"type":"Point","coordinates":[153.104277,-27.534166]},"properties":{"stop_id":"6331","stop_code":"006331","stop_name":"Wecker St at Eastwood Drive, stop 64b","routes":["182"],"route_count":1}},{"type":"Feature","geometry":{"type":"Point","coordinates":[153.106579,-27.535586]},"properties":{"stop_id":"6332","stop_code":"006332","stop_name":"Ham Rd at Banika Street, stop 64c","routes":["182"],"route_count":1}},{"type":"Feature","geometry":{"type":"Point","coordinates":[153.106281,-27.537186]},"properties":{"stop_id":"6333","stop_code":"006333","stop_name":"Ham Rd at Linfield Street, stop 64d","routes":["182"],"route_count":1}},{"type":"Feature","geometry":{"type":"Point","coordinates":[153.102001,-27.537285]},"properties":{"stop_id":"6334","stop_code":"006334","stop_name":"Luprena St at Arura Street, stop 65","routes":["182"],"route_count":1}},{"type":"Feature","geometry":{"type":"Point","coordinates":[153.105559,-27.537418]},"properties":{"stop_id":"6335","stop_code":"006335","stop_name":"Linfield St near Morialta St, stop 64d","routes":["182"],"route_count":1}},{"type":"Feature","geometry":{"type":"Point","coordinates":[153.101869,-27.537329]},"properties":{"stop_id":"6336","stop_code":"006336","stop_name":"Luprena St at Arura Street, stop 65","routes":["182"],"route_count":1}},{"type":"Feature","geometry":{"type":"Point","coordinates":[153.102367,-27.534673]},"properties":{"stop_id":"6337","stop_code":"006337","stop_name":"Luprena St at Mansfield North near Amoria St","routes":["183"],"route_count":1}},{"type":"Feature","geometry":{"type":"Point","coordinates":[153.099446,-27.539468]},"properties":{"stop_id":"6338","stop_code":"006338","stop_name":"Aminya St at Mansfield, stop 67a","routes":["182","183"],"route_count":2}},{"type":"Feature","geometry":{"type":"Point","coordinates":[153.100845,-27.538894]},"properties":{"stop_id":"6339","stop_code":"006339","stop_name":"Olivella St near Balamara St, stop 66","routes":["182"],"route_count":1}},{"type":"Feature","geometry":{"type":"Point","coordinates":[153.100831,-27.538783]},"properties":{"stop_id":"6340","stop_code":"006340","stop_name":"Olivella St near Luprena St, stop 66","routes":["182"],"route_count":1}},{"type":"Feature","geometry":{"type":"Point","coordinates":[153.103053,-27.533991]},"properties":{"stop_id":"6341","stop_code":"006341","stop_name":"Wecker Rd at Dividend Street, stop 64a","routes":["182"],"route_count":1}},{"type":"Feature","geometry":{"type":"Point","coordinates":[153.103061,-27.533787]},"properties":{"stop_id":"6342","stop_code":"006342","stop_name":"Wecker Rd at Dividend Street, stop 64a","routes":["182"],"route_count":1}},{"type":"Feature","geometry":{"type":"Point","coordinates":[153.100318,-27.533574]},"properties":{"stop_id":"6343","stop_code":"006343","stop_name":"Wecker Rd at Wecker Rd Business Center, stop 63","routes":["182"],"route_count":1}},{"type":"Feature","geometry":{"type":"Point","coordinates":[153.09822,-27.533278]},"properties":{"stop_id":"6345","stop_code":"006345","stop_name":"Wecker Rd at Wecker Road, stop 62","routes":["182","183"],"route_count":2}},{"type":"Feature","geometry":{"type":"Point","coordinates":[153.098875,-27.533186]},"properties":{"stop_id":"6346","stop_code":"006346","stop_name":"Wecker Rd at Wecker Road, stop 62","routes":["182","183"],"route_count":2}},{"type":"Feature","geometry":{"type":"Point","coordinates":[153.095576,-27.532658]},"properties":{"stop_id":"6348","stop_code":"006348","stop_name":"Wecker Rd at Grevillea Oval, stop 61","routes":["182"],"route_count":1}},{"type":"Feature","geometry":{"type":"Point","coordinates":[153.098696,-27.541547]},"properties":{"stop_id":"6352","stop_code":"006352","stop_name":"Cresthaven Dr at Salandra Street, stop 67c/73","routes":["182"],"route_count":1}},{"type":"Feature","geometry":{"type":"Point","coordinates":[153.098632,-27.541235]},"properties":{"stop_id":"6353","stop_code":"006353","stop_name":"Cresthaven Dr at Salandra Street, stop 67c/73","routes":["182"],"route_count":1}},{"type":"Feature","geometry":{"type":"Point","coordinates":[153.099648,-27.539401]},"properties":{"stop_id":"6354","stop_code":"006354","stop_name":"Aminya St at Mansfield, stop 67a","routes":["182","183"],"route_count":2}},{"type":"Feature","geometry":{"type":"Point","coordinates":[153.081292,-27.538226]},"properties":{"stop_id":"6358","stop_code":"006358","stop_name":"Mt Gravatt Central Fair","routes":["113"],"route_count":1}},{"type":"Feature","geometry":{"type":"Point","coordinates":[153.098139,-27.543838]},"properties":{"stop_id":"6361","stop_code":"006361","stop_name":"Cresthaven Dr at Cresthaven, stop 74","routes":["182","183"],"route_count":2}},{"type":"Feature","geometry":{"type":"Point","coordinates":[153.098227,-27.544021]},"properties":{"stop_id":"6362","stop_code":"006362","stop_name":"Cresthaven Dr at Cresthaven, stop 74","routes":["182","183"],"route_count":2}},{"type":"Feature","geometry":{"type":"Point","coordinates":[153.102374,-27.54516]},"properties":{"stop_id":"6369","stop_code":"006369","stop_name":"Broadwater Rd at Broadwater Creek, stop 75","routes":["182"],"route_count":1}},{"type":"Feature","geometry":{"type":"Point","coordinates":[153.102456,-27.545026]},"properties":{"stop_id":"6370","stop_code":"006370","stop_name":"Broadwater Rd at Broadwater Creek, stop 75","routes":["182"],"route_count":1}},{"type":"Feature","geometry":{"type":"Point","coordinates":[153.104156,-27.545433]},"properties":{"stop_id":"6371","stop_code":"006371","stop_name":"Broadwater Rd near Ham Rd","routes":["182"],"route_count":1}},{"type":"Feature","geometry":{"type":"Point","coordinates":[153.10385,-27.545239]},"properties":{"stop_id":"6372","stop_code":"006372","stop_name":"Broadwater Rd near Ham Rd","routes":["182"],"route_count":1}},{"type":"Feature","geometry":{"type":"Point","coordinates":[153.094094,-27.533869]},"properties":{"stop_id":"6378","stop_code":"006378","stop_name":"Mt Gravatt East School - 61","routes":["185"],"route_count":1}},{"type":"Feature","geometry":{"type":"Point","coordinates":[153.086204,-27.530266]},"properties":{"stop_id":"6385","stop_code":"006385","stop_name":"Camlet St near Kentish St, stop 57/41","routes":["113","172"],"route_count":2}},{"type":"Feature","geometry":{"type":"Point","coordinates":[153.093615,-27.53753]},"properties":{"stop_id":"6386","stop_code":"006386","stop_name":"Newnham Rd at Enderby Street, stop 62","routes":["185"],"route_count":1}},{"type":"Feature","geometry":{"type":"Point","coordinates":[153.093094,-27.539258]},"properties":{"stop_id":"6387","stop_code":"006387","stop_name":"Newnham Rd at Condong Street, stop 70/63","routes":["185"],"route_count":1}},{"type":"Feature","geometry":{"type":"Point","coordinates":[153.092615,-27.541822]},"properties":{"stop_id":"6388","stop_code":"006388","stop_name":"Newnham Rd at Westbrooke Street, stop 71","routes":["185"],"route_count":1}},{"type":"Feature","geometry":{"type":"Point","coordinates":[153.092796,-27.541735]},"properties":{"stop_id":"6389","stop_code":"006389","stop_name":"Newnham Rd at Westbrooke Street, stop 71","routes":["185"],"route_count":1}},{"type":"Feature","geometry":{"type":"Point","coordinates":[153.094231,-27.534013]},"properties":{"stop_id":"6390","stop_code":"006390","stop_name":"Mt Gravatt East School - 61","routes":["185"],"route_count":1}},{"type":"Feature","geometry":{"type":"Point","coordinates":[153.092272,-27.543843]},"properties":{"stop_id":"6391","stop_code":"006391","stop_name":"Newnham Rd at Broadwater Rd, stop 72","routes":["185"],"route_count":1}},{"type":"Feature","geometry":{"type":"Point","coordinates":[153.091801,-27.546329]},"properties":{"stop_id":"6392","stop_code":"006392","stop_name":"Newnham Rd at Civic Fair, stop 73","routes":["179","185"],"route_count":2}},{"type":"Feature","geometry":{"type":"Point","coordinates":[153.092002,-27.546396]},"properties":{"stop_id":"6393","stop_code":"006393","stop_name":"Newnham Rd at Civic Fair, stop 73","routes":["179","185"],"route_count":2}},{"type":"Feature","geometry":{"type":"Point","coordinates":[153.089297,-27.546872]},"properties":{"stop_id":"6394","stop_code":"006394","stop_name":"Wishart Rd at Pinner Street, stop 43","routes":["172","183"],"route_count":2}},{"type":"Feature","geometry":{"type":"Point","coordinates":[153.087688,-27.546621]},"properties":{"stop_id":"6395","stop_code":"006395","stop_name":"Wishart Rd at Exmoor Street, stop 42","routes":["172","183"],"route_count":2}},{"type":"Feature","geometry":{"type":"Point","coordinates":[153.087186,-27.546173]},"properties":{"stop_id":"6396","stop_code":"006396","stop_name":"Hillgrove St at Exmoor Street, stop 42","routes":["172"],"route_count":1}},{"type":"Feature","geometry":{"type":"Point","coordinates":[153.08733,-27.54472]},"properties":{"stop_id":"6397","stop_code":"006397","stop_name":"Hillgrove St at Kingsway Street, stop 41","routes":["172","183"],"route_count":2}},{"type":"Feature","geometry":{"type":"Point","coordinates":[153.087188,-27.542736]},"properties":{"stop_id":"6398","stop_code":"006398","stop_name":"Broadwater Rd at Hillgrove, stop 40","routes":["172","179"],"route_count":2}},{"type":"Feature","geometry":{"type":"Point","coordinates":[153.087482,-27.542914]},"properties":{"stop_id":"6399","stop_code":"006399","stop_name":"Broadwater Rd at Hillgrove, stop 40","routes":["172","179"],"route_count":2}},{"type":"Feature","geometry":{"type":"Point","coordinates":[153.083833,-27.542353]},"properties":{"stop_id":"6400","stop_code":"006400","stop_name":"Broadwater Rd at Wardle Street, stop 39","routes":["172"],"route_count":1}},{"type":"Feature","geometry":{"type":"Point","coordinates":[153.08411,-27.542248]},"properties":{"stop_id":"6401","stop_code":"006401","stop_name":"Broadwater Rd at Wardle Street, stop 39","routes":["172"],"route_count":1}},{"type":"Feature","geometry":{"type":"Point","coordinates":[153.093186,-27.539647]},"properties":{"stop_id":"6403","stop_code":"006403","stop_name":"Newnham Rd at Condong Street, stop 63/70","routes":["185"],"route_count":1}},{"type":"Feature","geometry":{"type":"Point","coordinates":[153.081428,-27.541607]},"properties":{"stop_id":"6404","stop_code":"006404","stop_name":"Logan Rd at Rover Street, stop 38","routes":["172","175","176"],"route_count":3}},{"type":"Feature","geometry":{"type":"Point","coordinates":[153.081715,-27.541361]},"properties":{"stop_id":"6405","stop_code":"006405","stop_name":"Logan Rd at Rover Street, stop 38","routes":["172","175","176"],"route_count":3}},{"type":"Feature","geometry":{"type":"Point","coordinates":[153.09247,-27.532654]},"properties":{"stop_id":"6406","stop_code":"006406","stop_name":"Mt Gravatt East Creek Rd Stop 60","routes":["177","182","598"],"route_count":3}},{"type":"Feature","geometry":{"type":"Point","coordinates":[153.081,-27.538792]},"properties":{"stop_id":"6407","stop_code":"006407","stop_name":"Creek Rd at Mt Gravatt Central, stop 38","routes":["172","599"],"route_count":2}},{"type":"Feature","geometry":{"type":"Point","coordinates":[153.080925,-27.538587]},"properties":{"stop_id":"6408","stop_code":"006408","stop_name":"Creek Rd at Mt Gravatt Central, stop 38","routes":["172","177","182","598"],"route_count":4}},{"type":"Feature","geometry":{"type":"Point","coordinates":[153.084071,-27.538198]},"properties":{"stop_id":"6410","stop_code":"006410","stop_name":"Creek Rd at Grenfell Street, stop 39","routes":["172","177","182"],"route_count":3}},{"type":"Feature","geometry":{"type":"Point","coordinates":[153.083424,-27.538102]},"properties":{"stop_id":"6411","stop_code":"006411","stop_name":"Creek Rd at Grenfell Street, stop 39","routes":["172","177","182"],"route_count":3}},{"type":"Feature","geometry":{"type":"Point","coordinates":[153.088014,-27.536363]},"properties":{"stop_id":"6412","stop_code":"006412","stop_name":"Creek Rd at Chrysler Street, stop 40","routes":["172","177","182","598"],"route_count":4}},{"type":"Feature","geometry":{"type":"Point","coordinates":[153.087648,-27.536879]},"properties":{"stop_id":"6413","stop_code":"006413","stop_name":"Creek Rd at Chrysler Street, stop 40","routes":["172","177","182","599"],"route_count":4}},{"type":"Feature","geometry":{"type":"Point","coordinates":[153.089666,-27.534738]},"properties":{"stop_id":"6414","stop_code":"006414","stop_name":"Creek Rd at Fairland Street","routes":["172","177","182"],"route_count":3}},{"type":"Feature","geometry":{"type":"Point","coordinates":[153.089623,-27.535119]},"properties":{"stop_id":"6415","stop_code":"006415","stop_name":"Creek Rd at Fairland Street","routes":["172","177","182"],"route_count":3}},{"type":"Feature","geometry":{"type":"Point","coordinates":[153.090657,-27.534035]},"properties":{"stop_id":"6418","stop_code":"006418","stop_name":"Creek Rd at Greek Memorial, stop 59b","routes":["177","182"],"route_count":2}},{"type":"Feature","geometry":{"type":"Point","coordinates":[153.092436,-27.532936]},"properties":{"stop_id":"6419","stop_code":"006419","stop_name":"Creek Rd at Mt Gravatt East, stop 60","routes":["177","182","599"],"route_count":3}},{"type":"Feature","geometry":{"type":"Point","coordinates":[153.093563,-27.531439]},"properties":{"stop_id":"6421","stop_code":"006421","stop_name":"Cavendish Rd at Mt Gravatt East, stop 60","routes":["183","185"],"route_count":2}},{"type":"Feature","geometry":{"type":"Point","coordinates":[153.089956,-27.526916]},"properties":{"stop_id":"6424","stop_code":"006424","stop_name":"Cavendish Rd at Mt Gravatt TAFE, stop 55","routes":["183","185"],"route_count":2}},{"type":"Feature","geometry":{"type":"Point","coordinates":[153.090486,-27.527354]},"properties":{"stop_id":"6425","stop_code":"006425","stop_name":"Cavendish Rd at Mt Gravatt TAFE, stop 55","routes":["183","185"],"route_count":2}},{"type":"Feature","geometry":{"type":"Point","coordinates":[153.086059,-27.530551]},"properties":{"stop_id":"6432","stop_code":"006432","stop_name":"Camlet St near Kentish St, stop 57/41","routes":["113","172"],"route_count":2}},{"type":"Feature","geometry":{"type":"Point","coordinates":[153.087049,-27.532293]},"properties":{"stop_id":"6433","stop_code":"006433","stop_name":"Kentish St at Pond Street, stop 58","routes":["172"],"route_count":1}},{"type":"Feature","geometry":{"type":"Point","coordinates":[153.08704,-27.532097]},"properties":{"stop_id":"6434","stop_code":"006434","stop_name":"Kentish St at Pond Street, stop 58","routes":["172"],"route_count":1}},{"type":"Feature","geometry":{"type":"Point","coordinates":[153.088809,-27.533805]},"properties":{"stop_id":"6435","stop_code":"006435","stop_name":"Kentish St at Canterbury Street, stop 59","routes":["172"],"route_count":1}},{"type":"Feature","geometry":{"type":"Point","coordinates":[153.088784,-27.533647]},"properties":{"stop_id":"6436","stop_code":"006436","stop_name":"Kentish St at Canterbury Street, stop 59","routes":["172"],"route_count":1}},{"type":"Feature","geometry":{"type":"Point","coordinates":[153.084045,-27.530982]},"properties":{"stop_id":"6443","stop_code":"006443","stop_name":"Clausen St at Chester Park Reserve, stop 40","routes":["113"],"route_count":1}},{"type":"Feature","geometry":{"type":"Point","coordinates":[153.082561,-27.531856]},"properties":{"stop_id":"6444","stop_code":"006444","stop_name":"Clausen St at Blackpool Street, stop 40","routes":["113"],"route_count":1}},{"type":"Feature","geometry":{"type":"Point","coordinates":[153.080665,-27.532628]},"properties":{"stop_id":"6445","stop_code":"006445","stop_name":"Clausen St near Bakewell St, stop 39","routes":["113"],"route_count":1}},{"type":"Feature","geometry":{"type":"Point","coordinates":[153.080795,-27.532741]},"properties":{"stop_id":"6446","stop_code":"006446","stop_name":"Clausen St near Eyre St, stop 39","routes":["113"],"route_count":1}},{"type":"Feature","geometry":{"type":"Point","coordinates":[153.080868,-27.533971]},"properties":{"stop_id":"6447","stop_code":"006447","stop_name":"Grenfell St at Springwood Street, stop 38","routes":["113"],"route_count":1}},{"type":"Feature","geometry":{"type":"Point","coordinates":[153.080809,-27.534418]},"properties":{"stop_id":"6448","stop_code":"006448","stop_name":"Springwood St near Grenfell St, stop 38","routes":["113"],"route_count":1}},{"type":"Feature","geometry":{"type":"Point","coordinates":[153.093516,-27.537143]},"properties":{"stop_id":"6452","stop_code":"006452","stop_name":"Newnham Rd at Enderby Street, stop 62","routes":["185"],"route_count":1}},{"type":"Feature","geometry":{"type":"Point","coordinates":[153.093603,-27.531168]},"properties":{"stop_id":"6453","stop_code":"006453","stop_name":"Cavendish Rd at Mt Gravatt East, stop 60","routes":["183","185"],"route_count":2}},{"type":"Feature","geometry":{"type":"Point","coordinates":[153.081462,-27.545368]},"properties":{"stop_id":"6455","stop_code":"006455","stop_name":"Logan Rd at Wishart Road, stop 39","routes":["175","176","598"],"route_count":3}},{"type":"Feature","geometry":{"type":"Point","coordinates":[153.081804,-27.5462]},"properties":{"stop_id":"6456","stop_code":"006456","stop_name":"Logan Rd at Wishart Road, stop 39","routes":["175","176","599"],"route_count":3}},{"type":"Feature","geometry":{"type":"Point","coordinates":[153.08062,-27.548542]},"properties":{"stop_id":"6457","stop_code":"006457","stop_name":"Logan Rd at Wanda, stop 40","routes":["175","176"],"route_count":2}},{"type":"Feature","geometry":{"type":"Point","coordinates":[153.080375,-27.548364]},"properties":{"stop_id":"6458","stop_code":"006458","stop_name":"Logan Rd at Wanda, stop 40","routes":["175","176"],"route_count":2}},{"type":"Feature","geometry":{"type":"Point","coordinates":[153.079852,-27.551724]},"properties":{"stop_id":"6459","stop_code":"006459","stop_name":"Logan Rd at Dittmer Park, stop 41","routes":["175","176","599"],"route_count":3}},{"type":"Feature","geometry":{"type":"Point","coordinates":[153.079576,-27.552128]},"properties":{"stop_id":"6460","stop_code":"006460","stop_name":"Logan Rd at Dittmer Park, stop 41","routes":["175","176","598"],"route_count":3}},{"type":"Feature","geometry":{"type":"Point","coordinates":[153.092383,-27.529951]},"properties":{"stop_id":"6461","stop_code":"006461","stop_name":"Cavendish Rd at Seton College stop 59/56","routes":["185"],"route_count":1}},{"type":"Feature","geometry":{"type":"Point","coordinates":[153.080282,-27.556898]},"properties":{"stop_id":"6462","stop_code":"006462","stop_name":"Logan Rd at Kessels Corner, stop 43","routes":["172","175","176","599"],"route_count":4}},{"type":"Feature","geometry":{"type":"Point","coordinates":[153.080139,-27.555063]},"properties":{"stop_id":"6463","stop_code":"006463","stop_name":"Logan Rd at St Bernards, stop 42","routes":["172","175","176"],"route_count":3}},{"type":"Feature","geometry":{"type":"Point","coordinates":[153.079872,-27.556047]},"properties":{"stop_id":"6464","stop_code":"006464","stop_name":"Logan Rd at Upper Mt Gravatt School, stop 43","routes":["172","175","176"],"route_count":3}},{"type":"Feature","geometry":{"type":"Point","coordinates":[153.080552,-27.559006]},"properties":{"stop_id":"6465","stop_code":"006465","stop_name":"Logan Rd at Kessels Corner, stop 44","routes":["172","175","176","598"],"route_count":4}},{"type":"Feature","geometry":{"type":"Point","coordinates":[153.092636,-27.530023]},"properties":{"stop_id":"6466","stop_code":"006466","stop_name":"Cavendish Rd at Seton College stop 56/59","routes":["185"],"route_count":1}},{"type":"Feature","geometry":{"type":"Point","coordinates":[153.086327,-27.560251]},"properties":{"stop_id":"6469","stop_code":"006469","stop_name":"Tryon St at Centre Tryon Street, stop 80","routes":["182"],"route_count":1}},{"type":"Feature","geometry":{"type":"Point","coordinates":[153.083597,-27.559107]},"properties":{"stop_id":"6471","stop_code":"006471","stop_name":"Mt Gravatt Capalaba Rd at Tryon, stop 61","routes":["182"],"route_count":1}},{"type":"Feature","geometry":{"type":"Point","coordinates":[153.085749,-27.559956]},"properties":{"stop_id":"6472","stop_code":"006472","stop_name":"Tryon St at Mascar Street, stop 81","routes":["182"],"route_count":1}},{"type":"Feature","geometry":{"type":"Point","coordinates":[153.088468,-27.561751]},"properties":{"stop_id":"6473","stop_code":"006473","stop_name":"Tryon St at Greenleaves Village, stop 79","routes":["182"],"route_count":1}},{"type":"Feature","geometry":{"type":"Point","coordinates":[153.088403,-27.561624]},"properties":{"stop_id":"6474","stop_code":"006474","stop_name":"Tryon St at Greenleaves Village, stop 79","routes":["182"],"route_count":1}},{"type":"Feature","geometry":{"type":"Point","coordinates":[153.089236,-27.559978]},"properties":{"stop_id":"6476","stop_code":"006476","stop_name":"Newnham Rd at Delavan, stop 78","routes":["179","185"],"route_count":2}},{"type":"Feature","geometry":{"type":"Point","coordinates":[153.08977,-27.557233]},"properties":{"stop_id":"6477","stop_code":"006477","stop_name":"Newnham Rd at Montreal Street, stop 77a","routes":["185"],"route_count":1}},{"type":"Feature","geometry":{"type":"Point","coordinates":[153.089789,-27.557959]},"properties":{"stop_id":"6478","stop_code":"006478","stop_name":"Newnham Rd at Montreal Street, stop 77A","routes":["185"],"route_count":1}},{"type":"Feature","geometry":{"type":"Point","coordinates":[153.083599,-27.561579]},"properties":{"stop_id":"6479","stop_code":"006479","stop_name":"Logan Rd at Palmdale, stop 79c","routes":["172","175","176"],"route_count":3}},{"type":"Feature","geometry":{"type":"Point","coordinates":[153.083497,-27.561833]},"properties":{"stop_id":"6480","stop_code":"006480","stop_name":"Logan Rd at Palmdale, stop 79c","routes":["172","175","176"],"route_count":3}},{"type":"Feature","geometry":{"type":"Point","coordinates":[153.085774,-27.563141]},"properties":{"stop_id":"6482","stop_code":"006482","stop_name":"Logan Rd at Marada Street, stop 79b","routes":["172","175","176"],"route_count":3}},{"type":"Feature","geometry":{"type":"Point","coordinates":[153.089509,-27.561148]},"properties":{"stop_id":"6488","stop_code":"006488","stop_name":"Delavan St at Delavan Terminus, stop 87/78","routes":["182","186"],"route_count":2}},{"type":"Feature","geometry":{"type":"Point","coordinates":[153.0898,-27.56108]},"properties":{"stop_id":"6489","stop_code":"006489","stop_name":"Delavan St at Delavan Terminus, stop 78/87","routes":["182","186"],"route_count":2}},{"type":"Feature","geometry":{"type":"Point","coordinates":[153.088961,-27.561487]},"properties":{"stop_id":"6490","stop_code":"006490","stop_name":"Newnham Rd near Tryon St, stop 79","routes":["185"],"route_count":1}},{"type":"Feature","geometry":{"type":"Point","coordinates":[153.080227,-27.563181]},"properties":{"stop_id":"6515","stop_code":"006515","stop_name":"Garden City Shopping Centre station","routes":["172","175","176","179","182","185"],"route_count":6}},{"type":"Feature","geometry":{"type":"Point","coordinates":[153.079368,-27.51902]},"properties":{"stop_id":"6516","stop_code":"006516","stop_name":"Cavendish Rd at Crystal Street, stop 50","routes":["185"],"route_count":1}},{"type":"Feature","geometry":{"type":"Point","coordinates":[153.082463,-27.520079]},"properties":{"stop_id":"6517","stop_code":"006517","stop_name":"Cavendish Rd at Oates Avenue, stop 51","routes":["185"],"route_count":1}},{"type":"Feature","geometry":{"type":"Point","coordinates":[153.082352,-27.519777]},"properties":{"stop_id":"6518","stop_code":"006518","stop_name":"Cavendish Rd at Oates Avenue, stop 51","routes":["185"],"route_count":1}},{"type":"Feature","geometry":{"type":"Point","coordinates":[153.08074,-27.524133]},"properties":{"stop_id":"6520","stop_code":"006520","stop_name":"Carrara St at Carrara Shops, stop 52","routes":["113","172"],"route_count":2}},{"type":"Feature","geometry":{"type":"Point","coordinates":[153.081056,-27.524333]},"properties":{"stop_id":"6523","stop_code":"006523","stop_name":"Carrara St at Carrara Shops, stop 52","routes":["113","172"],"route_count":2}},{"type":"Feature","geometry":{"type":"Point","coordinates":[153.083723,-27.521155]},"properties":{"stop_id":"6528","stop_code":"006528","stop_name":"Cavendish Rd at Pine Mountain, stop 52","routes":["183","185"],"route_count":2}},{"type":"Feature","geometry":{"type":"Point","coordinates":[153.08358,-27.521201]},"properties":{"stop_id":"6529","stop_code":"006529","stop_name":"Cavendish Rd at Pine Mountain, stop 52","routes":["183","185"],"route_count":2}},{"type":"Feature","geometry":{"type":"Point","coordinates":[153.086753,-27.523491]},"properties":{"stop_id":"6530","stop_code":"006530","stop_name":"Cavendish Rd at Coolong Street, stop 53","routes":["185"],"route_count":1}},{"type":"Feature","geometry":{"type":"Point","coordinates":[153.086715,-27.523627]},"properties":{"stop_id":"6531","stop_code":"006531","stop_name":"Cavendish Rd at Coolong Street, stop 53","routes":["185"],"route_count":1}},{"type":"Feature","geometry":{"type":"Point","coordinates":[153.088737,-27.525191]},"properties":{"stop_id":"6532","stop_code":"006532","stop_name":"Cavendish Rd at Coolibah Street, stop 54","routes":["185"],"route_count":1}},{"type":"Feature","geometry":{"type":"Point","coordinates":[153.088787,-27.525454]},"properties":{"stop_id":"6533","stop_code":"006533","stop_name":"Cavendish Rd at Coolibah Street, stop 54","routes":["185"],"route_count":1}},{"type":"Feature","geometry":{"type":"Point","coordinates":[153.086244,-27.528319]},"properties":{"stop_id":"6534","stop_code":"006534","stop_name":"Dunbar St at Oakfield Street, stop 56","routes":["113","172"],"route_count":2}},{"type":"Feature","geometry":{"type":"Point","coordinates":[153.086315,-27.528221]},"properties":{"stop_id":"6535","stop_code":"006535","stop_name":"Dunbar St at Oakfield Street, stop 56","routes":["113","172"],"route_count":2}},{"type":"Feature","geometry":{"type":"Point","coordinates":[153.084476,-27.525833]},"properties":{"stop_id":"6538","stop_code":"006538","stop_name":"Dunbar St near Boambillee St, stop 54","routes":["113","172"],"route_count":2}},{"type":"Feature","geometry":{"type":"Point","coordinates":[153.084494,-27.525634]},"properties":{"stop_id":"6539","stop_code":"006539","stop_name":"Dunbar St near Boambillee St, stop 54","routes":["113","172"],"route_count":2}},{"type":"Feature","geometry":{"type":"Point","coordinates":[153.082397,-27.524368]},"properties":{"stop_id":"6540","stop_code":"006540","stop_name":"Carrara St at Yarranabbe Street, stop 53","routes":["113","172"],"route_count":2}},{"type":"Feature","geometry":{"type":"Point","coordinates":[153.082562,-27.524235]},"properties":{"stop_id":"6541","stop_code":"006541","stop_name":"Carrara St at Yarranabbe Street, stop 53","routes":["113","172"],"route_count":2}},{"type":"Feature","geometry":{"type":"Point","coordinates":[153.07231,-27.551795]},"properties":{"stop_id":"6543","stop_code":"006543","stop_name":"Klumpp Rd at Hibiscus","routes":["186"],"route_count":1}},{"type":"Feature","geometry":{"type":"Point","coordinates":[153.072352,-27.551929]},"properties":{"stop_id":"6548","stop_code":"006548","stop_name":"Klumpp Rd at Hibiscus","routes":["186"],"route_count":1}},{"type":"Feature","geometry":{"type":"Point","coordinates":[153.097456,-27.558759]},"properties":{"stop_id":"6557","stop_code":"006557","stop_name":"Cummin St near Monte Carlo St, stop 84","routes":["182","186"],"route_count":2}},{"type":"Feature","geometry":{"type":"Point","coordinates":[153.09734,-27.558722]},"properties":{"stop_id":"6558","stop_code":"006558","stop_name":"Cummin St near Monte Carlo St, stop 84","routes":["182","186"],"route_count":2}},{"type":"Feature","geometry":{"type":"Point","coordinates":[153.098001,-27.557488]},"properties":{"stop_id":"6561","stop_code":"006561","stop_name":"Mannetto St near Cummin St, stop 83","routes":["182","186"],"route_count":2}},{"type":"Feature","geometry":{"type":"Point","coordinates":[153.098737,-27.557489]},"properties":{"stop_id":"6562","stop_code":"006562","stop_name":"Mannetto St near Matincock St, stop 83","routes":["182","186"],"route_count":2}},{"type":"Feature","geometry":{"type":"Point","coordinates":[153.100665,-27.557903]},"properties":{"stop_id":"6563","stop_code":"006563","stop_name":"Mannetto St at Gilgo Street, stop 82","routes":["182","186"],"route_count":2}},{"type":"Feature","geometry":{"type":"Point","coordinates":[153.100579,-27.557779]},"properties":{"stop_id":"6564","stop_code":"006564","stop_name":"Mannetto St at Gilgo Street, stop 82","routes":["182","186"],"route_count":2}},{"type":"Feature","geometry":{"type":"Point","coordinates":[153.101789,-27.557167]},"properties":{"stop_id":"6568","stop_code":"006568","stop_name":"Greenwood St near Kavanagh Rd, stop 81","routes":["182","186"],"route_count":2}},{"type":"Feature","geometry":{"type":"Point","coordinates":[153.101865,-27.557439]},"properties":{"stop_id":"6569","stop_code":"006569","stop_name":"Greenwood St near Kavanagh Rd, stop 81","routes":["182","186"],"route_count":2}},{"type":"Feature","geometry":{"type":"Point","coordinates":[153.103496,-27.556072]},"properties":{"stop_id":"6570","stop_code":"006570","stop_name":"Mindona St at Mindona Park, stop 80","routes":["182","186"],"route_count":2}},{"type":"Feature","geometry":{"type":"Point","coordinates":[153.103564,-27.554955]},"properties":{"stop_id":"6571","stop_code":"006571","stop_name":"Mindona St at Mindona Park, stop 80","routes":["182","186"],"route_count":2}},{"type":"Feature","geometry":{"type":"Point","coordinates":[153.097583,-27.554924]},"properties":{"stop_id":"6572","stop_code":"006572","stop_name":"Mt Gravatt Capalaba Rd at Agaton","routes":["186"],"route_count":1}},{"type":"Feature","geometry":{"type":"Point","coordinates":[153.104761,-27.553243]},"properties":{"stop_id":"6574","stop_code":"006574","stop_name":"Boyanda St near Tyrrell St, stop 79","routes":["182","186"],"route_count":2}},{"type":"Feature","geometry":{"type":"Point","coordinates":[153.104538,-27.552764]},"properties":{"stop_id":"6575","stop_code":"006575","stop_name":"Boyanda St near Tyrrell St, stop 79","routes":["182","186"],"route_count":2}},{"type":"Feature","geometry":{"type":"Point","coordinates":[153.104624,-27.545991]},"properties":{"stop_id":"6584","stop_code":"006584","stop_name":"Ham Rd at Toulon Street, stop 76","routes":["182"],"route_count":1}},{"type":"Feature","geometry":{"type":"Point","coordinates":[153.104057,-27.548371]},"properties":{"stop_id":"6586","stop_code":"006586","stop_name":"Ham Rd at Adnar Street, stop 77","routes":["182"],"route_count":1}},{"type":"Feature","geometry":{"type":"Point","coordinates":[153.10416,-27.54848]},"properties":{"stop_id":"6587","stop_code":"006587","stop_name":"Ham Rd at Adnar Street, stop 77","routes":["182"],"route_count":1}},{"type":"Feature","geometry":{"type":"Point","coordinates":[153.10364,-27.551273]},"properties":{"stop_id":"6588","stop_code":"006588","stop_name":"Ham Rd at Koola Street, stop 78","routes":["182"],"route_count":1}},{"type":"Feature","geometry":{"type":"Point","coordinates":[153.103549,-27.551079]},"properties":{"stop_id":"6589","stop_code":"006589","stop_name":"Ham Rd at Koola Street, stop 78","routes":["182"],"route_count":1}},{"type":"Feature","geometry":{"type":"Point","coordinates":[153.102452,-27.548818]},"properties":{"stop_id":"6590","stop_code":"006590","stop_name":"Wishart Rd near Hibiscus Cl, stop 77","routes":["183"],"route_count":1}},{"type":"Feature","geometry":{"type":"Point","coordinates":[152.990154,-27.533954]},"properties":{"stop_id":"6605","stop_code":"006605","stop_name":"Sherwood Depot","routes":["598","599"],"route_count":2}},{"type":"Feature","geometry":{"type":"Point","coordinates":[153.031104,-27.462758]},"properties":{"stop_id":"67","stop_code":"000067","stop_name":"Queen Street Stop 67 near Ann St (Orient)","routes":["175","185"],"route_count":2}},{"type":"Feature","geometry":{"type":"Point","coordinates":[153.024721,-27.471323]},"properties":{"stop_id":"81","stop_code":"000081","stop_name":"Elizabeth Street Stop 81 near George St","routes":["176","186"],"route_count":2}},{"type":"Feature","geometry":{"type":"Point","coordinates":[153.027496,-27.469174]},"properties":{"stop_id":"84","stop_code":"000084","stop_name":"Elizabeth Street Stop 84 near Edward St","routes":["176","186"],"route_count":2}},{"type":"Feature","geometry":{"type":"Point","coordinates":[153.023825,-27.470717]},"properties":{"stop_id":"919","stop_code":"000919","stop_name":"Queen Street station","routes":["183"],"route_count":1}},{"type":"Feature","geometry":{"type":"Point","coordinates":[153.028004,-27.472734]},"properties":{"stop_id":"97","stop_code":"000097","stop_name":"Margaret Street Stop 95 at Albert St","routes":["175","185"],"route_count":2}}]}