Year,Round,Game,HomeTeam,AwayTeam,HomeScore,AwayScore,Rank,Odds,ELO,Tip,Actual
2009,Rd 1,1,Wests Tigers,Canberra Raiders,34,26,Wests Tigers,Wests Tigers,Wests Tigers,Wests Tigers,Wests Tigers
2009,Rd 1,2,Sydney Roosters,South Sydney Rabbitohs,12,52,Sydney Roosters,Sydney Roosters,Sydney Roosters,Sydney Roosters,South Sydney Rabbitohs
2009,Rd 1,3,Gold Coast Titans,Newcastle Knights,34,20,Gold Coast Titans,Gold Coast Titans,Gold Coast Titans,Gold Coast Titans,Gold Coast Titans
2009,Rd 1,4,Canterbury Bulldogs,Manly Sea Eagles,34,12,Canterbury Bulldogs,Manly Sea Eagles,Canterbury Bulldogs,Canterbury Bulldogs,Canterbury Bulldogs
2009,Rd 1,5,Cronulla Sharks,Penrith Panthers,18,10,Cronulla Sharks,Cronulla Sharks,Cronulla Sharks,Cronulla Sharks,Cronulla Sharks
2009,Rd 1,6,New Zealand Warriors,Parramatta Eels,26,18,New Zealand Warriors,New Zealand Warriors,New Zealand Warriors,New Zealand Warriors,New Zealand Warriors
2009,Rd 1,7,Brisbane Broncos,NQ Cowboys,19,18,Brisbane Broncos,Brisbane Broncos,Brisbane Broncos,Brisbane Broncos,Brisbane Broncos
2009,Rd 1,8,Melbourne Storm,St. George Illawarra Dragons,17,16,Melbourne Storm,Melbourne Storm,Melbourne Storm,Melbourne Storm,Melbourne Storm
2009,Rd 2,1,Cronulla Sharks,Newcastle Knights,12,24,Cronulla Sharks,Cronulla Sharks,Cronulla Sharks,Cronulla Sharks,Newcastle Knights
2009,Rd 2,2,Manly Sea Eagles,New Zealand Warriors,24,26,New Zealand Warriors,Manly Sea Eagles,Manly Sea Eagles,Manly Sea Eagles,New Zealand Warriors
2009,Rd 2,3,Canberra Raiders,Sydney Roosters,4,28,Canberra Raiders,Canberra Raiders,Canberra Raiders,Canberra Raiders,Sydney Roosters
2009,Rd 2,4,NQ Cowboys,Wests Tigers,42,14,Wests Tigers,NQ Cowboys,NQ Cowboys,NQ Cowboys,NQ Cowboys
2009,Rd 2,5,Penrith Panthers,Canterbury Bulldogs,26,28,Canterbury Bulldogs,Canterbury Bulldogs,Penrith Panthers,Penrith Panthers,Canterbury Bulldogs
2009,Rd 2,6,St. George Illawarra Dragons,Gold Coast Titans,16,10,Gold Coast Titans,St. George Illawarra Dragons,St. George Illawarra Dragons,St. George Illawarra Dragons,St. George Illawarra Dragons
2009,Rd 2,7,Brisbane Broncos,Melbourne Storm,16,14,Melbourne Storm,Brisbane Broncos,Brisbane Broncos,Brisbane Broncos,Brisbane Broncos
2009,Rd 2,8,South Sydney Rabbitohs,Parramatta Eels,8,14,South Sydney Rabbitohs,South Sydney Rabbitohs,South Sydney Rabbitohs,South Sydney Rabbitohs,Parramatta Eels
2009,Rd 3,1,Manly Sea Eagles,Penrith Panthers,10,12,Penrith Panthers,Manly Sea Eagles,Manly Sea Eagles,Manly Sea Eagles,Penrith Panthers
2009,Rd 3,2,St. George Illawarra Dragons,Cronulla Sharks,10,6,St. George Illawarra Dragons,St. George Illawarra Dragons,St. George Illawarra Dragons,St. George Illawarra Dragons,St. George Illawarra Dragons
2009,Rd 3,3,South Sydney Rabbitohs,Newcastle Knights,22,12,South Sydney Rabbitohs,South Sydney Rabbitohs,South Sydney Rabbitohs,South Sydney Rabbitohs,South Sydney Rabbitohs
2009,Rd 3,4,NQ Cowboys,Melbourne Storm,12,26,NQ Cowboys,NQ Cowboys,NQ Cowboys,NQ Cowboys,Melbourne Storm
2009,Rd 3,5,Parramatta Eels,Canberra Raiders,18,16,Parramatta Eels,Parramatta Eels,Parramatta Eels,Parramatta Eels,Parramatta Eels
2009,Rd 3,6,New Zealand Warriors,Brisbane Broncos,10,26,New Zealand Warriors,New Zealand Warriors,New Zealand Warriors,New Zealand Warriors,Brisbane Broncos
2009,Rd 3,7,Gold Coast Titans,Canterbury Bulldogs,20,12,Canterbury Bulldogs,Gold Coast Titans,Gold Coast Titans,Gold Coast Titans,Gold Coast Titans
2009,Rd 3,8,Wests Tigers,Sydney Roosters,40,24,Sydney Roosters,Sydney Roosters,Wests Tigers,Wests Tigers,Wests Tigers
2009,Rd 4,1,Canberra Raiders,NQ Cowboys,23,18,NQ Cowboys,NQ Cowboys,Canberra Raiders,Canberra Raiders,Canberra Raiders
2009,Rd 4,2,Newcastle Knights,Manly Sea Eagles,26,12,Newcastle Knights,Manly Sea Eagles,Newcastle Knights,Newcastle Knights,Newcastle Knights
2009,Rd 4,3,Canterbury Bulldogs,Cronulla Sharks,24,12,Canterbury Bulldogs,Canterbury Bulldogs,Canterbury Bulldogs,Canterbury Bulldogs,Canterbury Bulldogs
2009,Rd 4,4,New Zealand Warriors,South Sydney Rabbitohs,16,22,South Sydney Rabbitohs,New Zealand Warriors,New Zealand Warriors,New Zealand Warriors,South Sydney Rabbitohs
2009,Rd 4,5,Melbourne Storm,Gold Coast Titans,6,18,Gold Coast Titans,Melbourne Storm,Melbourne Storm,Melbourne Storm,Gold Coast Titans
2009,Rd 4,6,Penrith Panthers,Wests Tigers,42,22,Wests Tigers,Wests Tigers,Penrith Panthers,Penrith Panthers,Penrith Panthers
2009,Rd 4,7,Brisbane Broncos,St. George Illawarra Dragons,12,25,Brisbane Broncos,Brisbane Broncos,Brisbane Broncos,Brisbane Broncos,St. George Illawarra Dragons
2009,Rd 4,8,Sydney Roosters,Parramatta Eels,24,6,Parramatta Eels,Parramatta Eels,Sydney Roosters,Sydney Roosters,Sydney Roosters
2009,Rd 5,1,Canterbury Bulldogs,South Sydney Rabbitohs,14,12,South Sydney Rabbitohs,Canterbury Bulldogs,Canterbury Bulldogs,Canterbury Bulldogs,Canterbury Bulldogs
2009,Rd 5,2,Manly Sea Eagles,Wests Tigers,23,10,Wests Tigers,Manly Sea Eagles,Manly Sea Eagles,Manly Sea Eagles,Manly Sea Eagles
2009,Rd 5,3,Newcastle Knights,New Zealand Warriors,24,22,Newcastle Knights,Newcastle Knights,Newcastle Knights,Newcastle Knights,Newcastle Knights
2009,Rd 5,4,Melbourne Storm,Penrith Panthers,16,14,Penrith Panthers,Melbourne Storm,Melbourne Storm,Melbourne Storm,Melbourne Storm
2009,Rd 5,5,NQ Cowboys,Gold Coast Titans,10,14,Gold Coast Titans,NQ Cowboys,NQ Cowboys,NQ Cowboys,Gold Coast Titans
2009,Rd 5,6,Cronulla Sharks,Canberra Raiders,14,24,Cronulla Sharks,Cronulla Sharks,Cronulla Sharks,Cronulla Sharks,Canberra Raiders
2009,Rd 5,7,Parramatta Eels,St. George Illawarra Dragons,8,22,St. George Illawarra Dragons,St. George Illawarra Dragons,Parramatta Eels,Parramatta Eels,St. George Illawarra Dragons
2009,Rd 5,8,Sydney Roosters,Brisbane Broncos,24,28,Brisbane Broncos,Brisbane Broncos,Sydney Roosters,Sydney Roosters,Brisbane Broncos
2009,Rd 6,1,Wests Tigers,Melbourne Storm,16,6,Melbourne Storm,Melbourne Storm,Wests Tigers,Wests Tigers,Wests Tigers
2009,Rd 6,2,Parramatta Eels,Canterbury Bulldogs,18,48,Canterbury Bulldogs,Canterbury Bulldogs,Canterbury Bulldogs,Canterbury Bulldogs,Canterbury Bulldogs
2009,Rd 6,3,Cronulla Sharks,NQ Cowboys,10,34,NQ Cowboys,NQ Cowboys,Cronulla Sharks,Cronulla Sharks,NQ Cowboys
2009,Rd 6,4,New Zealand Warriors,Sydney Roosters,17,16,New Zealand Warriors,New Zealand Warriors,New Zealand Warriors,New Zealand Warriors,New Zealand Warriors
2009,Rd 6,5,South Sydney Rabbitohs,Manly Sea Eagles,8,24,South Sydney Rabbitohs,Manly Sea Eagles,South Sydney Rabbitohs,South Sydney Rabbitohs,Manly Sea Eagles
2009,Rd 6,6,St. George Illawarra Dragons,Newcastle Knights,18,24,St. George Illawarra Dragons,St. George Illawarra Dragons,St. George Illawarra Dragons,St. George Illawarra Dragons,Newcastle Knights
2009,Rd 6,7,Gold Coast Titans,Canberra Raiders,16,10,Gold Coast Titans,Gold Coast Titans,Gold Coast Titans,Gold Coast Titans,Gold Coast Titans
2009,Rd 6,8,Penrith Panthers,Brisbane Broncos,18,38,Brisbane Broncos,Brisbane Broncos,Penrith Panthers,Penrith Panthers,Brisbane Broncos
2009,Rd 7,1,Penrith Panthers,Gold Coast Titans,34,20,Gold Coast Titans,Penrith Panthers,Gold Coast Titans,Gold Coast Titans,Penrith Panthers
2009,Rd 7,2,Canberra Raiders,Canterbury Bulldogs,20,30,Canterbury Bulldogs,Canberra Raiders,Canterbury Bulldogs,Canterbury Bulldogs,Canterbury Bulldogs
2009,Rd 7,3,NQ Cowboys,Manly Sea Eagles,26,12,NQ Cowboys,NQ Cowboys,NQ Cowboys,NQ Cowboys,NQ Cowboys
2009,Rd 7,4,Melbourne Storm,New Zealand Warriors,14,14,Melbourne Storm,Melbourne Storm,Melbourne Storm,Melbourne Storm,New Zealand Warriors
2009,Rd 7,5,Sydney Roosters,St. George Illawarra Dragons,0,29,St. George Illawarra Dragons,St. George Illawarra Dragons,Sydney Roosters,Sydney Roosters,St. George Illawarra Dragons
2009,Rd 7,6,Brisbane Broncos,Parramatta Eels,40,8,Brisbane Broncos,Brisbane Broncos,Brisbane Broncos,Brisbane Broncos,Brisbane Broncos
2009,Rd 7,7,South Sydney Rabbitohs,Cronulla Sharks,32,26,South Sydney Rabbitohs,South Sydney Rabbitohs,South Sydney Rabbitohs,South Sydney Rabbitohs,South Sydney Rabbitohs
2009,Rd 7,8,Wests Tigers,Newcastle Knights,26,24,Newcastle Knights,Newcastle Knights,Wests Tigers,Wests Tigers,Wests Tigers
2009,Rd 8,1,Canterbury Bulldogs,Wests Tigers,22,20,Canterbury Bulldogs,Canterbury Bulldogs,Canterbury Bulldogs,Canterbury Bulldogs,Canterbury Bulldogs
2009,Rd 8,2,St. George Illawarra Dragons,New Zealand Warriors,12,11,St. George Illawarra Dragons,St. George Illawarra Dragons,St. George Illawarra Dragons,St. George Illawarra Dragons,St. George Illawarra Dragons
2009,Rd 8,3,Canberra Raiders,Penrith Panthers,10,18,Penrith Panthers,Canberra Raiders,Canberra Raiders,Canberra Raiders,Penrith Panthers
2009,Rd 8,4,Newcastle Knights,Brisbane Broncos,28,12,Brisbane Broncos,Brisbane Broncos,Newcastle Knights,Newcastle Knights,Newcastle Knights
2009,Rd 8,5,Cronulla Sharks,Sydney Roosters,12,19,Sydney Roosters,Sydney Roosters,Cronulla Sharks,Cronulla Sharks,Sydney Roosters
2009,Rd 8,6,Gold Coast Titans,South Sydney Rabbitohs,22,14,Gold Coast Titans,Gold Coast Titans,Gold Coast Titans,Gold Coast Titans,Gold Coast Titans
2009,Rd 8,7,Manly Sea Eagles,Melbourne Storm,8,22,Melbourne Storm,Melbourne Storm,Manly Sea Eagles,Manly Sea Eagles,Melbourne Storm
2009,Rd 8,8,Parramatta Eels,NQ Cowboys,28,18,NQ Cowboys,NQ Cowboys,NQ Cowboys,NQ Cowboys,Parramatta Eels
2009,Rd 9,1,Sydney Roosters,Melbourne Storm,12,28,Melbourne Storm,Melbourne Storm,Sydney Roosters,Sydney Roosters,Melbourne Storm
2009,Rd 9,2,Brisbane Broncos,Manly Sea Eagles,20,22,Brisbane Broncos,Brisbane Broncos,Brisbane Broncos,Brisbane Broncos,Manly Sea Eagles
2009,Rd 9,3,Newcastle Knights,Gold Coast Titans,23,18,Gold Coast Titans,Newcastle Knights,Newcastle Knights,Newcastle Knights,Newcastle Knights
2009,Rd 9,4,NQ Cowboys,St. George Illawarra Dragons,24,20,St. George Illawarra Dragons,NQ Cowboys,NQ Cowboys,NQ Cowboys,NQ Cowboys
2009,Rd 10,1,Melbourne Storm,Canberra Raiders,46,6,Melbourne Storm,Melbourne Storm,Melbourne Storm,Melbourne Storm,Melbourne Storm
2009,Rd 10,2,Wests Tigers,South Sydney Rabbitohs,22,23,South Sydney Rabbitohs,Wests Tigers,Wests Tigers,Wests Tigers,South Sydney Rabbitohs
2009,Rd 10,3,Manly Sea Eagles,Parramatta Eels,34,10,Parramatta Eels,Manly Sea Eagles,Manly Sea Eagles,Manly Sea Eagles,Manly Sea Eagles
2009,Rd 10,4,New Zealand Warriors,NQ Cowboys,12,34,NQ Cowboys,New Zealand Warriors,New Zealand Warriors,New Zealand Warriors,NQ Cowboys
2009,Rd 10,5,Penrith Panthers,Cronulla Sharks,26,22,Penrith Panthers,Penrith Panthers,Penrith Panthers,Penrith Panthers,Penrith Panthers
2009,Rd 10,6,Sydney Roosters,Newcastle Knights,6,38,Newcastle Knights,Newcastle Knights,Newcastle Knights,Newcastle Knights,Newcastle Knights
2009,Rd 10,7,Brisbane Broncos,Gold Coast Titans,32,18,Brisbane Broncos,Brisbane Broncos,Brisbane Broncos,Brisbane Broncos,Brisbane Broncos
2009,Rd 10,8,St. George Illawarra Dragons,Canterbury Bulldogs,20,18,Canterbury Bulldogs,St. George Illawarra Dragons,St. George Illawarra Dragons,St. George Illawarra Dragons,St. George Illawarra Dragons
2009,Rd 11,1,NQ Cowboys,Newcastle Knights,36,10,Newcastle Knights,NQ Cowboys,NQ Cowboys,NQ Cowboys,NQ Cowboys
2009,Rd 11,2,Gold Coast Titans,Manly Sea Eagles,18,17,Gold Coast Titans,Gold Coast Titans,Gold Coast Titans,Gold Coast Titans,Gold Coast Titans
2009,Rd 11,3,Canberra Raiders,New Zealand Warriors,38,12,New Zealand Warriors,Canberra Raiders,Canberra Raiders,Canberra Raiders,Canberra Raiders
2009,Rd 11,4,Canterbury Bulldogs,Melbourne Storm,26,10,Canterbury Bulldogs,Melbourne Storm,Canterbury Bulldogs,Canterbury Bulldogs,Canterbury Bulldogs
2009,Rd 11,5,Penrith Panthers,Sydney Roosters,48,6,Penrith Panthers,Penrith Panthers,Penrith Panthers,Penrith Panthers,Penrith Panthers
2009,Rd 11,6,Cronulla Sharks,St. George Illawarra Dragons,4,26,St. George Illawarra Dragons,St. George Illawarra Dragons,St. George Illawarra Dragons,St. George Illawarra Dragons,St. George Illawarra Dragons
2009,Rd 11,7,Parramatta Eels,South Sydney Rabbitohs,16,16,South Sydney Rabbitohs,South Sydney Rabbitohs,South Sydney Rabbitohs,South Sydney Rabbitohs,South Sydney Rabbitohs
2009,Rd 11,8,Wests Tigers,Brisbane Broncos,18,20,Brisbane Broncos,Brisbane Broncos,Brisbane Broncos,Brisbane Broncos,Brisbane Broncos
2009,Rd 12,1,South Sydney Rabbitohs,Canberra Raiders,18,34,South Sydney Rabbitohs,South Sydney Rabbitohs,South Sydney Rabbitohs,South Sydney Rabbitohs,Canberra Raiders
2009,Rd 12,2,Newcastle Knights,Canterbury Bulldogs,22,14,Canterbury Bulldogs,Canterbury Bulldogs,Newcastle Knights,Newcastle Knights,Newcastle Knights
2009,Rd 12,3,New Zealand Warriors,Wests Tigers,14,0,Wests Tigers,New Zealand Warriors,New Zealand Warriors,New Zealand Warriors,New Zealand Warriors
2009,Rd 12,4,Parramatta Eels,Cronulla Sharks,10,13,Parramatta Eels,Parramatta Eels,Parramatta Eels,Parramatta Eels,Cronulla Sharks
2009,Rd 12,5,St. George Illawarra Dragons,Penrith Panthers,38,10,St. George Illawarra Dragons,St. George Illawarra Dragons,St. George Illawarra Dragons,St. George Illawarra Dragons,St. George Illawarra Dragons
2009,Rd 13,1,Gold Coast Titans,St. George Illawarra Dragons,28,24,St. George Illawarra Dragons,St. George Illawarra Dragons,Gold Coast Titans,Gold Coast Titans,Gold Coast Titans
2009,Rd 13,2,Newcastle Knights,Parramatta Eels,18,20,Newcastle Knights,Newcastle Knights,Newcastle Knights,Newcastle Knights,Parramatta Eels
2009,Rd 13,3,Cronulla Sharks,New Zealand Warriors,18,10,New Zealand Warriors,New Zealand Warriors,Cronulla Sharks,Cronulla Sharks,Cronulla Sharks
2009,Rd 13,4,NQ Cowboys,South Sydney Rabbitohs,46,12,NQ Cowboys,NQ Cowboys,NQ Cowboys,NQ Cowboys,NQ Cowboys
2009,Rd 13,5,Manly Sea Eagles,Sydney Roosters,38,18,Manly Sea Eagles,Manly Sea Eagles,Manly Sea Eagles,Manly Sea Eagles,Manly Sea Eagles
2009,Rd 13,6,Melbourne Storm,Brisbane Broncos,48,4,Brisbane Broncos,Melbourne Storm,Melbourne Storm,Melbourne Storm,Melbourne Storm
2009,Rd 13,7,Wests Tigers,Penrith Panthers,10,26,Penrith Panthers,Wests Tigers,Wests Tigers,Wests Tigers,Penrith Panthers
2009,Rd 14,1,Parramatta Eels,Wests Tigers,6,23,Wests Tigers,Parramatta Eels,Parramatta Eels,Parramatta Eels,Wests Tigers
2009,Rd 14,2,St. George Illawarra Dragons,NQ Cowboys,32,18,St. George Illawarra Dragons,St. George Illawarra Dragons,St. George Illawarra Dragons,St. George Illawarra Dragons,St. George Illawarra Dragons
2009,Rd 14,3,Canberra Raiders,Cronulla Sharks,22,24,Canberra Raiders,Canberra Raiders,Canberra Raiders,Canberra Raiders,Cronulla Sharks
2009,Rd 14,4,Penrith Panthers,Manly Sea Eagles,6,20,Penrith Panthers,Manly Sea Eagles,Penrith Panthers,Penrith Panthers,Manly Sea Eagles
2009,Rd 14,5,South Sydney Rabbitohs,Melbourne Storm,22,28,Melbourne Storm,Melbourne Storm,South Sydney Rabbitohs,South Sydney Rabbitohs,Melbourne Storm
2009,Rd 14,6,Sydney Roosters,Gold Coast Titans,20,24,Gold Coast Titans,Gold Coast Titans,Gold Coast Titans,Gold Coast Titans,Gold Coast Titans
2009,Rd 14,7,Brisbane Broncos,Canterbury Bulldogs,22,44,Canterbury Bulldogs,Canterbury Bulldogs,Brisbane Broncos,Brisbane Broncos,Canterbury Bulldogs
2009,Rd 14,8,New Zealand Warriors,Newcastle Knights,13,0,Newcastle Knights,New Zealand Warriors,Newcastle Knights,Newcastle Knights,New Zealand Warriors
2009,Rd 15,1,Cronulla Sharks,Brisbane Broncos,46,12,Brisbane Broncos,Cronulla Sharks,Brisbane Broncos,Brisbane Broncos,Cronulla Sharks
2009,Rd 15,2,Manly Sea Eagles,Canberra Raiders,20,14,Manly Sea Eagles,Manly Sea Eagles,Manly Sea Eagles,Manly Sea Eagles,Manly Sea Eagles
2009,Rd 15,3,Melbourne Storm,Wests Tigers,14,12,Melbourne Storm,Melbourne Storm,Melbourne Storm,Melbourne Storm,Melbourne Storm
2009,Rd 15,4,NQ Cowboys,Sydney Roosters,24,22,NQ Cowboys,Sydney Roosters,NQ Cowboys,NQ Cowboys,NQ Cowboys
2009,Rd 15,5,Canterbury Bulldogs,Penrith Panthers,19,12,Canterbury Bulldogs,Canterbury Bulldogs,Canterbury Bulldogs,Canterbury Bulldogs,Canterbury Bulldogs
2009,Rd 16,1,Newcastle Knights,South Sydney Rabbitohs,25,20,Newcastle Knights,Newcastle Knights,Newcastle Knights,Newcastle Knights,Newcastle Knights
2009,Rd 16,2,Parramatta Eels,Brisbane Broncos,21,14,Brisbane Broncos,Brisbane Broncos,Brisbane Broncos,Brisbane Broncos,Parramatta Eels
2009,Rd 16,3,Canberra Raiders,Melbourne Storm,26,16,Melbourne Storm,Melbourne Storm,Melbourne Storm,Melbourne Storm,Canberra Raiders
2009,Rd 16,4,Sydney Roosters,Cronulla Sharks,19,12,Cronulla Sharks,Cronulla Sharks,Sydney Roosters,Sydney Roosters,Sydney Roosters
2009,Rd 16,5,Gold Coast Titans,New Zealand Warriors,28,12,Gold Coast Titans,Gold Coast Titans,Gold Coast Titans,Gold Coast Titans,Gold Coast Titans
2009,Rd 16,6,Canterbury Bulldogs,NQ Cowboys,30,18,Canterbury Bulldogs,Canterbury Bulldogs,Canterbury Bulldogs,Canterbury Bulldogs,Canterbury Bulldogs
2009,Rd 16,7,Wests Tigers,St. George Illawarra Dragons,10,21,St. George Illawarra Dragons,St. George Illawarra Dragons,St. George Illawarra Dragons,St. George Illawarra Dragons,St. George Illawarra Dragons
2009,Rd 17,1,Manly Sea Eagles,Canterbury Bulldogs,19,12,Canterbury Bulldogs,Manly Sea Eagles,Canterbury Bulldogs,Canterbury Bulldogs,Manly Sea Eagles
2009,Rd 17,2,Penrith Panthers,Parramatta Eels,38,34,Penrith Panthers,Penrith Panthers,Penrith Panthers,Penrith Panthers,Penrith Panthers
2009,Rd 17,3,Canberra Raiders,Gold Coast Titans,34,28,Gold Coast Titans,Canberra Raiders,Gold Coast Titans,Gold Coast Titans,Canberra Raiders
2009,Rd 17,4,Melbourne Storm,Newcastle Knights,18,14,Newcastle Knights,Melbourne Storm,Melbourne Storm,Melbourne Storm,Melbourne Storm
2009,Rd 17,5,NQ Cowboys,Cronulla Sharks,24,4,NQ Cowboys,NQ Cowboys,NQ Cowboys,NQ Cowboys,NQ Cowboys
2009,Rd 17,6,South Sydney Rabbitohs,Wests Tigers,20,54,South Sydney Rabbitohs,South Sydney Rabbitohs,South Sydney Rabbitohs,South Sydney Rabbitohs,Wests Tigers
2009,Rd 17,7,St. George Illawarra Dragons,Sydney Roosters,34,12,St. George Illawarra Dragons,St. George Illawarra Dragons,St. George Illawarra Dragons,St. George Illawarra Dragons,St. George Illawarra Dragons
2009,Rd 17,8,Brisbane Broncos,New Zealand Warriors,28,14,New Zealand Warriors,New Zealand Warriors,Brisbane Broncos,Brisbane Broncos,Brisbane Broncos
2009,Rd 18,1,Gold Coast Titans,Parramatta Eels,18,12,Gold Coast Titans,Gold Coast Titans,Gold Coast Titans,Gold Coast Titans,Gold Coast Titans
2009,Rd 18,2,St. George Illawarra Dragons,Manly Sea Eagles,48,18,St. George Illawarra Dragons,St. George Illawarra Dragons,St. George Illawarra Dragons,St. George Illawarra Dragons,St. George Illawarra Dragons
2009,Rd 18,3,New Zealand Warriors,Canterbury Bulldogs,14,18,Canterbury Bulldogs,New Zealand Warriors,Canterbury Bulldogs,Canterbury Bulldogs,Canterbury Bulldogs
2009,Rd 18,4,Newcastle Knights,Canberra Raiders,23,4,Newcastle Knights,Newcastle Knights,Newcastle Knights,Newcastle Knights,Newcastle Knights
2009,Rd 18,5,South Sydney Rabbitohs,Penrith Panthers,36,12,Penrith Panthers,South Sydney Rabbitohs,South Sydney Rabbitohs,South Sydney Rabbitohs,South Sydney Rabbitohs
2009,Rd 19,1,Parramatta Eels,Melbourne Storm,18,16,Melbourne Storm,Melbourne Storm,Melbourne Storm,Melbourne Storm,Parramatta Eels
2009,Rd 19,2,Wests Tigers,NQ Cowboys,34,14,NQ Cowboys,Wests Tigers,NQ Cowboys,NQ Cowboys,Wests Tigers
2009,Rd 19,3,Sydney Roosters,New Zealand Warriors,24,30,New Zealand Warriors,Sydney Roosters,Sydney Roosters,Sydney Roosters,New Zealand Warriors
2009,Rd 19,4,Cronulla Sharks,Manly Sea Eagles,26,32,Manly Sea Eagles,Manly Sea Eagles,Manly Sea Eagles,Manly Sea Eagles,Manly Sea Eagles
2009,Rd 19,5,Penrith Panthers,Canberra Raiders,27,14,Penrith Panthers,Penrith Panthers,Penrith Panthers,Penrith Panthers,Penrith Panthers
2009,Rd 19,6,Canterbury Bulldogs,Gold Coast Titans,23,16,Canterbury Bulldogs,Canterbury Bulldogs,Canterbury Bulldogs,Canterbury Bulldogs,Canterbury Bulldogs
2009,Rd 19,7,Brisbane Broncos,South Sydney Rabbitohs,12,44,Brisbane Broncos,Brisbane Broncos,Brisbane Broncos,Brisbane Broncos,South Sydney Rabbitohs
2009,Rd 20,1,South Sydney Rabbitohs,Sydney Roosters,40,20,South Sydney Rabbitohs,South Sydney Rabbitohs,South Sydney Rabbitohs,South Sydney Rabbitohs,South Sydney Rabbitohs
2009,Rd 20,2,Canberra Raiders,Wests Tigers,4,25,Wests Tigers,Canberra Raiders,Canberra Raiders,Canberra Raiders,Wests Tigers
2009,Rd 20,3,New Zealand Warriors,St. George Illawarra Dragons,4,29,St. George Illawarra Dragons,St. George Illawarra Dragons,St. George Illawarra Dragons,St. George Illawarra Dragons,St. George Illawarra Dragons
2009,Rd 20,4,Melbourne Storm,Cronulla Sharks,30,10,Melbourne Storm,Melbourne Storm,Melbourne Storm,Melbourne Storm,Melbourne Storm
2009,Rd 20,5,NQ Cowboys,Penrith Panthers,20,28,NQ Cowboys,NQ Cowboys,NQ Cowboys,NQ Cowboys,Penrith Panthers
2009,Rd 20,6,Canterbury Bulldogs,Parramatta Eels,8,27,Canterbury Bulldogs,Canterbury Bulldogs,Canterbury Bulldogs,Canterbury Bulldogs,Parramatta Eels
2009,Rd 20,7,Gold Coast Titans,Brisbane Broncos,34,18,Gold Coast Titans,Gold Coast Titans,Gold Coast Titans,Gold Coast Titans,Gold Coast Titans
2009,Rd 20,8,Manly Sea Eagles,Newcastle Knights,44,20,Newcastle Knights,Manly Sea Eagles,Manly Sea Eagles,Manly Sea Eagles,Manly Sea Eagles
2009,Rd 21,1,Wests Tigers,Manly Sea Eagles,19,18,Manly Sea Eagles,Manly Sea Eagles,Wests Tigers,Wests Tigers,Wests Tigers
2009,Rd 21,2,South Sydney Rabbitohs,Canterbury Bulldogs,18,26,Canterbury Bulldogs,Canterbury Bulldogs,Canterbury Bulldogs,Canterbury Bulldogs,Canterbury Bulldogs
2009,Rd 21,3,Cronulla Sharks,Parramatta Eels,0,30,Parramatta Eels,Parramatta Eels,Cronulla Sharks,Cronulla Sharks,Parramatta Eels
2009,Rd 21,4,Penrith Panthers,New Zealand Warriors,32,32,Penrith Panthers,Penrith Panthers,Penrith Panthers,Penrith Panthers,New Zealand Warriors
2009,Rd 21,5,Canberra Raiders,Brisbane Broncos,56,0,Brisbane Broncos,Brisbane Broncos,Canberra Raiders,Canberra Raiders,Canberra Raiders
2009,Rd 21,6,Gold Coast Titans,NQ Cowboys,18,34,Gold Coast Titans,Gold Coast Titans,Gold Coast Titans,Gold Coast Titans,NQ Cowboys
2009,Rd 21,7,St. George Illawarra Dragons,Melbourne Storm,26,12,St. George Illawarra Dragons,St. George Illawarra Dragons,St. George Illawarra Dragons,St. George Illawarra Dragons,St. George Illawarra Dragons
2009,Rd 21,8,Newcastle Knights,Sydney Roosters,18,30,Sydney Roosters,Sydney Roosters,Newcastle Knights,Newcastle Knights,Sydney Roosters
2009,Rd 22,1,Brisbane Broncos,Cronulla Sharks,30,10,Brisbane Broncos,Brisbane Broncos,Brisbane Broncos,Brisbane Broncos,Brisbane Broncos
2009,Rd 22,2,Parramatta Eels,Newcastle Knights,40,8,Newcastle Knights,Parramatta Eels,Parramatta Eels,Parramatta Eels,Parramatta Eels
2009,Rd 22,3,Sydney Roosters,Wests Tigers,10,17,Wests Tigers,Wests Tigers,Wests Tigers,Wests Tigers,Wests Tigers
2009,Rd 22,4,New Zealand Warriors,Gold Coast Titans,10,30,Gold Coast Titans,Gold Coast Titans,Gold Coast Titans,Gold Coast Titans,Gold Coast Titans
2009,Rd 22,5,Canterbury Bulldogs,Canberra Raiders,23,20,Canterbury Bulldogs,Canterbury Bulldogs,Canterbury Bulldogs,Canterbury Bulldogs,Canterbury Bulldogs
2009,Rd 22,6,Manly Sea Eagles,South Sydney Rabbitohs,22,36,Manly Sea Eagles,Manly Sea Eagles,Manly Sea Eagles,Manly Sea Eagles,South Sydney Rabbitohs
2009,Rd 22,7,Melbourne Storm,NQ Cowboys,20,8,Melbourne Storm,Melbourne Storm,Melbourne Storm,Melbourne Storm,Melbourne Storm
2009,Rd 22,8,Penrith Panthers,St. George Illawarra Dragons,6,25,St. George Illawarra Dragons,St. George Illawarra Dragons,St. George Illawarra Dragons,St. George Illawarra Dragons,St. George Illawarra Dragons
2009,Rd 23,1,Newcastle Knights,Melbourne Storm,26,14,Melbourne Storm,Melbourne Storm,Melbourne Storm,Melbourne Storm,Newcastle Knights
2009,Rd 23,2,Brisbane Broncos,Penrith Panthers,58,24,Penrith Panthers,Brisbane Broncos,Brisbane Broncos,Brisbane Broncos,Brisbane Broncos
2009,Rd 23,3,Cronulla Sharks,Wests Tigers,10,56,Wests Tigers,Wests Tigers,Wests Tigers,Wests Tigers,Wests Tigers
2009,Rd 23,4,Canberra Raiders,St. George Illawarra Dragons,24,12,St. George Illawarra Dragons,St. George Illawarra Dragons,St. George Illawarra Dragons,St. George Illawarra Dragons,Canberra Raiders
2009,Rd 23,5,Parramatta Eels,New Zealand Warriors,40,4,Parramatta Eels,Parramatta Eels,Parramatta Eels,Parramatta Eels,Parramatta Eels
2009,Rd 23,6,Sydney Roosters,Manly Sea Eagles,12,44,Manly Sea Eagles,Manly Sea Eagles,Manly Sea Eagles,Manly Sea Eagles,Manly Sea Eagles
2009,Rd 23,7,NQ Cowboys,Canterbury Bulldogs,12,22,Canterbury Bulldogs,NQ Cowboys,NQ Cowboys,NQ Cowboys,Canterbury Bulldogs
2009,Rd 23,8,South Sydney Rabbitohs,Gold Coast Titans,14,22,Gold Coast Titans,South Sydney Rabbitohs,South Sydney Rabbitohs,South Sydney Rabbitohs,Gold Coast Titans
2009,Rd 24,1,Canterbury Bulldogs,Sydney Roosters,28,4,Canterbury Bulldogs,Canterbury Bulldogs,Canterbury Bulldogs,Canterbury Bulldogs,Canterbury Bulldogs
2009,Rd 24,2,New Zealand Warriors,Canberra Raiders,34,20,Canberra Raiders,Canberra Raiders,New Zealand Warriors,New Zealand Warriors,New Zealand Warriors
2009,Rd 24,3,Melbourne Storm,Manly Sea Eagles,16,20,Melbourne Storm,Manly Sea Eagles,Melbourne Storm,Melbourne Storm,Manly Sea Eagles
2009,Rd 24,4,Gold Coast Titans,Cronulla Sharks,20,10,Gold Coast Titans,Gold Coast Titans,Gold Coast Titans,Gold Coast Titans,Gold Coast Titans
2009,Rd 24,5,Penrith Panthers,South Sydney Rabbitohs,40,10,Penrith Panthers,Penrith Panthers,Penrith Panthers,Penrith Panthers,Penrith Panthers
2009,Rd 24,6,Newcastle Knights,NQ Cowboys,32,26,Newcastle Knights,Newcastle Knights,Newcastle Knights,Newcastle Knights,Newcastle Knights
2009,Rd 24,7,St. George Illawarra Dragons,Brisbane Broncos,2,12,St. George Illawarra Dragons,St. George Illawarra Dragons,St. George Illawarra Dragons,St. George Illawarra Dragons,Brisbane Broncos
2009,Rd 24,8,Wests Tigers,Parramatta Eels,18,26,Wests Tigers,Parramatta Eels,Wests Tigers,Wests Tigers,Parramatta Eels
2009,Rd 25,1,Canberra Raiders,Newcastle Knights,30,14,Newcastle Knights,Canberra Raiders,Canberra Raiders,Canberra Raiders,Canberra Raiders
2009,Rd 25,2,Canterbury Bulldogs,New Zealand Warriors,40,20,Canterbury Bulldogs,Canterbury Bulldogs,Canterbury Bulldogs,Canterbury Bulldogs,Canterbury Bulldogs
2009,Rd 25,3,Manly Sea Eagles,Cronulla Sharks,18,16,Manly Sea Eagles,Manly Sea Eagles,Manly Sea Eagles,Manly Sea Eagles,Manly Sea Eagles
2009,Rd 25,4,Melbourne Storm,Sydney Roosters,38,4,Melbourne Storm,Melbourne Storm,Melbourne Storm,Melbourne Storm,Melbourne Storm
2009,Rd 25,5,South Sydney Rabbitohs,St. George Illawarra Dragons,41,6,St. George Illawarra Dragons,St. George Illawarra Dragons,St. George Illawarra Dragons,St. George Illawarra Dragons,South Sydney Rabbitohs
2009,Rd 25,6,Gold Coast Titans,Wests Tigers,36,24,Gold Coast Titans,Gold Coast Titans,Gold Coast Titans,Gold Coast Titans,Gold Coast Titans
2009,Rd 25,7,NQ Cowboys,Brisbane Broncos,10,16,Brisbane Broncos,Brisbane Broncos,NQ Cowboys,NQ Cowboys,Brisbane Broncos
2009,Rd 25,8,Parramatta Eels,Penrith Panthers,48,6,Penrith Panthers,Parramatta Eels,Parramatta Eels,Parramatta Eels,Parramatta Eels
2009,Rd 26,1,Brisbane Broncos,Canberra Raiders,22,10,Brisbane Broncos,Brisbane Broncos,Brisbane Broncos,Brisbane Broncos,Brisbane Broncos
2009,Rd 26,2,Newcastle Knights,Penrith Panthers,35,0,Newcastle Knights,Newcastle Knights,Newcastle Knights,Newcastle Knights,Newcastle Knights
2009,Rd 26,3,Sydney Roosters,NQ Cowboys,16,32,NQ Cowboys,NQ Cowboys,NQ Cowboys,NQ Cowboys,NQ Cowboys
2009,Rd 26,4,Cronulla Sharks,South Sydney Rabbitohs,24,26,South Sydney Rabbitohs,South Sydney Rabbitohs,South Sydney Rabbitohs,South Sydney Rabbitohs,South Sydney Rabbitohs
2009,Rd 26,5,Manly Sea Eagles,Gold Coast Titans,38,4,Gold Coast Titans,Manly Sea Eagles,Manly Sea Eagles,Manly Sea Eagles,Manly Sea Eagles
2009,Rd 26,6,New Zealand Warriors,Melbourne Storm,0,30,Melbourne Storm,Melbourne Storm,Melbourne Storm,Melbourne Storm,Melbourne Storm
2009,Rd 26,7,St. George Illawarra Dragons,Parramatta Eels,37,0,St. George Illawarra Dragons,St. George Illawarra Dragons,St. George Illawarra Dragons,St. George Illawarra Dragons,St. George Illawarra Dragons
2009,Rd 26,8,Wests Tigers,Canterbury Bulldogs,34,12,Canterbury Bulldogs,Canterbury Bulldogs,Canterbury Bulldogs,Canterbury Bulldogs,Wests Tigers
2010,Rd 1,1,Wests Tigers,Manly Sea Eagles,26,22,Wests Tigers,Wests Tigers,Wests Tigers,Wests Tigers,Wests Tigers
2010,Rd 1,2,South Sydney Rabbitohs,Sydney Roosters,10,36,South Sydney Rabbitohs,South Sydney Rabbitohs,South Sydney Rabbitohs,South Sydney Rabbitohs,Sydney Roosters
2010,Rd 1,3,Gold Coast Titans,New Zealand Warriors,24,18,Gold Coast Titans,Gold Coast Titans,Gold Coast Titans,Gold Coast Titans,Gold Coast Titans
2010,Rd 1,4,Cronulla Sharks,Melbourne Storm,10,14,Cronulla Sharks,Melbourne Storm,Melbourne Storm,Melbourne Storm,Melbourne Storm
2010,Rd 1,5,Penrith Panthers,Canberra Raiders,34,16,Penrith Panthers,Penrith Panthers,Penrith Panthers,Penrith Panthers,Penrith Panthers
2010,Rd 1,6,Canterbury Bulldogs,Newcastle Knights,16,20,Canterbury Bulldogs,Canterbury Bulldogs,Canterbury Bulldogs,Canterbury Bulldogs,Newcastle Knights
2010,Rd 1,7,Brisbane Broncos,NQ Cowboys,30,24,Brisbane Broncos,Brisbane Broncos,Brisbane Broncos,Brisbane Broncos,Brisbane Broncos
2010,Rd 1,8,Parramatta Eels,St. George Illawarra Dragons,12,18,Parramatta Eels,Parramatta Eels,St. George Illawarra Dragons,St. George Illawarra Dragons,St. George Illawarra Dragons
2010,Rd 2,1,Canberra Raiders,Brisbane Broncos,22,14,Brisbane Broncos,Canberra Raiders,Canberra Raiders,Canberra Raiders,Canberra Raiders
2010,Rd 2,2,Sydney Roosters,Wests Tigers,44,32,Sydney Roosters,Wests Tigers,Wests Tigers,Wests Tigers,Sydney Roosters
2010,Rd 2,3,Parramatta Eels,Manly Sea Eagles,24,20,Manly Sea Eagles,Parramatta Eels,Parramatta Eels,Parramatta Eels,Parramatta Eels
2010,Rd 2,4,Newcastle Knights,Melbourne Storm,14,20,Melbourne Storm,Melbourne Storm,Newcastle Knights,Newcastle Knights,Melbourne Storm
2010,Rd 2,5,NQ Cowboys,Penrith Panthers,28,20,Penrith Panthers,NQ Cowboys,NQ Cowboys,NQ Cowboys,NQ Cowboys
2010,Rd 2,6,New Zealand Warriors,Cronulla Sharks,30,16,Cronulla Sharks,New Zealand Warriors,New Zealand Warriors,New Zealand Warriors,New Zealand Warriors
2010,Rd 2,7,South Sydney Rabbitohs,Gold Coast Titans,18,19,Gold Coast Titans,South Sydney Rabbitohs,Gold Coast Titans,Gold Coast Titans,Gold Coast Titans
2010,Rd 2,8,St. George Illawarra Dragons,Canterbury Bulldogs,26,6,St. George Illawarra Dragons,St. George Illawarra Dragons,St. George Illawarra Dragons,St. George Illawarra Dragons,St. George Illawarra Dragons
2010,Rd 3,1,Cronulla Sharks,South Sydney Rabbitohs,8,30,Cronulla Sharks,South Sydney Rabbitohs,South Sydney Rabbitohs,South Sydney Rabbitohs,South Sydney Rabbitohs
2010,Rd 3,2,Canterbury Bulldogs,Sydney Roosters,60,14,Sydney Roosters,Sydney Roosters,Canterbury Bulldogs,Canterbury Bulldogs,Canterbury Bulldogs
2010,Rd 3,3,Brisbane Broncos,New Zealand Warriors,16,48,New Zealand Warriors,Brisbane Broncos,Brisbane Broncos,Brisbane Broncos,New Zealand Warriors
2010,Rd 3,4,Gold Coast Titans,Canberra Raiders,24,4,Gold Coast Titans,Gold Coast Titans,Gold Coast Titans,Gold Coast Titans,Gold Coast Titans
2010,Rd 3,5,Manly Sea Eagles,Newcastle Knights,36,12,Newcastle Knights,Manly Sea Eagles,Manly Sea Eagles,Manly Sea Eagles,Manly Sea Eagles
2010,Rd 3,6,Penrith Panthers,Melbourne Storm,10,16,Melbourne Storm,Melbourne Storm,Melbourne Storm,Melbourne Storm,Melbourne Storm
2010,Rd 3,7,St. George Illawarra Dragons,NQ Cowboys,33,8,St. George Illawarra Dragons,St. George Illawarra Dragons,St. George Illawarra Dragons,St. George Illawarra Dragons,St. George Illawarra Dragons
2010,Rd 3,8,Wests Tigers,Parramatta Eels,23,12,Parramatta Eels,Parramatta Eels,Wests Tigers,Wests Tigers,Wests Tigers
2010,Rd 4,1,South Sydney Rabbitohs,Canterbury Bulldogs,38,16,Canterbury Bulldogs,Canterbury Bulldogs,Canterbury Bulldogs,Canterbury Bulldogs,South Sydney Rabbitohs
2010,Rd 4,2,Newcastle Knights,Penrith Panthers,30,34,Penrith Panthers,Newcastle Knights,Newcastle Knights,Newcastle Knights,Penrith Panthers
2010,Rd 4,3,Canberra Raiders,Wests Tigers,22,35,Wests Tigers,Wests Tigers,Wests Tigers,Wests Tigers,Wests Tigers
2010,Rd 4,4,New Zealand Warriors,Manly Sea Eagles,6,14,New Zealand Warriors,Manly Sea Eagles,New Zealand Warriors,New Zealand Warriors,Manly Sea Eagles
2010,Rd 4,5,NQ Cowboys,Gold Coast Titans,32,18,Gold Coast Titans,NQ Cowboys,NQ Cowboys,NQ Cowboys,NQ Cowboys
2010,Rd 4,6,Cronulla Sharks,Parramatta Eels,11,0,Parramatta Eels,Parramatta Eels,Parramatta Eels,Parramatta Eels,Cronulla Sharks
2010,Rd 4,7,Sydney Roosters,Brisbane Broncos,25,6,Sydney Roosters,Sydney Roosters,Sydney Roosters,Sydney Roosters,Sydney Roosters
2010,Rd 4,8,Melbourne Storm,St. George Illawarra Dragons,17,4,St. George Illawarra Dragons,Melbourne Storm,St. George Illawarra Dragons,St. George Illawarra Dragons,Melbourne Storm
2010,Rd 5,1,Parramatta Eels,Canberra Raiders,14,24,Parramatta Eels,Parramatta Eels,Parramatta Eels,Parramatta Eels,Canberra Raiders
2010,Rd 5,2,Penrith Panthers,Sydney Roosters,28,6,Sydney Roosters,Penrith Panthers,Penrith Panthers,Penrith Panthers,Penrith Panthers
2010,Rd 5,3,Manly Sea Eagles,Cronulla Sharks,40,12,Manly Sea Eagles,Manly Sea Eagles,Manly Sea Eagles,Manly Sea Eagles,Manly Sea Eagles
2010,Rd 5,4,Canterbury Bulldogs,New Zealand Warriors,24,30,New Zealand Warriors,Canterbury Bulldogs,Canterbury Bulldogs,Canterbury Bulldogs,New Zealand Warriors
2010,Rd 5,5,NQ Cowboys,Wests Tigers,16,23,Wests Tigers,NQ Cowboys,NQ Cowboys,NQ Cowboys,Wests Tigers
2010,Rd 5,6,South Sydney Rabbitohs,Newcastle Knights,28,10,South Sydney Rabbitohs,South Sydney Rabbitohs,South Sydney Rabbitohs,South Sydney Rabbitohs,South Sydney Rabbitohs
2010,Rd 5,7,Gold Coast Titans,Melbourne Storm,20,16,Melbourne Storm,Melbourne Storm,Gold Coast Titans,Gold Coast Titans,Gold Coast Titans
2010,Rd 5,8,St. George Illawarra Dragons,Brisbane Broncos,34,16,St. George Illawarra Dragons,St. George Illawarra Dragons,St. George Illawarra Dragons,St. George Illawarra Dragons,St. George Illawarra Dragons
2010,Rd 6,1,Melbourne Storm,Manly Sea Eagles,16,18,Melbourne Storm,Melbourne Storm,Melbourne Storm,Melbourne Storm,Manly Sea Eagles
2010,Rd 6,2,Parramatta Eels,South Sydney Rabbitohs,22,8,South Sydney Rabbitohs,South Sydney Rabbitohs,South Sydney Rabbitohs,South Sydney Rabbitohs,Parramatta Eels
2010,Rd 6,3,Brisbane Broncos,Cronulla Sharks,44,16,Cronulla Sharks,Brisbane Broncos,Brisbane Broncos,Brisbane Broncos,Brisbane Broncos
2010,Rd 6,4,New Zealand Warriors,Penrith Panthers,12,40,New Zealand Warriors,New Zealand Warriors,New Zealand Warriors,New Zealand Warriors,Penrith Panthers
2010,Rd 6,5,Sydney Roosters,Canberra Raiders,36,6,Sydney Roosters,Sydney Roosters,Sydney Roosters,Sydney Roosters,Sydney Roosters
2010,Rd 6,6,Newcastle Knights,NQ Cowboys,36,18,NQ Cowboys,Newcastle Knights,Newcastle Knights,Newcastle Knights,Newcastle Knights
2010,Rd 6,7,Gold Coast Titans,St. George Illawarra Dragons,6,19,St. George Illawarra Dragons,St. George Illawarra Dragons,St. George Illawarra Dragons,St. George Illawarra Dragons,St. George Illawarra Dragons
2010,Rd 6,8,Wests Tigers,Canterbury Bulldogs,4,24,Wests Tigers,Wests Tigers,Wests Tigers,Wests Tigers,Canterbury Bulldogs
2010,Rd 7,1,Manly Sea Eagles,Gold Coast Titans,22,24,Manly Sea Eagles,Manly Sea Eagles,Manly Sea Eagles,Manly Sea Eagles,Gold Coast Titans
2010,Rd 7,2,Melbourne Storm,New Zealand Warriors,40,6,Melbourne Storm,Melbourne Storm,Melbourne Storm,Melbourne Storm,Melbourne Storm
2010,Rd 7,3,St. George Illawarra Dragons,Sydney Roosters,28,6,St. George Illawarra Dragons,St. George Illawarra Dragons,St. George Illawarra Dragons,St. George Illawarra Dragons,St. George Illawarra Dragons
2010,Rd 7,4,Canberra Raiders,South Sydney Rabbitohs,24,26,South Sydney Rabbitohs,Canberra Raiders,South Sydney Rabbitohs,South Sydney Rabbitohs,South Sydney Rabbitohs
2010,Rd 7,5,Cronulla Sharks,Newcastle Knights,26,6,Newcastle Knights,Newcastle Knights,Newcastle Knights,Newcastle Knights,Cronulla Sharks
2010,Rd 7,6,Penrith Panthers,Wests Tigers,26,18,Penrith Panthers,Penrith Panthers,Penrith Panthers,Penrith Panthers,Penrith Panthers
2010,Rd 7,7,Canterbury Bulldogs,Brisbane Broncos,36,18,Canterbury Bulldogs,Canterbury Bulldogs,Canterbury Bulldogs,Canterbury Bulldogs,Canterbury Bulldogs
2010,Rd 7,8,NQ Cowboys,Parramatta Eels,18,24,Parramatta Eels,Parramatta Eels,NQ Cowboys,NQ Cowboys,Parramatta Eels
2010,Rd 8,1,South Sydney Rabbitohs,Manly Sea Eagles,22,30,Manly Sea Eagles,Manly Sea Eagles,South Sydney Rabbitohs,South Sydney Rabbitohs,Manly Sea Eagles
2010,Rd 8,2,Wests Tigers,Sydney Roosters,8,12,Sydney Roosters,Wests Tigers,Wests Tigers,Wests Tigers,Sydney Roosters
2010,Rd 8,3,NQ Cowboys,Melbourne Storm,6,34,Melbourne Storm,Melbourne Storm,Melbourne Storm,Melbourne Storm,Melbourne Storm
2010,Rd 8,4,St. George Illawarra Dragons,Cronulla Sharks,38,0,St. George Illawarra Dragons,St. George Illawarra Dragons,St. George Illawarra Dragons,St. George Illawarra Dragons,St. George Illawarra Dragons
2010,Rd 8,5,Gold Coast Titans,Penrith Panthers,38,24,Penrith Panthers,Gold Coast Titans,Gold Coast Titans,Gold Coast Titans,Gold Coast Titans
2010,Rd 8,6,New Zealand Warriors,Canberra Raiders,16,23,New Zealand Warriors,New Zealand Warriors,New Zealand Warriors,New Zealand Warriors,Canberra Raiders
2010,Rd 8,7,Brisbane Broncos,Newcastle Knights,22,30,Newcastle Knights,Brisbane Broncos,Brisbane Broncos,Brisbane Broncos,Newcastle Knights
2010,Rd 8,8,Parramatta Eels,Canterbury Bulldogs,26,10,Canterbury Bulldogs,Parramatta Eels,Canterbury Bulldogs,Canterbury Bulldogs,Parramatta Eels
2010,Rd 9,1,Sydney Roosters,NQ Cowboys,14,32,Sydney Roosters,Sydney Roosters,Sydney Roosters,Sydney Roosters,NQ Cowboys
2010,Rd 9,2,Melbourne Storm,Brisbane Broncos,14,36,Melbourne Storm,Melbourne Storm,Melbourne Storm,Melbourne Storm,Brisbane Broncos
2010,Rd 9,3,Newcastle Knights,Gold Coast Titans,36,38,Gold Coast Titans,Gold Coast Titans,Gold Coast Titans,Gold Coast Titans,Gold Coast Titans
2010,Rd 9,4,Manly Sea Eagles,St. George Illawarra Dragons,24,6,St. George Illawarra Dragons,St. George Illawarra Dragons,St. George Illawarra Dragons,St. George Illawarra Dragons,Manly Sea Eagles
2010,Rd 10,1,Manly Sea Eagles,Parramatta Eels,12,19,Manly Sea Eagles,Manly Sea Eagles,Manly Sea Eagles,Manly Sea Eagles,Parramatta Eels
2010,Rd 10,2,Cronulla Sharks,Penrith Panthers,14,34,Penrith Panthers,Penrith Panthers,Penrith Panthers,Penrith Panthers,Penrith Panthers
2010,Rd 10,3,Wests Tigers,South Sydney Rabbitohs,10,50,South Sydney Rabbitohs,Wests Tigers,Wests Tigers,Wests Tigers,South Sydney Rabbitohs
2010,Rd 10,4,Canberra Raiders,Melbourne Storm,6,17,Melbourne Storm,Melbourne Storm,Melbourne Storm,Melbourne Storm,Melbourne Storm
2010,Rd 10,5,Sydney Roosters,Newcastle Knights,18,34,Sydney Roosters,Sydney Roosters,Sydney Roosters,Sydney Roosters,Newcastle Knights
2010,Rd 10,6,New Zealand Warriors,NQ Cowboys,24,12,New Zealand Warriors,New Zealand Warriors,New Zealand Warriors,New Zealand Warriors,New Zealand Warriors
2010,Rd 10,7,Brisbane Broncos,Gold Coast Titans,28,6,Gold Coast Titans,Brisbane Broncos,Gold Coast Titans,Gold Coast Titans,Brisbane Broncos
2010,Rd 10,8,Canterbury Bulldogs,St. George Illawarra Dragons,6,19,St. George Illawarra Dragons,St. George Illawarra Dragons,St. George Illawarra Dragons,St. George Illawarra Dragons,St. George Illawarra Dragons
2010,Rd 11,1,Penrith Panthers,Canterbury Bulldogs,31,16,Penrith Panthers,Penrith Panthers,Penrith Panthers,Penrith Panthers,Penrith Panthers
2010,Rd 11,2,St. George Illawarra Dragons,Canberra Raiders,14,22,St. George Illawarra Dragons,St. George Illawarra Dragons,St. George Illawarra Dragons,St. George Illawarra Dragons,Canberra Raiders
2010,Rd 11,3,New Zealand Warriors,South Sydney Rabbitohs,26,24,South Sydney Rabbitohs,New Zealand Warriors,South Sydney Rabbitohs,South Sydney Rabbitohs,New Zealand Warriors
2010,Rd 11,4,Parramatta Eels,Cronulla Sharks,18,22,Parramatta Eels,Parramatta Eels,Parramatta Eels,Parramatta Eels,Cronulla Sharks
2010,Rd 11,5,Newcastle Knights,Wests Tigers,6,23,Wests Tigers,Wests Tigers,Newcastle Knights,Newcastle Knights,Wests Tigers
2010,Rd 12,1,Gold Coast Titans,Sydney Roosters,16,30,Gold Coast Titans,Gold Coast Titans,Gold Coast Titans,Gold Coast Titans,Sydney Roosters
2010,Rd 12,2,South Sydney Rabbitohs,Penrith Panthers,42,22,Penrith Panthers,Penrith Panthers,South Sydney Rabbitohs,South Sydney Rabbitohs,South Sydney Rabbitohs
2010,Rd 12,3,Melbourne Storm,Canterbury Bulldogs,23,12,Melbourne Storm,Melbourne Storm,Melbourne Storm,Melbourne Storm,Melbourne Storm
2010,Rd 12,4,NQ Cowboys,Manly Sea Eagles,20,24,Manly Sea Eagles,Manly Sea Eagles,Manly Sea Eagles,Manly Sea Eagles,Manly Sea Eagles
2010,Rd 12,5,Cronulla Sharks,Brisbane Broncos,4,20,Brisbane Broncos,Brisbane Broncos,Brisbane Broncos,Brisbane Broncos,Brisbane Broncos
2010,Rd 12,6,St. George Illawarra Dragons,Parramatta Eels,30,0,St. George Illawarra Dragons,St. George Illawarra Dragons,St. George Illawarra Dragons,St. George Illawarra Dragons,St. George Illawarra Dragons
2010,Rd 12,7,Wests Tigers,New Zealand Warriors,50,6,New Zealand Warriors,Wests Tigers,Wests Tigers,Wests Tigers,Wests Tigers
2010,Rd 13,1,South Sydney Rabbitohs,NQ Cowboys,32,4,South Sydney Rabbitohs,South Sydney Rabbitohs,South Sydney Rabbitohs,South Sydney Rabbitohs,South Sydney Rabbitohs
2010,Rd 13,2,Manly Sea Eagles,Brisbane Broncos,6,22,Manly Sea Eagles,Manly Sea Eagles,Manly Sea Eagles,Manly Sea Eagles,Brisbane Broncos
2010,Rd 13,3,Canberra Raiders,Gold Coast Titans,28,24,Gold Coast Titans,Canberra Raiders,Gold Coast Titans,Gold Coast Titans,Canberra Raiders
2010,Rd 13,4,New Zealand Warriors,St. George Illawarra Dragons,20,22,St. George Illawarra Dragons,St. George Illawarra Dragons,St. George Illawarra Dragons,St. George Illawarra Dragons,St. George Illawarra Dragons
2010,Rd 13,5,Sydney Roosters,Cronulla Sharks,18,42,Sydney Roosters,Sydney Roosters,Sydney Roosters,Sydney Roosters,Cronulla Sharks
2010,Rd 13,6,Penrith Panthers,Newcastle Knights,28,10,Penrith Panthers,Penrith Panthers,Penrith Panthers,Penrith Panthers,Penrith Panthers
2010,Rd 13,7,Canterbury Bulldogs,Wests Tigers,12,19,Wests Tigers,Wests Tigers,Canterbury Bulldogs,Canterbury Bulldogs,Wests Tigers
2010,Rd 13,8,Parramatta Eels,Melbourne Storm,24,10,Melbourne Storm,Melbourne Storm,Melbourne Storm,Melbourne Storm,Parramatta Eels
2010,Rd 14,1,Melbourne Storm,Sydney Roosters,6,38,Melbourne Storm,Sydney Roosters,Melbourne Storm,Melbourne Storm,Sydney Roosters
2010,Rd 14,2,Brisbane Broncos,South Sydney Rabbitohs,50,22,South Sydney Rabbitohs,Brisbane Broncos,Brisbane Broncos,Brisbane Broncos,Brisbane Broncos
2010,Rd 14,3,Newcastle Knights,New Zealand Warriors,24,32,New Zealand Warriors,Newcastle Knights,Newcastle Knights,Newcastle Knights,New Zealand Warriors
2010,Rd 14,4,NQ Cowboys,Canberra Raiders,16,8,Canberra Raiders,Canberra Raiders,NQ Cowboys,NQ Cowboys,NQ Cowboys
2010,Rd 14,5,Gold Coast Titans,Manly Sea Eagles,28,14,Manly Sea Eagles,Gold Coast Titans,Gold Coast Titans,Gold Coast Titans,Gold Coast Titans
2010,Rd 15,1,Newcastle Knights,Parramatta Eels,6,4,Parramatta Eels,Parramatta Eels,Newcastle Knights,Newcastle Knights,Newcastle Knights
2010,Rd 15,2,Wests Tigers,Canberra Raiders,18,8,Wests Tigers,Wests Tigers,Wests Tigers,Wests Tigers,Wests Tigers
2010,Rd 15,3,Cronulla Sharks,St. George Illawarra Dragons,4,22,St. George Illawarra Dragons,St. George Illawarra Dragons,St. George Illawarra Dragons,St. George Illawarra Dragons,St. George Illawarra Dragons
2010,Rd 15,4,Manly Sea Eagles,South Sydney Rabbitohs,26,25,South Sydney Rabbitohs,Manly Sea Eagles,Manly Sea Eagles,Manly Sea Eagles,Manly Sea Eagles
2010,Rd 15,5,Melbourne Storm,NQ Cowboys,58,12,Melbourne Storm,Melbourne Storm,Melbourne Storm,Melbourne Storm,Melbourne Storm
2010,Rd 15,6,Canterbury Bulldogs,Gold Coast Titans,24,25,Gold Coast Titans,Gold Coast Titans,Canterbury Bulldogs,Canterbury Bulldogs,Gold Coast Titans
2010,Rd 15,7,Brisbane Broncos,Penrith Panthers,12,22,Penrith Panthers,Brisbane Broncos,Brisbane Broncos,Brisbane Broncos,Penrith Panthers
2010,Rd 16,1,Canberra Raiders,Canterbury Bulldogs,10,18,Canberra Raiders,Canberra Raiders,Canterbury Bulldogs,Canterbury Bulldogs,Canterbury Bulldogs
2010,Rd 16,2,Gold Coast Titans,Newcastle Knights,16,24,Gold Coast Titans,Gold Coast Titans,Gold Coast Titans,Gold Coast Titans,Newcastle Knights
2010,Rd 16,3,Sydney Roosters,New Zealand Warriors,18,20,Sydney Roosters,Sydney Roosters,Sydney Roosters,Sydney Roosters,New Zealand Warriors
2010,Rd 16,4,South Sydney Rabbitohs,Melbourne Storm,16,14,Melbourne Storm,Melbourne Storm,South Sydney Rabbitohs,South Sydney Rabbitohs,South Sydney Rabbitohs
2010,Rd 16,5,NQ Cowboys,Cronulla Sharks,19,20,Cronulla Sharks,NQ Cowboys,NQ Cowboys,NQ Cowboys,Cronulla Sharks
2010,Rd 16,6,Parramatta Eels,Brisbane Broncos,6,10,Brisbane Broncos,Parramatta Eels,Parramatta Eels,Parramatta Eels,Brisbane Broncos
2010,Rd 16,7,Penrith Panthers,Manly Sea Eagles,40,22,Penrith Panthers,Penrith Panthers,Penrith Panthers,Penrith Panthers,Penrith Panthers
2010,Rd 16,8,St. George Illawarra Dragons,Wests Tigers,34,10,St. George Illawarra Dragons,St. George Illawarra Dragons,St. George Illawarra Dragons,St. George Illawarra Dragons,St. George Illawarra Dragons
2010,Rd 17,1,St. George Illawarra Dragons,Penrith Panthers,8,12,St. George Illawarra Dragons,St. George Illawarra Dragons,St. George Illawarra Dragons,St. George Illawarra Dragons,Penrith Panthers
2010,Rd 17,2,Canberra Raiders,Sydney Roosters,12,22,Sydney Roosters,Canberra Raiders,Canberra Raiders,Canberra Raiders,Sydney Roosters
2010,Rd 17,3,New Zealand Warriors,Parramatta Eels,35,6,New Zealand Warriors,New Zealand Warriors,New Zealand Warriors,New Zealand Warriors,New Zealand Warriors
2010,Rd 17,4,Cronulla Sharks,Canterbury Bulldogs,12,24,Cronulla Sharks,Canterbury Bulldogs,Canterbury Bulldogs,Canterbury Bulldogs,Canterbury Bulldogs
2010,Rd 17,5,Brisbane Broncos,Wests Tigers,14,16,Wests Tigers,Wests Tigers,Brisbane Broncos,Brisbane Broncos,Wests Tigers
2010,Rd 18,1,Parramatta Eels,NQ Cowboys,36,24,Parramatta Eels,Parramatta Eels,Parramatta Eels,Parramatta Eels,Parramatta Eels
2010,Rd 18,2,Penrith Panthers,New Zealand Warriors,6,12,Penrith Panthers,Penrith Panthers,Penrith Panthers,Penrith Panthers,New Zealand Warriors
2010,Rd 18,3,Newcastle Knights,Cronulla Sharks,21,10,Newcastle Knights,Newcastle Knights,Newcastle Knights,Newcastle Knights,Newcastle Knights
2010,Rd 18,4,Canterbury Bulldogs,Melbourne Storm,20,18,Melbourne Storm,Canterbury Bulldogs,Canterbury Bulldogs,Canterbury Bulldogs,Canterbury Bulldogs
2010,Rd 18,5,Manly Sea Eagles,Canberra Raiders,22,24,Manly Sea Eagles,Manly Sea Eagles,Manly Sea Eagles,Manly Sea Eagles,Canberra Raiders
2010,Rd 18,6,Sydney Roosters,South Sydney Rabbitohs,18,14,South Sydney Rabbitohs,South Sydney Rabbitohs,South Sydney Rabbitohs,South Sydney Rabbitohs,Sydney Roosters
2010,Rd 18,7,Wests Tigers,Gold Coast Titans,15,14,Wests Tigers,Wests Tigers,Wests Tigers,Wests Tigers,Wests Tigers
2010,Rd 19,1,Wests Tigers,NQ Cowboys,26,16,Wests Tigers,Wests Tigers,Wests Tigers,Wests Tigers,Wests Tigers
2010,Rd 19,2,Sydney Roosters,Canterbury Bulldogs,36,32,Sydney Roosters,Sydney Roosters,Canterbury Bulldogs,Canterbury Bulldogs,Sydney Roosters
2010,Rd 19,3,Canberra Raiders,Newcastle Knights,52,18,Newcastle Knights,Canberra Raiders,Canberra Raiders,Canberra Raiders,Canberra Raiders
2010,Rd 19,4,Cronulla Sharks,Manly Sea Eagles,18,48,Manly Sea Eagles,Manly Sea Eagles,Manly Sea Eagles,Manly Sea Eagles,Manly Sea Eagles
2010,Rd 19,5,Penrith Panthers,Parramatta Eels,28,34,Penrith Panthers,Penrith Panthers,Penrith Panthers,Penrith Panthers,Parramatta Eels
2010,Rd 19,6,New Zealand Warriors,Melbourne Storm,13,6,Melbourne Storm,New Zealand Warriors,Melbourne Storm,Melbourne Storm,New Zealand Warriors
2010,Rd 19,7,Gold Coast Titans,Brisbane Broncos,10,24,Gold Coast Titans,Brisbane Broncos,Gold Coast Titans,Gold Coast Titans,Brisbane Broncos
2010,Rd 19,8,South Sydney Rabbitohs,St. George Illawarra Dragons,13,16,St. George Illawarra Dragons,St. George Illawarra Dragons,St. George Illawarra Dragons,St. George Illawarra Dragons,St. George Illawarra Dragons
2010,Rd 20,1,Brisbane Broncos,Sydney Roosters,30,34,Sydney Roosters,Brisbane Broncos,Brisbane Broncos,Brisbane Broncos,Sydney Roosters
2010,Rd 20,2,Manly Sea Eagles,Wests Tigers,38,20,Wests Tigers,Manly Sea Eagles,Manly Sea Eagles,Manly Sea Eagles,Manly Sea Eagles
2010,Rd 20,3,South Sydney Rabbitohs,New Zealand Warriors,38,28,New Zealand Warriors,South Sydney Rabbitohs,South Sydney Rabbitohs,South Sydney Rabbitohs,South Sydney Rabbitohs
2010,Rd 20,4,Melbourne Storm,Penrith Panthers,18,10,Penrith Panthers,Melbourne Storm,Melbourne Storm,Melbourne Storm,Melbourne Storm
2010,Rd 20,5,NQ Cowboys,Newcastle Knights,28,24,Newcastle Knights,NQ Cowboys,NQ Cowboys,NQ Cowboys,NQ Cowboys
2010,Rd 20,6,Canberra Raiders,Cronulla Sharks,20,13,Canberra Raiders,Canberra Raiders,Canberra Raiders,Canberra Raiders,Canberra Raiders
2010,Rd 20,7,Canterbury Bulldogs,Parramatta Eels,16,32,Parramatta Eels,Parramatta Eels,Canterbury Bulldogs,Canterbury Bulldogs,Parramatta Eels
2010,Rd 20,8,St. George Illawarra Dragons,Gold Coast Titans,10,11,St. George Illawarra Dragons,St. George Illawarra Dragons,St. George Illawarra Dragons,St. George Illawarra Dragons,Gold Coast Titans
2010,Rd 21,1,Newcastle Knights,Manly Sea Eagles,32,14,Manly Sea Eagles,Manly Sea Eagles,Manly Sea Eagles,Manly Sea Eagles,Newcastle Knights
2010,Rd 21,2,Brisbane Broncos,St. George Illawarra Dragons,10,6,St. George Illawarra Dragons,St. George Illawarra Dragons,St. George Illawarra Dragons,St. George Illawarra Dragons,Brisbane Broncos
2010,Rd 21,3,Melbourne Storm,Canberra Raiders,36,12,Melbourne Storm,Melbourne Storm,Melbourne Storm,Melbourne Storm,Melbourne Storm
2010,Rd 21,4,New Zealand Warriors,Gold Coast Titans,20,28,New Zealand Warriors,New Zealand Warriors,New Zealand Warriors,New Zealand Warriors,Gold Coast Titans
2010,Rd 21,5,Wests Tigers,Cronulla Sharks,24,22,Wests Tigers,Wests Tigers,Wests Tigers,Wests Tigers,Wests Tigers
2010,Rd 21,6,Parramatta Eels,Sydney Roosters,12,48,Sydney Roosters,Parramatta Eels,Parramatta Eels,Parramatta Eels,Sydney Roosters
2010,Rd 21,7,Canterbury Bulldogs,South Sydney Rabbitohs,32,12,South Sydney Rabbitohs,South Sydney Rabbitohs,Canterbury Bulldogs,Canterbury Bulldogs,Canterbury Bulldogs
2010,Rd 21,8,Penrith Panthers,NQ Cowboys,24,16,Penrith Panthers,Penrith Panthers,Penrith Panthers,Penrith Panthers,Penrith Panthers
2010,Rd 22,1,Canberra Raiders,Penrith Panthers,30,26,Penrith Panthers,Canberra Raiders,Penrith Panthers,Penrith Panthers,Canberra Raiders
2010,Rd 22,2,Sydney Roosters,St. George Illawarra Dragons,12,19,St. George Illawarra Dragons,St. George Illawarra Dragons,St. George Illawarra Dragons,St. George Illawarra Dragons,St. George Illawarra Dragons
2010,Rd 22,3,Newcastle Knights,Canterbury Bulldogs,30,6,Newcastle Knights,Canterbury Bulldogs,Newcastle Knights,Newcastle Knights,Newcastle Knights
2010,Rd 22,4,Cronulla Sharks,New Zealand Warriors,10,37,New Zealand Warriors,New Zealand Warriors,New Zealand Warriors,New Zealand Warriors,New Zealand Warriors
2010,Rd 22,5,South Sydney Rabbitohs,Wests Tigers,34,30,Wests Tigers,Wests Tigers,South Sydney Rabbitohs,South Sydney Rabbitohs,South Sydney Rabbitohs
2010,Rd 22,6,Manly Sea Eagles,Melbourne Storm,26,6,Melbourne Storm,Manly Sea Eagles,Manly Sea Eagles,Manly Sea Eagles,Manly Sea Eagles
2010,Rd 22,7,Gold Coast Titans,Parramatta Eels,34,12,Gold Coast Titans,Gold Coast Titans,Gold Coast Titans,Gold Coast Titans,Gold Coast Titans
2010,Rd 22,8,NQ Cowboys,Brisbane Broncos,26,34,Brisbane Broncos,Brisbane Broncos,Brisbane Broncos,Brisbane Broncos,Brisbane Broncos
2010,Rd 23,1,St. George Illawarra Dragons,Manly Sea Eagles,32,10,St. George Illawarra Dragons,St. George Illawarra Dragons,St. George Illawarra Dragons,St. George Illawarra Dragons,St. George Illawarra Dragons
2010,Rd 23,2,Wests Tigers,Penrith Panthers,43,18,Penrith Panthers,Penrith Panthers,Wests Tigers,Wests Tigers,Wests Tigers
2010,Rd 23,3,Melbourne Storm,South Sydney Rabbitohs,18,16,Melbourne Storm,Melbourne Storm,Melbourne Storm,Melbourne Storm,Melbourne Storm
2010,Rd 23,4,New Zealand Warriors,Newcastle Knights,22,10,New Zealand Warriors,New Zealand Warriors,New Zealand Warriors,New Zealand Warriors,New Zealand Warriors
2010,Rd 23,5,Canterbury Bulldogs,Canberra Raiders,14,28,Canberra Raiders,Canterbury Bulldogs,Canterbury Bulldogs,Canterbury Bulldogs,Canberra Raiders
2010,Rd 23,6,Gold Coast Titans,NQ Cowboys,37,18,Gold Coast Titans,Gold Coast Titans,Gold Coast Titans,Gold Coast Titans,Gold Coast Titans
2010,Rd 23,7,Brisbane Broncos,Parramatta Eels,14,30,Brisbane Broncos,Brisbane Broncos,Brisbane Broncos,Brisbane Broncos,Parramatta Eels
2010,Rd 23,8,Cronulla Sharks,Sydney Roosters,18,12,Sydney Roosters,Sydney Roosters,Sydney Roosters,Sydney Roosters,Cronulla Sharks
2010,Rd 24,1,Sydney Roosters,Gold Coast Titans,14,23,Gold Coast Titans,Sydney Roosters,Gold Coast Titans,Gold Coast Titans,Gold Coast Titans
2010,Rd 24,2,Parramatta Eels,Wests Tigers,18,20,Wests Tigers,Parramatta Eels,Parramatta Eels,Parramatta Eels,Wests Tigers
2010,Rd 24,3,Canberra Raiders,St. George Illawarra Dragons,32,16,St. George Illawarra Dragons,St. George Illawarra Dragons,St. George Illawarra Dragons,St. George Illawarra Dragons,Canberra Raiders
2010,Rd 24,4,Melbourne Storm,Cronulla Sharks,24,4,Melbourne Storm,Melbourne Storm,Melbourne Storm,Melbourne Storm,Melbourne Storm
2010,Rd 24,5,NQ Cowboys,Canterbury Bulldogs,20,22,Canterbury Bulldogs,Canterbury Bulldogs,Canterbury Bulldogs,Canterbury Bulldogs,Canterbury Bulldogs
2010,Rd 24,6,Manly Sea Eagles,New Zealand Warriors,19,16,New Zealand Warriors,Manly Sea Eagles,Manly Sea Eagles,Manly Sea Eagles,Manly Sea Eagles
2010,Rd 24,7,Newcastle Knights,Brisbane Broncos,44,18,Brisbane Broncos,Brisbane Broncos,Newcastle Knights,Newcastle Knights,Newcastle Knights
2010,Rd 24,8,Penrith Panthers,South Sydney Rabbitohs,54,18,Penrith Panthers,Penrith Panthers,Penrith Panthers,Penrith Panthers,Penrith Panthers
2010,Rd 25,1,Canterbury Bulldogs,Penrith Panthers,18,24,Penrith Panthers,Penrith Panthers,Canterbury Bulldogs,Canterbury Bulldogs,Penrith Panthers
2010,Rd 25,2,Sydney Roosters,Manly Sea Eagles,30,14,Manly Sea Eagles,Sydney Roosters,Manly Sea Eagles,Manly Sea Eagles,Sydney Roosters
2010,Rd 25,3,Wests Tigers,Melbourne Storm,26,14,Wests Tigers,Wests Tigers,Wests Tigers,Wests Tigers,Wests Tigers
2010,Rd 25,4,Canberra Raiders,NQ Cowboys,48,4,Canberra Raiders,Canberra Raiders,Canberra Raiders,Canberra Raiders,Canberra Raiders
2010,Rd 25,5,Newcastle Knights,St. George Illawarra Dragons,18,26,St. George Illawarra Dragons,St. George Illawarra Dragons,St. George Illawarra Dragons,St. George Illawarra Dragons,St. George Illawarra Dragons
2010,Rd 25,6,Cronulla Sharks,Gold Coast Titans,30,16,Gold Coast Titans,Gold Coast Titans,Gold Coast Titans,Gold Coast Titans,Cronulla Sharks
2010,Rd 25,7,South Sydney Rabbitohs,Parramatta Eels,24,16,South Sydney Rabbitohs,Parramatta Eels,South Sydney Rabbitohs,South Sydney Rabbitohs,South Sydney Rabbitohs
2010,Rd 25,8,New Zealand Warriors,Brisbane Broncos,36,4,New Zealand Warriors,New Zealand Warriors,New Zealand Warriors,New Zealand Warriors,New Zealand Warriors
2010,Rd 26,1,St. George Illawarra Dragons,South Sydney Rabbitohs,38,24,St. George Illawarra Dragons,St. George Illawarra Dragons,St. George Illawarra Dragons,St. George Illawarra Dragons,St. George Illawarra Dragons
2010,Rd 26,2,Manly Sea Eagles,Canterbury Bulldogs,24,30,Manly Sea Eagles,Manly Sea Eagles,Manly Sea Eagles,Manly Sea Eagles,Canterbury Bulldogs
2010,Rd 26,3,Melbourne Storm,Newcastle Knights,34,4,Melbourne Storm,Melbourne Storm,Melbourne Storm,Melbourne Storm,Melbourne Storm
2010,Rd 26,4,NQ Cowboys,Sydney Roosters,8,18,Sydney Roosters,Sydney Roosters,Sydney Roosters,Sydney Roosters,Sydney Roosters
2010,Rd 26,5,Penrith Panthers,Cronulla Sharks,50,12,Penrith Panthers,Penrith Panthers,Penrith Panthers,Penrith Panthers,Penrith Panthers
2010,Rd 26,6,Parramatta Eels,New Zealand Warriors,12,26,New Zealand Warriors,Parramatta Eels,Parramatta Eels,Parramatta Eels,New Zealand Warriors
2010,Rd 26,7,Brisbane Broncos,Canberra Raiders,16,18,Canberra Raiders,Canberra Raiders,Brisbane Broncos,Brisbane Broncos,Canberra Raiders
2010,Rd 26,8,Gold Coast Titans,Wests Tigers,21,18,Wests Tigers,Gold Coast Titans,Gold Coast Titans,Gold Coast Titans,Gold Coast Titans
2011,Rd 1,1,Canterbury Bulldogs,Wests Tigers,24,14,Canterbury Bulldogs,Wests Tigers,Canterbury Bulldogs,Canterbury Bulldogs,Canterbury Bulldogs
2011,Rd 1,2,Penrith Panthers,Newcastle Knights,8,42,Penrith Panthers,Penrith Panthers,Penrith Panthers,Penrith Panthers,Newcastle Knights
2011,Rd 1,3,Canberra Raiders,Cronulla Sharks,40,12,Canberra Raiders,Canberra Raiders,Canberra Raiders,Canberra Raiders,Canberra Raiders
2011,Rd 1,4,Gold Coast Titans,St. George Illawarra Dragons,16,25,Gold Coast Titans,St. George Illawarra Dragons,St. George Illawarra Dragons,St. George Illawarra Dragons,St. George Illawarra Dragons
2011,Rd 1,5,Melbourne Storm,Manly Sea Eagles,18,6,Melbourne Storm,Melbourne Storm,Melbourne Storm,Melbourne Storm,Melbourne Storm
2011,Rd 1,6,New Zealand Warriors,Parramatta Eels,18,24,New Zealand Warriors,New Zealand Warriors,New Zealand Warriors,New Zealand Warriors,Parramatta Eels
2011,Rd 1,7,Brisbane Broncos,NQ Cowboys,14,16,Brisbane Broncos,Brisbane Broncos,Brisbane Broncos,Brisbane Broncos,NQ Cowboys
2011,Rd 1,8,Sydney Roosters,South Sydney Rabbitohs,40,29,Sydney Roosters,Sydney Roosters,Sydney Roosters,Sydney Roosters,Sydney Roosters
2011,Rd 2,1,Cronulla Sharks,St. George Illawarra Dragons,16,10,St. George Illawarra Dragons,St. George Illawarra Dragons,St. George Illawarra Dragons,St. George Illawarra Dragons,Cronulla Sharks
2011,Rd 2,2,Sydney Roosters,Manly Sea Eagles,16,27,Sydney Roosters,Sydney Roosters,Sydney Roosters,Sydney Roosters,Manly Sea Eagles
2011,Rd 2,3,South Sydney Rabbitohs,Canterbury Bulldogs,19,28,Canterbury Bulldogs,Canterbury Bulldogs,South Sydney Rabbitohs,South Sydney Rabbitohs,Canterbury Bulldogs
2011,Rd 2,4,NQ Cowboys,Newcastle Knights,22,34,Newcastle Knights,NQ Cowboys,Newcastle Knights,Newcastle Knights,Newcastle Knights
2011,Rd 2,5,Wests Tigers,New Zealand Warriors,20,12,New Zealand Warriors,Wests Tigers,Wests Tigers,Wests Tigers,Wests Tigers
2011,Rd 2,6,Melbourne Storm,Gold Coast Titans,40,12,Melbourne Storm,Melbourne Storm,Melbourne Storm,Melbourne Storm,Melbourne Storm
2011,Rd 2,7,Canberra Raiders,Brisbane Broncos,4,20,Canberra Raiders,Canberra Raiders,Canberra Raiders,Canberra Raiders,Brisbane Broncos
2011,Rd 2,8,Parramatta Eels,Penrith Panthers,6,20,Parramatta Eels,Parramatta Eels,Parramatta Eels,Parramatta Eels,Penrith Panthers
2011,Rd 3,1,NQ Cowboys,Melbourne Storm,34,6,Melbourne Storm,Melbourne Storm,Melbourne Storm,Melbourne Storm,NQ Cowboys
2011,Rd 3,2,Manly Sea Eagles,Newcastle Knights,26,12,Newcastle Knights,Manly Sea Eagles,Manly Sea Eagles,Manly Sea Eagles,Manly Sea Eagles
2011,Rd 3,3,Canterbury Bulldogs,Sydney Roosters,24,20,Canterbury Bulldogs,Sydney Roosters,Canterbury Bulldogs,Canterbury Bulldogs,Canterbury Bulldogs
2011,Rd 3,4,New Zealand Warriors,St. George Illawarra Dragons,12,25,St. George Illawarra Dragons,St. George Illawarra Dragons,St. George Illawarra Dragons,St. George Illawarra Dragons,St. George Illawarra Dragons
2011,Rd 3,5,Wests Tigers,Canberra Raiders,34,24,Canberra Raiders,Wests Tigers,Wests Tigers,Wests Tigers,Wests Tigers
2011,Rd 3,6,Penrith Panthers,Cronulla Sharks,12,44,Penrith Panthers,Penrith Panthers,Penrith Panthers,Penrith Panthers,Cronulla Sharks
2011,Rd 3,7,Gold Coast Titans,Brisbane Broncos,8,14,Brisbane Broncos,Brisbane Broncos,Gold Coast Titans,Gold Coast Titans,Brisbane Broncos
2011,Rd 3,8,Parramatta Eels,South Sydney Rabbitohs,18,32,Parramatta Eels,Parramatta Eels,Parramatta Eels,Parramatta Eels,South Sydney Rabbitohs
2011,Rd 4,1,Melbourne Storm,Canterbury Bulldogs,30,16,Canterbury Bulldogs,Melbourne Storm,Melbourne Storm,Melbourne Storm,Melbourne Storm
2011,Rd 4,2,Sydney Roosters,Wests Tigers,24,6,Wests Tigers,Sydney Roosters,Sydney Roosters,Sydney Roosters,Sydney Roosters
2011,Rd 4,3,Newcastle Knights,St. George Illawarra Dragons,18,20,Newcastle Knights,St. George Illawarra Dragons,St. George Illawarra Dragons,St. George Illawarra Dragons,St. George Illawarra Dragons
2011,Rd 4,4,Cronulla Sharks,New Zealand Warriors,18,26,Cronulla Sharks,New Zealand Warriors,Cronulla Sharks,Cronulla Sharks,New Zealand Warriors
2011,Rd 4,5,Parramatta Eels,NQ Cowboys,22,20,NQ Cowboys,Parramatta Eels,Parramatta Eels,Parramatta Eels,Parramatta Eels
2011,Rd 4,6,Canberra Raiders,Gold Coast Titans,22,23,Canberra Raiders,Canberra Raiders,Canberra Raiders,Canberra Raiders,Gold Coast Titans
2011,Rd 4,7,Brisbane Broncos,Penrith Panthers,18,10,Brisbane Broncos,Brisbane Broncos,Brisbane Broncos,Brisbane Broncos,Brisbane Broncos
2011,Rd 4,8,South Sydney Rabbitohs,Manly Sea Eagles,32,30,Manly Sea Eagles,Manly Sea Eagles,South Sydney Rabbitohs,South Sydney Rabbitohs,South Sydney Rabbitohs
2011,Rd 5,1,Brisbane Broncos,Newcastle Knights,17,6,Brisbane Broncos,Brisbane Broncos,Brisbane Broncos,Brisbane Broncos,Brisbane Broncos
2011,Rd 5,2,St. George Illawarra Dragons,Canterbury Bulldogs,25,6,St. George Illawarra Dragons,St. George Illawarra Dragons,St. George Illawarra Dragons,St. George Illawarra Dragons,St. George Illawarra Dragons
2011,Rd 5,3,Melbourne Storm,Parramatta Eels,38,0,Melbourne Storm,Melbourne Storm,Melbourne Storm,Melbourne Storm,Melbourne Storm
2011,Rd 5,4,Cronulla Sharks,Manly Sea Eagles,13,19,Manly Sea Eagles,Manly Sea Eagles,Manly Sea Eagles,Manly Sea Eagles,Manly Sea Eagles
2011,Rd 5,5,Penrith Panthers,Canberra Raiders,36,10,Canberra Raiders,Penrith Panthers,Penrith Panthers,Penrith Panthers,Penrith Panthers
2011,Rd 5,6,New Zealand Warriors,Sydney Roosters,24,12,Sydney Roosters,Sydney Roosters,New Zealand Warriors,New Zealand Warriors,New Zealand Warriors
2011,Rd 5,7,NQ Cowboys,Gold Coast Titans,22,12,NQ Cowboys,NQ Cowboys,NQ Cowboys,NQ Cowboys,NQ Cowboys
2011,Rd 5,8,Wests Tigers,South Sydney Rabbitohs,30,6,South Sydney Rabbitohs,South Sydney Rabbitohs,Wests Tigers,Wests Tigers,Wests Tigers
2011,Rd 6,1,South Sydney Rabbitohs,St. George Illawarra Dragons,0,16,St. George Illawarra Dragons,St. George Illawarra Dragons,St. George Illawarra Dragons,St. George Illawarra Dragons,St. George Illawarra Dragons
2011,Rd 6,2,Penrith Panthers,Melbourne Storm,10,25,Melbourne Storm,Melbourne Storm,Melbourne Storm,Melbourne Storm,Melbourne Storm
2011,Rd 6,3,Newcastle Knights,Cronulla Sharks,24,20,Newcastle Knights,Newcastle Knights,Newcastle Knights,Newcastle Knights,Newcastle Knights
2011,Rd 6,4,NQ Cowboys,Canberra Raiders,26,18,NQ Cowboys,NQ Cowboys,NQ Cowboys,NQ Cowboys,NQ Cowboys
2011,Rd 6,5,Sydney Roosters,Brisbane Broncos,6,24,Brisbane Broncos,Sydney Roosters,Sydney Roosters,Sydney Roosters,Brisbane Broncos
2011,Rd 6,6,Manly Sea Eagles,New Zealand Warriors,20,10,Manly Sea Eagles,Manly Sea Eagles,Manly Sea Eagles,Manly Sea Eagles,Manly Sea Eagles
2011,Rd 6,7,Gold Coast Titans,Wests Tigers,20,14,Wests Tigers,Wests Tigers,Gold Coast Titans,Gold Coast Titans,Gold Coast Titans
2011,Rd 6,8,Parramatta Eels,Canterbury Bulldogs,14,34,Canterbury Bulldogs,Canterbury Bulldogs,Canterbury Bulldogs,Canterbury Bulldogs,Canterbury Bulldogs
2011,Rd 7,1,Melbourne Storm,New Zealand Warriors,14,18,Melbourne Storm,Melbourne Storm,Melbourne Storm,Melbourne Storm,New Zealand Warriors
2011,Rd 7,2,Sydney Roosters,St. George Illawarra Dragons,10,24,St. George Illawarra Dragons,St. George Illawarra Dragons,St. George Illawarra Dragons,St. George Illawarra Dragons,St. George Illawarra Dragons
2011,Rd 7,3,Parramatta Eels,Gold Coast Titans,22,18,Gold Coast Titans,Gold Coast Titans,Gold Coast Titans,Gold Coast Titans,Parramatta Eels
2011,Rd 7,4,Canberra Raiders,Newcastle Knights,12,22,Newcastle Knights,Canberra Raiders,Newcastle Knights,Newcastle Knights,Newcastle Knights
2011,Rd 7,5,Canterbury Bulldogs,South Sydney Rabbitohs,36,24,Canterbury Bulldogs,Canterbury Bulldogs,Canterbury Bulldogs,Canterbury Bulldogs,Canterbury Bulldogs
2011,Rd 7,6,Cronulla Sharks,NQ Cowboys,12,30,NQ Cowboys,Cronulla Sharks,NQ Cowboys,NQ Cowboys,NQ Cowboys
2011,Rd 7,7,Manly Sea Eagles,Penrith Panthers,22,16,Manly Sea Eagles,Manly Sea Eagles,Manly Sea Eagles,Manly Sea Eagles,Manly Sea Eagles
2011,Rd 7,8,Wests Tigers,Brisbane Broncos,18,31,Brisbane Broncos,Wests Tigers,Wests Tigers,Wests Tigers,Brisbane Broncos
2011,Rd 8,1,St. George Illawarra Dragons,Parramatta Eels,30,0,St. George Illawarra Dragons,St. George Illawarra Dragons,St. George Illawarra Dragons,St. George Illawarra Dragons,St. George Illawarra Dragons
2011,Rd 8,2,Canberra Raiders,Wests Tigers,12,49,Wests Tigers,Canberra Raiders,Wests Tigers,Wests Tigers,Wests Tigers
2011,Rd 8,3,New Zealand Warriors,Penrith Panthers,26,18,New Zealand Warriors,New Zealand Warriors,New Zealand Warriors,New Zealand Warriors,New Zealand Warriors
2011,Rd 8,4,Melbourne Storm,Newcastle Knights,42,12,Melbourne Storm,Melbourne Storm,Melbourne Storm,Melbourne Storm,Melbourne Storm
2011,Rd 8,5,NQ Cowboys,Manly Sea Eagles,22,20,NQ Cowboys,NQ Cowboys,Manly Sea Eagles,Manly Sea Eagles,NQ Cowboys
2011,Rd 8,6,Gold Coast Titans,Sydney Roosters,24,13,Sydney Roosters,Gold Coast Titans,Gold Coast Titans,Gold Coast Titans,Gold Coast Titans
2011,Rd 8,7,Brisbane Broncos,Canterbury Bulldogs,20,12,Brisbane Broncos,Brisbane Broncos,Brisbane Broncos,Brisbane Broncos,Brisbane Broncos
2011,Rd 8,8,South Sydney Rabbitohs,Cronulla Sharks,31,12,Cronulla Sharks,South Sydney Rabbitohs,South Sydney Rabbitohs,South Sydney Rabbitohs,South Sydney Rabbitohs
2011,Rd 9,1,Manly Sea Eagles,Canberra Raiders,20,0,Manly Sea Eagles,Manly Sea Eagles,Manly Sea Eagles,Manly Sea Eagles,Manly Sea Eagles
2011,Rd 9,2,St. George Illawarra Dragons,NQ Cowboys,22,8,St. George Illawarra Dragons,St. George Illawarra Dragons,St. George Illawarra Dragons,St. George Illawarra Dragons,St. George Illawarra Dragons
2011,Rd 9,3,Gold Coast Titans,New Zealand Warriors,14,34,New Zealand Warriors,Gold Coast Titans,Gold Coast Titans,Gold Coast Titans,New Zealand Warriors
2011,Rd 9,4,Brisbane Broncos,Melbourne Storm,22,29,Brisbane Broncos,Melbourne Storm,Brisbane Broncos,Brisbane Broncos,Melbourne Storm
2011,Rd 10,1,Gold Coast Titans,Manly Sea Eagles,12,16,Manly Sea Eagles,Manly Sea Eagles,Manly Sea Eagles,Manly Sea Eagles,Manly Sea Eagles
2011,Rd 10,2,Cronulla Sharks,Sydney Roosters,18,4,Sydney Roosters,Sydney Roosters,Sydney Roosters,Sydney Roosters,Cronulla Sharks
2011,Rd 10,3,Newcastle Knights,New Zealand Warriors,16,25,New Zealand Warriors,Newcastle Knights,Newcastle Knights,Newcastle Knights,New Zealand Warriors
2011,Rd 10,4,NQ Cowboys,Parramatta Eels,40,26,NQ Cowboys,NQ Cowboys,NQ Cowboys,NQ Cowboys,NQ Cowboys
2011,Rd 10,5,South Sydney Rabbitohs,Wests Tigers,29,18,Wests Tigers,Wests Tigers,South Sydney Rabbitohs,South Sydney Rabbitohs,South Sydney Rabbitohs
2011,Rd 10,6,Melbourne Storm,Canberra Raiders,12,20,Melbourne Storm,Melbourne Storm,Melbourne Storm,Melbourne Storm,Canberra Raiders
2011,Rd 10,7,Canterbury Bulldogs,St. George Illawarra Dragons,10,15,St. George Illawarra Dragons,St. George Illawarra Dragons,St. George Illawarra Dragons,St. George Illawarra Dragons,St. George Illawarra Dragons
2011,Rd 10,8,Penrith Panthers,Brisbane Broncos,33,10,Brisbane Broncos,Brisbane Broncos,Brisbane Broncos,Brisbane Broncos,Penrith Panthers
2011,Rd 11,1,Parramatta Eels,Cronulla Sharks,40,6,Cronulla Sharks,Parramatta Eels,Parramatta Eels,Parramatta Eels,Parramatta Eels
2011,Rd 11,2,Sydney Roosters,Newcastle Knights,12,10,Newcastle Knights,Sydney Roosters,Sydney Roosters,Sydney Roosters,Sydney Roosters
2011,Rd 11,3,New Zealand Warriors,South Sydney Rabbitohs,12,6,New Zealand Warriors,New Zealand Warriors,New Zealand Warriors,New Zealand Warriors,New Zealand Warriors
2011,Rd 11,4,Wests Tigers,Penrith Panthers,20,18,Wests Tigers,Wests Tigers,Wests Tigers,Wests Tigers,Wests Tigers
2011,Rd 11,5,Canberra Raiders,Canterbury Bulldogs,20,12,Canterbury Bulldogs,Canterbury Bulldogs,Canterbury Bulldogs,Canterbury Bulldogs,Canberra Raiders
2011,Rd 12,1,Penrith Panthers,South Sydney Rabbitohs,22,10,South Sydney Rabbitohs,Penrith Panthers,Penrith Panthers,Penrith Panthers,Penrith Panthers
2011,Rd 12,2,St. George Illawarra Dragons,Wests Tigers,24,18,St. George Illawarra Dragons,St. George Illawarra Dragons,St. George Illawarra Dragons,St. George Illawarra Dragons,St. George Illawarra Dragons
2011,Rd 12,3,Melbourne Storm,Cronulla Sharks,14,8,Melbourne Storm,Melbourne Storm,Melbourne Storm,Melbourne Storm,Melbourne Storm
2011,Rd 12,4,NQ Cowboys,Sydney Roosters,20,6,NQ Cowboys,NQ Cowboys,NQ Cowboys,NQ Cowboys,NQ Cowboys
2011,Rd 12,5,Newcastle Knights,Parramatta Eels,8,6,Newcastle Knights,Newcastle Knights,Newcastle Knights,Newcastle Knights,Newcastle Knights
2011,Rd 12,6,Canterbury Bulldogs,Gold Coast Titans,28,6,Canterbury Bulldogs,Canterbury Bulldogs,Canterbury Bulldogs,Canterbury Bulldogs,Canterbury Bulldogs
2011,Rd 12,7,Manly Sea Eagles,Brisbane Broncos,34,10,Manly Sea Eagles,Manly Sea Eagles,Manly Sea Eagles,Manly Sea Eagles,Manly Sea Eagles
2011,Rd 13,1,Wests Tigers,Newcastle Knights,17,16,Wests Tigers,Wests Tigers,Wests Tigers,Wests Tigers,Wests Tigers
2011,Rd 13,2,South Sydney Rabbitohs,Melbourne Storm,6,16,Melbourne Storm,Melbourne Storm,Melbourne Storm,Melbourne Storm,Melbourne Storm
2011,Rd 13,3,Canberra Raiders,NQ Cowboys,24,40,NQ Cowboys,Canberra Raiders,NQ Cowboys,NQ Cowboys,NQ Cowboys
2011,Rd 13,4,Canterbury Bulldogs,Manly Sea Eagles,4,38,Manly Sea Eagles,Manly Sea Eagles,Canterbury Bulldogs,Canterbury Bulldogs,Manly Sea Eagles
2011,Rd 13,5,Sydney Roosters,New Zealand Warriors,13,6,New Zealand Warriors,New Zealand Warriors,New Zealand Warriors,New Zealand Warriors,Sydney Roosters
2011,Rd 13,6,Gold Coast Titans,Penrith Panthers,10,23,Penrith Panthers,Gold Coast Titans,Gold Coast Titans,Gold Coast Titans,Penrith Panthers
2011,Rd 13,7,Cronulla Sharks,Brisbane Broncos,16,34,Brisbane Broncos,Brisbane Broncos,Brisbane Broncos,Brisbane Broncos,Brisbane Broncos
2011,Rd 13,8,Parramatta Eels,St. George Illawarra Dragons,14,14,St. George Illawarra Dragons,St. George Illawarra Dragons,St. George Illawarra Dragons,St. George Illawarra Dragons,St. George Illawarra Dragons
2011,Rd 14,1,Melbourne Storm,Sydney Roosters,21,4,Melbourne Storm,Melbourne Storm,Melbourne Storm,Melbourne Storm,Melbourne Storm
2011,Rd 14,2,Brisbane Broncos,Canberra Raiders,25,24,Brisbane Broncos,Canberra Raiders,Brisbane Broncos,Brisbane Broncos,Brisbane Broncos
2011,Rd 14,3,New Zealand Warriors,Wests Tigers,22,26,New Zealand Warriors,New Zealand Warriors,New Zealand Warriors,New Zealand Warriors,Wests Tigers
2011,Rd 14,4,Manly Sea Eagles,NQ Cowboys,24,4,Manly Sea Eagles,Manly Sea Eagles,Manly Sea Eagles,Manly Sea Eagles,Manly Sea Eagles
2011,Rd 14,5,St. George Illawarra Dragons,Gold Coast Titans,14,28,St. George Illawarra Dragons,Gold Coast Titans,St. George Illawarra Dragons,St. George Illawarra Dragons,Gold Coast Titans
2011,Rd 15,1,Manly Sea Eagles,Parramatta Eels,22,18,Manly Sea Eagles,Manly Sea Eagles,Manly Sea Eagles,Manly Sea Eagles,Manly Sea Eagles
2011,Rd 15,2,Wests Tigers,Melbourne Storm,4,12,Melbourne Storm,Wests Tigers,Melbourne Storm,Melbourne Storm,Melbourne Storm
2011,Rd 15,3,Canterbury Bulldogs,Cronulla Sharks,10,26,Canterbury Bulldogs,Canterbury Bulldogs,Canterbury Bulldogs,Canterbury Bulldogs,Cronulla Sharks
2011,Rd 15,4,NQ Cowboys,New Zealand Warriors,30,10,NQ Cowboys,NQ Cowboys,NQ Cowboys,NQ Cowboys,NQ Cowboys
2011,Rd 15,5,Newcastle Knights,Penrith Panthers,16,12,Newcastle Knights,Newcastle Knights,Newcastle Knights,Newcastle Knights,Newcastle Knights
2011,Rd 15,6,Brisbane Broncos,St. George Illawarra Dragons,21,14,St. George Illawarra Dragons,St. George Illawarra Dragons,St. George Illawarra Dragons,St. George Illawarra Dragons,Brisbane Broncos
2011,Rd 15,7,South Sydney Rabbitohs,Gold Coast Titans,31,8,South Sydney Rabbitohs,South Sydney Rabbitohs,South Sydney Rabbitohs,South Sydney Rabbitohs,South Sydney Rabbitohs
2011,Rd 16,1,St. George Illawarra Dragons,Manly Sea Eagles,24,6,Manly Sea Eagles,St. George Illawarra Dragons,St. George Illawarra Dragons,St. George Illawarra Dragons,St. George Illawarra Dragons
2011,Rd 16,2,Newcastle Knights,Sydney Roosters,18,10,Newcastle Knights,Newcastle Knights,Newcastle Knights,Newcastle Knights,Newcastle Knights
2011,Rd 16,3,Penrith Panthers,NQ Cowboys,30,20,NQ Cowboys,Penrith Panthers,Penrith Panthers,Penrith Panthers,Penrith Panthers
2011,Rd 16,4,New Zealand Warriors,Melbourne Storm,8,16,Melbourne Storm,Melbourne Storm,Melbourne Storm,Melbourne Storm,Melbourne Storm
2011,Rd 16,5,Canberra Raiders,Parramatta Eels,25,12,Parramatta Eels,Canberra Raiders,Canberra Raiders,Canberra Raiders,Canberra Raiders
2011,Rd 16,6,Gold Coast Titans,Cronulla Sharks,12,36,Cronulla Sharks,Gold Coast Titans,Gold Coast Titans,Gold Coast Titans,Cronulla Sharks
2011,Rd 16,7,South Sydney Rabbitohs,Brisbane Broncos,16,12,Brisbane Broncos,Brisbane Broncos,Brisbane Broncos,Brisbane Broncos,South Sydney Rabbitohs
2011,Rd 16,8,Wests Tigers,Canterbury Bulldogs,6,16,Wests Tigers,Canterbury Bulldogs,Wests Tigers,Wests Tigers,Canterbury Bulldogs
2011,Rd 17,1,Sydney Roosters,Canberra Raiders,12,38,Sydney Roosters,Canberra Raiders,Sydney Roosters,Sydney Roosters,Canberra Raiders
2011,Rd 17,2,St. George Illawarra Dragons,Newcastle Knights,10,14,St. George Illawarra Dragons,St. George Illawarra Dragons,St. George Illawarra Dragons,St. George Illawarra Dragons,Newcastle Knights
2011,Rd 17,3,Cronulla Sharks,South Sydney Rabbitohs,26,4,South Sydney Rabbitohs,South Sydney Rabbitohs,South Sydney Rabbitohs,South Sydney Rabbitohs,Cronulla Sharks
2011,Rd 17,4,Penrith Panthers,Canterbury Bulldogs,20,6,Canterbury Bulldogs,Canterbury Bulldogs,Penrith Panthers,Penrith Panthers,Penrith Panthers
2011,Rd 17,5,Parramatta Eels,Brisbane Broncos,12,16,Brisbane Broncos,Parramatta Eels,Brisbane Broncos,Brisbane Broncos,Brisbane Broncos
2011,Rd 18,1,Newcastle Knights,NQ Cowboys,12,22,NQ Cowboys,Newcastle Knights,Newcastle Knights,Newcastle Knights,NQ Cowboys
2011,Rd 18,2,Manly Sea Eagles,South Sydney Rabbitohs,36,22,Manly Sea Eagles,Manly Sea Eagles,Manly Sea Eagles,Manly Sea Eagles,Manly Sea Eagles
2011,Rd 18,3,Sydney Roosters,Penrith Panthers,34,26,Penrith Panthers,Penrith Panthers,Penrith Panthers,Penrith Panthers,Sydney Roosters
2011,Rd 18,4,Canterbury Bulldogs,Melbourne Storm,18,28,Melbourne Storm,Melbourne Storm,Melbourne Storm,Melbourne Storm,Melbourne Storm
2011,Rd 18,5,Cronulla Sharks,Canberra Raiders,26,12,Cronulla Sharks,Cronulla Sharks,Cronulla Sharks,Cronulla Sharks,Cronulla Sharks
2011,Rd 18,6,Parramatta Eels,Wests Tigers,22,6,Wests Tigers,Wests Tigers,Wests Tigers,Wests Tigers,Parramatta Eels
2011,Rd 18,7,New Zealand Warriors,Gold Coast Titans,22,6,New Zealand Warriors,New Zealand Warriors,New Zealand Warriors,New Zealand Warriors,New Zealand Warriors
2011,Rd 19,1,St. George Illawarra Dragons,Cronulla Sharks,38,8,St. George Illawarra Dragons,St. George Illawarra Dragons,St. George Illawarra Dragons,St. George Illawarra Dragons,St. George Illawarra Dragons
2011,Rd 19,2,Newcastle Knights,Manly Sea Eagles,10,32,Manly Sea Eagles,Manly Sea Eagles,Manly Sea Eagles,Manly Sea Eagles,Manly Sea Eagles
2011,Rd 19,3,Canberra Raiders,Melbourne Storm,0,26,Melbourne Storm,Melbourne Storm,Melbourne Storm,Melbourne Storm,Melbourne Storm
2011,Rd 19,4,NQ Cowboys,Wests Tigers,18,38,NQ Cowboys,Wests Tigers,NQ Cowboys,NQ Cowboys,Wests Tigers
2011,Rd 19,5,Penrith Panthers,Parramatta Eels,23,22,Penrith Panthers,Penrith Panthers,Penrith Panthers,Penrith Panthers,Penrith Panthers
2011,Rd 19,6,South Sydney Rabbitohs,Sydney Roosters,21,20,South Sydney Rabbitohs,South Sydney Rabbitohs,South Sydney Rabbitohs,South Sydney Rabbitohs,South Sydney Rabbitohs
2011,Rd 19,7,Brisbane Broncos,Gold Coast Titans,30,10,Brisbane Broncos,Brisbane Broncos,Brisbane Broncos,Brisbane Broncos,Brisbane Broncos
2011,Rd 19,8,New Zealand Warriors,Canterbury Bulldogs,36,12,New Zealand Warriors,New Zealand Warriors,New Zealand Warriors,New Zealand Warriors,New Zealand Warriors
2011,Rd 20,1,Canberra Raiders,St. George Illawarra Dragons,24,19,St. George Illawarra Dragons,St. George Illawarra Dragons,St. George Illawarra Dragons,St. George Illawarra Dragons,Canberra Raiders
2011,Rd 20,2,Penrith Panthers,Manly Sea Eagles,8,12,Manly Sea Eagles,Manly Sea Eagles,Manly Sea Eagles,Manly Sea Eagles,Manly Sea Eagles
2011,Rd 20,3,South Sydney Rabbitohs,New Zealand Warriors,16,48,New Zealand Warriors,New Zealand Warriors,South Sydney Rabbitohs,South Sydney Rabbitohs,New Zealand Warriors
2011,Rd 20,4,Cronulla Sharks,Newcastle Knights,0,18,Newcastle Knights,Cronulla Sharks,Newcastle Knights,Newcastle Knights,Newcastle Knights
2011,Rd 20,5,Wests Tigers,Sydney Roosters,19,12,Wests Tigers,Wests Tigers,Wests Tigers,Wests Tigers,Wests Tigers
2011,Rd 20,6,Gold Coast Titans,NQ Cowboys,20,28,NQ Cowboys,NQ Cowboys,NQ Cowboys,NQ Cowboys,NQ Cowboys
2011,Rd 20,7,Canterbury Bulldogs,Parramatta Eels,8,7,Canterbury Bulldogs,Parramatta Eels,Canterbury Bulldogs,Canterbury Bulldogs,Canterbury Bulldogs
2011,Rd 20,8,Melbourne Storm,Brisbane Broncos,26,6,Melbourne Storm,Melbourne Storm,Melbourne Storm,Melbourne Storm,Melbourne Storm
2011,Rd 21,1,Parramatta Eels,Melbourne Storm,18,22,Melbourne Storm,Melbourne Storm,Melbourne Storm,Melbourne Storm,Melbourne Storm
2011,Rd 21,2,St. George Illawarra Dragons,South Sydney Rabbitohs,24,34,St. George Illawarra Dragons,St. George Illawarra Dragons,St. George Illawarra Dragons,St. George Illawarra Dragons,South Sydney Rabbitohs
2011,Rd 21,3,Newcastle Knights,Gold Coast Titans,50,20,Newcastle Knights,Newcastle Knights,Newcastle Knights,Newcastle Knights,Newcastle Knights
2011,Rd 21,4,New Zealand Warriors,Canberra Raiders,29,10,New Zealand Warriors,New Zealand Warriors,New Zealand Warriors,New Zealand Warriors,New Zealand Warriors
2011,Rd 21,5,NQ Cowboys,Penrith Panthers,30,18,NQ Cowboys,NQ Cowboys,NQ Cowboys,NQ Cowboys,NQ Cowboys
2011,Rd 21,6,Sydney Roosters,Canterbury Bulldogs,32,28,Canterbury Bulldogs,Sydney Roosters,Sydney Roosters,Sydney Roosters,Sydney Roosters
2011,Rd 21,7,Brisbane Broncos,Cronulla Sharks,46,16,Brisbane Broncos,Brisbane Broncos,Brisbane Broncos,Brisbane Broncos,Brisbane Broncos
2011,Rd 21,8,Manly Sea Eagles,Wests Tigers,12,14,Manly Sea Eagles,Manly Sea Eagles,Manly Sea Eagles,Manly Sea Eagles,Wests Tigers
2011,Rd 22,1,South Sydney Rabbitohs,Parramatta Eels,56,6,South Sydney Rabbitohs,South Sydney Rabbitohs,South Sydney Rabbitohs,South Sydney Rabbitohs,South Sydney Rabbitohs
2011,Rd 22,2,Manly Sea Eagles,Sydney Roosters,36,8,Manly Sea Eagles,Manly Sea Eagles,Manly Sea Eagles,Manly Sea Eagles,Manly Sea Eagles
2011,Rd 22,3,Newcastle Knights,Canberra Raiders,40,8,Newcastle Knights,Newcastle Knights,Newcastle Knights,Newcastle Knights,Newcastle Knights
2011,Rd 22,4,Brisbane Broncos,New Zealand Warriors,21,20,Brisbane Broncos,Brisbane Broncos,Brisbane Broncos,Brisbane Broncos,Brisbane Broncos
2011,Rd 22,5,Cronulla Sharks,Gold Coast Titans,16,20,Cronulla Sharks,Cronulla Sharks,Cronulla Sharks,Cronulla Sharks,Gold Coast Titans
2011,Rd 22,6,Melbourne Storm,Penrith Panthers,26,6,Melbourne Storm,Melbourne Storm,Melbourne Storm,Melbourne Storm,Melbourne Storm
2011,Rd 22,7,Canterbury Bulldogs,NQ Cowboys,14,6,NQ Cowboys,NQ Cowboys,Canterbury Bulldogs,Canterbury Bulldogs,Canterbury Bulldogs
2011,Rd 22,8,Wests Tigers,St. George Illawarra Dragons,16,14,St. George Illawarra Dragons,St. George Illawarra Dragons,St. George Illawarra Dragons,St. George Illawarra Dragons,Wests Tigers
2011,Rd 23,1,Cronulla Sharks,Canterbury Bulldogs,12,19,Canterbury Bulldogs,Canterbury Bulldogs,Canterbury Bulldogs,Canterbury Bulldogs,Canterbury Bulldogs
2011,Rd 23,2,St. George Illawarra Dragons,Sydney Roosters,12,20,St. George Illawarra Dragons,St. George Illawarra Dragons,St. George Illawarra Dragons,St. George Illawarra Dragons,Sydney Roosters
2011,Rd 23,3,Canberra Raiders,South Sydney Rabbitohs,18,47,South Sydney Rabbitohs,South Sydney Rabbitohs,South Sydney Rabbitohs,South Sydney Rabbitohs,South Sydney Rabbitohs
2011,Rd 23,4,Gold Coast Titans,Melbourne Storm,16,40,Melbourne Storm,Melbourne Storm,Melbourne Storm,Melbourne Storm,Melbourne Storm
2011,Rd 23,5,Parramatta Eels,Manly Sea Eagles,20,26,Manly Sea Eagles,Manly Sea Eagles,Manly Sea Eagles,Manly Sea Eagles,Manly Sea Eagles
2011,Rd 23,6,New Zealand Warriors,Newcastle Knights,20,12,New Zealand Warriors,New Zealand Warriors,New Zealand Warriors,New Zealand Warriors,New Zealand Warriors
2011,Rd 23,7,NQ Cowboys,Brisbane Broncos,16,34,Brisbane Broncos,Brisbane Broncos,NQ Cowboys,NQ Cowboys,Brisbane Broncos
2011,Rd 23,8,Penrith Panthers,Wests Tigers,18,32,Wests Tigers,Wests Tigers,Penrith Panthers,Penrith Panthers,Wests Tigers
2011,Rd 24,1,Newcastle Knights,Brisbane Broncos,6,26,Brisbane Broncos,Brisbane Broncos,Brisbane Broncos,Brisbane Broncos,Brisbane Broncos
2011,Rd 24,2,Wests Tigers,Parramatta Eels,31,12,Wests Tigers,Wests Tigers,Wests Tigers,Wests Tigers,Wests Tigers
2011,Rd 24,3,Manly Sea Eagles,Canterbury Bulldogs,27,16,Manly Sea Eagles,Manly Sea Eagles,Manly Sea Eagles,Manly Sea Eagles,Manly Sea Eagles
2011,Rd 24,4,Penrith Panthers,New Zealand Warriors,12,26,New Zealand Warriors,New Zealand Warriors,New Zealand Warriors,New Zealand Warriors,New Zealand Warriors
2011,Rd 24,5,Sydney Roosters,Cronulla Sharks,36,25,Cronulla Sharks,Sydney Roosters,Sydney Roosters,Sydney Roosters,Sydney Roosters
2011,Rd 24,6,Gold Coast Titans,Canberra Raiders,26,18,Canberra Raiders,Gold Coast Titans,Gold Coast Titans,Gold Coast Titans,Gold Coast Titans
2011,Rd 24,7,Melbourne Storm,St. George Illawarra Dragons,8,6,Melbourne Storm,Melbourne Storm,Melbourne Storm,Melbourne Storm,Melbourne Storm
2011,Rd 24,8,South Sydney Rabbitohs,NQ Cowboys,26,24,NQ Cowboys,South Sydney Rabbitohs,South Sydney Rabbitohs,South Sydney Rabbitohs,South Sydney Rabbitohs
2011,Rd 25,1,Wests Tigers,Gold Coast Titans,39,10,Wests Tigers,Wests Tigers,Wests Tigers,Wests Tigers,Wests Tigers
2011,Rd 25,2,Brisbane Broncos,South Sydney Rabbitohs,22,10,Brisbane Broncos,Brisbane Broncos,Brisbane Broncos,Brisbane Broncos,Brisbane Broncos
2011,Rd 25,3,St. George Illawarra Dragons,New Zealand Warriors,26,22,New Zealand Warriors,St. George Illawarra Dragons,St. George Illawarra Dragons,St. George Illawarra Dragons,St. George Illawarra Dragons
2011,Rd 25,4,Canberra Raiders,Penrith Panthers,18,19,Penrith Panthers,Canberra Raiders,Penrith Panthers,Penrith Panthers,Penrith Panthers
2011,Rd 25,5,NQ Cowboys,Cronulla Sharks,28,20,NQ Cowboys,NQ Cowboys,NQ Cowboys,NQ Cowboys,NQ Cowboys
2011,Rd 25,6,Canterbury Bulldogs,Newcastle Knights,32,22,Newcastle Knights,Canterbury Bulldogs,Canterbury Bulldogs,Canterbury Bulldogs,Canterbury Bulldogs
2011,Rd 25,7,Manly Sea Eagles,Melbourne Storm,18,4,Melbourne Storm,Manly Sea Eagles,Manly Sea Eagles,Manly Sea Eagles,Manly Sea Eagles
2011,Rd 25,8,Parramatta Eels,Sydney Roosters,12,13,Sydney Roosters,Parramatta Eels,Parramatta Eels,Parramatta Eels,Sydney Roosters
2011,Rd 26,1,Sydney Roosters,Melbourne Storm,40,8,Melbourne Storm,Melbourne Storm,Melbourne Storm,Melbourne Storm,Sydney Roosters
2011,Rd 26,2,Brisbane Broncos,Manly Sea Eagles,18,10,Manly Sea Eagles,Brisbane Broncos,Brisbane Broncos,Brisbane Broncos,Brisbane Broncos
2011,Rd 26,3,Canterbury Bulldogs,Canberra Raiders,36,22,Canterbury Bulldogs,Canterbury Bulldogs,Canterbury Bulldogs,Canterbury Bulldogs,Canterbury Bulldogs
2011,Rd 26,4,Cronulla Sharks,Wests Tigers,22,30,Wests Tigers,Wests Tigers,Wests Tigers,Wests Tigers,Wests Tigers
2011,Rd 26,5,Gold Coast Titans,Parramatta Eels,12,32,Gold Coast Titans,Parramatta Eels,Gold Coast Titans,Gold Coast Titans,Parramatta Eels
2011,Rd 26,6,New Zealand Warriors,NQ Cowboys,18,6,NQ Cowboys,New Zealand Warriors,New Zealand Warriors,New Zealand Warriors,New Zealand Warriors
2011,Rd 26,7,Newcastle Knights,South Sydney Rabbitohs,40,24,Newcastle Knights,Newcastle Knights,Newcastle Knights,Newcastle Knights,Newcastle Knights
2011,Rd 26,8,St. George Illawarra Dragons,Penrith Panthers,32,12,St. George Illawarra Dragons,St. George Illawarra Dragons,St. George Illawarra Dragons,St. George Illawarra Dragons,St. George Illawarra Dragons
2012,Rd 1,1,South Sydney Rabbitohs,Sydney Roosters,20,24,South Sydney Rabbitohs,South Sydney Rabbitohs,South Sydney Rabbitohs,South Sydney Rabbitohs,Sydney Roosters
2012,Rd 1,2,Wests Tigers,Cronulla Sharks,17,16,Wests Tigers,Wests Tigers,Wests Tigers,Wests Tigers,Wests Tigers
2012,Rd 1,3,New Zealand Warriors,Manly Sea Eagles,20,26,New Zealand Warriors,New Zealand Warriors,New Zealand Warriors,New Zealand Warriors,Manly Sea Eagles
2012,Rd 1,4,NQ Cowboys,Gold Coast Titans,0,18,NQ Cowboys,NQ Cowboys,NQ Cowboys,NQ Cowboys,Gold Coast Titans
2012,Rd 1,5,Penrith Panthers,Canterbury Bulldogs,14,22,Penrith Panthers,Canterbury Bulldogs,Penrith Panthers,Penrith Panthers,Canterbury Bulldogs
2012,Rd 1,6,Canberra Raiders,Melbourne Storm,19,24,Canberra Raiders,Melbourne Storm,Melbourne Storm,Melbourne Storm,Melbourne Storm
2012,Rd 1,7,Parramatta Eels,Brisbane Broncos,6,18,Parramatta Eels,Brisbane Broncos,Brisbane Broncos,Brisbane Broncos,Brisbane Broncos
2012,Rd 1,8,Newcastle Knights,St. George Illawarra Dragons,14,15,Newcastle Knights,Newcastle Knights,St. George Illawarra Dragons,St. George Illawarra Dragons,St. George Illawarra Dragons
2012,Rd 2,1,Parramatta Eels,New Zealand Warriors,20,36,New Zealand Warriors,New Zealand Warriors,New Zealand Warriors,New Zealand Warriors,New Zealand Warriors
2012,Rd 2,2,Melbourne Storm,South Sydney Rabbitohs,24,10,Melbourne Storm,Melbourne Storm,Melbourne Storm,Melbourne Storm,Melbourne Storm
2012,Rd 2,3,Sydney Roosters,Penrith Panthers,0,18,Sydney Roosters,Sydney Roosters,Sydney Roosters,Sydney Roosters,Penrith Panthers
2012,Rd 2,4,Cronulla Sharks,Newcastle Knights,6,18,Newcastle Knights,Newcastle Knights,Newcastle Knights,Newcastle Knights,Newcastle Knights
2012,Rd 2,5,Canterbury Bulldogs,St. George Illawarra Dragons,30,4,Canterbury Bulldogs,St. George Illawarra Dragons,St. George Illawarra Dragons,St. George Illawarra Dragons,Canterbury Bulldogs
2012,Rd 2,6,Gold Coast Titans,Canberra Raiders,12,24,Gold Coast Titans,Gold Coast Titans,Gold Coast Titans,Gold Coast Titans,Canberra Raiders
2012,Rd 2,7,Brisbane Broncos,NQ Cowboys,26,28,Brisbane Broncos,Brisbane Broncos,Brisbane Broncos,Brisbane Broncos,NQ Cowboys
2012,Rd 2,8,Manly Sea Eagles,Wests Tigers,22,18,Manly Sea Eagles,Wests Tigers,Manly Sea Eagles,Manly Sea Eagles,Manly Sea Eagles
2012,Rd 3,1,Cronulla Sharks,Manly Sea Eagles,17,14,Manly Sea Eagles,Manly Sea Eagles,Manly Sea Eagles,Manly Sea Eagles,Cronulla Sharks
2012,Rd 3,2,Penrith Panthers,South Sydney Rabbitohs,24,40,Penrith Panthers,Penrith Panthers,Penrith Panthers,Penrith Panthers,South Sydney Rabbitohs
2012,Rd 3,3,Sydney Roosters,Canberra Raiders,14,8,Canberra Raiders,Sydney Roosters,Sydney Roosters,Sydney Roosters,Sydney Roosters
2012,Rd 3,4,New Zealand Warriors,Canterbury Bulldogs,18,32,Canterbury Bulldogs,New Zealand Warriors,New Zealand Warriors,New Zealand Warriors,Canterbury Bulldogs
2012,Rd 3,5,NQ Cowboys,Parramatta Eels,42,6,NQ Cowboys,NQ Cowboys,NQ Cowboys,NQ Cowboys,NQ Cowboys
2012,Rd 3,6,Gold Coast Titans,Melbourne Storm,6,30,Melbourne Storm,Melbourne Storm,Melbourne Storm,Melbourne Storm,Melbourne Storm
2012,Rd 3,7,Newcastle Knights,Brisbane Broncos,10,24,Newcastle Knights,Brisbane Broncos,Brisbane Broncos,Brisbane Broncos,Brisbane Broncos
2012,Rd 3,8,St. George Illawarra Dragons,Wests Tigers,36,12,Wests Tigers,St. George Illawarra Dragons,St. George Illawarra Dragons,St. George Illawarra Dragons,St. George Illawarra Dragons
2012,Rd 4,1,Wests Tigers,Canberra Raiders,16,30,Canberra Raiders,Wests Tigers,Wests Tigers,Wests Tigers,Canberra Raiders
2012,Rd 4,2,Canterbury Bulldogs,Newcastle Knights,6,20,Canterbury Bulldogs,Canterbury Bulldogs,Canterbury Bulldogs,Canterbury Bulldogs,Newcastle Knights
2012,Rd 4,3,Melbourne Storm,Sydney Roosters,44,4,Melbourne Storm,Melbourne Storm,Melbourne Storm,Melbourne Storm,Melbourne Storm
2012,Rd 4,4,NQ Cowboys,Cronulla Sharks,14,20,NQ Cowboys,NQ Cowboys,NQ Cowboys,NQ Cowboys,Cronulla Sharks
2012,Rd 4,5,St. George Illawarra Dragons,Manly Sea Eagles,17,6,Manly Sea Eagles,St. George Illawarra Dragons,St. George Illawarra Dragons,St. George Illawarra Dragons,St. George Illawarra Dragons
2012,Rd 4,6,New Zealand Warriors,Gold Coast Titans,26,6,New Zealand Warriors,New Zealand Warriors,New Zealand Warriors,New Zealand Warriors,New Zealand Warriors
2012,Rd 4,7,South Sydney Rabbitohs,Brisbane Broncos,12,20,Brisbane Broncos,Brisbane Broncos,Brisbane Broncos,Brisbane Broncos,Brisbane Broncos
2012,Rd 4,8,Parramatta Eels,Penrith Panthers,6,39,Penrith Panthers,Penrith Panthers,Penrith Panthers,Penrith Panthers,Penrith Panthers
2012,Rd 5,1,Canberra Raiders,NQ Cowboys,6,22,Canberra Raiders,Canberra Raiders,Canberra Raiders,Canberra Raiders,NQ Cowboys
2012,Rd 5,2,Wests Tigers,South Sydney Rabbitohs,16,17,South Sydney Rabbitohs,South Sydney Rabbitohs,Wests Tigers,Wests Tigers,South Sydney Rabbitohs
2012,Rd 5,3,Gold Coast Titans,Canterbury Bulldogs,20,30,Canterbury Bulldogs,Canterbury Bulldogs,Canterbury Bulldogs,Canterbury Bulldogs,Canterbury Bulldogs
2012,Rd 5,4,Parramatta Eels,Manly Sea Eagles,29,20,Manly Sea Eagles,Manly Sea Eagles,Manly Sea Eagles,Manly Sea Eagles,Parramatta Eels
2012,Rd 5,5,Sydney Roosters,New Zealand Warriors,26,8,New Zealand Warriors,New Zealand Warriors,New Zealand Warriors,New Zealand Warriors,Sydney Roosters
2012,Rd 5,6,Penrith Panthers,Cronulla Sharks,14,15,Penrith Panthers,Penrith Panthers,Penrith Panthers,Penrith Panthers,Cronulla Sharks
2012,Rd 5,7,Brisbane Broncos,St. George Illawarra Dragons,28,20,Brisbane Broncos,Brisbane Broncos,Brisbane Broncos,Brisbane Broncos,Brisbane Broncos
2012,Rd 5,8,Melbourne Storm,Newcastle Knights,34,22,Melbourne Storm,Melbourne Storm,Melbourne Storm,Melbourne Storm,Melbourne Storm
2012,Rd 6,1,Manly Sea Eagles,Penrith Panthers,30,0,Penrith Panthers,Manly Sea Eagles,Manly Sea Eagles,Manly Sea Eagles,Manly Sea Eagles
2012,Rd 6,2,NQ Cowboys,Melbourne Storm,18,42,Melbourne Storm,Melbourne Storm,Melbourne Storm,Melbourne Storm,Melbourne Storm
2012,Rd 6,3,Newcastle Knights,Parramatta Eels,14,6,Newcastle Knights,Newcastle Knights,Newcastle Knights,Newcastle Knights,Newcastle Knights
2012,Rd 6,4,Canberra Raiders,New Zealand Warriors,32,12,Canberra Raiders,New Zealand Warriors,New Zealand Warriors,New Zealand Warriors,Canberra Raiders
2012,Rd 6,5,Cronulla Sharks,St. George Illawarra Dragons,12,0,St. George Illawarra Dragons,St. George Illawarra Dragons,St. George Illawarra Dragons,St. George Illawarra Dragons,Cronulla Sharks
2012,Rd 6,6,Gold Coast Titans,Sydney Roosters,12,18,Sydney Roosters,Sydney Roosters,Sydney Roosters,Sydney Roosters,Sydney Roosters
2012,Rd 6,7,Wests Tigers,Brisbane Broncos,14,18,Brisbane Broncos,Brisbane Broncos,Brisbane Broncos,Brisbane Broncos,Brisbane Broncos
2012,Rd 6,8,South Sydney Rabbitohs,Canterbury Bulldogs,20,10,Canterbury Bulldogs,Canterbury Bulldogs,Canterbury Bulldogs,Canterbury Bulldogs,South Sydney Rabbitohs
2012,Rd 7,1,Penrith Panthers,Wests Tigers,0,30,Penrith Panthers,Wests Tigers,Penrith Panthers,Penrith Panthers,Wests Tigers
2012,Rd 7,2,Cronulla Sharks,Parramatta Eels,24,18,Cronulla Sharks,Cronulla Sharks,Cronulla Sharks,Cronulla Sharks,Cronulla Sharks
2012,Rd 7,3,New Zealand Warriors,South Sydney Rabbitohs,44,22,South Sydney Rabbitohs,New Zealand Warriors,New Zealand Warriors,New Zealand Warriors,New Zealand Warriors
2012,Rd 7,4,Manly Sea Eagles,Gold Coast Titans,14,26,Manly Sea Eagles,Manly Sea Eagles,Manly Sea Eagles,Manly Sea Eagles,Gold Coast Titans
2012,Rd 7,5,Sydney Roosters,NQ Cowboys,12,50,Sydney Roosters,NQ Cowboys,Sydney Roosters,Sydney Roosters,NQ Cowboys
2012,Rd 7,6,Melbourne Storm,Canterbury Bulldogs,12,6,Melbourne Storm,Melbourne Storm,Melbourne Storm,Melbourne Storm,Melbourne Storm
2012,Rd 7,7,Brisbane Broncos,Canberra Raiders,30,6,Brisbane Broncos,Brisbane Broncos,Brisbane Broncos,Brisbane Broncos,Brisbane Broncos
2012,Rd 7,8,St. George Illawarra Dragons,Newcastle Knights,12,4,Newcastle Knights,St. George Illawarra Dragons,St. George Illawarra Dragons,St. George Illawarra Dragons,St. George Illawarra Dragons
2012,Rd 8,1,Newcastle Knights,Penrith Panthers,34,14,Newcastle Knights,Newcastle Knights,Newcastle Knights,Newcastle Knights,Newcastle Knights
2012,Rd 8,2,Parramatta Eels,Wests Tigers,30,31,Wests Tigers,Wests Tigers,Wests Tigers,Wests Tigers,Wests Tigers
2012,Rd 8,3,Canberra Raiders,Cronulla Sharks,22,44,Cronulla Sharks,Cronulla Sharks,Canberra Raiders,Canberra Raiders,Cronulla Sharks
2012,Rd 8,4,South Sydney Rabbitohs,NQ Cowboys,20,16,NQ Cowboys,NQ Cowboys,South Sydney Rabbitohs,South Sydney Rabbitohs,South Sydney Rabbitohs
2012,Rd 8,5,Brisbane Broncos,Gold Coast Titans,26,6,Brisbane Broncos,Brisbane Broncos,Brisbane Broncos,Brisbane Broncos,Brisbane Broncos
2012,Rd 8,6,Canterbury Bulldogs,Manly Sea Eagles,10,12,Canterbury Bulldogs,Manly Sea Eagles,Canterbury Bulldogs,Canterbury Bulldogs,Manly Sea Eagles
2012,Rd 8,7,Melbourne Storm,New Zealand Warriors,32,14,Melbourne Storm,Melbourne Storm,Melbourne Storm,Melbourne Storm,Melbourne Storm
2012,Rd 8,8,St. George Illawarra Dragons,Sydney Roosters,28,24,St. George Illawarra Dragons,St. George Illawarra Dragons,St. George Illawarra Dragons,St. George Illawarra Dragons,St. George Illawarra Dragons
2012,Rd 9,1,South Sydney Rabbitohs,Cronulla Sharks,34,28,Cronulla Sharks,South Sydney Rabbitohs,South Sydney Rabbitohs,South Sydney Rabbitohs,South Sydney Rabbitohs
2012,Rd 9,2,Sydney Roosters,Newcastle Knights,24,6,Newcastle Knights,Sydney Roosters,Newcastle Knights,Newcastle Knights,Sydney Roosters
2012,Rd 9,3,Manly Sea Eagles,Canberra Raiders,18,12,Manly Sea Eagles,Manly Sea Eagles,Manly Sea Eagles,Manly Sea Eagles,Manly Sea Eagles
2012,Rd 9,4,Gold Coast Titans,Wests Tigers,14,15,Wests Tigers,Wests Tigers,Wests Tigers,Wests Tigers,Wests Tigers
2012,Rd 9,5,Penrith Panthers,Melbourne Storm,10,44,Melbourne Storm,Melbourne Storm,Melbourne Storm,Melbourne Storm,Melbourne Storm
2012,Rd 9,6,New Zealand Warriors,Brisbane Broncos,30,20,Brisbane Broncos,Brisbane Broncos,Brisbane Broncos,Brisbane Broncos,New Zealand Warriors
2012,Rd 9,7,NQ Cowboys,St. George Illawarra Dragons,30,6,St. George Illawarra Dragons,NQ Cowboys,St. George Illawarra Dragons,St. George Illawarra Dragons,NQ Cowboys
2012,Rd 9,8,Parramatta Eels,Canterbury Bulldogs,12,46,Canterbury Bulldogs,Canterbury Bulldogs,Canterbury Bulldogs,Canterbury Bulldogs,Canterbury Bulldogs
2012,Rd 10,1,Penrith Panthers,St. George Illawarra Dragons,13,12,St. George Illawarra Dragons,St. George Illawarra Dragons,St. George Illawarra Dragons,St. George Illawarra Dragons,Penrith Panthers
2012,Rd 10,2,Cronulla Sharks,Melbourne Storm,12,10,Melbourne Storm,Melbourne Storm,Melbourne Storm,Melbourne Storm,Cronulla Sharks
2012,Rd 10,3,Canberra Raiders,Parramatta Eels,40,34,Canberra Raiders,Canberra Raiders,Canberra Raiders,Canberra Raiders,Canberra Raiders
2012,Rd 10,4,Newcastle Knights,NQ Cowboys,12,32,NQ Cowboys,NQ Cowboys,Newcastle Knights,Newcastle Knights,NQ Cowboys
2012,Rd 10,5,New Zealand Warriors,Sydney Roosters,30,26,Sydney Roosters,New Zealand Warriors,New Zealand Warriors,New Zealand Warriors,New Zealand Warriors
2012,Rd 10,6,Canterbury Bulldogs,Gold Coast Titans,14,25,Canterbury Bulldogs,Canterbury Bulldogs,Canterbury Bulldogs,Canterbury Bulldogs,Gold Coast Titans
2012,Rd 10,7,Brisbane Broncos,Manly Sea Eagles,22,24,Brisbane Broncos,Manly Sea Eagles,Brisbane Broncos,Brisbane Broncos,Manly Sea Eagles
2012,Rd 11,1,Canterbury Bulldogs,Cronulla Sharks,26,6,Cronulla Sharks,Canterbury Bulldogs,Canterbury Bulldogs,Canterbury Bulldogs,Canterbury Bulldogs
2012,Rd 11,2,St. George Illawarra Dragons,South Sydney Rabbitohs,18,19,South Sydney Rabbitohs,South Sydney Rabbitohs,St. George Illawarra Dragons,St. George Illawarra Dragons,South Sydney Rabbitohs
2012,Rd 11,3,Manly Sea Eagles,Sydney Roosters,18,10,Manly Sea Eagles,Manly Sea Eagles,Manly Sea Eagles,Manly Sea Eagles,Manly Sea Eagles
2012,Rd 11,4,NQ Cowboys,Penrith Panthers,30,28,NQ Cowboys,NQ Cowboys,NQ Cowboys,NQ Cowboys,NQ Cowboys
2012,Rd 11,5,Wests Tigers,New Zealand Warriors,24,22,New Zealand Warriors,New Zealand Warriors,Wests Tigers,Wests Tigers,Wests Tigers
2012,Rd 12,1,Sydney Roosters,Canterbury Bulldogs,12,30,Canterbury Bulldogs,Canterbury Bulldogs,Canterbury Bulldogs,Canterbury Bulldogs,Canterbury Bulldogs
2012,Rd 12,2,Wests Tigers,NQ Cowboys,26,18,NQ Cowboys,Wests Tigers,Wests Tigers,Wests Tigers,Wests Tigers
2012,Rd 12,3,Penrith Panthers,Manly Sea Eagles,22,4,Manly Sea Eagles,Manly Sea Eagles,Manly Sea Eagles,Manly Sea Eagles,Penrith Panthers
2012,Rd 12,4,St. George Illawarra Dragons,Parramatta Eels,14,12,St. George Illawarra Dragons,St. George Illawarra Dragons,St. George Illawarra Dragons,St. George Illawarra Dragons,St. George Illawarra Dragons
2012,Rd 12,5,Newcastle Knights,Gold Coast Titans,14,24,Newcastle Knights,Newcastle Knights,Newcastle Knights,Newcastle Knights,Gold Coast Titans
2012,Rd 12,6,Melbourne Storm,Brisbane Broncos,34,10,Melbourne Storm,Melbourne Storm,Melbourne Storm,Melbourne Storm,Melbourne Storm
2012,Rd 12,7,South Sydney Rabbitohs,Canberra Raiders,36,18,South Sydney Rabbitohs,South Sydney Rabbitohs,South Sydney Rabbitohs,South Sydney Rabbitohs,South Sydney Rabbitohs
2012,Rd 13,1,Parramatta Eels,Cronulla Sharks,29,20,Cronulla Sharks,Cronulla Sharks,Cronulla Sharks,Cronulla Sharks,Parramatta Eels
2012,Rd 13,2,Brisbane Broncos,Newcastle Knights,50,24,Brisbane Broncos,Brisbane Broncos,Brisbane Broncos,Brisbane Broncos,Brisbane Broncos
2012,Rd 13,3,New Zealand Warriors,Melbourne Storm,12,22,Melbourne Storm,Melbourne Storm,Melbourne Storm,Melbourne Storm,Melbourne Storm
2012,Rd 13,4,Canterbury Bulldogs,South Sydney Rabbitohs,23,18,South Sydney Rabbitohs,South Sydney Rabbitohs,Canterbury Bulldogs,Canterbury Bulldogs,Canterbury Bulldogs
2012,Rd 13,5,Canberra Raiders,Wests Tigers,0,40,Wests Tigers,Wests Tigers,Wests Tigers,Wests Tigers,Wests Tigers
2012,Rd 13,6,Gold Coast Titans,NQ Cowboys,28,12,NQ Cowboys,NQ Cowboys,NQ Cowboys,NQ Cowboys,Gold Coast Titans
2012,Rd 13,7,Manly Sea Eagles,St. George Illawarra Dragons,20,8,Manly Sea Eagles,Manly Sea Eagles,Manly Sea Eagles,Manly Sea Eagles,Manly Sea Eagles
2012,Rd 14,1,Penrith Panthers,New Zealand Warriors,16,30,New Zealand Warriors,New Zealand Warriors,New Zealand Warriors,New Zealand Warriors,New Zealand Warriors
2012,Rd 14,2,Sydney Roosters,Brisbane Broncos,22,40,Brisbane Broncos,Sydney Roosters,Brisbane Broncos,Brisbane Broncos,Brisbane Broncos
2012,Rd 14,3,Cronulla Sharks,Gold Coast Titans,22,12,Cronulla Sharks,Cronulla Sharks,Cronulla Sharks,Cronulla Sharks,Cronulla Sharks
2012,Rd 14,4,Newcastle Knights,Canberra Raiders,16,32,Newcastle Knights,Newcastle Knights,Newcastle Knights,Newcastle Knights,Canberra Raiders
2012,Rd 14,5,Melbourne Storm,Wests Tigers,6,10,Melbourne Storm,Wests Tigers,Melbourne Storm,Melbourne Storm,Wests Tigers
2012,Rd 15,1,Manly Sea Eagles,Melbourne Storm,22,26,Melbourne Storm,Manly Sea Eagles,Melbourne Storm,Melbourne Storm,Melbourne Storm
2012,Rd 15,2,Wests Tigers,Sydney Roosters,28,42,Wests Tigers,Wests Tigers,Wests Tigers,Wests Tigers,Sydney Roosters
2012,Rd 15,3,Gold Coast Titans,Penrith Panthers,36,18,Gold Coast Titans,Gold Coast Titans,Gold Coast Titans,Gold Coast Titans,Gold Coast Titans
2012,Rd 15,4,Parramatta Eels,South Sydney Rabbitohs,6,24,South Sydney Rabbitohs,South Sydney Rabbitohs,South Sydney Rabbitohs,South Sydney Rabbitohs,South Sydney Rabbitohs
2012,Rd 15,5,Cronulla Sharks,New Zealand Warriors,20,19,Cronulla Sharks,New Zealand Warriors,New Zealand Warriors,New Zealand Warriors,Cronulla Sharks
2012,Rd 15,6,NQ Cowboys,Brisbane Broncos,12,0,Brisbane Broncos,NQ Cowboys,Brisbane Broncos,Brisbane Broncos,NQ Cowboys
2012,Rd 15,7,St. George Illawarra Dragons,Canterbury Bulldogs,20,28,Canterbury Bulldogs,Canterbury Bulldogs,St. George Illawarra Dragons,St. George Illawarra Dragons,Canterbury Bulldogs
2012,Rd 16,1,Newcastle Knights,Wests Tigers,38,20,Wests Tigers,Wests Tigers,Wests Tigers,Wests Tigers,Newcastle Knights
2012,Rd 16,2,Sydney Roosters,Manly Sea Eagles,14,52,Manly Sea Eagles,Manly Sea Eagles,Manly Sea Eagles,Manly Sea Eagles,Manly Sea Eagles
2012,Rd 16,3,Canterbury Bulldogs,Melbourne Storm,20,4,Melbourne Storm,Melbourne Storm,Melbourne Storm,Melbourne Storm,Canterbury Bulldogs
2012,Rd 16,4,Penrith Panthers,Parramatta Eels,18,19,Penrith Panthers,Penrith Panthers,Penrith Panthers,Penrith Panthers,Parramatta Eels
2012,Rd 16,5,NQ Cowboys,Canberra Raiders,40,18,NQ Cowboys,NQ Cowboys,NQ Cowboys,NQ Cowboys,NQ Cowboys
2012,Rd 16,6,Brisbane Broncos,South Sydney Rabbitohs,26,12,Brisbane Broncos,Brisbane Broncos,Brisbane Broncos,Brisbane Broncos,Brisbane Broncos
2012,Rd 16,7,St. George Illawarra Dragons,Gold Coast Titans,8,6,Gold Coast Titans,St. George Illawarra Dragons,St. George Illawarra Dragons,St. George Illawarra Dragons,St. George Illawarra Dragons
2012,Rd 17,1,Canberra Raiders,St. George Illawarra Dragons,22,18,St. George Illawarra Dragons,St. George Illawarra Dragons,St. George Illawarra Dragons,St. George Illawarra Dragons,Canberra Raiders
2012,Rd 17,2,South Sydney Rabbitohs,Penrith Panthers,38,12,South Sydney Rabbitohs,South Sydney Rabbitohs,South Sydney Rabbitohs,South Sydney Rabbitohs,South Sydney Rabbitohs
2012,Rd 17,3,New Zealand Warriors,NQ Cowboys,35,18,NQ Cowboys,New Zealand Warriors,New Zealand Warriors,New Zealand Warriors,New Zealand Warriors
2012,Rd 17,4,Parramatta Eels,Newcastle Knights,12,20,Newcastle Knights,Newcastle Knights,Newcastle Knights,Newcastle Knights,Newcastle Knights
2012,Rd 17,5,Brisbane Broncos,Cronulla Sharks,12,26,Brisbane Broncos,Brisbane Broncos,Brisbane Broncos,Brisbane Broncos,Cronulla Sharks
2012,Rd 18,1,Cronulla Sharks,Sydney Roosters,14,14,Cronulla Sharks,Cronulla Sharks,Cronulla Sharks,Cronulla Sharks,Sydney Roosters
2012,Rd 18,2,Manly Sea Eagles,Parramatta Eels,40,24,Manly Sea Eagles,Manly Sea Eagles,Manly Sea Eagles,Manly Sea Eagles,Manly Sea Eagles
2012,Rd 18,3,South Sydney Rabbitohs,Newcastle Knights,34,14,South Sydney Rabbitohs,South Sydney Rabbitohs,South Sydney Rabbitohs,South Sydney Rabbitohs,South Sydney Rabbitohs
2012,Rd 18,4,Gold Coast Titans,New Zealand Warriors,14,32,New Zealand Warriors,New Zealand Warriors,New Zealand Warriors,New Zealand Warriors,New Zealand Warriors
2012,Rd 18,5,Melbourne Storm,Canberra Raiders,12,40,Melbourne Storm,Melbourne Storm,Melbourne Storm,Melbourne Storm,Canberra Raiders
2012,Rd 18,6,Wests Tigers,Canterbury Bulldogs,20,32,Canterbury Bulldogs,Canterbury Bulldogs,Wests Tigers,Wests Tigers,Canterbury Bulldogs
2012,Rd 19,1,Sydney Roosters,South Sydney Rabbitohs,22,24,South Sydney Rabbitohs,South Sydney Rabbitohs,South Sydney Rabbitohs,South Sydney Rabbitohs,South Sydney Rabbitohs
2012,Rd 19,2,St. George Illawarra Dragons,Cronulla Sharks,18,10,Cronulla Sharks,St. George Illawarra Dragons,St. George Illawarra Dragons,St. George Illawarra Dragons,St. George Illawarra Dragons
2012,Rd 19,3,Canberra Raiders,Gold Coast Titans,26,38,Canberra Raiders,Canberra Raiders,Canberra Raiders,Canberra Raiders,Gold Coast Titans
2012,Rd 19,4,Wests Tigers,Penrith Panthers,26,18,Wests Tigers,Wests Tigers,Wests Tigers,Wests Tigers,Wests Tigers
2012,Rd 19,5,Melbourne Storm,NQ Cowboys,16,20,Melbourne Storm,Melbourne Storm,Melbourne Storm,Melbourne Storm,NQ Cowboys
2012,Rd 19,6,Newcastle Knights,Manly Sea Eagles,32,6,Manly Sea Eagles,Manly Sea Eagles,Manly Sea Eagles,Manly Sea Eagles,Newcastle Knights
2012,Rd 19,7,Brisbane Broncos,New Zealand Warriors,10,8,Brisbane Broncos,Brisbane Broncos,Brisbane Broncos,Brisbane Broncos,Brisbane Broncos
2012,Rd 19,8,Canterbury Bulldogs,Parramatta Eels,32,12,Canterbury Bulldogs,Canterbury Bulldogs,Canterbury Bulldogs,Canterbury Bulldogs,Canterbury Bulldogs
2012,Rd 20,1,NQ Cowboys,Wests Tigers,29,16,NQ Cowboys,NQ Cowboys,NQ Cowboys,NQ Cowboys,NQ Cowboys
2012,Rd 20,2,Penrith Panthers,Sydney Roosters,28,16,Sydney Roosters,Penrith Panthers,Penrith Panthers,Penrith Panthers,Penrith Panthers
2012,Rd 20,3,Cronulla Sharks,Canberra Raiders,4,36,Cronulla Sharks,Cronulla Sharks,Cronulla Sharks,Cronulla Sharks,Canberra Raiders
2012,Rd 20,4,Parramatta Eels,Melbourne Storm,16,10,Melbourne Storm,Melbourne Storm,Melbourne Storm,Melbourne Storm,Parramatta Eels
2012,Rd 20,5,South Sydney Rabbitohs,St. George Illawarra Dragons,36,14,South Sydney Rabbitohs,South Sydney Rabbitohs,South Sydney Rabbitohs,South Sydney Rabbitohs,South Sydney Rabbitohs
2012,Rd 20,6,New Zealand Warriors,Newcastle Knights,19,24,New Zealand Warriors,New Zealand Warriors,New Zealand Warriors,New Zealand Warriors,Newcastle Knights
2012,Rd 20,7,Gold Coast Titans,Brisbane Broncos,14,10,Brisbane Broncos,Brisbane Broncos,Brisbane Broncos,Brisbane Broncos,Gold Coast Titans
2012,Rd 20,8,Manly Sea Eagles,Canterbury Bulldogs,12,20,Canterbury Bulldogs,Manly Sea Eagles,Manly Sea Eagles,Manly Sea Eagles,Canterbury Bulldogs
2012,Rd 21,1,Brisbane Broncos,Parramatta Eels,22,42,Brisbane Broncos,Brisbane Broncos,Brisbane Broncos,Brisbane Broncos,Parramatta Eels
2012,Rd 21,2,South Sydney Rabbitohs,Wests Tigers,32,6,South Sydney Rabbitohs,South Sydney Rabbitohs,South Sydney Rabbitohs,South Sydney Rabbitohs,South Sydney Rabbitohs
2012,Rd 21,3,Canberra Raiders,Newcastle Knights,6,36,Newcastle Knights,Canberra Raiders,Canberra Raiders,Canberra Raiders,Newcastle Knights
2012,Rd 21,4,Cronulla Sharks,Penrith Panthers,20,21,Cronulla Sharks,Cronulla Sharks,Cronulla Sharks,Cronulla Sharks,Penrith Panthers
2012,Rd 21,5,Manly Sea Eagles,New Zealand Warriors,24,22,Manly Sea Eagles,Manly Sea Eagles,Manly Sea Eagles,Manly Sea Eagles,Manly Sea Eagles
2012,Rd 21,6,Canterbury Bulldogs,NQ Cowboys,32,18,Canterbury Bulldogs,Canterbury Bulldogs,Canterbury Bulldogs,Canterbury Bulldogs,Canterbury Bulldogs
2012,Rd 21,7,St. George Illawarra Dragons,Melbourne Storm,26,18,Melbourne Storm,Melbourne Storm,Melbourne Storm,Melbourne Storm,St. George Illawarra Dragons
2012,Rd 21,8,Sydney Roosters,Gold Coast Titans,16,36,Gold Coast Titans,Gold Coast Titans,Sydney Roosters,Sydney Roosters,Gold Coast Titans
2012,Rd 22,1,Wests Tigers,Parramatta Eels,51,26,Wests Tigers,Wests Tigers,Wests Tigers,Wests Tigers,Wests Tigers
2012,Rd 22,2,Gold Coast Titans,South Sydney Rabbitohs,18,22,South Sydney Rabbitohs,South Sydney Rabbitohs,South Sydney Rabbitohs,South Sydney Rabbitohs,South Sydney Rabbitohs
2012,Rd 22,3,Canberra Raiders,Brisbane Broncos,28,12,Brisbane Broncos,Brisbane Broncos,Brisbane Broncos,Brisbane Broncos,Canberra Raiders
2012,Rd 22,4,New Zealand Warriors,Cronulla Sharks,4,45,Cronulla Sharks,New Zealand Warriors,New Zealand Warriors,New Zealand Warriors,Cronulla Sharks
2012,Rd 22,5,NQ Cowboys,Manly Sea Eagles,6,8,NQ Cowboys,NQ Cowboys,NQ Cowboys,NQ Cowboys,Manly Sea Eagles
2012,Rd 22,6,Newcastle Knights,Canterbury Bulldogs,10,26,Canterbury Bulldogs,Canterbury Bulldogs,Canterbury Bulldogs,Canterbury Bulldogs,Canterbury Bulldogs
2012,Rd 22,7,Melbourne Storm,Penrith Panthers,46,6,Melbourne Storm,Melbourne Storm,Melbourne Storm,Melbourne Storm,Melbourne Storm
2012,Rd 22,8,Sydney Roosters,St. George Illawarra Dragons,26,10,St. George Illawarra Dragons,St. George Illawarra Dragons,St. George Illawarra Dragons,St. George Illawarra Dragons,Sydney Roosters
2012,Rd 23,1,Newcastle Knights,Cronulla Sharks,26,4,Cronulla Sharks,Newcastle Knights,Newcastle Knights,Newcastle Knights,Newcastle Knights
2012,Rd 23,2,Canterbury Bulldogs,Brisbane Broncos,22,14,Canterbury Bulldogs,Canterbury Bulldogs,Canterbury Bulldogs,Canterbury Bulldogs,Canterbury Bulldogs
2012,Rd 23,3,Penrith Panthers,Canberra Raiders,10,20,Canberra Raiders,Canberra Raiders,Penrith Panthers,Penrith Panthers,Canberra Raiders
2012,Rd 23,4,NQ Cowboys,New Zealand Warriors,52,12,NQ Cowboys,NQ Cowboys,NQ Cowboys,NQ Cowboys,NQ Cowboys
2012,Rd 23,5,Wests Tigers,St. George Illawarra Dragons,22,12,Wests Tigers,Wests Tigers,Wests Tigers,Wests Tigers,Wests Tigers
2012,Rd 23,6,Parramatta Eels,Sydney Roosters,36,22,Sydney Roosters,Sydney Roosters,Sydney Roosters,Sydney Roosters,Parramatta Eels
2012,Rd 23,7,Melbourne Storm,Gold Coast Titans,24,16,Melbourne Storm,Melbourne Storm,Melbourne Storm,Melbourne Storm,Melbourne Storm
2012,Rd 23,8,South Sydney Rabbitohs,Manly Sea Eagles,6,23,South Sydney Rabbitohs,South Sydney Rabbitohs,South Sydney Rabbitohs,South Sydney Rabbitohs,Manly Sea Eagles
2012,Rd 24,1,St. George Illawarra Dragons,NQ Cowboys,22,32,NQ Cowboys,NQ Cowboys,St. George Illawarra Dragons,St. George Illawarra Dragons,NQ Cowboys
2012,Rd 24,2,Manly Sea Eagles,Newcastle Knights,42,20,Manly Sea Eagles,Manly Sea Eagles,Manly Sea Eagles,Manly Sea Eagles,Manly Sea Eagles
2012,Rd 24,3,Gold Coast Titans,Parramatta Eels,24,16,Gold Coast Titans,Gold Coast Titans,Gold Coast Titans,Gold Coast Titans,Gold Coast Titans
2012,Rd 24,4,New Zealand Warriors,Penrith Panthers,16,18,New Zealand Warriors,New Zealand Warriors,New Zealand Warriors,New Zealand Warriors,Penrith Panthers
2012,Rd 24,5,Cronulla Sharks,South Sydney Rabbitohs,20,7,South Sydney Rabbitohs,South Sydney Rabbitohs,South Sydney Rabbitohs,South Sydney Rabbitohs,Cronulla Sharks
2012,Rd 24,6,Canberra Raiders,Sydney Roosters,24,20,Canberra Raiders,Canberra Raiders,Canberra Raiders,Canberra Raiders,Canberra Raiders
2012,Rd 24,7,Brisbane Broncos,Melbourne Storm,18,19,Melbourne Storm,Melbourne Storm,Melbourne Storm,Melbourne Storm,Melbourne Storm
2012,Rd 24,8,Canterbury Bulldogs,Wests Tigers,23,22,Canterbury Bulldogs,Canterbury Bulldogs,Canterbury Bulldogs,Canterbury Bulldogs,Canterbury Bulldogs
2012,Rd 25,1,Melbourne Storm,Cronulla Sharks,20,18,Melbourne Storm,Melbourne Storm,Melbourne Storm,Melbourne Storm,Melbourne Storm
2012,Rd 25,2,South Sydney Rabbitohs,Parramatta Eels,38,6,South Sydney Rabbitohs,South Sydney Rabbitohs,South Sydney Rabbitohs,South Sydney Rabbitohs,South Sydney Rabbitohs
2012,Rd 25,3,Sydney Roosters,Wests Tigers,44,20,Wests Tigers,Wests Tigers,Wests Tigers,Wests Tigers,Sydney Roosters
2012,Rd 25,4,NQ Cowboys,Newcastle Knights,22,14,NQ Cowboys,NQ Cowboys,NQ Cowboys,NQ Cowboys,NQ Cowboys
2012,Rd 25,5,St. George Illawarra Dragons,New Zealand Warriors,38,6,St. George Illawarra Dragons,St. George Illawarra Dragons,St. George Illawarra Dragons,St. George Illawarra Dragons,St. George Illawarra Dragons
2012,Rd 25,6,Penrith Panthers,Gold Coast Titans,36,22,Gold Coast Titans,Gold Coast Titans,Penrith Panthers,Penrith Panthers,Penrith Panthers
2012,Rd 25,7,Canberra Raiders,Canterbury Bulldogs,34,6,Canterbury Bulldogs,Canterbury Bulldogs,Canterbury Bulldogs,Canterbury Bulldogs,Canberra Raiders
2012,Rd 25,8,Manly Sea Eagles,Brisbane Broncos,16,6,Manly Sea Eagles,Manly Sea Eagles,Manly Sea Eagles,Manly Sea Eagles,Manly Sea Eagles
2012,Rd 26,1,Parramatta Eels,St. George Illawarra Dragons,8,29,St. George Illawarra Dragons,St. George Illawarra Dragons,St. George Illawarra Dragons,St. George Illawarra Dragons,St. George Illawarra Dragons
2012,Rd 26,2,Cronulla Sharks,NQ Cowboys,22,36,NQ Cowboys,Cronulla Sharks,NQ Cowboys,NQ Cowboys,NQ Cowboys
2012,Rd 26,3,New Zealand Warriors,Canberra Raiders,22,42,Canberra Raiders,Canberra Raiders,New Zealand Warriors,New Zealand Warriors,Canberra Raiders
2012,Rd 26,4,Canterbury Bulldogs,Sydney Roosters,42,10,Canterbury Bulldogs,Canterbury Bulldogs,Canterbury Bulldogs,Canterbury Bulldogs,Canterbury Bulldogs
2012,Rd 26,5,Wests Tigers,Melbourne Storm,6,26,Melbourne Storm,Melbourne Storm,Melbourne Storm,Melbourne Storm,Melbourne Storm
2012,Rd 26,6,Gold Coast Titans,Manly Sea Eagles,16,24,Manly Sea Eagles,Manly Sea Eagles,Manly Sea Eagles,Manly Sea Eagles,Manly Sea Eagles
2012,Rd 26,7,Brisbane Broncos,Penrith Panthers,19,12,Brisbane Broncos,Brisbane Broncos,Brisbane Broncos,Brisbane Broncos,Brisbane Broncos
2012,Rd 26,8,Newcastle Knights,South Sydney Rabbitohs,6,18,South Sydney Rabbitohs,South Sydney Rabbitohs,Newcastle Knights,Newcastle Knights,South Sydney Rabbitohs
2013,Rd 1,1,Newcastle Knights,Wests Tigers,42,10,Newcastle Knights,Newcastle Knights,Newcastle Knights,Newcastle Knights,Newcastle Knights
2013,Rd 1,2,Cronulla Sharks,Gold Coast Titans,12,10,Cronulla Sharks,Cronulla Sharks,Cronulla Sharks,Cronulla Sharks,Cronulla Sharks
2013,Rd 1,3,Melbourne Storm,St. George Illawarra Dragons,30,10,Melbourne Storm,Melbourne Storm,Melbourne Storm,Melbourne Storm,Melbourne Storm
2013,Rd 1,4,Penrith Panthers,Canberra Raiders,32,10,Penrith Panthers,Canberra Raiders,Penrith Panthers,Penrith Panthers,Penrith Panthers
2013,Rd 1,5,Canterbury Bulldogs,NQ Cowboys,12,24,Canterbury Bulldogs,NQ Cowboys,Canterbury Bulldogs,Canterbury Bulldogs,NQ Cowboys
2013,Rd 1,6,Parramatta Eels,New Zealand Warriors,40,10,Parramatta Eels,Parramatta Eels,New Zealand Warriors,New Zealand Warriors,Parramatta Eels
2013,Rd 1,7,Brisbane Broncos,Manly Sea Eagles,14,22,Brisbane Broncos,Brisbane Broncos,Brisbane Broncos,Brisbane Broncos,Manly Sea Eagles
2013,Rd 1,8,Sydney Roosters,South Sydney Rabbitohs,10,28,Sydney Roosters,South Sydney Rabbitohs,South Sydney Rabbitohs,South Sydney Rabbitohs,South Sydney Rabbitohs
2013,Rd 2,1,South Sydney Rabbitohs,Cronulla Sharks,14,12,South Sydney Rabbitohs,South Sydney Rabbitohs,South Sydney Rabbitohs,South Sydney Rabbitohs,South Sydney Rabbitohs
2013,Rd 2,2,Manly Sea Eagles,Newcastle Knights,32,0,Newcastle Knights,Manly Sea Eagles,Manly Sea Eagles,Manly Sea Eagles,Manly Sea Eagles
2013,Rd 2,3,Wests Tigers,Penrith Panthers,28,18,Penrith Panthers,Wests Tigers,Wests Tigers,Wests Tigers,Wests Tigers
2013,Rd 2,4,Gold Coast Titans,Canberra Raiders,36,0,Gold Coast Titans,Gold Coast Titans,Gold Coast Titans,Gold Coast Titans,Gold Coast Titans
2013,Rd 2,5,NQ Cowboys,Melbourne Storm,10,32,Melbourne Storm,NQ Cowboys,Melbourne Storm,Melbourne Storm,Melbourne Storm
2013,Rd 2,6,New Zealand Warriors,Sydney Roosters,14,16,Sydney Roosters,Sydney Roosters,New Zealand Warriors,New Zealand Warriors,Sydney Roosters
2013,Rd 2,7,St. George Illawarra Dragons,Brisbane Broncos,6,22,Brisbane Broncos,Brisbane Broncos,St. George Illawarra Dragons,St. George Illawarra Dragons,Brisbane Broncos
2013,Rd 2,8,Parramatta Eels,Canterbury Bulldogs,16,20,Parramatta Eels,Canterbury Bulldogs,Canterbury Bulldogs,Canterbury Bulldogs,Canterbury Bulldogs
2013,Rd 3,1,Newcastle Knights,NQ Cowboys,34,6,Newcastle Knights,NQ Cowboys,Newcastle Knights,Newcastle Knights,Newcastle Knights
2013,Rd 3,2,Canberra Raiders,St. George Illawarra Dragons,30,17,St. George Illawarra Dragons,Canberra Raiders,Canberra Raiders,Canberra Raiders,Canberra Raiders
2013,Rd 3,3,Penrith Panthers,South Sydney Rabbitohs,32,44,South Sydney Rabbitohs,South Sydney Rabbitohs,South Sydney Rabbitohs,South Sydney Rabbitohs,South Sydney Rabbitohs
2013,Rd 3,4,Cronulla Sharks,New Zealand Warriors,28,4,Cronulla Sharks,Cronulla Sharks,Cronulla Sharks,Cronulla Sharks,Cronulla Sharks
2013,Rd 3,5,Sydney Roosters,Brisbane Broncos,8,0,Brisbane Broncos,Sydney Roosters,Brisbane Broncos,Brisbane Broncos,Sydney Roosters
2013,Rd 3,6,Gold Coast Titans,Manly Sea Eagles,16,14,Manly Sea Eagles,Manly Sea Eagles,Manly Sea Eagles,Manly Sea Eagles,Gold Coast Titans
2013,Rd 3,7,Wests Tigers,Parramatta Eels,31,18,Parramatta Eels,Wests Tigers,Wests Tigers,Wests Tigers,Wests Tigers
2013,Rd 3,8,Melbourne Storm,Canterbury Bulldogs,22,18,Melbourne Storm,Melbourne Storm,Melbourne Storm,Melbourne Storm,Melbourne Storm
2013,Rd 4,1,Sydney Roosters,Parramatta Eels,50,0,Sydney Roosters,Sydney Roosters,Sydney Roosters,Sydney Roosters,Sydney Roosters
2013,Rd 4,2,New Zealand Warriors,NQ Cowboys,20,18,NQ Cowboys,NQ Cowboys,NQ Cowboys,NQ Cowboys,New Zealand Warriors
2013,Rd 4,3,Newcastle Knights,Canberra Raiders,28,12,Newcastle Knights,Newcastle Knights,Newcastle Knights,Newcastle Knights,Newcastle Knights
2013,Rd 4,4,Penrith Panthers,Gold Coast Titans,10,28,Gold Coast Titans,Gold Coast Titans,Penrith Panthers,Penrith Panthers,Gold Coast Titans
2013,Rd 4,5,Cronulla Sharks,St. George Illawarra Dragons,12,25,Cronulla Sharks,Cronulla Sharks,Cronulla Sharks,Cronulla Sharks,St. George Illawarra Dragons
2013,Rd 4,6,Brisbane Broncos,Melbourne Storm,26,32,Melbourne Storm,Melbourne Storm,Melbourne Storm,Melbourne Storm,Melbourne Storm
2013,Rd 4,7,Canterbury Bulldogs,South Sydney Rabbitohs,12,17,South Sydney Rabbitohs,South Sydney Rabbitohs,Canterbury Bulldogs,Canterbury Bulldogs,South Sydney Rabbitohs
2013,Rd 4,8,Manly Sea Eagles,Wests Tigers,26,0,Manly Sea Eagles,Manly Sea Eagles,Manly Sea Eagles,Manly Sea Eagles,Manly Sea Eagles
2013,Rd 5,1,Melbourne Storm,Wests Tigers,26,12,Melbourne Storm,Melbourne Storm,Melbourne Storm,Melbourne Storm,Melbourne Storm
2013,Rd 5,2,Canberra Raiders,Sydney Roosters,24,22,Sydney Roosters,Sydney Roosters,Canberra Raiders,Canberra Raiders,Canberra Raiders
2013,Rd 5,3,St. George Illawarra Dragons,Newcastle Knights,19,16,Newcastle Knights,Newcastle Knights,St. George Illawarra Dragons,St. George Illawarra Dragons,St. George Illawarra Dragons
2013,Rd 5,4,New Zealand Warriors,South Sydney Rabbitohs,22,24,South Sydney Rabbitohs,South Sydney Rabbitohs,South Sydney Rabbitohs,South Sydney Rabbitohs,South Sydney Rabbitohs
2013,Rd 5,5,NQ Cowboys,Penrith Panthers,30,0,Penrith Panthers,NQ Cowboys,NQ Cowboys,NQ Cowboys,NQ Cowboys
2013,Rd 5,6,Parramatta Eels,Cronulla Sharks,13,6,Cronulla Sharks,Cronulla Sharks,Cronulla Sharks,Cronulla Sharks,Parramatta Eels
2013,Rd 5,7,Gold Coast Titans,Brisbane Broncos,12,32,Gold Coast Titans,Gold Coast Titans,Gold Coast Titans,Gold Coast Titans,Brisbane Broncos
2013,Rd 5,8,Canterbury Bulldogs,Manly Sea Eagles,6,20,Manly Sea Eagles,Manly Sea Eagles,Manly Sea Eagles,Manly Sea Eagles,Manly Sea Eagles
2013,Rd 6,1,Gold Coast Titans,Parramatta Eels,28,22,Gold Coast Titans,Gold Coast Titans,Gold Coast Titans,Gold Coast Titans,Gold Coast Titans
2013,Rd 6,2,Wests Tigers,St. George Illawarra Dragons,12,13,St. George Illawarra Dragons,St. George Illawarra Dragons,Wests Tigers,Wests Tigers,St. George Illawarra Dragons
2013,Rd 6,3,Manly Sea Eagles,Cronulla Sharks,25,18,Manly Sea Eagles,Manly Sea Eagles,Manly Sea Eagles,Manly Sea Eagles,Manly Sea Eagles
2013,Rd 6,4,Canberra Raiders,New Zealand Warriors,20,16,Canberra Raiders,Canberra Raiders,Canberra Raiders,Canberra Raiders,Canberra Raiders
2013,Rd 6,5,South Sydney Rabbitohs,Melbourne Storm,10,17,Melbourne Storm,South Sydney Rabbitohs,Melbourne Storm,Melbourne Storm,Melbourne Storm
2013,Rd 6,6,Newcastle Knights,Penrith Panthers,8,6,Newcastle Knights,Newcastle Knights,Newcastle Knights,Newcastle Knights,Newcastle Knights
2013,Rd 6,7,Brisbane Broncos,NQ Cowboys,12,10,Brisbane Broncos,Brisbane Broncos,Brisbane Broncos,Brisbane Broncos,Brisbane Broncos
2013,Rd 6,8,Sydney Roosters,Canterbury Bulldogs,38,0,Sydney Roosters,Sydney Roosters,Canterbury Bulldogs,Canterbury Bulldogs,Sydney Roosters
2013,Rd 7,1,Penrith Panthers,Parramatta Eels,44,12,Parramatta Eels,Parramatta Eels,Penrith Panthers,Penrith Panthers,Penrith Panthers
2013,Rd 7,2,Cronulla Sharks,Canterbury Bulldogs,8,24,Cronulla Sharks,Canterbury Bulldogs,Canterbury Bulldogs,Canterbury Bulldogs,Canterbury Bulldogs
2013,Rd 7,3,Gold Coast Titans,Newcastle Knights,6,30,Newcastle Knights,Gold Coast Titans,Gold Coast Titans,Gold Coast Titans,Newcastle Knights
2013,Rd 7,4,Wests Tigers,Brisbane Broncos,10,20,Brisbane Broncos,Brisbane Broncos,Brisbane Broncos,Brisbane Broncos,Brisbane Broncos
2013,Rd 7,5,NQ Cowboys,Canberra Raiders,30,12,Canberra Raiders,NQ Cowboys,NQ Cowboys,NQ Cowboys,NQ Cowboys
2013,Rd 7,6,Manly Sea Eagles,South Sydney Rabbitohs,12,20,Manly Sea Eagles,Manly Sea Eagles,Manly Sea Eagles,Manly Sea Eagles,South Sydney Rabbitohs
2013,Rd 7,7,Melbourne Storm,New Zealand Warriors,28,18,Melbourne Storm,Melbourne Storm,Melbourne Storm,Melbourne Storm,Melbourne Storm
2013,Rd 7,8,Sydney Roosters,St. George Illawarra Dragons,34,10,Sydney Roosters,Sydney Roosters,Sydney Roosters,Sydney Roosters,Sydney Roosters
2013,Rd 8,1,St. George Illawarra Dragons,Manly Sea Eagles,18,24,Manly Sea Eagles,Manly Sea Eagles,Manly Sea Eagles,Manly Sea Eagles,Manly Sea Eagles
2013,Rd 8,2,Sydney Roosters,Penrith Panthers,30,6,Sydney Roosters,Sydney Roosters,Sydney Roosters,Sydney Roosters,Sydney Roosters
2013,Rd 8,3,Newcastle Knights,Cronulla Sharks,20,21,Newcastle Knights,Newcastle Knights,Newcastle Knights,Newcastle Knights,Cronulla Sharks
2013,Rd 8,4,New Zealand Warriors,Gold Coast Titans,25,24,Gold Coast Titans,New Zealand Warriors,New Zealand Warriors,New Zealand Warriors,New Zealand Warriors
2013,Rd 8,5,Parramatta Eels,NQ Cowboys,10,14,NQ Cowboys,NQ Cowboys,NQ Cowboys,NQ Cowboys,NQ Cowboys
2013,Rd 8,6,Melbourne Storm,Canberra Raiders,20,24,Melbourne Storm,Melbourne Storm,Melbourne Storm,Melbourne Storm,Canberra Raiders
2013,Rd 8,7,Brisbane Broncos,South Sydney Rabbitohs,12,26,South Sydney Rabbitohs,South Sydney Rabbitohs,Brisbane Broncos,Brisbane Broncos,South Sydney Rabbitohs
2013,Rd 8,8,Canterbury Bulldogs,Wests Tigers,40,4,Canterbury Bulldogs,Canterbury Bulldogs,Canterbury Bulldogs,Canterbury Bulldogs,Canterbury Bulldogs
2013,Rd 9,1,Manly Sea Eagles,Sydney Roosters,4,16,Sydney Roosters,Sydney Roosters,Manly Sea Eagles,Manly Sea Eagles,Sydney Roosters
2013,Rd 9,2,Penrith Panthers,Melbourne Storm,12,10,Melbourne Storm,Melbourne Storm,Melbourne Storm,Melbourne Storm,Penrith Panthers
2013,Rd 9,3,Gold Coast Titans,St. George Illawarra Dragons,15,14,Gold Coast Titans,Gold Coast Titans,Gold Coast Titans,Gold Coast Titans,Gold Coast Titans
2013,Rd 9,4,Canberra Raiders,Newcastle Knights,44,14,Newcastle Knights,Canberra Raiders,Newcastle Knights,Newcastle Knights,Canberra Raiders
2013,Rd 9,5,Parramatta Eels,Brisbane Broncos,19,18,Brisbane Broncos,Brisbane Broncos,Brisbane Broncos,Brisbane Broncos,Parramatta Eels
2013,Rd 9,6,New Zealand Warriors,Canterbury Bulldogs,16,24,Canterbury Bulldogs,Canterbury Bulldogs,Canterbury Bulldogs,Canterbury Bulldogs,Canterbury Bulldogs
2013,Rd 9,7,South Sydney Rabbitohs,NQ Cowboys,28,10,South Sydney Rabbitohs,South Sydney Rabbitohs,South Sydney Rabbitohs,South Sydney Rabbitohs,South Sydney Rabbitohs
2013,Rd 9,8,Wests Tigers,Cronulla Sharks,6,30,Cronulla Sharks,Cronulla Sharks,Wests Tigers,Wests Tigers,Cronulla Sharks
2013,Rd 10,1,Melbourne Storm,Manly Sea Eagles,10,10,Melbourne Storm,Melbourne Storm,Melbourne Storm,Melbourne Storm,Manly Sea Eagles
2013,Rd 10,2,Newcastle Knights,Canterbury Bulldogs,44,8,Newcastle Knights,Canterbury Bulldogs,Newcastle Knights,Newcastle Knights,Newcastle Knights
2013,Rd 10,3,Cronulla Sharks,Canberra Raiders,30,20,Canberra Raiders,Cronulla Sharks,Cronulla Sharks,Cronulla Sharks,Cronulla Sharks
2013,Rd 10,4,NQ Cowboys,Sydney Roosters,8,12,Sydney Roosters,Sydney Roosters,NQ Cowboys,NQ Cowboys,Sydney Roosters
2013,Rd 10,5,Penrith Panthers,New Zealand Warriors,62,6,Penrith Panthers,Penrith Panthers,Penrith Panthers,Penrith Panthers,Penrith Panthers
2013,Rd 10,6,St. George Illawarra Dragons,Parramatta Eels,32,12,St. George Illawarra Dragons,St. George Illawarra Dragons,St. George Illawarra Dragons,St. George Illawarra Dragons,St. George Illawarra Dragons
2013,Rd 10,7,Brisbane Broncos,Gold Coast Titans,32,6,Gold Coast Titans,Brisbane Broncos,Brisbane Broncos,Brisbane Broncos,Brisbane Broncos
2013,Rd 10,8,South Sydney Rabbitohs,Wests Tigers,54,10,South Sydney Rabbitohs,South Sydney Rabbitohs,South Sydney Rabbitohs,South Sydney Rabbitohs,South Sydney Rabbitohs
2013,Rd 11,1,Cronulla Sharks,South Sydney Rabbitohs,14,12,South Sydney Rabbitohs,South Sydney Rabbitohs,South Sydney Rabbitohs,South Sydney Rabbitohs,Cronulla Sharks
2013,Rd 11,2,Parramatta Eels,Gold Coast Titans,4,42,Gold Coast Titans,Gold Coast Titans,Gold Coast Titans,Gold Coast Titans,Gold Coast Titans
2013,Rd 11,3,New Zealand Warriors,Newcastle Knights,28,12,Newcastle Knights,Newcastle Knights,Newcastle Knights,Newcastle Knights,New Zealand Warriors
2013,Rd 11,4,Manly Sea Eagles,Canberra Raiders,16,10,Manly Sea Eagles,Manly Sea Eagles,Manly Sea Eagles,Manly Sea Eagles,Manly Sea Eagles
2013,Rd 11,5,Sydney Roosters,Melbourne Storm,18,26,Sydney Roosters,Sydney Roosters,Melbourne Storm,Melbourne Storm,Melbourne Storm
2013,Rd 11,6,St. George Illawarra Dragons,Penrith Panthers,0,19,Penrith Panthers,St. George Illawarra Dragons,St. George Illawarra Dragons,St. George Illawarra Dragons,Penrith Panthers
2013,Rd 11,7,Canterbury Bulldogs,Brisbane Broncos,24,14,Brisbane Broncos,Canterbury Bulldogs,Canterbury Bulldogs,Canterbury Bulldogs,Canterbury Bulldogs
2013,Rd 11,8,Wests Tigers,NQ Cowboys,22,20,NQ Cowboys,NQ Cowboys,NQ Cowboys,NQ Cowboys,Wests Tigers
2013,Rd 12,1,Brisbane Broncos,New Zealand Warriors,18,56,Brisbane Broncos,New Zealand Warriors,Brisbane Broncos,Brisbane Broncos,New Zealand Warriors
2013,Rd 12,2,Gold Coast Titans,NQ Cowboys,31,12,Gold Coast Titans,Gold Coast Titans,Gold Coast Titans,Gold Coast Titans,Gold Coast Titans
2013,Rd 12,3,South Sydney Rabbitohs,Newcastle Knights,25,18,South Sydney Rabbitohs,South Sydney Rabbitohs,South Sydney Rabbitohs,South Sydney Rabbitohs,South Sydney Rabbitohs
2013,Rd 12,4,Canterbury Bulldogs,St. George Illawarra Dragons,16,14,Canterbury Bulldogs,Canterbury Bulldogs,Canterbury Bulldogs,Canterbury Bulldogs,Canterbury Bulldogs
2013,Rd 13,1,Canberra Raiders,Brisbane Broncos,30,18,Canberra Raiders,Canberra Raiders,Brisbane Broncos,Brisbane Broncos,Canberra Raiders
2013,Rd 13,2,Melbourne Storm,Cronulla Sharks,38,6,Melbourne Storm,Melbourne Storm,Melbourne Storm,Melbourne Storm,Melbourne Storm
2013,Rd 13,3,Penrith Panthers,Wests Tigers,18,20,Penrith Panthers,Penrith Panthers,Penrith Panthers,Penrith Panthers,Wests Tigers
2013,Rd 13,4,New Zealand Warriors,Manly Sea Eagles,18,16,Manly Sea Eagles,Manly Sea Eagles,Manly Sea Eagles,Manly Sea Eagles,New Zealand Warriors
2013,Rd 13,5,NQ Cowboys,Canterbury Bulldogs,26,36,Canterbury Bulldogs,Canterbury Bulldogs,NQ Cowboys,NQ Cowboys,Canterbury Bulldogs
2013,Rd 13,6,Newcastle Knights,St. George Illawarra Dragons,8,14,Newcastle Knights,Newcastle Knights,Newcastle Knights,Newcastle Knights,St. George Illawarra Dragons
2013,Rd 13,7,Parramatta Eels,Sydney Roosters,24,38,Sydney Roosters,Sydney Roosters,Sydney Roosters,Sydney Roosters,Sydney Roosters
2013,Rd 14,1,Brisbane Broncos,Wests Tigers,32,12,Brisbane Broncos,Brisbane Broncos,Brisbane Broncos,Brisbane Broncos,Brisbane Broncos
2013,Rd 14,2,Sydney Roosters,New Zealand Warriors,12,23,Sydney Roosters,Sydney Roosters,Sydney Roosters,Sydney Roosters,New Zealand Warriors
2013,Rd 14,3,Melbourne Storm,Newcastle Knights,16,14,Melbourne Storm,Melbourne Storm,Melbourne Storm,Melbourne Storm,Melbourne Storm
2013,Rd 14,4,South Sydney Rabbitohs,Gold Coast Titans,30,24,South Sydney Rabbitohs,South Sydney Rabbitohs,South Sydney Rabbitohs,South Sydney Rabbitohs,South Sydney Rabbitohs
2013,Rd 14,5,Cronulla Sharks,Parramatta Eels,32,14,Cronulla Sharks,Cronulla Sharks,Cronulla Sharks,Cronulla Sharks,Cronulla Sharks
2013,Rd 14,6,Canberra Raiders,Penrith Panthers,24,12,Canberra Raiders,Canberra Raiders,Canberra Raiders,Canberra Raiders,Canberra Raiders
2013,Rd 14,7,Manly Sea Eagles,Canterbury Bulldogs,30,32,Manly Sea Eagles,Manly Sea Eagles,Manly Sea Eagles,Manly Sea Eagles,Canterbury Bulldogs
2013,Rd 14,8,St. George Illawarra Dragons,NQ Cowboys,16,22,St. George Illawarra Dragons,St. George Illawarra Dragons,St. George Illawarra Dragons,St. George Illawarra Dragons,NQ Cowboys
2013,Rd 15,1,Gold Coast Titans,Melbourne Storm,18,12,Melbourne Storm,Gold Coast Titans,Melbourne Storm,Melbourne Storm,Gold Coast Titans
2013,Rd 15,2,Parramatta Eels,South Sydney Rabbitohs,10,30,South Sydney Rabbitohs,South Sydney Rabbitohs,South Sydney Rabbitohs,South Sydney Rabbitohs,South Sydney Rabbitohs
2013,Rd 15,3,Wests Tigers,Canberra Raiders,17,12,Canberra Raiders,Canberra Raiders,Canberra Raiders,Canberra Raiders,Wests Tigers
2013,Rd 15,4,Canterbury Bulldogs,Sydney Roosters,18,20,Sydney Roosters,Canterbury Bulldogs,Canterbury Bulldogs,Canterbury Bulldogs,Sydney Roosters
2013,Rd 16,1,Sydney Roosters,Manly Sea Eagles,18,12,Sydney Roosters,Sydney Roosters,Manly Sea Eagles,Manly Sea Eagles,Sydney Roosters
2013,Rd 16,2,NQ Cowboys,Cronulla Sharks,24,4,Cronulla Sharks,NQ Cowboys,NQ Cowboys,NQ Cowboys,NQ Cowboys
2013,Rd 16,3,New Zealand Warriors,Brisbane Broncos,18,16,Brisbane Broncos,New Zealand Warriors,Brisbane Broncos,Brisbane Broncos,New Zealand Warriors
2013,Rd 16,4,Newcastle Knights,Gold Coast Titans,46,16,Gold Coast Titans,Newcastle Knights,Newcastle Knights,Newcastle Knights,Newcastle Knights
2013,Rd 16,5,Penrith Panthers,St. George Illawarra Dragons,25,10,Penrith Panthers,Penrith Panthers,Penrith Panthers,Penrith Panthers,Penrith Panthers
2013,Rd 16,6,Wests Tigers,Melbourne Storm,22,4,Melbourne Storm,Melbourne Storm,Melbourne Storm,Melbourne Storm,Wests Tigers
2013,Rd 16,7,South Sydney Rabbitohs,Canberra Raiders,32,2,South Sydney Rabbitohs,South Sydney Rabbitohs,South Sydney Rabbitohs,South Sydney Rabbitohs,South Sydney Rabbitohs
2013,Rd 17,1,Manly Sea Eagles,Parramatta Eels,50,10,Manly Sea Eagles,Manly Sea Eagles,Manly Sea Eagles,Manly Sea Eagles,Manly Sea Eagles
2013,Rd 17,2,South Sydney Rabbitohs,New Zealand Warriors,30,13,South Sydney Rabbitohs,South Sydney Rabbitohs,South Sydney Rabbitohs,South Sydney Rabbitohs,South Sydney Rabbitohs
2013,Rd 17,3,Canterbury Bulldogs,Newcastle Knights,12,18,Canterbury Bulldogs,Canterbury Bulldogs,Canterbury Bulldogs,Canterbury Bulldogs,Newcastle Knights
2013,Rd 17,4,Canberra Raiders,NQ Cowboys,26,18,Canberra Raiders,Canberra Raiders,Canberra Raiders,Canberra Raiders,Canberra Raiders
2013,Rd 17,5,Gold Coast Titans,Penrith Panthers,18,40,Gold Coast Titans,Gold Coast Titans,Gold Coast Titans,Gold Coast Titans,Penrith Panthers
2013,Rd 17,6,St. George Illawarra Dragons,Sydney Roosters,0,36,Sydney Roosters,Sydney Roosters,Sydney Roosters,Sydney Roosters,Sydney Roosters
2013,Rd 17,7,Cronulla Sharks,Wests Tigers,36,22,Cronulla Sharks,Cronulla Sharks,Cronulla Sharks,Cronulla Sharks,Cronulla Sharks
2013,Rd 17,8,Melbourne Storm,Brisbane Broncos,32,0,Melbourne Storm,Melbourne Storm,Melbourne Storm,Melbourne Storm,Melbourne Storm
2013,Rd 18,1,NQ Cowboys,Manly Sea Eagles,14,34,Manly Sea Eagles,Manly Sea Eagles,Manly Sea Eagles,Manly Sea Eagles,Manly Sea Eagles
2013,Rd 18,2,Canterbury Bulldogs,Melbourne Storm,39,0,Melbourne Storm,Canterbury Bulldogs,Melbourne Storm,Melbourne Storm,Canterbury Bulldogs
2013,Rd 18,3,Parramatta Eels,Penrith Panthers,10,17,Penrith Panthers,Penrith Panthers,Penrith Panthers,Penrith Panthers,Penrith Panthers
2013,Rd 18,4,Brisbane Broncos,Cronulla Sharks,18,19,Cronulla Sharks,Cronulla Sharks,Brisbane Broncos,Brisbane Broncos,Cronulla Sharks
2013,Rd 19,1,South Sydney Rabbitohs,St. George Illawarra Dragons,18,22,South Sydney Rabbitohs,South Sydney Rabbitohs,South Sydney Rabbitohs,South Sydney Rabbitohs,St. George Illawarra Dragons
2013,Rd 19,2,Manly Sea Eagles,Gold Coast Titans,38,20,Manly Sea Eagles,Manly Sea Eagles,Manly Sea Eagles,Manly Sea Eagles,Manly Sea Eagles
2013,Rd 19,3,Penrith Panthers,Newcastle Knights,14,32,Newcastle Knights,Newcastle Knights,Penrith Panthers,Penrith Panthers,Newcastle Knights
2013,Rd 19,4,Sydney Roosters,Cronulla Sharks,40,0,Sydney Roosters,Sydney Roosters,Sydney Roosters,Sydney Roosters,Sydney Roosters
2013,Rd 19,5,Canberra Raiders,Parramatta Eels,14,0,Canberra Raiders,Canberra Raiders,Canberra Raiders,Canberra Raiders,Canberra Raiders
2013,Rd 19,6,Wests Tigers,New Zealand Warriors,14,24,New Zealand Warriors,New Zealand Warriors,Wests Tigers,Wests Tigers,New Zealand Warriors
2013,Rd 20,1,Wests Tigers,Manly Sea Eagles,18,36,Manly Sea Eagles,Manly Sea Eagles,Manly Sea Eagles,Manly Sea Eagles,Manly Sea Eagles
2013,Rd 20,2,Newcastle Knights,Sydney Roosters,12,28,Sydney Roosters,Sydney Roosters,Newcastle Knights,Newcastle Knights,Sydney Roosters
2013,Rd 20,3,Cronulla Sharks,Penrith Panthers,38,10,Cronulla Sharks,Cronulla Sharks,Cronulla Sharks,Cronulla Sharks,Cronulla Sharks
2013,Rd 20,4,New Zealand Warriors,Melbourne Storm,30,22,Melbourne Storm,Melbourne Storm,Melbourne Storm,Melbourne Storm,New Zealand Warriors
2013,Rd 20,5,Gold Coast Titans,South Sydney Rabbitohs,4,32,South Sydney Rabbitohs,South Sydney Rabbitohs,South Sydney Rabbitohs,South Sydney Rabbitohs,South Sydney Rabbitohs
2013,Rd 20,6,St. George Illawarra Dragons,Canberra Raiders,18,22,Canberra Raiders,Canberra Raiders,St. George Illawarra Dragons,St. George Illawarra Dragons,Canberra Raiders
2013,Rd 20,7,Canterbury Bulldogs,Parramatta Eels,40,12,Canterbury Bulldogs,Canterbury Bulldogs,Canterbury Bulldogs,Canterbury Bulldogs,Canterbury Bulldogs
2013,Rd 20,8,NQ Cowboys,Brisbane Broncos,16,18,Brisbane Broncos,NQ Cowboys,NQ Cowboys,NQ Cowboys,Brisbane Broncos
2013,Rd 21,1,St. George Illawarra Dragons,Canterbury Bulldogs,20,39,Canterbury Bulldogs,Canterbury Bulldogs,Canterbury Bulldogs,Canterbury Bulldogs,Canterbury Bulldogs
2013,Rd 21,2,Gold Coast Titans,Wests Tigers,36,6,Gold Coast Titans,Gold Coast Titans,Gold Coast Titans,Gold Coast Titans,Gold Coast Titans
2013,Rd 21,3,Canberra Raiders,Melbourne Storm,5,8,Melbourne Storm,Melbourne Storm,Melbourne Storm,Melbourne Storm,Melbourne Storm
2013,Rd 21,4,NQ Cowboys,South Sydney Rabbitohs,30,12,South Sydney Rabbitohs,South Sydney Rabbitohs,South Sydney Rabbitohs,South Sydney Rabbitohs,NQ Cowboys
2013,Rd 21,5,Parramatta Eels,Manly Sea Eagles,6,40,Manly Sea Eagles,Manly Sea Eagles,Manly Sea Eagles,Manly Sea Eagles,Manly Sea Eagles
2013,Rd 21,6,New Zealand Warriors,Cronulla Sharks,14,18,Cronulla Sharks,New Zealand Warriors,New Zealand Warriors,New Zealand Warriors,Cronulla Sharks
2013,Rd 21,7,Newcastle Knights,Brisbane Broncos,18,18,Newcastle Knights,Newcastle Knights,Newcastle Knights,Newcastle Knights,Brisbane Broncos
2013,Rd 21,8,Penrith Panthers,Sydney Roosters,6,42,Sydney Roosters,Sydney Roosters,Sydney Roosters,Sydney Roosters,Sydney Roosters
2013,Rd 22,1,Canterbury Bulldogs,Gold Coast Titans,16,26,Canterbury Bulldogs,Canterbury Bulldogs,Canterbury Bulldogs,Canterbury Bulldogs,Gold Coast Titans
2013,Rd 22,2,Penrith Panthers,NQ Cowboys,4,36,Penrith Panthers,NQ Cowboys,NQ Cowboys,NQ Cowboys,NQ Cowboys
2013,Rd 22,3,Brisbane Broncos,St. George Illawarra Dragons,26,24,Brisbane Broncos,Brisbane Broncos,Brisbane Broncos,Brisbane Broncos,Brisbane Broncos
2013,Rd 22,4,Manly Sea Eagles,New Zealand Warriors,27,12,Manly Sea Eagles,Manly Sea Eagles,Manly Sea Eagles,Manly Sea Eagles,Manly Sea Eagles
2013,Rd 22,5,Cronulla Sharks,Newcastle Knights,14,18,Cronulla Sharks,Cronulla Sharks,Cronulla Sharks,Cronulla Sharks,Newcastle Knights
2013,Rd 22,6,Sydney Roosters,Canberra Raiders,28,22,Sydney Roosters,Sydney Roosters,Sydney Roosters,Sydney Roosters,Sydney Roosters
2013,Rd 22,7,Melbourne Storm,South Sydney Rabbitohs,26,8,South Sydney Rabbitohs,Melbourne Storm,Melbourne Storm,Melbourne Storm,Melbourne Storm
2013,Rd 22,8,Parramatta Eels,Wests Tigers,26,22,Wests Tigers,Parramatta Eels,Wests Tigers,Wests Tigers,Parramatta Eels
2013,Rd 23,1,Wests Tigers,Sydney Roosters,14,56,Sydney Roosters,Sydney Roosters,Sydney Roosters,Sydney Roosters,Sydney Roosters
2013,Rd 23,2,Newcastle Knights,Melbourne Storm,10,23,Melbourne Storm,Melbourne Storm,Melbourne Storm,Melbourne Storm,Melbourne Storm
2013,Rd 23,3,New Zealand Warriors,Penrith Panthers,24,28,New Zealand Warriors,New Zealand Warriors,New Zealand Warriors,New Zealand Warriors,Penrith Panthers
2013,Rd 23,4,St. George Illawarra Dragons,Cronulla Sharks,18,22,Cronulla Sharks,Cronulla Sharks,St. George Illawarra Dragons,St. George Illawarra Dragons,Cronulla Sharks
2013,Rd 23,5,NQ Cowboys,Gold Coast Titans,22,10,Gold Coast Titans,NQ Cowboys,NQ Cowboys,NQ Cowboys,NQ Cowboys
2013,Rd 23,6,Canberra Raiders,Canterbury Bulldogs,16,28,Canterbury Bulldogs,Canberra Raiders,Canterbury Bulldogs,Canterbury Bulldogs,Canterbury Bulldogs
2013,Rd 23,7,Brisbane Broncos,Parramatta Eels,22,12,Brisbane Broncos,Brisbane Broncos,Brisbane Broncos,Brisbane Broncos,Brisbane Broncos
2013,Rd 23,8,South Sydney Rabbitohs,Manly Sea Eagles,22,10,South Sydney Rabbitohs,Manly Sea Eagles,South Sydney Rabbitohs,South Sydney Rabbitohs,South Sydney Rabbitohs
2013,Rd 24,1,Cronulla Sharks,Sydney Roosters,32,22,Sydney Roosters,Sydney Roosters,Sydney Roosters,Sydney Roosters,Cronulla Sharks
2013,Rd 24,2,Melbourne Storm,Parramatta Eels,64,4,Melbourne Storm,Melbourne Storm,Melbourne Storm,Melbourne Storm,Melbourne Storm
2013,Rd 24,3,Canberra Raiders,Manly Sea Eagles,22,36,Manly Sea Eagles,Manly Sea Eagles,Manly Sea Eagles,Manly Sea Eagles,Manly Sea Eagles
2013,Rd 24,4,NQ Cowboys,Newcastle Knights,26,6,Newcastle Knights,NQ Cowboys,NQ Cowboys,NQ Cowboys,NQ Cowboys
2013,Rd 24,5,Gold Coast Titans,New Zealand Warriors,22,24,Gold Coast Titans,New Zealand Warriors,Gold Coast Titans,Gold Coast Titans,New Zealand Warriors
2013,Rd 24,6,St. George Illawarra Dragons,Wests Tigers,18,34,St. George Illawarra Dragons,St. George Illawarra Dragons,St. George Illawarra Dragons,St. George Illawarra Dragons,Wests Tigers
2013,Rd 24,7,Penrith Panthers,Brisbane Broncos,28,12,Brisbane Broncos,Brisbane Broncos,Brisbane Broncos,Brisbane Broncos,Penrith Panthers
2013,Rd 24,8,South Sydney Rabbitohs,Canterbury Bulldogs,28,20,South Sydney Rabbitohs,South Sydney Rabbitohs,South Sydney Rabbitohs,South Sydney Rabbitohs,South Sydney Rabbitohs
2013,Rd 25,1,Parramatta Eels,St. George Illawarra Dragons,26,22,St. George Illawarra Dragons,St. George Illawarra Dragons,St. George Illawarra Dragons,St. George Illawarra Dragons,Parramatta Eels
2013,Rd 25,2,Sydney Roosters,Gold Coast Titans,22,30,Sydney Roosters,Sydney Roosters,Sydney Roosters,Sydney Roosters,Gold Coast Titans
2013,Rd 25,3,Cronulla Sharks,NQ Cowboys,18,31,Cronulla Sharks,Cronulla Sharks,Cronulla Sharks,Cronulla Sharks,NQ Cowboys
2013,Rd 25,4,Manly Sea Eagles,Melbourne Storm,28,8,Melbourne Storm,Melbourne Storm,Manly Sea Eagles,Manly Sea Eagles,Manly Sea Eagles
2013,Rd 25,5,Canterbury Bulldogs,Penrith Panthers,34,14,Canterbury Bulldogs,Canterbury Bulldogs,Canterbury Bulldogs,Canterbury Bulldogs,Canterbury Bulldogs
2013,Rd 25,6,New Zealand Warriors,Canberra Raiders,50,16,Canberra Raiders,New Zealand Warriors,New Zealand Warriors,New Zealand Warriors,New Zealand Warriors
2013,Rd 25,7,Brisbane Broncos,Newcastle Knights,18,26,Newcastle Knights,Brisbane Broncos,Brisbane Broncos,Brisbane Broncos,Newcastle Knights
2013,Rd 25,8,Wests Tigers,South Sydney Rabbitohs,18,32,South Sydney Rabbitohs,South Sydney Rabbitohs,South Sydney Rabbitohs,South Sydney Rabbitohs,South Sydney Rabbitohs
2013,Rd 26,1,Canberra Raiders,Cronulla Sharks,18,38,Cronulla Sharks,Canberra Raiders,Canberra Raiders,Canberra Raiders,Cronulla Sharks
2013,Rd 26,2,Newcastle Knights,Parramatta Eels,54,6,Newcastle Knights,Newcastle Knights,Newcastle Knights,Newcastle Knights,Newcastle Knights
2013,Rd 26,3,Manly Sea Eagles,Penrith Panthers,26,38,Manly Sea Eagles,Manly Sea Eagles,Manly Sea Eagles,Manly Sea Eagles,Penrith Panthers
2013,Rd 26,4,NQ Cowboys,Wests Tigers,50,22,NQ Cowboys,NQ Cowboys,NQ Cowboys,NQ Cowboys,NQ Cowboys
2013,Rd 26,5,Melbourne Storm,Gold Coast Titans,23,22,Melbourne Storm,Melbourne Storm,Melbourne Storm,Melbourne Storm,Melbourne Storm
2013,Rd 26,6,St. George Illawarra Dragons,New Zealand Warriors,19,10,New Zealand Warriors,New Zealand Warriors,St. George Illawarra Dragons,St. George Illawarra Dragons,St. George Illawarra Dragons
2013,Rd 26,7,South Sydney Rabbitohs,Sydney Roosters,12,24,South Sydney Rabbitohs,South Sydney Rabbitohs,South Sydney Rabbitohs,South Sydney Rabbitohs,Sydney Roosters
2013,Rd 26,8,Brisbane Broncos,Canterbury Bulldogs,16,11,Canterbury Bulldogs,Canterbury Bulldogs,Canterbury Bulldogs,Canterbury Bulldogs,Brisbane Broncos
2014,Rd 1,1,Cronulla Sharks,Gold Coast Titans,12,18,Cronulla Sharks,Cronulla Sharks,Cronulla Sharks,Cronulla Sharks,Gold Coast Titans
2014,Rd 1,2,Parramatta Eels,New Zealand Warriors,36,16,Parramatta Eels,New Zealand Warriors,New Zealand Warriors,New Zealand Warriors,Parramatta Eels
2014,Rd 1,3,St. George Illawarra Dragons,Wests Tigers,44,24,St. George Illawarra Dragons,St. George Illawarra Dragons,St. George Illawarra Dragons,St. George Illawarra Dragons,St. George Illawarra Dragons
2014,Rd 1,4,NQ Cowboys,Canberra Raiders,28,22,NQ Cowboys,NQ Cowboys,NQ Cowboys,NQ Cowboys,NQ Cowboys
2014,Rd 1,5,Manly Sea Eagles,Melbourne Storm,22,23,Manly Sea Eagles,Manly Sea Eagles,Manly Sea Eagles,Manly Sea Eagles,Melbourne Storm
2014,Rd 1,6,Penrith Panthers,Newcastle Knights,30,8,Penrith Panthers,Penrith Panthers,Penrith Panthers,Penrith Panthers,Penrith Panthers
2014,Rd 1,7,Canterbury Bulldogs,Brisbane Broncos,12,18,Canterbury Bulldogs,Canterbury Bulldogs,Canterbury Bulldogs,Canterbury Bulldogs,Brisbane Broncos
2014,Rd 1,8,South Sydney Rabbitohs,Sydney Roosters,28,8,South Sydney Rabbitohs,Sydney Roosters,South Sydney Rabbitohs,South Sydney Rabbitohs,South Sydney Rabbitohs
2014,Rd 2,1,Canterbury Bulldogs,Cronulla Sharks,42,4,Cronulla Sharks,Canterbury Bulldogs,Canterbury Bulldogs,Canterbury Bulldogs,Canterbury Bulldogs
2014,Rd 2,2,Newcastle Knights,Canberra Raiders,20,26,Canberra Raiders,Newcastle Knights,Newcastle Knights,Newcastle Knights,Canberra Raiders
2014,Rd 2,3,Gold Coast Titans,Wests Tigers,12,42,Gold Coast Titans,Gold Coast Titans,Gold Coast Titans,Gold Coast Titans,Wests Tigers
2014,Rd 2,4,Sydney Roosters,Parramatta Eels,56,4,Parramatta Eels,Sydney Roosters,Sydney Roosters,Sydney Roosters,Sydney Roosters
2014,Rd 2,5,Melbourne Storm,Penrith Panthers,18,17,Penrith Panthers,Melbourne Storm,Melbourne Storm,Melbourne Storm,Melbourne Storm
2014,Rd 2,6,New Zealand Warriors,St. George Illawarra Dragons,12,31,St. George Illawarra Dragons,New Zealand Warriors,New Zealand Warriors,New Zealand Warriors,St. George Illawarra Dragons
2014,Rd 2,7,Brisbane Broncos,NQ Cowboys,16,12,NQ Cowboys,NQ Cowboys,Brisbane Broncos,Brisbane Broncos,Brisbane Broncos
2014,Rd 2,8,Manly Sea Eagles,South Sydney Rabbitohs,14,12,South Sydney Rabbitohs,South Sydney Rabbitohs,Manly Sea Eagles,Manly Sea Eagles,Manly Sea Eagles
2014,Rd 3,1,Melbourne Storm,Newcastle Knights,28,20,Melbourne Storm,Melbourne Storm,Melbourne Storm,Melbourne Storm,Melbourne Storm
2014,Rd 3,2,Canberra Raiders,Gold Coast Titans,12,24,Canberra Raiders,Canberra Raiders,Canberra Raiders,Canberra Raiders,Gold Coast Titans
2014,Rd 3,3,Manly Sea Eagles,Parramatta Eels,22,18,Manly Sea Eagles,Manly Sea Eagles,Manly Sea Eagles,Manly Sea Eagles,Manly Sea Eagles
2014,Rd 3,4,NQ Cowboys,New Zealand Warriors,16,20,NQ Cowboys,NQ Cowboys,NQ Cowboys,NQ Cowboys,New Zealand Warriors
2014,Rd 3,5,Cronulla Sharks,St. George Illawarra Dragons,12,14,St. George Illawarra Dragons,St. George Illawarra Dragons,Cronulla Sharks,Cronulla Sharks,St. George Illawarra Dragons
2014,Rd 3,6,Penrith Panthers,Canterbury Bulldogs,18,16,Canterbury Bulldogs,Penrith Panthers,Canterbury Bulldogs,Canterbury Bulldogs,Penrith Panthers
2014,Rd 3,7,Brisbane Broncos,Sydney Roosters,26,30,Brisbane Broncos,Sydney Roosters,Brisbane Broncos,Brisbane Broncos,Sydney Roosters
2014,Rd 3,8,Wests Tigers,South Sydney Rabbitohs,25,16,South Sydney Rabbitohs,South Sydney Rabbitohs,South Sydney Rabbitohs,South Sydney Rabbitohs,Wests Tigers
2014,Rd 4,1,Gold Coast Titans,NQ Cowboys,13,12,Gold Coast Titans,NQ Cowboys,NQ Cowboys,NQ Cowboys,Gold Coast Titans
2014,Rd 4,2,Newcastle Knights,Cronulla Sharks,30,0,Newcastle Knights,Newcastle Knights,Newcastle Knights,Newcastle Knights,Newcastle Knights
2014,Rd 4,3,South Sydney Rabbitohs,Canberra Raiders,18,30,South Sydney Rabbitohs,South Sydney Rabbitohs,South Sydney Rabbitohs,South Sydney Rabbitohs,Canberra Raiders
2014,Rd 4,4,Canterbury Bulldogs,Melbourne Storm,40,12,Melbourne Storm,Melbourne Storm,Melbourne Storm,Melbourne Storm,Canterbury Bulldogs
2014,Rd 4,5,Parramatta Eels,Penrith Panthers,32,16,Penrith Panthers,Penrith Panthers,Penrith Panthers,Penrith Panthers,Parramatta Eels
2014,Rd 4,6,New Zealand Warriors,Wests Tigers,42,18,Wests Tigers,New Zealand Warriors,New Zealand Warriors,New Zealand Warriors,New Zealand Warriors
2014,Rd 4,7,St. George Illawarra Dragons,Brisbane Broncos,20,36,St. George Illawarra Dragons,St. George Illawarra Dragons,St. George Illawarra Dragons,St. George Illawarra Dragons,Brisbane Broncos
2014,Rd 4,8,Sydney Roosters,Manly Sea Eagles,0,8,Sydney Roosters,Sydney Roosters,Sydney Roosters,Sydney Roosters,Manly Sea Eagles
2014,Rd 5,1,NQ Cowboys,Newcastle Knights,28,2,NQ Cowboys,NQ Cowboys,NQ Cowboys,NQ Cowboys,NQ Cowboys
2014,Rd 5,2,Wests Tigers,Manly Sea Eagles,34,18,Manly Sea Eagles,Manly Sea Eagles,Manly Sea Eagles,Manly Sea Eagles,Wests Tigers
2014,Rd 5,3,Melbourne Storm,Gold Coast Titans,26,28,Gold Coast Titans,Melbourne Storm,Melbourne Storm,Melbourne Storm,Gold Coast Titans
2014,Rd 5,4,St. George Illawarra Dragons,South Sydney Rabbitohs,6,26,St. George Illawarra Dragons,South Sydney Rabbitohs,South Sydney Rabbitohs,South Sydney Rabbitohs,South Sydney Rabbitohs
2014,Rd 5,5,Penrith Panthers,Canberra Raiders,12,6,Penrith Panthers,Penrith Panthers,Penrith Panthers,Penrith Panthers,Penrith Panthers
2014,Rd 5,6,Cronulla Sharks,New Zealand Warriors,37,6,New Zealand Warriors,New Zealand Warriors,Cronulla Sharks,Cronulla Sharks,Cronulla Sharks
2014,Rd 5,7,Brisbane Broncos,Parramatta Eels,18,25,Brisbane Broncos,Brisbane Broncos,Brisbane Broncos,Brisbane Broncos,Parramatta Eels
2014,Rd 5,8,Sydney Roosters,Canterbury Bulldogs,8,9,Canterbury Bulldogs,Sydney Roosters,Sydney Roosters,Sydney Roosters,Canterbury Bulldogs
2014,Rd 6,1,Melbourne Storm,St. George Illawarra Dragons,28,24,St. George Illawarra Dragons,Melbourne Storm,Melbourne Storm,Melbourne Storm,Melbourne Storm
2014,Rd 6,2,Manly Sea Eagles,Cronulla Sharks,24,4,Manly Sea Eagles,Manly Sea Eagles,Manly Sea Eagles,Manly Sea Eagles,Manly Sea Eagles
2014,Rd 6,3,New Zealand Warriors,Canterbury Bulldogs,20,21,Canterbury Bulldogs,Canterbury Bulldogs,Canterbury Bulldogs,Canterbury Bulldogs,Canterbury Bulldogs
2014,Rd 6,4,Wests Tigers,NQ Cowboys,16,4,Wests Tigers,NQ Cowboys,NQ Cowboys,NQ Cowboys,Wests Tigers
2014,Rd 6,5,Parramatta Eels,Sydney Roosters,14,12,Parramatta Eels,Sydney Roosters,Sydney Roosters,Sydney Roosters,Parramatta Eels
2014,Rd 6,6,Canberra Raiders,Newcastle Knights,12,26,Canberra Raiders,Canberra Raiders,Canberra Raiders,Canberra Raiders,Newcastle Knights
2014,Rd 6,7,Gold Coast Titans,Brisbane Broncos,12,8,Gold Coast Titans,Brisbane Broncos,Gold Coast Titans,Gold Coast Titans,Gold Coast Titans
2014,Rd 6,8,Penrith Panthers,South Sydney Rabbitohs,2,18,Penrith Panthers,South Sydney Rabbitohs,South Sydney Rabbitohs,South Sydney Rabbitohs,South Sydney Rabbitohs
2014,Rd 7,1,Penrith Panthers,Gold Coast Titans,14,12,Gold Coast Titans,Penrith Panthers,Penrith Panthers,Penrith Panthers,Penrith Panthers
2014,Rd 7,2,Parramatta Eels,Wests Tigers,18,21,Wests Tigers,Parramatta Eels,Parramatta Eels,Parramatta Eels,Wests Tigers
2014,Rd 7,3,Canberra Raiders,Melbourne Storm,24,22,Melbourne Storm,Melbourne Storm,Melbourne Storm,Melbourne Storm,Canberra Raiders
2014,Rd 7,4,Cronulla Sharks,Sydney Roosters,18,24,Sydney Roosters,Sydney Roosters,Sydney Roosters,Sydney Roosters,Sydney Roosters
2014,Rd 7,5,St. George Illawarra Dragons,New Zealand Warriors,20,10,St. George Illawarra Dragons,St. George Illawarra Dragons,St. George Illawarra Dragons,St. George Illawarra Dragons,St. George Illawarra Dragons
2014,Rd 7,6,Manly Sea Eagles,NQ Cowboys,26,21,Manly Sea Eagles,Manly Sea Eagles,Manly Sea Eagles,Manly Sea Eagles,Manly Sea Eagles
2014,Rd 7,7,Newcastle Knights,Brisbane Broncos,6,32,Brisbane Broncos,Newcastle Knights,Newcastle Knights,Newcastle Knights,Brisbane Broncos
2014,Rd 7,8,South Sydney Rabbitohs,Canterbury Bulldogs,14,15,Canterbury Bulldogs,South Sydney Rabbitohs,South Sydney Rabbitohs,South Sydney Rabbitohs,Canterbury Bulldogs
2014,Rd 8,1,Wests Tigers,Gold Coast Titans,6,22,Wests Tigers,Wests Tigers,Wests Tigers,Wests Tigers,Gold Coast Titans
2014,Rd 8,2,Manly Sea Eagles,Canberra Raiders,54,18,Manly Sea Eagles,Manly Sea Eagles,Manly Sea Eagles,Manly Sea Eagles,Manly Sea Eagles
2014,Rd 8,3,Canterbury Bulldogs,Newcastle Knights,16,12,Canterbury Bulldogs,Canterbury Bulldogs,Canterbury Bulldogs,Canterbury Bulldogs,Canterbury Bulldogs
2014,Rd 8,4,NQ Cowboys,Parramatta Eels,42,14,Parramatta Eels,NQ Cowboys,NQ Cowboys,NQ Cowboys,NQ Cowboys
2014,Rd 8,5,Cronulla Sharks,Penrith Panthers,24,20,Penrith Panthers,Cronulla Sharks,Cronulla Sharks,Cronulla Sharks,Cronulla Sharks
2014,Rd 8,6,Brisbane Broncos,South Sydney Rabbitohs,26,28,Brisbane Broncos,South Sydney Rabbitohs,South Sydney Rabbitohs,South Sydney Rabbitohs,South Sydney Rabbitohs
2014,Rd 8,7,Melbourne Storm,New Zealand Warriors,10,16,Melbourne Storm,Melbourne Storm,Melbourne Storm,Melbourne Storm,New Zealand Warriors
2014,Rd 8,8,St. George Illawarra Dragons,Sydney Roosters,14,34,St. George Illawarra Dragons,Sydney Roosters,Sydney Roosters,Sydney Roosters,Sydney Roosters
2014,Rd 9,1,Parramatta Eels,Cronulla Sharks,42,24,Parramatta Eels,Parramatta Eels,Parramatta Eels,Parramatta Eels,Parramatta Eels
2014,Rd 9,2,St. George Illawarra Dragons,Canterbury Bulldogs,6,38,Canterbury Bulldogs,Canterbury Bulldogs,Canterbury Bulldogs,Canterbury Bulldogs,Canterbury Bulldogs
2014,Rd 9,3,Newcastle Knights,Penrith Panthers,10,32,Penrith Panthers,Newcastle Knights,Newcastle Knights,Newcastle Knights,Penrith Panthers
2014,Rd 9,4,Melbourne Storm,Manly Sea Eagles,22,19,Manly Sea Eagles,Melbourne Storm,Melbourne Storm,Melbourne Storm,Melbourne Storm
2014,Rd 9,5,Gold Coast Titans,South Sydney Rabbitohs,18,40,Gold Coast Titans,South Sydney Rabbitohs,South Sydney Rabbitohs,South Sydney Rabbitohs,South Sydney Rabbitohs
2014,Rd 9,6,New Zealand Warriors,Canberra Raiders,54,12,New Zealand Warriors,New Zealand Warriors,New Zealand Warriors,New Zealand Warriors,New Zealand Warriors
2014,Rd 9,7,NQ Cowboys,Brisbane Broncos,27,14,Brisbane Broncos,NQ Cowboys,NQ Cowboys,NQ Cowboys,NQ Cowboys
2014,Rd 9,8,Sydney Roosters,Wests Tigers,30,6,Wests Tigers,Sydney Roosters,Sydney Roosters,Sydney Roosters,Sydney Roosters
2014,Rd 10,1,Manly Sea Eagles,Newcastle Knights,15,14,Manly Sea Eagles,Manly Sea Eagles,Manly Sea Eagles,Manly Sea Eagles,Manly Sea Eagles
2014,Rd 10,2,Canberra Raiders,Penrith Panthers,20,26,Penrith Panthers,Penrith Panthers,Penrith Panthers,Penrith Panthers,Penrith Panthers
2014,Rd 10,3,Canterbury Bulldogs,New Zealand Warriors,16,12,Canterbury Bulldogs,Canterbury Bulldogs,Canterbury Bulldogs,Canterbury Bulldogs,Canterbury Bulldogs
2014,Rd 10,4,NQ Cowboys,Sydney Roosters,42,10,Sydney Roosters,Sydney Roosters,NQ Cowboys,NQ Cowboys,NQ Cowboys
2014,Rd 10,5,Cronulla Sharks,Wests Tigers,20,22,Wests Tigers,Cronulla Sharks,Cronulla Sharks,Cronulla Sharks,Wests Tigers
2014,Rd 10,6,Parramatta Eels,St. George Illawarra Dragons,36,0,St. George Illawarra Dragons,Parramatta Eels,Parramatta Eels,Parramatta Eels,Parramatta Eels
2014,Rd 10,7,Brisbane Broncos,Gold Coast Titans,22,8,Gold Coast Titans,Brisbane Broncos,Brisbane Broncos,Brisbane Broncos,Brisbane Broncos
2014,Rd 10,8,South Sydney Rabbitohs,Melbourne Storm,14,27,South Sydney Rabbitohs,South Sydney Rabbitohs,South Sydney Rabbitohs,South Sydney Rabbitohs,Melbourne Storm
2014,Rd 11,1,Cronulla Sharks,South Sydney Rabbitohs,0,18,South Sydney Rabbitohs,South Sydney Rabbitohs,South Sydney Rabbitohs,South Sydney Rabbitohs,South Sydney Rabbitohs
2014,Rd 11,2,Canberra Raiders,NQ Cowboys,42,12,NQ Cowboys,Canberra Raiders,NQ Cowboys,NQ Cowboys,Canberra Raiders
2014,Rd 11,3,Wests Tigers,Brisbane Broncos,14,16,Wests Tigers,Brisbane Broncos,Brisbane Broncos,Brisbane Broncos,Brisbane Broncos
2014,Rd 11,4,Gold Coast Titans,New Zealand Warriors,16,24,Gold Coast Titans,New Zealand Warriors,Gold Coast Titans,Gold Coast Titans,New Zealand Warriors
2014,Rd 11,5,Canterbury Bulldogs,Sydney Roosters,12,32,Canterbury Bulldogs,Sydney Roosters,Canterbury Bulldogs,Canterbury Bulldogs,Sydney Roosters
2014,Rd 12,1,South Sydney Rabbitohs,St. George Illawarra Dragons,29,10,South Sydney Rabbitohs,South Sydney Rabbitohs,South Sydney Rabbitohs,South Sydney Rabbitohs,South Sydney Rabbitohs
2014,Rd 12,2,Brisbane Broncos,Manly Sea Eagles,36,10,Manly Sea Eagles,Brisbane Broncos,Manly Sea Eagles,Manly Sea Eagles,Brisbane Broncos
2014,Rd 12,3,New Zealand Warriors,Newcastle Knights,38,18,New Zealand Warriors,New Zealand Warriors,New Zealand Warriors,New Zealand Warriors,New Zealand Warriors
2014,Rd 12,4,NQ Cowboys,Melbourne Storm,22,0,Melbourne Storm,NQ Cowboys,Melbourne Storm,Melbourne Storm,NQ Cowboys
2014,Rd 12,5,Sydney Roosters,Canberra Raiders,26,12,Sydney Roosters,Sydney Roosters,Sydney Roosters,Sydney Roosters,Sydney Roosters
2014,Rd 12,6,Penrith Panthers,Parramatta Eels,38,12,Penrith Panthers,Penrith Panthers,Penrith Panthers,Penrith Panthers,Penrith Panthers
2014,Rd 13,1,Canberra Raiders,Brisbane Broncos,4,28,Brisbane Broncos,Brisbane Broncos,Brisbane Broncos,Brisbane Broncos,Brisbane Broncos
2014,Rd 13,2,Melbourne Storm,Sydney Roosters,12,32,Sydney Roosters,Sydney Roosters,Melbourne Storm,Melbourne Storm,Sydney Roosters
2014,Rd 13,3,Newcastle Knights,Wests Tigers,20,23,Wests Tigers,Wests Tigers,Newcastle Knights,Newcastle Knights,Wests Tigers
2014,Rd 13,4,South Sydney Rabbitohs,New Zealand Warriors,34,18,South Sydney Rabbitohs,South Sydney Rabbitohs,South Sydney Rabbitohs,South Sydney Rabbitohs,South Sydney Rabbitohs
2014,Rd 13,5,St. George Illawarra Dragons,Cronulla Sharks,30,0,St. George Illawarra Dragons,St. George Illawarra Dragons,St. George Illawarra Dragons,St. George Illawarra Dragons,St. George Illawarra Dragons
2014,Rd 13,6,Gold Coast Titans,Penrith Panthers,14,36,Penrith Panthers,Penrith Panthers,Gold Coast Titans,Gold Coast Titans,Penrith Panthers
2014,Rd 13,7,Manly Sea Eagles,Canterbury Bulldogs,32,10,Canterbury Bulldogs,Manly Sea Eagles,Manly Sea Eagles,Manly Sea Eagles,Manly Sea Eagles
2014,Rd 13,8,Parramatta Eels,NQ Cowboys,18,16,Parramatta Eels,NQ Cowboys,NQ Cowboys,NQ Cowboys,Parramatta Eels
2014,Rd 14,1,Gold Coast Titans,Melbourne Storm,20,24,Gold Coast Titans,Gold Coast Titans,Melbourne Storm,Melbourne Storm,Melbourne Storm
2014,Rd 14,2,Canterbury Bulldogs,Parramatta Eels,12,22,Canterbury Bulldogs,Canterbury Bulldogs,Canterbury Bulldogs,Canterbury Bulldogs,Parramatta Eels
2014,Rd 14,3,Sydney Roosters,Newcastle Knights,29,12,Sydney Roosters,Sydney Roosters,Sydney Roosters,Sydney Roosters,Sydney Roosters
2014,Rd 14,4,Penrith Panthers,St. George Illawarra Dragons,18,14,Penrith Panthers,Penrith Panthers,Penrith Panthers,Penrith Panthers,Penrith Panthers
2014,Rd 14,5,South Sydney Rabbitohs,Wests Tigers,32,10,Wests Tigers,South Sydney Rabbitohs,South Sydney Rabbitohs,South Sydney Rabbitohs,South Sydney Rabbitohs
2014,Rd 15,1,Newcastle Knights,NQ Cowboys,36,28,NQ Cowboys,Newcastle Knights,NQ Cowboys,NQ Cowboys,Newcastle Knights
2014,Rd 15,2,Gold Coast Titans,St. George Illawarra Dragons,18,19,Gold Coast Titans,Gold Coast Titans,Gold Coast Titans,Gold Coast Titans,St. George Illawarra Dragons
2014,Rd 15,3,Melbourne Storm,Parramatta Eels,46,20,Parramatta Eels,Melbourne Storm,Melbourne Storm,Melbourne Storm,Melbourne Storm
2014,Rd 15,4,Cronulla Sharks,Manly Sea Eagles,0,26,Manly Sea Eagles,Manly Sea Eagles,Manly Sea Eagles,Manly Sea Eagles,Manly Sea Eagles
2014,Rd 15,5,New Zealand Warriors,Brisbane Broncos,19,10,Brisbane Broncos,New Zealand Warriors,Brisbane Broncos,Brisbane Broncos,New Zealand Warriors
2014,Rd 15,6,Canberra Raiders,Canterbury Bulldogs,14,22,Canterbury Bulldogs,Canterbury Bulldogs,Canterbury Bulldogs,Canterbury Bulldogs,Canterbury Bulldogs
2014,Rd 16,1,St. George Illawarra Dragons,Melbourne Storm,24,12,Melbourne Storm,Melbourne Storm,Melbourne Storm,Melbourne Storm,St. George Illawarra Dragons
2014,Rd 16,2,Parramatta Eels,Newcastle Knights,10,16,Parramatta Eels,Parramatta Eels,Parramatta Eels,Parramatta Eels,Newcastle Knights
2014,Rd 16,3,New Zealand Warriors,Penrith Panthers,30,20,Penrith Panthers,New Zealand Warriors,New Zealand Warriors,New Zealand Warriors,New Zealand Warriors
2014,Rd 16,4,NQ Cowboys,South Sydney Rabbitohs,20,18,South Sydney Rabbitohs,South Sydney Rabbitohs,South Sydney Rabbitohs,South Sydney Rabbitohs,NQ Cowboys
2014,Rd 16,5,Wests Tigers,Canberra Raiders,19,18,Wests Tigers,Wests Tigers,Wests Tigers,Wests Tigers,Wests Tigers
2014,Rd 16,6,Brisbane Broncos,Cronulla Sharks,22,24,Brisbane Broncos,Brisbane Broncos,Brisbane Broncos,Brisbane Broncos,Cronulla Sharks
2014,Rd 16,7,Manly Sea Eagles,Sydney Roosters,24,16,Manly Sea Eagles,Manly Sea Eagles,Manly Sea Eagles,Manly Sea Eagles,Manly Sea Eagles
2014,Rd 17,1,South Sydney Rabbitohs,Gold Coast Titans,10,14,South Sydney Rabbitohs,South Sydney Rabbitohs,South Sydney Rabbitohs,South Sydney Rabbitohs,Gold Coast Titans
2014,Rd 17,2,Wests Tigers,Penrith Panthers,10,26,Penrith Panthers,Penrith Panthers,Penrith Panthers,Penrith Panthers,Penrith Panthers
2014,Rd 17,3,Sydney Roosters,Cronulla Sharks,28,30,Sydney Roosters,Sydney Roosters,Sydney Roosters,Sydney Roosters,Cronulla Sharks
2014,Rd 17,4,St. George Illawarra Dragons,NQ Cowboys,27,24,St. George Illawarra Dragons,St. George Illawarra Dragons,NQ Cowboys,NQ Cowboys,St. George Illawarra Dragons
2014,Rd 17,5,Canterbury Bulldogs,Manly Sea Eagles,23,16,Manly Sea Eagles,Manly Sea Eagles,Canterbury Bulldogs,Canterbury Bulldogs,Canterbury Bulldogs
2014,Rd 18,1,Penrith Panthers,Brisbane Broncos,35,34,Penrith Panthers,Penrith Panthers,Penrith Panthers,Penrith Panthers,Penrith Panthers
2014,Rd 18,2,Cronulla Sharks,Newcastle Knights,18,31,Newcastle Knights,Newcastle Knights,Cronulla Sharks,Cronulla Sharks,Newcastle Knights
2014,Rd 18,3,Gold Coast Titans,Canberra Raiders,20,36,Gold Coast Titans,Gold Coast Titans,Gold Coast Titans,Gold Coast Titans,Canberra Raiders
2014,Rd 18,4,Melbourne Storm,Canterbury Bulldogs,4,6,Canterbury Bulldogs,Melbourne Storm,Melbourne Storm,Melbourne Storm,Canterbury Bulldogs
2014,Rd 18,5,New Zealand Warriors,Parramatta Eels,48,0,New Zealand Warriors,New Zealand Warriors,New Zealand Warriors,New Zealand Warriors,New Zealand Warriors
2014,Rd 18,6,Manly Sea Eagles,Wests Tigers,40,8,Manly Sea Eagles,Manly Sea Eagles,Manly Sea Eagles,Manly Sea Eagles,Manly Sea Eagles
2014,Rd 19,1,St. George Illawarra Dragons,Manly Sea Eagles,12,21,Manly Sea Eagles,Manly Sea Eagles,Manly Sea Eagles,Manly Sea Eagles,Manly Sea Eagles
2014,Rd 19,2,Wests Tigers,Canterbury Bulldogs,46,18,Canterbury Bulldogs,Canterbury Bulldogs,Canterbury Bulldogs,Canterbury Bulldogs,Wests Tigers
2014,Rd 19,3,Newcastle Knights,Gold Coast Titans,8,22,Gold Coast Titans,Newcastle Knights,Newcastle Knights,Newcastle Knights,Gold Coast Titans
2014,Rd 19,4,Brisbane Broncos,New Zealand Warriors,28,22,Brisbane Broncos,Brisbane Broncos,Brisbane Broncos,Brisbane Broncos,Brisbane Broncos
2014,Rd 19,5,Melbourne Storm,Canberra Raiders,28,14,Melbourne Storm,Melbourne Storm,Melbourne Storm,Melbourne Storm,Melbourne Storm
2014,Rd 19,6,Sydney Roosters,Penrith Panthers,32,12,Penrith Panthers,Sydney Roosters,Sydney Roosters,Sydney Roosters,Sydney Roosters
2014,Rd 19,7,Cronulla Sharks,NQ Cowboys,18,36,NQ Cowboys,NQ Cowboys,NQ Cowboys,NQ Cowboys,NQ Cowboys
2014,Rd 19,8,Parramatta Eels,South Sydney Rabbitohs,12,32,South Sydney Rabbitohs,South Sydney Rabbitohs,South Sydney Rabbitohs,South Sydney Rabbitohs,South Sydney Rabbitohs
2014,Rd 20,1,Canberra Raiders,South Sydney Rabbitohs,18,34,South Sydney Rabbitohs,South Sydney Rabbitohs,South Sydney Rabbitohs,South Sydney Rabbitohs,South Sydney Rabbitohs
2014,Rd 20,2,Wests Tigers,St. George Illawarra Dragons,12,28,Wests Tigers,Wests Tigers,Wests Tigers,Wests Tigers,St. George Illawarra Dragons
2014,Rd 20,3,New Zealand Warriors,Manly Sea Eagles,12,22,Manly Sea Eagles,Manly Sea Eagles,Manly Sea Eagles,Manly Sea Eagles,Manly Sea Eagles
2014,Rd 20,4,Canterbury Bulldogs,NQ Cowboys,12,20,Canterbury Bulldogs,Canterbury Bulldogs,Canterbury Bulldogs,Canterbury Bulldogs,NQ Cowboys
2014,Rd 20,5,Gold Coast Titans,Parramatta Eels,18,24,Gold Coast Titans,Gold Coast Titans,Gold Coast Titans,Gold Coast Titans,Parramatta Eels
2014,Rd 20,6,Penrith Panthers,Cronulla Sharks,16,18,Penrith Panthers,Penrith Panthers,Penrith Panthers,Penrith Panthers,Cronulla Sharks
2014,Rd 20,7,Brisbane Broncos,Melbourne Storm,8,30,Brisbane Broncos,Brisbane Broncos,Brisbane Broncos,Brisbane Broncos,Melbourne Storm
2014,Rd 20,8,Newcastle Knights,Sydney Roosters,16,12,Sydney Roosters,Sydney Roosters,Sydney Roosters,Sydney Roosters,Newcastle Knights
2014,Rd 21,1,Wests Tigers,Melbourne Storm,6,28,Melbourne Storm,Melbourne Storm,Melbourne Storm,Melbourne Storm,Melbourne Storm
2014,Rd 21,2,South Sydney Rabbitohs,Newcastle Knights,50,10,South Sydney Rabbitohs,South Sydney Rabbitohs,South Sydney Rabbitohs,South Sydney Rabbitohs,South Sydney Rabbitohs
2014,Rd 21,3,Canberra Raiders,New Zealand Warriors,18,54,New Zealand Warriors,New Zealand Warriors,New Zealand Warriors,New Zealand Warriors,New Zealand Warriors
2014,Rd 21,4,Sydney Roosters,St. George Illawarra Dragons,30,22,Sydney Roosters,Sydney Roosters,Sydney Roosters,Sydney Roosters,Sydney Roosters
2014,Rd 21,5,NQ Cowboys,Gold Coast Titans,28,8,NQ Cowboys,NQ Cowboys,NQ Cowboys,NQ Cowboys,NQ Cowboys
2014,Rd 21,6,Cronulla Sharks,Parramatta Eels,12,32,Parramatta Eels,Parramatta Eels,Cronulla Sharks,Cronulla Sharks,Parramatta Eels
2014,Rd 21,7,Canterbury Bulldogs,Penrith Panthers,16,22,Penrith Panthers,Canterbury Bulldogs,Canterbury Bulldogs,Canterbury Bulldogs,Penrith Panthers
2014,Rd 21,8,Manly Sea Eagles,Brisbane Broncos,16,4,Manly Sea Eagles,Manly Sea Eagles,Manly Sea Eagles,Manly Sea Eagles,Manly Sea Eagles
2014,Rd 22,1,Sydney Roosters,Gold Coast Titans,26,18,Sydney Roosters,Sydney Roosters,Sydney Roosters,Sydney Roosters,Sydney Roosters
2014,Rd 22,2,St. George Illawarra Dragons,Penrith Panthers,4,16,Penrith Panthers,St. George Illawarra Dragons,Penrith Panthers,Penrith Panthers,Penrith Panthers
2014,Rd 22,3,New Zealand Warriors,Cronulla Sharks,16,12,New Zealand Warriors,New Zealand Warriors,New Zealand Warriors,New Zealand Warriors,New Zealand Warriors
2014,Rd 22,4,Parramatta Eels,Canberra Raiders,18,10,Parramatta Eels,Parramatta Eels,Parramatta Eels,Parramatta Eels,Parramatta Eels
2014,Rd 22,5,NQ Cowboys,Wests Tigers,64,6,NQ Cowboys,NQ Cowboys,NQ Cowboys,NQ Cowboys,NQ Cowboys
2014,Rd 22,6,Newcastle Knights,Melbourne Storm,32,30,Melbourne Storm,Melbourne Storm,Melbourne Storm,Melbourne Storm,Newcastle Knights
2014,Rd 22,7,Brisbane Broncos,Canterbury Bulldogs,41,10,Canterbury Bulldogs,Brisbane Broncos,Brisbane Broncos,Brisbane Broncos,Brisbane Broncos
2014,Rd 22,8,South Sydney Rabbitohs,Manly Sea Eagles,23,4,Manly Sea Eagles,Manly Sea Eagles,South Sydney Rabbitohs,South Sydney Rabbitohs,South Sydney Rabbitohs
2014,Rd 23,1,Penrith Panthers,NQ Cowboys,23,22,Penrith Panthers,NQ Cowboys,NQ Cowboys,NQ Cowboys,Penrith Panthers
2014,Rd 23,2,Gold Coast Titans,Manly Sea Eagles,12,15,Manly Sea Eagles,Manly Sea Eagles,Manly Sea Eagles,Manly Sea Eagles,Manly Sea Eagles
2014,Rd 23,3,Newcastle Knights,New Zealand Warriors,28,22,New Zealand Warriors,New Zealand Warriors,Newcastle Knights,Newcastle Knights,Newcastle Knights
2014,Rd 23,4,Wests Tigers,Sydney Roosters,4,48,Sydney Roosters,Sydney Roosters,Sydney Roosters,Sydney Roosters,Sydney Roosters
2014,Rd 23,5,Melbourne Storm,Cronulla Sharks,48,6,Melbourne Storm,Melbourne Storm,Melbourne Storm,Melbourne Storm,Melbourne Storm
2014,Rd 23,6,Canberra Raiders,St. George Illawarra Dragons,16,34,St. George Illawarra Dragons,St. George Illawarra Dragons,Canberra Raiders,Canberra Raiders,St. George Illawarra Dragons
2014,Rd 23,7,Parramatta Eels,Canterbury Bulldogs,16,18,Canterbury Bulldogs,Parramatta Eels,Canterbury Bulldogs,Canterbury Bulldogs,Canterbury Bulldogs
2014,Rd 23,8,South Sydney Rabbitohs,Brisbane Broncos,42,16,South Sydney Rabbitohs,South Sydney Rabbitohs,South Sydney Rabbitohs,South Sydney Rabbitohs,South Sydney Rabbitohs
2014,Rd 24,1,Penrith Panthers,Melbourne Storm,10,24,Penrith Panthers,Melbourne Storm,Melbourne Storm,Melbourne Storm,Melbourne Storm
2014,Rd 24,2,St. George Illawarra Dragons,Gold Coast Titans,34,6,St. George Illawarra Dragons,St. George Illawarra Dragons,St. George Illawarra Dragons,St. George Illawarra Dragons,St. George Illawarra Dragons
2014,Rd 24,3,Cronulla Sharks,Canberra Raiders,12,22,Canberra Raiders,Canberra Raiders,Cronulla Sharks,Cronulla Sharks,Canberra Raiders
2014,Rd 24,4,New Zealand Warriors,Sydney Roosters,12,46,Sydney Roosters,Sydney Roosters,Sydney Roosters,Sydney Roosters,Sydney Roosters
2014,Rd 24,5,South Sydney Rabbitohs,NQ Cowboys,10,22,South Sydney Rabbitohs,South Sydney Rabbitohs,South Sydney Rabbitohs,South Sydney Rabbitohs,NQ Cowboys
2014,Rd 24,6,Brisbane Broncos,Newcastle Knights,48,6,Brisbane Broncos,Brisbane Broncos,Brisbane Broncos,Brisbane Broncos,Brisbane Broncos
2014,Rd 24,7,Parramatta Eels,Manly Sea Eagles,22,12,Manly Sea Eagles,Manly Sea Eagles,Manly Sea Eagles,Manly Sea Eagles,Parramatta Eels
2014,Rd 24,8,Canterbury Bulldogs,Wests Tigers,30,10,Canterbury Bulldogs,Canterbury Bulldogs,Canterbury Bulldogs,Canterbury Bulldogs,Canterbury Bulldogs
2014,Rd 25,1,NQ Cowboys,Cronulla Sharks,20,19,NQ Cowboys,NQ Cowboys,NQ Cowboys,NQ Cowboys,NQ Cowboys
2014,Rd 25,2,Manly Sea Eagles,Penrith Panthers,26,25,Manly Sea Eagles,Manly Sea Eagles,Manly Sea Eagles,Manly Sea Eagles,Manly Sea Eagles
2014,Rd 25,3,New Zealand Warriors,Gold Coast Titans,42,0,New Zealand Warriors,New Zealand Warriors,New Zealand Warriors,New Zealand Warriors,New Zealand Warriors
2014,Rd 25,4,Sydney Roosters,Melbourne Storm,24,12,Sydney Roosters,Sydney Roosters,Sydney Roosters,Sydney Roosters,Sydney Roosters
2014,Rd 25,5,Canberra Raiders,Wests Tigers,27,12,Wests Tigers,Canberra Raiders,Canberra Raiders,Canberra Raiders,Canberra Raiders
2014,Rd 25,6,Newcastle Knights,Parramatta Eels,42,12,Parramatta Eels,Parramatta Eels,Newcastle Knights,Newcastle Knights,Newcastle Knights
2014,Rd 25,7,Brisbane Broncos,St. George Illawarra Dragons,30,22,Brisbane Broncos,Brisbane Broncos,Brisbane Broncos,Brisbane Broncos,Brisbane Broncos
2014,Rd 25,8,Canterbury Bulldogs,South Sydney Rabbitohs,14,21,South Sydney Rabbitohs,South Sydney Rabbitohs,South Sydney Rabbitohs,South Sydney Rabbitohs,South Sydney Rabbitohs
2014,Rd 26,1,Penrith Panthers,New Zealand Warriors,22,6,Penrith Panthers,Penrith Panthers,Penrith Panthers,Penrith Panthers,Penrith Panthers
2014,Rd 26,2,Gold Coast Titans,Canterbury Bulldogs,19,18,Canterbury Bulldogs,Canterbury Bulldogs,Canterbury Bulldogs,Canterbury Bulldogs,Gold Coast Titans
2014,Rd 26,3,Newcastle Knights,St. George Illawarra Dragons,40,10,St. George Illawarra Dragons,Newcastle Knights,Newcastle Knights,Newcastle Knights,Newcastle Knights
2014,Rd 26,4,NQ Cowboys,Manly Sea Eagles,30,16,Manly Sea Eagles,NQ Cowboys,NQ Cowboys,NQ Cowboys,NQ Cowboys
2014,Rd 26,5,Canberra Raiders,Parramatta Eels,33,20,Parramatta Eels,Parramatta Eels,Canberra Raiders,Canberra Raiders,Canberra Raiders
2014,Rd 26,6,Wests Tigers,Cronulla Sharks,26,10,Wests Tigers,Wests Tigers,Wests Tigers,Wests Tigers,Wests Tigers
2014,Rd 26,7,Melbourne Storm,Brisbane Broncos,22,12,Brisbane Broncos,Melbourne Storm,Melbourne Storm,Melbourne Storm,Melbourne Storm
2014,Rd 26,8,Sydney Roosters,South Sydney Rabbitohs,22,18,South Sydney Rabbitohs,Sydney Roosters,Sydney Roosters,Sydney Roosters,Sydney Roosters
2015,Rd 1,1,St. George Illawarra Dragons,Melbourne Storm,4,12,St. George Illawarra Dragons,Melbourne Storm,Melbourne Storm,Melbourne Storm,Melbourne Storm
2015,Rd 1,2,Cronulla Sharks,Canberra Raiders,20,24,Cronulla Sharks,Cronulla Sharks,Cronulla Sharks,Cronulla Sharks,Canberra Raiders
2015,Rd 1,3,Penrith Panthers,Canterbury Bulldogs,24,18,Penrith Panthers,Canterbury Bulldogs,Penrith Panthers,Penrith Panthers,Penrith Panthers
2015,Rd 1,4,NQ Cowboys,Sydney Roosters,4,28,NQ Cowboys,NQ Cowboys,NQ Cowboys,NQ Cowboys,Sydney Roosters
2015,Rd 1,5,Gold Coast Titans,Wests Tigers,18,19,Gold Coast Titans,Wests Tigers,Gold Coast Titans,Gold Coast Titans,Wests Tigers
2015,Rd 1,6,Newcastle Knights,New Zealand Warriors,24,14,Newcastle Knights,Newcastle Knights,Newcastle Knights,Newcastle Knights,Newcastle Knights
2015,Rd 1,7,Parramatta Eels,Manly Sea Eagles,42,12,Parramatta Eels,Parramatta Eels,Manly Sea Eagles,Manly Sea Eagles,Parramatta Eels
2015,Rd 1,8,Brisbane Broncos,South Sydney Rabbitohs,6,36,Brisbane Broncos,South Sydney Rabbitohs,South Sydney Rabbitohs,South Sydney Rabbitohs,South Sydney Rabbitohs
2015,Rd 2,1,Wests Tigers,St. George Illawarra Dragons,22,4,Wests Tigers,Wests Tigers,Wests Tigers,Wests Tigers,Wests Tigers
2015,Rd 2,2,Canberra Raiders,New Zealand Warriors,6,18,Canberra Raiders,New Zealand Warriors,Canberra Raiders,Canberra Raiders,New Zealand Warriors
2015,Rd 2,3,South Sydney Rabbitohs,Sydney Roosters,34,26,South Sydney Rabbitohs,South Sydney Rabbitohs,South Sydney Rabbitohs,South Sydney Rabbitohs,South Sydney Rabbitohs
2015,Rd 2,4,NQ Cowboys,Newcastle Knights,14,16,Newcastle Knights,NQ Cowboys,NQ Cowboys,NQ Cowboys,Newcastle Knights
2015,Rd 2,5,Manly Sea Eagles,Melbourne Storm,24,22,Melbourne Storm,Melbourne Storm,Manly Sea Eagles,Manly Sea Eagles,Manly Sea Eagles
2015,Rd 2,6,Penrith Panthers,Gold Coast Titans,40,0,Penrith Panthers,Penrith Panthers,Penrith Panthers,Penrith Panthers,Penrith Panthers
2015,Rd 2,7,Cronulla Sharks,Brisbane Broncos,2,10,Cronulla Sharks,Cronulla Sharks,Brisbane Broncos,Brisbane Broncos,Brisbane Broncos
2015,Rd 2,8,Canterbury Bulldogs,Parramatta Eels,32,12,Parramatta Eels,Canterbury Bulldogs,Canterbury Bulldogs,Canterbury Bulldogs,Canterbury Bulldogs
2015,Rd 3,1,Sydney Roosters,Penrith Panthers,20,12,Penrith Panthers,Sydney Roosters,Sydney Roosters,Sydney Roosters,Sydney Roosters
2015,Rd 3,2,Gold Coast Titans,Newcastle Knights,18,20,Newcastle Knights,Newcastle Knights,Newcastle Knights,Newcastle Knights,Newcastle Knights
2015,Rd 3,3,South Sydney Rabbitohs,Wests Tigers,20,6,South Sydney Rabbitohs,South Sydney Rabbitohs,South Sydney Rabbitohs,South Sydney Rabbitohs,South Sydney Rabbitohs
2015,Rd 3,4,Melbourne Storm,Cronulla Sharks,36,18,Melbourne Storm,Melbourne Storm,Melbourne Storm,Melbourne Storm,Melbourne Storm
2015,Rd 3,5,Canberra Raiders,St. George Illawarra Dragons,20,22,Canberra Raiders,Canberra Raiders,Canberra Raiders,Canberra Raiders,St. George Illawarra Dragons
2015,Rd 3,6,New Zealand Warriors,Parramatta Eels,29,16,Parramatta Eels,New Zealand Warriors,New Zealand Warriors,New Zealand Warriors,New Zealand Warriors
2015,Rd 3,7,Brisbane Broncos,NQ Cowboys,44,22,Brisbane Broncos,NQ Cowboys,Brisbane Broncos,Brisbane Broncos,Brisbane Broncos
2015,Rd 3,8,Manly Sea Eagles,Canterbury Bulldogs,12,16,Canterbury Bulldogs,Canterbury Bulldogs,Manly Sea Eagles,Manly Sea Eagles,Canterbury Bulldogs
2015,Rd 4,1,NQ Cowboys,Melbourne Storm,18,17,Melbourne Storm,NQ Cowboys,Melbourne Storm,Melbourne Storm,NQ Cowboys
2015,Rd 4,2,Sydney Roosters,Canberra Raiders,34,6,Sydney Roosters,Sydney Roosters,Sydney Roosters,Sydney Roosters,Sydney Roosters
2015,Rd 4,3,New Zealand Warriors,Brisbane Broncos,16,24,New Zealand Warriors,New Zealand Warriors,New Zealand Warriors,New Zealand Warriors,Brisbane Broncos
2015,Rd 4,4,St. George Illawarra Dragons,Manly Sea Eagles,12,4,St. George Illawarra Dragons,Manly Sea Eagles,Manly Sea Eagles,Manly Sea Eagles,St. George Illawarra Dragons
2015,Rd 4,5,Cronulla Sharks,Gold Coast Titans,22,24,Cronulla Sharks,Cronulla Sharks,Cronulla Sharks,Cronulla Sharks,Gold Coast Titans
2015,Rd 4,6,Newcastle Knights,Penrith Panthers,26,14,Newcastle Knights,Newcastle Knights,Newcastle Knights,Newcastle Knights,Newcastle Knights
2015,Rd 4,7,Parramatta Eels,South Sydney Rabbitohs,29,16,South Sydney Rabbitohs,South Sydney Rabbitohs,South Sydney Rabbitohs,South Sydney Rabbitohs,Parramatta Eels
2015,Rd 4,8,Wests Tigers,Canterbury Bulldogs,24,25,Canterbury Bulldogs,Canterbury Bulldogs,Canterbury Bulldogs,Canterbury Bulldogs,Canterbury Bulldogs
2015,Rd 5,1,Penrith Panthers,NQ Cowboys,10,30,Penrith Panthers,Penrith Panthers,Penrith Panthers,Penrith Panthers,NQ Cowboys
2015,Rd 5,2,Melbourne Storm,New Zealand Warriors,30,14,Melbourne Storm,Melbourne Storm,Melbourne Storm,Melbourne Storm,Melbourne Storm
2015,Rd 5,3,Parramatta Eels,Wests Tigers,6,22,Parramatta Eels,Wests Tigers,Parramatta Eels,Parramatta Eels,Wests Tigers
2015,Rd 5,4,Sydney Roosters,Cronulla Sharks,12,20,Sydney Roosters,Sydney Roosters,Sydney Roosters,Sydney Roosters,Cronulla Sharks
2015,Rd 5,5,Newcastle Knights,St. George Illawarra Dragons,0,13,Newcastle Knights,Newcastle Knights,Newcastle Knights,Newcastle Knights,St. George Illawarra Dragons
2015,Rd 5,6,Manly Sea Eagles,Canberra Raiders,16,29,Canberra Raiders,Manly Sea Eagles,Manly Sea Eagles,Manly Sea Eagles,Canberra Raiders
2015,Rd 5,7,Gold Coast Titans,Brisbane Broncos,16,26,Brisbane Broncos,Brisbane Broncos,Brisbane Broncos,Brisbane Broncos,Brisbane Broncos
2015,Rd 5,8,Canterbury Bulldogs,South Sydney Rabbitohs,17,18,South Sydney Rabbitohs,South Sydney Rabbitohs,South Sydney Rabbitohs,South Sydney Rabbitohs,South Sydney Rabbitohs
2015,Rd 6,1,South Sydney Rabbitohs,NQ Cowboys,12,30,South Sydney Rabbitohs,NQ Cowboys,South Sydney Rabbitohs,South Sydney Rabbitohs,NQ Cowboys
2015,Rd 6,2,St. George Illawarra Dragons,Canterbury Bulldogs,31,6,Canterbury Bulldogs,St. George Illawarra Dragons,Canterbury Bulldogs,Canterbury Bulldogs,St. George Illawarra Dragons
2015,Rd 6,3,Canberra Raiders,Melbourne Storm,10,14,Melbourne Storm,Melbourne Storm,Melbourne Storm,Melbourne Storm,Melbourne Storm
2015,Rd 6,4,Penrith Panthers,Manly Sea Eagles,22,12,Penrith Panthers,Penrith Panthers,Penrith Panthers,Penrith Panthers,Penrith Panthers
2015,Rd 6,5,New Zealand Warriors,Wests Tigers,32,22,Wests Tigers,New Zealand Warriors,New Zealand Warriors,New Zealand Warriors,New Zealand Warriors
2015,Rd 6,6,Parramatta Eels,Gold Coast Titans,16,38,Parramatta Eels,Parramatta Eels,Parramatta Eels,Parramatta Eels,Gold Coast Titans
2015,Rd 6,7,Brisbane Broncos,Sydney Roosters,22,18,Brisbane Broncos,Sydney Roosters,Brisbane Broncos,Brisbane Broncos,Brisbane Broncos
2015,Rd 6,8,Cronulla Sharks,Newcastle Knights,22,6,Newcastle Knights,Cronulla Sharks,Newcastle Knights,Newcastle Knights,Cronulla Sharks
2015,Rd 7,1,Cronulla Sharks,South Sydney Rabbitohs,18,10,South Sydney Rabbitohs,South Sydney Rabbitohs,South Sydney Rabbitohs,South Sydney Rabbitohs,Cronulla Sharks
2015,Rd 7,2,Newcastle Knights,Parramatta Eels,22,28,Newcastle Knights,Newcastle Knights,Newcastle Knights,Newcastle Knights,Parramatta Eels
2015,Rd 7,3,Wests Tigers,Canberra Raiders,22,30,Wests Tigers,Wests Tigers,Wests Tigers,Wests Tigers,Canberra Raiders
2015,Rd 7,4,Melbourne Storm,Sydney Roosters,17,16,Melbourne Storm,Sydney Roosters,Melbourne Storm,Melbourne Storm,Melbourne Storm
2015,Rd 7,5,NQ Cowboys,New Zealand Warriors,28,24,New Zealand Warriors,NQ Cowboys,NQ Cowboys,NQ Cowboys,NQ Cowboys
2015,Rd 7,6,Gold Coast Titans,Penrith Panthers,32,6,Penrith Panthers,Gold Coast Titans,Penrith Panthers,Penrith Panthers,Gold Coast Titans
2015,Rd 7,7,Canterbury Bulldogs,Manly Sea Eagles,28,16,Canterbury Bulldogs,Canterbury Bulldogs,Canterbury Bulldogs,Canterbury Bulldogs,Canterbury Bulldogs
2015,Rd 7,8,St. George Illawarra Dragons,Brisbane Broncos,12,10,Brisbane Broncos,Brisbane Broncos,Brisbane Broncos,Brisbane Broncos,St. George Illawarra Dragons
2015,Rd 8,1,South Sydney Rabbitohs,Canberra Raiders,22,30,South Sydney Rabbitohs,South Sydney Rabbitohs,South Sydney Rabbitohs,South Sydney Rabbitohs,Canberra Raiders
2015,Rd 8,2,Penrith Panthers,Cronulla Sharks,26,18,Cronulla Sharks,Cronulla Sharks,Penrith Panthers,Penrith Panthers,Penrith Panthers
2015,Rd 8,3,Brisbane Broncos,Parramatta Eels,28,16,Brisbane Broncos,Brisbane Broncos,Brisbane Broncos,Brisbane Broncos,Brisbane Broncos
2015,Rd 8,4,Melbourne Storm,Manly Sea Eagles,10,12,Melbourne Storm,Melbourne Storm,Melbourne Storm,Melbourne Storm,Manly Sea Eagles
2015,Rd 8,5,Sydney Roosters,St. George Illawarra Dragons,12,14,St. George Illawarra Dragons,Sydney Roosters,Sydney Roosters,Sydney Roosters,St. George Illawarra Dragons
2015,Rd 8,6,Newcastle Knights,NQ Cowboys,24,26,NQ Cowboys,NQ Cowboys,NQ Cowboys,NQ Cowboys,NQ Cowboys
2015,Rd 8,7,New Zealand Warriors,Gold Coast Titans,28,32,Gold Coast Titans,New Zealand Warriors,New Zealand Warriors,New Zealand Warriors,Gold Coast Titans
2015,Rd 8,8,Canterbury Bulldogs,Wests Tigers,14,38,Canterbury Bulldogs,Canterbury Bulldogs,Canterbury Bulldogs,Canterbury Bulldogs,Wests Tigers
2015,Rd 9,1,South Sydney Rabbitohs,St. George Illawarra Dragons,16,10,St. George Illawarra Dragons,South Sydney Rabbitohs,South Sydney Rabbitohs,South Sydney Rabbitohs,South Sydney Rabbitohs
2015,Rd 9,2,Parramatta Eels,Melbourne Storm,10,28,Melbourne Storm,Melbourne Storm,Melbourne Storm,Melbourne Storm,Melbourne Storm
2015,Rd 9,3,Manly Sea Eagles,Newcastle Knights,30,10,Newcastle Knights,Manly Sea Eagles,Manly Sea Eagles,Manly Sea Eagles,Manly Sea Eagles
2015,Rd 9,4,NQ Cowboys,Canterbury Bulldogs,23,16,NQ Cowboys,NQ Cowboys,NQ Cowboys,NQ Cowboys,NQ Cowboys
2015,Rd 9,5,Cronulla Sharks,New Zealand Warriors,16,20,New Zealand Warriors,Cronulla Sharks,New Zealand Warriors,New Zealand Warriors,New Zealand Warriors
2015,Rd 9,6,Canberra Raiders,Gold Coast Titans,56,16,Gold Coast Titans,Canberra Raiders,Canberra Raiders,Canberra Raiders,Canberra Raiders
2015,Rd 9,7,Brisbane Broncos,Penrith Panthers,8,5,Brisbane Broncos,Brisbane Broncos,Brisbane Broncos,Brisbane Broncos,Brisbane Broncos
2015,Rd 9,8,Sydney Roosters,Wests Tigers,36,4,Wests Tigers,Sydney Roosters,Sydney Roosters,Sydney Roosters,Sydney Roosters
2015,Rd 10,1,Manly Sea Eagles,Penrith Panthers,10,11,Penrith Panthers,Manly Sea Eagles,Manly Sea Eagles,Manly Sea Eagles,Penrith Panthers
2015,Rd 10,2,Newcastle Knights,Wests Tigers,22,12,Wests Tigers,Newcastle Knights,Newcastle Knights,Newcastle Knights,Newcastle Knights
2015,Rd 10,3,St. George Illawarra Dragons,Canberra Raiders,32,18,St. George Illawarra Dragons,St. George Illawarra Dragons,St. George Illawarra Dragons,St. George Illawarra Dragons,St. George Illawarra Dragons
2015,Rd 10,4,Melbourne Storm,South Sydney Rabbitohs,16,12,Melbourne Storm,Melbourne Storm,Melbourne Storm,Melbourne Storm,Melbourne Storm
2015,Rd 10,5,Gold Coast Titans,Cronulla Sharks,22,23,Gold Coast Titans,Gold Coast Titans,Gold Coast Titans,Gold Coast Titans,Cronulla Sharks
2015,Rd 10,6,Parramatta Eels,New Zealand Warriors,13,17,New Zealand Warriors,New Zealand Warriors,New Zealand Warriors,New Zealand Warriors,New Zealand Warriors
2015,Rd 10,7,Canterbury Bulldogs,Sydney Roosters,10,24,Canterbury Bulldogs,Sydney Roosters,Sydney Roosters,Sydney Roosters,Sydney Roosters
2015,Rd 10,8,NQ Cowboys,Brisbane Broncos,31,20,Brisbane Broncos,NQ Cowboys,NQ Cowboys,NQ Cowboys,NQ Cowboys
2015,Rd 11,1,Newcastle Knights,Brisbane Broncos,18,31,Brisbane Broncos,Newcastle Knights,Brisbane Broncos,Brisbane Broncos,Brisbane Broncos
2015,Rd 11,2,Canberra Raiders,Canterbury Bulldogs,34,41,Canberra Raiders,Canberra Raiders,Canberra Raiders,Canberra Raiders,Canterbury Bulldogs
2015,Rd 11,3,Wests Tigers,NQ Cowboys,0,8,NQ Cowboys,Wests Tigers,NQ Cowboys,NQ Cowboys,NQ Cowboys
2015,Rd 11,4,South Sydney Rabbitohs,Parramatta Eels,14,12,South Sydney Rabbitohs,South Sydney Rabbitohs,South Sydney Rabbitohs,South Sydney Rabbitohs,South Sydney Rabbitohs
2015,Rd 12,1,Sydney Roosters,Melbourne Storm,24,2,Melbourne Storm,Sydney Roosters,Sydney Roosters,Sydney Roosters,Sydney Roosters
2015,Rd 12,2,St. George Illawarra Dragons,Cronulla Sharks,42,6,St. George Illawarra Dragons,St. George Illawarra Dragons,St. George Illawarra Dragons,St. George Illawarra Dragons,St. George Illawarra Dragons
2015,Rd 12,3,New Zealand Warriors,Newcastle Knights,24,20,New Zealand Warriors,New Zealand Warriors,New Zealand Warriors,New Zealand Warriors,New Zealand Warriors
2015,Rd 12,4,NQ Cowboys,Manly Sea Eagles,18,14,NQ Cowboys,NQ Cowboys,NQ Cowboys,NQ Cowboys,NQ Cowboys
2015,Rd 12,5,Canberra Raiders,Brisbane Broncos,12,24,Brisbane Broncos,Canberra Raiders,Brisbane Broncos,Brisbane Broncos,Brisbane Broncos
2015,Rd 12,6,Gold Coast Titans,South Sydney Rabbitohs,16,22,South Sydney Rabbitohs,South Sydney Rabbitohs,South Sydney Rabbitohs,South Sydney Rabbitohs,South Sydney Rabbitohs
2015,Rd 12,7,Penrith Panthers,Parramatta Eels,20,26,Penrith Panthers,Penrith Panthers,Penrith Panthers,Penrith Panthers,Parramatta Eels
2015,Rd 13,1,Parramatta Eels,NQ Cowboys,30,36,NQ Cowboys,NQ Cowboys,NQ Cowboys,NQ Cowboys,NQ Cowboys
2015,Rd 13,2,Canterbury Bulldogs,St. George Illawarra Dragons,29,16,St. George Illawarra Dragons,Canterbury Bulldogs,Canterbury Bulldogs,Canterbury Bulldogs,Canterbury Bulldogs
2015,Rd 13,3,Cronulla Sharks,Sydney Roosters,10,4,Sydney Roosters,Sydney Roosters,Sydney Roosters,Sydney Roosters,Cronulla Sharks
2015,Rd 13,4,Penrith Panthers,Melbourne Storm,0,20,Melbourne Storm,Melbourne Storm,Melbourne Storm,Melbourne Storm,Melbourne Storm
2015,Rd 13,5,South Sydney Rabbitohs,New Zealand Warriors,36,4,South Sydney Rabbitohs,South Sydney Rabbitohs,South Sydney Rabbitohs,South Sydney Rabbitohs,South Sydney Rabbitohs
2015,Rd 13,6,Newcastle Knights,Canberra Raiders,22,44,Newcastle Knights,Canberra Raiders,Newcastle Knights,Newcastle Knights,Canberra Raiders
2015,Rd 13,7,Brisbane Broncos,Manly Sea Eagles,44,10,Brisbane Broncos,Brisbane Broncos,Brisbane Broncos,Brisbane Broncos,Brisbane Broncos
2015,Rd 13,8,Wests Tigers,Gold Coast Titans,20,27,Wests Tigers,Wests Tigers,Wests Tigers,Wests Tigers,Gold Coast Titans
2015,Rd 14,1,Melbourne Storm,Parramatta Eels,22,26,Melbourne Storm,Parramatta Eels,Melbourne Storm,Melbourne Storm,Parramatta Eels
2015,Rd 14,2,Gold Coast Titans,Canterbury Bulldogs,28,14,Canterbury Bulldogs,Canterbury Bulldogs,Canterbury Bulldogs,Canterbury Bulldogs,Gold Coast Titans
2015,Rd 14,3,New Zealand Warriors,Sydney Roosters,21,25,Sydney Roosters,New Zealand Warriors,Sydney Roosters,Sydney Roosters,Sydney Roosters
2015,Rd 14,4,Wests Tigers,South Sydney Rabbitohs,34,6,South Sydney Rabbitohs,South Sydney Rabbitohs,South Sydney Rabbitohs,South Sydney Rabbitohs,Wests Tigers
2015,Rd 15,1,St. George Illawarra Dragons,Sydney Roosters,14,19,St. George Illawarra Dragons,Sydney Roosters,Sydney Roosters,Sydney Roosters,Sydney Roosters
2015,Rd 15,2,Melbourne Storm,Brisbane Broncos,12,14,Brisbane Broncos,Brisbane Broncos,Melbourne Storm,Melbourne Storm,Brisbane Broncos
2015,Rd 15,3,Newcastle Knights,Cronulla Sharks,28,30,Cronulla Sharks,Newcastle Knights,Newcastle Knights,Newcastle Knights,Cronulla Sharks
2015,Rd 15,4,Canterbury Bulldogs,Penrith Panthers,24,12,Canterbury Bulldogs,Canterbury Bulldogs,Canterbury Bulldogs,Canterbury Bulldogs,Canterbury Bulldogs
2015,Rd 15,5,Gold Coast Titans,New Zealand Warriors,14,36,Gold Coast Titans,New Zealand Warriors,Gold Coast Titans,Gold Coast Titans,New Zealand Warriors
2015,Rd 15,6,Canberra Raiders,NQ Cowboys,20,21,NQ Cowboys,Canberra Raiders,NQ Cowboys,NQ Cowboys,NQ Cowboys
2015,Rd 15,7,Manly Sea Eagles,Wests Tigers,30,20,Wests Tigers,Manly Sea Eagles,Manly Sea Eagles,Manly Sea Eagles,Manly Sea Eagles
2015,Rd 16,1,Canterbury Bulldogs,Melbourne Storm,20,4,Melbourne Storm,Canterbury Bulldogs,Melbourne Storm,Melbourne Storm,Canterbury Bulldogs
2015,Rd 16,2,Wests Tigers,Penrith Panthers,12,35,Penrith Panthers,Wests Tigers,Wests Tigers,Wests Tigers,Penrith Panthers
2015,Rd 16,3,Sydney Roosters,Gold Coast Titans,20,10,Sydney Roosters,Sydney Roosters,Sydney Roosters,Sydney Roosters,Sydney Roosters
2015,Rd 16,4,Parramatta Eels,St. George Illawarra Dragons,16,12,St. George Illawarra Dragons,St. George Illawarra Dragons,St. George Illawarra Dragons,St. George Illawarra Dragons,Parramatta Eels
2015,Rd 16,5,NQ Cowboys,Cronulla Sharks,18,24,NQ Cowboys,NQ Cowboys,NQ Cowboys,NQ Cowboys,Cronulla Sharks
2015,Rd 16,6,New Zealand Warriors,Canberra Raiders,30,8,New Zealand Warriors,New Zealand Warriors,New Zealand Warriors,New Zealand Warriors,New Zealand Warriors
2015,Rd 16,7,Brisbane Broncos,Newcastle Knights,44,22,Brisbane Broncos,Brisbane Broncos,Brisbane Broncos,Brisbane Broncos,Brisbane Broncos
2015,Rd 16,8,South Sydney Rabbitohs,Manly Sea Eagles,20,8,South Sydney Rabbitohs,South Sydney Rabbitohs,South Sydney Rabbitohs,South Sydney Rabbitohs,South Sydney Rabbitohs
2015,Rd 17,1,Wests Tigers,Parramatta Eels,16,28,Parramatta Eels,Parramatta Eels,Wests Tigers,Wests Tigers,Parramatta Eels
2015,Rd 17,2,Manly Sea Eagles,Cronulla Sharks,28,16,Cronulla Sharks,Manly Sea Eagles,Manly Sea Eagles,Manly Sea Eagles,Manly Sea Eagles
2015,Rd 17,3,St. George Illawarra Dragons,NQ Cowboys,12,18,NQ Cowboys,St. George Illawarra Dragons,NQ Cowboys,NQ Cowboys,NQ Cowboys
2015,Rd 17,4,Penrith Panthers,South Sydney Rabbitohs,20,6,South Sydney Rabbitohs,South Sydney Rabbitohs,South Sydney Rabbitohs,South Sydney Rabbitohs,Penrith Panthers
2015,Rd 18,1,Gold Coast Titans,Manly Sea Eagles,6,38,Gold Coast Titans,Manly Sea Eagles,Manly Sea Eagles,Manly Sea Eagles,Manly Sea Eagles
2015,Rd 18,2,Cronulla Sharks,St. George Illawarra Dragons,28,8,St. George Illawarra Dragons,Cronulla Sharks,St. George Illawarra Dragons,St. George Illawarra Dragons,Cronulla Sharks
2015,Rd 18,3,New Zealand Warriors,Melbourne Storm,28,14,Melbourne Storm,New Zealand Warriors,Melbourne Storm,Melbourne Storm,New Zealand Warriors
2015,Rd 18,4,Canterbury Bulldogs,Brisbane Broncos,8,16,Brisbane Broncos,Canterbury Bulldogs,Brisbane Broncos,Brisbane Broncos,Brisbane Broncos
2015,Rd 18,5,Penrith Panthers,Sydney Roosters,4,24,Sydney Roosters,Sydney Roosters,Sydney Roosters,Sydney Roosters,Sydney Roosters
2015,Rd 18,6,Canberra Raiders,Newcastle Knights,36,22,Canberra Raiders,Canberra Raiders,Canberra Raiders,Canberra Raiders,Canberra Raiders
2015,Rd 19,1,Manly Sea Eagles,NQ Cowboys,12,30,NQ Cowboys,Manly Sea Eagles,NQ Cowboys,NQ Cowboys,NQ Cowboys
2015,Rd 19,2,Brisbane Broncos,Wests Tigers,42,16,Brisbane Broncos,Brisbane Broncos,Brisbane Broncos,Brisbane Broncos,Brisbane Broncos
2015,Rd 19,3,Sydney Roosters,New Zealand Warriors,24,0,Sydney Roosters,Sydney Roosters,Sydney Roosters,Sydney Roosters,Sydney Roosters
2015,Rd 19,4,St. George Illawarra Dragons,South Sydney Rabbitohs,8,24,St. George Illawarra Dragons,South Sydney Rabbitohs,South Sydney Rabbitohs,South Sydney Rabbitohs,South Sydney Rabbitohs
2015,Rd 19,5,Newcastle Knights,Gold Coast Titans,30,2,Gold Coast Titans,Newcastle Knights,Newcastle Knights,Newcastle Knights,Newcastle Knights
2015,Rd 19,6,Canberra Raiders,Cronulla Sharks,20,21,Cronulla Sharks,Canberra Raiders,Canberra Raiders,Canberra Raiders,Cronulla Sharks
2015,Rd 19,7,Melbourne Storm,Penrith Panthers,52,10,Melbourne Storm,Melbourne Storm,Melbourne Storm,Melbourne Storm,Melbourne Storm
2015,Rd 19,8,Parramatta Eels,Canterbury Bulldogs,4,28,Canterbury Bulldogs,Canterbury Bulldogs,Canterbury Bulldogs,Canterbury Bulldogs,Canterbury Bulldogs
2015,Rd 20,1,NQ Cowboys,Parramatta Eels,46,4,NQ Cowboys,NQ Cowboys,NQ Cowboys,NQ Cowboys,NQ Cowboys
2015,Rd 20,2,Canterbury Bulldogs,Cronulla Sharks,16,18,Canterbury Bulldogs,Canterbury Bulldogs,Canterbury Bulldogs,Canterbury Bulldogs,Cronulla Sharks
2015,Rd 20,3,Penrith Panthers,Canberra Raiders,24,34,Penrith Panthers,Penrith Panthers,Penrith Panthers,Penrith Panthers,Canberra Raiders
2015,Rd 20,4,South Sydney Rabbitohs,Newcastle Knights,52,6,South Sydney Rabbitohs,South Sydney Rabbitohs,South Sydney Rabbitohs,South Sydney Rabbitohs,South Sydney Rabbitohs
2015,Rd 20,5,Melbourne Storm,St. George Illawarra Dragons,22,4,Melbourne Storm,Melbourne Storm,Melbourne Storm,Melbourne Storm,Melbourne Storm
2015,Rd 20,6,New Zealand Warriors,Manly Sea Eagles,12,32,New Zealand Warriors,New Zealand Warriors,New Zealand Warriors,New Zealand Warriors,Manly Sea Eagles
2015,Rd 20,7,Brisbane Broncos,Gold Coast Titans,34,0,Brisbane Broncos,Brisbane Broncos,Brisbane Broncos,Brisbane Broncos,Brisbane Broncos
2015,Rd 20,8,Wests Tigers,Sydney Roosters,8,33,Sydney Roosters,Sydney Roosters,Sydney Roosters,Sydney Roosters,Sydney Roosters
2015,Rd 21,1,Gold Coast Titans,Parramatta Eels,24,14,Parramatta Eels,Gold Coast Titans,Gold Coast Titans,Gold Coast Titans,Gold Coast Titans
2015,Rd 21,2,South Sydney Rabbitohs,Penrith Panthers,20,16,South Sydney Rabbitohs,South Sydney Rabbitohs,South Sydney Rabbitohs,South Sydney Rabbitohs,South Sydney Rabbitohs
2015,Rd 21,3,St. George Illawarra Dragons,Newcastle Knights,46,24,St. George Illawarra Dragons,St. George Illawarra Dragons,St. George Illawarra Dragons,St. George Illawarra Dragons,St. George Illawarra Dragons
2015,Rd 21,4,Manly Sea Eagles,Brisbane Broncos,44,14,Brisbane Broncos,Brisbane Broncos,Brisbane Broncos,Brisbane Broncos,Manly Sea Eagles
2015,Rd 21,5,NQ Cowboys,Canberra Raiders,32,24,NQ Cowboys,NQ Cowboys,NQ Cowboys,NQ Cowboys,NQ Cowboys
2015,Rd 21,6,New Zealand Warriors,Cronulla Sharks,14,18,Cronulla Sharks,New Zealand Warriors,New Zealand Warriors,New Zealand Warriors,Cronulla Sharks
2015,Rd 21,7,Sydney Roosters,Canterbury Bulldogs,38,28,Sydney Roosters,Sydney Roosters,Sydney Roosters,Sydney Roosters,Sydney Roosters
2015,Rd 21,8,Wests Tigers,Melbourne Storm,34,16,Melbourne Storm,Melbourne Storm,Melbourne Storm,Melbourne Storm,Wests Tigers
2015,Rd 22,1,Canberra Raiders,Wests Tigers,18,20,Canberra Raiders,Canberra Raiders,Canberra Raiders,Canberra Raiders,Wests Tigers
2015,Rd 22,2,Newcastle Knights,Sydney Roosters,22,38,Sydney Roosters,Sydney Roosters,Sydney Roosters,Sydney Roosters,Sydney Roosters
2015,Rd 22,3,Melbourne Storm,Gold Coast Titans,36,14,Melbourne Storm,Melbourne Storm,Melbourne Storm,Melbourne Storm,Melbourne Storm
2015,Rd 22,4,Parramatta Eels,Penrith Panthers,10,4,Penrith Panthers,Penrith Panthers,Penrith Panthers,Penrith Panthers,Parramatta Eels
2015,Rd 22,5,Cronulla Sharks,NQ Cowboys,30,18,NQ Cowboys,NQ Cowboys,NQ Cowboys,NQ Cowboys,Cronulla Sharks
2015,Rd 22,6,New Zealand Warriors,St. George Illawarra Dragons,0,36,St. George Illawarra Dragons,St. George Illawarra Dragons,New Zealand Warriors,New Zealand Warriors,St. George Illawarra Dragons
2015,Rd 22,7,Brisbane Broncos,Canterbury Bulldogs,16,18,Brisbane Broncos,Brisbane Broncos,Brisbane Broncos,Brisbane Broncos,Canterbury Bulldogs
2015,Rd 22,8,Manly Sea Eagles,South Sydney Rabbitohs,28,8,South Sydney Rabbitohs,South Sydney Rabbitohs,South Sydney Rabbitohs,South Sydney Rabbitohs,Manly Sea Eagles
2015,Rd 23,1,Cronulla Sharks,Melbourne Storm,2,30,Cronulla Sharks,Cronulla Sharks,Melbourne Storm,Melbourne Storm,Melbourne Storm
2015,Rd 23,2,Canterbury Bulldogs,Gold Coast Titans,36,14,Canterbury Bulldogs,Canterbury Bulldogs,Canterbury Bulldogs,Canterbury Bulldogs,Canterbury Bulldogs
2015,Rd 23,3,Canberra Raiders,Manly Sea Eagles,24,26,Manly Sea Eagles,Manly Sea Eagles,Manly Sea Eagles,Manly Sea Eagles,Manly Sea Eagles
2015,Rd 23,4,Sydney Roosters,Parramatta Eels,28,18,Sydney Roosters,Sydney Roosters,Sydney Roosters,Sydney Roosters,Sydney Roosters
2015,Rd 23,5,Penrith Panthers,New Zealand Warriors,24,10,New Zealand Warriors,Penrith Panthers,Penrith Panthers,Penrith Panthers,Penrith Panthers
2015,Rd 23,6,Wests Tigers,Newcastle Knights,18,24,Wests Tigers,Wests Tigers,Wests Tigers,Wests Tigers,Newcastle Knights
2015,Rd 23,7,Brisbane Broncos,St. George Illawarra Dragons,32,6,Brisbane Broncos,Brisbane Broncos,Brisbane Broncos,Brisbane Broncos,Brisbane Broncos
2015,Rd 23,8,NQ Cowboys,South Sydney Rabbitohs,18,31,NQ Cowboys,NQ Cowboys,NQ Cowboys,NQ Cowboys,South Sydney Rabbitohs
2015,Rd 24,1,Melbourne Storm,Newcastle Knights,6,20,Melbourne Storm,Melbourne Storm,Melbourne Storm,Melbourne Storm,Newcastle Knights
2015,Rd 24,2,Manly Sea Eagles,Parramatta Eels,16,20,Manly Sea Eagles,Manly Sea Eagles,Manly Sea Eagles,Manly Sea Eagles,Parramatta Eels
2015,Rd 24,3,Gold Coast Titans,Canberra Raiders,28,12,Canberra Raiders,Canberra Raiders,Canberra Raiders,Canberra Raiders,Gold Coast Titans
2015,Rd 24,4,Sydney Roosters,Brisbane Broncos,12,10,Brisbane Broncos,Sydney Roosters,Sydney Roosters,Sydney Roosters,Sydney Roosters
2015,Rd 24,5,New Zealand Warriors,NQ Cowboys,16,50,NQ Cowboys,NQ Cowboys,NQ Cowboys,NQ Cowboys,NQ Cowboys
2015,Rd 24,6,Cronulla Sharks,Wests Tigers,40,18,Cronulla Sharks,Cronulla Sharks,Cronulla Sharks,Cronulla Sharks,Cronulla Sharks
2015,Rd 24,7,South Sydney Rabbitohs,Canterbury Bulldogs,18,32,South Sydney Rabbitohs,South Sydney Rabbitohs,South Sydney Rabbitohs,South Sydney Rabbitohs,Canterbury Bulldogs
2015,Rd 24,8,St. George Illawarra Dragons,Penrith Panthers,19,12,St. George Illawarra Dragons,St. George Illawarra Dragons,St. George Illawarra Dragons,St. George Illawarra Dragons,St. George Illawarra Dragons
2015,Rd 25,1,Canberra Raiders,Penrith Panthers,34,18,Penrith Panthers,Canberra Raiders,Canberra Raiders,Canberra Raiders,Canberra Raiders
2015,Rd 25,2,Gold Coast Titans,St. George Illawarra Dragons,28,26,St. George Illawarra Dragons,St. George Illawarra Dragons,St. George Illawarra Dragons,St. George Illawarra Dragons,Gold Coast Titans
2015,Rd 25,3,Wests Tigers,New Zealand Warriors,50,16,New Zealand Warriors,Wests Tigers,Wests Tigers,Wests Tigers,Wests Tigers
2015,Rd 25,4,Melbourne Storm,NQ Cowboys,14,6,NQ Cowboys,Melbourne Storm,Melbourne Storm,Melbourne Storm,Melbourne Storm
2015,Rd 25,5,Newcastle Knights,Canterbury Bulldogs,18,20,Canterbury Bulldogs,Canterbury Bulldogs,Canterbury Bulldogs,Canterbury Bulldogs,Canterbury Bulldogs
2015,Rd 25,6,Parramatta Eels,Cronulla Sharks,28,35,Cronulla Sharks,Cronulla Sharks,Parramatta Eels,Parramatta Eels,Cronulla Sharks
2015,Rd 25,7,Manly Sea Eagles,Sydney Roosters,10,46,Sydney Roosters,Sydney Roosters,Sydney Roosters,Sydney Roosters,Sydney Roosters
2015,Rd 25,8,South Sydney Rabbitohs,Brisbane Broncos,12,47,Brisbane Broncos,Brisbane Broncos,South Sydney Rabbitohs,South Sydney Rabbitohs,Brisbane Broncos
2015,Rd 26,1,Canterbury Bulldogs,New Zealand Warriors,26,22,Canterbury Bulldogs,Canterbury Bulldogs,Canterbury Bulldogs,Canterbury Bulldogs,Canterbury Bulldogs
2015,Rd 26,2,Cronulla Sharks,Manly Sea Eagles,12,14,Cronulla Sharks,Cronulla Sharks,Manly Sea Eagles,Manly Sea Eagles,Manly Sea Eagles
2015,Rd 26,3,Parramatta Eels,Canberra Raiders,24,28,Parramatta Eels,Parramatta Eels,Parramatta Eels,Parramatta Eels,Canberra Raiders
2015,Rd 26,4,NQ Cowboys,Gold Coast Titans,42,12,NQ Cowboys,NQ Cowboys,NQ Cowboys,NQ Cowboys,NQ Cowboys
2015,Rd 26,5,St. George Illawarra Dragons,Wests Tigers,32,30,St. George Illawarra Dragons,St. George Illawarra Dragons,St. George Illawarra Dragons,St. George Illawarra Dragons,St. George Illawarra Dragons
2015,Rd 26,6,Penrith Panthers,Newcastle Knights,30,12,Penrith Panthers,Newcastle Knights,Penrith Panthers,Penrith Panthers,Penrith Panthers
2015,Rd 26,7,Sydney Roosters,South Sydney Rabbitohs,30,0,Sydney Roosters,Sydney Roosters,Sydney Roosters,Sydney Roosters,Sydney Roosters
2015,Rd 26,8,Brisbane Broncos,Melbourne Storm,8,15,Brisbane Broncos,Brisbane Broncos,Brisbane Broncos,Brisbane Broncos,Melbourne Storm
2016,Rd 1,1,Melbourne Storm,St. George Illawarra Dragons,18,16,Melbourne Storm,Melbourne Storm,Melbourne Storm,Melbourne Storm,Melbourne Storm
2016,Rd 1,2,Gold Coast Titans,Newcastle Knights,30,12,Gold Coast Titans,Gold Coast Titans,Gold Coast Titans,Gold Coast Titans,Gold Coast Titans
2016,Rd 1,3,Sydney Roosters,South Sydney Rabbitohs,10,42,Sydney Roosters,South Sydney Rabbitohs,Sydney Roosters,Sydney Roosters,South Sydney Rabbitohs
2016,Rd 1,4,NQ Cowboys,Cronulla Sharks,20,14,NQ Cowboys,NQ Cowboys,NQ Cowboys,NQ Cowboys,NQ Cowboys
2016,Rd 1,5,Wests Tigers,New Zealand Warriors,34,26,Wests Tigers,New Zealand Warriors,Wests Tigers,Wests Tigers,Wests Tigers
2016,Rd 1,6,Canberra Raiders,Penrith Panthers,30,22,Canberra Raiders,Canberra Raiders,Canberra Raiders,Canberra Raiders,Canberra Raiders
2016,Rd 1,7,Manly Sea Eagles,Canterbury Bulldogs,6,28,Manly Sea Eagles,Manly Sea Eagles,Manly Sea Eagles,Manly Sea Eagles,Canterbury Bulldogs
2016,Rd 1,8,Parramatta Eels,Brisbane Broncos,4,17,Parramatta Eels,Brisbane Broncos,Brisbane Broncos,Brisbane Broncos,Brisbane Broncos
2016,Rd 2,1,Wests Tigers,Manly Sea Eagles,36,22,Wests Tigers,Manly Sea Eagles,Wests Tigers,Wests Tigers,Wests Tigers
2016,Rd 2,2,Melbourne Storm,Gold Coast Titans,34,16,Gold Coast Titans,Melbourne Storm,Melbourne Storm,Melbourne Storm,Melbourne Storm
2016,Rd 2,3,Cronulla Sharks,St. George Illawarra Dragons,30,2,St. George Illawarra Dragons,Cronulla Sharks,Cronulla Sharks,Cronulla Sharks,Cronulla Sharks
2016,Rd 2,4,Parramatta Eels,NQ Cowboys,20,16,NQ Cowboys,NQ Cowboys,NQ Cowboys,NQ Cowboys,Parramatta Eels
2016,Rd 2,5,South Sydney Rabbitohs,Newcastle Knights,48,6,South Sydney Rabbitohs,South Sydney Rabbitohs,South Sydney Rabbitohs,South Sydney Rabbitohs,South Sydney Rabbitohs
2016,Rd 2,6,Canberra Raiders,Sydney Roosters,21,20,Canberra Raiders,Canberra Raiders,Sydney Roosters,Sydney Roosters,Canberra Raiders
2016,Rd 2,7,Brisbane Broncos,New Zealand Warriors,25,10,Brisbane Broncos,Brisbane Broncos,Brisbane Broncos,Brisbane Broncos,Brisbane Broncos
2016,Rd 2,8,Penrith Panthers,Canterbury Bulldogs,16,18,Canterbury Bulldogs,Canterbury Bulldogs,Canterbury Bulldogs,Canterbury Bulldogs,Canterbury Bulldogs
2016,Rd 3,1,Manly Sea Eagles,Cronulla Sharks,22,12,Cronulla Sharks,Cronulla Sharks,Manly Sea Eagles,Manly Sea Eagles,Manly Sea Eagles
2016,Rd 3,2,St. George Illawarra Dragons,South Sydney Rabbitohs,8,6,South Sydney Rabbitohs,South Sydney Rabbitohs,South Sydney Rabbitohs,South Sydney Rabbitohs,St. George Illawarra Dragons
2016,Rd 3,3,New Zealand Warriors,Melbourne Storm,14,21,Melbourne Storm,Melbourne Storm,Melbourne Storm,Melbourne Storm,Melbourne Storm
2016,Rd 3,4,Gold Coast Titans,Wests Tigers,30,18,Wests Tigers,Wests Tigers,Gold Coast Titans,Gold Coast Titans,Gold Coast Titans
2016,Rd 3,5,Penrith Panthers,Brisbane Broncos,23,22,Brisbane Broncos,Brisbane Broncos,Brisbane Broncos,Brisbane Broncos,Penrith Panthers
2016,Rd 3,6,Newcastle Knights,Canberra Raiders,24,24,Canberra Raiders,Canberra Raiders,Canberra Raiders,Canberra Raiders,Canberra Raiders
2016,Rd 3,7,Canterbury Bulldogs,Parramatta Eels,6,20,Canterbury Bulldogs,Canterbury Bulldogs,Canterbury Bulldogs,Canterbury Bulldogs,Parramatta Eels
2016,Rd 3,8,NQ Cowboys,Sydney Roosters,40,0,NQ Cowboys,NQ Cowboys,NQ Cowboys,NQ Cowboys,NQ Cowboys
2016,Rd 4,1,Cronulla Sharks,Melbourne Storm,14,6,Melbourne Storm,Cronulla Sharks,Melbourne Storm,Melbourne Storm,Cronulla Sharks
2016,Rd 4,2,Wests Tigers,Parramatta Eels,0,8,Wests Tigers,Parramatta Eels,Wests Tigers,Wests Tigers,Parramatta Eels
2016,Rd 4,3,New Zealand Warriors,Newcastle Knights,40,18,New Zealand Warriors,New Zealand Warriors,New Zealand Warriors,New Zealand Warriors,New Zealand Warriors
2016,Rd 4,4,St. George Illawarra Dragons,Penrith Panthers,14,12,Penrith Panthers,St. George Illawarra Dragons,St. George Illawarra Dragons,St. George Illawarra Dragons,St. George Illawarra Dragons
2016,Rd 4,5,Sydney Roosters,Manly Sea Eagles,20,22,Manly Sea Eagles,Manly Sea Eagles,Sydney Roosters,Sydney Roosters,Manly Sea Eagles
2016,Rd 4,6,Canberra Raiders,Gold Coast Titans,20,24,Gold Coast Titans,Canberra Raiders,Canberra Raiders,Canberra Raiders,Gold Coast Titans
2016,Rd 4,7,Brisbane Broncos,NQ Cowboys,21,20,NQ Cowboys,Brisbane Broncos,Brisbane Broncos,Brisbane Broncos,Brisbane Broncos
2016,Rd 4,8,South Sydney Rabbitohs,Canterbury Bulldogs,12,42,South Sydney Rabbitohs,Canterbury Bulldogs,South Sydney Rabbitohs,South Sydney Rabbitohs,Canterbury Bulldogs
2016,Rd 5,1,Canterbury Bulldogs,Canberra Raiders,8,22,Canterbury Bulldogs,Canterbury Bulldogs,Canterbury Bulldogs,Canterbury Bulldogs,Canberra Raiders
2016,Rd 5,2,Parramatta Eels,Penrith Panthers,18,20,Parramatta Eels,Parramatta Eels,Parramatta Eels,Parramatta Eels,Penrith Panthers
2016,Rd 5,3,Sydney Roosters,New Zealand Warriors,28,32,New Zealand Warriors,New Zealand Warriors,Sydney Roosters,Sydney Roosters,New Zealand Warriors
2016,Rd 5,4,NQ Cowboys,St. George Illawarra Dragons,36,0,NQ Cowboys,NQ Cowboys,NQ Cowboys,NQ Cowboys,NQ Cowboys
2016,Rd 5,5,Wests Tigers,Cronulla Sharks,26,34,Cronulla Sharks,Cronulla Sharks,Wests Tigers,Wests Tigers,Cronulla Sharks
2016,Rd 5,6,Melbourne Storm,Newcastle Knights,18,14,Melbourne Storm,Melbourne Storm,Melbourne Storm,Melbourne Storm,Melbourne Storm
2016,Rd 5,7,Gold Coast Titans,Brisbane Broncos,16,24,Brisbane Broncos,Brisbane Broncos,Brisbane Broncos,Brisbane Broncos,Brisbane Broncos
2016,Rd 5,8,Manly Sea Eagles,South Sydney Rabbitohs,12,16,South Sydney Rabbitohs,South Sydney Rabbitohs,South Sydney Rabbitohs,South Sydney Rabbitohs,South Sydney Rabbitohs
2016,Rd 6,1,Melbourne Storm,Canterbury Bulldogs,12,18,Melbourne Storm,Melbourne Storm,Melbourne Storm,Melbourne Storm,Canterbury Bulldogs
2016,Rd 6,2,Newcastle Knights,Wests Tigers,18,16,Wests Tigers,Wests Tigers,Newcastle Knights,Newcastle Knights,Newcastle Knights
2016,Rd 6,3,Cronulla Sharks,Gold Coast Titans,25,20,Cronulla Sharks,Cronulla Sharks,Cronulla Sharks,Cronulla Sharks,Cronulla Sharks
2016,Rd 6,4,Penrith Panthers,NQ Cowboys,18,23,NQ Cowboys,NQ Cowboys,NQ Cowboys,NQ Cowboys,NQ Cowboys
2016,Rd 6,5,New Zealand Warriors,Manly Sea Eagles,18,34,New Zealand Warriors,New Zealand Warriors,New Zealand Warriors,New Zealand Warriors,Manly Sea Eagles
2016,Rd 6,6,Parramatta Eels,Canberra Raiders,36,6,Canberra Raiders,Parramatta Eels,Parramatta Eels,Parramatta Eels,Parramatta Eels
2016,Rd 6,7,South Sydney Rabbitohs,Sydney Roosters,10,17,South Sydney Rabbitohs,South Sydney Rabbitohs,South Sydney Rabbitohs,South Sydney Rabbitohs,Sydney Roosters
2016,Rd 6,8,Brisbane Broncos,St. George Illawarra Dragons,26,0,Brisbane Broncos,Brisbane Broncos,Brisbane Broncos,Brisbane Broncos,Brisbane Broncos
2016,Rd 7,1,Sydney Roosters,Penrith Panthers,16,20,Penrith Panthers,Penrith Panthers,Sydney Roosters,Sydney Roosters,Penrith Panthers
2016,Rd 7,2,Wests Tigers,Melbourne Storm,18,19,Melbourne Storm,Melbourne Storm,Melbourne Storm,Melbourne Storm,Melbourne Storm
2016,Rd 7,3,Canberra Raiders,Cronulla Sharks,16,40,Cronulla Sharks,Cronulla Sharks,Canberra Raiders,Canberra Raiders,Cronulla Sharks
2016,Rd 7,4,Brisbane Broncos,Newcastle Knights,53,0,Brisbane Broncos,Brisbane Broncos,Brisbane Broncos,Brisbane Broncos,Brisbane Broncos
2016,Rd 7,5,Canterbury Bulldogs,New Zealand Warriors,20,24,Canterbury Bulldogs,Canterbury Bulldogs,Canterbury Bulldogs,Canterbury Bulldogs,New Zealand Warriors
2016,Rd 7,6,Gold Coast Titans,St. George Illawarra Dragons,14,19,Gold Coast Titans,Gold Coast Titans,Gold Coast Titans,Gold Coast Titans,St. George Illawarra Dragons
2016,Rd 7,7,NQ Cowboys,South Sydney Rabbitohs,44,18,NQ Cowboys,NQ Cowboys,NQ Cowboys,NQ Cowboys,NQ Cowboys
2016,Rd 7,8,Manly Sea Eagles,Parramatta Eels,10,22,Parramatta Eels,Parramatta Eels,Manly Sea Eagles,Manly Sea Eagles,Parramatta Eels
2016,Rd 8,1,Melbourne Storm,New Zealand Warriors,42,0,Melbourne Storm,Melbourne Storm,Melbourne Storm,Melbourne Storm,Melbourne Storm
2016,Rd 8,2,St. George Illawarra Dragons,Sydney Roosters,20,18,St. George Illawarra Dragons,Sydney Roosters,Sydney Roosters,Sydney Roosters,St. George Illawarra Dragons
2016,Rd 8,3,Newcastle Knights,Manly Sea Eagles,10,26,Manly Sea Eagles,Manly Sea Eagles,Manly Sea Eagles,Manly Sea Eagles,Manly Sea Eagles
2016,Rd 8,4,Cronulla Sharks,Penrith Panthers,20,18,Cronulla Sharks,Cronulla Sharks,Cronulla Sharks,Cronulla Sharks,Cronulla Sharks
2016,Rd 8,5,NQ Cowboys,Parramatta Eels,32,16,NQ Cowboys,NQ Cowboys,NQ Cowboys,NQ Cowboys,NQ Cowboys
2016,Rd 8,6,Canberra Raiders,Wests Tigers,60,6,Canberra Raiders,Canberra Raiders,Canberra Raiders,Canberra Raiders,Canberra Raiders
2016,Rd 8,7,Canterbury Bulldogs,Gold Coast Titans,21,20,Canterbury Bulldogs,Canterbury Bulldogs,Canterbury Bulldogs,Canterbury Bulldogs,Canterbury Bulldogs
2016,Rd 8,8,Brisbane Broncos,South Sydney Rabbitohs,30,8,Brisbane Broncos,Brisbane Broncos,Brisbane Broncos,Brisbane Broncos,Brisbane Broncos
2016,Rd 9,1,Cronulla Sharks,Brisbane Broncos,30,28,Brisbane Broncos,Brisbane Broncos,Brisbane Broncos,Brisbane Broncos,Cronulla Sharks
2016,Rd 9,2,Gold Coast Titans,Melbourne Storm,0,38,Melbourne Storm,Melbourne Storm,Melbourne Storm,Melbourne Storm,Melbourne Storm
2016,Rd 9,3,New Zealand Warriors,St. George Illawarra Dragons,26,10,St. George Illawarra Dragons,St. George Illawarra Dragons,New Zealand Warriors,New Zealand Warriors,New Zealand Warriors
2016,Rd 9,4,Manly Sea Eagles,NQ Cowboys,18,34,NQ Cowboys,NQ Cowboys,NQ Cowboys,NQ Cowboys,NQ Cowboys
2016,Rd 9,5,Sydney Roosters,Newcastle Knights,38,0,Sydney Roosters,Sydney Roosters,Sydney Roosters,Sydney Roosters,Sydney Roosters
2016,Rd 9,6,Penrith Panthers,Canberra Raiders,19,18,Canberra Raiders,Penrith Panthers,Penrith Panthers,Penrith Panthers,Penrith Panthers
2016,Rd 9,7,Parramatta Eels,Canterbury Bulldogs,20,12,Parramatta Eels,Canterbury Bulldogs,Canterbury Bulldogs,Canterbury Bulldogs,Parramatta Eels
2016,Rd 9,8,South Sydney Rabbitohs,Wests Tigers,22,30,South Sydney Rabbitohs,South Sydney Rabbitohs,South Sydney Rabbitohs,South Sydney Rabbitohs,Wests Tigers
2016,Rd 10,1,Gold Coast Titans,Sydney Roosters,26,6,Gold Coast Titans,Sydney Roosters,Sydney Roosters,Sydney Roosters,Gold Coast Titans
2016,Rd 10,2,Wests Tigers,Canterbury Bulldogs,4,36,Canterbury Bulldogs,Canterbury Bulldogs,Canterbury Bulldogs,Canterbury Bulldogs,Canterbury Bulldogs
2016,Rd 10,3,Newcastle Knights,Cronulla Sharks,1,2,Cronulla Sharks,Cronulla Sharks,Cronulla Sharks,Cronulla Sharks,Cronulla Sharks
2016,Rd 10,4,Manly Sea Eagles,Brisbane Broncos,6,30,Brisbane Broncos,Brisbane Broncos,Brisbane Broncos,Brisbane Broncos,Brisbane Broncos
2016,Rd 10,5,Melbourne Storm,NQ Cowboys,15,14,NQ Cowboys,NQ Cowboys,Melbourne Storm,Melbourne Storm,Melbourne Storm
2016,Rd 10,6,Penrith Panthers,New Zealand Warriors,30,18,Penrith Panthers,Penrith Panthers,Penrith Panthers,Penrith Panthers,Penrith Panthers
2016,Rd 10,7,Parramatta Eels,South Sydney Rabbitohs,20,22,Parramatta Eels,Parramatta Eels,Parramatta Eels,Parramatta Eels,South Sydney Rabbitohs
2016,Rd 10,8,St. George Illawarra Dragons,Canberra Raiders,16,12,Canberra Raiders,Canberra Raiders,St. George Illawarra Dragons,St. George Illawarra Dragons,St. George Illawarra Dragons
2016,Rd 11,1,Parramatta Eels,Melbourne Storm,6,18,Melbourne Storm,Melbourne Storm,Melbourne Storm,Melbourne Storm,Melbourne Storm
2016,Rd 11,2,Canterbury Bulldogs,Sydney Roosters,32,20,Canterbury Bulldogs,Canterbury Bulldogs,Canterbury Bulldogs,Canterbury Bulldogs,Canterbury Bulldogs
2016,Rd 11,3,Penrith Panthers,Gold Coast Titans,24,28,Penrith Panthers,Penrith Panthers,Penrith Panthers,Penrith Panthers,Gold Coast Titans
2016,Rd 11,4,Cronulla Sharks,Manly Sea Eagles,20,12,Cronulla Sharks,Cronulla Sharks,Cronulla Sharks,Cronulla Sharks,Cronulla Sharks
2016,Rd 11,5,New Zealand Warriors,Canberra Raiders,12,38,Canberra Raiders,New Zealand Warriors,New Zealand Warriors,New Zealand Warriors,Canberra Raiders
2016,Rd 11,6,Wests Tigers,Newcastle Knights,20,12,Wests Tigers,Wests Tigers,Wests Tigers,Wests Tigers,Wests Tigers
2016,Rd 11,7,NQ Cowboys,Brisbane Broncos,19,18,Brisbane Broncos,NQ Cowboys,NQ Cowboys,NQ Cowboys,NQ Cowboys
2016,Rd 11,8,South Sydney Rabbitohs,St. George Illawarra Dragons,34,24,St. George Illawarra Dragons,South Sydney Rabbitohs,South Sydney Rabbitohs,South Sydney Rabbitohs,South Sydney Rabbitohs
2016,Rd 12,1,Newcastle Knights,Parramatta Eels,18,20,Parramatta Eels,Parramatta Eels,Parramatta Eels,Parramatta Eels,Parramatta Eels
2016,Rd 12,2,Canberra Raiders,Canterbury Bulldogs,32,20,Canterbury Bulldogs,Canberra Raiders,Canterbury Bulldogs,Canterbury Bulldogs,Canberra Raiders
2016,Rd 12,3,St. George Illawarra Dragons,NQ Cowboys,14,10,NQ Cowboys,St. George Illawarra Dragons,NQ Cowboys,NQ Cowboys,St. George Illawarra Dragons
2016,Rd 12,4,Brisbane Broncos,Wests Tigers,18,19,Brisbane Broncos,Brisbane Broncos,Brisbane Broncos,Brisbane Broncos,Wests Tigers
2016,Rd 13,1,Canterbury Bulldogs,Cronulla Sharks,18,20,Cronulla Sharks,Cronulla Sharks,Canterbury Bulldogs,Canterbury Bulldogs,Cronulla Sharks
2016,Rd 13,2,South Sydney Rabbitohs,Gold Coast Titans,28,29,South Sydney Rabbitohs,South Sydney Rabbitohs,South Sydney Rabbitohs,South Sydney Rabbitohs,Gold Coast Titans
2016,Rd 13,3,Sydney Roosters,Wests Tigers,32,18,Wests Tigers,Sydney Roosters,Sydney Roosters,Sydney Roosters,Sydney Roosters
2016,Rd 13,4,Melbourne Storm,Penrith Panthers,24,6,Melbourne Storm,Melbourne Storm,Melbourne Storm,Melbourne Storm,Melbourne Storm
2016,Rd 13,5,NQ Cowboys,Newcastle Knights,46,16,NQ Cowboys,NQ Cowboys,NQ Cowboys,NQ Cowboys,NQ Cowboys
2016,Rd 13,6,New Zealand Warriors,Brisbane Broncos,36,18,Brisbane Broncos,Brisbane Broncos,Brisbane Broncos,Brisbane Broncos,New Zealand Warriors
2016,Rd 13,7,Canberra Raiders,Manly Sea Eagles,30,18,Canberra Raiders,Canberra Raiders,Canberra Raiders,Canberra Raiders,Canberra Raiders
2016,Rd 14,1,Cronulla Sharks,NQ Cowboys,13,10,Cronulla Sharks,Cronulla Sharks,NQ Cowboys,NQ Cowboys,Cronulla Sharks
2016,Rd 14,2,St. George Illawarra Dragons,Canterbury Bulldogs,16,34,Canterbury Bulldogs,Canterbury Bulldogs,Canterbury Bulldogs,Canterbury Bulldogs,Canterbury Bulldogs
2016,Rd 14,3,Manly Sea Eagles,Penrith Panthers,24,31,Penrith Panthers,Penrith Panthers,Manly Sea Eagles,Manly Sea Eagles,Penrith Panthers
2016,Rd 14,4,Sydney Roosters,Melbourne Storm,0,46,Melbourne Storm,Melbourne Storm,Melbourne Storm,Melbourne Storm,Melbourne Storm
2016,Rd 14,5,Parramatta Eels,Gold Coast Titans,22,12,Parramatta Eels,Gold Coast Titans,Parramatta Eels,Parramatta Eels,Parramatta Eels
2016,Rd 14,6,Newcastle Knights,New Zealand Warriors,14,50,New Zealand Warriors,New Zealand Warriors,New Zealand Warriors,New Zealand Warriors,New Zealand Warriors
2016,Rd 14,7,Wests Tigers,South Sydney Rabbitohs,30,14,South Sydney Rabbitohs,South Sydney Rabbitohs,South Sydney Rabbitohs,South Sydney Rabbitohs,Wests Tigers
2016,Rd 14,8,Brisbane Broncos,Canberra Raiders,26,18,Brisbane Broncos,Brisbane Broncos,Brisbane Broncos,Brisbane Broncos,Brisbane Broncos
2016,Rd 15,1,Gold Coast Titans,Manly Sea Eagles,30,10,Gold Coast Titans,Gold Coast Titans,Gold Coast Titans,Gold Coast Titans,Gold Coast Titans
2016,Rd 15,2,New Zealand Warriors,Sydney Roosters,12,10,New Zealand Warriors,New Zealand Warriors,Sydney Roosters,Sydney Roosters,New Zealand Warriors
2016,Rd 15,3,St. George Illawarra Dragons,Melbourne Storm,20,10,Melbourne Storm,St. George Illawarra Dragons,Melbourne Storm,Melbourne Storm,St. George Illawarra Dragons
2016,Rd 15,4,South Sydney Rabbitohs,Parramatta Eels,12,30,Parramatta Eels,Parramatta Eels,South Sydney Rabbitohs,South Sydney Rabbitohs,Parramatta Eels
2016,Rd 16,1,NQ Cowboys,Manly Sea Eagles,30,26,NQ Cowboys,NQ Cowboys,NQ Cowboys,NQ Cowboys,NQ Cowboys
2016,Rd 16,2,Melbourne Storm,Wests Tigers,29,20,Melbourne Storm,Melbourne Storm,Melbourne Storm,Melbourne Storm,Melbourne Storm
2016,Rd 16,3,Gold Coast Titans,Canberra Raiders,22,30,Canberra Raiders,Canberra Raiders,Gold Coast Titans,Gold Coast Titans,Canberra Raiders
2016,Rd 16,4,Canterbury Bulldogs,Brisbane Broncos,40,14,Brisbane Broncos,Canterbury Bulldogs,Brisbane Broncos,Brisbane Broncos,Canterbury Bulldogs
2016,Rd 16,5,Cronulla Sharks,New Zealand Warriors,19,18,Cronulla Sharks,Cronulla Sharks,Cronulla Sharks,Cronulla Sharks,Cronulla Sharks
2016,Rd 16,6,Newcastle Knights,St. George Illawarra Dragons,18,30,St. George Illawarra Dragons,St. George Illawarra Dragons,St. George Illawarra Dragons,St. George Illawarra Dragons,St. George Illawarra Dragons
2016,Rd 16,7,Penrith Panthers,South Sydney Rabbitohs,28,26,Penrith Panthers,Penrith Panthers,Penrith Panthers,Penrith Panthers,Penrith Panthers
2016,Rd 17,1,Manly Sea Eagles,St. George Illawarra Dragons,36,6,St. George Illawarra Dragons,Manly Sea Eagles,Manly Sea Eagles,Manly Sea Eagles,Manly Sea Eagles
2016,Rd 17,2,South Sydney Rabbitohs,NQ Cowboys,0,20,NQ Cowboys,NQ Cowboys,NQ Cowboys,NQ Cowboys,NQ Cowboys
2016,Rd 17,3,Canberra Raiders,Newcastle Knights,29,25,Canberra Raiders,Canberra Raiders,Canberra Raiders,Canberra Raiders,Canberra Raiders
2016,Rd 17,4,Cronulla Sharks,Parramatta Eels,34,24,Cronulla Sharks,Cronulla Sharks,Cronulla Sharks,Cronulla Sharks,Cronulla Sharks
2016,Rd 17,5,Wests Tigers,Penrith Panthers,34,26,Penrith Panthers,Penrith Panthers,Wests Tigers,Wests Tigers,Wests Tigers
2016,Rd 17,6,New Zealand Warriors,Gold Coast Titans,27,18,Gold Coast Titans,New Zealand Warriors,New Zealand Warriors,New Zealand Warriors,New Zealand Warriors
2016,Rd 17,7,Brisbane Broncos,Melbourne Storm,6,48,Melbourne Storm,Brisbane Broncos,Brisbane Broncos,Brisbane Broncos,Melbourne Storm
2016,Rd 17,8,Sydney Roosters,Canterbury Bulldogs,20,24,Canterbury Bulldogs,Canterbury Bulldogs,Sydney Roosters,Sydney Roosters,Canterbury Bulldogs
2016,Rd 18,1,Canberra Raiders,NQ Cowboys,26,12,NQ Cowboys,Canberra Raiders,NQ Cowboys,NQ Cowboys,Canberra Raiders
2016,Rd 18,2,Penrith Panthers,Cronulla Sharks,10,26,Cronulla Sharks,Penrith Panthers,Cronulla Sharks,Cronulla Sharks,Cronulla Sharks
2016,Rd 18,3,Canterbury Bulldogs,Wests Tigers,32,22,Canterbury Bulldogs,Canterbury Bulldogs,Canterbury Bulldogs,Canterbury Bulldogs,Canterbury Bulldogs
2016,Rd 18,4,Parramatta Eels,Sydney Roosters,22,18,Parramatta Eels,Sydney Roosters,Parramatta Eels,Parramatta Eels,Parramatta Eels
2016,Rd 19,1,Sydney Roosters,Cronulla Sharks,20,32,Cronulla Sharks,Cronulla Sharks,Sydney Roosters,Sydney Roosters,Cronulla Sharks
2016,Rd 19,2,Penrith Panthers,Parramatta Eels,22,18,Parramatta Eels,Penrith Panthers,Penrith Panthers,Penrith Panthers,Penrith Panthers
2016,Rd 19,3,Newcastle Knights,Melbourne Storm,16,20,Melbourne Storm,Melbourne Storm,Melbourne Storm,Melbourne Storm,Melbourne Storm
2016,Rd 19,4,South Sydney Rabbitohs,Brisbane Broncos,10,30,Brisbane Broncos,Brisbane Broncos,Brisbane Broncos,Brisbane Broncos,Brisbane Broncos
2016,Rd 19,5,Manly Sea Eagles,New Zealand Warriors,15,14,New Zealand Warriors,New Zealand Warriors,Manly Sea Eagles,Manly Sea Eagles,Manly Sea Eagles
2016,Rd 19,6,St. George Illawarra Dragons,Gold Coast Titans,12,32,St. George Illawarra Dragons,Gold Coast Titans,St. George Illawarra Dragons,St. George Illawarra Dragons,Gold Coast Titans
2016,Rd 20,1,South Sydney Rabbitohs,Manly Sea Eagles,12,20,Manly Sea Eagles,Manly Sea Eagles,South Sydney Rabbitohs,South Sydney Rabbitohs,Manly Sea Eagles
2016,Rd 20,2,St. George Illawarra Dragons,Wests Tigers,12,25,St. George Illawarra Dragons,Wests Tigers,St. George Illawarra Dragons,St. George Illawarra Dragons,Wests Tigers
2016,Rd 20,3,Cronulla Sharks,Newcastle Knights,36,4,Cronulla Sharks,Cronulla Sharks,Cronulla Sharks,Cronulla Sharks,Cronulla Sharks
2016,Rd 20,4,Melbourne Storm,Sydney Roosters,26,10,Melbourne Storm,Melbourne Storm,Melbourne Storm,Melbourne Storm,Melbourne Storm
2016,Rd 20,5,Gold Coast Titans,Parramatta Eels,34,14,Parramatta Eels,Gold Coast Titans,Gold Coast Titans,Gold Coast Titans,Gold Coast Titans
2016,Rd 20,6,Canberra Raiders,New Zealand Warriors,26,22,Canberra Raiders,Canberra Raiders,Canberra Raiders,Canberra Raiders,Canberra Raiders
2016,Rd 20,7,Brisbane Broncos,Penrith Panthers,12,31,Brisbane Broncos,Brisbane Broncos,Brisbane Broncos,Brisbane Broncos,Penrith Panthers
2016,Rd 20,8,NQ Cowboys,Canterbury Bulldogs,36,0,NQ Cowboys,NQ Cowboys,NQ Cowboys,NQ Cowboys,NQ Cowboys
2016,Rd 21,1,Gold Coast Titans,Cronulla Sharks,18,18,Cronulla Sharks,Cronulla Sharks,Cronulla Sharks,Cronulla Sharks,Cronulla Sharks
2016,Rd 21,2,Manly Sea Eagles,Newcastle Knights,36,16,Manly Sea Eagles,Manly Sea Eagles,Manly Sea Eagles,Manly Sea Eagles,Manly Sea Eagles
2016,Rd 21,3,South Sydney Rabbitohs,Canberra Raiders,4,54,Canberra Raiders,Canberra Raiders,Canberra Raiders,Canberra Raiders,Canberra Raiders
2016,Rd 21,4,NQ Cowboys,Melbourne Storm,8,16,Melbourne Storm,Melbourne Storm,NQ Cowboys,NQ Cowboys,Melbourne Storm
2016,Rd 21,5,Parramatta Eels,Wests Tigers,8,23,Parramatta Eels,Wests Tigers,Parramatta Eels,Parramatta Eels,Wests Tigers
2016,Rd 21,6,New Zealand Warriors,Penrith Panthers,20,16,Penrith Panthers,New Zealand Warriors,New Zealand Warriors,New Zealand Warriors,New Zealand Warriors
2016,Rd 21,7,Canterbury Bulldogs,St. George Illawarra Dragons,13,10,Canterbury Bulldogs,Canterbury Bulldogs,Canterbury Bulldogs,Canterbury Bulldogs,Canterbury Bulldogs
2016,Rd 21,8,Sydney Roosters,Brisbane Broncos,32,16,Brisbane Broncos,Brisbane Broncos,Brisbane Broncos,Brisbane Broncos,Sydney Roosters
2016,Rd 22,1,Penrith Panthers,Sydney Roosters,38,18,Penrith Panthers,Penrith Panthers,Penrith Panthers,Penrith Panthers,Penrith Panthers
2016,Rd 22,2,Wests Tigers,NQ Cowboys,26,14,NQ Cowboys,NQ Cowboys,NQ Cowboys,NQ Cowboys,Wests Tigers
2016,Rd 22,3,Gold Coast Titans,New Zealand Warriors,14,24,Gold Coast Titans,Gold Coast Titans,Gold Coast Titans,Gold Coast Titans,New Zealand Warriors
2016,Rd 22,4,Melbourne Storm,South Sydney Rabbitohs,15,14,Melbourne Storm,Melbourne Storm,Melbourne Storm,Melbourne Storm,Melbourne Storm
2016,Rd 22,5,Cronulla Sharks,Canberra Raiders,14,30,Cronulla Sharks,Cronulla Sharks,Cronulla Sharks,Cronulla Sharks,Canberra Raiders
2016,Rd 22,6,Newcastle Knights,Canterbury Bulldogs,14,28,Canterbury Bulldogs,Canterbury Bulldogs,Canterbury Bulldogs,Canterbury Bulldogs,Canterbury Bulldogs
2016,Rd 22,7,Parramatta Eels,Manly Sea Eagles,10,9,Parramatta Eels,Manly Sea Eagles,Parramatta Eels,Parramatta Eels,Parramatta Eels
2016,Rd 22,8,St. George Illawarra Dragons,Brisbane Broncos,8,12,Brisbane Broncos,Brisbane Broncos,Brisbane Broncos,Brisbane Broncos,Brisbane Broncos
2016,Rd 23,1,Canberra Raiders,Melbourne Storm,22,8,Melbourne Storm,Melbourne Storm,Melbourne Storm,Melbourne Storm,Canberra Raiders
2016,Rd 23,2,Sydney Roosters,NQ Cowboys,22,10,NQ Cowboys,NQ Cowboys,NQ Cowboys,NQ Cowboys,Sydney Roosters
2016,Rd 23,3,Newcastle Knights,Penrith Panthers,6,42,Penrith Panthers,Penrith Panthers,Penrith Panthers,Penrith Panthers,Penrith Panthers
2016,Rd 23,4,St. George Illawarra Dragons,Cronulla Sharks,32,18,Cronulla Sharks,Cronulla Sharks,Cronulla Sharks,Cronulla Sharks,St. George Illawarra Dragons
2016,Rd 23,5,New Zealand Warriors,South Sydney Rabbitohs,22,41,New Zealand Warriors,New Zealand Warriors,New Zealand Warriors,New Zealand Warriors,South Sydney Rabbitohs
2016,Rd 23,6,Wests Tigers,Gold Coast Titans,18,19,Wests Tigers,Wests Tigers,Wests Tigers,Wests Tigers,Gold Coast Titans
2016,Rd 23,7,Brisbane Broncos,Parramatta Eels,38,16,Brisbane Broncos,Brisbane Broncos,Brisbane Broncos,Brisbane Broncos,Brisbane Broncos
2016,Rd 23,8,Canterbury Bulldogs,Manly Sea Eagles,20,16,Canterbury Bulldogs,Canterbury Bulldogs,Canterbury Bulldogs,Canterbury Bulldogs,Canterbury Bulldogs
2016,Rd 24,1,South Sydney Rabbitohs,Cronulla Sharks,12,6,Cronulla Sharks,Cronulla Sharks,Cronulla Sharks,Cronulla Sharks,South Sydney Rabbitohs
2016,Rd 24,2,Sydney Roosters,St. George Illawarra Dragons,42,6,St. George Illawarra Dragons,Sydney Roosters,Sydney Roosters,Sydney Roosters,Sydney Roosters
2016,Rd 24,3,Canberra Raiders,Parramatta Eels,28,18,Canberra Raiders,Canberra Raiders,Canberra Raiders,Canberra Raiders,Canberra Raiders
2016,Rd 24,4,NQ Cowboys,New Zealand Warriors,34,6,NQ Cowboys,NQ Cowboys,NQ Cowboys,NQ Cowboys,NQ Cowboys
2016,Rd 24,5,Manly Sea Eagles,Melbourne Storm,18,38,Melbourne Storm,Melbourne Storm,Melbourne Storm,Melbourne Storm,Melbourne Storm
2016,Rd 24,6,Newcastle Knights,Gold Coast Titans,6,26,Gold Coast Titans,Gold Coast Titans,Gold Coast Titans,Gold Coast Titans,Gold Coast Titans
2016,Rd 24,7,Penrith Panthers,Wests Tigers,40,10,Penrith Panthers,Penrith Panthers,Penrith Panthers,Penrith Panthers,Penrith Panthers
2016,Rd 24,8,Brisbane Broncos,Canterbury Bulldogs,20,10,Canterbury Bulldogs,Brisbane Broncos,Brisbane Broncos,Brisbane Broncos,Brisbane Broncos
2016,Rd 25,1,Parramatta Eels,St. George Illawarra Dragons,30,18,Parramatta Eels,Parramatta Eels,Parramatta Eels,Parramatta Eels,Parramatta Eels
2016,Rd 25,2,Newcastle Knights,South Sydney Rabbitohs,12,34,South Sydney Rabbitohs,South Sydney Rabbitohs,South Sydney Rabbitohs,South Sydney Rabbitohs,South Sydney Rabbitohs
2016,Rd 25,3,New Zealand Warriors,Wests Tigers,24,36,New Zealand Warriors,New Zealand Warriors,New Zealand Warriors,New Zealand Warriors,Wests Tigers
2016,Rd 25,4,Cronulla Sharks,Sydney Roosters,37,12,Cronulla Sharks,Cronulla Sharks,Cronulla Sharks,Cronulla Sharks,Cronulla Sharks
2016,Rd 25,5,Gold Coast Titans,Penrith Panthers,14,15,Penrith Panthers,Gold Coast Titans,Gold Coast Titans,Gold Coast Titans,Penrith Panthers
2016,Rd 25,6,Manly Sea Eagles,Canberra Raiders,30,44,Canberra Raiders,Canberra Raiders,Canberra Raiders,Canberra Raiders,Canberra Raiders
2016,Rd 25,7,Melbourne Storm,Brisbane Broncos,16,26,Melbourne Storm,Melbourne Storm,Melbourne Storm,Melbourne Storm,Brisbane Broncos
2016,Rd 25,8,Canterbury Bulldogs,NQ Cowboys,16,24,Canterbury Bulldogs,NQ Cowboys,Canterbury Bulldogs,Canterbury Bulldogs,NQ Cowboys
2016,Rd 26,1,Penrith Panthers,Manly Sea Eagles,36,6,Penrith Panthers,Penrith Panthers,Penrith Panthers,Penrith Panthers,Penrith Panthers
2016,Rd 26,2,New Zealand Warriors,Parramatta Eels,18,40,Parramatta Eels,New Zealand Warriors,New Zealand Warriors,New Zealand Warriors,Parramatta Eels
2016,Rd 26,3,Wests Tigers,Canberra Raiders,10,52,Canberra Raiders,Canberra Raiders,Canberra Raiders,Canberra Raiders,Canberra Raiders
2016,Rd 26,4,Melbourne Storm,Cronulla Sharks,26,6,Melbourne Storm,Melbourne Storm,Melbourne Storm,Melbourne Storm,Melbourne Storm
2016,Rd 26,5,NQ Cowboys,Gold Coast Titans,32,16,NQ Cowboys,NQ Cowboys,NQ Cowboys,NQ Cowboys,NQ Cowboys
2016,Rd 26,6,St. George Illawarra Dragons,Newcastle Knights,28,26,St. George Illawarra Dragons,St. George Illawarra Dragons,St. George Illawarra Dragons,St. George Illawarra Dragons,St. George Illawarra Dragons
2016,Rd 26,7,Canterbury Bulldogs,South Sydney Rabbitohs,10,28,Canterbury Bulldogs,Canterbury Bulldogs,Canterbury Bulldogs,Canterbury Bulldogs,South Sydney Rabbitohs
2016,Rd 26,8,Brisbane Broncos,Sydney Roosters,24,14,Brisbane Broncos,Brisbane Broncos,Brisbane Broncos,Brisbane Broncos,Brisbane Broncos
2017,Rd 1,1,Manly Sea Eagles,Parramatta Eels,12,20,Manly Sea Eagles,Parramatta Eels,Manly Sea Eagles,Manly Sea Eagles,Parramatta Eels
2017,Rd 1,2,New Zealand Warriors,Newcastle Knights,26,22,New Zealand Warriors,New Zealand Warriors,New Zealand Warriors,New Zealand Warriors,New Zealand Warriors
2017,Rd 1,3,Gold Coast Titans,Sydney Roosters,18,32,Gold Coast Titans,Sydney Roosters,Gold Coast Titans,Gold Coast Titans,Sydney Roosters
2017,Rd 1,4,NQ Cowboys,Canberra Raiders,20,16,NQ Cowboys,NQ Cowboys,NQ Cowboys,NQ Cowboys,NQ Cowboys
2017,Rd 1,5,St. George Illawarra Dragons,Penrith Panthers,42,10,St. George Illawarra Dragons,Penrith Panthers,Penrith Panthers,Penrith Panthers,St. George Illawarra Dragons
2017,Rd 1,6,South Sydney Rabbitohs,Wests Tigers,18,34,South Sydney Rabbitohs,South Sydney Rabbitohs,South Sydney Rabbitohs,South Sydney Rabbitohs,Wests Tigers
2017,Rd 1,7,Canterbury Bulldogs,Melbourne Storm,6,12,Canterbury Bulldogs,Melbourne Storm,Melbourne Storm,Melbourne Storm,Melbourne Storm
2017,Rd 1,8,Cronulla Sharks,Brisbane Broncos,18,26,Cronulla Sharks,Brisbane Broncos,Cronulla Sharks,Cronulla Sharks,Brisbane Broncos
2017,Rd 2,1,St. George Illawarra Dragons,Parramatta Eels,16,34,St. George Illawarra Dragons,Parramatta Eels,St. George Illawarra Dragons,St. George Illawarra Dragons,Parramatta Eels
2017,Rd 2,2,Wests Tigers,Penrith Panthers,2,36,Wests Tigers,Penrith Panthers,Wests Tigers,Wests Tigers,Penrith Panthers
2017,Rd 2,3,Canberra Raiders,Cronulla Sharks,16,42,Canberra Raiders,Canberra Raiders,Canberra Raiders,Canberra Raiders,Cronulla Sharks
2017,Rd 2,4,Manly Sea Eagles,South Sydney Rabbitohs,18,38,Manly Sea Eagles,Manly Sea Eagles,Manly Sea Eagles,Manly Sea Eagles,South Sydney Rabbitohs
2017,Rd 2,5,Newcastle Knights,Gold Coast Titans,34,26,Newcastle Knights,Gold Coast Titans,Gold Coast Titans,Gold Coast Titans,Newcastle Knights
2017,Rd 2,6,Brisbane Broncos,NQ Cowboys,20,21,Brisbane Broncos,Brisbane Broncos,Brisbane Broncos,Brisbane Broncos,NQ Cowboys
2017,Rd 2,7,New Zealand Warriors,Melbourne Storm,10,26,Melbourne Storm,Melbourne Storm,Melbourne Storm,Melbourne Storm,Melbourne Storm
2017,Rd 2,8,Sydney Roosters,Canterbury Bulldogs,28,24,Sydney Roosters,Sydney Roosters,Sydney Roosters,Sydney Roosters,Sydney Roosters
2017,Rd 3,1,Cronulla Sharks,St. George Illawarra Dragons,10,16,Cronulla Sharks,Cronulla Sharks,Cronulla Sharks,Cronulla Sharks,St. George Illawarra Dragons
2017,Rd 3,2,Canberra Raiders,Wests Tigers,46,6,Wests Tigers,Canberra Raiders,Canberra Raiders,Canberra Raiders,Canberra Raiders
2017,Rd 3,3,NQ Cowboys,Manly Sea Eagles,8,30,NQ Cowboys,NQ Cowboys,NQ Cowboys,NQ Cowboys,Manly Sea Eagles
2017,Rd 3,4,Penrith Panthers,Sydney Roosters,12,14,Sydney Roosters,Sydney Roosters,Penrith Panthers,Penrith Panthers,Sydney Roosters
2017,Rd 3,5,Newcastle Knights,South Sydney Rabbitohs,18,24,South Sydney Rabbitohs,South Sydney Rabbitohs,South Sydney Rabbitohs,South Sydney Rabbitohs,South Sydney Rabbitohs
2017,Rd 3,6,Gold Coast Titans,Parramatta Eels,26,14,Parramatta Eels,Parramatta Eels,Parramatta Eels,Parramatta Eels,Gold Coast Titans
2017,Rd 3,7,Canterbury Bulldogs,New Zealand Warriors,24,12,New Zealand Warriors,New Zealand Warriors,Canterbury Bulldogs,Canterbury Bulldogs,Canterbury Bulldogs
2017,Rd 3,8,Melbourne Storm,Brisbane Broncos,14,12,Melbourne Storm,Melbourne Storm,Melbourne Storm,Melbourne Storm,Melbourne Storm
2017,Rd 4,1,St. George Illawarra Dragons,New Zealand Warriors,26,12,St. George Illawarra Dragons,St. George Illawarra Dragons,St. George Illawarra Dragons,St. George Illawarra Dragons,St. George Illawarra Dragons
2017,Rd 4,2,Wests Tigers,Melbourne Storm,14,22,Melbourne Storm,Melbourne Storm,Melbourne Storm,Melbourne Storm,Melbourne Storm
2017,Rd 4,3,Gold Coast Titans,NQ Cowboys,26,32,NQ Cowboys,NQ Cowboys,NQ Cowboys,NQ Cowboys,NQ Cowboys
2017,Rd 4,4,Parramatta Eels,Cronulla Sharks,6,20,Parramatta Eels,Parramatta Eels,Parramatta Eels,Parramatta Eels,Cronulla Sharks
2017,Rd 4,5,Manly Sea Eagles,Canterbury Bulldogs,36,0,Canterbury Bulldogs,Manly Sea Eagles,Canterbury Bulldogs,Canterbury Bulldogs,Manly Sea Eagles
2017,Rd 4,6,Brisbane Broncos,Canberra Raiders,13,12,Canberra Raiders,Brisbane Broncos,Brisbane Broncos,Brisbane Broncos,Brisbane Broncos
2017,Rd 4,7,Penrith Panthers,Newcastle Knights,40,0,Penrith Panthers,Penrith Panthers,Penrith Panthers,Penrith Panthers,Penrith Panthers
2017,Rd 4,8,South Sydney Rabbitohs,Sydney Roosters,6,20,Sydney Roosters,Sydney Roosters,South Sydney Rabbitohs,South Sydney Rabbitohs,Sydney Roosters
2017,Rd 5,1,Wests Tigers,St. George Illawarra Dragons,6,28,St. George Illawarra Dragons,St. George Illawarra Dragons,Wests Tigers,Wests Tigers,St. George Illawarra Dragons
2017,Rd 5,2,New Zealand Warriors,Gold Coast Titans,28,22,Gold Coast Titans,New Zealand Warriors,New Zealand Warriors,New Zealand Warriors,New Zealand Warriors
2017,Rd 5,3,Melbourne Storm,Penrith Panthers,28,6,Melbourne Storm,Melbourne Storm,Melbourne Storm,Melbourne Storm,Melbourne Storm
2017,Rd 5,4,Canberra Raiders,Parramatta Eels,30,18,Parramatta Eels,Canberra Raiders,Canberra Raiders,Canberra Raiders,Canberra Raiders
2017,Rd 5,5,Cronulla Sharks,Newcastle Knights,19,18,Cronulla Sharks,Cronulla Sharks,Cronulla Sharks,Cronulla Sharks,Cronulla Sharks
2017,Rd 5,6,NQ Cowboys,South Sydney Rabbitohs,20,6,NQ Cowboys,NQ Cowboys,NQ Cowboys,NQ Cowboys,NQ Cowboys
2017,Rd 5,7,Sydney Roosters,Manly Sea Eagles,12,18,Sydney Roosters,Sydney Roosters,Sydney Roosters,Sydney Roosters,Manly Sea Eagles
2017,Rd 5,8,Canterbury Bulldogs,Brisbane Broncos,10,7,Brisbane Broncos,Brisbane Broncos,Brisbane Broncos,Brisbane Broncos,Canterbury Bulldogs
2017,Rd 6,1,Melbourne Storm,Cronulla Sharks,2,11,Melbourne Storm,Melbourne Storm,Melbourne Storm,Melbourne Storm,Cronulla Sharks
2017,Rd 6,2,New Zealand Warriors,Parramatta Eels,22,10,Parramatta Eels,New Zealand Warriors,Parramatta Eels,Parramatta Eels,New Zealand Warriors
2017,Rd 6,3,NQ Cowboys,Wests Tigers,16,26,NQ Cowboys,NQ Cowboys,NQ Cowboys,NQ Cowboys,Wests Tigers
2017,Rd 6,4,Gold Coast Titans,Canberra Raiders,16,42,Canberra Raiders,Canberra Raiders,Canberra Raiders,Canberra Raiders,Canberra Raiders
2017,Rd 6,5,Manly Sea Eagles,St. George Illawarra Dragons,10,35,St. George Illawarra Dragons,Manly Sea Eagles,Manly Sea Eagles,Manly Sea Eagles,St. George Illawarra Dragons
2017,Rd 6,6,Penrith Panthers,South Sydney Rabbitohs,20,21,Penrith Panthers,Penrith Panthers,Penrith Panthers,Penrith Panthers,South Sydney Rabbitohs
2017,Rd 6,7,Newcastle Knights,Canterbury Bulldogs,12,22,Canterbury Bulldogs,Canterbury Bulldogs,Canterbury Bulldogs,Canterbury Bulldogs,Canterbury Bulldogs
2017,Rd 6,8,Brisbane Broncos,Sydney Roosters,32,8,Sydney Roosters,Brisbane Broncos,Brisbane Broncos,Brisbane Broncos,Brisbane Broncos
2017,Rd 7,1,Parramatta Eels,Wests Tigers,26,22,Parramatta Eels,Parramatta Eels,Parramatta Eels,Parramatta Eels,Parramatta Eels
2017,Rd 7,2,Penrith Panthers,Cronulla Sharks,2,28,Cronulla Sharks,Penrith Panthers,Cronulla Sharks,Cronulla Sharks,Cronulla Sharks
2017,Rd 7,3,St. George Illawarra Dragons,NQ Cowboys,28,22,St. George Illawarra Dragons,St. George Illawarra Dragons,St. George Illawarra Dragons,St. George Illawarra Dragons,St. George Illawarra Dragons
2017,Rd 7,4,Canberra Raiders,New Zealand Warriors,20,8,Canberra Raiders,Canberra Raiders,Canberra Raiders,Canberra Raiders,Canberra Raiders
2017,Rd 7,5,Manly Sea Eagles,Melbourne Storm,26,30,Melbourne Storm,Melbourne Storm,Melbourne Storm,Melbourne Storm,Melbourne Storm
2017,Rd 7,6,Brisbane Broncos,Gold Coast Titans,24,22,Brisbane Broncos,Brisbane Broncos,Brisbane Broncos,Brisbane Broncos,Brisbane Broncos
2017,Rd 7,7,Newcastle Knights,Sydney Roosters,6,24,Sydney Roosters,Sydney Roosters,Sydney Roosters,Sydney Roosters,Sydney Roosters
2017,Rd 7,8,Canterbury Bulldogs,South Sydney Rabbitohs,24,9,South Sydney Rabbitohs,South Sydney Rabbitohs,Canterbury Bulldogs,Canterbury Bulldogs,Canterbury Bulldogs
2017,Rd 8,1,Melbourne Storm,New Zealand Warriors,20,14,Melbourne Storm,Melbourne Storm,Melbourne Storm,Melbourne Storm,Melbourne Storm
2017,Rd 8,2,Sydney Roosters,St. George Illawarra Dragons,13,12,St. George Illawarra Dragons,Sydney Roosters,Sydney Roosters,Sydney Roosters,Sydney Roosters
2017,Rd 8,3,Wests Tigers,Canterbury Bulldogs,18,12,Canterbury Bulldogs,Canterbury Bulldogs,Canterbury Bulldogs,Canterbury Bulldogs,Wests Tigers
2017,Rd 8,4,Cronulla Sharks,Gold Coast Titans,12,16,Cronulla Sharks,Cronulla Sharks,Cronulla Sharks,Cronulla Sharks,Gold Coast Titans
2017,Rd 8,5,NQ Cowboys,Newcastle Knights,24,12,NQ Cowboys,NQ Cowboys,NQ Cowboys,NQ Cowboys,NQ Cowboys
2017,Rd 8,6,Parramatta Eels,Penrith Panthers,18,12,Parramatta Eels,Penrith Panthers,Parramatta Eels,Parramatta Eels,Parramatta Eels
2017,Rd 8,7,South Sydney Rabbitohs,Brisbane Broncos,24,25,Brisbane Broncos,Brisbane Broncos,Brisbane Broncos,Brisbane Broncos,Brisbane Broncos
2017,Rd 8,8,Canberra Raiders,Manly Sea Eagles,18,20,Canberra Raiders,Canberra Raiders,Canberra Raiders,Canberra Raiders,Manly Sea Eagles
2017,Rd 9,1,St. George Illawarra Dragons,Melbourne Storm,22,34,Melbourne Storm,Melbourne Storm,Melbourne Storm,Melbourne Storm,Melbourne Storm
2017,Rd 9,2,New Zealand Warriors,Sydney Roosters,14,13,Sydney Roosters,Sydney Roosters,Sydney Roosters,Sydney Roosters,New Zealand Warriors
2017,Rd 9,3,Wests Tigers,Cronulla Sharks,16,22,Cronulla Sharks,Cronulla Sharks,Cronulla Sharks,Cronulla Sharks,Cronulla Sharks
2017,Rd 9,4,Canterbury Bulldogs,Canberra Raiders,16,10,Canberra Raiders,Canberra Raiders,Canterbury Bulldogs,Canterbury Bulldogs,Canterbury Bulldogs
2017,Rd 9,5,Gold Coast Titans,Newcastle Knights,38,8,Gold Coast Titans,Gold Coast Titans,Gold Coast Titans,Gold Coast Titans,Gold Coast Titans
2017,Rd 9,6,NQ Cowboys,Parramatta Eels,6,26,NQ Cowboys,NQ Cowboys,NQ Cowboys,NQ Cowboys,Parramatta Eels
2017,Rd 9,7,South Sydney Rabbitohs,Manly Sea Eagles,8,46,Manly Sea Eagles,Manly Sea Eagles,South Sydney Rabbitohs,South Sydney Rabbitohs,Manly Sea Eagles
2017,Rd 9,8,Brisbane Broncos,Penrith Panthers,32,18,Brisbane Broncos,Brisbane Broncos,Brisbane Broncos,Brisbane Broncos,Brisbane Broncos
2017,Rd 10,1,Sydney Roosters,Parramatta Eels,48,10,Sydney Roosters,Sydney Roosters,Sydney Roosters,Sydney Roosters,Sydney Roosters
2017,Rd 10,2,Newcastle Knights,Canberra Raiders,34,20,Canberra Raiders,Canberra Raiders,Canberra Raiders,Canberra Raiders,Newcastle Knights
2017,Rd 10,3,Manly Sea Eagles,Brisbane Broncos,14,24,Brisbane Broncos,Brisbane Broncos,Brisbane Broncos,Brisbane Broncos,Brisbane Broncos
2017,Rd 10,4,Melbourne Storm,Gold Coast Titans,36,38,Melbourne Storm,Melbourne Storm,Melbourne Storm,Melbourne Storm,Gold Coast Titans
2017,Rd 10,5,Penrith Panthers,New Zealand Warriors,36,28,New Zealand Warriors,Penrith Panthers,Penrith Panthers,Penrith Panthers,Penrith Panthers
2017,Rd 10,6,Wests Tigers,South Sydney Rabbitohs,8,28,South Sydney Rabbitohs,South Sydney Rabbitohs,Wests Tigers,Wests Tigers,South Sydney Rabbitohs
2017,Rd 10,7,St. George Illawarra Dragons,Cronulla Sharks,14,18,St. George Illawarra Dragons,Cronulla Sharks,Cronulla Sharks,Cronulla Sharks,Cronulla Sharks
2017,Rd 10,8,Canterbury Bulldogs,NQ Cowboys,14,30,Canterbury Bulldogs,Canterbury Bulldogs,Canterbury Bulldogs,Canterbury Bulldogs,NQ Cowboys
2017,Rd 11,1,South Sydney Rabbitohs,Melbourne Storm,6,14,Melbourne Storm,Melbourne Storm,Melbourne Storm,Melbourne Storm,Melbourne Storm
2017,Rd 11,2,Canterbury Bulldogs,Sydney Roosters,18,24,Sydney Roosters,Sydney Roosters,Canterbury Bulldogs,Canterbury Bulldogs,Sydney Roosters
2017,Rd 11,3,Newcastle Knights,Penrith Panthers,20,30,Penrith Panthers,Penrith Panthers,Penrith Panthers,Penrith Panthers,Penrith Panthers
2017,Rd 11,4,Parramatta Eels,Canberra Raiders,16,22,Parramatta Eels,Canberra Raiders,Canberra Raiders,Canberra Raiders,Canberra Raiders
2017,Rd 11,5,Gold Coast Titans,Manly Sea Eagles,10,30,Manly Sea Eagles,Gold Coast Titans,Gold Coast Titans,Gold Coast Titans,Manly Sea Eagles
2017,Rd 11,6,Brisbane Broncos,Wests Tigers,36,0,Brisbane Broncos,Brisbane Broncos,Brisbane Broncos,Brisbane Broncos,Brisbane Broncos
2017,Rd 11,7,New Zealand Warriors,St. George Illawarra Dragons,14,30,St. George Illawarra Dragons,New Zealand Warriors,St. George Illawarra Dragons,St. George Illawarra Dragons,St. George Illawarra Dragons
2017,Rd 11,8,Cronulla Sharks,NQ Cowboys,18,14,Cronulla Sharks,Cronulla Sharks,Cronulla Sharks,Cronulla Sharks,Cronulla Sharks
2017,Rd 12,1,Canberra Raiders,Sydney Roosters,24,16,Sydney Roosters,Canberra Raiders,Canberra Raiders,Canberra Raiders,Canberra Raiders
2017,Rd 12,2,Cronulla Sharks,Canterbury Bulldogs,9,8,Cronulla Sharks,Cronulla Sharks,Cronulla Sharks,Cronulla Sharks,Cronulla Sharks
2017,Rd 12,3,New Zealand Warriors,Brisbane Broncos,28,10,Brisbane Broncos,New Zealand Warriors,Brisbane Broncos,Brisbane Broncos,New Zealand Warriors
2017,Rd 12,4,South Sydney Rabbitohs,Parramatta Eels,16,22,Parramatta Eels,South Sydney Rabbitohs,South Sydney Rabbitohs,South Sydney Rabbitohs,Parramatta Eels
2017,Rd 13,1,Canterbury Bulldogs,Penrith Panthers,0,38,Penrith Panthers,Penrith Panthers,Canterbury Bulldogs,Canterbury Bulldogs,Penrith Panthers
2017,Rd 13,2,Manly Sea Eagles,Canberra Raiders,21,20,Manly Sea Eagles,Canberra Raiders,Manly Sea Eagles,Manly Sea Eagles,Manly Sea Eagles
2017,Rd 13,3,NQ Cowboys,Gold Coast Titans,20,8,NQ Cowboys,NQ Cowboys,NQ Cowboys,NQ Cowboys,NQ Cowboys
2017,Rd 13,4,Sydney Roosters,Brisbane Broncos,18,16,Brisbane Broncos,Sydney Roosters,Sydney Roosters,Sydney Roosters,Sydney Roosters
2017,Rd 13,5,St. George Illawarra Dragons,Wests Tigers,16,12,St. George Illawarra Dragons,St. George Illawarra Dragons,St. George Illawarra Dragons,St. George Illawarra Dragons,St. George Illawarra Dragons
2017,Rd 13,6,Parramatta Eels,New Zealand Warriors,32,24,Parramatta Eels,Parramatta Eels,Parramatta Eels,Parramatta Eels,Parramatta Eels
2017,Rd 13,7,Melbourne Storm,Newcastle Knights,40,12,Melbourne Storm,Melbourne Storm,Melbourne Storm,Melbourne Storm,Melbourne Storm
2017,Rd 14,1,Canterbury Bulldogs,St. George Illawarra Dragons,16,2,St. George Illawarra Dragons,St. George Illawarra Dragons,Canterbury Bulldogs,Canterbury Bulldogs,Canterbury Bulldogs
2017,Rd 14,2,Wests Tigers,Sydney Roosters,18,40,Sydney Roosters,Sydney Roosters,Sydney Roosters,Sydney Roosters,Sydney Roosters
2017,Rd 14,3,Parramatta Eels,NQ Cowboys,6,32,NQ Cowboys,NQ Cowboys,NQ Cowboys,NQ Cowboys,NQ Cowboys
2017,Rd 14,4,Penrith Panthers,Canberra Raiders,24,20,Canberra Raiders,Penrith Panthers,Penrith Panthers,Penrith Panthers,Penrith Panthers
2017,Rd 14,5,Gold Coast Titans,New Zealand Warriors,12,34,Gold Coast Titans,Gold Coast Titans,Gold Coast Titans,Gold Coast Titans,New Zealand Warriors
2017,Rd 14,6,Brisbane Broncos,South Sydney Rabbitohs,24,18,Brisbane Broncos,Brisbane Broncos,Brisbane Broncos,Brisbane Broncos,Brisbane Broncos
2017,Rd 14,7,Manly Sea Eagles,Newcastle Knights,18,14,Manly Sea Eagles,Manly Sea Eagles,Manly Sea Eagles,Manly Sea Eagles,Manly Sea Eagles
2017,Rd 14,8,Cronulla Sharks,Melbourne Storm,13,18,Melbourne Storm,Cronulla Sharks,Cronulla Sharks,Cronulla Sharks,Melbourne Storm
2017,Rd 15,1,Parramatta Eels,St. George Illawarra Dragons,24,10,St. George Illawarra Dragons,Parramatta Eels,Parramatta Eels,Parramatta Eels,Parramatta Eels
2017,Rd 15,2,Cronulla Sharks,Wests Tigers,24,22,Cronulla Sharks,Cronulla Sharks,Cronulla Sharks,Cronulla Sharks,Cronulla Sharks
2017,Rd 15,3,Melbourne Storm,NQ Cowboys,23,22,Melbourne Storm,Melbourne Storm,Melbourne Storm,Melbourne Storm,Melbourne Storm
2017,Rd 15,4,South Sydney Rabbitohs,Gold Coast Titans,36,20,Gold Coast Titans,South Sydney Rabbitohs,South Sydney Rabbitohs,South Sydney Rabbitohs,South Sydney Rabbitohs
2017,Rd 16,1,Cronulla Sharks,Manly Sea Eagles,18,35,Cronulla Sharks,Cronulla Sharks,Cronulla Sharks,Cronulla Sharks,Manly Sea Eagles
2017,Rd 16,2,St. George Illawarra Dragons,Newcastle Knights,32,28,St. George Illawarra Dragons,St. George Illawarra Dragons,St. George Illawarra Dragons,St. George Illawarra Dragons,St. George Illawarra Dragons
2017,Rd 16,3,Sydney Roosters,Melbourne Storm,25,24,Melbourne Storm,Sydney Roosters,Melbourne Storm,Melbourne Storm,Sydney Roosters
2017,Rd 16,4,Canberra Raiders,Brisbane Broncos,20,30,Brisbane Broncos,Canberra Raiders,Canberra Raiders,Canberra Raiders,Brisbane Broncos
2017,Rd 16,5,NQ Cowboys,Penrith Panthers,14,12,NQ Cowboys,Penrith Panthers,NQ Cowboys,NQ Cowboys,NQ Cowboys
2017,Rd 16,6,Wests Tigers,Gold Coast Titans,14,26,Gold Coast Titans,Gold Coast Titans,Wests Tigers,Wests Tigers,Gold Coast Titans
2017,Rd 16,7,New Zealand Warriors,Canterbury Bulldogs,21,14,New Zealand Warriors,New Zealand Warriors,Canterbury Bulldogs,Canterbury Bulldogs,New Zealand Warriors
2017,Rd 17,1,South Sydney Rabbitohs,Penrith Panthers,42,14,Penrith Panthers,Penrith Panthers,South Sydney Rabbitohs,South Sydney Rabbitohs,South Sydney Rabbitohs
2017,Rd 17,2,Newcastle Knights,Wests Tigers,12,33,Newcastle Knights,Newcastle Knights,Wests Tigers,Wests Tigers,Wests Tigers
2017,Rd 17,3,Canberra Raiders,NQ Cowboys,18,31,NQ Cowboys,Canberra Raiders,Canberra Raiders,Canberra Raiders,NQ Cowboys
2017,Rd 17,4,Manly Sea Eagles,New Zealand Warriors,26,22,Manly Sea Eagles,Manly Sea Eagles,Manly Sea Eagles,Manly Sea Eagles,Manly Sea Eagles
2017,Rd 17,5,Sydney Roosters,Cronulla Sharks,12,44,Sydney Roosters,Sydney Roosters,Sydney Roosters,Sydney Roosters,Cronulla Sharks
2017,Rd 17,6,Brisbane Broncos,Melbourne Storm,12,42,Melbourne Storm,Melbourne Storm,Brisbane Broncos,Brisbane Broncos,Melbourne Storm
2017,Rd 17,7,Gold Coast Titans,St. George Illawarra Dragons,20,10,St. George Illawarra Dragons,St. George Illawarra Dragons,St. George Illawarra Dragons,St. George Illawarra Dragons,Gold Coast Titans
2017,Rd 17,8,Parramatta Eels,Canterbury Bulldogs,13,12,Parramatta Eels,Parramatta Eels,Parramatta Eels,Parramatta Eels,Parramatta Eels
2017,Rd 18,1,Canterbury Bulldogs,Newcastle Knights,20,18,Canterbury Bulldogs,Canterbury Bulldogs,Canterbury Bulldogs,Canterbury Bulldogs,Canterbury Bulldogs
2017,Rd 18,2,Melbourne Storm,Parramatta Eels,6,22,Melbourne Storm,Parramatta Eels,Melbourne Storm,Melbourne Storm,Parramatta Eels
2017,Rd 18,3,Penrith Panthers,Manly Sea Eagles,16,8,Manly Sea Eagles,Penrith Panthers,Penrith Panthers,Penrith Panthers,Penrith Panthers
2017,Rd 18,4,Sydney Roosters,South Sydney Rabbitohs,14,12,Sydney Roosters,South Sydney Rabbitohs,Sydney Roosters,Sydney Roosters,Sydney Roosters
2017,Rd 19,1,South Sydney Rabbitohs,NQ Cowboys,10,23,NQ Cowboys,NQ Cowboys,NQ Cowboys,NQ Cowboys,NQ Cowboys
2017,Rd 19,2,Manly Sea Eagles,Wests Tigers,28,16,Manly Sea Eagles,Manly Sea Eagles,Manly Sea Eagles,Manly Sea Eagles,Manly Sea Eagles
2017,Rd 19,3,Gold Coast Titans,Cronulla Sharks,15,2,Cronulla Sharks,Cronulla Sharks,Cronulla Sharks,Cronulla Sharks,Gold Coast Titans
2017,Rd 19,4,Newcastle Knights,Brisbane Broncos,22,34,Brisbane Broncos,Brisbane Broncos,Brisbane Broncos,Brisbane Broncos,Brisbane Broncos
2017,Rd 19,5,Canberra Raiders,St. George Illawarra Dragons,18,14,St. George Illawarra Dragons,Canberra Raiders,Canberra Raiders,Canberra Raiders,Canberra Raiders
2017,Rd 19,6,New Zealand Warriors,Penrith Panthers,22,34,Penrith Panthers,New Zealand Warriors,Penrith Panthers,Penrith Panthers,Penrith Panthers
2017,Rd 20,1,Wests Tigers,Parramatta Eels,16,17,Parramatta Eels,Parramatta Eels,Parramatta Eels,Parramatta Eels,Parramatta Eels
2017,Rd 20,2,St. George Illawarra Dragons,Manly Sea Eagles,52,22,Manly Sea Eagles,Manly Sea Eagles,St. George Illawarra Dragons,St. George Illawarra Dragons,St. George Illawarra Dragons
2017,Rd 20,3,NQ Cowboys,New Zealand Warriors,24,12,NQ Cowboys,NQ Cowboys,NQ Cowboys,NQ Cowboys,NQ Cowboys
2017,Rd 20,4,Canberra Raiders,Melbourne Storm,14,20,Melbourne Storm,Melbourne Storm,Melbourne Storm,Melbourne Storm,Melbourne Storm
2017,Rd 20,5,Penrith Panthers,Gold Coast Titans,24,16,Penrith Panthers,Penrith Panthers,Penrith Panthers,Penrith Panthers,Penrith Panthers
2017,Rd 20,6,Cronulla Sharks,South Sydney Rabbitohs,26,12,Cronulla Sharks,Cronulla Sharks,Cronulla Sharks,Cronulla Sharks,Cronulla Sharks
2017,Rd 20,7,Sydney Roosters,Newcastle Knights,28,4,Sydney Roosters,Sydney Roosters,Sydney Roosters,Sydney Roosters,Sydney Roosters
2017,Rd 20,8,Brisbane Broncos,Canterbury Bulldogs,42,12,Brisbane Broncos,Brisbane Broncos,Brisbane Broncos,Brisbane Broncos,Brisbane Broncos
2017,Rd 21,1,Gold Coast Titans,Wests Tigers,4,26,Gold Coast Titans,Gold Coast Titans,Gold Coast Titans,Gold Coast Titans,Wests Tigers
2017,Rd 21,2,Melbourne Storm,Manly Sea Eagles,40,6,Melbourne Storm,Melbourne Storm,Melbourne Storm,Melbourne Storm,Melbourne Storm
2017,Rd 21,3,Sydney Roosters,NQ Cowboys,22,16,Sydney Roosters,Sydney Roosters,Sydney Roosters,Sydney Roosters,Sydney Roosters
2017,Rd 21,4,South Sydney Rabbitohs,Canberra Raiders,18,32,Canberra Raiders,South Sydney Rabbitohs,Canberra Raiders,Canberra Raiders,Canberra Raiders
2017,Rd 21,5,Newcastle Knights,St. George Illawarra Dragons,21,14,St. George Illawarra Dragons,St. George Illawarra Dragons,St. George Illawarra Dragons,St. George Illawarra Dragons,Newcastle Knights
2017,Rd 21,6,Parramatta Eels,Brisbane Broncos,28,14,Brisbane Broncos,Brisbane Broncos,Brisbane Broncos,Brisbane Broncos,Parramatta Eels
2017,Rd 21,7,New Zealand Warriors,Cronulla Sharks,12,26,Cronulla Sharks,Cronulla Sharks,Cronulla Sharks,Cronulla Sharks,Cronulla Sharks
2017,Rd 21,8,Penrith Panthers,Canterbury Bulldogs,16,8,Penrith Panthers,Penrith Panthers,Penrith Panthers,Penrith Panthers,Penrith Panthers
2017,Rd 22,1,Penrith Panthers,Wests Tigers,28,14,Penrith Panthers,Penrith Panthers,Penrith Panthers,Penrith Panthers,Penrith Panthers
2017,Rd 22,2,Manly Sea Eagles,Sydney Roosters,36,18,Sydney Roosters,Sydney Roosters,Sydney Roosters,Sydney Roosters,Manly Sea Eagles
2017,Rd 22,3,Cronulla Sharks,Canberra Raiders,12,30,Cronulla Sharks,Cronulla Sharks,Cronulla Sharks,Cronulla Sharks,Canberra Raiders
2017,Rd 22,4,Gold Coast Titans,Brisbane Broncos,0,54,Brisbane Broncos,Brisbane Broncos,Brisbane Broncos,Brisbane Broncos,Brisbane Broncos
2017,Rd 22,5,Newcastle Knights,New Zealand Warriors,26,10,New Zealand Warriors,New Zealand Warriors,New Zealand Warriors,New Zealand Warriors,Newcastle Knights
2017,Rd 22,6,NQ Cowboys,Melbourne Storm,8,26,Melbourne Storm,Melbourne Storm,Melbourne Storm,Melbourne Storm,Melbourne Storm
2017,Rd 22,7,St. George Illawarra Dragons,South Sydney Rabbitohs,24,26,St. George Illawarra Dragons,St. George Illawarra Dragons,St. George Illawarra Dragons,St. George Illawarra Dragons,South Sydney Rabbitohs
2017,Rd 22,8,Canterbury Bulldogs,Parramatta Eels,4,20,Parramatta Eels,Parramatta Eels,Canterbury Bulldogs,Canterbury Bulldogs,Parramatta Eels
2017,Rd 23,1,Wests Tigers,Manly Sea Eagles,30,26,Manly Sea Eagles,Manly Sea Eagles,Manly Sea Eagles,Manly Sea Eagles,Wests Tigers
2017,Rd 23,2,New Zealand Warriors,Canberra Raiders,16,36,Canberra Raiders,Canberra Raiders,Canberra Raiders,Canberra Raiders,Canberra Raiders
2017,Rd 23,3,Penrith Panthers,NQ Cowboys,24,16,NQ Cowboys,Penrith Panthers,NQ Cowboys,NQ Cowboys,Penrith Panthers
2017,Rd 23,4,Melbourne Storm,Sydney Roosters,16,13,Melbourne Storm,Melbourne Storm,Melbourne Storm,Melbourne Storm,Melbourne Storm
2017,Rd 23,5,St. George Illawarra Dragons,Gold Coast Titans,42,16,St. George Illawarra Dragons,St. George Illawarra Dragons,St. George Illawarra Dragons,St. George Illawarra Dragons,St. George Illawarra Dragons
2017,Rd 23,6,Brisbane Broncos,Cronulla Sharks,32,10,Brisbane Broncos,Brisbane Broncos,Brisbane Broncos,Brisbane Broncos,Brisbane Broncos
2017,Rd 23,7,Parramatta Eels,Newcastle Knights,10,29,Parramatta Eels,Parramatta Eels,Parramatta Eels,Parramatta Eels,Newcastle Knights
2017,Rd 23,8,South Sydney Rabbitohs,Canterbury Bulldogs,28,14,South Sydney Rabbitohs,South Sydney Rabbitohs,South Sydney Rabbitohs,South Sydney Rabbitohs,South Sydney Rabbitohs
2017,Rd 24,1,Canterbury Bulldogs,Manly Sea Eagles,30,16,Manly Sea Eagles,Manly Sea Eagles,Canterbury Bulldogs,Canterbury Bulldogs,Canterbury Bulldogs
2017,Rd 24,2,Canberra Raiders,Penrith Panthers,22,26,Penrith Panthers,Canberra Raiders,Canberra Raiders,Canberra Raiders,Penrith Panthers
2017,Rd 24,3,NQ Cowboys,Cronulla Sharks,16,26,Cronulla Sharks,Cronulla Sharks,NQ Cowboys,NQ Cowboys,Cronulla Sharks
2017,Rd 24,4,Sydney Roosters,Wests Tigers,22,18,Sydney Roosters,Sydney Roosters,Sydney Roosters,Sydney Roosters,Sydney Roosters
2017,Rd 24,5,Newcastle Knights,Melbourne Storm,12,44,Melbourne Storm,Melbourne Storm,Melbourne Storm,Melbourne Storm,Melbourne Storm
2017,Rd 24,6,Brisbane Broncos,St. George Illawarra Dragons,24,12,Brisbane Broncos,Brisbane Broncos,Brisbane Broncos,Brisbane Broncos,Brisbane Broncos
2017,Rd 24,7,South Sydney Rabbitohs,New Zealand Warriors,36,18,South Sydney Rabbitohs,South Sydney Rabbitohs,South Sydney Rabbitohs,South Sydney Rabbitohs,South Sydney Rabbitohs
2017,Rd 24,8,Parramatta Eels,Gold Coast Titans,30,8,Parramatta Eels,Parramatta Eels,Parramatta Eels,Parramatta Eels,Parramatta Eels
2017,Rd 25,1,Penrith Panthers,St. George Illawarra Dragons,14,16,Penrith Panthers,Penrith Panthers,Penrith Panthers,Penrith Panthers,St. George Illawarra Dragons
2017,Rd 25,2,New Zealand Warriors,Manly Sea Eagles,21,22,Manly Sea Eagles,Manly Sea Eagles,Manly Sea Eagles,Manly Sea Eagles,Manly Sea Eagles
2017,Rd 25,3,Cronulla Sharks,Sydney Roosters,14,16,Sydney Roosters,Sydney Roosters,Cronulla Sharks,Cronulla Sharks,Sydney Roosters
2017,Rd 25,4,Melbourne Storm,South Sydney Rabbitohs,64,6,Melbourne Storm,Melbourne Storm,Melbourne Storm,Melbourne Storm,Melbourne Storm
2017,Rd 25,5,Gold Coast Titans,Canterbury Bulldogs,14,26,Canterbury Bulldogs,Gold Coast Titans,Canterbury Bulldogs,Canterbury Bulldogs,Canterbury Bulldogs
2017,Rd 25,6,Wests Tigers,NQ Cowboys,14,22,NQ Cowboys,NQ Cowboys,NQ Cowboys,NQ Cowboys,NQ Cowboys
2017,Rd 25,7,Canberra Raiders,Newcastle Knights,46,28,Canberra Raiders,Canberra Raiders,Canberra Raiders,Canberra Raiders,Canberra Raiders
2017,Rd 25,8,Brisbane Broncos,Parramatta Eels,34,52,Brisbane Broncos,Brisbane Broncos,Brisbane Broncos,Brisbane Broncos,Parramatta Eels
2017,Rd 26,1,Wests Tigers,New Zealand Warriors,28,16,New Zealand Warriors,Wests Tigers,Wests Tigers,Wests Tigers,Wests Tigers
2017,Rd 26,2,St. George Illawarra Dragons,Canterbury Bulldogs,20,26,St. George Illawarra Dragons,St. George Illawarra Dragons,St. George Illawarra Dragons,St. George Illawarra Dragons,Canterbury Bulldogs
2017,Rd 26,3,Newcastle Knights,Cronulla Sharks,18,26,Cronulla Sharks,Cronulla Sharks,Cronulla Sharks,Cronulla Sharks,Cronulla Sharks
2017,Rd 26,4,Melbourne Storm,Canberra Raiders,32,6,Melbourne Storm,Melbourne Storm,Melbourne Storm,Melbourne Storm,Melbourne Storm
2017,Rd 26,5,Manly Sea Eagles,Penrith Panthers,28,12,Penrith Panthers,Manly Sea Eagles,Manly Sea Eagles,Manly Sea Eagles,Manly Sea Eagles
2017,Rd 26,6,Sydney Roosters,Gold Coast Titans,20,16,Sydney Roosters,Sydney Roosters,Sydney Roosters,Sydney Roosters,Sydney Roosters
2017,Rd 26,7,Parramatta Eels,South Sydney Rabbitohs,22,16,Parramatta Eels,Parramatta Eels,Parramatta Eels,Parramatta Eels,Parramatta Eels
2017,Rd 26,8,NQ Cowboys,Brisbane Broncos,10,20,Brisbane Broncos,Brisbane Broncos,NQ Cowboys,NQ Cowboys,Brisbane Broncos
2018,Rd 1,1,Gold Coast Titans,Canberra Raiders,30,28,Gold Coast Titans,Canberra Raiders,Canberra Raiders,Canberra Raiders,Gold Coast Titans
2018,Rd 1,2,Penrith Panthers,Parramatta Eels,24,14,Penrith Panthers,Parramatta Eels,Penrith Panthers,Penrith Panthers,Penrith Panthers
2018,Rd 1,3,Canterbury Bulldogs,Melbourne Storm,18,36,Canterbury Bulldogs,Melbourne Storm,Melbourne Storm,Melbourne Storm,Melbourne Storm
2018,Rd 1,4,South Sydney Rabbitohs,New Zealand Warriors,20,32,South Sydney Rabbitohs,South Sydney Rabbitohs,South Sydney Rabbitohs,South Sydney Rabbitohs,New Zealand Warriors
2018,Rd 1,5,Wests Tigers,Sydney Roosters,10,8,Wests Tigers,Sydney Roosters,Sydney Roosters,Sydney Roosters,Wests Tigers
2018,Rd 1,6,NQ Cowboys,Cronulla Sharks,20,14,NQ Cowboys,NQ Cowboys,NQ Cowboys,NQ Cowboys,NQ Cowboys
2018,Rd 1,7,Newcastle Knights,Manly Sea Eagles,19,18,Newcastle Knights,Newcastle Knights,Manly Sea Eagles,Manly Sea Eagles,Newcastle Knights
2018,Rd 1,8,St. George Illawarra Dragons,Brisbane Broncos,34,12,St. George Illawarra Dragons,St. George Illawarra Dragons,Brisbane Broncos,Brisbane Broncos,St. George Illawarra Dragons
2018,Rd 2,1,Canberra Raiders,Newcastle Knights,28,30,Newcastle Knights,Canberra Raiders,Canberra Raiders,Canberra Raiders,Newcastle Knights
2018,Rd 2,2,Manly Sea Eagles,Parramatta Eels,54,0,Manly Sea Eagles,Manly Sea Eagles,Manly Sea Eagles,Manly Sea Eagles,Manly Sea Eagles
2018,Rd 2,3,Melbourne Storm,Wests Tigers,8,10,Melbourne Storm,Melbourne Storm,Melbourne Storm,Melbourne Storm,Wests Tigers
2018,Rd 2,4,Penrith Panthers,South Sydney Rabbitohs,18,14,Penrith Panthers,Penrith Panthers,Penrith Panthers,Penrith Panthers,Penrith Panthers
2018,Rd 2,5,New Zealand Warriors,Gold Coast Titans,20,8,New Zealand Warriors,New Zealand Warriors,New Zealand Warriors,New Zealand Warriors,New Zealand Warriors
2018,Rd 2,6,Brisbane Broncos,NQ Cowboys,24,20,NQ Cowboys,NQ Cowboys,Brisbane Broncos,Brisbane Broncos,Brisbane Broncos
2018,Rd 2,7,Sydney Roosters,Canterbury Bulldogs,30,12,Sydney Roosters,Sydney Roosters,Sydney Roosters,Sydney Roosters,Sydney Roosters
2018,Rd 2,8,Cronulla Sharks,St. George Illawarra Dragons,16,20,St. George Illawarra Dragons,St. George Illawarra Dragons,Cronulla Sharks,Cronulla Sharks,St. George Illawarra Dragons
2018,Rd 3,1,Sydney Roosters,Newcastle Knights,38,8,Newcastle Knights,Sydney Roosters,Sydney Roosters,Sydney Roosters,Sydney Roosters
2018,Rd 3,2,Gold Coast Titans,St. George Illawarra Dragons,8,54,St. George Illawarra Dragons,St. George Illawarra Dragons,St. George Illawarra Dragons,St. George Illawarra Dragons,St. George Illawarra Dragons
2018,Rd 3,3,Parramatta Eels,Cronulla Sharks,4,14,Cronulla Sharks,Parramatta Eels,Cronulla Sharks,Cronulla Sharks,Cronulla Sharks
2018,Rd 3,4,South Sydney Rabbitohs,Manly Sea Eagles,34,6,Manly Sea Eagles,Manly Sea Eagles,Manly Sea Eagles,Manly Sea Eagles,South Sydney Rabbitohs
2018,Rd 3,5,Canberra Raiders,New Zealand Warriors,19,20,New Zealand Warriors,Canberra Raiders,Canberra Raiders,Canberra Raiders,New Zealand Warriors
2018,Rd 3,6,Wests Tigers,Brisbane Broncos,7,9,Wests Tigers,Brisbane Broncos,Brisbane Broncos,Brisbane Broncos,Brisbane Broncos
2018,Rd 3,7,Canterbury Bulldogs,Penrith Panthers,20,18,Penrith Panthers,Penrith Panthers,Penrith Panthers,Penrith Panthers,Canterbury Bulldogs
2018,Rd 3,8,Melbourne Storm,NQ Cowboys,30,14,Melbourne Storm,Melbourne Storm,Melbourne Storm,Melbourne Storm,Melbourne Storm
2018,Rd 4,1,Wests Tigers,Parramatta Eels,30,20,Wests Tigers,Wests Tigers,Wests Tigers,Wests Tigers,Wests Tigers
2018,Rd 4,2,Brisbane Broncos,Gold Coast Titans,14,26,Brisbane Broncos,Brisbane Broncos,Brisbane Broncos,Brisbane Broncos,Gold Coast Titans
2018,Rd 4,3,St. George Illawarra Dragons,Newcastle Knights,30,12,St. George Illawarra Dragons,St. George Illawarra Dragons,St. George Illawarra Dragons,St. George Illawarra Dragons,St. George Illawarra Dragons
2018,Rd 4,4,Manly Sea Eagles,Canberra Raiders,32,16,Manly Sea Eagles,Manly Sea Eagles,Manly Sea Eagles,Manly Sea Eagles,Manly Sea Eagles
2018,Rd 4,5,Sydney Roosters,New Zealand Warriors,6,30,New Zealand Warriors,Sydney Roosters,Sydney Roosters,Sydney Roosters,New Zealand Warriors
2018,Rd 4,6,Cronulla Sharks,Melbourne Storm,14,4,Melbourne Storm,Melbourne Storm,Melbourne Storm,Melbourne Storm,Cronulla Sharks
2018,Rd 4,7,South Sydney Rabbitohs,Canterbury Bulldogs,20,16,South Sydney Rabbitohs,South Sydney Rabbitohs,South Sydney Rabbitohs,South Sydney Rabbitohs,South Sydney Rabbitohs
2018,Rd 4,8,NQ Cowboys,Penrith Panthers,14,33,Penrith Panthers,NQ Cowboys,NQ Cowboys,NQ Cowboys,Penrith Panthers
2018,Rd 5,1,Parramatta Eels,Penrith Panthers,6,12,Penrith Panthers,Penrith Panthers,Penrith Panthers,Penrith Panthers,Penrith Panthers
2018,Rd 5,2,Gold Coast Titans,Manly Sea Eagles,32,20,Manly Sea Eagles,Manly Sea Eagles,Manly Sea Eagles,Manly Sea Eagles,Gold Coast Titans
2018,Rd 5,3,Newcastle Knights,Brisbane Broncos,15,10,Brisbane Broncos,Brisbane Broncos,Brisbane Broncos,Brisbane Broncos,Newcastle Knights
2018,Rd 5,4,New Zealand Warriors,NQ Cowboys,22,12,New Zealand Warriors,New Zealand Warriors,New Zealand Warriors,New Zealand Warriors,New Zealand Warriors
2018,Rd 5,5,Wests Tigers,Melbourne Storm,11,10,Wests Tigers,Melbourne Storm,Melbourne Storm,Melbourne Storm,Wests Tigers
2018,Rd 5,6,St. George Illawarra Dragons,South Sydney Rabbitohs,16,12,St. George Illawarra Dragons,St. George Illawarra Dragons,St. George Illawarra Dragons,St. George Illawarra Dragons,St. George Illawarra Dragons
2018,Rd 5,7,Cronulla Sharks,Sydney Roosters,10,28,Sydney Roosters,Sydney Roosters,Cronulla Sharks,Cronulla Sharks,Sydney Roosters
2018,Rd 5,8,Canberra Raiders,Canterbury Bulldogs,26,10,Canterbury Bulldogs,Canberra Raiders,Canberra Raiders,Canberra Raiders,Canberra Raiders
2018,Rd 6,1,Manly Sea Eagles,Wests Tigers,12,38,Wests Tigers,Manly Sea Eagles,Manly Sea Eagles,Manly Sea Eagles,Wests Tigers
2018,Rd 6,2,Penrith Panthers,Gold Coast Titans,35,12,Penrith Panthers,Penrith Panthers,Penrith Panthers,Penrith Panthers,Penrith Panthers
2018,Rd 6,3,Canberra Raiders,Parramatta Eels,18,2,Canberra Raiders,Canberra Raiders,Canberra Raiders,Canberra Raiders,Canberra Raiders
2018,Rd 6,4,NQ Cowboys,Canterbury Bulldogs,10,27,NQ Cowboys,NQ Cowboys,NQ Cowboys,NQ Cowboys,Canterbury Bulldogs
2018,Rd 6,5,New Zealand Warriors,Brisbane Broncos,18,27,New Zealand Warriors,New Zealand Warriors,New Zealand Warriors,New Zealand Warriors,Brisbane Broncos
2018,Rd 6,6,St. George Illawarra Dragons,Cronulla Sharks,40,20,St. George Illawarra Dragons,St. George Illawarra Dragons,St. George Illawarra Dragons,St. George Illawarra Dragons,St. George Illawarra Dragons
2018,Rd 6,7,Melbourne Storm,Newcastle Knights,40,14,Newcastle Knights,Melbourne Storm,Melbourne Storm,Melbourne Storm,Melbourne Storm
2018,Rd 6,8,Sydney Roosters,South Sydney Rabbitohs,14,26,Sydney Roosters,Sydney Roosters,Sydney Roosters,Sydney Roosters,South Sydney Rabbitohs
2018,Rd 7,1,Cronulla Sharks,Penrith Panthers,26,22,Penrith Panthers,Penrith Panthers,Cronulla Sharks,Cronulla Sharks,Cronulla Sharks
2018,Rd 7,2,Parramatta Eels,Manly Sea Eagles,44,10,Manly Sea Eagles,Manly Sea Eagles,Parramatta Eels,Parramatta Eels,Parramatta Eels
2018,Rd 7,3,NQ Cowboys,Gold Coast Titans,26,14,Gold Coast Titans,NQ Cowboys,NQ Cowboys,NQ Cowboys,NQ Cowboys
2018,Rd 7,4,Wests Tigers,Newcastle Knights,20,22,Wests Tigers,Wests Tigers,Wests Tigers,Wests Tigers,Newcastle Knights
2018,Rd 7,5,South Sydney Rabbitohs,Canberra Raiders,42,22,South Sydney Rabbitohs,South Sydney Rabbitohs,South Sydney Rabbitohs,South Sydney Rabbitohs,South Sydney Rabbitohs
2018,Rd 7,6,Brisbane Broncos,Melbourne Storm,20,34,Melbourne Storm,Melbourne Storm,Melbourne Storm,Melbourne Storm,Melbourne Storm
2018,Rd 7,7,New Zealand Warriors,St. George Illawarra Dragons,20,12,St. George Illawarra Dragons,St. George Illawarra Dragons,St. George Illawarra Dragons,St. George Illawarra Dragons,New Zealand Warriors
2018,Rd 7,8,Canterbury Bulldogs,Sydney Roosters,0,6,Sydney Roosters,Sydney Roosters,Sydney Roosters,Sydney Roosters,Sydney Roosters
2018,Rd 8,1,Parramatta Eels,Wests Tigers,24,22,Wests Tigers,Wests Tigers,Parramatta Eels,Parramatta Eels,Parramatta Eels
2018,Rd 8,2,NQ Cowboys,Canberra Raiders,8,18,Canberra Raiders,NQ Cowboys,NQ Cowboys,NQ Cowboys,Canberra Raiders
2018,Rd 8,3,Gold Coast Titans,Cronulla Sharks,9,10,Cronulla Sharks,Cronulla Sharks,Cronulla Sharks,Cronulla Sharks,Cronulla Sharks
2018,Rd 8,4,Penrith Panthers,Canterbury Bulldogs,22,14,Penrith Panthers,Penrith Panthers,Penrith Panthers,Penrith Panthers,Penrith Panthers
2018,Rd 8,5,Manly Sea Eagles,Newcastle Knights,12,18,Newcastle Knights,Manly Sea Eagles,Manly Sea Eagles,Manly Sea Eagles,Newcastle Knights
2018,Rd 8,6,South Sydney Rabbitohs,Brisbane Broncos,20,24,South Sydney Rabbitohs,South Sydney Rabbitohs,South Sydney Rabbitohs,South Sydney Rabbitohs,Brisbane Broncos
2018,Rd 8,7,Melbourne Storm,New Zealand Warriors,50,10,New Zealand Warriors,Melbourne Storm,Melbourne Storm,Melbourne Storm,Melbourne Storm
2018,Rd 8,8,St. George Illawarra Dragons,Sydney Roosters,24,8,St. George Illawarra Dragons,St. George Illawarra Dragons,St. George Illawarra Dragons,St. George Illawarra Dragons,St. George Illawarra Dragons
2018,Rd 9,1,Sydney Roosters,Manly Sea Eagles,22,20,Sydney Roosters,Sydney Roosters,Sydney Roosters,Sydney Roosters,Sydney Roosters
2018,Rd 9,2,St. George Illawarra Dragons,Melbourne Storm,34,14,St. George Illawarra Dragons,St. George Illawarra Dragons,Melbourne Storm,Melbourne Storm,St. George Illawarra Dragons
2018,Rd 9,3,Cronulla Sharks,Parramatta Eels,22,20,Cronulla Sharks,Cronulla Sharks,Cronulla Sharks,Cronulla Sharks,Cronulla Sharks
2018,Rd 9,4,New Zealand Warriors,Wests Tigers,26,4,New Zealand Warriors,New Zealand Warriors,New Zealand Warriors,New Zealand Warriors,New Zealand Warriors
2018,Rd 9,5,Canberra Raiders,Gold Coast Titans,32,18,Canberra Raiders,Canberra Raiders,Canberra Raiders,Canberra Raiders,Canberra Raiders
2018,Rd 9,6,Penrith Panthers,NQ Cowboys,20,26,Penrith Panthers,Penrith Panthers,Penrith Panthers,Penrith Panthers,NQ Cowboys
2018,Rd 9,7,Newcastle Knights,South Sydney Rabbitohs,18,36,Newcastle Knights,South Sydney Rabbitohs,South Sydney Rabbitohs,South Sydney Rabbitohs,South Sydney Rabbitohs
2018,Rd 9,8,Brisbane Broncos,Canterbury Bulldogs,22,20,Brisbane Broncos,Brisbane Broncos,Brisbane Broncos,Brisbane Broncos,Brisbane Broncos
2018,Rd 10,1,Canberra Raiders,Cronulla Sharks,16,24,Cronulla Sharks,Canberra Raiders,Canberra Raiders,Canberra Raiders,Cronulla Sharks
2018,Rd 10,2,South Sydney Rabbitohs,St. George Illawarra Dragons,24,10,St. George Illawarra Dragons,St. George Illawarra Dragons,St. George Illawarra Dragons,St. George Illawarra Dragons,South Sydney Rabbitohs
2018,Rd 10,3,Manly Sea Eagles,Brisbane Broncos,38,24,Brisbane Broncos,Brisbane Broncos,Brisbane Broncos,Brisbane Broncos,Manly Sea Eagles
2018,Rd 10,4,Melbourne Storm,Gold Coast Titans,28,14,Melbourne Storm,Melbourne Storm,Melbourne Storm,Melbourne Storm,Melbourne Storm
2018,Rd 10,5,New Zealand Warriors,Sydney Roosters,0,32,New Zealand Warriors,New Zealand Warriors,New Zealand Warriors,New Zealand Warriors,Sydney Roosters
2018,Rd 10,6,Canterbury Bulldogs,Parramatta Eels,20,12,Canterbury Bulldogs,Parramatta Eels,Canterbury Bulldogs,Canterbury Bulldogs,Canterbury Bulldogs
2018,Rd 10,7,Newcastle Knights,Penrith Panthers,18,29,Penrith Panthers,Penrith Panthers,Penrith Panthers,Penrith Panthers,Penrith Panthers
2018,Rd 10,8,Wests Tigers,NQ Cowboys,20,12,Wests Tigers,Wests Tigers,Wests Tigers,Wests Tigers,Wests Tigers
2018,Rd 11,1,Cronulla Sharks,Canterbury Bulldogs,22,16,Cronulla Sharks,Cronulla Sharks,Cronulla Sharks,Cronulla Sharks,Cronulla Sharks
2018,Rd 11,2,St. George Illawarra Dragons,Canberra Raiders,25,18,St. George Illawarra Dragons,St. George Illawarra Dragons,St. George Illawarra Dragons,St. George Illawarra Dragons,St. George Illawarra Dragons
2018,Rd 11,3,Melbourne Storm,Manly Sea Eagles,4,24,Melbourne Storm,Melbourne Storm,Melbourne Storm,Melbourne Storm,Manly Sea Eagles
2018,Rd 11,4,NQ Cowboys,South Sydney Rabbitohs,19,20,South Sydney Rabbitohs,South Sydney Rabbitohs,NQ Cowboys,NQ Cowboys,South Sydney Rabbitohs
2018,Rd 11,5,Gold Coast Titans,Newcastle Knights,33,26,Newcastle Knights,Gold Coast Titans,Gold Coast Titans,Gold Coast Titans,Gold Coast Titans
2018,Rd 11,6,Brisbane Broncos,Sydney Roosters,28,22,Sydney Roosters,Sydney Roosters,Brisbane Broncos,Brisbane Broncos,Brisbane Broncos
2018,Rd 11,7,Parramatta Eels,New Zealand Warriors,14,24,New Zealand Warriors,Parramatta Eels,Parramatta Eels,Parramatta Eels,New Zealand Warriors
2018,Rd 11,8,Penrith Panthers,Wests Tigers,16,2,Penrith Panthers,Penrith Panthers,Penrith Panthers,Penrith Panthers,Penrith Panthers
2018,Rd 12,1,Wests Tigers,Canterbury Bulldogs,14,10,Wests Tigers,Wests Tigers,Wests Tigers,Wests Tigers,Wests Tigers
2018,Rd 12,2,Newcastle Knights,Cronulla Sharks,10,48,Cronulla Sharks,Cronulla Sharks,Cronulla Sharks,Cronulla Sharks,Cronulla Sharks
2018,Rd 12,3,Penrith Panthers,St. George Illawarra Dragons,28,2,St. George Illawarra Dragons,St. George Illawarra Dragons,Penrith Panthers,Penrith Panthers,Penrith Panthers
2018,Rd 12,4,New Zealand Warriors,South Sydney Rabbitohs,10,30,New Zealand Warriors,South Sydney Rabbitohs,New Zealand Warriors,New Zealand Warriors,South Sydney Rabbitohs
2018,Rd 12,5,Sydney Roosters,Gold Coast Titans,34,14,Sydney Roosters,Sydney Roosters,Sydney Roosters,Sydney Roosters,Sydney Roosters
2018,Rd 12,6,NQ Cowboys,Melbourne Storm,6,7,Melbourne Storm,Melbourne Storm,Melbourne Storm,Melbourne Storm,Melbourne Storm
2018,Rd 12,7,Canberra Raiders,Manly Sea Eagles,21,20,Canberra Raiders,Canberra Raiders,Canberra Raiders,Canberra Raiders,Canberra Raiders
2018,Rd 12,8,Brisbane Broncos,Parramatta Eels,18,10,Brisbane Broncos,Brisbane Broncos,Brisbane Broncos,Brisbane Broncos,Brisbane Broncos
2018,Rd 13,1,Sydney Roosters,Wests Tigers,16,14,Sydney Roosters,Wests Tigers,Sydney Roosters,Sydney Roosters,Sydney Roosters
2018,Rd 13,2,Parramatta Eels,Newcastle Knights,4,30,Newcastle Knights,Parramatta Eels,Parramatta Eels,Parramatta Eels,Newcastle Knights
2018,Rd 13,3,South Sydney Rabbitohs,Cronulla Sharks,22,14,South Sydney Rabbitohs,Cronulla Sharks,South Sydney Rabbitohs,South Sydney Rabbitohs,South Sydney Rabbitohs
2018,Rd 13,4,Manly Sea Eagles,NQ Cowboys,12,26,Manly Sea Eagles,Manly Sea Eagles,Manly Sea Eagles,Manly Sea Eagles,NQ Cowboys
2018,Rd 14,1,Canterbury Bulldogs,St. George Illawarra Dragons,16,18,St. George Illawarra Dragons,St. George Illawarra Dragons,St. George Illawarra Dragons,St. George Illawarra Dragons,St. George Illawarra Dragons
2018,Rd 14,2,Melbourne Storm,Brisbane Broncos,32,16,Melbourne Storm,Melbourne Storm,Melbourne Storm,Melbourne Storm,Melbourne Storm
2018,Rd 14,3,Cronulla Sharks,Wests Tigers,24,16,Cronulla Sharks,Cronulla Sharks,Cronulla Sharks,Cronulla Sharks,Cronulla Sharks
2018,Rd 14,4,Parramatta Eels,NQ Cowboys,20,14,NQ Cowboys,NQ Cowboys,Parramatta Eels,Parramatta Eels,Parramatta Eels
2018,Rd 14,5,Newcastle Knights,Sydney Roosters,16,18,Sydney Roosters,Sydney Roosters,Sydney Roosters,Sydney Roosters,Sydney Roosters
2018,Rd 14,6,Manly Sea Eagles,New Zealand Warriors,14,34,New Zealand Warriors,New Zealand Warriors,Manly Sea Eagles,Manly Sea Eagles,New Zealand Warriors
2018,Rd 14,7,Gold Coast Titans,South Sydney Rabbitohs,16,18,South Sydney Rabbitohs,South Sydney Rabbitohs,South Sydney Rabbitohs,South Sydney Rabbitohs,South Sydney Rabbitohs
2018,Rd 14,8,Canberra Raiders,Penrith Panthers,22,23,Penrith Panthers,Penrith Panthers,Penrith Panthers,Penrith Panthers,Penrith Panthers
2018,Rd 15,1,Wests Tigers,Canberra Raiders,12,48,Wests Tigers,Canberra Raiders,Wests Tigers,Wests Tigers,Canberra Raiders
2018,Rd 15,2,Newcastle Knights,Melbourne Storm,10,28,Melbourne Storm,Melbourne Storm,Melbourne Storm,Melbourne Storm,Melbourne Storm
2018,Rd 15,3,Cronulla Sharks,Brisbane Broncos,16,20,Cronulla Sharks,Cronulla Sharks,Cronulla Sharks,Cronulla Sharks,Brisbane Broncos
2018,Rd 15,4,St. George Illawarra Dragons,Manly Sea Eagles,32,8,St. George Illawarra Dragons,St. George Illawarra Dragons,St. George Illawarra Dragons,St. George Illawarra Dragons,St. George Illawarra Dragons
2018,Rd 15,5,Canterbury Bulldogs,Gold Coast Titans,10,32,Gold Coast Titans,Canterbury Bulldogs,Canterbury Bulldogs,Canterbury Bulldogs,Gold Coast Titans
2018,Rd 15,6,Sydney Roosters,Penrith Panthers,32,6,Penrith Panthers,Sydney Roosters,Sydney Roosters,Sydney Roosters,Sydney Roosters
2018,Rd 15,7,NQ Cowboys,New Zealand Warriors,16,23,New Zealand Warriors,New Zealand Warriors,NQ Cowboys,NQ Cowboys,New Zealand Warriors
2018,Rd 15,8,Parramatta Eels,South Sydney Rabbitohs,24,42,South Sydney Rabbitohs,South Sydney Rabbitohs,South Sydney Rabbitohs,South Sydney Rabbitohs,South Sydney Rabbitohs
2018,Rd 17,1,South Sydney Rabbitohs,NQ Cowboys,21,20,South Sydney Rabbitohs,South Sydney Rabbitohs,South Sydney Rabbitohs,South Sydney Rabbitohs,South Sydney Rabbitohs
2018,Rd 17,2,Wests Tigers,Gold Coast Titans,12,30,Wests Tigers,Wests Tigers,Wests Tigers,Wests Tigers,Gold Coast Titans
2018,Rd 17,3,Brisbane Broncos,Canberra Raiders,26,22,Brisbane Broncos,Brisbane Broncos,Brisbane Broncos,Brisbane Broncos,Brisbane Broncos
2018,Rd 17,4,Newcastle Knights,Canterbury Bulldogs,16,36,Newcastle Knights,Newcastle Knights,Canterbury Bulldogs,Canterbury Bulldogs,Canterbury Bulldogs
2018,Rd 17,5,Penrith Panthers,Manly Sea Eagles,10,18,Penrith Panthers,Penrith Panthers,Penrith Panthers,Penrith Panthers,Manly Sea Eagles
2018,Rd 17,6,Sydney Roosters,Melbourne Storm,8,9,Melbourne Storm,Melbourne Storm,Melbourne Storm,Melbourne Storm,Melbourne Storm
2018,Rd 17,7,New Zealand Warriors,Cronulla Sharks,15,18,New Zealand Warriors,New Zealand Warriors,Cronulla Sharks,Cronulla Sharks,Cronulla Sharks
2018,Rd 17,8,St. George Illawarra Dragons,Parramatta Eels,20,18,St. George Illawarra Dragons,St. George Illawarra Dragons,St. George Illawarra Dragons,St. George Illawarra Dragons,St. George Illawarra Dragons
2018,Rd 18,1,Gold Coast Titans,Brisbane Broncos,0,34,Brisbane Broncos,Brisbane Broncos,Brisbane Broncos,Brisbane Broncos,Brisbane Broncos
2018,Rd 18,2,Canterbury Bulldogs,Canberra Raiders,28,32,Canberra Raiders,Canberra Raiders,Canberra Raiders,Canberra Raiders,Canberra Raiders
2018,Rd 18,3,Penrith Panthers,New Zealand Warriors,36,4,Penrith Panthers,New Zealand Warriors,Penrith Panthers,Penrith Panthers,Penrith Panthers
2018,Rd 18,4,Melbourne Storm,St. George Illawarra Dragons,52,30,St. George Illawarra Dragons,Melbourne Storm,Melbourne Storm,Melbourne Storm,Melbourne Storm
2018,Rd 19,1,Gold Coast Titans,Sydney Roosters,12,20,Sydney Roosters,Sydney Roosters,Sydney Roosters,Sydney Roosters,Sydney Roosters
2018,Rd 19,2,St. George Illawarra Dragons,Wests Tigers,16,20,St. George Illawarra Dragons,St. George Illawarra Dragons,St. George Illawarra Dragons,St. George Illawarra Dragons,Wests Tigers
2018,Rd 19,3,Brisbane Broncos,New Zealand Warriors,6,26,Brisbane Broncos,Brisbane Broncos,Brisbane Broncos,Brisbane Broncos,New Zealand Warriors
2018,Rd 19,4,Canberra Raiders,NQ Cowboys,38,12,Canberra Raiders,Canberra Raiders,Canberra Raiders,Canberra Raiders,Canberra Raiders
2018,Rd 19,5,Manly Sea Eagles,Melbourne Storm,13,14,Melbourne Storm,Melbourne Storm,Melbourne Storm,Melbourne Storm,Melbourne Storm
2018,Rd 19,6,Canterbury Bulldogs,South Sydney Rabbitohs,6,24,South Sydney Rabbitohs,South Sydney Rabbitohs,South Sydney Rabbitohs,South Sydney Rabbitohs,South Sydney Rabbitohs
2018,Rd 19,7,Newcastle Knights,Parramatta Eels,18,16,Newcastle Knights,Parramatta Eels,Parramatta Eels,Parramatta Eels,Newcastle Knights
2018,Rd 19,8,Penrith Panthers,Cronulla Sharks,12,24,Penrith Panthers,Cronulla Sharks,Penrith Panthers,Penrith Panthers,Cronulla Sharks
2018,Rd 20,1,Manly Sea Eagles,Sydney Roosters,24,56,Sydney Roosters,Sydney Roosters,Sydney Roosters,Sydney Roosters,Sydney Roosters
2018,Rd 20,2,New Zealand Warriors,Melbourne Storm,6,12,Melbourne Storm,Melbourne Storm,Melbourne Storm,Melbourne Storm,Melbourne Storm
2018,Rd 20,3,NQ Cowboys,St. George Illawarra Dragons,10,24,St. George Illawarra Dragons,St. George Illawarra Dragons,St. George Illawarra Dragons,St. George Illawarra Dragons,St. George Illawarra Dragons
2018,Rd 20,4,Wests Tigers,South Sydney Rabbitohs,22,6,South Sydney Rabbitohs,South Sydney Rabbitohs,South Sydney Rabbitohs,South Sydney Rabbitohs,Wests Tigers
2018,Rd 20,5,Newcastle Knights,Gold Coast Titans,30,24,Newcastle Knights,Newcastle Knights,Newcastle Knights,Newcastle Knights,Newcastle Knights
2018,Rd 20,6,Brisbane Broncos,Penrith Panthers,50,18,Penrith Panthers,Brisbane Broncos,Brisbane Broncos,Brisbane Broncos,Brisbane Broncos
2018,Rd 20,7,Cronulla Sharks,Canberra Raiders,28,24,Cronulla Sharks,Cronulla Sharks,Cronulla Sharks,Cronulla Sharks,Cronulla Sharks
2018,Rd 20,8,Parramatta Eels,Canterbury Bulldogs,14,8,Canterbury Bulldogs,Parramatta Eels,Parramatta Eels,Parramatta Eels,Parramatta Eels
2018,Rd 21,1,Sydney Roosters,St. George Illawarra Dragons,36,18,St. George Illawarra Dragons,Sydney Roosters,Sydney Roosters,Sydney Roosters,Sydney Roosters
2018,Rd 21,2,Gold Coast Titans,New Zealand Warriors,36,12,New Zealand Warriors,New Zealand Warriors,New Zealand Warriors,New Zealand Warriors,Gold Coast Titans
2018,Rd 21,3,Melbourne Storm,Canberra Raiders,44,10,Melbourne Storm,Melbourne Storm,Melbourne Storm,Melbourne Storm,Melbourne Storm
2018,Rd 21,4,South Sydney Rabbitohs,Parramatta Eels,26,20,South Sydney Rabbitohs,South Sydney Rabbitohs,South Sydney Rabbitohs,South Sydney Rabbitohs,South Sydney Rabbitohs
2018,Rd 21,5,Manly Sea Eagles,Penrith Panthers,24,28,Penrith Panthers,Penrith Panthers,Penrith Panthers,Penrith Panthers,Penrith Panthers
2018,Rd 21,6,Canterbury Bulldogs,Wests Tigers,16,4,Wests Tigers,Wests Tigers,Canterbury Bulldogs,Canterbury Bulldogs,Canterbury Bulldogs
2018,Rd 21,7,NQ Cowboys,Newcastle Knights,20,18,Newcastle Knights,NQ Cowboys,NQ Cowboys,NQ Cowboys,NQ Cowboys
2018,Rd 21,8,Brisbane Broncos,Cronulla Sharks,12,10,Cronulla Sharks,Brisbane Broncos,Brisbane Broncos,Brisbane Broncos,Brisbane Broncos
2018,Rd 22,1,Penrith Panthers,Canberra Raiders,40,31,Penrith Panthers,Penrith Panthers,Penrith Panthers,Penrith Panthers,Penrith Panthers
2018,Rd 22,2,Cronulla Sharks,Manly Sea Eagles,32,33,Cronulla Sharks,Cronulla Sharks,Cronulla Sharks,Cronulla Sharks,Manly Sea Eagles
2018,Rd 22,3,Sydney Roosters,NQ Cowboys,26,20,Sydney Roosters,Sydney Roosters,Sydney Roosters,Sydney Roosters,Sydney Roosters
2018,Rd 22,4,Parramatta Eels,Gold Coast Titans,28,12,Gold Coast Titans,Parramatta Eels,Parramatta Eels,Parramatta Eels,Parramatta Eels
2018,Rd 22,5,St. George Illawarra Dragons,New Zealand Warriors,12,18,St. George Illawarra Dragons,St. George Illawarra Dragons,St. George Illawarra Dragons,St. George Illawarra Dragons,New Zealand Warriors
2018,Rd 22,6,South Sydney Rabbitohs,Melbourne Storm,30,20,Melbourne Storm,Melbourne Storm,Melbourne Storm,Melbourne Storm,South Sydney Rabbitohs
2018,Rd 22,7,Newcastle Knights,Wests Tigers,16,25,Wests Tigers,Wests Tigers,Wests Tigers,Wests Tigers,Wests Tigers
2018,Rd 22,8,Canterbury Bulldogs,Brisbane Broncos,36,22,Brisbane Broncos,Brisbane Broncos,Brisbane Broncos,Brisbane Broncos,Canterbury Bulldogs
2018,Rd 23,1,Melbourne Storm,Cronulla Sharks,14,17,Melbourne Storm,Melbourne Storm,Melbourne Storm,Melbourne Storm,Cronulla Sharks
2018,Rd 23,2,Canberra Raiders,Wests Tigers,20,22,Wests Tigers,Canberra Raiders,Canberra Raiders,Canberra Raiders,Wests Tigers
2018,Rd 23,3,Parramatta Eels,St. George Illawarra Dragons,40,4,St. George Illawarra Dragons,St. George Illawarra Dragons,St. George Illawarra Dragons,St. George Illawarra Dragons,Parramatta Eels
2018,Rd 23,4,Manly Sea Eagles,Canterbury Bulldogs,18,6,Canterbury Bulldogs,Manly Sea Eagles,Manly Sea Eagles,Manly Sea Eagles,Manly Sea Eagles
2018,Rd 23,5,Gold Coast Titans,Penrith Panthers,16,17,Penrith Panthers,Penrith Panthers,Penrith Panthers,Penrith Panthers,Penrith Panthers
2018,Rd 23,6,South Sydney Rabbitohs,Sydney Roosters,14,18,South Sydney Rabbitohs,South Sydney Rabbitohs,South Sydney Rabbitohs,South Sydney Rabbitohs,Sydney Roosters
2018,Rd 23,7,New Zealand Warriors,Newcastle Knights,20,4,New Zealand Warriors,New Zealand Warriors,New Zealand Warriors,New Zealand Warriors,New Zealand Warriors
2018,Rd 23,8,NQ Cowboys,Brisbane Broncos,34,30,Brisbane Broncos,Brisbane Broncos,Brisbane Broncos,Brisbane Broncos,NQ Cowboys
2018,Rd 24,1,Canberra Raiders,Sydney Roosters,14,12,Sydney Roosters,Sydney Roosters,Sydney Roosters,Sydney Roosters,Canberra Raiders
2018,Rd 24,2,Canterbury Bulldogs,New Zealand Warriors,27,26,New Zealand Warriors,New Zealand Warriors,Canterbury Bulldogs,Canterbury Bulldogs,Canterbury Bulldogs
2018,Rd 24,3,Cronulla Sharks,NQ Cowboys,28,16,Cronulla Sharks,Cronulla Sharks,Cronulla Sharks,Cronulla Sharks,Cronulla Sharks
2018,Rd 24,4,Wests Tigers,St. George Illawarra Dragons,10,20,St. George Illawarra Dragons,Wests Tigers,St. George Illawarra Dragons,St. George Illawarra Dragons,St. George Illawarra Dragons
2018,Rd 24,5,Penrith Panthers,Newcastle Knights,12,20,Penrith Panthers,Penrith Panthers,Penrith Panthers,Penrith Panthers,Newcastle Knights
2018,Rd 24,6,Melbourne Storm,Parramatta Eels,20,4,Melbourne Storm,Melbourne Storm,Melbourne Storm,Melbourne Storm,Melbourne Storm
2018,Rd 24,7,Manly Sea Eagles,Gold Coast Titans,34,42,Manly Sea Eagles,Manly Sea Eagles,Manly Sea Eagles,Manly Sea Eagles,Gold Coast Titans
2018,Rd 24,8,Brisbane Broncos,South Sydney Rabbitohs,38,18,South Sydney Rabbitohs,Brisbane Broncos,Brisbane Broncos,Brisbane Broncos,Brisbane Broncos
2018,Rd 25,1,St. George Illawarra Dragons,Canterbury Bulldogs,0,38,St. George Illawarra Dragons,St. George Illawarra Dragons,St. George Illawarra Dragons,St. George Illawarra Dragons,Canterbury Bulldogs
2018,Rd 25,2,Cronulla Sharks,Newcastle Knights,38,12,Cronulla Sharks,Cronulla Sharks,Cronulla Sharks,Cronulla Sharks,Cronulla Sharks
2018,Rd 25,3,Sydney Roosters,Brisbane Broncos,8,22,Sydney Roosters,Sydney Roosters,Sydney Roosters,Sydney Roosters,Brisbane Broncos
2018,Rd 25,4,Gold Coast Titans,Melbourne Storm,8,10,Melbourne Storm,Melbourne Storm,Melbourne Storm,Melbourne Storm,Melbourne Storm
2018,Rd 25,5,Canberra Raiders,South Sydney Rabbitohs,24,12,South Sydney Rabbitohs,South Sydney Rabbitohs,Canberra Raiders,Canberra Raiders,Canberra Raiders
2018,Rd 25,6,NQ Cowboys,Parramatta Eels,44,6,Parramatta Eels,NQ Cowboys,NQ Cowboys,NQ Cowboys,NQ Cowboys
2018,Rd 25,7,New Zealand Warriors,Penrith Panthers,36,16,Penrith Panthers,New Zealand Warriors,Penrith Panthers,Penrith Panthers,New Zealand Warriors
2018,Rd 25,8,Wests Tigers,Manly Sea Eagles,22,20,Wests Tigers,Wests Tigers,Wests Tigers,Wests Tigers,Wests Tigers
2018,Rd 26,1,Brisbane Broncos,Manly Sea Eagles,48,16,Brisbane Broncos,Brisbane Broncos,Brisbane Broncos,Brisbane Broncos,Brisbane Broncos
2018,Rd 26,2,Canterbury Bulldogs,Cronulla Sharks,18,30,Cronulla Sharks,Cronulla Sharks,Cronulla Sharks,Cronulla Sharks,Cronulla Sharks
2018,Rd 26,3,Parramatta Eels,Sydney Roosters,10,44,Sydney Roosters,Sydney Roosters,Sydney Roosters,Sydney Roosters,Sydney Roosters
2018,Rd 26,4,Gold Coast Titans,NQ Cowboys,26,30,Gold Coast Titans,NQ Cowboys,NQ Cowboys,NQ Cowboys,NQ Cowboys
2018,Rd 26,5,Newcastle Knights,St. George Illawarra Dragons,14,24,St. George Illawarra Dragons,St. George Illawarra Dragons,St. George Illawarra Dragons,St. George Illawarra Dragons,St. George Illawarra Dragons
2018,Rd 26,6,Melbourne Storm,Penrith Panthers,16,22,Melbourne Storm,Penrith Panthers,Melbourne Storm,Melbourne Storm,Penrith Panthers
2018,Rd 26,7,New Zealand Warriors,Canberra Raiders,20,16,New Zealand Warriors,New Zealand Warriors,New Zealand Warriors,New Zealand Warriors,New Zealand Warriors
2018,Rd 26,8,South Sydney Rabbitohs,Wests Tigers,51,10,South Sydney Rabbitohs,South Sydney Rabbitohs,South Sydney Rabbitohs,South Sydney Rabbitohs,South Sydney Rabbitohs
2019,Rd 1,1,Gold Coast Titans,Canberra Raiders,0,21,Gold Coast Titans,Gold Coast Titans,Canberra Raiders,Canberra Raiders,Canberra Raiders
2019,Rd 1,2,Penrith Panthers,Parramatta Eels,12,20,Penrith Panthers,Penrith Panthers,Penrith Panthers,Penrith Panthers,Parramatta Eels
2019,Rd 1,3,NQ Cowboys,St. George Illawarra Dragons,24,12,NQ Cowboys,NQ Cowboys,NQ Cowboys,NQ Cowboys,NQ Cowboys
2019,Rd 1,4,Wests Tigers,Manly Sea Eagles,20,6,Wests Tigers,Wests Tigers,Wests Tigers,Wests Tigers,Wests Tigers
2019,Rd 1,5,New Zealand Warriors,Canterbury Bulldogs,40,6,New Zealand Warriors,New Zealand Warriors,New Zealand Warriors,New Zealand Warriors,New Zealand Warriors
2019,Rd 1,6,Sydney Roosters,South Sydney Rabbitohs,16,26,Sydney Roosters,Sydney Roosters,Sydney Roosters,Sydney Roosters,South Sydney Rabbitohs
2019,Rd 1,7,Newcastle Knights,Cronulla Sharks,14,8,Newcastle Knights,Newcastle Knights,Cronulla Sharks,Cronulla Sharks,Newcastle Knights
2019,Rd 1,8,Melbourne Storm,Brisbane Broncos,22,12,Melbourne Storm,Melbourne Storm,Melbourne Storm,Brisbane Broncos,Melbourne Storm
2019,Rd 2,1,Wests Tigers,New Zealand Warriors,34,6,New Zealand Warriors,Wests Tigers,Wests Tigers,New Zealand Warriors,Wests Tigers
2019,Rd 2,2,Canterbury Bulldogs,Parramatta Eels,16,36,Parramatta Eels,Parramatta Eels,Canterbury Bulldogs,Parramatta Eels,Parramatta Eels
2019,Rd 2,3,Manly Sea Eagles,Sydney Roosters,18,26,Sydney Roosters,Sydney Roosters,Sydney Roosters,Sydney Roosters,Sydney Roosters
2019,Rd 2,4,Newcastle Knights,Penrith Panthers,14,16,Newcastle Knights,Newcastle Knights,Penrith Panthers,Penrith Panthers,Penrith Panthers
2019,Rd 2,5,Cronulla Sharks,Gold Coast Titans,20,6,Cronulla Sharks,Cronulla Sharks,Cronulla Sharks,Cronulla Sharks,Cronulla Sharks
2019,Rd 2,6,Brisbane Broncos,NQ Cowboys,29,10,NQ Cowboys,Brisbane Broncos,Brisbane Broncos,Brisbane Broncos,Brisbane Broncos
2019,Rd 2,7,Canberra Raiders,Melbourne Storm,10,22,Canberra Raiders,Melbourne Storm,Melbourne Storm,Melbourne Storm,Melbourne Storm
2019,Rd 2,8,St. George Illawarra Dragons,South Sydney Rabbitohs,18,34,South Sydney Rabbitohs,South Sydney Rabbitohs,St. George Illawarra Dragons,South Sydney Rabbitohs,South Sydney Rabbitohs
2019,Rd 3,1,South Sydney Rabbitohs,Gold Coast Titans,28,20,South Sydney Rabbitohs,South Sydney Rabbitohs,South Sydney Rabbitohs,South Sydney Rabbitohs,South Sydney Rabbitohs
2019,Rd 3,2,Wests Tigers,Canterbury Bulldogs,8,22,Wests Tigers,Wests Tigers,Wests Tigers,Wests Tigers,Canterbury Bulldogs
2019,Rd 3,3,Penrith Panthers,Melbourne Storm,2,32,Melbourne Storm,Melbourne Storm,Melbourne Storm,Melbourne Storm,Melbourne Storm
2019,Rd 3,4,NQ Cowboys,Cronulla Sharks,16,42,Cronulla Sharks,Cronulla Sharks,Cronulla Sharks,Cronulla Sharks,Cronulla Sharks
2019,Rd 3,5,Manly Sea Eagles,New Zealand Warriors,46,12,New Zealand Warriors,New Zealand Warriors,New Zealand Warriors,New Zealand Warriors,Manly Sea Eagles
2019,Rd 3,6,Parramatta Eels,Sydney Roosters,18,32,Parramatta Eels,Sydney Roosters,Sydney Roosters,Sydney Roosters,Sydney Roosters
2019,Rd 3,7,Canberra Raiders,Newcastle Knights,17,10,Canberra Raiders,Canberra Raiders,Canberra Raiders,Canberra Raiders,Canberra Raiders
2019,Rd 3,8,Brisbane Broncos,St. George Illawarra Dragons,24,25,Brisbane Broncos,Brisbane Broncos,Brisbane Broncos,Brisbane Broncos,St. George Illawarra Dragons
2019,Rd 4,1,Newcastle Knights,St. George Illawarra Dragons,12,13,Newcastle Knights,Newcastle Knights,St. George Illawarra Dragons,St. George Illawarra Dragons,St. George Illawarra Dragons
2019,Rd 4,2,Melbourne Storm,Canterbury Bulldogs,18,16,Melbourne Storm,Melbourne Storm,Melbourne Storm,Melbourne Storm,Melbourne Storm
2019,Rd 4,3,Parramatta Eels,Cronulla Sharks,24,12,Cronulla Sharks,Cronulla Sharks,Cronulla Sharks,Cronulla Sharks,Parramatta Eels
2019,Rd 4,4,NQ Cowboys,Canberra Raiders,12,30,Canberra Raiders,Canberra Raiders,Canberra Raiders,NQ Cowboys,Canberra Raiders
2019,Rd 4,5,Manly Sea Eagles,South Sydney Rabbitohs,13,12,South Sydney Rabbitohs,South Sydney Rabbitohs,South Sydney Rabbitohs,South Sydney Rabbitohs,Manly Sea Eagles
2019,Rd 4,6,Penrith Panthers,Wests Tigers,9,8,Wests Tigers,Penrith Panthers,Penrith Panthers,Penrith Panthers,Penrith Panthers
2019,Rd 4,7,New Zealand Warriors,Gold Coast Titans,26,10,New Zealand Warriors,New Zealand Warriors,New Zealand Warriors,New Zealand Warriors,New Zealand Warriors
2019,Rd 4,8,Sydney Roosters,Brisbane Broncos,36,4,Sydney Roosters,Sydney Roosters,Sydney Roosters,Brisbane Broncos,Sydney Roosters
2019,Rd 5,1,Canberra Raiders,Parramatta Eels,19,0,Canberra Raiders,Canberra Raiders,Canberra Raiders,Canberra Raiders,Canberra Raiders
2019,Rd 5,2,St. George Illawarra Dragons,Canterbury Bulldogs,40,4,St. George Illawarra Dragons,St. George Illawarra Dragons,St. George Illawarra Dragons,St. George Illawarra Dragons,St. George Illawarra Dragons
2019,Rd 5,3,Cronulla Sharks,Sydney Roosters,16,30,Sydney Roosters,Sydney Roosters,Cronulla Sharks,Sydney Roosters,Sydney Roosters
2019,Rd 5,4,Newcastle Knights,Manly Sea Eagles,18,26,Manly Sea Eagles,Newcastle Knights,Manly Sea Eagles,Manly Sea Eagles,Manly Sea Eagles
2019,Rd 5,5,South Sydney Rabbitohs,New Zealand Warriors,28,24,South Sydney Rabbitohs,South Sydney Rabbitohs,South Sydney Rabbitohs,South Sydney Rabbitohs,South Sydney Rabbitohs
2019,Rd 5,6,NQ Cowboys,Melbourne Storm,12,18,Melbourne Storm,Melbourne Storm,Melbourne Storm,Melbourne Storm,Melbourne Storm
2019,Rd 5,7,Gold Coast Titans,Penrith Panthers,30,24,Penrith Panthers,Penrith Panthers,Penrith Panthers,Penrith Panthers,Gold Coast Titans
2019,Rd 5,8,Brisbane Broncos,Wests Tigers,16,22,Wests Tigers,Brisbane Broncos,Brisbane Broncos,Brisbane Broncos,Wests Tigers
2019,Rd 6,1,Parramatta Eels,Wests Tigers,51,6,Wests Tigers,Parramatta Eels,Parramatta Eels,Parramatta Eels,Parramatta Eels
2019,Rd 6,2,Canberra Raiders,Brisbane Broncos,26,22,Canberra Raiders,Canberra Raiders,Canberra Raiders,Brisbane Broncos,Canberra Raiders
2019,Rd 6,3,Gold Coast Titans,Newcastle Knights,38,14,Newcastle Knights,Gold Coast Titans,Gold Coast Titans,Gold Coast Titans,Gold Coast Titans
2019,Rd 6,4,St. George Illawarra Dragons,Manly Sea Eagles,12,10,Manly Sea Eagles,St. George Illawarra Dragons,St. George Illawarra Dragons,St. George Illawarra Dragons,St. George Illawarra Dragons
2019,Rd 6,5,New Zealand Warriors,NQ Cowboys,10,17,New Zealand Warriors,New Zealand Warriors,New Zealand Warriors,New Zealand Warriors,NQ Cowboys
2019,Rd 6,6,Melbourne Storm,Sydney Roosters,20,21,Melbourne Storm,Sydney Roosters,Melbourne Storm,Melbourne Storm,Sydney Roosters
2019,Rd 6,7,Canterbury Bulldogs,South Sydney Rabbitohs,6,14,South Sydney Rabbitohs,South Sydney Rabbitohs,South Sydney Rabbitohs,South Sydney Rabbitohs,South Sydney Rabbitohs
2019,Rd 6,8,Cronulla Sharks,Penrith Panthers,24,20,Cronulla Sharks,Cronulla Sharks,Cronulla Sharks,Cronulla Sharks,Cronulla Sharks
2019,Rd 7,1,Newcastle Knights,Parramatta Eels,28,14,Parramatta Eels,Parramatta Eels,Parramatta Eels,Parramatta Eels,Newcastle Knights
2019,Rd 7,2,Manly Sea Eagles,Canberra Raiders,24,20,Canberra Raiders,Canberra Raiders,Canberra Raiders,Canberra Raiders,Manly Sea Eagles
2019,Rd 7,3,Brisbane Broncos,Cronulla Sharks,29,6,Cronulla Sharks,Brisbane Broncos,Brisbane Broncos,Brisbane Broncos,Brisbane Broncos
2019,Rd 7,4,Wests Tigers,Gold Coast Titans,30,14,Wests Tigers,Wests Tigers,Wests Tigers,Wests Tigers,Wests Tigers
2019,Rd 7,5,Penrith Panthers,South Sydney Rabbitohs,18,22,South Sydney Rabbitohs,South Sydney Rabbitohs,South Sydney Rabbitohs,South Sydney Rabbitohs,South Sydney Rabbitohs
2019,Rd 7,6,Canterbury Bulldogs,NQ Cowboys,24,12,NQ Cowboys,NQ Cowboys,Canterbury Bulldogs,NQ Cowboys,Canterbury Bulldogs
2019,Rd 7,7,Melbourne Storm,New Zealand Warriors,13,12,Melbourne Storm,Melbourne Storm,Melbourne Storm,Melbourne Storm,Melbourne Storm
2019,Rd 7,8,Sydney Roosters,St. George Illawarra Dragons,20,10,Sydney Roosters,Sydney Roosters,Sydney Roosters,Sydney Roosters,Sydney Roosters
2019,Rd 8,1,Parramatta Eels,St. George Illawarra Dragons,32,18,Parramatta Eels,Parramatta Eels,Parramatta Eels,St. George Illawarra Dragons,Parramatta Eels
2019,Rd 8,2,New Zealand Warriors,Newcastle Knights,18,36,Newcastle Knights,New Zealand Warriors,New Zealand Warriors,New Zealand Warriors,Newcastle Knights
2019,Rd 8,3,Sydney Roosters,Wests Tigers,42,12,Sydney Roosters,Sydney Roosters,Sydney Roosters,Sydney Roosters,Sydney Roosters
2019,Rd 8,4,Manly Sea Eagles,Canterbury Bulldogs,18,10,Manly Sea Eagles,Manly Sea Eagles,Manly Sea Eagles,Manly Sea Eagles,Manly Sea Eagles
2019,Rd 8,5,Canberra Raiders,Penrith Panthers,30,12,Canberra Raiders,Canberra Raiders,Canberra Raiders,Canberra Raiders,Canberra Raiders
2019,Rd 8,6,Cronulla Sharks,Melbourne Storm,20,18,Melbourne Storm,Melbourne Storm,Melbourne Storm,Melbourne Storm,Cronulla Sharks
2019,Rd 8,7,NQ Cowboys,Gold Coast Titans,28,14,Gold Coast Titans,NQ Cowboys,NQ Cowboys,NQ Cowboys,NQ Cowboys
2019,Rd 8,8,South Sydney Rabbitohs,Brisbane Broncos,38,6,South Sydney Rabbitohs,South Sydney Rabbitohs,South Sydney Rabbitohs,South Sydney Rabbitohs,South Sydney Rabbitohs
2019,Rd 9,1,South Sydney Rabbitohs,NQ Cowboys,32,16,South Sydney Rabbitohs,South Sydney Rabbitohs,South Sydney Rabbitohs,South Sydney Rabbitohs,South Sydney Rabbitohs
2019,Rd 9,2,Sydney Roosters,Canberra Raiders,30,24,Sydney Roosters,Sydney Roosters,Sydney Roosters,Sydney Roosters,Sydney Roosters
2019,Rd 9,3,Melbourne Storm,Parramatta Eels,64,10,Melbourne Storm,Melbourne Storm,Melbourne Storm,Melbourne Storm,Melbourne Storm
2019,Rd 9,4,New Zealand Warriors,St. George Illawarra Dragons,26,18,St. George Illawarra Dragons,St. George Illawarra Dragons,St. George Illawarra Dragons,St. George Illawarra Dragons,New Zealand Warriors
2019,Rd 9,5,Canterbury Bulldogs,Newcastle Knights,10,22,Newcastle Knights,Newcastle Knights,Canterbury Bulldogs,Canterbury Bulldogs,Newcastle Knights
2019,Rd 9,6,Manly Sea Eagles,Brisbane Broncos,10,26,Manly Sea Eagles,Brisbane Broncos,Manly Sea Eagles,Brisbane Broncos,Brisbane Broncos
2019,Rd 9,7,Wests Tigers,Penrith Panthers,30,4,Wests Tigers,Penrith Panthers,Wests Tigers,Penrith Panthers,Wests Tigers
2019,Rd 9,8,Gold Coast Titans,Cronulla Sharks,18,26,Cronulla Sharks,Cronulla Sharks,Cronulla Sharks,Cronulla Sharks,Cronulla Sharks
2019,Rd 10,1,Cronulla Sharks,Manly Sea Eagles,14,24,Manly Sea Eagles,Cronulla Sharks,Cronulla Sharks,Cronulla Sharks,Manly Sea Eagles
2019,Rd 10,2,St. George Illawarra Dragons,Newcastle Knights,12,45,Newcastle Knights,St. George Illawarra Dragons,St. George Illawarra Dragons,St. George Illawarra Dragons,Newcastle Knights
2019,Rd 10,3,Canberra Raiders,South Sydney Rabbitohs,12,16,South Sydney Rabbitohs,South Sydney Rabbitohs,Canberra Raiders,South Sydney Rabbitohs,South Sydney Rabbitohs
2019,Rd 10,4,NQ Cowboys,Parramatta Eels,17,10,Parramatta Eels,NQ Cowboys,NQ Cowboys,NQ Cowboys,NQ Cowboys
2019,Rd 10,5,Gold Coast Titans,Canterbury Bulldogs,16,22,Gold Coast Titans,Gold Coast Titans,Gold Coast Titans,Canterbury Bulldogs,Canterbury Bulldogs
2019,Rd 10,6,Brisbane Broncos,Sydney Roosters,15,10,Sydney Roosters,Sydney Roosters,Sydney Roosters,Sydney Roosters,Brisbane Broncos
2019,Rd 10,7,Penrith Panthers,New Zealand Warriors,10,30,New Zealand Warriors,Penrith Panthers,Penrith Panthers,Penrith Panthers,New Zealand Warriors
2019,Rd 10,8,Melbourne Storm,Wests Tigers,24,22,Melbourne Storm,Melbourne Storm,Melbourne Storm,Melbourne Storm,Melbourne Storm
2019,Rd 11,1,St. George Illawarra Dragons,Cronulla Sharks,9,22,Cronulla Sharks,St. George Illawarra Dragons,Cronulla Sharks,St. George Illawarra Dragons,Cronulla Sharks
2019,Rd 11,2,Canterbury Bulldogs,Melbourne Storm,6,28,Melbourne Storm,Melbourne Storm,Melbourne Storm,Melbourne Storm,Melbourne Storm
2019,Rd 11,3,South Sydney Rabbitohs,Wests Tigers,32,16,South Sydney Rabbitohs,South Sydney Rabbitohs,South Sydney Rabbitohs,South Sydney Rabbitohs,South Sydney Rabbitohs
2019,Rd 11,4,New Zealand Warriors,Brisbane Broncos,2,8,New Zealand Warriors,New Zealand Warriors,Brisbane Broncos,Brisbane Broncos,Brisbane Broncos
2019,Rd 11,5,Canberra Raiders,NQ Cowboys,16,22,Canberra Raiders,Canberra Raiders,Canberra Raiders,Canberra Raiders,NQ Cowboys
2019,Rd 11,6,Newcastle Knights,Sydney Roosters,38,12,Sydney Roosters,Sydney Roosters,Sydney Roosters,Sydney Roosters,Newcastle Knights
2019,Rd 11,7,Manly Sea Eagles,Gold Coast Titans,18,36,Manly Sea Eagles,Manly Sea Eagles,Manly Sea Eagles,Manly Sea Eagles,Gold Coast Titans
2019,Rd 11,8,Parramatta Eels,Penrith Panthers,10,16,Parramatta Eels,Parramatta Eels,Parramatta Eels,Blank,Penrith Panthers
2019,Rd 12,1,Gold Coast Titans,NQ Cowboys,4,6,NQ Cowboys,Gold Coast Titans,NQ Cowboys,Gold Coast Titans,NQ Cowboys
2019,Rd 12,2,Canterbury Bulldogs,Canberra Raiders,10,12,Canberra Raiders,Canterbury Bulldogs,Canberra Raiders,Canberra Raiders,Canberra Raiders
2019,Rd 12,3,Parramatta Eels,South Sydney Rabbitohs,26,14,South Sydney Rabbitohs,Parramatta Eels,South Sydney Rabbitohs,Parramatta Eels,Parramatta Eels
2019,Rd 12,4,Penrith Panthers,Manly Sea Eagles,15,12,Manly Sea Eagles,Penrith Panthers,Penrith Panthers,Penrith Panthers,Penrith Panthers
2019,Rd 13,1,Canterbury Bulldogs,St. George Illawarra Dragons,12,36,St. George Illawarra Dragons,St. George Illawarra Dragons,St. George Illawarra Dragons,St. George Illawarra Dragons,St. George Illawarra Dragons
2019,Rd 13,2,Penrith Panthers,Sydney Roosters,19,10,Sydney Roosters,Sydney Roosters,Sydney Roosters,Sydney Roosters,Penrith Panthers
2019,Rd 13,3,Brisbane Broncos,Gold Coast Titans,18,26,Brisbane Broncos,Brisbane Broncos,Brisbane Broncos,Brisbane Broncos,Gold Coast Titans
2019,Rd 13,4,NQ Cowboys,Manly Sea Eagles,20,22,Manly Sea Eagles,NQ Cowboys,NQ Cowboys,NQ Cowboys,Manly Sea Eagles
2019,Rd 13,5,Cronulla Sharks,Parramatta Eels,42,22,Cronulla Sharks,Cronulla Sharks,Cronulla Sharks,Cronulla Sharks,Cronulla Sharks
2019,Rd 13,6,New Zealand Warriors,Melbourne Storm,10,32,Melbourne Storm,Melbourne Storm,Melbourne Storm,Melbourne Storm,Melbourne Storm
2019,Rd 13,7,Wests Tigers,Canberra Raiders,0,28,Canberra Raiders,Canberra Raiders,Canberra Raiders,Canberra Raiders,Canberra Raiders
2019,Rd 13,8,South Sydney Rabbitohs,Newcastle Knights,12,20,South Sydney Rabbitohs,South Sydney Rabbitohs,South Sydney Rabbitohs,South Sydney Rabbitohs,Newcastle Knights
2019,Rd 14,1,Sydney Roosters,Canterbury Bulldogs,38,12,Sydney Roosters,Sydney Roosters,Sydney Roosters,Sydney Roosters,Sydney Roosters
2019,Rd 14,2,Manly Sea Eagles,St. George Illawarra Dragons,34,14,Manly Sea Eagles,Manly Sea Eagles,Manly Sea Eagles,Manly Sea Eagles,Manly Sea Eagles
2019,Rd 14,3,Parramatta Eels,Brisbane Broncos,38,10,Parramatta Eels,Parramatta Eels,Brisbane Broncos,Brisbane Broncos,Parramatta Eels
2019,Rd 14,4,South Sydney Rabbitohs,Penrith Panthers,18,19,South Sydney Rabbitohs,South Sydney Rabbitohs,South Sydney Rabbitohs,South Sydney Rabbitohs,Penrith Panthers
2019,Rd 14,5,Melbourne Storm,Newcastle Knights,34,4,Melbourne Storm,Melbourne Storm,Melbourne Storm,Melbourne Storm,Melbourne Storm
2019,Rd 14,6,NQ Cowboys,Wests Tigers,26,27,Wests Tigers,NQ Cowboys,NQ Cowboys,NQ Cowboys,Wests Tigers
2019,Rd 14,7,Gold Coast Titans,New Zealand Warriors,20,24,New Zealand Warriors,New Zealand Warriors,New Zealand Warriors,New Zealand Warriors,New Zealand Warriors
2019,Rd 14,8,Canberra Raiders,Cronulla Sharks,22,20,Canberra Raiders,Canberra Raiders,Canberra Raiders,Cronulla Sharks,Canberra Raiders
2019,Rd 15,1,Canterbury Bulldogs,Cronulla Sharks,14,12,Cronulla Sharks,Cronulla Sharks,Cronulla Sharks,Cronulla Sharks,Canterbury Bulldogs
2019,Rd 15,2,New Zealand Warriors,Penrith Panthers,18,19,New Zealand Warriors,New Zealand Warriors,New Zealand Warriors,New Zealand Warriors,Penrith Panthers
2019,Rd 15,3,Parramatta Eels,Canberra Raiders,22,16,Canberra Raiders,Canberra Raiders,Canberra Raiders,Canberra Raiders,Parramatta Eels
2019,Rd 15,4,Newcastle Knights,Brisbane Broncos,26,12,Newcastle Knights,Newcastle Knights,Brisbane Broncos,Brisbane Broncos,Newcastle Knights
2019,Rd 15,5,Gold Coast Titans,Manly Sea Eagles,12,30,Manly Sea Eagles,Manly Sea Eagles,Manly Sea Eagles,Manly Sea Eagles,Manly Sea Eagles
2019,Rd 15,6,Sydney Roosters,Melbourne Storm,12,14,Melbourne Storm,Melbourne Storm,Melbourne Storm,Melbourne Storm,Melbourne Storm
2019,Rd 15,7,St. George Illawarra Dragons,NQ Cowboys,22,14,NQ Cowboys,St. George Illawarra Dragons,St. George Illawarra Dragons,St. George Illawarra Dragons,St. George Illawarra Dragons
2019,Rd 15,8,Wests Tigers,South Sydney Rabbitohs,14,9,South Sydney Rabbitohs,South Sydney Rabbitohs,South Sydney Rabbitohs,South Sydney Rabbitohs,Wests Tigers
2019,Rd 16,1,Cronulla Sharks,Brisbane Broncos,22,24,Cronulla Sharks,Cronulla Sharks,Cronulla Sharks,Cronulla Sharks,Brisbane Broncos
2019,Rd 16,2,Newcastle Knights,New Zealand Warriors,20,24,Newcastle Knights,New Zealand Warriors,Newcastle Knights,New Zealand Warriors,New Zealand Warriors
2019,Rd 16,3,Wests Tigers,Sydney Roosters,16,24,Sydney Roosters,Sydney Roosters,Sydney Roosters,Sydney Roosters,Sydney Roosters
2019,Rd 16,4,St. George Illawarra Dragons,Melbourne Storm,14,16,Melbourne Storm,Melbourne Storm,Melbourne Storm,-,Melbourne Storm
2019,Rd 17,1,St. George Illawarra Dragons,Canberra Raiders,14,36,Canberra Raiders,Canberra Raiders,Canberra Raiders,Canberra Raiders,Canberra Raiders
2019,Rd 17,2,Wests Tigers,Parramatta Eels,18,30,Parramatta Eels,Parramatta Eels,Wests Tigers,Wests Tigers,Parramatta Eels
2019,Rd 17,3,Sydney Roosters,NQ Cowboys,12,15,Sydney Roosters,Sydney Roosters,Sydney Roosters,Sydney Roosters,NQ Cowboys
2019,Rd 17,4,Melbourne Storm,Cronulla Sharks,40,16,Melbourne Storm,Melbourne Storm,Melbourne Storm,Melbourne Storm,Melbourne Storm
2019,Rd 17,5,Brisbane Broncos,New Zealand Warriors,18,18,New Zealand Warriors,Brisbane Broncos,Brisbane Broncos,Brisbane Broncos,New Zealand Warriors
2019,Rd 17,6,South Sydney Rabbitohs,Manly Sea Eagles,21,20,South Sydney Rabbitohs,South Sydney Rabbitohs,South Sydney Rabbitohs,South Sydney Rabbitohs,South Sydney Rabbitohs
2019,Rd 17,7,Newcastle Knights,Canterbury Bulldogs,14,20,Newcastle Knights,Newcastle Knights,Newcastle Knights,Newcastle Knights,Canterbury Bulldogs
2019,Rd 17,8,Penrith Panthers,Gold Coast Titans,24,2,Penrith Panthers,Penrith Panthers,Penrith Panthers,Penrith Panthers,Penrith Panthers
2019,Rd 18,1,Manly Sea Eagles,Parramatta Eels,36,24,Manly Sea Eagles,Manly Sea Eagles,Manly Sea Eagles,Manly Sea Eagles,Manly Sea Eagles
2019,Rd 18,2,Gold Coast Titans,Melbourne Storm,18,38,Melbourne Storm,Melbourne Storm,Melbourne Storm,Melbourne Storm,Melbourne Storm
2019,Rd 18,3,NQ Cowboys,South Sydney Rabbitohs,18,30,South Sydney Rabbitohs,South Sydney Rabbitohs,South Sydney Rabbitohs,South Sydney Rabbitohs,South Sydney Rabbitohs
2019,Rd 18,4,Canberra Raiders,Wests Tigers,20,12,Canberra Raiders,Canberra Raiders,Canberra Raiders,Canberra Raiders,Canberra Raiders
2019,Rd 18,5,Sydney Roosters,Newcastle Knights,48,10,Sydney Roosters,Sydney Roosters,Sydney Roosters,Sydney Roosters,Sydney Roosters
2019,Rd 18,6,Penrith Panthers,St. George Illawarra Dragons,40,18,Penrith Panthers,Penrith Panthers,Penrith Panthers,Penrith Panthers,Penrith Panthers
2019,Rd 18,7,New Zealand Warriors,Cronulla Sharks,19,18,Cronulla Sharks,Cronulla Sharks,Cronulla Sharks,Cronulla Sharks,New Zealand Warriors
2019,Rd 18,8,Brisbane Broncos,Canterbury Bulldogs,28,6,Brisbane Broncos,Brisbane Broncos,Brisbane Broncos,Brisbane Broncos,Brisbane Broncos
2019,Rd 19,1,Penrith Panthers,Canberra Raiders,18,30,Canberra Raiders,Canberra Raiders,Canberra Raiders,Penrith Panthers,Canberra Raiders
2019,Rd 19,2,Canterbury Bulldogs,Sydney Roosters,12,20,Sydney Roosters,Sydney Roosters,Sydney Roosters,Sydney Roosters,Sydney Roosters
2019,Rd 19,3,Melbourne Storm,Manly Sea Eagles,10,11,Melbourne Storm,Melbourne Storm,Melbourne Storm,Melbourne Storm,Manly Sea Eagles
2019,Rd 19,4,Gold Coast Titans,Brisbane Broncos,12,34,Brisbane Broncos,Brisbane Broncos,Brisbane Broncos,Brisbane Broncos,Brisbane Broncos
2019,Rd 19,5,Parramatta Eels,New Zealand Warriors,24,22,Parramatta Eels,Parramatta Eels,Parramatta Eels,Parramatta Eels,Parramatta Eels
2019,Rd 19,6,South Sydney Rabbitohs,St. George Illawarra Dragons,20,16,South Sydney Rabbitohs,South Sydney Rabbitohs,South Sydney Rabbitohs,South Sydney Rabbitohs,South Sydney Rabbitohs
2019,Rd 19,7,Newcastle Knights,Wests Tigers,26,28,Newcastle Knights,Newcastle Knights,Newcastle Knights,Newcastle Knights,Wests Tigers
2019,Rd 19,8,Cronulla Sharks,NQ Cowboys,16,14,Cronulla Sharks,Cronulla Sharks,Cronulla Sharks,Cronulla Sharks,Cronulla Sharks
2019,Rd 20,1,St. George Illawarra Dragons,Parramatta Eels,4,12,Parramatta Eels,St. George Illawarra Dragons,St. George Illawarra Dragons,St. George Illawarra Dragons,Parramatta Eels
2019,Rd 20,2,Sydney Roosters,Gold Coast Titans,58,6,Sydney Roosters,Sydney Roosters,Sydney Roosters,Sydney Roosters,Sydney Roosters
2019,Rd 20,3,Cronulla Sharks,South Sydney Rabbitohs,39,24,South Sydney Rabbitohs,South Sydney Rabbitohs,South Sydney Rabbitohs,Cronulla Sharks,Cronulla Sharks
2019,Rd 20,4,Canterbury Bulldogs,Penrith Panthers,16,8,Penrith Panthers,Penrith Panthers,Penrith Panthers,Penrith Panthers,Canterbury Bulldogs
2019,Rd 20,5,Manly Sea Eagles,Newcastle Knights,30,6,Manly Sea Eagles,Manly Sea Eagles,Manly Sea Eagles,Manly Sea Eagles,Manly Sea Eagles
2019,Rd 20,6,Brisbane Broncos,Melbourne Storm,4,40,Melbourne Storm,Melbourne Storm,Melbourne Storm,Brisbane Broncos,Melbourne Storm
2019,Rd 20,7,New Zealand Warriors,Canberra Raiders,12,46,Canberra Raiders,Canberra Raiders,Canberra Raiders,Canberra Raiders,Canberra Raiders
2019,Rd 20,8,Wests Tigers,NQ Cowboys,28,4,Wests Tigers,Wests Tigers,Wests Tigers,Wests Tigers,Wests Tigers
2019,Rd 21,1,South Sydney Rabbitohs,Melbourne Storm,16,26,Melbourne Storm,Melbourne Storm,Melbourne Storm,Melbourne Storm,Melbourne Storm
2019,Rd 21,2,Canberra Raiders,Sydney Roosters,18,22,Sydney Roosters,Sydney Roosters,Canberra Raiders,Sydney Roosters,Sydney Roosters
2019,Rd 21,3,Canterbury Bulldogs,Wests Tigers,18,16,Wests Tigers,Wests Tigers,Wests Tigers,Canterbury Bulldogs,Canterbury Bulldogs
2019,Rd 21,4,Parramatta Eels,Newcastle Knights,20,14,Parramatta Eels,Parramatta Eels,Parramatta Eels,Parramatta Eels,Parramatta Eels
2019,Rd 21,5,St. George Illawarra Dragons,Gold Coast Titans,40,28,St. George Illawarra Dragons,St. George Illawarra Dragons,St. George Illawarra Dragons,St. George Illawarra Dragons,St. George Illawarra Dragons
2019,Rd 21,6,Penrith Panthers,Cronulla Sharks,26,20,Cronulla Sharks,Cronulla Sharks,Cronulla Sharks,Cronulla Sharks,Penrith Panthers
2019,Rd 21,7,New Zealand Warriors,Manly Sea Eagles,24,16,Manly Sea Eagles,Manly Sea Eagles,New Zealand Warriors,Manly Sea Eagles,New Zealand Warriors
2019,Rd 21,8,NQ Cowboys,Brisbane Broncos,14,18,Brisbane Broncos,NQ Cowboys,Brisbane Broncos,-,Brisbane Broncos
2019,Rd 22,1,Cronulla Sharks,St. George Illawarra Dragons,18,12,Cronulla Sharks,Cronulla Sharks,Cronulla Sharks,Cronulla Sharks,Cronulla Sharks
2019,Rd 22,2,Sydney Roosters,New Zealand Warriors,42,6,Sydney Roosters,Sydney Roosters,Sydney Roosters,Sydney Roosters,Sydney Roosters
2019,Rd 22,3,South Sydney Rabbitohs,Canterbury Bulldogs,6,14,South Sydney Rabbitohs,South Sydney Rabbitohs,South Sydney Rabbitohs,South Sydney Rabbitohs,Canterbury Bulldogs
2019,Rd 22,4,Melbourne Storm,Canberra Raiders,18,22,Melbourne Storm,Melbourne Storm,Melbourne Storm,Melbourne Storm,Canberra Raiders
2019,Rd 22,5,Newcastle Knights,NQ Cowboys,42,6,Newcastle Knights,Newcastle Knights,Newcastle Knights,Newcastle Knights,Newcastle Knights
2019,Rd 22,6,Brisbane Broncos,Penrith Panthers,24,12,Penrith Panthers,Brisbane Broncos,Brisbane Broncos,Brisbane Broncos,Brisbane Broncos
2019,Rd 22,7,Gold Coast Titans,Parramatta Eels,12,36,Parramatta Eels,Parramatta Eels,Parramatta Eels,Parramatta Eels,Parramatta Eels
2019,Rd 22,8,Manly Sea Eagles,Wests Tigers,32,12,Manly Sea Eagles,Manly Sea Eagles,Manly Sea Eagles,Manly Sea Eagles,Manly Sea Eagles
2019,Rd 23,1,Canberra Raiders,Manly Sea Eagles,14,18,Canberra Raiders,Canberra Raiders,Canberra Raiders,Canberra Raiders,Manly Sea Eagles
2019,Rd 23,2,Melbourne Storm,Gold Coast Titans,24,8,Melbourne Storm,Melbourne Storm,Melbourne Storm,Melbourne Storm,Melbourne Storm
2019,Rd 23,3,St. George Illawarra Dragons,Sydney Roosters,12,34,Sydney Roosters,Sydney Roosters,Sydney Roosters,Sydney Roosters,Sydney Roosters
2019,Rd 23,4,Wests Tigers,Newcastle Knights,46,4,Newcastle Knights,Newcastle Knights,Wests Tigers,Wests Tigers,Wests Tigers
2019,Rd 23,5,Cronulla Sharks,New Zealand Warriors,42,16,Cronulla Sharks,Cronulla Sharks,Cronulla Sharks,Cronulla Sharks,Cronulla Sharks
2019,Rd 23,6,Brisbane Broncos,South Sydney Rabbitohs,20,22,South Sydney Rabbitohs,South Sydney Rabbitohs,Brisbane Broncos,Brisbane Broncos,South Sydney Rabbitohs
2019,Rd 23,7,NQ Cowboys,Penrith Panthers,24,10,Penrith Panthers,Penrith Panthers,Penrith Panthers,Penrith Panthers,NQ Cowboys
2019,Rd 23,8,Parramatta Eels,Canterbury Bulldogs,6,12,Parramatta Eels,Parramatta Eels,Parramatta Eels,Parramatta Eels,Canterbury Bulldogs
2019,Rd 24,1,St. George Illawarra Dragons,Wests Tigers,14,42,Wests Tigers,Wests Tigers,St. George Illawarra Dragons,St. George Illawarra Dragons,Wests Tigers
2019,Rd 24,2,Cronulla Sharks,Canberra Raiders,14,15,Canberra Raiders,Canberra Raiders,Cronulla Sharks,Cronulla Sharks,Canberra Raiders
2019,Rd 24,3,Sydney Roosters,Penrith Panthers,22,6,Sydney Roosters,Sydney Roosters,Sydney Roosters,Sydney Roosters,Sydney Roosters
2019,Rd 24,4,Manly Sea Eagles,Melbourne Storm,6,36,Melbourne Storm,Melbourne Storm,Melbourne Storm,Melbourne Storm,Melbourne Storm
2019,Rd 24,5,Newcastle Knights,Gold Coast Titans,38,4,Newcastle Knights,Newcastle Knights,Newcastle Knights,Newcastle Knights,Newcastle Knights
2019,Rd 24,6,Brisbane Broncos,Parramatta Eels,17,16,Parramatta Eels,Brisbane Broncos,Brisbane Broncos,Brisbane Broncos,Brisbane Broncos
2019,Rd 24,7,New Zealand Warriors,South Sydney Rabbitohs,10,31,South Sydney Rabbitohs,South Sydney Rabbitohs,South Sydney Rabbitohs,South Sydney Rabbitohs,South Sydney Rabbitohs
2019,Rd 24,8,NQ Cowboys,Canterbury Bulldogs,15,8,Canterbury Bulldogs,NQ Cowboys,NQ Cowboys,NQ Cowboys,NQ Cowboys
2019,Rd 25,1,Penrith Panthers,Newcastle Knights,54,10,Newcastle Knights,Penrith Panthers,Penrith Panthers,Penrith Panthers,Penrith Panthers
2019,Rd 25,2,Wests Tigers,Cronulla Sharks,8,25,Cronulla Sharks,Cronulla Sharks,Cronulla Sharks,Cronulla Sharks,Cronulla Sharks
2019,Rd 25,3,Gold Coast Titans,St. George Illawarra Dragons,16,24,St. George Illawarra Dragons,St. George Illawarra Dragons,St. George Illawarra Dragons,St. George Illawarra Dragons,St. George Illawarra Dragons
2019,Rd 25,4,Canterbury Bulldogs,Brisbane Broncos,30,14,Brisbane Broncos,Brisbane Broncos,Brisbane Broncos,Brisbane Broncos,Canterbury Bulldogs
2019,Rd 25,5,Canberra Raiders,New Zealand Warriors,20,24,Canberra Raiders,Canberra Raiders,Canberra Raiders,Canberra Raiders,New Zealand Warriors
2019,Rd 25,6,Melbourne Storm,NQ Cowboys,24,16,Melbourne Storm,Melbourne Storm,Melbourne Storm,Melbourne Storm,Melbourne Storm
2019,Rd 25,7,Parramatta Eels,Manly Sea Eagles,32,16,Manly Sea Eagles,Parramatta Eels,Parramatta Eels,Parramatta Eels,Parramatta Eels
2019,Rd 25,8,South Sydney Rabbitohs,Sydney Roosters,16,10,Sydney Roosters,Sydney Roosters,Sydney Roosters,Sydney Roosters,South Sydney Rabbitohs
2019,Prelim,1,Sydney Roosters,South Sydney Rabbitohs,30,6,Sydney Roosters,South Sydney Rabbitohs,Sydney Roosters,0,Sydney Roosters
2019,Prelim,2,Melbourne Storm,Canberra Raiders,10,12,Melbourne Storm,Canberra Raiders,Melbourne Storm,Melbourne Storm,Canberra Raiders
2019,Prelim,3,Manly Sea Eagles,Cronulla Sharks,28,16,Manly Sea Eagles,Cronulla Sharks,Cronulla Sharks,Cronulla Sharks,Manly Sea Eagles
2019,Prelim,4,Parramatta Eels,Brisbane Broncos,58,0,Parramatta Eels,Brisbane Broncos,Parramatta Eels,Parramatta Eels,Parramatta Eels
2019,Qual,5,South Sydney Rabbitohs,Manly Sea Eagles,34,26,South Sydney Rabbitohs,Manly Sea Eagles,South Sydney Rabbitohs,South Sydney Rabbitohs,South Sydney Rabbitohs
2019,Qual,6,Melbourne Storm,Parramatta Eels,32,0,Melbourne Storm,Parramatta Eels,Melbourne Storm,Melbourne Storm,Melbourne Storm
2019,Semi,7,Canberra Raiders,South Sydney Rabbitohs,16,10,Canberra Raiders,South Sydney Rabbitohs,Canberra Raiders,Canberra Raiders,Canberra Raiders
2019,Semi,8,Sydney Roosters,Melbourne Storm,14,6,Melbourne Storm,Melbourne Storm,Melbourne Storm,Melbourne Storm,Sydney Roosters
2020,Rd 1,1,Parramatta Eels,Canterbury Bulldogs,8,2,Canterbury Bulldogs,Canterbury Bulldogs,Parramatta Eels,Parramatta Eels,Parramatta Eels
2020,Rd 1,2,Canberra Raiders,Gold Coast Titans,24,6,Canberra Raiders,Gold Coast Titans,Canberra Raiders,Canberra Raiders,Canberra Raiders
2020,Rd 1,3,NQ Cowboys,Brisbane Broncos,21,28,NQ Cowboys,Brisbane Broncos,NQ Cowboys,NQ Cowboys,Brisbane Broncos
2020,Rd 1,4,Newcastle Knights,New Zealand Warriors,20,0,Newcastle Knights,New Zealand Warriors,Newcastle Knights,Newcastle Knights,Newcastle Knights
2020,Rd 1,5,South Sydney Rabbitohs,Cronulla Sharks,22,18,South Sydney Rabbitohs,Cronulla Sharks,South Sydney Rabbitohs,South Sydney Rabbitohs,South Sydney Rabbitohs
2020,Rd 1,6,Penrith Panthers,Sydney Roosters,20,14,Penrith Panthers,Sydney Roosters,Sydney Roosters,Sydney Roosters,Penrith Panthers
2020,Rd 1,7,Manly Sea Eagles,Melbourne Storm,4,18,Manly Sea Eagles,Melbourne Storm,Melbourne Storm,Melbourne Storm,Melbourne Storm
2020,Rd 1,8,St. George Illawarra Dragons,Wests Tigers,14,24,St. George Illawarra Dragons,Wests Tigers,St. George Illawarra Dragons,St. George Illawarra Dragons,Wests Tigers
2020,Rd 2,1,Canterbury Bulldogs,NQ Cowboys,16,24,Canterbury Bulldogs,NQ Cowboys,Canterbury Bulldogs,Canterbury Bulldogs,NQ Cowboys
2020,Rd 2,2,St. George Illawarra Dragons,Penrith Panthers,28,32,Penrith Panthers,Penrith Panthers,St. George Illawarra Dragons,St. George Illawarra Dragons,Penrith Panthers
2020,Rd 2,3,Brisbane Broncos,South Sydney Rabbitohs,22,18,Brisbane Broncos,South Sydney Rabbitohs,Brisbane Broncos,Brisbane Broncos,Brisbane Broncos
2020,Rd 2,4,New Zealand Warriors,Canberra Raiders,6,20,Canberra Raiders,Canberra Raiders,Canberra Raiders,Canberra Raiders,Canberra Raiders
2020,Rd 2,5,Sydney Roosters,Manly Sea Eagles,8,9,Sydney Roosters,Sydney Roosters,Sydney Roosters,Sydney Roosters,Manly Sea Eagles
2020,Rd 2,6,Cronulla Sharks,Melbourne Storm,10,12,Melbourne Storm,Melbourne Storm,Melbourne Storm,Melbourne Storm,Melbourne Storm
2020,Rd 2,7,Wests Tigers,Newcastle Knights,24,42,Newcastle Knights,Wests Tigers,Wests Tigers,Wests Tigers,Newcastle Knights
2020,Rd 2,8,Gold Coast Titans,Parramatta Eels,6,46,Parramatta Eels,Parramatta Eels,Parramatta Eels,Parramatta Eels,Parramatta Eels
2020,Rd 3,1,Brisbane Broncos,Parramatta Eels,6,34,Parramatta Eels,Brisbane Broncos,Brisbane Broncos,Brisbane Broncos,Parramatta Eels
2020,Rd 3,2,NQ Cowboys,Gold Coast Titans,36,6,NQ Cowboys,NQ Cowboys,NQ Cowboys,NQ Cowboys,NQ Cowboys
2020,Rd 3,3,Sydney Roosters,South Sydney Rabbitohs,28,12,South Sydney Rabbitohs,Sydney Roosters,Sydney Roosters,Sydney Roosters,Sydney Roosters
2020,Rd 3,4,New Zealand Warriors,St. George Illawarra Dragons,18,0,St. George Illawarra Dragons,St. George Illawarra Dragons,New Zealand Warriors,St. George Illawarra Dragons,New Zealand Warriors
2020,Rd 3,5,Cronulla Sharks,Wests Tigers,16,28,Wests Tigers,Cronulla Sharks,Cronulla Sharks,Cronulla Sharks,Wests Tigers
2020,Rd 3,6,Melbourne Storm,Canberra Raiders,6,22,Canberra Raiders,Melbourne Storm,Melbourne Storm,Melbourne Storm,Canberra Raiders
2020,Rd 3,7,Penrith Panthers,Newcastle Knights,14,14,Newcastle Knights,Penrith Panthers,Penrith Panthers,Penrith Panthers,Newcastle Knights
2020,Rd 3,8,Manly Sea Eagles,Canterbury Bulldogs,32,6,Manly Sea Eagles,Manly Sea Eagles,Manly Sea Eagles,Manly Sea Eagles,Manly Sea Eagles
2020,Rd 4,1,Brisbane Broncos,Sydney Roosters,0,59,Brisbane Broncos,Sydney Roosters,Sydney Roosters,Brisbane Broncos,Sydney Roosters
2020,Rd 4,2,Penrith Panthers,New Zealand Warriors,26,0,Penrith Panthers,Penrith Panthers,Penrith Panthers,Penrith Panthers,Penrith Panthers
2020,Rd 4,3,Melbourne Storm,South Sydney Rabbitohs,22,8,Melbourne Storm,Melbourne Storm,Melbourne Storm,Melbourne Storm,Melbourne Storm
2020,Rd 4,4,Parramatta Eels,Manly Sea Eagles,19,16,Parramatta Eels,Parramatta Eels,Parramatta Eels,Parramatta Eels,Parramatta Eels
2020,Rd 4,5,NQ Cowboys,Cronulla Sharks,16,26,NQ Cowboys,NQ Cowboys,NQ Cowboys,NQ Cowboys,Cronulla Sharks
2020,Rd 4,6,Canberra Raiders,Newcastle Knights,18,34,Canberra Raiders,Canberra Raiders,Canberra Raiders,Canberra Raiders,Newcastle Knights
2020,Rd 4,7,Gold Coast Titans,Wests Tigers,28,23,Wests Tigers,Wests Tigers,Wests Tigers,Wests Tigers,Gold Coast Titans
2020,Rd 4,8,Canterbury Bulldogs,St. George Illawarra Dragons,22,2,St. George Illawarra Dragons,St. George Illawarra Dragons,Canterbury Bulldogs,St. George Illawarra Dragons,Canterbury Bulldogs
2020,Rd 5,1,Manly Sea Eagles,Brisbane Broncos,20,18,Manly Sea Eagles,Manly Sea Eagles,Manly Sea Eagles,Brisbane Broncos,Manly Sea Eagles
2020,Rd 5,2,New Zealand Warriors,NQ Cowboys,37,26,NQ Cowboys,NQ Cowboys,New Zealand Warriors,NQ Cowboys,New Zealand Warriors
2020,Rd 5,3,Parramatta Eels,Penrith Panthers,16,10,Parramatta Eels,Parramatta Eels,Parramatta Eels,Parramatta Eels,Parramatta Eels
2020,Rd 5,4,South Sydney Rabbitohs,Gold Coast Titans,32,12,South Sydney Rabbitohs,South Sydney Rabbitohs,South Sydney Rabbitohs,South Sydney Rabbitohs,South Sydney Rabbitohs
2020,Rd 5,5,Newcastle Knights,Melbourne Storm,12,26,Newcastle Knights,Melbourne Storm,Melbourne Storm,Melbourne Storm,Melbourne Storm
2020,Rd 5,6,Wests Tigers,Canberra Raiders,6,14,Canberra Raiders,Canberra Raiders,Canberra Raiders,Canberra Raiders,Canberra Raiders
2020,Rd 5,7,Canterbury Bulldogs,Sydney Roosters,6,42,Sydney Roosters,Sydney Roosters,Sydney Roosters,Sydney Roosters,Sydney Roosters
2020,Rd 5,8,St. George Illawarra Dragons,Cronulla Sharks,30,16,Cronulla Sharks,Cronulla Sharks,Cronulla Sharks,Cronulla Sharks,St. George Illawarra Dragons
2020,Rd 6,1,Newcastle Knights,Brisbane Broncos,27,6,Newcastle Knights,Newcastle Knights,Newcastle Knights,Brisbane Broncos,Newcastle Knights
2020,Rd 6,2,South Sydney Rabbitohs,New Zealand Warriors,40,12,South Sydney Rabbitohs,South Sydney Rabbitohs,South Sydney Rabbitohs,South Sydney Rabbitohs,South Sydney Rabbitohs
2020,Rd 6,3,Penrith Panthers,Melbourne Storm,21,14,Melbourne Storm,Melbourne Storm,Melbourne Storm,Melbourne Storm,Penrith Panthers
2020,Rd 6,4,Gold Coast Titans,St. George Illawarra Dragons,8,20,St. George Illawarra Dragons,St. George Illawarra Dragons,St. George Illawarra Dragons,St. George Illawarra Dragons,St. George Illawarra Dragons
2020,Rd 6,5,Wests Tigers,NQ Cowboys,36,20,NQ Cowboys,Wests Tigers,Wests Tigers,Wests Tigers,Wests Tigers
2020,Rd 6,6,Sydney Roosters,Parramatta Eels,24,10,Parramatta Eels,Sydney Roosters,Sydney Roosters,Sydney Roosters,Sydney Roosters
2020,Rd 6,7,Canberra Raiders,Manly Sea Eagles,6,14,Canberra Raiders,Canberra Raiders,Canberra Raiders,Canberra Raiders,Manly Sea Eagles
2020,Rd 6,8,Cronulla Sharks,Canterbury Bulldogs,20,18,Cronulla Sharks,Cronulla Sharks,Cronulla Sharks,Cronulla Sharks,Cronulla Sharks
2020,Rd 7,1,Penrith Panthers,South Sydney Rabbitohs,20,12,Penrith Panthers,Penrith Panthers,Penrith Panthers,Penrith Panthers,Penrith Panthers
2020,Rd 7,2,Melbourne Storm,New Zealand Warriors,50,6,Melbourne Storm,Melbourne Storm,Melbourne Storm,Melbourne Storm,Melbourne Storm
2020,Rd 7,3,Sydney Roosters,St. George Illawarra Dragons,26,12,Sydney Roosters,Sydney Roosters,Sydney Roosters,Sydney Roosters,Sydney Roosters
2020,Rd 7,4,NQ Cowboys,Newcastle Knights,32,20,Newcastle Knights,Newcastle Knights,Newcastle Knights,Newcastle Knights,NQ Cowboys
2020,Rd 7,5,Brisbane Broncos,Gold Coast Titans,12,30,Brisbane Broncos,Brisbane Broncos,Brisbane Broncos,Brisbane Broncos,Gold Coast Titans
2020,Rd 7,6,Parramatta Eels,Canberra Raiders,25,24,Parramatta Eels,Parramatta Eels,Parramatta Eels,Parramatta Eels,Parramatta Eels
2020,Rd 7,7,Manly Sea Eagles,Cronulla Sharks,22,40,Manly Sea Eagles,Manly Sea Eagles,Manly Sea Eagles,Manly Sea Eagles,Cronulla Sharks
2020,Rd 7,8,Canterbury Bulldogs,Wests Tigers,6,34,Wests Tigers,Wests Tigers,Wests Tigers,Wests Tigers,Wests Tigers
2020,Rd 8,1,Melbourne Storm,Sydney Roosters,27,25,Sydney Roosters,Sydney Roosters,Melbourne Storm,Melbourne Storm,Melbourne Storm
2020,Rd 8,2,Canberra Raiders,St. George Illawarra Dragons,22,16,Canberra Raiders,Canberra Raiders,Canberra Raiders,Canberra Raiders,Canberra Raiders
2020,Rd 8,3,Parramatta Eels,NQ Cowboys,42,4,Parramatta Eels,Parramatta Eels,Parramatta Eels,Parramatta Eels,Parramatta Eels
2020,Rd 8,4,Gold Coast Titans,Cronulla Sharks,10,40,Cronulla Sharks,Cronulla Sharks,Cronulla Sharks,Cronulla Sharks,Cronulla Sharks
2020,Rd 8,5,New Zealand Warriors,Brisbane Broncos,26,16,New Zealand Warriors,Brisbane Broncos,New Zealand Warriors,Brisbane Broncos,New Zealand Warriors
2020,Rd 8,6,Wests Tigers,Penrith Panthers,12,19,Penrith Panthers,Penrith Panthers,Wests Tigers,Wests Tigers,Penrith Panthers
2020,Rd 8,7,Manly Sea Eagles,Newcastle Knights,12,14,Newcastle Knights,Newcastle Knights,Manly Sea Eagles,Manly Sea Eagles,Newcastle Knights
2020,Rd 8,8,Canterbury Bulldogs,South Sydney Rabbitohs,10,26,South Sydney Rabbitohs,South Sydney Rabbitohs,South Sydney Rabbitohs,South Sydney Rabbitohs,South Sydney Rabbitohs
2020,Rd 9,1,NQ Cowboys,Sydney Roosters,16,42,Sydney Roosters,Sydney Roosters,Sydney Roosters,Sydney Roosters,Sydney Roosters
2020,Rd 9,2,Gold Coast Titans,New Zealand Warriors,16,12,New Zealand Warriors,New Zealand Warriors,New Zealand Warriors,New Zealand Warriors,Gold Coast Titans
2020,Rd 9,3,South Sydney Rabbitohs,Wests Tigers,18,10,Wests Tigers,South Sydney Rabbitohs,South Sydney Rabbitohs,South Sydney Rabbitohs,South Sydney Rabbitohs
2020,Rd 9,4,Cronulla Sharks,Penrith Panthers,24,56,Penrith Panthers,Penrith Panthers,Cronulla Sharks,Cronulla Sharks,Penrith Panthers
2020,Rd 9,5,Brisbane Broncos,Canterbury Bulldogs,26,8,Brisbane Broncos,Brisbane Broncos,Brisbane Broncos,Brisbane Broncos,Brisbane Broncos
2020,Rd 9,6,Canberra Raiders,Melbourne Storm,14,20,Melbourne Storm,Canberra Raiders,Melbourne Storm,Melbourne Storm,Melbourne Storm
2020,Rd 9,7,Newcastle Knights,Parramatta Eels,4,10,Parramatta Eels,Parramatta Eels,Parramatta Eels,Parramatta Eels,Parramatta Eels
2020,Rd 9,8,St. George Illawarra Dragons,Manly Sea Eagles,34,4,Manly Sea Eagles,Manly Sea Eagles,Manly Sea Eagles,Manly Sea Eagles,St. George Illawarra Dragons
2020,Rd 10,1,Sydney Roosters,Canberra Raiders,20,24,Sydney Roosters,Sydney Roosters,Sydney Roosters,Sydney Roosters,Canberra Raiders
2020,Rd 10,2,Melbourne Storm,Gold Coast Titans,42,6,Melbourne Storm,Melbourne Storm,Melbourne Storm,Melbourne Storm,Melbourne Storm
2020,Rd 10,3,Wests Tigers,Brisbane Broncos,48,0,Wests Tigers,Wests Tigers,Wests Tigers,Wests Tigers,Wests Tigers
2020,Rd 10,4,St. George Illawarra Dragons,Canterbury Bulldogs,28,22,St. George Illawarra Dragons,St. George Illawarra Dragons,St. George Illawarra Dragons,St. George Illawarra Dragons,St. George Illawarra Dragons
2020,Rd 10,5,South Sydney Rabbitohs,Newcastle Knights,18,20,Newcastle Knights,South Sydney Rabbitohs,South Sydney Rabbitohs,South Sydney Rabbitohs,Newcastle Knights
2020,Rd 10,6,Manly Sea Eagles,Parramatta Eels,22,18,Parramatta Eels,Parramatta Eels,Parramatta Eels,Parramatta Eels,Manly Sea Eagles
2020,Rd 10,7,New Zealand Warriors,Cronulla Sharks,10,46,Cronulla Sharks,Cronulla Sharks,Cronulla Sharks,Cronulla Sharks,Cronulla Sharks
2020,Rd 10,8,Penrith Panthers,NQ Cowboys,22,10,Penrith Panthers,Penrith Panthers,Penrith Panthers,Penrith Panthers,Penrith Panthers
2020,Rd 11,1,Parramatta Eels,Wests Tigers,36,16,Parramatta Eels,Parramatta Eels,Parramatta Eels,Parramatta Eels,Parramatta Eels
2020,Rd 11,2,NQ Cowboys,Manly Sea Eagles,12,24,Manly Sea Eagles,Manly Sea Eagles,Manly Sea Eagles,Manly Sea Eagles,Manly Sea Eagles
2020,Rd 11,3,Brisbane Broncos,Melbourne Storm,8,46,Melbourne Storm,Melbourne Storm,Melbourne Storm,Melbourne Storm,Melbourne Storm
2020,Rd 11,4,New Zealand Warriors,Sydney Roosters,10,18,Sydney Roosters,Sydney Roosters,Sydney Roosters,Sydney Roosters,Sydney Roosters
2020,Rd 11,5,Canberra Raiders,South Sydney Rabbitohs,18,12,Canberra Raiders,Canberra Raiders,Canberra Raiders,Canberra Raiders,Canberra Raiders
2020,Rd 11,6,Cronulla Sharks,St. George Illawarra Dragons,28,24,Cronulla Sharks,Cronulla Sharks,Cronulla Sharks,Cronulla Sharks,Cronulla Sharks
2020,Rd 11,7,Newcastle Knights,Canterbury Bulldogs,12,18,Newcastle Knights,Newcastle Knights,Newcastle Knights,Newcastle Knights,Canterbury Bulldogs
2020,Rd 11,8,Gold Coast Titans,Penrith Panthers,14,22,Penrith Panthers,Penrith Panthers,Penrith Panthers,Penrith Panthers,Penrith Panthers
2020,Rd 12,1,St. George Illawarra Dragons,South Sydney Rabbitohs,24,32,South Sydney Rabbitohs,South Sydney Rabbitohs,South Sydney Rabbitohs,South Sydney Rabbitohs,South Sydney Rabbitohs
2020,Rd 12,2,Wests Tigers,New Zealand Warriors,20,26,Wests Tigers,Wests Tigers,Wests Tigers,Wests Tigers,New Zealand Warriors
2020,Rd 12,3,Brisbane Broncos,Cronulla Sharks,26,36,Cronulla Sharks,Cronulla Sharks,Cronulla Sharks,Cronulla Sharks,Cronulla Sharks
2020,Rd 12,4,Sydney Roosters,Gold Coast Titans,18,12,Sydney Roosters,Sydney Roosters,Sydney Roosters,Sydney Roosters,Sydney Roosters
2020,Rd 12,5,Manly Sea Eagles,Penrith Panthers,12,42,Penrith Panthers,Penrith Panthers,Penrith Panthers,Penrith Panthers,Penrith Panthers
2020,Rd 12,6,NQ Cowboys,Canberra Raiders,12,14,Canberra Raiders,Canberra Raiders,Canberra Raiders,Canberra Raiders,Canberra Raiders
2020,Rd 12,7,Canterbury Bulldogs,Parramatta Eels,16,18,Parramatta Eels,Parramatta Eels,Parramatta Eels,Parramatta Eels,Parramatta Eels
2020,Rd 12,8,Melbourne Storm,Newcastle Knights,26,16,Melbourne Storm,Melbourne Storm,Melbourne Storm,Melbourne Storm,Melbourne Storm
2020,Rd 13,1,St. George Illawarra Dragons,Sydney Roosters,16,24,Sydney Roosters,Sydney Roosters,Sydney Roosters,Sydney Roosters,Sydney Roosters
2020,Rd 13,2,Manly Sea Eagles,New Zealand Warriors,22,26,Manly Sea Eagles,Manly Sea Eagles,Manly Sea Eagles,Manly Sea Eagles,New Zealand Warriors
2020,Rd 13,3,South Sydney Rabbitohs,Brisbane Broncos,28,20,South Sydney Rabbitohs,South Sydney Rabbitohs,South Sydney Rabbitohs,South Sydney Rabbitohs,South Sydney Rabbitohs
2020,Rd 13,4,Melbourne Storm,Canterbury Bulldogs,41,10,Melbourne Storm,Melbourne Storm,Melbourne Storm,Melbourne Storm,Melbourne Storm
2020,Rd 13,5,Newcastle Knights,Wests Tigers,44,4,Newcastle Knights,Newcastle Knights,Newcastle Knights,Newcastle Knights,Newcastle Knights
2020,Rd 13,6,Penrith Panthers,Canberra Raiders,28,12,Penrith Panthers,Penrith Panthers,Penrith Panthers,Penrith Panthers,Penrith Panthers
2020,Rd 13,7,Gold Coast Titans,NQ Cowboys,30,10,NQ Cowboys,NQ Cowboys,NQ Cowboys,NQ Cowboys,Gold Coast Titans
2020,Rd 13,8,Cronulla Sharks,Parramatta Eels,12,14,Parramatta Eels,Parramatta Eels,Cronulla Sharks,Cronulla Sharks,Parramatta Eels
2020,Rd 14,1,Sydney Roosters,Melbourne Storm,6,24,Melbourne Storm,Melbourne Storm,Sydney Roosters,Sydney Roosters,Melbourne Storm
2020,Rd 14,2,New Zealand Warriors,Penrith Panthers,12,18,Penrith Panthers,Penrith Panthers,Penrith Panthers,Penrith Panthers,Penrith Panthers
2020,Rd 14,3,Parramatta Eels,St. George Illawarra Dragons,12,14,Parramatta Eels,St. George Illawarra Dragons,Parramatta Eels,Parramatta Eels,St. George Illawarra Dragons
2020,Rd 14,4,Cronulla Sharks,Gold Coast Titans,30,18,Cronulla Sharks,Gold Coast Titans,Cronulla Sharks,Cronulla Sharks,Cronulla Sharks
2020,Rd 14,5,NQ Cowboys,South Sydney Rabbitohs,30,31,South Sydney Rabbitohs,South Sydney Rabbitohs,South Sydney Rabbitohs,South Sydney Rabbitohs,South Sydney Rabbitohs
2020,Rd 14,6,Canberra Raiders,Brisbane Broncos,36,8,Canberra Raiders,Brisbane Broncos,Canberra Raiders,Canberra Raiders,Canberra Raiders
2020,Rd 14,7,Newcastle Knights,Manly Sea Eagles,26,24,Newcastle Knights,Manly Sea Eagles,Newcastle Knights,Newcastle Knights,Newcastle Knights
2020,Rd 14,8,Wests Tigers,Canterbury Bulldogs,29,28,Wests Tigers,Canterbury Bulldogs,Wests Tigers,Wests Tigers,Wests Tigers
2020,Rd 15,1,Parramatta Eels,Melbourne Storm,14,0,Melbourne Storm,Parramatta Eels,Melbourne Storm,Melbourne Storm,Parramatta Eels
2020,Rd 15,2,Penrith Panthers,Cronulla Sharks,38,12,Penrith Panthers,Penrith Panthers,Penrith Panthers,Penrith Panthers,Penrith Panthers
2020,Rd 15,3,Brisbane Broncos,St. George Illawarra Dragons,24,28,St. George Illawarra Dragons,St. George Illawarra Dragons,Brisbane Broncos,Brisbane Broncos,St. George Illawarra Dragons
2020,Rd 15,4,Gold Coast Titans,Canberra Raiders,16,36,Canberra Raiders,Canberra Raiders,Canberra Raiders,Canberra Raiders,Canberra Raiders
2020,Rd 15,5,Wests Tigers,Sydney Roosters,16,38,Sydney Roosters,Sydney Roosters,Sydney Roosters,Sydney Roosters,Sydney Roosters
2020,Rd 15,6,South Sydney Rabbitohs,Manly Sea Eagles,56,16,South Sydney Rabbitohs,South Sydney Rabbitohs,South Sydney Rabbitohs,South Sydney Rabbitohs,South Sydney Rabbitohs
2020,Rd 15,7,Canterbury Bulldogs,New Zealand Warriors,14,20,New Zealand Warriors,New Zealand Warriors,Canterbury Bulldogs,Canterbury Bulldogs,New Zealand Warriors
2020,Rd 15,8,Newcastle Knights,NQ Cowboys,12,0,Newcastle Knights,Newcastle Knights,Newcastle Knights,Newcastle Knights,Newcastle Knights
2020,Rd 16,1,Parramatta Eels,South Sydney Rabbitohs,0,38,Parramatta Eels,Parramatta Eels,Parramatta Eels,Parramatta Eels,South Sydney Rabbitohs
2020,Rd 16,2,St. George Illawarra Dragons,Gold Coast Titans,10,14,St. George Illawarra Dragons,St. George Illawarra Dragons,St. George Illawarra Dragons,St. George Illawarra Dragons,Gold Coast Titans
2020,Rd 16,3,Sydney Roosters,Brisbane Broncos,58,12,Sydney Roosters,Sydney Roosters,Sydney Roosters,Sydney Roosters,Sydney Roosters
2020,Rd 16,4,New Zealand Warriors,Newcastle Knights,36,6,Newcastle Knights,Newcastle Knights,Newcastle Knights,Newcastle Knights,New Zealand Warriors
2020,Rd 16,5,Penrith Panthers,Wests Tigers,30,6,Penrith Panthers,Penrith Panthers,Penrith Panthers,Penrith Panthers,Penrith Panthers
2020,Rd 16,6,Cronulla Sharks,NQ Cowboys,28,12,Cronulla Sharks,Cronulla Sharks,Cronulla Sharks,Cronulla Sharks,Cronulla Sharks
2020,Rd 16,7,Melbourne Storm,Manly Sea Eagles,30,6,Melbourne Storm,Melbourne Storm,Melbourne Storm,Melbourne Storm,Melbourne Storm
2020,Rd 16,8,Canberra Raiders,Canterbury Bulldogs,34,20,Canberra Raiders,Canberra Raiders,Canberra Raiders,Canberra Raiders,Canberra Raiders
2020,Rd 17,1,Brisbane Broncos,Penrith Panthers,12,25,Penrith Panthers,Penrith Panthers,Penrith Panthers,Penrith Panthers,Penrith Panthers
2020,Rd 17,2,Newcastle Knights,Cronulla Sharks,38,10,Newcastle Knights,Newcastle Knights,Newcastle Knights,Newcastle Knights,Newcastle Knights
2020,Rd 17,3,South Sydney Rabbitohs,Melbourne Storm,16,22,Melbourne Storm,Melbourne Storm,Melbourne Storm,Melbourne Storm,Melbourne Storm
2020,Rd 17,4,NQ Cowboys,St. George Illawarra Dragons,23,22,St. George Illawarra Dragons,St. George Illawarra Dragons,NQ Cowboys,NQ Cowboys,NQ Cowboys
2020,Rd 17,5,Manly Sea Eagles,Wests Tigers,32,34,Wests Tigers,Manly Sea Eagles,Manly Sea Eagles,Manly Sea Eagles,Wests Tigers
2020,Rd 17,6,Canberra Raiders,Sydney Roosters,6,18,Sydney Roosters,Sydney Roosters,Sydney Roosters,Sydney Roosters,Sydney Roosters
2020,Rd 17,7,New Zealand Warriors,Parramatta Eels,18,24,Parramatta Eels,Parramatta Eels,Parramatta Eels,Parramatta Eels,Parramatta Eels
2020,Rd 17,8,Canterbury Bulldogs,Gold Coast Titans,14,18,Gold Coast Titans,Gold Coast Titans,Canterbury Bulldogs,Canterbury Bulldogs,Gold Coast Titans
2020,Rd 18,1,Wests Tigers,South Sydney Rabbitohs,24,26,South Sydney Rabbitohs,South Sydney Rabbitohs,South Sydney Rabbitohs,South Sydney Rabbitohs,South Sydney Rabbitohs
2020,Rd 18,2,Canterbury Bulldogs,Manly Sea Eagles,20,32,Manly Sea Eagles,Manly Sea Eagles,Manly Sea Eagles,Manly Sea Eagles,Manly Sea Eagles
2020,Rd 18,3,Penrith Panthers,Parramatta Eels,20,2,Penrith Panthers,Parramatta Eels,Penrith Panthers,Penrith Panthers,Penrith Panthers
2020,Rd 18,4,St. George Illawarra Dragons,Canberra Raiders,8,37,Canberra Raiders,Canberra Raiders,Canberra Raiders,Canberra Raiders,Canberra Raiders
2020,Rd 18,5,Sydney Roosters,Newcastle Knights,42,12,Sydney Roosters,Newcastle Knights,Sydney Roosters,Sydney Roosters,Sydney Roosters
2020,Rd 18,6,Gold Coast Titans,Brisbane Broncos,18,6,Gold Coast Titans,Brisbane Broncos,Gold Coast Titans,Gold Coast Titans,Gold Coast Titans
2020,Rd 18,7,Cronulla Sharks,New Zealand Warriors,22,14,Cronulla Sharks,New Zealand Warriors,Cronulla Sharks,Cronulla Sharks,Cronulla Sharks
2020,Rd 18,8,Melbourne Storm,NQ Cowboys,36,20,Melbourne Storm,NQ Cowboys,Melbourne Storm,Melbourne Storm,Melbourne Storm
2020,Rd 19,1,South Sydney Rabbitohs,Canterbury Bulldogs,16,26,South Sydney Rabbitohs,Canterbury Bulldogs,South Sydney Rabbitohs,South Sydney Rabbitohs,Canterbury Bulldogs
2020,Rd 19,2,Manly Sea Eagles,Gold Coast Titans,24,42,Manly Sea Eagles,Gold Coast Titans,Manly Sea Eagles,Manly Sea Eagles,Gold Coast Titans
2020,Rd 19,3,Parramatta Eels,Brisbane Broncos,26,12,Parramatta Eels,Brisbane Broncos,Parramatta Eels,Parramatta Eels,Parramatta Eels
2020,Rd 19,4,NQ Cowboys,Penrith Panthers,12,32,Penrith Panthers,Penrith Panthers,Penrith Panthers,Penrith Panthers,Penrith Panthers
2020,Rd 19,5,Melbourne Storm,Wests Tigers,50,22,Melbourne Storm,Wests Tigers,Melbourne Storm,Melbourne Storm,Melbourne Storm
2020,Rd 19,6,Sydney Roosters,Cronulla Sharks,34,18,Sydney Roosters,Cronulla Sharks,Sydney Roosters,Sydney Roosters,Sydney Roosters
2020,Rd 19,7,Canberra Raiders,New Zealand Warriors,26,14,Canberra Raiders,New Zealand Warriors,Canberra Raiders,Canberra Raiders,Canberra Raiders
2020,Rd 19,8,Newcastle Knights,St. George Illawarra Dragons,42,18,Newcastle Knights,St. George Illawarra Dragons,Newcastle Knights,Newcastle Knights,Newcastle Knights
2020,Rd 20,1,Brisbane Broncos,NQ Cowboys,16,32,NQ Cowboys,NQ Cowboys,Brisbane Broncos,Brisbane Broncos,NQ Cowboys
2020,Rd 20,2,Gold Coast Titans,Newcastle Knights,36,6,Newcastle Knights,Newcastle Knights,Newcastle Knights,Newcastle Knights,Gold Coast Titans
2020,Rd 20,3,South Sydney Rabbitohs,Sydney Roosters,60,8,Sydney Roosters,Sydney Roosters,Sydney Roosters,Sydney Roosters,South Sydney Rabbitohs
2020,Rd 20,4,Canterbury Bulldogs,Penrith Panthers,0,42,Penrith Panthers,Penrith Panthers,Penrith Panthers,Penrith Panthers,Penrith Panthers
2020,Rd 20,5,Cronulla Sharks,Canberra Raiders,28,38,Canberra Raiders,Canberra Raiders,Canberra Raiders,Canberra Raiders,Canberra Raiders
2020,Rd 20,6,Wests Tigers,Parramatta Eels,24,28,Parramatta Eels,Parramatta Eels,Parramatta Eels,Parramatta Eels,Parramatta Eels
2020,Rd 20,7,New Zealand Warriors,Manly Sea Eagles,40,28,Manly Sea Eagles,Manly Sea Eagles,New Zealand Warriors,New Zealand Warriors,New Zealand Warriors
2020,Rd 20,8,St. George Illawarra Dragons,Melbourne Storm,30,22,Melbourne Storm,Melbourne Storm,Melbourne Storm,Melbourne Storm,St. George Illawarra Dragons
2020,Prelim,1,Penrith Panthers,Sydney Roosters,29,28,Penrith Panthers,Penrith Panthers,Penrith Panthers,Penrith Panthers,0
2020,Prelim,2,Canberra Raiders,Cronulla Sharks,32,20,Canberra Raiders,Canberra Raiders,Canberra Raiders,Canberra Raiders,0
2020,Prelim,3,Melbourne Storm,Parramatta Eels,36,24,Melbourne Storm,Melbourne Storm,Melbourne Storm,Melbourne Storm,0
2020,Prelim,4,South Sydney Rabbitohs,Newcastle Knights,46,20,South Sydney Rabbitohs,South Sydney Rabbitohs,South Sydney Rabbitohs,South Sydney Rabbitohs,0
2020,Qual,5,Sydney Roosters,Canberra Raiders,18,22,0,0,0,0,0
2020,Qual,6,Parramatta Eels,South Sydney Rabbitohs,24,38,0,0,0,0,0
2020,Semi,7,Melbourne Storm,Canberra Raiders,30,10,0,0,0,0,0
2020,Semi,8,Penrith Panthers,South Sydney Rabbitohs,20,16,0,0,0,0,0
2020,GF,1,Penrith Panthers,Melbourne Storm,20,26,#N/A,#N/A,#N/A,#N/A,#N/A
2021,Rd 1,1,Melbourne Storm,South Sydney Rabbitohs,26,18,Melbourne Storm,Melbourne Storm,Melbourne Storm,Melbourne Storm,Melbourne Storm
2021,Rd 1,2,Newcastle Knights,Canterbury Bulldogs,32,16,Newcastle Knights,Newcastle Knights,Newcastle Knights,Newcastle Knights,Newcastle Knights
2021,Rd 1,3,Brisbane Broncos,Parramatta Eels,16,24,Brisbane Broncos,Parramatta Eels,Parramatta Eels,Parramatta Eels,Parramatta Eels
2021,Rd 1,4,New Zealand Warriors,Gold Coast Titans,19,6,New Zealand Warriors,New Zealand Warriors,New Zealand Warriors,New Zealand Warriors,New Zealand Warriors
2021,Rd 1,5,Sydney Roosters,Manly Sea Eagles,46,4,Sydney Roosters,Sydney Roosters,Sydney Roosters,Sydney Roosters,Sydney Roosters
2021,Rd 1,6,Penrith Panthers,NQ Cowboys,24,0,Penrith Panthers,Penrith Panthers,Penrith Panthers,Penrith Panthers,Penrith Panthers
2021,Rd 1,7,Canberra Raiders,Wests Tigers,30,12,Canberra Raiders,Canberra Raiders,Canberra Raiders,Canberra Raiders,Canberra Raiders
2021,Rd 1,8,St. George Illawarra Dragons,Cronulla Sharks,18,32,St. George Illawarra Dragons,Cronulla Sharks,Cronulla Sharks,Cronulla Sharks,Cronulla Sharks
2021,Rd 2,1,Parramatta Eels,Melbourne Storm,16,12,Melbourne Storm,Melbourne Storm,Melbourne Storm,Melbourne Storm,Parramatta Eels
2021,Rd 2,2,New Zealand Warriors,Newcastle Knights,16,20,Newcastle Knights,New Zealand Warriors,New Zealand Warriors,New Zealand Warriors,Newcastle Knights
2021,Rd 2,3,Gold Coast Titans,Brisbane Broncos,28,16,Brisbane Broncos,Gold Coast Titans,Gold Coast Titans,Gold Coast Titans,Gold Coast Titans
2021,Rd 2,4,Canterbury Bulldogs,Penrith Panthers,0,28,Penrith Panthers,Penrith Panthers,Penrith Panthers,Penrith Panthers,Penrith Panthers
2021,Rd 2,5,Manly Sea Eagles,South Sydney Rabbitohs,12,26,South Sydney Rabbitohs,South Sydney Rabbitohs,South Sydney Rabbitohs,South Sydney Rabbitohs,South Sydney Rabbitohs
2021,Rd 2,6,NQ Cowboys,St. George Illawarra Dragons,18,25,St. George Illawarra Dragons,NQ Cowboys,NQ Cowboys,NQ Cowboys,St. George Illawarra Dragons
2021,Rd 2,7,Wests Tigers,Sydney Roosters,6,40,Sydney Roosters,Sydney Roosters,Sydney Roosters,Sydney Roosters,Sydney Roosters
2021,Rd 2,8,Cronulla Sharks,Canberra Raiders,10,12,Canberra Raiders,Canberra Raiders,Canberra Raiders,Canberra Raiders,Canberra Raiders
2021,Rd 3,1,Penrith Panthers,Melbourne Storm,12,10,Penrith Panthers,Penrith Panthers,Penrith Panthers,Penrith Panthers,Penrith Panthers
2021,Rd 3,2,St. George Illawarra Dragons,Manly Sea Eagles,38,12,St. George Illawarra Dragons,St. George Illawarra Dragons,St. George Illawarra Dragons,St. George Illawarra Dragons,St. George Illawarra Dragons
2021,Rd 3,3,South Sydney Rabbitohs,Sydney Roosters,26,16,Sydney Roosters,Sydney Roosters,Sydney Roosters,Sydney Roosters,South Sydney Rabbitohs
2021,Rd 3,4,Canberra Raiders,New Zealand Warriors,31,34,Canberra Raiders,Canberra Raiders,Canberra Raiders,Canberra Raiders,New Zealand Warriors
2021,Rd 3,5,Brisbane Broncos,Canterbury Bulldogs,24,0,Brisbane Broncos,Brisbane Broncos,Brisbane Broncos,Brisbane Broncos,Brisbane Broncos
2021,Rd 3,6,Parramatta Eels,Cronulla Sharks,28,4,Parramatta Eels,Parramatta Eels,Parramatta Eels,Parramatta Eels,Parramatta Eels
2021,Rd 3,7,Newcastle Knights,Wests Tigers,20,24,Newcastle Knights,Newcastle Knights,Newcastle Knights,Newcastle Knights,Wests Tigers
2021,Rd 3,8,NQ Cowboys,Gold Coast Titans,8,44,Gold Coast Titans,NQ Cowboys,NQ Cowboys,NQ Cowboys,Gold Coast Titans
2021,Rd 4,1,Manly Sea Eagles,Penrith Panthers,6,46,Penrith Panthers,Penrith Panthers,Penrith Panthers,Penrith Panthers,Penrith Panthers
2021,Rd 4,2,Canterbury Bulldogs,South Sydney Rabbitohs,0,38,South Sydney Rabbitohs,South Sydney Rabbitohs,South Sydney Rabbitohs,South Sydney Rabbitohs,South Sydney Rabbitohs
2021,Rd 4,3,Melbourne Storm,Brisbane Broncos,40,6,Brisbane Broncos,Melbourne Storm,Melbourne Storm,Melbourne Storm,Melbourne Storm
2021,Rd 4,4,Cronulla Sharks,NQ Cowboys,48,10,Cronulla Sharks,Cronulla Sharks,Cronulla Sharks,Cronulla Sharks,Cronulla Sharks
2021,Rd 4,5,Gold Coast Titans,Canberra Raiders,4,20,Gold Coast Titans,Canberra Raiders,Canberra Raiders,Canberra Raiders,Canberra Raiders
2021,Rd 4,6,Newcastle Knights,St. George Illawarra Dragons,13,22,St. George Illawarra Dragons,Newcastle Knights,Newcastle Knights,Newcastle Knights,St. George Illawarra Dragons
2021,Rd 4,7,Sydney Roosters,New Zealand Warriors,32,12,Sydney Roosters,Sydney Roosters,Sydney Roosters,Sydney Roosters,Sydney Roosters
2021,Rd 4,8,Wests Tigers,Parramatta Eels,22,36,Parramatta Eels,Parramatta Eels,Parramatta Eels,Parramatta Eels,Parramatta Eels
2021,Rd 5,1,South Sydney Rabbitohs,Brisbane Broncos,35,6,South Sydney Rabbitohs,South Sydney Rabbitohs,South Sydney Rabbitohs,South Sydney Rabbitohs,South Sydney Rabbitohs
2021,Rd 5,2,New Zealand Warriors,Manly Sea Eagles,12,13,New Zealand Warriors,New Zealand Warriors,New Zealand Warriors,New Zealand Warriors,Manly Sea Eagles
2021,Rd 5,3,Penrith Panthers,Canberra Raiders,30,10,Penrith Panthers,Penrith Panthers,Penrith Panthers,Penrith Panthers,Penrith Panthers
2021,Rd 5,4,Gold Coast Titans,Newcastle Knights,42,16,Gold Coast Titans,Newcastle Knights,Newcastle Knights,Newcastle Knights,Gold Coast Titans
2021,Rd 5,5,Canterbury Bulldogs,Melbourne Storm,18,52,Melbourne Storm,Melbourne Storm,Melbourne Storm,Melbourne Storm,Melbourne Storm
2021,Rd 5,6,Sydney Roosters,Cronulla Sharks,26,18,Sydney Roosters,Sydney Roosters,Sydney Roosters,Sydney Roosters,Sydney Roosters
2021,Rd 5,7,Wests Tigers,NQ Cowboys,30,34,Wests Tigers,Wests Tigers,Wests Tigers,Wests Tigers,NQ Cowboys
2021,Rd 5,8,Parramatta Eels,St. George Illawarra Dragons,12,26,Parramatta Eels,Parramatta Eels,Parramatta Eels,Parramatta Eels,St. George Illawarra Dragons
2021,Rd 6,1,Brisbane Broncos,Penrith Panthers,12,20,Penrith Panthers,Penrith Panthers,Penrith Panthers,Penrith Panthers,Penrith Panthers
2021,Rd 6,2,Newcastle Knights,Cronulla Sharks,26,22,Cronulla Sharks,Newcastle Knights,Newcastle Knights,Newcastle Knights,Newcastle Knights
2021,Rd 6,3,Melbourne Storm,Sydney Roosters,20,4,Sydney Roosters,Melbourne Storm,Melbourne Storm,Melbourne Storm,Melbourne Storm
2021,Rd 6,4,Manly Sea Eagles,Gold Coast Titans,36,0,Gold Coast Titans,Manly Sea Eagles,Manly Sea Eagles,Manly Sea Eagles,Manly Sea Eagles
2021,Rd 6,5,South Sydney Rabbitohs,Wests Tigers,18,14,South Sydney Rabbitohs,South Sydney Rabbitohs,South Sydney Rabbitohs,South Sydney Rabbitohs,South Sydney Rabbitohs
2021,Rd 6,6,Canberra Raiders,Parramatta Eels,10,35,Parramatta Eels,Canberra Raiders,Canberra Raiders,Canberra Raiders,Parramatta Eels
2021,Rd 6,7,St. George Illawarra Dragons,New Zealand Warriors,14,20,St. George Illawarra Dragons,St. George Illawarra Dragons,St. George Illawarra Dragons,St. George Illawarra Dragons,New Zealand Warriors
2021,Rd 6,8,NQ Cowboys,Canterbury Bulldogs,30,18,NQ Cowboys,NQ Cowboys,NQ Cowboys,NQ Cowboys,NQ Cowboys
2021,Rd 7,1,Penrith Panthers,Newcastle Knights,24,6,Penrith Panthers,Penrith Panthers,Penrith Panthers,Penrith Panthers,Penrith Panthers
2021,Rd 7,2,Gold Coast Titans,South Sydney Rabbitohs,30,40,South Sydney Rabbitohs,South Sydney Rabbitohs,South Sydney Rabbitohs,South Sydney Rabbitohs,South Sydney Rabbitohs
2021,Rd 7,3,Parramatta Eels,Brisbane Broncos,46,6,Parramatta Eels,Parramatta Eels,Parramatta Eels,Parramatta Eels,Parramatta Eels
2021,Rd 7,4,Cronulla Sharks,Canterbury Bulldogs,12,18,Cronulla Sharks,Cronulla Sharks,Cronulla Sharks,Cronulla Sharks,Canterbury Bulldogs
2021,Rd 7,5,NQ Cowboys,Canberra Raiders,26,24,Canberra Raiders,Canberra Raiders,Canberra Raiders,Canberra Raiders,NQ Cowboys
2021,Rd 7,6,Wests Tigers,Manly Sea Eagles,6,40,Manly Sea Eagles,Wests Tigers,Wests Tigers,Wests Tigers,Manly Sea Eagles
2021,Rd 7,7,Sydney Roosters,St. George Illawarra Dragons,34,10,Sydney Roosters,Sydney Roosters,Sydney Roosters,Sydney Roosters,Sydney Roosters
2021,Rd 7,8,Melbourne Storm,New Zealand Warriors,42,20,Melbourne Storm,Melbourne Storm,Melbourne Storm,Melbourne Storm,Melbourne Storm
2021,Rd 8,1,Canberra Raiders,South Sydney Rabbitohs,20,34,South Sydney Rabbitohs,South Sydney Rabbitohs,South Sydney Rabbitohs,South Sydney Rabbitohs,South Sydney Rabbitohs
2021,Rd 8,2,Melbourne Storm,Cronulla Sharks,40,14,Melbourne Storm,Melbourne Storm,Melbourne Storm,Melbourne Storm,Melbourne Storm
2021,Rd 8,3,Brisbane Broncos,Gold Coast Titans,36,28,Gold Coast Titans,Brisbane Broncos,Brisbane Broncos,Brisbane Broncos,Brisbane Broncos
2021,Rd 8,4,Penrith Panthers,Manly Sea Eagles,28,16,Penrith Panthers,Penrith Panthers,Penrith Panthers,Penrith Panthers,Penrith Panthers
2021,Rd 8,5,Canterbury Bulldogs,Parramatta Eels,10,32,Parramatta Eels,Parramatta Eels,Parramatta Eels,Parramatta Eels,Parramatta Eels
2021,Rd 8,6,Newcastle Knights,Sydney Roosters,4,38,Sydney Roosters,Sydney Roosters,Sydney Roosters,Sydney Roosters,Sydney Roosters
2021,Rd 8,7,New Zealand Warriors,NQ Cowboys,24,20,New Zealand Warriors,New Zealand Warriors,New Zealand Warriors,New Zealand Warriors,New Zealand Warriors
2021,Rd 8,8,St. George Illawarra Dragons,Wests Tigers,8,16,St. George Illawarra Dragons,St. George Illawarra Dragons,St. George Illawarra Dragons,St. George Illawarra Dragons,Wests Tigers
2021,Rd 9,1,South Sydney Rabbitohs,Melbourne Storm,0,50,South Sydney Rabbitohs,South Sydney Rabbitohs,South Sydney Rabbitohs,South Sydney Rabbitohs,Melbourne Storm
2021,Rd 9,2,Penrith Panthers,Cronulla Sharks,48,0,Penrith Panthers,Penrith Panthers,Penrith Panthers,Penrith Panthers,Penrith Panthers
2021,Rd 9,3,Parramatta Eels,Sydney Roosters,31,18,Parramatta Eels,Parramatta Eels,Parramatta Eels,Parramatta Eels,Parramatta Eels
2021,Rd 9,4,Canberra Raiders,Newcastle Knights,16,24,Canberra Raiders,Canberra Raiders,Canberra Raiders,Canberra Raiders,Newcastle Knights
2021,Rd 9,5,Wests Tigers,Gold Coast Titans,28,36,Gold Coast Titans,Wests Tigers,Wests Tigers,Wests Tigers,Gold Coast Titans
2021,Rd 9,6,NQ Cowboys,Brisbane Broncos,19,18,NQ Cowboys,NQ Cowboys,NQ Cowboys,NQ Cowboys,NQ Cowboys
2021,Rd 9,7,Manly Sea Eagles,New Zealand Warriors,38,32,New Zealand Warriors,Manly Sea Eagles,Manly Sea Eagles,Manly Sea Eagles,Manly Sea Eagles
2021,Rd 9,8,St. George Illawarra Dragons,Canterbury Bulldogs,32,12,St. George Illawarra Dragons,St. George Illawarra Dragons,St. George Illawarra Dragons,St. George Illawarra Dragons,St. George Illawarra Dragons
2021,Rd 10,1,Wests Tigers,Newcastle Knights,36,18,Newcastle Knights,Newcastle Knights,Newcastle Knights,Newcastle Knights,Wests Tigers
2021,Rd 10,2,Manly Sea Eagles,Brisbane Broncos,50,6,Manly Sea Eagles,Manly Sea Eagles,Manly Sea Eagles,Manly Sea Eagles,Manly Sea Eagles
2021,Rd 10,3,Canterbury Bulldogs,Canberra Raiders,18,20,Canberra Raiders,Canberra Raiders,Canberra Raiders,Canberra Raiders,Canberra Raiders
2021,Rd 10,4,Cronulla Sharks,South Sydney Rabbitohs,22,32,South Sydney Rabbitohs,South Sydney Rabbitohs,South Sydney Rabbitohs,South Sydney Rabbitohs,South Sydney Rabbitohs
2021,Rd 10,5,Sydney Roosters,NQ Cowboys,30,16,Sydney Roosters,Sydney Roosters,Sydney Roosters,Sydney Roosters,Sydney Roosters
2021,Rd 10,6,New Zealand Warriors,Parramatta Eels,18,34,Parramatta Eels,Parramatta Eels,Parramatta Eels,Parramatta Eels,Parramatta Eels
2021,Rd 10,7,Melbourne Storm,St. George Illawarra Dragons,44,18,Melbourne Storm,Melbourne Storm,Melbourne Storm,Melbourne Storm,Melbourne Storm
2021,Rd 10,8,Gold Coast Titans,Penrith Panthers,12,48,Penrith Panthers,Penrith Panthers,Penrith Panthers,Penrith Panthers,Penrith Panthers
2021,Rd 11,1,NQ Cowboys,Newcastle Knights,36,20,Newcastle Knights,Newcastle Knights,Newcastle Knights,Newcastle Knights,NQ Cowboys
2021,Rd 11,2,New Zealand Warriors,Wests Tigers,30,26,New Zealand Warriors,New Zealand Warriors,New Zealand Warriors,New Zealand Warriors,New Zealand Warriors
2021,Rd 11,3,Cronulla Sharks,St. George Illawarra Dragons,13,12,St. George Illawarra Dragons,Cronulla Sharks,Cronulla Sharks,Cronulla Sharks,Cronulla Sharks
2021,Rd 11,4,Gold Coast Titans,Canterbury Bulldogs,30,20,Gold Coast Titans,Gold Coast Titans,Gold Coast Titans,Gold Coast Titans,Gold Coast Titans
2021,Rd 11,5,Sydney Roosters,Brisbane Broncos,16,34,Sydney Roosters,Sydney Roosters,Sydney Roosters,Sydney Roosters,Brisbane Broncos
2021,Rd 11,6,Canberra Raiders,Melbourne Storm,10,34,Melbourne Storm,Melbourne Storm,Melbourne Storm,Melbourne Storm,Melbourne Storm
2021,Rd 11,7,South Sydney Rabbitohs,Penrith Panthers,12,56,Penrith Panthers,Penrith Panthers,Penrith Panthers,Penrith Panthers,Penrith Panthers
2021,Rd 11,8,Parramatta Eels,Manly Sea Eagles,6,28,Parramatta Eels,Parramatta Eels,Parramatta Eels,Parramatta Eels,Manly Sea Eagles
2021,Rd 12,1,Brisbane Broncos,Melbourne Storm,12,40,Melbourne Storm,Melbourne Storm,Melbourne Storm,Melbourne Storm,Melbourne Storm
2021,Rd 12,2,NQ Cowboys,New Zealand Warriors,29,28,New Zealand Warriors,NQ Cowboys,NQ Cowboys,NQ Cowboys,NQ Cowboys
2021,Rd 12,3,Wests Tigers,St. George Illawarra Dragons,34,18,St. George Illawarra Dragons,St. George Illawarra Dragons,St. George Illawarra Dragons,St. George Illawarra Dragons,Wests Tigers
2021,Rd 12,4,Penrith Panthers,Canterbury Bulldogs,30,4,Penrith Panthers,Penrith Panthers,Penrith Panthers,Penrith Panthers,Penrith Panthers
2021,Rd 12,5,South Sydney Rabbitohs,Parramatta Eels,38,20,Parramatta Eels,South Sydney Rabbitohs,South Sydney Rabbitohs,South Sydney Rabbitohs,South Sydney Rabbitohs
2021,Rd 12,6,Sydney Roosters,Canberra Raiders,44,16,Sydney Roosters,Sydney Roosters,Sydney Roosters,Sydney Roosters,Sydney Roosters
2021,Rd 12,7,Cronulla Sharks,Gold Coast Titans,38,10,Gold Coast Titans,Cronulla Sharks,Cronulla Sharks,Cronulla Sharks,Cronulla Sharks
2021,Rd 12,8,Newcastle Knights,Manly Sea Eagles,18,10,Manly Sea Eagles,Newcastle Knights,Newcastle Knights,Newcastle Knights,Newcastle Knights
2021,Rd 13,1,St. George Illawarra Dragons,Brisbane Broncos,52,24,St. George Illawarra Dragons,St. George Illawarra Dragons,St. George Illawarra Dragons,St. George Illawarra Dragons,St. George Illawarra Dragons
2021,Rd 13,2,Wests Tigers,Penrith Panthers,26,6,Penrith Panthers,Penrith Panthers,Penrith Panthers,Penrith Panthers,Wests Tigers
2021,Rd 13,3,Melbourne Storm,Gold Coast Titans,20,14,Melbourne Storm,Melbourne Storm,Melbourne Storm,Melbourne Storm,Melbourne Storm
2021,Rd 13,4,Newcastle Knights,Parramatta Eels,4,40,Parramatta Eels,Parramatta Eels,Parramatta Eels,Parramatta Eels,Parramatta Eels
2021,Rd 14,1,Manly Sea Eagles,NQ Cowboys,50,18,Manly Sea Eagles,Manly Sea Eagles,Manly Sea Eagles,Manly Sea Eagles,Manly Sea Eagles
2021,Rd 14,2,Cronulla Sharks,Penrith Panthers,19,18,Penrith Panthers,Penrith Panthers,Penrith Panthers,Penrith Panthers,Cronulla Sharks
2021,Rd 14,3,Gold Coast Titans,Sydney Roosters,34,35,Sydney Roosters,Sydney Roosters,Sydney Roosters,Sydney Roosters,Sydney Roosters
2021,Rd 14,4,South Sydney Rabbitohs,Newcastle Knights,24,10,South Sydney Rabbitohs,South Sydney Rabbitohs,South Sydney Rabbitohs,South Sydney Rabbitohs,South Sydney Rabbitohs
2021,Rd 14,5,Canberra Raiders,Brisbane Broncos,38,16,Canberra Raiders,Canberra Raiders,Canberra Raiders,Canberra Raiders,Canberra Raiders
2021,Rd 14,6,New Zealand Warriors,Melbourne Storm,16,42,Melbourne Storm,Melbourne Storm,Melbourne Storm,Melbourne Storm,Melbourne Storm
2021,Rd 14,7,Parramatta Eels,Wests Tigers,40,12,Parramatta Eels,Parramatta Eels,Parramatta Eels,Parramatta Eels,Parramatta Eels
2021,Rd 14,8,Canterbury Bulldogs,St. George Illawarra Dragons,28,6,St. George Illawarra Dragons,St. George Illawarra Dragons,St. George Illawarra Dragons,St. George Illawarra Dragons,Canterbury Bulldogs
2021,Rd 15,1,Brisbane Broncos,South Sydney Rabbitohs,0,46,South Sydney Rabbitohs,South Sydney Rabbitohs,South Sydney Rabbitohs,South Sydney Rabbitohs,South Sydney Rabbitohs
2021,Rd 15,2,NQ Cowboys,Cronulla Sharks,24,26,NQ Cowboys,Cronulla Sharks,Cronulla Sharks,Cronulla Sharks,Cronulla Sharks
2021,Rd 15,3,Penrith Panthers,Sydney Roosters,38,12,Penrith Panthers,Penrith Panthers,Penrith Panthers,Penrith Panthers,Penrith Panthers
2021,Rd 15,4,Newcastle Knights,New Zealand Warriors,10,6,New Zealand Warriors,Newcastle Knights,Newcastle Knights,Newcastle Knights,Newcastle Knights
2021,Rd 15,5,St. George Illawarra Dragons,Canberra Raiders,22,20,St. George Illawarra Dragons,Canberra Raiders,Canberra Raiders,Canberra Raiders,St. George Illawarra Dragons
2021,Rd 15,6,Melbourne Storm,Wests Tigers,66,16,Melbourne Storm,Melbourne Storm,Melbourne Storm,Melbourne Storm,Melbourne Storm
2021,Rd 15,7,Parramatta Eels,Canterbury Bulldogs,36,10,Parramatta Eels,Parramatta Eels,Parramatta Eels,Parramatta Eels,Parramatta Eels
2021,Rd 15,8,Gold Coast Titans,Manly Sea Eagles,24,56,Manly Sea Eagles,Manly Sea Eagles,Manly Sea Eagles,Manly Sea Eagles,Manly Sea Eagles
2021,Rd 16,1,Sydney Roosters,Melbourne Storm,0,46,Melbourne Storm,Melbourne Storm,Melbourne Storm,Melbourne Storm,Melbourne Storm
2021,Rd 16,2,New Zealand Warriors,St. George Illawarra Dragons,18,19,St. George Illawarra Dragons,New Zealand Warriors,New Zealand Warriors,New Zealand Warriors,St. George Illawarra Dragons
2021,Rd 16,3,Penrith Panthers,Parramatta Eels,13,12,Penrith Panthers,Penrith Panthers,Penrith Panthers,Penrith Panthers,Penrith Panthers
2021,Rd 16,4,Canterbury Bulldogs,Manly Sea Eagles,0,66,Manly Sea Eagles,Manly Sea Eagles,Manly Sea Eagles,Manly Sea Eagles,Manly Sea Eagles
2021,Rd 16,5,Canberra Raiders,Gold Coast Titans,6,44,Canberra Raiders,Canberra Raiders,Canberra Raiders,Canberra Raiders,Gold Coast Titans
2021,Rd 16,6,Newcastle Knights,NQ Cowboys,38,0,NQ Cowboys,Newcastle Knights,Newcastle Knights,Newcastle Knights,Newcastle Knights
2021,Rd 16,7,Brisbane Broncos,Cronulla Sharks,26,18,Cronulla Sharks,Cronulla Sharks,Cronulla Sharks,Cronulla Sharks,Brisbane Broncos
2021,Rd 16,8,Wests Tigers,South Sydney Rabbitohs,22,38,South Sydney Rabbitohs,South Sydney Rabbitohs,South Sydney Rabbitohs,South Sydney Rabbitohs,South Sydney Rabbitohs
2021,Rd 17,1,Manly Sea Eagles,Canberra Raiders,16,30,Manly Sea Eagles,Manly Sea Eagles,Manly Sea Eagles,Manly Sea Eagles,Canberra Raiders
2021,Rd 17,2,South Sydney Rabbitohs,NQ Cowboys,46,18,South Sydney Rabbitohs,South Sydney Rabbitohs,South Sydney Rabbitohs,South Sydney Rabbitohs,South Sydney Rabbitohs
2021,Rd 17,3,Canterbury Bulldogs,Sydney Roosters,16,22,Sydney Roosters,Sydney Roosters,Sydney Roosters,Sydney Roosters,Sydney Roosters
2021,Rd 17,4,Cronulla Sharks,New Zealand Warriors,20,12,Cronulla Sharks,Cronulla Sharks,Cronulla Sharks,Cronulla Sharks,Cronulla Sharks
2021,Rd 18,1,Gold Coast Titans,Parramatta Eels,8,26,Parramatta Eels,Parramatta Eels,Parramatta Eels,Parramatta Eels,Parramatta Eels
2021,Rd 18,2,Manly Sea Eagles,St. George Illawarra Dragons,32,18,Manly Sea Eagles,Manly Sea Eagles,Manly Sea Eagles,Manly Sea Eagles,Manly Sea Eagles
2021,Rd 18,3,NQ Cowboys,Sydney Roosters,18,34,Sydney Roosters,Sydney Roosters,Sydney Roosters,Sydney Roosters,Sydney Roosters
2021,Rd 18,4,Canberra Raiders,Cronulla Sharks,34,18,Cronulla Sharks,Canberra Raiders,Canberra Raiders,Canberra Raiders,Canberra Raiders
2021,Rd 18,5,Melbourne Storm,Newcastle Knights,48,4,Melbourne Storm,Melbourne Storm,Melbourne Storm,Melbourne Storm,Melbourne Storm
2021,Rd 18,6,New Zealand Warriors,Penrith Panthers,16,30,Penrith Panthers,Penrith Panthers,Penrith Panthers,Penrith Panthers,Penrith Panthers
2021,Rd 18,7,Brisbane Broncos,Wests Tigers,24,42,Wests Tigers,Wests Tigers,Wests Tigers,Wests Tigers,Wests Tigers
2021,Rd 18,8,South Sydney Rabbitohs,Canterbury Bulldogs,32,24,South Sydney Rabbitohs,South Sydney Rabbitohs,South Sydney Rabbitohs,South Sydney Rabbitohs,South Sydney Rabbitohs
2021,Rd 19,1,Parramatta Eels,Canberra Raiders,10,12,Parramatta Eels,Parramatta Eels,Parramatta Eels,Parramatta Eels,Canberra Raiders
2021,Rd 19,2,Sydney Roosters,Newcastle Knights,28,8,Sydney Roosters,Sydney Roosters,Sydney Roosters,Sydney Roosters,Sydney Roosters
2021,Rd 19,3,NQ Cowboys,Melbourne Storm,16,20,Melbourne Storm,Melbourne Storm,Melbourne Storm,Melbourne Storm,Melbourne Storm
2021,Rd 19,4,South Sydney Rabbitohs,New Zealand Warriors,60,22,South Sydney Rabbitohs,South Sydney Rabbitohs,South Sydney Rabbitohs,South Sydney Rabbitohs,South Sydney Rabbitohs
2021,Rd 19,5,Manly Sea Eagles,Wests Tigers,44,24,Manly Sea Eagles,Manly Sea Eagles,Manly Sea Eagles,Manly Sea Eagles,Manly Sea Eagles
2021,Rd 19,6,Penrith Panthers,Brisbane Broncos,18,12,Penrith Panthers,Penrith Panthers,Penrith Panthers,Penrith Panthers,Penrith Panthers
2021,Rd 19,7,St. George Illawarra Dragons,Gold Coast Titans,10,32,St. George Illawarra Dragons,St. George Illawarra Dragons,St. George Illawarra Dragons,St. George Illawarra Dragons,Gold Coast Titans
2021,Rd 19,8,Canterbury Bulldogs,Cronulla Sharks,24,44,Cronulla Sharks,Cronulla Sharks,Cronulla Sharks,Cronulla Sharks,Cronulla Sharks
2021,Rd 20,1,Sydney Roosters,Parramatta Eels,28,0,Parramatta Eels,Sydney Roosters,Sydney Roosters,Sydney Roosters,Sydney Roosters
2021,Rd 20,2,Wests Tigers,New Zealand Warriors,16,18,Wests Tigers,Wests Tigers,Wests Tigers,Wests Tigers,New Zealand Warriors
2021,Rd 20,3,Brisbane Broncos,NQ Cowboys,37,18,NQ Cowboys,Brisbane Broncos,Brisbane Broncos,Brisbane Broncos,Brisbane Broncos
2021,Rd 20,4,Newcastle Knights,Canberra Raiders,34,24,Canberra Raiders,Canberra Raiders,Canberra Raiders,Canberra Raiders,Newcastle Knights
2021,Rd 20,5,Melbourne Storm,Penrith Panthers,37,10,Melbourne Storm,Melbourne Storm,Melbourne Storm,Melbourne Storm,Melbourne Storm
2021,Rd 20,6,St. George Illawarra Dragons,South Sydney Rabbitohs,14,50,South Sydney Rabbitohs,South Sydney Rabbitohs,South Sydney Rabbitohs,South Sydney Rabbitohs,South Sydney Rabbitohs
2021,Rd 20,7,Canterbury Bulldogs,Gold Coast Titans,6,34,Gold Coast Titans,Gold Coast Titans,Gold Coast Titans,Gold Coast Titans,Gold Coast Titans
2021,Rd 20,8,Cronulla Sharks,Manly Sea Eagles,22,40,Manly Sea Eagles,Cronulla Sharks,Cronulla Sharks,Cronulla Sharks,Manly Sea Eagles
2021,Rd 21,1,Newcastle Knights,Brisbane Broncos,28,20,Newcastle Knights,Newcastle Knights,Newcastle Knights,Newcastle Knights,Newcastle Knights
2021,Rd 21,2,Canberra Raiders,St. George Illawarra Dragons,20,12,St. George Illawarra Dragons,Canberra Raiders,Canberra Raiders,Canberra Raiders,Canberra Raiders
2021,Rd 21,3,Parramatta Eels,South Sydney Rabbitohs,12,40,South Sydney Rabbitohs,Parramatta Eels,Parramatta Eels,Parramatta Eels,South Sydney Rabbitohs
2021,Rd 21,4,New Zealand Warriors,Cronulla Sharks,18,16,Cronulla Sharks,Cronulla Sharks,Cronulla Sharks,Cronulla Sharks,New Zealand Warriors
2021,Rd 21,5,Sydney Roosters,Penrith Panthers,14,20,Penrith Panthers,Sydney Roosters,Sydney Roosters,Sydney Roosters,Penrith Panthers
2021,Rd 21,6,Manly Sea Eagles,Melbourne Storm,18,28,Melbourne Storm,Melbourne Storm,Melbourne Storm,Melbourne Storm,Melbourne Storm
2021,Rd 21,7,Canterbury Bulldogs,Wests Tigers,16,28,Wests Tigers,Wests Tigers,Wests Tigers,Wests Tigers,Wests Tigers
2021,Rd 21,8,Gold Coast Titans,NQ Cowboys,36,14,Gold Coast Titans,Gold Coast Titans,Gold Coast Titans,Gold Coast Titans,Gold Coast Titans
2021,Rd 22,1,Melbourne Storm,Canberra Raiders,26,16,Melbourne Storm,Melbourne Storm,Melbourne Storm,Melbourne Storm,Melbourne Storm
2021,Rd 22,2,St. George Illawarra Dragons,Penrith Panthers,16,34,Penrith Panthers,Penrith Panthers,Penrith Panthers,Penrith Panthers,Penrith Panthers
2021,Rd 22,3,Brisbane Broncos,Sydney Roosters,20,21,Sydney Roosters,Sydney Roosters,Sydney Roosters,Sydney Roosters,Sydney Roosters
2021,Rd 22,4,South Sydney Rabbitohs,Gold Coast Titans,36,6,South Sydney Rabbitohs,South Sydney Rabbitohs,South Sydney Rabbitohs,South Sydney Rabbitohs,South Sydney Rabbitohs
2021,Rd 22,5,NQ Cowboys,Wests Tigers,16,24,Wests Tigers,Wests Tigers,Wests Tigers,Wests Tigers,Wests Tigers
2021,Rd 22,6,Manly Sea Eagles,Parramatta Eels,56,10,Parramatta Eels,Parramatta Eels,Parramatta Eels,Parramatta Eels,Manly Sea Eagles
2021,Rd 22,7,New Zealand Warriors,Canterbury Bulldogs,24,10,New Zealand Warriors,New Zealand Warriors,New Zealand Warriors,New Zealand Warriors,New Zealand Warriors
2021,Rd 22,8,Cronulla Sharks,Newcastle Knights,14,16,Newcastle Knights,Cronulla Sharks,Cronulla Sharks,Cronulla Sharks,Newcastle Knights
2021,Rd 23,1,Gold Coast Titans,Melbourne Storm,20,34,Melbourne Storm,Melbourne Storm,Melbourne Storm,Melbourne Storm,Melbourne Storm
2021,Rd 23,2,Canberra Raiders,Manly Sea Eagles,18,19,Manly Sea Eagles,Canberra Raiders,Canberra Raiders,Canberra Raiders,Manly Sea Eagles
2021,Rd 23,3,Penrith Panthers,South Sydney Rabbitohs,25,12,Penrith Panthers,Penrith Panthers,Penrith Panthers,Penrith Panthers,Penrith Panthers
2021,Rd 23,4,Wests Tigers,Cronulla Sharks,20,50,Cronulla Sharks,Wests Tigers,Wests Tigers,Wests Tigers,Cronulla Sharks
2021,Rd 23,5,Canterbury Bulldogs,Newcastle Knights,16,22,Newcastle Knights,Newcastle Knights,Newcastle Knights,Newcastle Knights,Newcastle Knights
2021,Rd 23,6,Parramatta Eels,NQ Cowboys,32,16,Parramatta Eels,Parramatta Eels,Parramatta Eels,Parramatta Eels,Parramatta Eels
2021,Rd 23,7,St. George Illawarra Dragons,Sydney Roosters,22,40,Sydney Roosters,Sydney Roosters,Sydney Roosters,Sydney Roosters,Sydney Roosters
2021,Rd 23,8,Brisbane Broncos,New Zealand Warriors,24,22,New Zealand Warriors,New Zealand Warriors,New Zealand Warriors,New Zealand Warriors,Brisbane Broncos
2021,Rd 24,1,Newcastle Knights,Gold Coast Titans,15,14,Newcastle Knights,Newcastle Knights,Newcastle Knights,Newcastle Knights,Newcastle Knights
2021,Rd 24,2,New Zealand Warriors,Canberra Raiders,16,28,Canberra Raiders,Canberra Raiders,Canberra Raiders,Canberra Raiders,Canberra Raiders
2021,Rd 24,3,Sydney Roosters,South Sydney Rabbitohs,12,54,South Sydney Rabbitohs,Sydney Roosters,Sydney Roosters,Sydney Roosters,South Sydney Rabbitohs
2021,Rd 24,4,St. George Illawarra Dragons,NQ Cowboys,26,38,St. George Illawarra Dragons,St. George Illawarra Dragons,St. George Illawarra Dragons,St. George Illawarra Dragons,NQ Cowboys
2021,Rd 24,5,Cronulla Sharks,Brisbane Broncos,24,16,Cronulla Sharks,Cronulla Sharks,Cronulla Sharks,Cronulla Sharks,Cronulla Sharks
2021,Rd 24,6,Melbourne Storm,Parramatta Eels,10,22,Melbourne Storm,Melbourne Storm,Melbourne Storm,Melbourne Storm,Parramatta Eels
2021,Rd 24,7,Manly Sea Eagles,Canterbury Bulldogs,36,18,Manly Sea Eagles,Manly Sea Eagles,Manly Sea Eagles,Manly Sea Eagles,Manly Sea Eagles
2021,Rd 24,8,Penrith Panthers,Wests Tigers,30,16,Penrith Panthers,Penrith Panthers,Penrith Panthers,Penrith Panthers,Penrith Panthers
2021,Rd 25,1,Canberra Raiders,Sydney Roosters,16,40,Sydney Roosters,Sydney Roosters,Sydney Roosters,Sydney Roosters,Sydney Roosters
2021,Rd 25,2,Cronulla Sharks,Melbourne Storm,16,28,Melbourne Storm,Melbourne Storm,Melbourne Storm,Melbourne Storm,Melbourne Storm
2021,Rd 25,3,Parramatta Eels,Penrith Panthers,6,40,Penrith Panthers,Penrith Panthers,Penrith Panthers,Penrith Panthers,Penrith Panthers
2021,Rd 25,4,Brisbane Broncos,Newcastle Knights,35,22,Newcastle Knights,Newcastle Knights,Newcastle Knights,Newcastle Knights,Brisbane Broncos
2021,Rd 25,5,NQ Cowboys,Manly Sea Eagles,18,46,Manly Sea Eagles,Manly Sea Eagles,Manly Sea Eagles,Manly Sea Eagles,Manly Sea Eagles
2021,Rd 25,6,South Sydney Rabbitohs,St. George Illawarra Dragons,20,16,South Sydney Rabbitohs,South Sydney Rabbitohs,South Sydney Rabbitohs,South Sydney Rabbitohs,South Sydney Rabbitohs
2021,Rd 25,7,Gold Coast Titans,New Zealand Warriors,44,0,Gold Coast Titans,Gold Coast Titans,Gold Coast Titans,Gold Coast Titans,Gold Coast Titans
2021,Rd 25,8,Wests Tigers,Canterbury Bulldogs,0,38,Wests Tigers,Wests Tigers,Wests Tigers,Wests Tigers,Canterbury Bulldogs
2022,Rd 1,1,Penrith Panthers,Manly Sea Eagles,28,6,Penrith Panthers,Penrith Panthers,Penrith Panthers,Penrith Panthers,Penrith Panthers
2022,Rd 1,2,Canberra Raiders,Cronulla Sharks,24,19,Canberra Raiders,Cronulla Sharks,Canberra Raiders,Canberra Raiders,Canberra Raiders
2022,Rd 1,3,Brisbane Broncos,South Sydney Rabbitohs,11,4,Brisbane Broncos,Brisbane Broncos,South Sydney Rabbitohs,South Sydney Rabbitohs,Brisbane Broncos
2022,Rd 1,4,Sydney Roosters,Newcastle Knights,6,20,Sydney Roosters,Newcastle Knights,Sydney Roosters,Sydney Roosters,Newcastle Knights
2022,Rd 1,5,New Zealand Warriors,St. George Illawarra Dragons,16,28,New Zealand Warriors,St. George Illawarra Dragons,New Zealand Warriors,New Zealand Warriors,St. George Illawarra Dragons
2022,Rd 1,6,Wests Tigers,Melbourne Storm,16,26,Wests Tigers,Wests Tigers,Melbourne Storm,Melbourne Storm,Melbourne Storm
2022,Rd 1,7,Parramatta Eels,Gold Coast Titans,32,28,Parramatta Eels,Gold Coast Titans,Parramatta Eels,Parramatta Eels,Parramatta Eels
2022,Rd 1,8,NQ Cowboys,Canterbury Bulldogs,4,6,NQ Cowboys,Canterbury Bulldogs,NQ Cowboys,NQ Cowboys,Canterbury Bulldogs
2022,Rd 2,1,Melbourne Storm,South Sydney Rabbitohs,15,14,Melbourne Storm,South Sydney Rabbitohs,Melbourne Storm,Melbourne Storm,Melbourne Storm
2022,Rd 2,2,St. George Illawarra Dragons,Penrith Panthers,16,20,Penrith Panthers,St. George Illawarra Dragons,Penrith Panthers,Penrith Panthers,Penrith Panthers
2022,Rd 2,3,Sydney Roosters,Manly Sea Eagles,26,12,Sydney Roosters,Manly Sea Eagles,Sydney Roosters,Sydney Roosters,Sydney Roosters
2022,Rd 2,4,Gold Coast Titans,New Zealand Warriors,20,18,Gold Coast Titans,New Zealand Warriors,Gold Coast Titans,Gold Coast Titans,Gold Coast Titans
2022,Rd 2,5,Cronulla Sharks,Parramatta Eels,18,16,Parramatta Eels,Cronulla Sharks,Parramatta Eels,Parramatta Eels,Cronulla Sharks
2022,Rd 2,6,NQ Cowboys,Canberra Raiders,26,6,Canberra Raiders,NQ Cowboys,Canberra Raiders,Canberra Raiders,NQ Cowboys
2022,Rd 2,7,Newcastle Knights,Wests Tigers,26,4,Newcastle Knights,Wests Tigers,Newcastle Knights,Newcastle Knights,Newcastle Knights
2022,Rd 2,8,Canterbury Bulldogs,Brisbane Broncos,10,16,Brisbane Broncos,Canterbury Bulldogs,Brisbane Broncos,Brisbane Broncos,Brisbane Broncos
2022,Rd 3,1,St. George Illawarra Dragons,Cronulla Sharks,12,36,St. George Illawarra Dragons,Cronulla Sharks,St. George Illawarra Dragons,St. George Illawarra Dragons,Cronulla Sharks
2022,Rd 3,2,Wests Tigers,New Zealand Warriors,12,16,New Zealand Warriors,New Zealand Warriors,Wests Tigers,Wests Tigers,New Zealand Warriors
2022,Rd 3,3,South Sydney Rabbitohs,Sydney Roosters,28,16,Sydney Roosters,Sydney Roosters,South Sydney Rabbitohs,South Sydney Rabbitohs,South Sydney Rabbitohs
2022,Rd 3,4,Penrith Panthers,Newcastle Knights,38,20,Newcastle Knights,Newcastle Knights,Penrith Panthers,Penrith Panthers,Penrith Panthers
2022,Rd 3,5,Melbourne Storm,Parramatta Eels,24,28,Melbourne Storm,Parramatta Eels,Melbourne Storm,Melbourne Storm,Parramatta Eels
2022,Rd 3,6,Canberra Raiders,Gold Coast Titans,24,22,Gold Coast Titans,Gold Coast Titans,Canberra Raiders,Canberra Raiders,Canberra Raiders
2022,Rd 3,7,Brisbane Broncos,NQ Cowboys,12,38,Brisbane Broncos,NQ Cowboys,Brisbane Broncos,Brisbane Broncos,NQ Cowboys
2022,Rd 3,8,Manly Sea Eagles,Canterbury Bulldogs,13,12,Canterbury Bulldogs,Canterbury Bulldogs,Manly Sea Eagles,Manly Sea Eagles,Manly Sea Eagles
2022,Rd 4,1,Gold Coast Titans,Wests Tigers,8,6,Gold Coast Titans,Wests Tigers,Gold Coast Titans,Gold Coast Titans,Gold Coast Titans
2022,Rd 4,2,Cronulla Sharks,Newcastle Knights,18,0,Cronulla Sharks,Newcastle Knights,Cronulla Sharks,Cronulla Sharks,Cronulla Sharks
2022,Rd 4,3,Penrith Panthers,South Sydney Rabbitohs,26,12,Penrith Panthers,South Sydney Rabbitohs,Penrith Panthers,Penrith Panthers,Penrith Panthers
2022,Rd 4,4,New Zealand Warriors,Brisbane Broncos,20,6,Brisbane Broncos,Brisbane Broncos,New Zealand Warriors,New Zealand Warriors,New Zealand Warriors
2022,Rd 4,5,Manly Sea Eagles,Canberra Raiders,25,6,Canberra Raiders,Canberra Raiders,Manly Sea Eagles,Manly Sea Eagles,Manly Sea Eagles
2022,Rd 4,6,NQ Cowboys,Sydney Roosters,4,28,NQ Cowboys,NQ Cowboys,Sydney Roosters,Sydney Roosters,Sydney Roosters
2022,Rd 4,7,Melbourne Storm,Canterbury Bulldogs,44,0,Melbourne Storm,Canterbury Bulldogs,Melbourne Storm,Melbourne Storm,Melbourne Storm
2022,Rd 4,8,Parramatta Eels,St. George Illawarra Dragons,48,14,Parramatta Eels,St. George Illawarra Dragons,Parramatta Eels,Parramatta Eels,Parramatta Eels
2022,Rd 5,1,Newcastle Knights,Manly Sea Eagles,6,30,Newcastle Knights,Manly Sea Eagles,Newcastle Knights,Newcastle Knights,Manly Sea Eagles
2022,Rd 5,2,New Zealand Warriors,NQ Cowboys,25,24,NQ Cowboys,NQ Cowboys,New Zealand Warriors,New Zealand Warriors,New Zealand Warriors
2022,Rd 5,3,Brisbane Broncos,Sydney Roosters,20,24,Sydney Roosters,Brisbane Broncos,Sydney Roosters,Sydney Roosters,Sydney Roosters
2022,Rd 5,4,Canberra Raiders,Melbourne Storm,16,30,Melbourne Storm,Canberra Raiders,Melbourne Storm,Melbourne Storm,Melbourne Storm
2022,Rd 5,5,South Sydney Rabbitohs,St. George Illawarra Dragons,24,12,South Sydney Rabbitohs,St. George Illawarra Dragons,South Sydney Rabbitohs,South Sydney Rabbitohs,South Sydney Rabbitohs
2022,Rd 5,6,Gold Coast Titans,Parramatta Eels,20,26,Parramatta Eels,Gold Coast Titans,Parramatta Eels,Parramatta Eels,Parramatta Eels
2022,Rd 5,7,Cronulla Sharks,Wests Tigers,30,4,Cronulla Sharks,Wests Tigers,Cronulla Sharks,Cronulla Sharks,Cronulla Sharks
2022,Rd 5,8,Canterbury Bulldogs,Penrith Panthers,12,32,Penrith Panthers,Canterbury Bulldogs,Penrith Panthers,Penrith Panthers,Penrith Panthers
2022,Rd 6,1,Canberra Raiders,NQ Cowboys,12,18,NQ Cowboys,NQ Cowboys,Canberra Raiders,Canberra Raiders,NQ Cowboys
2022,Rd 6,2,South Sydney Rabbitohs,Canterbury Bulldogs,36,16,South Sydney Rabbitohs,Canterbury Bulldogs,South Sydney Rabbitohs,South Sydney Rabbitohs,South Sydney Rabbitohs
2022,Rd 6,3,Penrith Panthers,Brisbane Broncos,40,12,Penrith Panthers,Brisbane Broncos,Penrith Panthers,Penrith Panthers,Penrith Panthers
2022,Rd 6,4,Manly Sea Eagles,Gold Coast Titans,26,18,Manly Sea Eagles,Gold Coast Titans,Manly Sea Eagles,Manly Sea Eagles,Manly Sea Eagles
2022,Rd 6,5,Melbourne Storm,Cronulla Sharks,34,18,Melbourne Storm,Cronulla Sharks,Melbourne Storm,Melbourne Storm,Melbourne Storm
2022,Rd 6,6,Sydney Roosters,New Zealand Warriors,22,14,Sydney Roosters,New Zealand Warriors,Sydney Roosters,Sydney Roosters,Sydney Roosters
2022,Rd 6,7,St. George Illawarra Dragons,Newcastle Knights,21,16,Newcastle Knights,St. George Illawarra Dragons,Newcastle Knights,Newcastle Knights,St. George Illawarra Dragons
2022,Rd 6,8,Parramatta Eels,Wests Tigers,20,21,Parramatta Eels,Wests Tigers,Parramatta Eels,Parramatta Eels,Wests Tigers
2022,Rd 7,1,Cronulla Sharks,Manly Sea Eagles,34,22,Cronulla Sharks,Manly Sea Eagles,Cronulla Sharks,Cronulla Sharks,Cronulla Sharks
2022,Rd 7,2,Brisbane Broncos,Canterbury Bulldogs,34,14,Brisbane Broncos,Canterbury Bulldogs,Brisbane Broncos,Brisbane Broncos,Brisbane Broncos
2022,Rd 7,3,NQ Cowboys,Gold Coast Titans,30,4,NQ Cowboys,Gold Coast Titans,NQ Cowboys,NQ Cowboys,NQ Cowboys
2022,Rd 7,4,Wests Tigers,South Sydney Rabbitohs,23,22,South Sydney Rabbitohs,Wests Tigers,South Sydney Rabbitohs,South Sydney Rabbitohs,Wests Tigers
2022,Rd 7,5,Newcastle Knights,Parramatta Eels,2,39,Parramatta Eels,Newcastle Knights,Parramatta Eels,Parramatta Eels,Parramatta Eels
2022,Rd 7,6,Penrith Panthers,Canberra Raiders,36,6,Penrith Panthers,Canberra Raiders,Penrith Panthers,Penrith Panthers,Penrith Panthers
2022,Rd 7,7,St. George Illawarra Dragons,Sydney Roosters,14,12,Sydney Roosters,St. George Illawarra Dragons,Sydney Roosters,Sydney Roosters,St. George Illawarra Dragons
2022,Rd 7,8,Melbourne Storm,New Zealand Warriors,70,10,Melbourne Storm,New Zealand Warriors,Melbourne Storm,Melbourne Storm,Melbourne Storm
2022,Rd 8,1,Brisbane Broncos,Cronulla Sharks,16,7,Cronulla Sharks,Brisbane Broncos,Cronulla Sharks,Cronulla Sharks,Brisbane Broncos
2022,Rd 8,2,Gold Coast Titans,Penrith Panthers,4,18,Penrith Panthers,Gold Coast Titans,Penrith Panthers,Penrith Panthers,Penrith Panthers
2022,Rd 8,3,South Sydney Rabbitohs,Manly Sea Eagles,40,22,Manly Sea Eagles,Manly Sea Eagles,South Sydney Rabbitohs,South Sydney Rabbitohs,South Sydney Rabbitohs
2022,Rd 8,4,New Zealand Warriors,Canberra Raiders,21,20,New Zealand Warriors,Canberra Raiders,New Zealand Warriors,New Zealand Warriors,New Zealand Warriors
2022,Rd 8,5,Canterbury Bulldogs,Sydney Roosters,16,12,Sydney Roosters,Canterbury Bulldogs,Sydney Roosters,Sydney Roosters,Canterbury Bulldogs
2022,Rd 8,6,Parramatta Eels,NQ Cowboys,4,35,Parramatta Eels,NQ Cowboys,Parramatta Eels,Parramatta Eels,NQ Cowboys
2022,Rd 8,7,Newcastle Knights,Melbourne Storm,2,50,Melbourne Storm,Newcastle Knights,Melbourne Storm,Melbourne Storm,Melbourne Storm
2022,Rd 8,8,St. George Illawarra Dragons,Wests Tigers,12,6,St. George Illawarra Dragons,Wests Tigers,St. George Illawarra Dragons,St. George Illawarra Dragons,St. George Illawarra Dragons
2022,Rd 9,1,South Sydney Rabbitohs,Brisbane Broncos,12,32,South Sydney Rabbitohs,Brisbane Broncos,South Sydney Rabbitohs,South Sydney Rabbitohs,Brisbane Broncos
2022,Rd 9,2,Canberra Raiders,Canterbury Bulldogs,14,4,Canberra Raiders,Canterbury Bulldogs,Canberra Raiders,Canberra Raiders,Canberra Raiders
2022,Rd 9,3,Penrith Panthers,Parramatta Eels,20,22,Penrith Panthers,Parramatta Eels,Penrith Panthers,Penrith Panthers,Parramatta Eels
2022,Rd 9,4,Manly Sea Eagles,Wests Tigers,36,22,Manly Sea Eagles,Wests Tigers,Manly Sea Eagles,Manly Sea Eagles,Manly Sea Eagles
2022,Rd 9,5,Sydney Roosters,Gold Coast Titans,44,16,Sydney Roosters,Gold Coast Titans,Sydney Roosters,Sydney Roosters,Sydney Roosters
2022,Rd 9,6,NQ Cowboys,Newcastle Knights,36,16,NQ Cowboys,Newcastle Knights,NQ Cowboys,NQ Cowboys,NQ Cowboys
2022,Rd 9,7,Melbourne Storm,St. George Illawarra Dragons,42,6,Melbourne Storm,St. George Illawarra Dragons,Melbourne Storm,Melbourne Storm,Melbourne Storm
2022,Rd 9,8,Cronulla Sharks,New Zealand Warriors,29,10,Cronulla Sharks,New Zealand Warriors,Cronulla Sharks,Cronulla Sharks,Cronulla Sharks
2022,Rd 10,1,Canterbury Bulldogs,Newcastle Knights,6,16,Canterbury Bulldogs,Canterbury Bulldogs,Newcastle Knights,Newcastle Knights,Newcastle Knights
2022,Rd 10,2,Manly Sea Eagles,Brisbane Broncos,0,38,Manly Sea Eagles,Brisbane Broncos,Manly Sea Eagles,Manly Sea Eagles,Brisbane Broncos
2022,Rd 10,3,New Zealand Warriors,South Sydney Rabbitohs,30,32,South Sydney Rabbitohs,New Zealand Warriors,South Sydney Rabbitohs,South Sydney Rabbitohs,South Sydney Rabbitohs
2022,Rd 10,4,Gold Coast Titans,St. George Illawarra Dragons,20,16,St. George Illawarra Dragons,St. George Illawarra Dragons,Gold Coast Titans,Gold Coast Titans,Gold Coast Titans
2022,Rd 10,5,Melbourne Storm,Penrith Panthers,6,32,Melbourne Storm,Penrith Panthers,Melbourne Storm,Melbourne Storm,Penrith Panthers
2022,Rd 10,6,Cronulla Sharks,Canberra Raiders,10,30,Cronulla Sharks,Canberra Raiders,Cronulla Sharks,Cronulla Sharks,Canberra Raiders
2022,Rd 10,7,Sydney Roosters,Parramatta Eels,31,24,Parramatta Eels,Parramatta Eels,Sydney Roosters,Sydney Roosters,Sydney Roosters
2022,Rd 10,8,Wests Tigers,NQ Cowboys,12,36,NQ Cowboys,Wests Tigers,NQ Cowboys,NQ Cowboys,NQ Cowboys
2022,Rd 11,1,Newcastle Knights,Brisbane Broncos,12,36,Brisbane Broncos,Brisbane Broncos,Newcastle Knights,Newcastle Knights,Brisbane Broncos
2022,Rd 11,2,Wests Tigers,Canterbury Bulldogs,36,22,Wests Tigers,Canterbury Bulldogs,Wests Tigers,Wests Tigers,Wests Tigers
2022,Rd 11,3,Parramatta Eels,Manly Sea Eagles,22,20,Parramatta Eels,Manly Sea Eagles,Parramatta Eels,Parramatta Eels,Parramatta Eels
2022,Rd 11,4,St. George Illawarra Dragons,New Zealand Warriors,24,18,New Zealand Warriors,New Zealand Warriors,St. George Illawarra Dragons,St. George Illawarra Dragons,St. George Illawarra Dragons
2022,Rd 11,5,NQ Cowboys,Melbourne Storm,36,6,Melbourne Storm,NQ Cowboys,Melbourne Storm,Melbourne Storm,NQ Cowboys
2022,Rd 11,6,Sydney Roosters,Penrith Panthers,12,32,Penrith Panthers,Sydney Roosters,Penrith Panthers,Penrith Panthers,Penrith Panthers
2022,Rd 11,7,South Sydney Rabbitohs,Canberra Raiders,12,32,South Sydney Rabbitohs,Canberra Raiders,South Sydney Rabbitohs,South Sydney Rabbitohs,Canberra Raiders
2022,Rd 11,8,Gold Coast Titans,Cronulla Sharks,18,25,Cronulla Sharks,Gold Coast Titans,Cronulla Sharks,Cronulla Sharks,Cronulla Sharks
2022,Rd 12,1,Melbourne Storm,Manly Sea Eagles,28,8,Melbourne Storm,Manly Sea Eagles,Melbourne Storm,Melbourne Storm,Melbourne Storm
2022,Rd 12,2,Penrith Panthers,NQ Cowboys,22,0,Penrith Panthers,NQ Cowboys,Penrith Panthers,Penrith Panthers,Penrith Panthers
2022,Rd 12,3,Brisbane Broncos,Gold Coast Titans,35,24,Brisbane Broncos,Gold Coast Titans,Brisbane Broncos,Brisbane Broncos,Brisbane Broncos
2022,Rd 12,4,New Zealand Warriors,Newcastle Knights,16,24,New Zealand Warriors,Newcastle Knights,New Zealand Warriors,New Zealand Warriors,Newcastle Knights
2022,Rd 12,5,South Sydney Rabbitohs,Wests Tigers,44,18,South Sydney Rabbitohs,Wests Tigers,South Sydney Rabbitohs,South Sydney Rabbitohs,South Sydney Rabbitohs
2022,Rd 12,6,Cronulla Sharks,Sydney Roosters,16,36,Cronulla Sharks,Cronulla Sharks,Sydney Roosters,Sydney Roosters,Sydney Roosters
2022,Rd 12,7,Canterbury Bulldogs,St. George Illawarra Dragons,24,34,St. George Illawarra Dragons,Canterbury Bulldogs,St. George Illawarra Dragons,St. George Illawarra Dragons,St. George Illawarra Dragons
2022,Rd 12,8,Canberra Raiders,Parramatta Eels,20,28,Parramatta Eels,Canberra Raiders,Parramatta Eels,Parramatta Eels,Parramatta Eels
2022,Rd 13,1,Gold Coast Titans,NQ Cowboys,6,32,NQ Cowboys,Gold Coast Titans,NQ Cowboys,NQ Cowboys,NQ Cowboys
2022,Rd 13,2,Penrith Panthers,Canterbury Bulldogs,30,18,Penrith Panthers,Canterbury Bulldogs,Penrith Panthers,Penrith Panthers,Penrith Panthers
2022,Rd 13,3,Manly Sea Eagles,New Zealand Warriors,44,12,Manly Sea Eagles,New Zealand Warriors,Manly Sea Eagles,Manly Sea Eagles,Manly Sea Eagles
2022,Rd 13,4,Canberra Raiders,Sydney Roosters,22,16,Sydney Roosters,Canberra Raiders,Sydney Roosters,Sydney Roosters,Canberra Raiders
2022,Rd 14,1,NQ Cowboys,St. George Illawarra Dragons,31,12,NQ Cowboys,St. George Illawarra Dragons,NQ Cowboys,NQ Cowboys,NQ Cowboys
2022,Rd 14,2,Gold Coast Titans,South Sydney Rabbitohs,16,30,South Sydney Rabbitohs,Gold Coast Titans,South Sydney Rabbitohs,South Sydney Rabbitohs,South Sydney Rabbitohs
2022,Rd 14,3,Sydney Roosters,Melbourne Storm,18,26,Melbourne Storm,Sydney Roosters,Melbourne Storm,Melbourne Storm,Melbourne Storm
2022,Rd 14,4,Brisbane Broncos,Canberra Raiders,24,18,Brisbane Broncos,Canberra Raiders,Brisbane Broncos,Brisbane Broncos,Brisbane Broncos
2022,Rd 14,5,Wests Tigers,Manly Sea Eagles,4,30,Manly Sea Eagles,Wests Tigers,Manly Sea Eagles,Manly Sea Eagles,Manly Sea Eagles
2022,Rd 14,6,Newcastle Knights,Penrith Panthers,6,42,Penrith Panthers,Newcastle Knights,Penrith Panthers,Penrith Panthers,Penrith Panthers
2022,Rd 14,7,New Zealand Warriors,Cronulla Sharks,16,38,Cronulla Sharks,New Zealand Warriors,Cronulla Sharks,Cronulla Sharks,Cronulla Sharks
2022,Rd 14,8,Canterbury Bulldogs,Parramatta Eels,34,4,Parramatta Eels,Canterbury Bulldogs,Parramatta Eels,Parramatta Eels,Canterbury Bulldogs
2022,Rd 15,1,St. George Illawarra Dragons,South Sydney Rabbitohs,32,12,South Sydney Rabbitohs,St. George Illawarra Dragons,South Sydney Rabbitohs,South Sydney Rabbitohs,St. George Illawarra Dragons
2022,Rd 15,2,Manly Sea Eagles,NQ Cowboys,26,28,NQ Cowboys,NQ Cowboys,Manly Sea Eagles,Manly Sea Eagles,NQ Cowboys
2022,Rd 15,3,Melbourne Storm,Brisbane Broncos,32,20,Melbourne Storm,Brisbane Broncos,Melbourne Storm,Melbourne Storm,Melbourne Storm
2022,Rd 15,4,Cronulla Sharks,Gold Coast Titans,18,10,Cronulla Sharks,Gold Coast Titans,Cronulla Sharks,Cronulla Sharks,Cronulla Sharks
2022,Rd 15,5,New Zealand Warriors,Penrith Panthers,6,40,Penrith Panthers,New Zealand Warriors,Penrith Panthers,Penrith Panthers,Penrith Panthers
2022,Rd 15,6,Parramatta Eels,Sydney Roosters,26,16,Parramatta Eels,Sydney Roosters,Parramatta Eels,Parramatta Eels,Parramatta Eels
2022,Rd 15,7,Canberra Raiders,Newcastle Knights,20,18,Canberra Raiders,Newcastle Knights,Canberra Raiders,Canberra Raiders,Canberra Raiders
2022,Rd 15,8,Canterbury Bulldogs,Wests Tigers,36,12,Wests Tigers,Wests Tigers,Canterbury Bulldogs,Canterbury Bulldogs,Canterbury Bulldogs
2022,Rd 16,1,Manly Sea Eagles,Melbourne Storm,36,30,Melbourne Storm,Manly Sea Eagles,Melbourne Storm,Melbourne Storm,Manly Sea Eagles
2022,Rd 16,2,Newcastle Knights,Gold Coast Titans,38,12,Newcastle Knights,Gold Coast Titans,Newcastle Knights,Newcastle Knights,Newcastle Knights
2022,Rd 16,3,Penrith Panthers,Sydney Roosters,26,18,Penrith Panthers,Sydney Roosters,Penrith Panthers,Penrith Panthers,Penrith Panthers
2022,Rd 16,4,Canterbury Bulldogs,Cronulla Sharks,6,18,Cronulla Sharks,Canterbury Bulldogs,Cronulla Sharks,Cronulla Sharks,Cronulla Sharks
2022,Rd 16,5,NQ Cowboys,Brisbane Broncos,40,26,NQ Cowboys,Brisbane Broncos,NQ Cowboys,NQ Cowboys,NQ Cowboys
2022,Rd 16,6,South Sydney Rabbitohs,Parramatta Eels,30,12,Parramatta Eels,Parramatta Eels,South Sydney Rabbitohs,South Sydney Rabbitohs,South Sydney Rabbitohs
2022,Rd 16,7,New Zealand Warriors,Wests Tigers,22,2,Wests Tigers,Wests Tigers,New Zealand Warriors,New Zealand Warriors,New Zealand Warriors
2022,Rd 16,8,St. George Illawarra Dragons,Canberra Raiders,12,10,St. George Illawarra Dragons,St. George Illawarra Dragons,Canberra Raiders,Canberra Raiders,St. George Illawarra Dragons
2022,Rd 17,1,Cronulla Sharks,Melbourne Storm,28,6,Melbourne Storm,Cronulla Sharks,Melbourne Storm,Melbourne Storm,Cronulla Sharks
2022,Rd 17,2,Newcastle Knights,South Sydney Rabbitohs,28,40,South Sydney Rabbitohs,Newcastle Knights,South Sydney Rabbitohs,South Sydney Rabbitohs,South Sydney Rabbitohs
2022,Rd 17,3,Wests Tigers,Parramatta Eels,20,28,Parramatta Eels,Wests Tigers,Parramatta Eels,Parramatta Eels,Parramatta Eels
2022,Rd 17,4,Brisbane Broncos,St. George Illawarra Dragons,32,18,Brisbane Broncos,St. George Illawarra Dragons,Brisbane Broncos,Brisbane Broncos,Brisbane Broncos
2022,Rd 18,1,NQ Cowboys,Cronulla Sharks,12,26,NQ Cowboys,Cronulla Sharks,NQ Cowboys,NQ Cowboys,Cronulla Sharks
2022,Rd 18,2,Parramatta Eels,New Zealand Warriors,28,18,Parramatta Eels,New Zealand Warriors,Parramatta Eels,Parramatta Eels,Parramatta Eels
2022,Rd 18,3,Sydney Roosters,St. George Illawarra Dragons,54,26,St. George Illawarra Dragons,St. George Illawarra Dragons,Sydney Roosters,Sydney Roosters,Sydney Roosters
2022,Rd 18,4,Manly Sea Eagles,Newcastle Knights,42,12,Manly Sea Eagles,Newcastle Knights,Manly Sea Eagles,Manly Sea Eagles,Manly Sea Eagles
2022,Rd 18,5,Gold Coast Titans,Brisbane Broncos,12,16,Brisbane Broncos,Gold Coast Titans,Brisbane Broncos,Brisbane Broncos,Brisbane Broncos
2022,Rd 18,6,Wests Tigers,Penrith Panthers,16,18,Penrith Panthers,Wests Tigers,Penrith Panthers,Penrith Panthers,Penrith Panthers
2022,Rd 18,7,Melbourne Storm,Canberra Raiders,16,20,Melbourne Storm,Canberra Raiders,Melbourne Storm,Melbourne Storm,Canberra Raiders
2022,Rd 18,8,Canterbury Bulldogs,South Sydney Rabbitohs,28,36,South Sydney Rabbitohs,Canterbury Bulldogs,South Sydney Rabbitohs,South Sydney Rabbitohs,South Sydney Rabbitohs
2022,Rd 19,1,Parramatta Eels,Brisbane Broncos,14,36,Brisbane Broncos,Brisbane Broncos,Parramatta Eels,Parramatta Eels,Brisbane Broncos
2022,Rd 19,2,St. George Illawarra Dragons,Manly Sea Eagles,20,6,Manly Sea Eagles,St. George Illawarra Dragons,Manly Sea Eagles,Manly Sea Eagles,St. George Illawarra Dragons
2022,Rd 19,3,Newcastle Knights,Sydney Roosters,12,42,Sydney Roosters,Newcastle Knights,Sydney Roosters,Sydney Roosters,Sydney Roosters
2022,Rd 19,4,Canberra Raiders,New Zealand Warriors,26,14,Canberra Raiders,New Zealand Warriors,Canberra Raiders,Canberra Raiders,Canberra Raiders
2022,Rd 19,5,Penrith Panthers,Cronulla Sharks,20,10,Penrith Panthers,Cronulla Sharks,Penrith Panthers,Penrith Panthers,Penrith Panthers
2022,Rd 19,6,South Sydney Rabbitohs,Melbourne Storm,24,12,Melbourne Storm,South Sydney Rabbitohs,Melbourne Storm,Melbourne Storm,South Sydney Rabbitohs
2022,Rd 19,7,Canterbury Bulldogs,Gold Coast Titans,36,26,Canterbury Bulldogs,Gold Coast Titans,Canterbury Bulldogs,Canterbury Bulldogs,Canterbury Bulldogs
2022,Rd 19,8,NQ Cowboys,Wests Tigers,27,26,NQ Cowboys,Wests Tigers,NQ Cowboys,NQ Cowboys,NQ Cowboys
2022,Rd 20,1,Manly Sea Eagles,Sydney Roosters,10,20,Sydney Roosters,Manly Sea Eagles,Sydney Roosters,Sydney Roosters,Sydney Roosters
2022,Rd 20,2,New Zealand Warriors,Melbourne Storm,12,24,Melbourne Storm,New Zealand Warriors,Melbourne Storm,Melbourne Storm,Melbourne Storm
2022,Rd 20,3,Parramatta Eels,Penrith Panthers,34,10,Penrith Panthers,Parramatta Eels,Penrith Panthers,Penrith Panthers,Parramatta Eels
2022,Rd 20,4,Gold Coast Titans,Canberra Raiders,24,36,Canberra Raiders,Gold Coast Titans,Canberra Raiders,Canberra Raiders,Canberra Raiders
2022,Rd 20,5,Cronulla Sharks,South Sydney Rabbitohs,21,20,Cronulla Sharks,South Sydney Rabbitohs,Cronulla Sharks,Cronulla Sharks,Cronulla Sharks
2022,Rd 20,6,Brisbane Broncos,Wests Tigers,18,32,Brisbane Broncos,Wests Tigers,Brisbane Broncos,Brisbane Broncos,Wests Tigers
2022,Rd 20,7,Newcastle Knights,Canterbury Bulldogs,10,24,Canterbury Bulldogs,Canterbury Bulldogs,Newcastle Knights,Newcastle Knights,Canterbury Bulldogs
2022,Rd 20,8,St. George Illawarra Dragons,NQ Cowboys,8,34,NQ Cowboys,St. George Illawarra Dragons,NQ Cowboys,NQ Cowboys,NQ Cowboys
2022,Rd 21,1,Sydney Roosters,Brisbane Broncos,34,16,Brisbane Broncos,Brisbane Broncos,Sydney Roosters,Sydney Roosters,Sydney Roosters
2022,Rd 21,2,Melbourne Storm,Gold Coast Titans,32,14,Melbourne Storm,Gold Coast Titans,Melbourne Storm,Melbourne Storm,Melbourne Storm
2022,Rd 21,3,Manly Sea Eagles,Parramatta Eels,20,36,Parramatta Eels,Parramatta Eels,Manly Sea Eagles,Manly Sea Eagles,Parramatta Eels
2022,Rd 21,4,South Sydney Rabbitohs,New Zealand Warriors,48,10,South Sydney Rabbitohs,New Zealand Warriors,South Sydney Rabbitohs,South Sydney Rabbitohs,South Sydney Rabbitohs
2022,Rd 21,5,Canberra Raiders,Penrith Panthers,6,26,Penrith Panthers,Canberra Raiders,Penrith Panthers,Penrith Panthers,Penrith Panthers
2022,Rd 21,6,Cronulla Sharks,St. George Illawarra Dragons,24,18,Cronulla Sharks,St. George Illawarra Dragons,Cronulla Sharks,Cronulla Sharks,Cronulla Sharks
2022,Rd 21,7,Canterbury Bulldogs,NQ Cowboys,14,28,NQ Cowboys,Canterbury Bulldogs,NQ Cowboys,NQ Cowboys,NQ Cowboys
2022,Rd 21,8,Wests Tigers,Newcastle Knights,10,14,Newcastle Knights,Newcastle Knights,Wests Tigers,Wests Tigers,Newcastle Knights
2022,Rd 22,1,Penrith Panthers,Melbourne Storm,0,16,Penrith Panthers,Melbourne Storm,Penrith Panthers,Penrith Panthers,Melbourne Storm
2022,Rd 22,2,New Zealand Warriors,Canterbury Bulldogs,42,18,Canterbury Bulldogs,Canterbury Bulldogs,New Zealand Warriors,New Zealand Warriors,New Zealand Warriors
2022,Rd 22,3,Parramatta Eels,South Sydney Rabbitohs,0,26,Parramatta Eels,South Sydney Rabbitohs,Parramatta Eels,Parramatta Eels,South Sydney Rabbitohs
2022,Rd 22,4,Sydney Roosters,NQ Cowboys,32,18,NQ Cowboys,NQ Cowboys,Sydney Roosters,Sydney Roosters,Sydney Roosters
2022,Rd 22,5,Wests Tigers,Cronulla Sharks,12,36,Cronulla Sharks,Wests Tigers,Cronulla Sharks,Cronulla Sharks,Cronulla Sharks
2022,Rd 22,6,Brisbane Broncos,Newcastle Knights,28,10,Brisbane Broncos,Newcastle Knights,Brisbane Broncos,Brisbane Broncos,Brisbane Broncos
2022,Rd 22,7,Canberra Raiders,St. George Illawarra Dragons,24,22,Canberra Raiders,St. George Illawarra Dragons,Canberra Raiders,Canberra Raiders,Canberra Raiders
2022,Rd 22,8,Gold Coast Titans,Manly Sea Eagles,44,24,Manly Sea Eagles,Gold Coast Titans,Manly Sea Eagles,Manly Sea Eagles,Gold Coast Titans
2022,Rd 23,1,South Sydney Rabbitohs,Penrith Panthers,22,26,Penrith Panthers,South Sydney Rabbitohs,Penrith Panthers,Penrith Panthers,Penrith Panthers
2022,Rd 23,2,NQ Cowboys,New Zealand Warriors,48,4,NQ Cowboys,New Zealand Warriors,NQ Cowboys,NQ Cowboys,NQ Cowboys
2022,Rd 23,3,Brisbane Broncos,Melbourne Storm,12,60,Melbourne Storm,Brisbane Broncos,Melbourne Storm,Melbourne Storm,Melbourne Storm
2022,Rd 23,4,Parramatta Eels,Canterbury Bulldogs,42,6,Parramatta Eels,Canterbury Bulldogs,Parramatta Eels,Parramatta Eels,Parramatta Eels
2022,Rd 23,5,Manly Sea Eagles,Cronulla Sharks,6,40,Cronulla Sharks,Manly Sea Eagles,Cronulla Sharks,Cronulla Sharks,Cronulla Sharks
2022,Rd 23,6,Sydney Roosters,Wests Tigers,72,6,Sydney Roosters,Wests Tigers,Sydney Roosters,Sydney Roosters,Sydney Roosters
2022,Rd 23,7,St. George Illawarra Dragons,Gold Coast Titans,46,26,St. George Illawarra Dragons,Gold Coast Titans,St. George Illawarra Dragons,St. George Illawarra Dragons,St. George Illawarra Dragons
2022,Rd 23,8,Newcastle Knights,Canberra Raiders,22,28,Canberra Raiders,Newcastle Knights,Canberra Raiders,Canberra Raiders,Canberra Raiders
2022,Rd 24,1,Brisbane Broncos,Parramatta Eels,6,53,Parramatta Eels,Brisbane Broncos,Parramatta Eels,Parramatta Eels,Parramatta Eels
2022,Rd 24,2,Penrith Panthers,New Zealand Warriors,46,12,Penrith Panthers,New Zealand Warriors,Penrith Panthers,Penrith Panthers,Penrith Panthers
2022,Rd 24,3,Melbourne Storm,Sydney Roosters,14,18,Melbourne Storm,Sydney Roosters,Melbourne Storm,Melbourne Storm,Sydney Roosters
2022,Rd 24,4,Canberra Raiders,Manly Sea Eagles,48,6,Canberra Raiders,Manly Sea Eagles,Canberra Raiders,Canberra Raiders,Canberra Raiders
2022,Rd 24,5,Cronulla Sharks,Canterbury Bulldogs,16,0,Cronulla Sharks,Canterbury Bulldogs,Cronulla Sharks,Cronulla Sharks,Cronulla Sharks
2022,Rd 24,6,South Sydney Rabbitohs,NQ Cowboys,20,10,NQ Cowboys,NQ Cowboys,South Sydney Rabbitohs,South Sydney Rabbitohs,South Sydney Rabbitohs
2022,Rd 24,7,Wests Tigers,St. George Illawarra Dragons,22,24,St. George Illawarra Dragons,Wests Tigers,St. George Illawarra Dragons,St. George Illawarra Dragons,St. George Illawarra Dragons
2022,Rd 24,8,Gold Coast Titans,Newcastle Knights,36,26,Newcastle Knights,Newcastle Knights,Gold Coast Titans,Gold Coast Titans,Gold Coast Titans
2022,Rd 25,1,Parramatta Eels,Melbourne Storm,22,14,Melbourne Storm,Parramatta Eels,Melbourne Storm,Melbourne Storm,Parramatta Eels
2022,Rd 25,2,Canterbury Bulldogs,Manly Sea Eagles,21,20,Manly Sea Eagles,Canterbury Bulldogs,Manly Sea Eagles,Manly Sea Eagles,Canterbury Bulldogs
2022,Rd 25,3,Sydney Roosters,South Sydney Rabbitohs,26,16,Sydney Roosters,South Sydney Rabbitohs,Sydney Roosters,Sydney Roosters,Sydney Roosters
2022,Rd 25,4,New Zealand Warriors,Gold Coast Titans,26,27,New Zealand Warriors,Gold Coast Titans,New Zealand Warriors,New Zealand Warriors,Gold Coast Titans
2022,Rd 25,5,St. George Illawarra Dragons,Brisbane Broncos,22,12,Brisbane Broncos,Brisbane Broncos,St. George Illawarra Dragons,St. George Illawarra Dragons,St. George Illawarra Dragons
2022,Rd 25,6,NQ Cowboys,Penrith Panthers,38,8,Penrith Panthers,NQ Cowboys,Penrith Panthers,Penrith Panthers,NQ Cowboys
2022,Rd 25,7,Newcastle Knights,Cronulla Sharks,16,38,Cronulla Sharks,Newcastle Knights,Cronulla Sharks,Cronulla Sharks,Cronulla Sharks
2022,Rd 25,8,Wests Tigers,Canberra Raiders,10,56,Canberra Raiders,Wests Tigers,Canberra Raiders,Canberra Raiders,Canberra Raiders
2023,Rd 1,1,Parramatta Eels,Melbourne Storm,12,16,Parramatta Eels,Parramatta Eels,Melbourne Storm,Melbourne Storm,Melbourne Storm
2023,Rd 1,2,New Zealand Warriors,Newcastle Knights,20,12,New Zealand Warriors,Newcastle Knights,New Zealand Warriors,New Zealand Warriors,New Zealand Warriors
2023,Rd 1,3,Penrith Panthers,Brisbane Broncos,12,13,Penrith Panthers,Brisbane Broncos,Penrith Panthers,Penrith Panthers,Brisbane Broncos
2023,Rd 1,4,Manly Sea Eagles,Canterbury Bulldogs,31,6,Manly Sea Eagles,Canterbury Bulldogs,Manly Sea Eagles,Manly Sea Eagles,Manly Sea Eagles
2023,Rd 1,5,NQ Cowboys,Canberra Raiders,19,18,NQ Cowboys,Canberra Raiders,NQ Cowboys,NQ Cowboys,NQ Cowboys
2023,Rd 1,6,Cronulla Sharks,South Sydney Rabbitohs,18,27,Cronulla Sharks,South Sydney Rabbitohs,Cronulla Sharks,Cronulla Sharks,South Sydney Rabbitohs
2023,Rd 1,7,Dolphins,Sydney Roosters,28,18,Dolphins,Dolphins,Sydney Roosters,Sydney Roosters,Dolphins
2023,Rd 1,8,Wests Tigers,Gold Coast Titans,10,22,Wests Tigers,Gold Coast Titans,Wests Tigers,Wests Tigers,Gold Coast Titans
2023,Rd 2,1,Penrith Panthers,South Sydney Rabbitohs,16,10,South Sydney Rabbitohs,South Sydney Rabbitohs,Penrith Panthers,Penrith Panthers,Penrith Panthers
2023,Rd 2,2,Parramatta Eels,Cronulla Sharks,26,30,Parramatta Eels,Cronulla Sharks,Parramatta Eels,Parramatta Eels,Cronulla Sharks
2023,Rd 2,3,Brisbane Broncos,NQ Cowboys,28,16,NQ Cowboys,Brisbane Broncos,NQ Cowboys,NQ Cowboys,Brisbane Broncos
2023,Rd 2,4,Sydney Roosters,New Zealand Warriors,20,12,New Zealand Warriors,New Zealand Warriors,Sydney Roosters,Sydney Roosters,Sydney Roosters
2023,Rd 2,5,Dolphins,Canberra Raiders,20,14,Dolphins,Canberra Raiders,Dolphins,Dolphins,Dolphins
2023,Rd 2,6,Melbourne Storm,Canterbury Bulldogs,12,26,Melbourne Storm,Canterbury Bulldogs,Melbourne Storm,Melbourne Storm,Canterbury Bulldogs
2023,Rd 2,7,Wests Tigers,Newcastle Knights,12,14,Newcastle Knights,Newcastle Knights,Wests Tigers,Wests Tigers,Newcastle Knights
2023,Rd 2,8,St. George Illawarra Dragons,Gold Coast Titans,32,18,Gold Coast Titans,Gold Coast Titans,St. George Illawarra Dragons,St. George Illawarra Dragons,St. George Illawarra Dragons
2023,Rd 3,1,Manly Sea Eagles,Parramatta Eels,34,30,Manly Sea Eagles,Parramatta Eels,Manly Sea Eagles,Manly Sea Eagles,Manly Sea Eagles
2023,Rd 3,2,Newcastle Knights,Dolphins,20,36,Dolphins,Newcastle Knights,Dolphins,Dolphins,Dolphins
2023,Rd 3,3,Sydney Roosters,South Sydney Rabbitohs,20,18,South Sydney Rabbitohs,South Sydney Rabbitohs,Sydney Roosters,Sydney Roosters,Sydney Roosters
2023,Rd 3,4,Gold Coast Titans,Melbourne Storm,38,34,Gold Coast Titans,Gold Coast Titans,Melbourne Storm,Melbourne Storm,Gold Coast Titans
2023,Rd 3,5,NQ Cowboys,New Zealand Warriors,12,26,New Zealand Warriors,New Zealand Warriors,NQ Cowboys,NQ Cowboys,New Zealand Warriors
2023,Rd 3,6,Brisbane Broncos,St. George Illawarra Dragons,40,18,St. George Illawarra Dragons,St. George Illawarra Dragons,Brisbane Broncos,Brisbane Broncos,Brisbane Broncos
2023,Rd 3,7,Canterbury Bulldogs,Wests Tigers,26,22,Canterbury Bulldogs,Wests Tigers,Canterbury Bulldogs,Canterbury Bulldogs,Canterbury Bulldogs
2023,Rd 3,8,Canberra Raiders,Cronulla Sharks,24,20,Cronulla Sharks,Canberra Raiders,Cronulla Sharks,Cronulla Sharks,Canberra Raiders
2023,Rd 4,1,Parramatta Eels,Penrith Panthers,17,16,Penrith Panthers,Parramatta Eels,Penrith Panthers,Penrith Panthers,Parramatta Eels
2023,Rd 4,2,Melbourne Storm,Wests Tigers,24,12,Melbourne Storm,Wests Tigers,Melbourne Storm,Melbourne Storm,Melbourne Storm
2023,Rd 4,3,Dolphins,Brisbane Broncos,12,18,Brisbane Broncos,Brisbane Broncos,Dolphins,Dolphins,Brisbane Broncos
2023,Rd 4,4,NQ Cowboys,Gold Coast Titans,24,12,Gold Coast Titans,Gold Coast Titans,NQ Cowboys,NQ Cowboys,NQ Cowboys
2023,Rd 4,5,South Sydney Rabbitohs,Manly Sea Eagles,13,12,Manly Sea Eagles,Manly Sea Eagles,South Sydney Rabbitohs,South Sydney Rabbitohs,South Sydney Rabbitohs
2023,Rd 4,6,New Zealand Warriors,Canterbury Bulldogs,16,14,New Zealand Warriors,Canterbury Bulldogs,New Zealand Warriors,New Zealand Warriors,New Zealand Warriors
2023,Rd 4,7,Newcastle Knights,Canberra Raiders,24,14,Canberra Raiders,Newcastle Knights,Canberra Raiders,Canberra Raiders,Newcastle Knights
2023,Rd 4,8,St. George Illawarra Dragons,Cronulla Sharks,8,40,St. George Illawarra Dragons,St. George Illawarra Dragons,Cronulla Sharks,Cronulla Sharks,Cronulla Sharks
2023,Rd 5,1,Sydney Roosters,Parramatta Eels,28,20,Sydney Roosters,Parramatta Eels,Sydney Roosters,Sydney Roosters,Sydney Roosters
2023,Rd 5,2,Canberra Raiders,Penrith Panthers,12,53,Penrith Panthers,Canberra Raiders,Penrith Panthers,Penrith Panthers,Penrith Panthers
2023,Rd 5,3,South Sydney Rabbitohs,Melbourne Storm,10,18,South Sydney Rabbitohs,Melbourne Storm,South Sydney Rabbitohs,South Sydney Rabbitohs,Melbourne Storm
2023,Rd 5,4,Manly Sea Eagles,Newcastle Knights,32,32,Manly Sea Eagles,Newcastle Knights,Manly Sea Eagles,Manly Sea Eagles,Newcastle Knights
2023,Rd 5,5,St. George Illawarra Dragons,Dolphins,38,12,Dolphins,St. George Illawarra Dragons,Dolphins,Dolphins,St. George Illawarra Dragons
2023,Rd 5,6,Brisbane Broncos,Wests Tigers,46,12,Brisbane Broncos,Wests Tigers,Brisbane Broncos,Brisbane Broncos,Brisbane Broncos
2023,Rd 5,7,Cronulla Sharks,New Zealand Warriors,30,32,New Zealand Warriors,New Zealand Warriors,Cronulla Sharks,Cronulla Sharks,New Zealand Warriors
2023,Rd 5,8,Canterbury Bulldogs,NQ Cowboys,15,14,Canterbury Bulldogs,Canterbury Bulldogs,NQ Cowboys,NQ Cowboys,Canterbury Bulldogs
2023,Rd 6,1,Melbourne Storm,Sydney Roosters,28,8,Sydney Roosters,Sydney Roosters,Melbourne Storm,Melbourne Storm,Melbourne Storm
2023,Rd 6,2,Canterbury Bulldogs,South Sydney Rabbitohs,16,50,Canterbury Bulldogs,Canterbury Bulldogs,South Sydney Rabbitohs,South Sydney Rabbitohs,South Sydney Rabbitohs
2023,Rd 6,3,NQ Cowboys,Dolphins,22,32,Dolphins,Dolphins,NQ Cowboys,NQ Cowboys,Dolphins
2023,Rd 6,4,Penrith Panthers,Manly Sea Eagles,44,12,Manly Sea Eagles,Manly Sea Eagles,Penrith Panthers,Penrith Panthers,Penrith Panthers
2023,Rd 6,5,Brisbane Broncos,Canberra Raiders,14,20,Brisbane Broncos,Canberra Raiders,Brisbane Broncos,Brisbane Broncos,Canberra Raiders
2023,Rd 6,6,Gold Coast Titans,St. George Illawarra Dragons,20,18,Gold Coast Titans,St. George Illawarra Dragons,Gold Coast Titans,Gold Coast Titans,Gold Coast Titans
2023,Rd 6,7,Newcastle Knights,New Zealand Warriors,34,24,New Zealand Warriors,New Zealand Warriors,Newcastle Knights,Newcastle Knights,Newcastle Knights
2023,Rd 6,8,Wests Tigers,Parramatta Eels,22,28,Parramatta Eels,Wests Tigers,Parramatta Eels,Parramatta Eels,Parramatta Eels
2023,Rd 7,1,Dolphins,South Sydney Rabbitohs,14,36,Dolphins,Dolphins,South Sydney Rabbitohs,South Sydney Rabbitohs,South Sydney Rabbitohs
2023,Rd 7,2,Cronulla Sharks,Sydney Roosters,22,12,Sydney Roosters,Sydney Roosters,Cronulla Sharks,Cronulla Sharks,Cronulla Sharks
2023,Rd 7,3,Manly Sea Eagles,Melbourne Storm,18,8,Melbourne Storm,Manly Sea Eagles,Melbourne Storm,Melbourne Storm,Manly Sea Eagles
2023,Rd 7,4,New Zealand Warriors,NQ Cowboys,22,14,New Zealand Warriors,NQ Cowboys,New Zealand Warriors,New Zealand Warriors,New Zealand Warriors
2023,Rd 7,5,Newcastle Knights,Penrith Panthers,15,16,Penrith Panthers,Newcastle Knights,Penrith Panthers,Penrith Panthers,Penrith Panthers
2023,Rd 7,6,Gold Coast Titans,Brisbane Broncos,26,43,Brisbane Broncos,Gold Coast Titans,Brisbane Broncos,Brisbane Broncos,Brisbane Broncos
2023,Rd 7,7,Canberra Raiders,St. George Illawarra Dragons,20,14,St. George Illawarra Dragons,St. George Illawarra Dragons,Canberra Raiders,Canberra Raiders,Canberra Raiders
2023,Rd 7,8,Parramatta Eels,Canterbury Bulldogs,30,4,Canterbury Bulldogs,Canterbury Bulldogs,Parramatta Eels,Parramatta Eels,Parramatta Eels
2023,Rd 8,1,South Sydney Rabbitohs,Penrith Panthers,20,18,Penrith Panthers,South Sydney Rabbitohs,Penrith Panthers,Penrith Panthers,South Sydney Rabbitohs
2023,Rd 8,2,Parramatta Eels,Brisbane Broncos,16,26,Brisbane Broncos,Brisbane Broncos,Parramatta Eels,Parramatta Eels,Brisbane Broncos
2023,Rd 8,3,Canterbury Bulldogs,Cronulla Sharks,20,33,Cronulla Sharks,Canterbury Bulldogs,Cronulla Sharks,Cronulla Sharks,Cronulla Sharks
2023,Rd 8,4,NQ Cowboys,Newcastle Knights,18,16,Newcastle Knights,Newcastle Knights,NQ Cowboys,NQ Cowboys,NQ Cowboys
2023,Rd 8,5,Dolphins,Gold Coast Titans,28,26,Dolphins,Gold Coast Titans,Dolphins,Dolphins,Dolphins
2023,Rd 8,6,Wests Tigers,Manly Sea Eagles,16,22,Manly Sea Eagles,Wests Tigers,Manly Sea Eagles,Manly Sea Eagles,Manly Sea Eagles
2023,Rd 8,7,Sydney Roosters,St. George Illawarra Dragons,27,26,Sydney Roosters,St. George Illawarra Dragons,Sydney Roosters,Sydney Roosters,Sydney Roosters
2023,Rd 8,8,Melbourne Storm,New Zealand Warriors,30,22,New Zealand Warriors,New Zealand Warriors,Melbourne Storm,Melbourne Storm,Melbourne Storm
2023,Rd 9,1,Cronulla Sharks,NQ Cowboys,44,6,Cronulla Sharks,NQ Cowboys,Cronulla Sharks,Cronulla Sharks,Cronulla Sharks
2023,Rd 9,2,Parramatta Eels,Newcastle Knights,43,12,Newcastle Knights,Newcastle Knights,Parramatta Eels,Parramatta Eels,Parramatta Eels
2023,Rd 9,3,Brisbane Broncos,South Sydney Rabbitohs,6,32,Brisbane Broncos,Brisbane Broncos,South Sydney Rabbitohs,South Sydney Rabbitohs,South Sydney Rabbitohs
2023,Rd 9,4,Canberra Raiders,Dolphins,31,30,Dolphins,Dolphins,Canberra Raiders,Canberra Raiders,Canberra Raiders
2023,Rd 9,5,Manly Sea Eagles,Gold Coast Titans,10,26,Manly Sea Eagles,Gold Coast Titans,Manly Sea Eagles,Manly Sea Eagles,Gold Coast Titans
2023,Rd 9,6,Penrith Panthers,Wests Tigers,8,12,Penrith Panthers,Wests Tigers,Penrith Panthers,Penrith Panthers,Wests Tigers
2023,Rd 9,7,New Zealand Warriors,Sydney Roosters,0,14,New Zealand Warriors,New Zealand Warriors,Sydney Roosters,Sydney Roosters,Sydney Roosters
2023,Rd 9,8,St. George Illawarra Dragons,Canterbury Bulldogs,16,18,St. George Illawarra Dragons,Canterbury Bulldogs,St. George Illawarra Dragons,St. George Illawarra Dragons,Canterbury Bulldogs
2023,Rd 10,1,Canterbury Bulldogs,Canberra Raiders,30,34,Canberra Raiders,Canterbury Bulldogs,Canberra Raiders,Canberra Raiders,Canberra Raiders
2023,Rd 10,2,Manly Sea Eagles,Brisbane Broncos,6,32,Brisbane Broncos,Brisbane Broncos,Manly Sea Eagles,Manly Sea Eagles,Brisbane Broncos
2023,Rd 10,3,New Zealand Warriors,Penrith Panthers,6,18,Penrith Panthers,New Zealand Warriors,Penrith Panthers,Penrith Panthers,Penrith Panthers
2023,Rd 10,4,Cronulla Sharks,Dolphins,16,36,Cronulla Sharks,Dolphins,Cronulla Sharks,Cronulla Sharks,Dolphins
2023,Rd 10,5,Melbourne Storm,South Sydney Rabbitohs,12,28,South Sydney Rabbitohs,South Sydney Rabbitohs,Melbourne Storm,Melbourne Storm,South Sydney Rabbitohs
2023,Rd 10,6,Wests Tigers,St. George Illawarra Dragons,18,16,St. George Illawarra Dragons,Wests Tigers,St. George Illawarra Dragons,St. George Illawarra Dragons,Wests Tigers
2023,Rd 10,7,Sydney Roosters,NQ Cowboys,6,20,Sydney Roosters,NQ Cowboys,Sydney Roosters,Sydney Roosters,NQ Cowboys
2023,Rd 10,8,Gold Coast Titans,Parramatta Eels,26,24,Gold Coast Titans,Gold Coast Titans,Parramatta Eels,Parramatta Eels,Gold Coast Titans
2023,Rd 11,1,Melbourne Storm,Brisbane Broncos,24,16,Brisbane Broncos,Brisbane Broncos,Melbourne Storm,Melbourne Storm,Melbourne Storm
2023,Rd 11,2,Canterbury Bulldogs,New Zealand Warriors,12,24,New Zealand Warriors,Canterbury Bulldogs,New Zealand Warriors,New Zealand Warriors,New Zealand Warriors
2023,Rd 11,3,Penrith Panthers,Sydney Roosters,48,4,Penrith Panthers,Sydney Roosters,Penrith Panthers,Penrith Panthers,Penrith Panthers
2023,Rd 11,4,South Sydney Rabbitohs,Wests Tigers,20,0,South Sydney Rabbitohs,Wests Tigers,South Sydney Rabbitohs,South Sydney Rabbitohs,South Sydney Rabbitohs
2023,Rd 11,5,NQ Cowboys,St. George Illawarra Dragons,42,22,NQ Cowboys,St. George Illawarra Dragons,NQ Cowboys,NQ Cowboys,NQ Cowboys
2023,Rd 11,6,Canberra Raiders,Parramatta Eels,26,18,Canberra Raiders,Parramatta Eels,Canberra Raiders,Canberra Raiders,Canberra Raiders
2023,Rd 11,7,Newcastle Knights,Gold Coast Titans,46,26,Gold Coast Titans,Gold Coast Titans,Newcastle Knights,Newcastle Knights,Newcastle Knights
2023,Rd 11,8,Manly Sea Eagles,Cronulla Sharks,14,20,Cronulla Sharks,Manly Sea Eagles,Cronulla Sharks,Cronulla Sharks,Cronulla Sharks
2023,Rd 12,1,Brisbane Broncos,Penrith Panthers,4,15,Brisbane Broncos,Brisbane Broncos,Penrith Panthers,Penrith Panthers,Penrith Panthers
2023,Rd 12,2,St. George Illawarra Dragons,Sydney Roosters,24,22,Sydney Roosters,St. George Illawarra Dragons,Sydney Roosters,Sydney Roosters,St. George Illawarra Dragons
2023,Rd 12,3,South Sydney Rabbitohs,Parramatta Eels,16,36,South Sydney Rabbitohs,Parramatta Eels,South Sydney Rabbitohs,South Sydney Rabbitohs,Parramatta Eels
2023,Rd 12,4,Cronulla Sharks,Newcastle Knights,26,6,Cronulla Sharks,Newcastle Knights,Cronulla Sharks,Cronulla Sharks,Cronulla Sharks
2023,Rd 12,5,Wests Tigers,NQ Cowboys,66,18,NQ Cowboys,Wests Tigers,NQ Cowboys,NQ Cowboys,Wests Tigers
2023,Rd 12,6,Dolphins,Melbourne Storm,16,24,Melbourne Storm,Dolphins,Melbourne Storm,Melbourne Storm,Melbourne Storm
2023,Rd 12,7,Canterbury Bulldogs,Gold Coast Titans,20,18,Gold Coast Titans,Gold Coast Titans,Canterbury Bulldogs,Canterbury Bulldogs,Canterbury Bulldogs
2023,Rd 12,8,Canberra Raiders,Manly Sea Eagles,14,42,Canberra Raiders,Manly Sea Eagles,Canberra Raiders,Canberra Raiders,Manly Sea Eagles
2023,Rd 13,1,Dolphins,St. George Illawarra Dragons,26,12,Dolphins,St. George Illawarra Dragons,Dolphins,Dolphins,Dolphins
2023,Rd 13,2,Parramatta Eels,NQ Cowboys,24,16,Parramatta Eels,NQ Cowboys,Parramatta Eels,Parramatta Eels,Parramatta Eels
2023,Rd 13,3,New Zealand Warriors,Brisbane Broncos,22,26,Brisbane Broncos,New Zealand Warriors,Brisbane Broncos,Brisbane Broncos,Brisbane Broncos
2023,Rd 13,4,South Sydney Rabbitohs,Canberra Raiders,26,33,South Sydney Rabbitohs,Canberra Raiders,South Sydney Rabbitohs,South Sydney Rabbitohs,Canberra Raiders
2023,Rd 13,5,Newcastle Knights,Manly Sea Eagles,28,18,Manly Sea Eagles,Newcastle Knights,Manly Sea Eagles,Manly Sea Eagles,Newcastle Knights
2023,Rd 14,1,Wests Tigers,Canberra Raiders,19,20,Canberra Raiders,Wests Tigers,Canberra Raiders,Canberra Raiders,Canberra Raiders
2023,Rd 14,2,New Zealand Warriors,Dolphins,30,8,Dolphins,New Zealand Warriors,Dolphins,Dolphins,New Zealand Warriors
2023,Rd 14,3,Gold Coast Titans,South Sydney Rabbitohs,28,46,South Sydney Rabbitohs,Gold Coast Titans,South Sydney Rabbitohs,South Sydney Rabbitohs,South Sydney Rabbitohs
2023,Rd 14,4,Cronulla Sharks,Brisbane Broncos,12,20,Cronulla Sharks,Brisbane Broncos,Cronulla Sharks,Cronulla Sharks,Brisbane Broncos
2023,Rd 14,5,Sydney Roosters,Canterbury Bulldogs,25,24,Sydney Roosters,Canterbury Bulldogs,Sydney Roosters,Sydney Roosters,Sydney Roosters
2023,Rd 14,6,NQ Cowboys,Melbourne Storm,45,20,Melbourne Storm,NQ Cowboys,Melbourne Storm,Melbourne Storm,NQ Cowboys
2023,Rd 14,7,Penrith Panthers,St. George Illawarra Dragons,26,18,Penrith Panthers,St. George Illawarra Dragons,Penrith Panthers,Penrith Panthers,Penrith Panthers
2023,Rd 15,1,Gold Coast Titans,Wests Tigers,28,12,Gold Coast Titans,Wests Tigers,Gold Coast Titans,Gold Coast Titans,Gold Coast Titans
2023,Rd 15,2,Canberra Raiders,New Zealand Warriors,14,36,Canberra Raiders,New Zealand Warriors,Canberra Raiders,Canberra Raiders,New Zealand Warriors
2023,Rd 15,3,Manly Sea Eagles,Dolphins,58,18,Dolphins,Dolphins,Manly Sea Eagles,Manly Sea Eagles,Manly Sea Eagles
2023,Rd 15,4,St. George Illawarra Dragons,South Sydney Rabbitohs,36,30,South Sydney Rabbitohs,St. George Illawarra Dragons,South Sydney Rabbitohs,South Sydney Rabbitohs,St. George Illawarra Dragons
2023,Rd 15,5,Brisbane Broncos,Newcastle Knights,24,20,Brisbane Broncos,Newcastle Knights,Brisbane Broncos,Brisbane Broncos,Brisbane Broncos
2023,Rd 15,6,Sydney Roosters,Penrith Panthers,6,30,Penrith Panthers,Sydney Roosters,Penrith Panthers,Penrith Panthers,Penrith Panthers
2023,Rd 15,7,Melbourne Storm,Cronulla Sharks,54,10,Cronulla Sharks,Cronulla Sharks,Melbourne Storm,Melbourne Storm,Melbourne Storm
2023,Rd 15,8,Canterbury Bulldogs,Parramatta Eels,12,34,Parramatta Eels,Canterbury Bulldogs,Parramatta Eels,Parramatta Eels,Parramatta Eels
2023,Rd 16,1,NQ Cowboys,Penrith Panthers,27,23,Penrith Panthers,NQ Cowboys,Penrith Panthers,Penrith Panthers,NQ Cowboys
2023,Rd 16,2,Newcastle Knights,Sydney Roosters,16,18,Sydney Roosters,Newcastle Knights,Sydney Roosters,Sydney Roosters,Sydney Roosters
2023,Rd 16,3,Parramatta Eels,Manly Sea Eagles,34,4,Manly Sea Eagles,Manly Sea Eagles,Parramatta Eels,Parramatta Eels,Parramatta Eels
2023,Rd 16,4,Wests Tigers,Melbourne Storm,6,28,Melbourne Storm,Wests Tigers,Melbourne Storm,Melbourne Storm,Melbourne Storm
2023,Rd 16,5,Cronulla Sharks,Canterbury Bulldogs,48,10,Cronulla Sharks,Canterbury Bulldogs,Cronulla Sharks,Cronulla Sharks,Cronulla Sharks
2023,Rd 17,1,St. George Illawarra Dragons,New Zealand Warriors,18,48,New Zealand Warriors,New Zealand Warriors,St. George Illawarra Dragons,St. George Illawarra Dragons,New Zealand Warriors
2023,Rd 17,2,Dolphins,Parramatta Eels,20,48,Parramatta Eels,Dolphins,Parramatta Eels,Parramatta Eels,Parramatta Eels
2023,Rd 17,3,Penrith Panthers,Newcastle Knights,20,12,Penrith Panthers,Newcastle Knights,Penrith Panthers,Penrith Panthers,Penrith Panthers
2023,Rd 17,4,Melbourne Storm,Manly Sea Eagles,24,6,Melbourne Storm,Manly Sea Eagles,Melbourne Storm,Melbourne Storm,Melbourne Storm
2023,Rd 17,5,Brisbane Broncos,Gold Coast Titans,12,18,Brisbane Broncos,Gold Coast Titans,Brisbane Broncos,Brisbane Broncos,Gold Coast Titans
2023,Rd 17,6,South Sydney Rabbitohs,NQ Cowboys,6,31,South Sydney Rabbitohs,NQ Cowboys,South Sydney Rabbitohs,South Sydney Rabbitohs,NQ Cowboys
2023,Rd 17,7,Sydney Roosters,Canberra Raiders,18,20,Canberra Raiders,Canberra Raiders,Sydney Roosters,Sydney Roosters,Canberra Raiders
2023,Rd 18,1,Cronulla Sharks,St. George Illawarra Dragons,52,16,Cronulla Sharks,St. George Illawarra Dragons,Cronulla Sharks,Cronulla Sharks,Cronulla Sharks
2023,Rd 18,2,New Zealand Warriors,South Sydney Rabbitohs,6,28,New Zealand Warriors,New Zealand Warriors,South Sydney Rabbitohs,South Sydney Rabbitohs,South Sydney Rabbitohs
2023,Rd 18,3,Melbourne Storm,Penrith Panthers,16,34,Penrith Panthers,Melbourne Storm,Penrith Panthers,Penrith Panthers,Penrith Panthers
2023,Rd 18,4,Canberra Raiders,Gold Coast Titans,26,22,Canberra Raiders,Gold Coast Titans,Canberra Raiders,Canberra Raiders,Canberra Raiders
2023,Rd 18,5,NQ Cowboys,Wests Tigers,74,0,NQ Cowboys,Wests Tigers,NQ Cowboys,NQ Cowboys,NQ Cowboys
2023,Rd 18,6,Brisbane Broncos,Dolphins,24,16,Brisbane Broncos,Dolphins,Brisbane Broncos,Brisbane Broncos,Brisbane Broncos
2023,Rd 18,7,Canterbury Bulldogs,Newcastle Knights,0,66,Newcastle Knights,Canterbury Bulldogs,Newcastle Knights,Newcastle Knights,Newcastle Knights
2023,Rd 18,8,Manly Sea Eagles,Sydney Roosters,18,16,Sydney Roosters,Manly Sea Eagles,Sydney Roosters,Sydney Roosters,Manly Sea Eagles
2023,Rd 19,1,Wests Tigers,Cronulla Sharks,12,36,Cronulla Sharks,Wests Tigers,Cronulla Sharks,Cronulla Sharks,Cronulla Sharks
2023,Rd 19,2,St. George Illawarra Dragons,Canberra Raiders,26,36,Canberra Raiders,St. George Illawarra Dragons,Canberra Raiders,Canberra Raiders,Canberra Raiders
2023,Rd 19,3,Parramatta Eels,New Zealand Warriors,10,46,Parramatta Eels,New Zealand Warriors,Parramatta Eels,Parramatta Eels,New Zealand Warriors
2023,Rd 19,4,South Sydney Rabbitohs,Canterbury Bulldogs,32,36,South Sydney Rabbitohs,Canterbury Bulldogs,South Sydney Rabbitohs,South Sydney Rabbitohs,Canterbury Bulldogs
2023,Rd 19,5,Gold Coast Titans,Dolphins,21,23,Gold Coast Titans,Gold Coast Titans,Dolphins,Dolphins,Dolphins
2023,Rd 20,1,Newcastle Knights,Wests Tigers,34,18,Newcastle Knights,Wests Tigers,Newcastle Knights,Newcastle Knights,Newcastle Knights
2023,Rd 20,2,Canterbury Bulldogs,Brisbane Broncos,24,44,Brisbane Broncos,Canterbury Bulldogs,Brisbane Broncos,Brisbane Broncos,Brisbane Broncos
2023,Rd 20,3,Manly Sea Eagles,NQ Cowboys,8,19,NQ Cowboys,NQ Cowboys,Manly Sea Eagles,Manly Sea Eagles,NQ Cowboys
2023,Rd 20,4,Sydney Roosters,Melbourne Storm,16,30,Melbourne Storm,Sydney Roosters,Melbourne Storm,Melbourne Storm,Melbourne Storm
2023,Rd 20,5,New Zealand Warriors,Cronulla Sharks,44,12,Cronulla Sharks,New Zealand Warriors,Cronulla Sharks,Cronulla Sharks,New Zealand Warriors
2023,Rd 20,6,Dolphins,Penrith Panthers,14,24,Penrith Panthers,Dolphins,Penrith Panthers,Penrith Panthers,Penrith Panthers
2023,Rd 20,7,Parramatta Eels,Gold Coast Titans,25,24,Parramatta Eels,Gold Coast Titans,Parramatta Eels,Parramatta Eels,Parramatta Eels
2023,Rd 21,1,St. George Illawarra Dragons,Wests Tigers,18,14,St. George Illawarra Dragons,Wests Tigers,St. George Illawarra Dragons,St. George Illawarra Dragons,St. George Illawarra Dragons
2023,Rd 21,2,New Zealand Warriors,Canberra Raiders,21,20,Canberra Raiders,Canberra Raiders,New Zealand Warriors,New Zealand Warriors,New Zealand Warriors
2023,Rd 21,3,South Sydney Rabbitohs,Brisbane Broncos,20,36,Brisbane Broncos,Brisbane Broncos,South Sydney Rabbitohs,South Sydney Rabbitohs,Brisbane Broncos
2023,Rd 21,4,Gold Coast Titans,Sydney Roosters,18,36,Gold Coast Titans,Gold Coast Titans,Sydney Roosters,Sydney Roosters,Sydney Roosters
2023,Rd 21,5,Newcastle Knights,Melbourne Storm,26,18,Melbourne Storm,Newcastle Knights,Melbourne Storm,Melbourne Storm,Newcastle Knights
2023,Rd 21,6,NQ Cowboys,Parramatta Eels,24,16,Parramatta Eels,Parramatta Eels,NQ Cowboys,NQ Cowboys,NQ Cowboys
2023,Rd 21,7,Penrith Panthers,Canterbury Bulldogs,44,18,Penrith Panthers,Canterbury Bulldogs,Penrith Panthers,Penrith Panthers,Penrith Panthers
2023,Rd 21,8,Cronulla Sharks,Manly Sea Eagles,26,30,Cronulla Sharks,Manly Sea Eagles,Cronulla Sharks,Cronulla Sharks,Manly Sea Eagles
2023,Rd 22,1,Brisbane Broncos,Sydney Roosters,32,10,Brisbane Broncos,Sydney Roosters,Brisbane Broncos,Brisbane Broncos,Brisbane Broncos
2023,Rd 22,2,Wests Tigers,South Sydney Rabbitohs,18,32,South Sydney Rabbitohs,Wests Tigers,South Sydney Rabbitohs,South Sydney Rabbitohs,South Sydney Rabbitohs
2023,Rd 22,3,Melbourne Storm,Parramatta Eels,46,16,Melbourne Storm,Parramatta Eels,Melbourne Storm,Melbourne Storm,Melbourne Storm
2023,Rd 22,4,Canberra Raiders,Newcastle Knights,6,28,Canberra Raiders,Newcastle Knights,Canberra Raiders,Canberra Raiders,Newcastle Knights
2023,Rd 22,5,St. George Illawarra Dragons,Manly Sea Eagles,18,24,Manly Sea Eagles,St. George Illawarra Dragons,Manly Sea Eagles,Manly Sea Eagles,Manly Sea Eagles
2023,Rd 22,6,Penrith Panthers,Cronulla Sharks,28,0,Penrith Panthers,Cronulla Sharks,Penrith Panthers,Penrith Panthers,Penrith Panthers
2023,Rd 22,7,Canterbury Bulldogs,Dolphins,23,22,Dolphins,Canterbury Bulldogs,Dolphins,Dolphins,Canterbury Bulldogs
2023,Rd 22,8,Gold Coast Titans,NQ Cowboys,22,13,NQ Cowboys,Gold Coast Titans,NQ Cowboys,NQ Cowboys,Gold Coast Titans
2023,Rd 23,1,Sydney Roosters,Manly Sea Eagles,26,16,Manly Sea Eagles,Manly Sea Eagles,Sydney Roosters,Sydney Roosters,Sydney Roosters
2023,Rd 23,2,Gold Coast Titans,New Zealand Warriors,18,28,New Zealand Warriors,Gold Coast Titans,New Zealand Warriors,New Zealand Warriors,New Zealand Warriors
2023,Rd 23,3,Penrith Panthers,Melbourne Storm,26,6,Penrith Panthers,Melbourne Storm,Penrith Panthers,Penrith Panthers,Penrith Panthers
2023,Rd 23,4,NQ Cowboys,Brisbane Broncos,14,30,Brisbane Broncos,Brisbane Broncos,NQ Cowboys,NQ Cowboys,Brisbane Broncos
2023,Rd 23,5,Dolphins,Newcastle Knights,28,30,Newcastle Knights,Newcastle Knights,Dolphins,Dolphins,Newcastle Knights
2023,Rd 23,6,South Sydney Rabbitohs,Cronulla Sharks,16,26,South Sydney Rabbitohs,Cronulla Sharks,South Sydney Rabbitohs,South Sydney Rabbitohs,Cronulla Sharks
2023,Rd 23,7,Parramatta Eels,St. George Illawarra Dragons,26,20,Parramatta Eels,St. George Illawarra Dragons,Parramatta Eels,Parramatta Eels,Parramatta Eels
2023,Rd 23,8,Canberra Raiders,Wests Tigers,22,18,Canberra Raiders,Wests Tigers,Canberra Raiders,Canberra Raiders,Canberra Raiders
2023,Rd 24,1,Manly Sea Eagles,Penrith Panthers,12,24,Penrith Panthers,Manly Sea Eagles,Penrith Panthers,Penrith Panthers,Penrith Panthers
2023,Rd 24,2,Cronulla Sharks,Gold Coast Titans,36,6,Cronulla Sharks,Gold Coast Titans,Cronulla Sharks,Cronulla Sharks,Cronulla Sharks
2023,Rd 24,3,Brisbane Broncos,Parramatta Eels,54,10,Brisbane Broncos,Parramatta Eels,Brisbane Broncos,Brisbane Broncos,Brisbane Broncos
2023,Rd 24,4,South Sydney Rabbitohs,St. George Illawarra Dragons,26,14,South Sydney Rabbitohs,St. George Illawarra Dragons,South Sydney Rabbitohs,South Sydney Rabbitohs,South Sydney Rabbitohs
2023,Rd 24,5,Wests Tigers,New Zealand Warriors,22,30,New Zealand Warriors,Wests Tigers,New Zealand Warriors,New Zealand Warriors,New Zealand Warriors
2023,Rd 24,6,Sydney Roosters,Dolphins,30,14,Sydney Roosters,Dolphins,Sydney Roosters,Sydney Roosters,Sydney Roosters
2023,Rd 24,7,Melbourne Storm,Canberra Raiders,48,2,Melbourne Storm,Canberra Raiders,Melbourne Storm,Melbourne Storm,Melbourne Storm
2023,Rd 24,8,Newcastle Knights,Canterbury Bulldogs,42,6,Newcastle Knights,Canterbury Bulldogs,Newcastle Knights,Newcastle Knights,Newcastle Knights
2023,Rd 25,1,NQ Cowboys,Cronulla Sharks,12,32,Cronulla Sharks,Cronulla Sharks,NQ Cowboys,NQ Cowboys,Cronulla Sharks
2023,Rd 25,2,New Zealand Warriors,Manly Sea Eagles,29,22,New Zealand Warriors,Manly Sea Eagles,New Zealand Warriors,New Zealand Warriors,New Zealand Warriors
2023,Rd 25,3,Parramatta Eels,Sydney Roosters,12,34,Parramatta Eels,Sydney Roosters,Parramatta Eels,Parramatta Eels,Sydney Roosters
2023,Rd 25,4,Wests Tigers,Dolphins,24,23,Dolphins,Wests Tigers,Dolphins,Dolphins,Wests Tigers
2023,Rd 25,5,Gold Coast Titans,Penrith Panthers,14,40,Penrith Panthers,Gold Coast Titans,Penrith Panthers,Penrith Panthers,Penrith Panthers
2023,Rd 25,6,St. George Illawarra Dragons,Melbourne Storm,28,38,Melbourne Storm,St. George Illawarra Dragons,Melbourne Storm,Melbourne Storm,Melbourne Storm
2023,Rd 25,7,Newcastle Knights,South Sydney Rabbitohs,29,10,Newcastle Knights,Newcastle Knights,South Sydney Rabbitohs,South Sydney Rabbitohs,Newcastle Knights
2023,Rd 25,8,Canberra Raiders,Canterbury Bulldogs,36,24,Canberra Raiders,Canterbury Bulldogs,Canberra Raiders,Canberra Raiders,Canberra Raiders
2023,Rd 26,1,Penrith Panthers,Parramatta Eels,18,32,Penrith Panthers,Parramatta Eels,Penrith Panthers,Penrith Panthers,Parramatta Eels
2023,Rd 26,2,New Zealand Warriors,St. George Illawarra Dragons,18,6,New Zealand Warriors,St. George Illawarra Dragons,New Zealand Warriors,New Zealand Warriors,New Zealand Warriors
2023,Rd 26,3,Dolphins,NQ Cowboys,10,34,NQ Cowboys,Dolphins,NQ Cowboys,NQ Cowboys,NQ Cowboys
2023,Rd 26,4,Melbourne Storm,Gold Coast Titans,37,16,Melbourne Storm,Gold Coast Titans,Melbourne Storm,Melbourne Storm,Melbourne Storm
2023,Rd 26,5,Sydney Roosters,Wests Tigers,32,8,Sydney Roosters,Wests Tigers,Sydney Roosters,Sydney Roosters,Sydney Roosters
2023,Rd 26,6,Canberra Raiders,Brisbane Broncos,18,29,Brisbane Broncos,Canberra Raiders,Brisbane Broncos,Brisbane Broncos,Brisbane Broncos
2023,Rd 26,7,Canterbury Bulldogs,Manly Sea Eagles,24,42,Manly Sea Eagles,Canterbury Bulldogs,Manly Sea Eagles,Manly Sea Eagles,Manly Sea Eagles
2023,Rd 26,8,Newcastle Knights,Cronulla Sharks,32,6,Cronulla Sharks,Newcastle Knights,Cronulla Sharks,Cronulla Sharks,Newcastle Knights
2023,Rd 27,1,Brisbane Broncos,Melbourne Storm,22,32,Brisbane Broncos,Melbourne Storm,Brisbane Broncos,Brisbane Broncos,Melbourne Storm
2023,Rd 27,2,Manly Sea Eagles,Wests Tigers,54,12,Manly Sea Eagles,Wests Tigers,Manly Sea Eagles,Manly Sea Eagles,Manly Sea Eagles
2023,Rd 27,3,South Sydney Rabbitohs,Sydney Roosters,12,26,South Sydney Rabbitohs,Sydney Roosters,South Sydney Rabbitohs,South Sydney Rabbitohs,Sydney Roosters
2023,Rd 27,4,Dolphins,New Zealand Warriors,34,10,New Zealand Warriors,Dolphins,New Zealand Warriors,New Zealand Warriors,Dolphins
2023,Rd 27,5,Penrith Panthers,NQ Cowboys,44,12,Penrith Panthers,NQ Cowboys,Penrith Panthers,Penrith Panthers,Penrith Panthers
2023,Rd 27,6,St. George Illawarra Dragons,Newcastle Knights,12,32,Newcastle Knights,St. George Illawarra Dragons,Newcastle Knights,Newcastle Knights,Newcastle Knights
2023,Rd 27,7,Gold Coast Titans,Canterbury Bulldogs,34,30,Gold Coast Titans,Canterbury Bulldogs,Gold Coast Titans,Gold Coast Titans,Gold Coast Titans
2023,Rd 27,8,Cronulla Sharks,Canberra Raiders,24,6,Cronulla Sharks,Canberra Raiders,Cronulla Sharks,Cronulla Sharks,Cronulla Sharks
2023,Prelim,1,Brisbane Broncos,Melbourne Storm,26.00,0,Melbourne Storm,Brisbane Broncos,Brisbane Broncos,Brisbane Broncos,Brisbane Broncos
2023,Prelim,2,Penrith Panthers,New Zealand Warriors,32.00,6,Penrith Panthers,Penrith Panthers,Penrith Panthers,Penrith Panthers,Penrith Panthers
2023,Prelim,3,Cronulla Sharks,Sydney Roosters,12.00,13,Sydney Roosters,Cronulla Sharks,Cronulla Sharks,Cronulla Sharks,Sydney Roosters
2023,Prelim,4,Newcastle Knights,Canberra Raiders,30.00,28,Canberra Raiders,Newcastle Knights,Newcastle Knights,Newcastle Knights,Newcastle Knights
2023,Qual,1,Melbourne Storm,Sydney Roosters,18.00,13,Melbourne Storm,Melbourne Storm,Melbourne Storm,Melbourne Storm,Melbourne Storm
2023,Qual,2,New Zealand Warriors,Newcastle Knights,40.00,10,Newcastle Knights,New Zealand Warriors,New Zealand Warriors,New Zealand Warriors,New Zealand Warriors
2023,Semi,1,Penrith Panthers,Melbourne Storm,38.00,4,Melbourne Storm,Penrith Panthers,Penrith Panthers,Penrith Panthers,Penrith Panthers
2023,Semi,2,Brisbane Broncos,New Zealand Warriors,42.00,12,Brisbane Broncos,Brisbane Broncos,Brisbane Broncos,Brisbane Broncos,Brisbane Broncos
2023,GF,1,Penrith Panthers,Brisbane Broncos,26,24,Penrith Panthers,Penrith Panthers,Penrith Panthers,Penrith Panthers,Penrith Panthers
2024,Rd 1,1,Manly Sea Eagles,South Sydney Rabbitohs,36,24,Manly Sea Eagles,South Sydney Rabbitohs,South Sydney Rabbitohs,South Sydney Rabbitohs,Manly Sea Eagles
2024,Rd 1,2,Sydney Roosters,Brisbane Broncos,20,10,Sydney Roosters,Brisbane Broncos,Sydney Roosters,Sydney Roosters,Sydney Roosters
2024,Rd 1,3,Newcastle Knights,Canberra Raiders,12,28,Newcastle Knights,Newcastle Knights,Newcastle Knights,Newcastle Knights,Canberra Raiders
2024,Rd 1,4,New Zealand Warriors,Cronulla Sharks,12,16,New Zealand Warriors,New Zealand Warriors,New Zealand Warriors,New Zealand Warriors,Cronulla Sharks
2024,Rd 1,5,Melbourne Storm,Penrith Panthers,8,0,Melbourne Storm,Penrith Panthers,Penrith Panthers,Penrith Panthers,Melbourne Storm
2024,Rd 1,6,Parramatta Eels,Canterbury Bulldogs,26,8,Parramatta Eels,Parramatta Eels,Parramatta Eels,Parramatta Eels,Parramatta Eels
2024,Rd 1,7,Gold Coast Titans,St. George Illawarra Dragons,4,28,Gold Coast Titans,Gold Coast Titans,Gold Coast Titans,Gold Coast Titans,St. George Illawarra Dragons
2024,Rd 1,8,Dolphins,NQ Cowboys,18,43,Dolphins,Dolphins,Dolphins,Dolphins,NQ Cowboys
2024,Rd 2,1,Brisbane Broncos,South Sydney Rabbitohs,28,18,Brisbane Broncos,Brisbane Broncos,Brisbane Broncos,Brisbane Broncos,Brisbane Broncos
2024,Rd 2,2,Cronulla Sharks,Canterbury Bulldogs,25,6,Cronulla Sharks,Cronulla Sharks,Cronulla Sharks,Cronulla Sharks,Cronulla Sharks
2024,Rd 2,3,Penrith Panthers,Parramatta Eels,26,18,Parramatta Eels,Penrith Panthers,Penrith Panthers,Penrith Panthers,Penrith Panthers
2024,Rd 2,4,Canberra Raiders,Wests Tigers,32,12,Canberra Raiders,Canberra Raiders,Canberra Raiders,Canberra Raiders,Canberra Raiders
2024,Rd 2,5,NQ Cowboys,Newcastle Knights,21,20,NQ Cowboys,NQ Cowboys,NQ Cowboys,NQ Cowboys,NQ Cowboys
2024,Rd 2,6,Melbourne Storm,New Zealand Warriors,30,26,Melbourne Storm,Melbourne Storm,Melbourne Storm,Melbourne Storm,Melbourne Storm
2024,Rd 2,7,Manly Sea Eagles,Sydney Roosters,21,14,Manly Sea Eagles,Manly Sea Eagles,Sydney Roosters,Sydney Roosters,Manly Sea Eagles
2024,Rd 2,8,Dolphins,St. George Illawarra Dragons,38,0,St. George Illawarra Dragons,St. George Illawarra Dragons,Dolphins,Dolphins,Dolphins
2024,Rd 3,1,Penrith Panthers,Brisbane Broncos,34,12,Brisbane Broncos,Penrith Panthers,Penrith Panthers,Penrith Panthers,Penrith Panthers
2024,Rd 3,2,New Zealand Warriors,Canberra Raiders,18,10,Canberra Raiders,New Zealand Warriors,New Zealand Warriors,New Zealand Warriors,New Zealand Warriors
2024,Rd 3,3,Sydney Roosters,South Sydney Rabbitohs,48,6,Sydney Roosters,Sydney Roosters,Sydney Roosters,Sydney Roosters,Sydney Roosters
2024,Rd 3,4,Canterbury Bulldogs,Gold Coast Titans,32,0,Gold Coast Titans,Canterbury Bulldogs,Canterbury Bulldogs,Canterbury Bulldogs,Canterbury Bulldogs
2024,Rd 3,5,St. George Illawarra Dragons,NQ Cowboys,24,46,NQ Cowboys,NQ Cowboys,NQ Cowboys,NQ Cowboys,NQ Cowboys
2024,Rd 3,6,Wests Tigers,Cronulla Sharks,32,6,Cronulla Sharks,Cronulla Sharks,Cronulla Sharks,Cronulla Sharks,Wests Tigers
2024,Rd 3,7,Parramatta Eels,Manly Sea Eagles,28,24,Manly Sea Eagles,Manly Sea Eagles,Parramatta Eels,Parramatta Eels,Parramatta Eels
2024,Rd 3,8,Newcastle Knights,Melbourne Storm,14,12,Melbourne Storm,Melbourne Storm,Melbourne Storm,Melbourne Storm,Newcastle Knights
2024,Rd 4,1,Sydney Roosters,Penrith Panthers,16,22,Sydney Roosters,Sydney Roosters,Penrith Panthers,Penrith Panthers,Penrith Panthers
2024,Rd 4,2,South Sydney Rabbitohs,Canterbury Bulldogs,20,16,Canterbury Bulldogs,South Sydney Rabbitohs,South Sydney Rabbitohs,South Sydney Rabbitohs,South Sydney Rabbitohs
2024,Rd 4,3,Brisbane Broncos,NQ Cowboys,38,12,NQ Cowboys,NQ Cowboys,Brisbane Broncos,Brisbane Broncos,Brisbane Broncos
2024,Rd 4,4,St. George Illawarra Dragons,Manly Sea Eagles,20,12,Manly Sea Eagles,Manly Sea Eagles,Manly Sea Eagles,Manly Sea Eagles,St. George Illawarra Dragons
2024,Rd 4,5,Gold Coast Titans,Dolphins,14,30,Dolphins,Dolphins,Dolphins,Dolphins,Dolphins
2024,Rd 4,6,New Zealand Warriors,Newcastle Knights,20,12,New Zealand Warriors,New Zealand Warriors,New Zealand Warriors,New Zealand Warriors,New Zealand Warriors
2024,Rd 4,7,Cronulla Sharks,Canberra Raiders,36,22,Canberra Raiders,Canberra Raiders,Cronulla Sharks,Cronulla Sharks,Cronulla Sharks
2024,Rd 4,8,Parramatta Eels,Wests Tigers,16,17,Parramatta Eels,Parramatta Eels,Parramatta Eels,Parramatta Eels,Wests Tigers
2024,Rd 5,1,Melbourne Storm,Brisbane Broncos,34,32,Melbourne Storm,Melbourne Storm,Melbourne Storm,Melbourne Storm,Melbourne Storm
2024,Rd 5,2,Canterbury Bulldogs,Sydney Roosters,30,26,Sydney Roosters,Sydney Roosters,Sydney Roosters,Sydney Roosters,Canterbury Bulldogs
2024,Rd 5,3,Newcastle Knights,St. George Illawarra Dragons,30,10,St. George Illawarra Dragons,Newcastle Knights,Newcastle Knights,Newcastle Knights,Newcastle Knights
2024,Rd 5,4,South Sydney Rabbitohs,New Zealand Warriors,4,34,New Zealand Warriors,New Zealand Warriors,South Sydney Rabbitohs,South Sydney Rabbitohs,New Zealand Warriors
2024,Rd 5,5,Manly Sea Eagles,Penrith Panthers,32,18,Penrith Panthers,Penrith Panthers,Penrith Panthers,Penrith Panthers,Manly Sea Eagles
2024,Rd 5,6,Dolphins,Wests Tigers,26,16,Dolphins,Dolphins,Dolphins,Dolphins,Dolphins
2024,Rd 5,7,NQ Cowboys,Gold Coast Titans,35,22,NQ Cowboys,NQ Cowboys,NQ Cowboys,NQ Cowboys,NQ Cowboys
2024,Rd 5,8,Canberra Raiders,Parramatta Eels,41,8,Canberra Raiders,Canberra Raiders,Canberra Raiders,Canberra Raiders,Canberra Raiders
2024,Rd 6,1,Newcastle Knights,Sydney Roosters,20,22,Sydney Roosters,Newcastle Knights,Sydney Roosters,Sydney Roosters,Sydney Roosters
2024,Rd 6,2,Melbourne Storm,Canterbury Bulldogs,16,14,Melbourne Storm,Melbourne Storm,Melbourne Storm,Melbourne Storm,Melbourne Storm
2024,Rd 6,3,Brisbane Broncos,Dolphins,28,14,Dolphins,Brisbane Broncos,Brisbane Broncos,Brisbane Broncos,Brisbane Broncos
2024,Rd 6,4,New Zealand Warriors,Manly Sea Eagles,22,22,New Zealand Warriors,New Zealand Warriors,New Zealand Warriors,New Zealand Warriors,Manly Sea Eagles
2024,Rd 6,5,Parramatta Eels,NQ Cowboys,27,20,NQ Cowboys,NQ Cowboys,Parramatta Eels,Parramatta Eels,Parramatta Eels
2024,Rd 6,6,South Sydney Rabbitohs,Cronulla Sharks,22,34,Cronulla Sharks,Cronulla Sharks,Cronulla Sharks,Cronulla Sharks,Cronulla Sharks
2024,Rd 6,7,Wests Tigers,St. George Illawarra Dragons,12,24,Wests Tigers,Wests Tigers,Wests Tigers,Wests Tigers,St. George Illawarra Dragons
2024,Rd 6,8,Canberra Raiders,Gold Coast Titans,21,20,Canberra Raiders,Canberra Raiders,Canberra Raiders,Canberra Raiders,Canberra Raiders
2024,Rd 7,1,Sydney Roosters,Melbourne Storm,12,18,Melbourne Storm,Sydney Roosters,Sydney Roosters,Sydney Roosters,Melbourne Storm
2024,Rd 7,2,St. George Illawarra Dragons,New Zealand Warriors,30,12,New Zealand Warriors,New Zealand Warriors,New Zealand Warriors,New Zealand Warriors,St. George Illawarra Dragons
2024,Rd 7,3,Parramatta Eels,Dolphins,16,44,Dolphins,Parramatta Eels,Parramatta Eels,Parramatta Eels,Dolphins
2024,Rd 7,4,Penrith Panthers,Wests Tigers,22,6,Penrith Panthers,Penrith Panthers,Penrith Panthers,Penrith Panthers,Penrith Panthers
2024,Rd 7,5,Gold Coast Titans,Manly Sea Eagles,30,34,Manly Sea Eagles,Manly Sea Eagles,Manly Sea Eagles,Manly Sea Eagles,Manly Sea Eagles
2024,Rd 7,6,Brisbane Broncos,Canberra Raiders,34,10,Canberra Raiders,Brisbane Broncos,Brisbane Broncos,Brisbane Broncos,Brisbane Broncos
2024,Rd 7,7,Canterbury Bulldogs,Newcastle Knights,36,12,Newcastle Knights,Canterbury Bulldogs,Newcastle Knights,Newcastle Knights,Canterbury Bulldogs
2024,Rd 7,8,Cronulla Sharks,NQ Cowboys,42,6,Cronulla Sharks,Cronulla Sharks,Cronulla Sharks,Cronulla Sharks,Cronulla Sharks
2024,Rd 8,1,New Zealand Warriors,Gold Coast Titans,24,27,New Zealand Warriors,New Zealand Warriors,New Zealand Warriors,New Zealand Warriors,Gold Coast Titans
2024,Rd 8,2,St. George Illawarra Dragons,Sydney Roosters,18,60,St. George Illawarra Dragons,Sydney Roosters,Sydney Roosters,Sydney Roosters,Sydney Roosters
2024,Rd 8,3,Melbourne Storm,South Sydney Rabbitohs,54,20,Melbourne Storm,Melbourne Storm,Melbourne Storm,Melbourne Storm,Melbourne Storm
2024,Rd 8,4,Manly Sea Eagles,Parramatta Eels,32,18,Manly Sea Eagles,Manly Sea Eagles,Manly Sea Eagles,Manly Sea Eagles,Manly Sea Eagles
2024,Rd 8,5,Wests Tigers,Brisbane Broncos,10,34,Brisbane Broncos,Brisbane Broncos,Brisbane Broncos,Brisbane Broncos,Brisbane Broncos
2024,Rd 8,6,NQ Cowboys,Penrith Panthers,20,26,Penrith Panthers,Penrith Panthers,Penrith Panthers,Penrith Panthers,Penrith Panthers
2024,Rd 8,7,Dolphins,Newcastle Knights,14,18,Dolphins,Dolphins,Dolphins,Dolphins,Newcastle Knights
2024,Rd 8,8,Canberra Raiders,Cronulla Sharks,0,40,Cronulla Sharks,Cronulla Sharks,Cronulla Sharks,Cronulla Sharks,Cronulla Sharks
2024,Rd 9,1,South Sydney Rabbitohs,Penrith Panthers,12,42,Penrith Panthers,Penrith Panthers,Penrith Panthers,Penrith Panthers,Penrith Panthers
2024,Rd 9,2,Manly Sea Eagles,Canberra Raiders,24,26,Manly Sea Eagles,Manly Sea Eagles,Manly Sea Eagles,Manly Sea Eagles,Canberra Raiders
2024,Rd 9,3,Brisbane Broncos,Sydney Roosters,18,40,Brisbane Broncos,Brisbane Broncos,Brisbane Broncos,Brisbane Broncos,Sydney Roosters
2024,Rd 9,4,Canterbury Bulldogs,Wests Tigers,22,14,Canterbury Bulldogs,Canterbury Bulldogs,Canterbury Bulldogs,Canterbury Bulldogs,Canterbury Bulldogs
2024,Rd 9,5,Gold Coast Titans,Melbourne Storm,20,22,Melbourne Storm,Melbourne Storm,Melbourne Storm,Melbourne Storm,Melbourne Storm
2024,Rd 9,6,NQ Cowboys,Dolphins,26,28,Dolphins,NQ Cowboys,NQ Cowboys,NQ Cowboys,Dolphins
2024,Rd 9,7,Newcastle Knights,New Zealand Warriors,14,8,New Zealand Warriors,New Zealand Warriors,Newcastle Knights,Newcastle Knights,Newcastle Knights
2024,Rd 9,8,Cronulla Sharks,St. George Illawarra Dragons,20,10,Cronulla Sharks,Cronulla Sharks,Cronulla Sharks,Cronulla Sharks,Cronulla Sharks
2024,Rd 10,1,Dolphins,Manly Sea Eagles,30,24,Dolphins,Manly Sea Eagles,Dolphins,Dolphins,Dolphins
2024,Rd 10,2,Penrith Panthers,Canterbury Bulldogs,16,10,Penrith Panthers,Penrith Panthers,Penrith Panthers,Penrith Panthers,Penrith Panthers
2024,Rd 10,3,Parramatta Eels,Brisbane Broncos,14,30,Brisbane Broncos,Brisbane Broncos,Brisbane Broncos,Brisbane Broncos,Brisbane Broncos
2024,Rd 10,4,Wests Tigers,Newcastle Knights,14,20,Newcastle Knights,Newcastle Knights,Newcastle Knights,Newcastle Knights,Newcastle Knights
2024,Rd 10,5,St. George Illawarra Dragons,South Sydney Rabbitohs,28,14,St. George Illawarra Dragons,St. George Illawarra Dragons,St. George Illawarra Dragons,St. George Illawarra Dragons,St. George Illawarra Dragons
2024,Rd 10,6,Melbourne Storm,Cronulla Sharks,18,25,Cronulla Sharks,Melbourne Storm,Melbourne Storm,Melbourne Storm,Cronulla Sharks
2024,Rd 10,7,Sydney Roosters,New Zealand Warriors,38,18,Sydney Roosters,Sydney Roosters,Sydney Roosters,Sydney Roosters,Sydney Roosters
2024,Rd 10,8,Gold Coast Titans,NQ Cowboys,20,18,NQ Cowboys,NQ Cowboys,NQ Cowboys,NQ Cowboys,Gold Coast Titans
2024,Rd 11,1,Canberra Raiders,Canterbury Bulldogs,24,20,Canberra Raiders,Canberra Raiders,Canberra Raiders,Canberra Raiders,Canberra Raiders
2024,Rd 11,2,Manly Sea Eagles,Brisbane Broncos,12,13,Brisbane Broncos,Brisbane Broncos,Brisbane Broncos,Brisbane Broncos,Brisbane Broncos
2024,Rd 11,3,Gold Coast Titans,Newcastle Knights,28,24,Newcastle Knights,Newcastle Knights,Newcastle Knights,Newcastle Knights,Gold Coast Titans
2024,Rd 11,4,Cronulla Sharks,Sydney Roosters,38,30,Cronulla Sharks,Cronulla Sharks,Cronulla Sharks,Cronulla Sharks,Cronulla Sharks
2024,Rd 11,5,South Sydney Rabbitohs,NQ Cowboys,28,22,NQ Cowboys,NQ Cowboys,NQ Cowboys,NQ Cowboys,South Sydney Rabbitohs
2024,Rd 11,6,New Zealand Warriors,Penrith Panthers,22,20,Penrith Panthers,Penrith Panthers,Penrith Panthers,Penrith Panthers,New Zealand Warriors
2024,Rd 11,7,Melbourne Storm,Parramatta Eels,48,16,Melbourne Storm,Melbourne Storm,Melbourne Storm,Melbourne Storm,Melbourne Storm
2024,Rd 11,8,Wests Tigers,Dolphins,12,24,Dolphins,Dolphins,Dolphins,Dolphins,Dolphins
2024,Rd 12,1,Canterbury Bulldogs,St. George Illawarra Dragons,44,12,St. George Illawarra Dragons,Canterbury Bulldogs,Canterbury Bulldogs,Canterbury Bulldogs,Canterbury Bulldogs
2024,Rd 12,2,NQ Cowboys,Wests Tigers,42,28,NQ Cowboys,NQ Cowboys,NQ Cowboys,NQ Cowboys,NQ Cowboys
2024,Rd 12,3,Manly Sea Eagles,Melbourne Storm,26,20,Melbourne Storm,Melbourne Storm,Melbourne Storm,Melbourne Storm,Manly Sea Eagles
2024,Rd 12,4,Canberra Raiders,Sydney Roosters,16,44,Canberra Raiders,Sydney Roosters,Sydney Roosters,Sydney Roosters,Sydney Roosters
2024,Rd 12,5,Cronulla Sharks,Penrith Panthers,0,42,Cronulla Sharks,Cronulla Sharks,Penrith Panthers,Penrith Panthers,Penrith Panthers
2024,Rd 12,6,South Sydney Rabbitohs,Parramatta Eels,42,26,Parramatta Eels,Parramatta Eels,South Sydney Rabbitohs,South Sydney Rabbitohs,South Sydney Rabbitohs
2024,Rd 12,7,Brisbane Broncos,Gold Coast Titans,34,36,Brisbane Broncos,Brisbane Broncos,Brisbane Broncos,Brisbane Broncos,Gold Coast Titans
2024,Rd 12,8,New Zealand Warriors,Dolphins,24,20,Dolphins,Dolphins,New Zealand Warriors,New Zealand Warriors,New Zealand Warriors
2024,Rd 13,1,Parramatta Eels,Cronulla Sharks,34,22,Cronulla Sharks,Cronulla Sharks,Cronulla Sharks,Cronulla Sharks,Parramatta Eels
2024,Rd 13,2,Newcastle Knights,Canterbury Bulldogs,2,32,Canterbury Bulldogs,Newcastle Knights,Newcastle Knights,Newcastle Knights,Canterbury Bulldogs
2024,Rd 13,3,Penrith Panthers,St. George Illawarra Dragons,10,22,Penrith Panthers,Penrith Panthers,Penrith Panthers,Penrith Panthers,St. George Illawarra Dragons
2024,Rd 13,4,Dolphins,Canberra Raiders,25,26,Dolphins,Dolphins,Dolphins,Dolphins,Canberra Raiders
2024,Rd 13,5,Sydney Roosters,NQ Cowboys,16,18,Sydney Roosters,Sydney Roosters,Sydney Roosters,Sydney Roosters,NQ Cowboys
2024,Rd 14,1,St. George Illawarra Dragons,Wests Tigers,56,14,St. George Illawarra Dragons,St. George Illawarra Dragons,St. George Illawarra Dragons,St. George Illawarra Dragons,St. George Illawarra Dragons
2024,Rd 14,2,Gold Coast Titans,South Sydney Rabbitohs,12,46,Gold Coast Titans,Gold Coast Titans,South Sydney Rabbitohs,South Sydney Rabbitohs,South Sydney Rabbitohs
2024,Rd 14,3,NQ Cowboys,New Zealand Warriors,12,42,New Zealand Warriors,NQ Cowboys,NQ Cowboys,NQ Cowboys,New Zealand Warriors
2024,Rd 14,4,Brisbane Broncos,Cronulla Sharks,12,22,Cronulla Sharks,Brisbane Broncos,Brisbane Broncos,Brisbane Broncos,Cronulla Sharks
2024,Rd 14,5,Melbourne Storm,Newcastle Knights,36,28,Melbourne Storm,Melbourne Storm,Melbourne Storm,Melbourne Storm,Melbourne Storm
2024,Rd 14,6,Penrith Panthers,Manly Sea Eagles,32,22,Penrith Panthers,Penrith Panthers,Penrith Panthers,Penrith Panthers,Penrith Panthers
2024,Rd 14,7,Canterbury Bulldogs,Parramatta Eels,22,18,Canterbury Bulldogs,Canterbury Bulldogs,Canterbury Bulldogs,Canterbury Bulldogs,Canterbury Bulldogs
2024,Rd 15,1,Cronulla Sharks,Dolphins,28.00,30,Cronulla Sharks,Cronulla Sharks,Cronulla Sharks,Cronulla Sharks,Dolphins
2024,Rd 15,2,Canberra Raiders,NQ Cowboys,16.00,34,Canberra Raiders,Canberra Raiders,Canberra Raiders,Canberra Raiders,NQ Cowboys
2024,Rd 15,3,South Sydney Rabbitohs,Brisbane Broncos,22.00,12,Brisbane Broncos,Brisbane Broncos,Brisbane Broncos,Brisbane Broncos,South Sydney Rabbitohs
2024,Rd 15,4,Wests Tigers,Gold Coast Titans,18.00,10,Gold Coast Titans,Wests Tigers,Wests Tigers,Wests Tigers,Wests Tigers
2024,Rd 15,5,New Zealand Warriors,Melbourne Storm,24.00,38,Melbourne Storm,Melbourne Storm,Melbourne Storm,Melbourne Storm,Melbourne Storm
2024,Rd 15,6,Parramatta Eels,Sydney Roosters,18.00,28,Sydney Roosters,Sydney Roosters,Sydney Roosters,Sydney Roosters,Sydney Roosters
2024,Rd 15,7,Manly Sea Eagles,St. George Illawarra Dragons,30.00,14,St. George Illawarra Dragons,Manly Sea Eagles,Manly Sea Eagles,Manly Sea Eagles,Manly Sea Eagles
2024,Rd 15,8,Newcastle Knights,Penrith Panthers,18.00,26,Penrith Panthers,Penrith Panthers,Penrith Panthers,Penrith Panthers,Penrith Panthers
2024,Rd 16,1,Dolphins,Melbourne Storm,24.00,30,Melbourne Storm,Melbourne Storm,Melbourne Storm,Melbourne Storm,Melbourne Storm
2024,Rd 16,2,Gold Coast Titans,New Zealand Warriors,66.00,6,New Zealand Warriors,New Zealand Warriors,New Zealand Warriors,New Zealand Warriors,Gold Coast Titans
2024,Rd 16,3,Sydney Roosters,Canterbury Bulldogs,26.00,8,Sydney Roosters,Sydney Roosters,Sydney Roosters,Sydney Roosters,Sydney Roosters
2024,Rd 16,4,South Sydney Rabbitohs,Manly Sea Eagles,14.00,0,Manly Sea Eagles,South Sydney Rabbitohs,South Sydney Rabbitohs,South Sydney Rabbitohs,South Sydney Rabbitohs
2024,Rd 16,5,Wests Tigers,Canberra Raiders,48.00,24,Canberra Raiders,Canberra Raiders,Canberra Raiders,Canberra Raiders,Wests Tigers
2024,Rd 17,1,Canterbury Bulldogs,Cronulla Sharks,15.00,14,Cronulla Sharks,Cronulla Sharks,Cronulla Sharks,Cronulla Sharks,Canterbury Bulldogs
2024,Rd 17,2,New Zealand Warriors,Brisbane Broncos,32.00,16,Brisbane Broncos,Brisbane Broncos,Brisbane Broncos,Brisbane Broncos,New Zealand Warriors
2024,Rd 17,3,Newcastle Knights,Parramatta Eels,34.00,26,Newcastle Knights,Newcastle Knights,Newcastle Knights,Newcastle Knights,Newcastle Knights
2024,Rd 17,4,Melbourne Storm,Canberra Raiders,16.00,6,Melbourne Storm,Melbourne Storm,Melbourne Storm,Melbourne Storm,Melbourne Storm
2024,Rd 17,5,St. George Illawarra Dragons,Dolphins,26.00,6,Dolphins,Dolphins,Dolphins,Dolphins,St. George Illawarra Dragons
2024,Rd 17,6,Penrith Panthers,NQ Cowboys,6.00,16,Penrith Panthers,Penrith Panthers,Penrith Panthers,Penrith Panthers,NQ Cowboys
2024,Rd 17,7,Sydney Roosters,Wests Tigers,40.00,6,Sydney Roosters,Sydney Roosters,Sydney Roosters,Sydney Roosters,Sydney Roosters
2024,Rd 18,1,Parramatta Eels,South Sydney Rabbitohs,16.00,32,South Sydney Rabbitohs,Parramatta Eels,Parramatta Eels,Parramatta Eels,South Sydney Rabbitohs
2024,Rd 18,2,Cronulla Sharks,Gold Coast Titans,16.00,20,Cronulla Sharks,Cronulla Sharks,Cronulla Sharks,Cronulla Sharks,Gold Coast Titans
2024,Rd 18,3,Brisbane Broncos,Penrith Panthers,6,14,Penrith Panthers,Penrith Panthers,Penrith Panthers,Penrith Panthers,Penrith Panthers
2024,Rd 18,4,Canterbury Bulldogs,New Zealand Warriors,13.00,12,Canterbury Bulldogs,New Zealand Warriors,New Zealand Warriors,New Zealand Warriors,Canterbury Bulldogs
2024,Rd 18,5,Wests Tigers,Melbourne Storm,28.00,40,Melbourne Storm,Melbourne Storm,Melbourne Storm,Melbourne Storm,Melbourne Storm
2024,Rd 18,6,NQ Cowboys,Manly Sea Eagles,20.00,21,Manly Sea Eagles,NQ Cowboys,NQ Cowboys,NQ Cowboys,Manly Sea Eagles
2024,Rd 18,7,Sydney Roosters,St. George Illawarra Dragons,42.00,12,Sydney Roosters,Sydney Roosters,Sydney Roosters,Sydney Roosters,Sydney Roosters
2024,Rd 18,8,Canberra Raiders,Newcastle Knights,12.00,16,Canberra Raiders,Newcastle Knights,Canberra Raiders,Canberra Raiders,Newcastle Knights
2024,Rd 19,1,Dolphins,South Sydney Rabbitohs,36.00,28,Dolphins,Dolphins,Dolphins,Dolphins,Dolphins
2024,Rd 19,2,Cronulla Sharks,Wests Tigers,58.00,6,Cronulla Sharks,Cronulla Sharks,Cronulla Sharks,Cronulla Sharks,Cronulla Sharks
2024,Rd 19,3,Gold Coast Titans,Parramatta Eels,24.00,16,Gold Coast Titans,Gold Coast Titans,Parramatta Eels,Parramatta Eels,Gold Coast Titans
2024,Rd 19,4,Brisbane Broncos,St. George Illawarra Dragons,26.00,30,St. George Illawarra Dragons,Brisbane Broncos,Brisbane Broncos,Brisbane Broncos,St. George Illawarra Dragons
2024,Rd 19,5,Manly Sea Eagles,Newcastle Knights,44.00,6,Manly Sea Eagles,Manly Sea Eagles,Manly Sea Eagles,Manly Sea Eagles,Manly Sea Eagles
2024,Rd 20,1,Canberra Raiders,New Zealand Warriors,20.00,18,Canberra Raiders,Canberra Raiders,Canberra Raiders,Canberra Raiders,Canberra Raiders
2024,Rd 20,2,South Sydney Rabbitohs,Wests Tigers,42.00,28,South Sydney Rabbitohs,South Sydney Rabbitohs,South Sydney Rabbitohs,South Sydney Rabbitohs,South Sydney Rabbitohs
2024,Rd 20,3,Newcastle Knights,Brisbane Broncos,14.00,30,Brisbane Broncos,Brisbane Broncos,Brisbane Broncos,Brisbane Broncos,Brisbane Broncos
2024,Rd 20,4,Melbourne Storm,Sydney Roosters,24.00,8,Melbourne Storm,Melbourne Storm,Melbourne Storm,Melbourne Storm,Melbourne Storm
2024,Rd 20,5,Penrith Panthers,Dolphins,28.00,26,Penrith Panthers,Penrith Panthers,Penrith Panthers,Penrith Panthers,Penrith Panthers
2024,Rd 20,6,Manly Sea Eagles,Gold Coast Titans,38.00,8,Manly Sea Eagles,Manly Sea Eagles,Manly Sea Eagles,Manly Sea Eagles,Manly Sea Eagles
2024,Rd 20,7,NQ Cowboys,Canterbury Bulldogs,20.00,18,Canterbury Bulldogs,NQ Cowboys,NQ Cowboys,NQ Cowboys,NQ Cowboys
2024,Rd 21,1,New Zealand Warriors,Wests Tigers,28.00,16,New Zealand Warriors,New Zealand Warriors,New Zealand Warriors,New Zealand Warriors,New Zealand Warriors
2024,Rd 21,2,Parramatta Eels,Melbourne Storm,14.00,32,Melbourne Storm,Melbourne Storm,Melbourne Storm,Melbourne Storm,Melbourne Storm
2024,Rd 21,3,Brisbane Broncos,Canterbury Bulldogs,16.00,41,Canterbury Bulldogs,Brisbane Broncos,Brisbane Broncos,Brisbane Broncos,Canterbury Bulldogs
2024,Rd 21,4,NQ Cowboys,Cronulla Sharks,30.00,22,Cronulla Sharks,Cronulla Sharks,Cronulla Sharks,Cronulla Sharks,NQ Cowboys
2024,Rd 21,5,Sydney Roosters,Manly Sea Eagles,34.00,30,Sydney Roosters,Sydney Roosters,Sydney Roosters,Sydney Roosters,Sydney Roosters
2024,Rd 21,6,St. George Illawarra Dragons,Penrith Panthers,10.00,46,Penrith Panthers,Penrith Panthers,Penrith Panthers,Penrith Panthers,Penrith Panthers
2024,Rd 21,7,Dolphins,Gold Coast Titans,14.00,21,Dolphins,Dolphins,Dolphins,Dolphins,Gold Coast Titans
2024,Rd 21,8,Canberra Raiders,South Sydney Rabbitohs,32.00,12,South Sydney Rabbitohs,Canberra Raiders,Canberra Raiders,Canberra Raiders,Canberra Raiders
2024,Rd 22,1,Wests Tigers,NQ Cowboys,30.00,48,NQ Cowboys,NQ Cowboys,NQ Cowboys,NQ Cowboys,NQ Cowboys
2024,Rd 22,2,New Zealand Warriors,Parramatta Eels,20.00,30,New Zealand Warriors,New Zealand Warriors,New Zealand Warriors,New Zealand Warriors,Parramatta Eels
2024,Rd 22,3,Dolphins,Sydney Roosters,34.00,40,Sydney Roosters,Sydney Roosters,Sydney Roosters,Sydney Roosters,Sydney Roosters
2024,Rd 22,4,Gold Coast Titans,Brisbane Broncos,46.00,18,Gold Coast Titans,Brisbane Broncos,Brisbane Broncos,Brisbane Broncos,Gold Coast Titans
2024,Rd 22,5,Melbourne Storm,St. George Illawarra Dragons,16.00,18,Melbourne Storm,Melbourne Storm,Melbourne Storm,Melbourne Storm,St. George Illawarra Dragons
2024,Rd 22,6,Cronulla Sharks,South Sydney Rabbitohs,20.00,6,Cronulla Sharks,Cronulla Sharks,Cronulla Sharks,Cronulla Sharks,Cronulla Sharks
2024,Rd 22,7,Penrith Panthers,Newcastle Knights,22.00,14,Penrith Panthers,Penrith Panthers,Penrith Panthers,Penrith Panthers,Penrith Panthers
2024,Rd 22,8,Canterbury Bulldogs,Canberra Raiders,22.00,18,Canterbury Bulldogs,Canterbury Bulldogs,Canterbury Bulldogs,Canterbury Bulldogs,Canterbury Bulldogs
2024,Rd 23,1,South Sydney Rabbitohs,Melbourne Storm,16.00,28,Melbourne Storm,Melbourne Storm,Melbourne Storm,Melbourne Storm,Melbourne Storm
2024,Rd 23,2,Gold Coast Titans,Cronulla Sharks,0.00,44,Cronulla Sharks,Gold Coast Titans,Cronulla Sharks,Cronulla Sharks,Cronulla Sharks
2024,Rd 23,3,Parramatta Eels,Penrith Panthers,34.00,36,Penrith Panthers,Penrith Panthers,Penrith Panthers,Penrith Panthers,Penrith Panthers
2024,Rd 23,4,Canberra Raiders,Manly Sea Eagles,24.00,46,Manly Sea Eagles,Manly Sea Eagles,Manly Sea Eagles,Manly Sea Eagles,Manly Sea Eagles
2024,Rd 23,5,NQ Cowboys,Brisbane Broncos,18.00,42,NQ Cowboys,NQ Cowboys,NQ Cowboys,NQ Cowboys,Brisbane Broncos
2024,Rd 23,6,St. George Illawarra Dragons,Canterbury Bulldogs,10.00,28,Canterbury Bulldogs,Canterbury Bulldogs,St. George Illawarra Dragons,St. George Illawarra Dragons,Canterbury Bulldogs
2024,Rd 23,7,Dolphins,New Zealand Warriors,34.00,32,Dolphins,Dolphins,Dolphins,Dolphins,Dolphins
2024,Rd 23,8,Newcastle Knights,Wests Tigers,34.00,18,Newcastle Knights,Newcastle Knights,Newcastle Knights,Newcastle Knights,Newcastle Knights
2024,Rd 24,1,Penrith Panthers,Melbourne Storm,22.00,24,Melbourne Storm,Penrith Panthers,Penrith Panthers,Penrith Panthers,Melbourne Storm
2024,Rd 24,2,Manly Sea Eagles,New Zealand Warriors,24.00,10,Manly Sea Eagles,Manly Sea Eagles,Manly Sea Eagles,Manly Sea Eagles,Manly Sea Eagles
2024,Rd 24,3,Sydney Roosters,Parramatta Eels,38.00,14,Sydney Roosters,Sydney Roosters,Sydney Roosters,Sydney Roosters,Sydney Roosters
2024,Rd 24,4,Canterbury Bulldogs,Dolphins,30.00,10,Canterbury Bulldogs,Canterbury Bulldogs,Canterbury Bulldogs,Canterbury Bulldogs,Canterbury Bulldogs
2024,Rd 24,5,NQ Cowboys,Canberra Raiders,42.00,4,NQ Cowboys,NQ Cowboys,NQ Cowboys,NQ Cowboys,NQ Cowboys
2024,Rd 24,6,Wests Tigers,South Sydney Rabbitohs,18.00,16,South Sydney Rabbitohs,South Sydney Rabbitohs,South Sydney Rabbitohs,South Sydney Rabbitohs,Wests Tigers
2024,Rd 24,7,St. George Illawarra Dragons,Gold Coast Titans,32.00,16,St. George Illawarra Dragons,St. George Illawarra Dragons,St. George Illawarra Dragons,St. George Illawarra Dragons,St. George Illawarra Dragons
2024,Rd 24,8,Cronulla Sharks,Newcastle Knights,19.00,18,Cronulla Sharks,Cronulla Sharks,Cronulla Sharks,Cronulla Sharks,Cronulla Sharks
2024,Rd 25,1,Wests Tigers,Manly Sea Eagles,34.00,26,Manly Sea Eagles,Manly Sea Eagles,Manly Sea Eagles,Manly Sea Eagles,Wests Tigers
2024,Rd 25,2,New Zealand Warriors,Canterbury Bulldogs,18.00,34,Canterbury Bulldogs,Canterbury Bulldogs,New Zealand Warriors,New Zealand Warriors,Canterbury Bulldogs
2024,Rd 25,3,Brisbane Broncos,Parramatta Eels,30.00,24,Brisbane Broncos,Brisbane Broncos,Brisbane Broncos,Brisbane Broncos,Brisbane Broncos
2024,Rd 25,4,Canberra Raiders,Penrith Panthers,22.00,18,Penrith Panthers,Penrith Panthers,Penrith Panthers,Penrith Panthers,Canberra Raiders
2024,Rd 25,5,Melbourne Storm,Dolphins,48.00,6,Melbourne Storm,Melbourne Storm,Melbourne Storm,Melbourne Storm,Melbourne Storm
2024,Rd 25,6,South Sydney Rabbitohs,Newcastle Knights,16.00,36,Newcastle Knights,Newcastle Knights,South Sydney Rabbitohs,South Sydney Rabbitohs,Newcastle Knights
2024,Rd 25,7,Gold Coast Titans,Sydney Roosters,22.00,48,Sydney Roosters,Sydney Roosters,Sydney Roosters,Sydney Roosters,Sydney Roosters
2024,Rd 25,8,St. George Illawarra Dragons,Cronulla Sharks,10.00,38,Cronulla Sharks,Cronulla Sharks,Cronulla Sharks,Cronulla Sharks,Cronulla Sharks
2024,Rd 26,1,NQ Cowboys,Melbourne Storm,38.00,30,Melbourne Storm,Melbourne Storm,Melbourne Storm,Melbourne Storm,NQ Cowboys
2024,Rd 26,2,Canterbury Bulldogs,Manly Sea Eagles,22.00,34,Canterbury Bulldogs,Canterbury Bulldogs,Manly Sea Eagles,Manly Sea Eagles,Manly Sea Eagles
2024,Rd 26,3,Penrith Panthers,South Sydney Rabbitohs,34.00,12,Penrith Panthers,Penrith Panthers,Penrith Panthers,Penrith Panthers,Penrith Panthers
2024,Rd 26,4,Parramatta Eels,St. George Illawarra Dragons,44.00,40,St. George Illawarra Dragons,Parramatta Eels,Parramatta Eels,Parramatta Eels,Parramatta Eels
2024,Rd 26,5,Dolphins,Brisbane Broncos,40.00,6,Brisbane Broncos,Brisbane Broncos,Brisbane Broncos,Brisbane Broncos,Dolphins
2024,Rd 26,6,Cronulla Sharks,New Zealand Warriors,28.00,30,Cronulla Sharks,Cronulla Sharks,Cronulla Sharks,Cronulla Sharks,New Zealand Warriors
2024,Rd 26,7,Newcastle Knights,Gold Coast Titans,36.00,14,Newcastle Knights,Newcastle Knights,Newcastle Knights,Newcastle Knights,Newcastle Knights
2024,Rd 26,8,Sydney Roosters,Canberra Raiders,12.00,14,Sydney Roosters,Sydney Roosters,Sydney Roosters,Sydney Roosters,Canberra Raiders
2024,Rd 27,1,Brisbane Broncos,Melbourne Storm,12.00,50,Melbourne Storm,Melbourne Storm,Melbourne Storm,Melbourne Storm,Melbourne Storm
2024,Rd 27,2,Wests Tigers,Parramatta Eels,26.00,60,Parramatta Eels,Parramatta Eels,Parramatta Eels,Parramatta Eels,Parramatta Eels
2024,Rd 27,3,South Sydney Rabbitohs,Sydney Roosters,28.00,36,Sydney Roosters,Sydney Roosters,Sydney Roosters,Sydney Roosters,Sydney Roosters
2024,Rd 27,4,St. George Illawarra Dragons,Canberra Raiders,24.00,26,St. George Illawarra Dragons,St. George Illawarra Dragons,St. George Illawarra Dragons,St. George Illawarra Dragons,Canberra Raiders
2024,Rd 27,5,Canterbury Bulldogs,NQ Cowboys,6.00,44,Canterbury Bulldogs,Canterbury Bulldogs,NQ Cowboys,NQ Cowboys,NQ Cowboys
2024,Rd 27,6,Penrith Panthers,Gold Coast Titans,18.00,12,Penrith Panthers,Penrith Panthers,Penrith Panthers,Penrith Panthers,Penrith Panthers
2024,Rd 27,7,Manly Sea Eagles,Cronulla Sharks,20.00,40,Cronulla Sharks,Manly Sea Eagles,Manly Sea Eagles,Manly Sea Eagles,Cronulla Sharks
2024,Rd 27,8,Newcastle Knights,Dolphins,14.00,6,Dolphins,Dolphins,Newcastle Knights,Newcastle Knights,Newcastle Knights
2024,Prelim,1,Penrith Panthers,Sydney Roosters,30.00,10,Penrith Panthers,Penrith Panthers,Penrith Panthers,Penrith Panthers,Penrith Panthers
2024,Prelim,2,Melbourne Storm,Cronulla Sharks,37.00,10,Melbourne Storm,Melbourne Storm,Melbourne Storm,Melbourne Storm,Melbourne Storm
2024,Prelim,3,NQ Cowboys,Newcastle Knights,28.00,16,NQ Cowboys,NQ Cowboys,NQ Cowboys,NQ Cowboys,NQ Cowboys
2024,Prelim,4,Canterbury Bulldogs,Manly Sea Eagles,22.00,24,Canterbury Bulldogs,Manly Sea Eagles,Manly Sea Eagles,Manly Sea Eagles,Manly Sea Eagles
2024,Qual,1,Cronulla Sharks,NQ Cowboys,26.00,18,Cronulla Sharks,Cronulla Sharks,Cronulla Sharks,Cronulla Sharks,Cronulla Sharks
2024,Qual,2,Sydney Roosters,Manly Sea Eagles,40.00,24,Sydney Roosters,Sydney Roosters,Sydney Roosters,Sydney Roosters,Sydney Roosters
2024,Semi,1,Melbourne Storm,Sydney Roosters,48.00,18,Melbourne Storm,Melbourne Storm,Melbourne Storm,Melbourne Storm,Melbourne Storm
2024,Semi,2,Penrith Panthers,Cronulla Sharks,26.00,6,Penrith Panthers,Penrith Panthers,Penrith Panthers,Penrith Panthers,Penrith Panthers
2024,GF,1,Melbourne Storm,Penrith Panthers,6.00,14,Melbourne Storm,Melbourne Storm,Melbourne Storm,Melbourne Storm,Penrith Panthers
2025,Rd 1,1,Canberra Raiders,New Zealand Warriors,30.00,8,Canberra Raiders,Canberra Raiders,Canberra Raiders,Canberra Raiders,Canberra Raiders
2025,Rd 1,2,Penrith Panthers,Cronulla Sharks,28.00,22,Penrith Panthers,Penrith Panthers,Penrith Panthers,Penrith Panthers,Penrith Panthers
2025,Rd 1,3,Sydney Roosters,Brisbane Broncos,14.00,50,Sydney Roosters,Sydney Roosters,Sydney Roosters,Brisbane Broncos,Brisbane Broncos
2025,Rd 1,4,Wests Tigers,Newcastle Knights,8.00,10,Newcastle Knights,Wests Tigers,Newcastle Knights,Newcastle Knights,Newcastle Knights
2025,Rd 1,5,South Sydney Rabbitohs,Dolphins,16.00,14,Dolphins,Dolphins,South Sydney Rabbitohs,South Sydney Rabbitohs,South Sydney Rabbitohs
2025,Rd 1,6,St. George Illawarra Dragons,Canterbury Bulldogs,20.00,28,Canterbury Bulldogs,Canterbury Bulldogs,St. George Illawarra Dragons,St. George Illawarra Dragons,Canterbury Bulldogs
2025,Rd 1,7,Manly Sea Eagles,NQ Cowboys,42.00,12,Manly Sea Eagles,Manly Sea Eagles,Manly Sea Eagles,Manly Sea Eagles,Manly Sea Eagles
2025,Rd 1,8,Melbourne Storm,Parramatta Eels,56.00,18,Melbourne Storm,Melbourne Storm,Melbourne Storm,Melbourne Storm,Melbourne Storm
2025,Rd 2,1,Newcastle Knights,Dolphins,26.00,12,Newcastle Knights,Newcastle Knights,Newcastle Knights,Newcastle Knights,Newcastle Knights
2025,Rd 2,2,New Zealand Warriors,Manly Sea Eagles,36.00,16,Manly Sea Eagles,Manly Sea Eagles,Manly Sea Eagles,Manly Sea Eagles,New Zealand Warriors
2025,Rd 2,3,Penrith Panthers,Sydney Roosters,32.00,38,Penrith Panthers,Penrith Panthers,Penrith Panthers,Penrith Panthers,Sydney Roosters
2025,Rd 2,4,St. George Illawarra Dragons,South Sydney Rabbitohs,24.00,25,South Sydney Rabbitohs,St. George Illawarra Dragons,St. George Illawarra Dragons,St. George Illawarra Dragons,South Sydney Rabbitohs
2025,Rd 2,5,NQ Cowboys,Cronulla Sharks,12.00,36,Cronulla Sharks,Cronulla Sharks,NQ Cowboys,NQ Cowboys,Cronulla Sharks
2025,Rd 2,6,Canberra Raiders,Brisbane Broncos,32.00,22,Brisbane Broncos,Brisbane Broncos,Brisbane Broncos,Brisbane Broncos,Canberra Raiders
2025,Rd 2,7,Parramatta Eels,Wests Tigers,6.00,32,Wests Tigers,Wests Tigers,Parramatta Eels,Parramatta Eels,Wests Tigers
2025,Rd 2,8,Canterbury Bulldogs,Gold Coast Titans,40.00,24,Canterbury Bulldogs,Canterbury Bulldogs,Canterbury Bulldogs,Canterbury Bulldogs,Canterbury Bulldogs
2025,Rd 3,1,Melbourne Storm,Penrith Panthers,30.00,24,Melbourne Storm,Melbourne Storm,Melbourne Storm,Melbourne Storm,Melbourne Storm
2025,Rd 3,2,New Zealand Warriors,Sydney Roosters,14.00,6,New Zealand Warriors,New Zealand Warriors,Sydney Roosters,Sydney Roosters,New Zealand Warriors
2025,Rd 3,3,Brisbane Broncos,NQ Cowboys,26.00,16,Brisbane Broncos,Brisbane Broncos,Brisbane Broncos,Brisbane Broncos,Brisbane Broncos
2025,Rd 3,4,Cronulla Sharks,South Sydney Rabbitohs,27.00,12,South Sydney Rabbitohs,Cronulla Sharks,Cronulla Sharks,Cronulla Sharks,Cronulla Sharks
2025,Rd 3,5,Dolphins,Wests Tigers,18.00,30,Wests Tigers,Wests Tigers,Dolphins,Dolphins,Wests Tigers
2025,Rd 3,6,Gold Coast Titans,Newcastle Knights,26.00,6,Newcastle Knights,Newcastle Knights,Newcastle Knights,Newcastle Knights,Gold Coast Titans
2025,Rd 3,7,Parramatta Eels,Canterbury Bulldogs,8.00,16,Canterbury Bulldogs,Canterbury Bulldogs,Canterbury Bulldogs,Canterbury Bulldogs,Canterbury Bulldogs
2025,Rd 3,8,Manly Sea Eagles,Canberra Raiders,40.00,12,Canberra Raiders,Canberra Raiders,Manly Sea Eagles,Manly Sea Eagles,Manly Sea Eagles
2025,Rd 4,1,South Sydney Rabbitohs,Penrith Panthers,28.00,18,South Sydney Rabbitohs,Penrith Panthers,Penrith Panthers,Penrith Panthers,South Sydney Rabbitohs
2025,Rd 4,2,Sydney Roosters,Gold Coast Titans,12.00,30,Gold Coast Titans,Sydney Roosters,Sydney Roosters,Sydney Roosters,Gold Coast Titans
2025,Rd 4,3,Dolphins,Brisbane Broncos,12.00,20,Brisbane Broncos,Brisbane Broncos,Brisbane Broncos,Brisbane Broncos,Brisbane Broncos
2025,Rd 4,4,St. George Illawarra Dragons,Melbourne Storm,14.00,8,Melbourne Storm,Melbourne Storm,Melbourne Storm,Melbourne Storm,St. George Illawarra Dragons
2025,Rd 4,5,NQ Cowboys,Canberra Raiders,30.00,20,Canberra Raiders,Canberra Raiders,NQ Cowboys,NQ Cowboys,NQ Cowboys
2025,Rd 4,6,Cronulla Sharks,Canterbury Bulldogs,6.00,20,Canterbury Bulldogs,Cronulla Sharks,Cronulla Sharks,Cronulla Sharks,Canterbury Bulldogs
2025,Rd 4,7,Manly Sea Eagles,Parramatta Eels,26.00,12,Manly Sea Eagles,Manly Sea Eagles,Manly Sea Eagles,Manly Sea Eagles,Manly Sea Eagles
2025,Rd 4,8,Wests Tigers,New Zealand Warriors,24.00,26,Wests Tigers,Wests Tigers,New Zealand Warriors,New Zealand Warriors,New Zealand Warriors
2025,Rd 5,1,Canberra Raiders,Cronulla Sharks,24.00,20,Cronulla Sharks,Canberra Raiders,Cronulla Sharks,Cronulla Sharks,Canberra Raiders
2025,Rd 5,2,Penrith Panthers,NQ Cowboys,18.00,22,Penrith Panthers,Penrith Panthers,Penrith Panthers,Penrith Panthers,NQ Cowboys
2025,Rd 5,3,South Sydney Rabbitohs,Sydney Roosters,20.00,14,South Sydney Rabbitohs,South Sydney Rabbitohs,South Sydney Rabbitohs,South Sydney Rabbitohs,South Sydney Rabbitohs
2025,Rd 5,4,Parramatta Eels,St. George Illawarra Dragons,23.00,22,St. George Illawarra Dragons,St. George Illawarra Dragons,Parramatta Eels,Parramatta Eels,Parramatta Eels
2025,Rd 5,5,Gold Coast Titans,Dolphins,10.00,36,Gold Coast Titans,Gold Coast Titans,Gold Coast Titans,Gold Coast Titans,Dolphins
2025,Rd 5,6,Brisbane Broncos,Wests Tigers,46.00,24,Brisbane Broncos,Brisbane Broncos,Brisbane Broncos,Brisbane Broncos,Brisbane Broncos
2025,Rd 5,7,Manly Sea Eagles,Melbourne Storm,24.00,48,Manly Sea Eagles,Melbourne Storm,Melbourne Storm,Melbourne Storm,Melbourne Storm
2025,Rd 5,8,Canterbury Bulldogs,Newcastle Knights,20.00,0,Canterbury Bulldogs,Canterbury Bulldogs,Canterbury Bulldogs,Canterbury Bulldogs,Canterbury Bulldogs
2025,Rd 6,1,Dolphins,Penrith Panthers,30.00,12,Dolphins,Penrith Panthers,Penrith Panthers,Penrith Panthers,Dolphins
2025,Rd 6,2,St. George Illawarra Dragons,Gold Coast Titans,38.00,16,Gold Coast Titans,St. George Illawarra Dragons,St. George Illawarra Dragons,St. George Illawarra Dragons,St. George Illawarra Dragons
2025,Rd 6,3,Brisbane Broncos,Sydney Roosters,16.00,26,Brisbane Broncos,Brisbane Broncos,Brisbane Broncos,Brisbane Broncos,Sydney Roosters
2025,Rd 6,4,Cronulla Sharks,Manly Sea Eagles,24.00,18,Manly Sea Eagles,Cronulla Sharks,Cronulla Sharks,Cronulla Sharks,Cronulla Sharks
2025,Rd 6,5,South Sydney Rabbitohs,NQ Cowboys,16.00,24,South Sydney Rabbitohs,South Sydney Rabbitohs,South Sydney Rabbitohs,South Sydney Rabbitohs,NQ Cowboys
2025,Rd 6,6,Parramatta Eels,Canberra Raiders,12.00,50,Canberra Raiders,Canberra Raiders,Canberra Raiders,Canberra Raiders,Canberra Raiders
2025,Rd 6,7,Melbourne Storm,New Zealand Warriors,42.00,14,Melbourne Storm,Melbourne Storm,Melbourne Storm,Melbourne Storm,Melbourne Storm
2025,Rd 6,8,Newcastle Knights,Wests Tigers,4.00,20,Newcastle Knights,Newcastle Knights,Newcastle Knights,Newcastle Knights,Wests Tigers
2025,Rd 7,1,Manly Sea Eagles,St. George Illawarra Dragons,18.00,20,Manly Sea Eagles,Manly Sea Eagles,Manly Sea Eagles,Manly Sea Eagles,St. George Illawarra Dragons
2025,Rd 7,2,Canterbury Bulldogs,South Sydney Rabbitohs,32.00,0,Canterbury Bulldogs,Canterbury Bulldogs,Canterbury Bulldogs,Canterbury Bulldogs,Canterbury Bulldogs
2025,Rd 7,3,Dolphins,Melbourne Storm,42.00,22,Melbourne Storm,Melbourne Storm,Melbourne Storm,Melbourne Storm,Dolphins
2025,Rd 7,4,New Zealand Warriors,Brisbane Broncos,20.00,18,Brisbane Broncos,Brisbane Broncos,Brisbane Broncos,Brisbane Broncos,New Zealand Warriors
2025,Rd 7,5,Sydney Roosters,Penrith Panthers,12.00,40,Sydney Roosters,Sydney Roosters,Penrith Panthers,Penrith Panthers,Penrith Panthers
2025,Rd 7,6,Gold Coast Titans,Canberra Raiders,20.00,30,Canberra Raiders,Canberra Raiders,Canberra Raiders,Canberra Raiders,Canberra Raiders
2025,Rd 7,7,Newcastle Knights,Cronulla Sharks,14.00,34,Cronulla Sharks,Cronulla Sharks,Cronulla Sharks,Cronulla Sharks,Cronulla Sharks
2025,Rd 7,8,Wests Tigers,Parramatta Eels,22.00,38,Wests Tigers,Wests Tigers,Wests Tigers,Wests Tigers,Parramatta Eels
2025,Rd 8,1,Brisbane Broncos,Canterbury Bulldogs,42.00,18,Canterbury Bulldogs,Canterbury Bulldogs,Brisbane Broncos,Brisbane Broncos,Brisbane Broncos
2025,Rd 8,2,Sydney Roosters,St. George Illawarra Dragons,46.00,18,St. George Illawarra Dragons,St. George Illawarra Dragons,Sydney Roosters,Sydney Roosters,Sydney Roosters
2025,Rd 8,3,New Zealand Warriors,Newcastle Knights,26.00,12,New Zealand Warriors,New Zealand Warriors,New Zealand Warriors,New Zealand Warriors,New Zealand Warriors
2025,Rd 8,4,Melbourne Storm,South Sydney Rabbitohs,24.00,16,Melbourne Storm,Melbourne Storm,Melbourne Storm,Melbourne Storm,Melbourne Storm
2025,Rd 8,5,NQ Cowboys,Gold Coast Titans,50.00,18,NQ Cowboys,NQ Cowboys,NQ Cowboys,NQ Cowboys,NQ Cowboys
2025,Rd 8,6,Penrith Panthers,Manly Sea Eagles,10.00,26,Manly Sea Eagles,Penrith Panthers,Penrith Panthers,Penrith Panthers,Manly Sea Eagles
2025,Rd 8,7,Canberra Raiders,Dolphins,40.00,28,Canberra Raiders,Canberra Raiders,Canberra Raiders,Canberra Raiders,Canberra Raiders
2025,Rd 8,8,Wests Tigers,Cronulla Sharks,20.00,18,Cronulla Sharks,Cronulla Sharks,Cronulla Sharks,Cronulla Sharks,Wests Tigers
2025,Rd 9,1,Cronulla Sharks,Parramatta Eels,28.00,18,Cronulla Sharks,Cronulla Sharks,Cronulla Sharks,Cronulla Sharks,Cronulla Sharks
2025,Rd 9,2,Sydney Roosters,Dolphins,36.00,26,Dolphins,Sydney Roosters,Sydney Roosters,Sydney Roosters,Sydney Roosters
2025,Rd 9,3,South Sydney Rabbitohs,Newcastle Knights,4.00,30,South Sydney Rabbitohs,South Sydney Rabbitohs,South Sydney Rabbitohs,South Sydney Rabbitohs,Newcastle Knights
2025,Rd 9,4,New Zealand Warriors,NQ Cowboys,30.00,26,New Zealand Warriors,NQ Cowboys,New Zealand Warriors,New Zealand Warriors,New Zealand Warriors
2025,Rd 9,5,Wests Tigers,St. George Illawarra Dragons,34.00,28,Wests Tigers,Wests Tigers,Wests Tigers,Wests Tigers,Wests Tigers
2025,Rd 9,6,Gold Coast Titans,Canterbury Bulldogs,18.00,38,Canterbury Bulldogs,Canterbury Bulldogs,Canterbury Bulldogs,Canterbury Bulldogs,Canterbury Bulldogs
2025,Rd 9,7,Penrith Panthers,Brisbane Broncos,32,8,Brisbane Broncos,Brisbane Broncos,Penrith Panthers,Penrith Panthers,Penrith Panthers
2025,Rd 9,8,Melbourne Storm,Canberra Raiders,18.00,20,Melbourne Storm,Melbourne Storm,Melbourne Storm,Melbourne Storm,Canberra Raiders
2025,Rd 10,1,Parramatta Eels,Dolphins,16.00,20,Dolphins,Parramatta Eels,Dolphins,Dolphins,Dolphins
2025,Rd 10,2,Newcastle Knights,Gold Coast Titans,20.00,24,Newcastle Knights,Newcastle Knights,Newcastle Knights,Newcastle Knights,Gold Coast Titans
2025,Rd 10,3,South Sydney Rabbitohs,Brisbane Broncos,22.00,14,Brisbane Broncos,Brisbane Broncos,Brisbane Broncos,Brisbane Broncos,South Sydney Rabbitohs
2025,Rd 10,4,Canberra Raiders,Canterbury Bulldogs,20.00,32,Canterbury Bulldogs,Canberra Raiders,Canberra Raiders,Canberra Raiders,Canterbury Bulldogs
2025,Rd 10,5,St. George Illawarra Dragons,New Zealand Warriors,14.00,15,New Zealand Warriors,New Zealand Warriors,New Zealand Warriors,New Zealand Warriors,New Zealand Warriors
2025,Rd 10,6,NQ Cowboys,Penrith Panthers,30.00,30,NQ Cowboys,Penrith Panthers,Penrith Panthers,Penrith Panthers,Penrith Panthers
2025,Rd 10,7,Melbourne Storm,Wests Tigers,64.00,0,Melbourne Storm,Melbourne Storm,Melbourne Storm,Melbourne Storm,Melbourne Storm
2025,Rd 10,8,Manly Sea Eagles,Cronulla Sharks,14.00,30,Cronulla Sharks,Manly Sea Eagles,Manly Sea Eagles,Manly Sea Eagles,Cronulla Sharks
2025,Rd 11,1,Newcastle Knights,Parramatta Eels,6.00,28,Newcastle Knights,Newcastle Knights,Newcastle Knights,Newcastle Knights,Parramatta Eels
2025,Rd 11,2,Canterbury Bulldogs,Sydney Roosters,24.00,20,Canterbury Bulldogs,Canterbury Bulldogs,Canterbury Bulldogs,Canterbury Bulldogs,Canterbury Bulldogs
2025,Rd 11,3,Dolphins,New Zealand Warriors,12.00,16,New Zealand Warriors,New Zealand Warriors,Dolphins,Dolphins,New Zealand Warriors
2025,Rd 11,4,NQ Cowboys,Manly Sea Eagles,6.00,24,NQ Cowboys,NQ Cowboys,NQ Cowboys,NQ Cowboys,Manly Sea Eagles
2025,Rd 11,5,Cronulla Sharks,Melbourne Storm,31.000,26,Melbourne Storm,Cronulla Sharks,Cronulla Sharks,Cronulla Sharks,Cronulla Sharks
2025,Rd 11,6,Brisbane Broncos,St. George Illawarra Dragons,26.00,30,Brisbane Broncos,Brisbane Broncos,Brisbane Broncos,Brisbane Broncos,St. George Illawarra Dragons
2025,Rd 11,7,Canberra Raiders,Gold Coast Titans,40.00,24,Canberra Raiders,Canberra Raiders,Canberra Raiders,Canberra Raiders,Canberra Raiders
2025,Rd 11,8,Wests Tigers,South Sydney Rabbitohs,12.00,22,Wests Tigers,South Sydney Rabbitohs,Wests Tigers,Wests Tigers,South Sydney Rabbitohs
2025,Rd 12,1,Canterbury Bulldogs,Dolphins,8.00,44,Canterbury Bulldogs,Canterbury Bulldogs,Canterbury Bulldogs,Canterbury Bulldogs,Dolphins
2025,Rd 12,2,Parramatta Eels,Manly Sea Eagles,30.00,10,Manly Sea Eagles,Manly Sea Eagles,Manly Sea Eagles,Manly Sea Eagles,Parramatta Eels
2025,Rd 12,3,Penrith Panthers,Newcastle Knights,6.00,25,Penrith Panthers,Penrith Panthers,Penrith Panthers,Penrith Panthers,Newcastle Knights
2025,Rd 12,4,Sydney Roosters,Cronulla Sharks,42.00,16,Cronulla Sharks,Cronulla Sharks,Cronulla Sharks,Cronulla Sharks,Sydney Roosters
2025,Rd 12,5,New Zealand Warriors,Canberra Raiders,10.00,16,New Zealand Warriors,New Zealand Warriors,New Zealand Warriors,New Zealand Warriors,Canberra Raiders
2025,Rd 13,1,St. George Illawarra Dragons,Newcastle Knights,20.00,60,St. George Illawarra Dragons,St. George Illawarra Dragons,St. George Illawarra Dragons,St. George Illawarra Dragons,Newcastle Knights
2025,Rd 13,2,Gold Coast Titans,Melbourne Storm,16.00,28,Melbourne Storm,Melbourne Storm,Melbourne Storm,Melbourne Storm,Melbourne Storm
2025,Rd 13,3,NQ Cowboys,Wests Tigers,32.00,28,NQ Cowboys,NQ Cowboys,NQ Cowboys,NQ Cowboys,NQ Cowboys
2025,Rd 13,4,Manly Sea Eagles,Brisbane Broncos,34.00,6,Brisbane Broncos,Manly Sea Eagles,Manly Sea Eagles,Manly Sea Eagles,Manly Sea Eagles
2025,Rd 13,5,South Sydney Rabbitohs,New Zealand Warriors,30.00,36,New Zealand Warriors,New Zealand Warriors,New Zealand Warriors,New Zealand Warriors,New Zealand Warriors
2025,Rd 13,6,Penrith Panthers,Parramatta Eels,18.00,10,Parramatta Eels,Penrith Panthers,Penrith Panthers,Penrith Panthers,Penrith Panthers
2025,Rd 13,7,Sydney Roosters,Canberra Raiders,24.00,26,Canberra Raiders,Canberra Raiders,Sydney Roosters,Sydney Roosters,Canberra Raiders
2025,Rd 14,1,Newcastle Knights,Manly Sea Eagles,26.00,22,Manly Sea Eagles,Manly Sea Eagles,Manly Sea Eagles,Manly Sea Eagles,Newcastle Knights
2025,Rd 14,2,Melbourne Storm,NQ Cowboys,38.00,14,Melbourne Storm,Melbourne Storm,Melbourne Storm,Melbourne Storm,Melbourne Storm
2025,Rd 14,3,Dolphins,St. George Illawarra Dragons,56.00,6,Dolphins,Dolphins,Dolphins,Dolphins,Dolphins
2025,Rd 14,4,Cronulla Sharks,New Zealand Warriors,10.00,40,New Zealand Warriors,Cronulla Sharks,Cronulla Sharks,Cronulla Sharks,New Zealand Warriors
2025,Rd 14,5,Brisbane Broncos,Gold Coast Titans,44.00,14,Brisbane Broncos,Brisbane Broncos,Brisbane Broncos,Brisbane Broncos,Brisbane Broncos
2025,Rd 14,6,Canberra Raiders,South Sydney Rabbitohs,36.00,12,Canberra Raiders,Canberra Raiders,Canberra Raiders,Canberra Raiders,Canberra Raiders
2025,Rd 14,7,Wests Tigers,Penrith Panthers,14.00,18,Wests Tigers,Penrith Panthers,Penrith Panthers,Penrith Panthers,Penrith Panthers
2025,Rd 14,8,Canterbury Bulldogs,Parramatta Eels,30.00,12,Canterbury Bulldogs,Canterbury Bulldogs,Canterbury Bulldogs,Canterbury Bulldogs,Canterbury Bulldogs
2025,Rd 15,1,Cronulla Sharks,St. George Illawarra Dragons,30.00,18,Cronulla Sharks,Cronulla Sharks,Cronulla Sharks,Cronulla Sharks,Cronulla Sharks
2025,Rd 15,2,Gold Coast Titans,Manly Sea Eagles,28.00,8,Manly Sea Eagles,Manly Sea Eagles,Manly Sea Eagles,Manly Sea Eagles,Gold Coast Titans
2025,Rd 15,3,Newcastle Knights,Sydney Roosters,8.00,12,Newcastle Knights,Sydney Roosters,Sydney Roosters,Sydney Roosters,Sydney Roosters
2025,Rd 15,4,NQ Cowboys,Dolphins,4.00,58,NQ Cowboys,Dolphins,NQ Cowboys,NQ Cowboys,Dolphins
2025,Rd 15,5,South Sydney Rabbitohs,Canterbury Bulldogs,18.00,24,Canterbury Bulldogs,Canterbury Bulldogs,Canterbury Bulldogs,Canterbury Bulldogs,Canterbury Bulldogs
2025,Rd 16,1,Wests Tigers,Canberra Raiders,12.00,16,Canberra Raiders,Canberra Raiders,Canberra Raiders,Canberra Raiders,Canberra Raiders
2025,Rd 16,2,New Zealand Warriors,Penrith Panthers,18.00,28,New Zealand Warriors,New Zealand Warriors,Penrith Panthers,Penrith Panthers,Penrith Panthers
2025,Rd 16,3,Dolphins,Newcastle Knights,20.00,26,Dolphins,Dolphins,Dolphins,Dolphins,Newcastle Knights
2025,Rd 16,4,South Sydney Rabbitohs,Melbourne Storm,24.00,25,Melbourne Storm,Melbourne Storm,Melbourne Storm,Melbourne Storm,Melbourne Storm
2025,Rd 16,5,Brisbane Broncos,Cronulla Sharks,34.00,28,Cronulla Sharks,Brisbane Broncos,Brisbane Broncos,Brisbane Broncos,Brisbane Broncos
2025,Rd 16,6,Sydney Roosters,NQ Cowboys,42.00,8,Sydney Roosters,Sydney Roosters,Sydney Roosters,Sydney Roosters,Sydney Roosters
2025,Rd 16,7,Parramatta Eels,Gold Coast Titans,36.00,20,Parramatta Eels,Gold Coast Titans,Parramatta Eels,Parramatta Eels,Parramatta Eels
2025,Rd 17,1,Penrith Panthers,Canterbury Bulldogs,8.00,6,Canterbury Bulldogs,Canterbury Bulldogs,Penrith Panthers,Penrith Panthers,Penrith Panthers
2025,Rd 17,2,Manly Sea Eagles,Wests Tigers,28.00,10,Manly Sea Eagles,Manly Sea Eagles,Manly Sea Eagles,Manly Sea Eagles,Manly Sea Eagles
2025,Rd 17,3,Newcastle Knights,Canberra Raiders,18.00,22,Canberra Raiders,Canberra Raiders,Canberra Raiders,Canberra Raiders,Canberra Raiders
2025,Rd 17,4,Brisbane Broncos,New Zealand Warriors,26.00,12,New Zealand Warriors,Brisbane Broncos,Brisbane Broncos,Brisbane Broncos,Brisbane Broncos
2025,Rd 17,5,St. George Illawarra Dragons,Parramatta Eels,34.00,20,Parramatta Eels,St. George Illawarra Dragons,St. George Illawarra Dragons,St. George Illawarra Dragons,St. George Illawarra Dragons
2025,Rd 17,6,Dolphins,South Sydney Rabbitohs,50.00,28,Dolphins,Dolphins,Dolphins,Dolphins,Dolphins
2025,Rd 17,7,Melbourne Storm,Cronulla Sharks,30.00,6,Melbourne Storm,Melbourne Storm,Melbourne Storm,Melbourne Storm,Melbourne Storm
2025,Rd 17,8,Gold Coast Titans,NQ Cowboys,24.00,30,NQ Cowboys,NQ Cowboys,NQ Cowboys,NQ Cowboys,NQ Cowboys
2025,Rd 18,1,Canterbury Bulldogs,Brisbane Broncos,18.00,22,Canterbury Bulldogs,Canterbury Bulldogs,Canterbury Bulldogs,Brisbane Broncos,Brisbane Broncos
2025,Rd 18,2,Canberra Raiders,St. George Illawarra Dragons,28.00,24,Canberra Raiders,Canberra Raiders,Canberra Raiders,Canberra Raiders,Canberra Raiders
2025,Rd 18,3,NQ Cowboys,Melbourne Storm,20.00,26,Melbourne Storm,Melbourne Storm,Melbourne Storm,Melbourne Storm,Melbourne Storm
2025,Rd 18,4,Sydney Roosters,Wests Tigers,28.00,30,Sydney Roosters,Sydney Roosters,Sydney Roosters,Sydney Roosters,Wests Tigers
2025,Rd 18,5,Manly Sea Eagles,South Sydney Rabbitohs,30.00,12,Manly Sea Eagles,Manly Sea Eagles,Manly Sea Eagles,Manly Sea Eagles,Manly Sea Eagles
2025,Rd 19,1,Cronulla Sharks,Dolphins,24.00,12,Dolphins,Dolphins,Cronulla Sharks,Cronulla Sharks,Cronulla Sharks
2025,Rd 19,2,Newcastle Knights,Melbourne Storm,14.00,32,Melbourne Storm,Melbourne Storm,Melbourne Storm,Melbourne Storm,Melbourne Storm
2025,Rd 19,3,St. George Illawarra Dragons,Sydney Roosters,24.00,31,Sydney Roosters,Sydney Roosters,Sydney Roosters,Sydney Roosters,Sydney Roosters
2025,Rd 19,4,NQ Cowboys,Canterbury Bulldogs,8.00,12,Canterbury Bulldogs,Canterbury Bulldogs,Canterbury Bulldogs,Canterbury Bulldogs,Canterbury Bulldogs
2025,Rd 19,5,New Zealand Warriors,Wests Tigers,34.00,14,New Zealand Warriors,New Zealand Warriors,New Zealand Warriors,New Zealand Warriors,New Zealand Warriors
2025,Rd 19,6,Parramatta Eels,Penrith Panthers,10.00,32,Penrith Panthers,Penrith Panthers,Penrith Panthers,Penrith Panthers,Penrith Panthers
2025,Rd 19,7,Gold Coast Titans,Brisbane Broncos,14.00,26,Brisbane Broncos,Brisbane Broncos,Brisbane Broncos,Brisbane Broncos,Brisbane Broncos
2025,Rd 20,1,Dolphins,NQ Cowboys,43.00,24,Dolphins,Dolphins,Dolphins,Dolphins,Dolphins
2025,Rd 20,2,Cronulla Sharks,Sydney Roosters,31.00,18,Sydney Roosters,Cronulla Sharks,Cronulla Sharks,Cronulla Sharks,Cronulla Sharks
2025,Rd 20,3,Penrith Panthers,South Sydney Rabbitohs,30.00,10,Penrith Panthers,Penrith Panthers,Penrith Panthers,Penrith Panthers,Penrith Panthers
2025,Rd 20,4,Canberra Raiders,Parramatta Eels,40.00,16,Canberra Raiders,Canberra Raiders,Canberra Raiders,Canberra Raiders,Canberra Raiders
2025,Rd 20,5,Canterbury Bulldogs,St. George Illawarra Dragons,20.00,18,Canterbury Bulldogs,Canterbury Bulldogs,Canterbury Bulldogs,Canterbury Bulldogs,Canterbury Bulldogs
2025,Rd 20,6,Melbourne Storm,Manly Sea Eagles,16.00,18,Melbourne Storm,Melbourne Storm,Melbourne Storm,Melbourne Storm,Manly Sea Eagles
2025,Rd 20,7,Wests Tigers,Gold Coast Titans,21.00,20,Wests Tigers,Wests Tigers,Wests Tigers,Wests Tigers,Wests Tigers
2025,Rd 20,8,Newcastle Knights,New Zealand Warriors,15.00,20,New Zealand Warriors,New Zealand Warriors,New Zealand Warriors,New Zealand Warriors,New Zealand Warriors
2025,Rd 21,1,Sydney Roosters,Melbourne Storm,30.00,34,Melbourne Storm,Melbourne Storm,Melbourne Storm,Melbourne Storm,Melbourne Storm
2025,Rd 21,2,NQ Cowboys,St. George Illawarra Dragons,38.00,32,NQ Cowboys,NQ Cowboys,NQ Cowboys,NQ Cowboys,NQ Cowboys
2025,Rd 21,3,Brisbane Broncos,Parramatta Eels,20.00,22,Brisbane Broncos,Brisbane Broncos,Brisbane Broncos,Brisbane Broncos,Parramatta Eels
2025,Rd 21,4,New Zealand Warriors,Gold Coast Titans,16.00,24,New Zealand Warriors,New Zealand Warriors,New Zealand Warriors,New Zealand Warriors,Gold Coast Titans
2025,Rd 21,5,Penrith Panthers,Wests Tigers,36.00,2,Penrith Panthers,Penrith Panthers,Penrith Panthers,Penrith Panthers,Penrith Panthers
2025,Rd 21,6,South Sydney Rabbitohs,Cronulla Sharks,12.00,14,Cronulla Sharks,Cronulla Sharks,Cronulla Sharks,Cronulla Sharks,Cronulla Sharks
2025,Rd 21,7,Canberra Raiders,Newcastle Knights,44.00,18,Canberra Raiders,Canberra Raiders,Canberra Raiders,Canberra Raiders,Canberra Raiders
2025,Rd 21,8,Canterbury Bulldogs,Manly Sea Eagles,42.00,4,Canterbury Bulldogs,Canterbury Bulldogs,Canterbury Bulldogs,Canterbury Bulldogs,Canterbury Bulldogs
2025,Rd 22,1,Parramatta Eels,Melbourne Storm,10.00,16,Melbourne Storm,Melbourne Storm,Melbourne Storm,Melbourne Storm,Melbourne Storm
2025,Rd 22,2,New Zealand Warriors,Dolphins,18.00,20,New Zealand Warriors,New Zealand Warriors,New Zealand Warriors,New Zealand Warriors,Dolphins
2025,Rd 22,3,Brisbane Broncos,South Sydney Rabbitohs,60.00,14,Brisbane Broncos,Brisbane Broncos,Brisbane Broncos,Brisbane Broncos,Brisbane Broncos
2025,Rd 22,4,Gold Coast Titans,Penrith Panthers,26.00,30,Penrith Panthers,Penrith Panthers,Penrith Panthers,Penrith Panthers,Penrith Panthers
2025,Rd 22,5,St. George Illawarra Dragons,Canberra Raiders,18.00,12,Canberra Raiders,Canberra Raiders,Canberra Raiders,Canberra Raiders,St. George Illawarra Dragons
2025,Rd 22,6,Manly Sea Eagles,Sydney Roosters,4.00,20,Manly Sea Eagles,Manly Sea Eagles,Manly Sea Eagles,Manly Sea Eagles,Sydney Roosters
2025,Rd 22,7,Wests Tigers,Canterbury Bulldogs,28.00,14,Canterbury Bulldogs,Canterbury Bulldogs,Canterbury Bulldogs,Canterbury Bulldogs,Wests Tigers
2025,Rd 22,8,Cronulla Sharks,NQ Cowboys,32.00,12,Cronulla Sharks,Cronulla Sharks,Cronulla Sharks,Cronulla Sharks,Cronulla Sharks
2025,Rd 23,1,Melbourne Storm,Brisbane Broncos,22.00,2,Melbourne Storm,Melbourne Storm,Melbourne Storm,Melbourne Storm,Melbourne Storm
2025,Rd 23,2,Newcastle Knights,Penrith Panthers,12.00,48,Penrith Panthers,Penrith Panthers,Penrith Panthers,Penrith Panthers,Penrith Panthers
2025,Rd 23,3,Canberra Raiders,Manly Sea Eagles,28.00,12,Canberra Raiders,Canberra Raiders,Canberra Raiders,Canberra Raiders,Canberra Raiders
2025,Rd 23,4,St. George Illawarra Dragons,Cronulla Sharks,22.00,14,Cronulla Sharks,Cronulla Sharks,Cronulla Sharks,Cronulla Sharks,St. George Illawarra Dragons
2025,Rd 23,5,Dolphins,Sydney Roosters,12.00,64,Dolphins,Dolphins,Dolphins,Dolphins,Sydney Roosters
2025,Rd 23,6,Canterbury Bulldogs,New Zealand Warriors,32.00,14,Canterbury Bulldogs,Canterbury Bulldogs,Canterbury Bulldogs,Canterbury Bulldogs,Canterbury Bulldogs
2025,Rd 23,7,Gold Coast Titans,South Sydney Rabbitohs,18.00,20,Gold Coast Titans,Gold Coast Titans,Gold Coast Titans,Gold Coast Titans,South Sydney Rabbitohs
2025,Rd 23,8,Parramatta Eels,NQ Cowboys,19.00,18,NQ Cowboys,Parramatta Eels,NQ Cowboys,NQ Cowboys,Parramatta Eels
2025,Rd 24,1,Penrith Panthers,Melbourne Storm,18.00,22,Melbourne Storm,Penrith Panthers,Penrith Panthers,Penrith Panthers,Melbourne Storm
2025,Rd 24,2,New Zealand Warriors,St. George Illawarra Dragons,14.00,10,New Zealand Warriors,New Zealand Warriors,New Zealand Warriors,New Zealand Warriors,New Zealand Warriors
2025,Rd 24,3,Sydney Roosters,Canterbury Bulldogs,32.00,12,Canterbury Bulldogs,Canterbury Bulldogs,Sydney Roosters,Sydney Roosters,Sydney Roosters
2025,Rd 24,4,Cronulla Sharks,Gold Coast Titans,54.00,22,Cronulla Sharks,Cronulla Sharks,Cronulla Sharks,Cronulla Sharks,Cronulla Sharks
2025,Rd 24,5,Brisbane Broncos,Dolphins,38.00,28,Brisbane Broncos,Brisbane Broncos,Brisbane Broncos,Brisbane Broncos,Brisbane Broncos
2025,Rd 24,6,South Sydney Rabbitohs,Parramatta Eels,20.00,16,Parramatta Eels,Parramatta Eels,South Sydney Rabbitohs,South Sydney Rabbitohs,South Sydney Rabbitohs
2025,Rd 24,7,Wests Tigers,Manly Sea Eagles,26.00,12,Manly Sea Eagles,Manly Sea Eagles,Manly Sea Eagles,Manly Sea Eagles,Wests Tigers
2025,Rd 24,8,NQ Cowboys,Newcastle Knights,38.00,4,Newcastle Knights,NQ Cowboys,NQ Cowboys,NQ Cowboys,NQ Cowboys
2025,Rd 25,1,South Sydney Rabbitohs,St. George Illawarra Dragons,40.00,0,St. George Illawarra Dragons,St. George Illawarra Dragons,South Sydney Rabbitohs,South Sydney Rabbitohs,South Sydney Rabbitohs
2025,Rd 25,2,Penrith Panthers,Canberra Raiders,16.00,20,Canberra Raiders,Penrith Panthers,Penrith Panthers,Penrith Panthers,Canberra Raiders
2025,Rd 25,3,Melbourne Storm,Canterbury Bulldogs,20.00,14,Melbourne Storm,Melbourne Storm,Melbourne Storm,Melbourne Storm,Melbourne Storm
2025,Rd 25,4,Manly Sea Eagles,Dolphins,58.00,30,Dolphins,Dolphins,Manly Sea Eagles,Manly Sea Eagles,Manly Sea Eagles
2025,Rd 25,5,Gold Coast Titans,New Zealand Warriors,18.00,32,New Zealand Warriors,New Zealand Warriors,New Zealand Warriors,New Zealand Warriors,New Zealand Warriors
2025,Rd 25,6,Parramatta Eels,Sydney Roosters,30.00,10,Sydney Roosters,Sydney Roosters,Sydney Roosters,Sydney Roosters,Parramatta Eels
2025,Rd 25,7,Newcastle Knights,Brisbane Broncos,12.00,46,Brisbane Broncos,Brisbane Broncos,Brisbane Broncos,Brisbane Broncos,Brisbane Broncos
2025,Rd 25,8,Wests Tigers,NQ Cowboys,28.00,34,Wests Tigers,Wests Tigers,NQ Cowboys,NQ Cowboys,NQ Cowboys
2025,Rd 26,1,Canterbury Bulldogs,Penrith Panthers,28.00,4,Canterbury Bulldogs,Canterbury Bulldogs,Canterbury Bulldogs,Canterbury Bulldogs,Canterbury Bulldogs
2025,Rd 26,2,New Zealand Warriors,Parramatta Eels,22.00,26,New Zealand Warriors,New Zealand Warriors,New Zealand Warriors,New Zealand Warriors,Parramatta Eels
2025,Rd 26,3,Melbourne Storm,Sydney Roosters,10.00,40,Melbourne Storm,Melbourne Storm,Melbourne Storm,Melbourne Storm,Sydney Roosters
2025,Rd 26,4,Canberra Raiders,Wests Tigers,24.00,10,Canberra Raiders,Canberra Raiders,Canberra Raiders,Canberra Raiders,Canberra Raiders
2025,Rd 26,5,St. George Illawarra Dragons,Manly Sea Eagles,24.00,40,Manly Sea Eagles,Manly Sea Eagles,Manly Sea Eagles,Manly Sea Eagles,Manly Sea Eagles
2025,Rd 26,6,NQ Cowboys,Brisbane Broncos,30.00,38,Brisbane Broncos,Brisbane Broncos,Brisbane Broncos,Brisbane Broncos,Brisbane Broncos
2025,Rd 26,7,Cronulla Sharks,Newcastle Knights,40.00,16,Cronulla Sharks,Cronulla Sharks,Cronulla Sharks,Cronulla Sharks,Cronulla Sharks
2025,Rd 26,8,Dolphins,Gold Coast Titans,36.00,30,Dolphins,Dolphins,Dolphins,Dolphins,Dolphins
2025,Rd 27,1,Brisbane Broncos,Melbourne Storm,30.00,14,Melbourne Storm,Melbourne Storm,Melbourne Storm,Melbourne Storm,Brisbane Broncos
2025,Rd 27,2,Manly Sea Eagles,New Zealand Warriors,27.00,26,New Zealand Warriors,Manly Sea Eagles,Manly Sea Eagles,Manly Sea Eagles,Manly Sea Eagles
2025,Rd 27,3,Sydney Roosters,South Sydney Rabbitohs,36.00,6,Sydney Roosters,Sydney Roosters,Sydney Roosters,Sydney Roosters,Sydney Roosters
2025,Rd 27,4,St. George Illawarra Dragons,Penrith Panthers,20.00,40,Penrith Panthers,Penrith Panthers,Penrith Panthers,Penrith Panthers,Penrith Panthers
2025,Rd 27,5,Gold Coast Titans,Wests Tigers,36.00,28,Wests Tigers,Wests Tigers,Gold Coast Titans,Gold Coast Titans,Gold Coast Titans
2025,Rd 27,6,Canterbury Bulldogs,Cronulla Sharks,6.00,24,Canterbury Bulldogs,Canterbury Bulldogs,Canterbury Bulldogs,Canterbury Bulldogs,Cronulla Sharks
2025,Rd 27,7,Dolphins,Canberra Raiders,62.00,24,Canberra Raiders,Canberra Raiders,Canberra Raiders,Canberra Raiders,Dolphins
2025,Rd 27,8,Parramatta Eels,Newcastle Knights,66.00,10,Parramatta Eels,Parramatta Eels,Parramatta Eels,Parramatta Eels,Parramatta Eels
2025,Prelim,1,Melbourne Storm,Canterbury Bulldogs,26.00,18,Melbourne Storm,Melbourne Storm,Melbourne Storm,Melbourne Storm,Melbourne Storm
2025,Prelim,2,New Zealand Warriors,Penrith Panthers,8.00,24,New Zealand Warriors,Penrith Panthers,Penrith Panthers,Penrith Panthers,Penrith Panthers
2025,Prelim,3,Cronulla Sharks,Sydney Roosters,20.00,10,Cronulla Sharks,Cronulla Sharks,Cronulla Sharks,Cronulla Sharks,Cronulla Sharks
2025,Prelim,4,Canberra Raiders,Brisbane Broncos,28.00,29,Canberra Raiders,Canberra Raiders,Canberra Raiders,Canberra Raiders,Brisbane Broncos
2025,Qual,1,Canberra Raiders,Cronulla Sharks,12.00,32,Canberra Raiders,Canberra Raiders,Canberra Raiders,Canberra Raiders,Cronulla Sharks
2025,Qual,2,Canterbury Bulldogs,Penrith Panthers,26.00,46,Canterbury Bulldogs,Penrith Panthers,Penrith Panthers,Penrith Panthers,Penrith Panthers
2025,Semi,1,Melbourne Storm,Cronulla Sharks,22.00,14,Melbourne Storm,Melbourne Storm,Melbourne Storm,Melbourne Storm,Melbourne Storm
2025,Semi,2,Brisbane Broncos,Penrith Panthers,16.00,14,Brisbane Broncos,Penrith Panthers,Penrith Panthers,Penrith Panthers,Brisbane Broncos
2025,GF,1,Melbourne Storm,Brisbane Broncos,22.00,26,Melbourne Storm,Melbourne Storm,Melbourne Storm,Brisbane Broncos,Brisbane Broncos
2026,Rd 1,1,Newcastle Knights,NQ Cowboys,,,,,,
2026,Rd 1,2,Canterbury Bulldogs,St. George Illawarra Dragons,,,,,,
2026,Rd 1,3,Melbourne Storm,Parramatta Eels,,,,,,
2026,Rd 1,4,New Zealand Warriors,Sydney Roosters,,,,,,
2026,Rd 1,5,Brisbane Broncos,Penrith Panthers,,,,,,
2026,Rd 1,6,Cronulla Sharks,Gold Coast Titans,,,,,,
2026,Rd 1,7,Manly Sea Eagles,Canberra Raiders,,,,,,
2026,Rd 1,8,Dolphins,South Sydney Rabbitohs,,,,,,
2026,Rd 2,1,Brisbane Broncos,Parramatta Eels,,,,,,
2026,Rd 2,2,New Zealand Warriors,Canberra Raiders,,,,,,
2026,Rd 2,3,Sydney Roosters,South Sydney Rabbitohs,,,,,,
2026,Rd 2,4,Wests Tigers,NQ Cowboys,,,,,,
2026,Rd 2,5,St. George Illawarra Dragons,Melbourne Storm,,,,,,
2026,Rd 2,6,Penrith Panthers,Cronulla Sharks,,,,,,
2026,Rd 2,7,Manly Sea Eagles,Newcastle Knights,,,,,,
2026,Rd 2,8,Dolphins,Gold Coast Titans,,,,,,
2026,Rd 3,1,Canberra Raiders,Canterbury Bulldogs,,,,,,
2026,Rd 3,2,Sydney Roosters,Penrith Panthers,,,,,,
2026,Rd 3,3,Melbourne Storm,Brisbane Broncos,,,,,,
2026,Rd 3,4,Newcastle Knights,New Zealand Warriors,,,,,,
2026,Rd 3,5,Cronulla Sharks,Dolphins,,,,,,
2026,Rd 3,6,South Sydney Rabbitohs,Wests Tigers,,,,,,
2026,Rd 3,7,Parramatta Eels,St. George Illawarra Dragons,,,,,,
2026,Rd 3,8,NQ Cowboys,Gold Coast Titans,,,,,,
2026,Rd 4,1,Manly Sea Eagles,Sydney Roosters,,,,,,
2026,Rd 4,2,New Zealand Warriors,Wests Tigers,,,,,,
2026,Rd 4,3,Brisbane Broncos,Dolphins,,,,,,
2026,Rd 4,4,Canterbury Bulldogs,Newcastle Knights,,,,,,
2026,Rd 4,5,Penrith Panthers,Parramatta Eels,,,,,,
2026,Rd 4,6,NQ Cowboys,Melbourne Storm,,,,,,
2026,Rd 4,7,Canberra Raiders,Cronulla Sharks,,,,,,
2026,Rd 4,8,Gold Coast Titans,St. George Illawarra Dragons,,,,,,
2026,Rd 5,1,Dolphins,Manly Sea Eagles,,,,,,
2026,Rd 5,2,South Sydney Rabbitohs,Canterbury Bulldogs,,,,,,
2026,Rd 5,3,Penrith Panthers,Melbourne Storm,,,,,,
2026,Rd 5,4,St. George Illawarra Dragons,NQ Cowboys,,,,,,
2026,Rd 5,5,Gold Coast Titans,Brisbane Broncos,,,,,,
2026,Rd 5,6,Cronulla Sharks,New Zealand Warriors,,,,,,
2026,Rd 5,7,Newcastle Knights,Canberra Raiders,,,,,,
2026,Rd 5,8,Parramatta Eels,Wests Tigers,,,,,,
2026,Rd 6,1,Canterbury Bulldogs,Penrith Panthers,,,,,,
2026,Rd 6,2,St. George Illawarra Dragons,Manly Sea Eagles,,,,,,
2026,Rd 6,3,Brisbane Broncos,NQ Cowboys,,,,,,
2026,Rd 6,4,South Sydney Rabbitohs,Canberra Raiders,,,,,,
2026,Rd 6,5,Cronulla Sharks,Sydney Roosters,,,,,,
2026,Rd 6,6,Melbourne Storm,New Zealand Warriors,,,,,,
2026,Rd 6,7,Parramatta Eels,Gold Coast Titans,,,,,,
2026,Rd 6,8,Wests Tigers,Newcastle Knights,,,,,,
2026,Rd 7,1,NQ Cowboys,Manly Sea Eagles,,,,,,
2026,Rd 7,2,Canberra Raiders,Melbourne Storm,,,,,,
2026,Rd 7,3,Dolphins,Penrith Panthers,,,,,,
2026,Rd 7,4,New Zealand Warriors,Gold Coast Titans,,,,,,
2026,Rd 7,5,South Sydney Rabbitohs,St. George Illawarra Dragons,,,,,,
2026,Rd 7,6,Wests Tigers,Brisbane Broncos,,,,,,
2026,Rd 7,7,Sydney Roosters,Newcastle Knights,,,,,,
2026,Rd 7,8,Parramatta Eels,Canterbury Bulldogs,,,,,,
2026,Rd 8,1,Wests Tigers,Canberra Raiders,,,,,,
2026,Rd 8,2,NQ Cowboys,Cronulla Sharks,,,,,,
2026,Rd 8,3,Brisbane Broncos,Canterbury Bulldogs,,,,,,
2026,Rd 8,4,St. George Illawarra Dragons,Sydney Roosters,,,,,,
2026,Rd 8,5,New Zealand Warriors,Dolphins,,,,,,
2026,Rd 8,6,Melbourne Storm,South Sydney Rabbitohs,,,,,,
2026,Rd 8,7,Newcastle Knights,Penrith Panthers,,,,,,
2026,Rd 8,8,Manly Sea Eagles,Parramatta Eels,,,,,,
2026,Rd 9,1,Canterbury Bulldogs,NQ Cowboys,,,,,,
2026,Rd 9,2,Dolphins,Melbourne Storm,,,,,,
2026,Rd 9,3,Gold Coast Titans,Canberra Raiders,,,,,,
2026,Rd 9,4,Parramatta Eels,New Zealand Warriors,,,,,,
2026,Rd 9,5,Sydney Roosters,Brisbane Broncos,,,,,,
2026,Rd 9,6,Newcastle Knights,South Sydney Rabbitohs,,,,,,
2026,Rd 9,7,Cronulla Sharks,Wests Tigers,,,,,,
2026,Rd 9,8,Penrith Panthers,Manly Sea Eagles,,,,,,
2026,Rd 10,1,Dolphins,Canterbury Bulldogs,,,,,,
2026,Rd 10,2,Sydney Roosters,Gold Coast Titans,,,,,,
2026,Rd 10,3,NQ Cowboys,Parramatta Eels,,,,,,
2026,Rd 10,4,St. George Illawarra Dragons,Newcastle Knights,,,,,,
2026,Rd 10,5,South Sydney Rabbitohs,Cronulla Sharks,,,,,,
2026,Rd 10,6,Manly Sea Eagles,Canterbury Bulldogs,,,,,,
2026,Rd 10,7,Melbourne Storm,Wests Tigers,,,,,,
2026,Rd 10,8,Canberra Raiders,Penrith Panthers,,,,,,
2026,Rd 11,1,Cronulla Sharks,Canterbury Bulldogs,,,,,,
2026,Rd 11,2,South Sydney Rabbitohs,Dolphins,,,,,,
2026,Rd 11,3,Wests Tigers,Manly Sea Eagles,,,,,,
2026,Rd 11,4,Sydney Roosters,NQ Cowboys,,,,,,
2026,Rd 11,5,Parramatta Eels,Melbourne Storm,,,,,,
2026,Rd 11,6,Gold Coast Titans,Newcastle Knights,,,,,,
2026,Rd 11,7,New Zealand Warriors,Brisbane Broncos,,,,,,
2026,Rd 11,8,Penrith Panthers,St. George Illawarra Dragons,,,,,,
2026,Rd 12,1,Canberra Raiders,Dolphins,,,,,,
2026,Rd 12,2,Canterbury Bulldogs,Melbourne Storm,,,,,,
2026,Rd 12,3,St. George Illawarra Dragons,New Zealand Warriors,,,,,,
2026,Rd 12,4,Manly Sea Eagles,Gold Coast Titans,,,,,,
2026,Rd 12,5,NQ Cowboys,South Sydney Rabbitohs,,,,,,
2026,Rd 13,1,Cronulla Sharks,Manly Sea Eagles,,,,,,
2026,Rd 13,2,Newcastle Knights,Parramatta Eels,,,,,,
2026,Rd 13,3,Wests Tigers,Canterbury Bulldogs,,,,,,
2026,Rd 13,4,Melbourne Storm,Sydney Roosters,,,,,,
2026,Rd 13,5,Brisbane Broncos,St. George Illawarra Dragons,,,,,,
2026,Rd 13,6,Canberra Raiders,NQ Cowboys,,,,,,
2026,Rd 13,7,Penrith Panthers,New Zealand Warriors,,,,,,
2026,Rd 14,1,Manly Sea Eagles,South Sydney Rabbitohs,,,,,,
2026,Rd 14,2,Melbourne Storm,Newcastle Knights,,,,,,
2026,Rd 14,3,Canberra Raiders,Sydney Roosters,,,,,,
2026,Rd 14,4,NQ Cowboys,Dolphins,,,,,,
2026,Rd 14,5,Brisbane Broncos,Gold Coast Titans,,,,,,
2026,Rd 14,6,Wests Tigers,Penrith Panthers,,,,,,
2026,Rd 14,7,Cronulla Sharks,St. George Illawarra Dragons,,,,,,
2026,Rd 14,8,Canterbury Bulldogs,Parramatta Eels,,,,,,
2026,Rd 15,1,South Sydney Rabbitohs,Brisbane Broncos,,,,,,
2026,Rd 15,2,Dolphins,Sydney Roosters,,,,,,
2026,Rd 15,3,New Zealand Warriors,Cronulla Sharks,,,,,,
2026,Rd 15,4,Parramatta Eels,Canberra Raiders,,,,,,
2026,Rd 15,5,Wests Tigers,Gold Coast Titans,,,,,,
2026,Rd 16,1,Newcastle Knights,St. George Illawarra Dragons,,,,,,
2026,Rd 16,2,Wests Tigers,Dolphins,,,,,,
2026,Rd 16,3,Gold Coast Titans,Penrith Panthers,,,,,,
2026,Rd 16,4,Canterbury Bulldogs,Manly Sea Eagles,,,,,,
2026,Rd 16,5,New Zealand Warriors,NQ Cowboys,,,,,,
2026,Rd 16,6,Melbourne Storm,Canberra Raiders,,,,,,
2026,Rd 16,7,Sydney Roosters,Cronulla Sharks,,,,,,
2026,Rd 17,1,Parramatta Eels,South Sydney Rabbitohs,,,,,,
2026,Rd 17,2,Gold Coast Titans,Canterbury Bulldogs,,,,,,
2026,Rd 17,3,Brisbane Broncos,Sydney Roosters,,,,,,
2026,Rd 17,4,Dolphins,New Zealand Warriors,,,,,,
2026,Rd 17,5,NQ Cowboys,Penrith Panthers,,,,,,
2026,Rd 17,6,Manly Sea Eagles,Melbourne Storm,,,,,,
2026,Rd 17,7,Canberra Raiders,St. George Illawarra Dragons,,,,,,
2026,Rd 17,8,Newcastle Knights,Wests Tigers,,,,,,
2026,Rd 18,1,Penrith Panthers,South Sydney Rabbitohs,,,,,,
2026,Rd 18,2,St. George Illawarra Dragons,Wests Tigers,,,,,,
2026,Rd 18,3,Brisbane Broncos,Cronulla Sharks,,,,,,
2026,Rd 18,4,Parramatta Eels,Manly Sea Eagles,,,,,,
2026,Rd 18,5,Newcastle Knights,Dolphins,,,,,,
2026,Rd 19,1,Wests Tigers,New Zealand Warriors,,,,,,
2026,Rd 19,2,Dolphins,Cronulla Sharks,,,,,,
2026,Rd 19,3,Canterbury Bulldogs,Canberra Raiders,,,,,,
2026,Rd 19,4,Sydney Roosters,Parramatta Eels,,,,,,
2026,Rd 19,5,South Sydney Rabbitohs,Newcastle Knights,,,,,,
2026,Rd 19,6,Manly Sea Eagles,NQ Cowboys,,,,,,
2026,Rd 19,7,Melbourne Storm,Gold Coast Titans,,,,,,
2026,Rd 20,1,Penrith Panthers,Brisbane Broncos,,,,,,
2026,Rd 20,2,Cronulla Sharks,Newcastle Knights,,,,,,
2026,Rd 20,3,Sydney Roosters,Melbourne Storm,,,,,,
2026,Rd 20,4,Canberra Raiders,South Sydney Rabbitohs,,,,,,
2026,Rd 20,5,New Zealand Warriors,St. George Illawarra Dragons,,,,,,
2026,Rd 20,6,Canterbury Bulldogs,Wests Tigers,,,,,,
2026,Rd 20,7,Gold Coast Titans,Manly Sea Eagles,,,,,,
2026,Rd 20,8,Dolphins,NQ Cowboys,,,,,,
2026,Rd 21,1,Parramatta Eels,Penrith Panthers,,,,,,
2026,Rd 21,2,Newcastle Knights,Sydney Roosters,,,,,,
2026,Rd 21,3,South Sydney Rabbitohs,Melbourne Storm,,,,,,
2026,Rd 21,4,Canberra Raiders,Wests Tigers,,,,,,
2026,Rd 21,5,Canterbury Bulldogs,New Zealand Warriors,,,,,,
2026,Rd 21,6,NQ Cowboys,Brisbane Broncos,,,,,,
2026,Rd 21,7,St. George Illawarra Dragons,Gold Coast Titans,,,,,,
2026,Rd 21,8,Manly Sea Eagles,Cronulla Sharks,,,,,,
2026,Rd 22,1,NQ Cowboys,Sydney Roosters,,,,,,
2026,Rd 22,2,St. George Illawarra Dragons,Dolphins,,,,,,
2026,Rd 22,3,Melbourne Storm,Canterbury Bulldogs,,,,,,
2026,Rd 22,4,Gold Coast Titans,New Zealand Warriors,,,,,,
2026,Rd 22,5,Penrith Panthers,Canberra Raiders,,,,,,
2026,Rd 22,6,Brisbane Broncos,Newcastle Knights,,,,,,
2026,Rd 22,7,Cronulla Sharks,South Sydney Rabbitohs,,,,,,
2026,Rd 22,8,Wests Tigers,Parramatta Eels,,,,,,
2026,Rd 23,1,Gold Coast Titans,NQ Cowboys,,,,,,
2026,Rd 23,2,New Zealand Warriors,Penrith Panthers,,,,,,
2026,Rd 23,3,Sydney Roosters,Canterbury Bulldogs,,,,,,
2026,Rd 23,4,Melbourne Storm,Manly Sea Eagles,,,,,,
2026,Rd 23,5,Dolphins,Brisbane Broncos,,,,,,
2026,Rd 23,6,South Sydney Rabbitohs,Parramatta Eels,,,,,,
2026,Rd 23,7,Canberra Raiders,Newcastle Knights,,,,,,
2026,Rd 23,8,St. George Illawarra Dragons,Cronulla Sharks,,,,,,
2026,Rd 24,1,Penrith Panthers,Sydney Roosters,,,,,,
2026,Rd 24,2,Manly Sea Eagles,Dolphins,,,,,,
2026,Rd 24,3,Canterbury Bulldogs,South Sydney Rabbitohs,,,,,,
2026,Rd 24,4,Cronulla Sharks,Canberra Raiders,,,,,,
2026,Rd 24,5,Parramatta Eels,NQ Cowboys,,,,,,
2026,Rd 24,6,Brisbane Broncos,New Zealand Warriors,,,,,,
2026,Rd 24,7,Newcastle Knights,Gold Coast Titans,,,,,,
2026,Rd 24,8,Wests Tigers,St. George Illawarra Dragons,,,,,,
2026,Rd 25,1,Melbourne Storm,Penrith Panthers,,,,,,
2026,Rd 25,2,Canberra Raiders,Brisbane Broncos,,,,,,
2026,Rd 25,3,Dolphins,Parramatta Eels,,,,,,
2026,Rd 25,4,Newcastle Knights,Manly Sea Eagles,,,,,,
2026,Rd 25,5,South Sydney Rabbitohs,New Zealand Warriors,,,,,,
2026,Rd 25,6,St. George Illawarra Dragons,Canterbury Bulldogs,,,,,,
2026,Rd 25,7,Gold Coast Titans,Cronulla Sharks,,,,,,
2026,Rd 25,8,Sydney Roosters,Wests Tigers,,,,,,
2026,Rd 26,1,Brisbane Broncos,Melbourne Storm,,,,,,
2026,Rd 26,2,Manly Sea Eagles,St. George Illawarra Dragons,,,,,,
2026,Rd 26,3,Penrith Panthers,Canterbury Bulldogs,,,,,,
2026,Rd 26,4,Gold Coast Titans,South Sydney Rabbitohs,,,,,,
2026,Rd 26,5,Sydney Roosters,Dolphins,,,,,,
2026,Rd 26,6,NQ Cowboys,Wests Tigers,,,,,,
2026,Rd 26,7,New Zealand Warriors,Newcastle Knights,,,,,,
2026,Rd 26,8,Parramatta Eels,Cronulla Sharks,,,,,,
2026,Rd 27,1,Canterbury Bulldogs,Brisbane Broncos,,,,,,
2026,Rd 27,2,Gold Coast Titans,Dolphins,,,,,,
2026,Rd 27,3,South Sydney Rabbitohs,Sydney Roosters,,,,,,
2026,Rd 27,4,New Zealand Warriors,Manly Sea Eagles,,,,,,
2026,Rd 27,5,NQ Cowboys,Canberra Raiders,,,,,,
2026,Rd 27,6,Cronulla Sharks,Melbourne Storm,,,,,,
2026,Rd 27,7,St. George Illawarra Dragons,Parramatta Eels,,,,,,
2026,Rd 27,8,Penrith Panthers,Wests Tigers,,,,,,