match_key,year,round,round_seq,game_num,match_index,date,home_team,away_team,home_score,away_score,venue_name,match_url
1998|Rd 1|Adelaide Rams|NQ Cowboys,1998,Rd 1,1,1,1,1998-03-13,Adelaide Rams,NQ Cowboys,8,18,Adelaide,https://www.rugbyleagueproject.org/matches/62
1998|Rd 1|Auckland Warriors|South Sydney Rabbitohs,1998,Rd 1,1,2,2,1998-03-13,Auckland Warriors,South Sydney Rabbitohs,18,24,Ericsson,https://www.rugbyleagueproject.org/matches/996
1998|Rd 1|Brisbane Broncos|Manly Sea Eagles,1998,Rd 1,1,3,3,1998-03-13,Brisbane Broncos,Manly Sea Eagles,22,6,ANZ,https://www.rugbyleagueproject.org/matches/995
1998|Rd 1|Balmain Tigers|Gold Coast Titans,1998,Rd 1,1,4,4,1998-03-14,Balmain Tigers,Gold Coast Titans,40,6,Leichhardt,https://www.rugbyleagueproject.org/matches/997
1998|Rd 1|Cronulla Sharks|Sydney Roosters,1998,Rd 1,1,5,5,1998-03-14,Cronulla Sharks,Sydney Roosters,14,36,Shark Park,https://www.rugbyleagueproject.org/matches/1000
1998|Rd 1|Illawarra Steelers|Melbourne Storm,1998,Rd 1,1,6,6,1998-03-14,Illawarra Steelers,Melbourne Storm,12,14,WIN,https://www.rugbyleagueproject.org/matches/998
1998|Rd 1|Parramatta Eels|Penrith Panthers,1998,Rd 1,1,7,7,1998-03-14,Parramatta Eels,Penrith Panthers,27,16,Parramatta,https://www.rugbyleagueproject.org/matches/999
1998|Rd 1|Canterbury Bulldogs|Canberra Raiders,1998,Rd 1,1,8,8,1998-03-15,Canterbury Bulldogs,Canberra Raiders,20,10,Belmore,https://www.rugbyleagueproject.org/matches/1002
1998|Rd 1|North Sydney Bears|Newcastle Knights,1998,Rd 1,1,9,9,1998-03-15,North Sydney Bears,Newcastle Knights,14,18,North Sydney,https://www.rugbyleagueproject.org/matches/1001
1998|Rd 1|St. George Dragons|Western Suburbs Magpies,1998,Rd 1,1,10,10,1998-03-15,St. George Dragons,Western Suburbs Magpies,36,18,Kogarah,https://www.rugbyleagueproject.org/matches/1003
1998|Rd 2|Sydney Roosters|North Sydney Bears,1998,Rd 2,2,1,11,1998-03-20,Sydney Roosters,North Sydney Bears,8,26,SFS,https://www.rugbyleagueproject.org/matches/1004
1998|Rd 2|Gold Coast Titans|Parramatta Eels,1998,Rd 2,2,2,12,1998-03-21,Gold Coast Titans,Parramatta Eels,12,14,Carrara,https://www.rugbyleagueproject.org/matches/1006
1998|Rd 2|NQ Cowboys|Balmain Tigers,1998,Rd 2,2,3,13,1998-03-21,NQ Cowboys,Balmain Tigers,26,2,Malanda,https://www.rugbyleagueproject.org/matches/267
1998|Rd 2|Newcastle Knights|Auckland Warriors,1998,Rd 2,2,4,14,1998-03-21,Newcastle Knights,Auckland Warriors,33,4,Marathon,https://www.rugbyleagueproject.org/matches/1007
1998|Rd 2|Penrith Panthers|Canberra Raiders,1998,Rd 2,2,5,15,1998-03-21,Penrith Panthers,Canberra Raiders,28,24,Penrith,https://www.rugbyleagueproject.org/matches/1005
1998|Rd 2|Canterbury Bulldogs|Brisbane Broncos,1998,Rd 2,2,6,16,1998-03-22,Canterbury Bulldogs,Brisbane Broncos,12,20,Belmore,https://www.rugbyleagueproject.org/matches/1011
1998|Rd 2|Manly Sea Eagles|Adelaide Rams,1998,Rd 2,2,7,17,1998-03-22,Manly Sea Eagles,Adelaide Rams,22,6,Brookvale,https://www.rugbyleagueproject.org/matches/1012
1998|Rd 2|South Sydney Rabbitohs|Illawarra Steelers,1998,Rd 2,2,8,18,1998-03-22,South Sydney Rabbitohs,Illawarra Steelers,14,22,SFS,https://www.rugbyleagueproject.org/matches/1009
1998|Rd 2|St. George Dragons|Cronulla Sharks,1998,Rd 2,2,9,19,1998-03-22,St. George Dragons,Cronulla Sharks,14,20,Kogarah,https://www.rugbyleagueproject.org/matches/1008
1998|Rd 2|Western Suburbs Magpies|Melbourne Storm,1998,Rd 2,2,10,20,1998-03-22,Western Suburbs Magpies,Melbourne Storm,16,26,Campbelltown,https://www.rugbyleagueproject.org/matches/1010
1998|Rd 3|Adelaide Rams|Canterbury Bulldogs,1998,Rd 3,3,1,21,1998-03-27,Adelaide Rams,Canterbury Bulldogs,22,20,Adelaide,https://www.rugbyleagueproject.org/matches/1014
1998|Rd 3|Auckland Warriors|Sydney Roosters,1998,Rd 3,3,2,22,1998-03-27,Auckland Warriors,Sydney Roosters,25,14,Ericsson,https://www.rugbyleagueproject.org/matches/1013
1998|Rd 3|Balmain Tigers|Manly Sea Eagles,1998,Rd 3,3,3,23,1998-03-27,Balmain Tigers,Manly Sea Eagles,18,4,Leichhardt,https://www.rugbyleagueproject.org/matches/1015
1998|Rd 3|Brisbane Broncos|Penrith Panthers,1998,Rd 3,3,4,24,1998-03-28,Brisbane Broncos,Penrith Panthers,26,18,ANZ,https://www.rugbyleagueproject.org/matches/1016
1998|Rd 3|Cronulla Sharks|Melbourne Storm,1998,Rd 3,3,5,25,1998-03-28,Cronulla Sharks,Melbourne Storm,18,26,Shark Park,https://www.rugbyleagueproject.org/matches/1018
1998|Rd 3|Illawarra Steelers|Newcastle Knights,1998,Rd 3,3,6,26,1998-03-28,Illawarra Steelers,Newcastle Knights,18,37,WIN,https://www.rugbyleagueproject.org/matches/1017
1998|Rd 3|Canberra Raiders|Gold Coast Titans,1998,Rd 3,3,7,27,1998-03-29,Canberra Raiders,Gold Coast Titans,18,4,Fisher,https://www.rugbyleagueproject.org/matches/1019
1998|Rd 3|North Sydney Bears|St. George Dragons,1998,Rd 3,3,8,28,1998-03-29,North Sydney Bears,St. George Dragons,28,8,North Sydney,https://www.rugbyleagueproject.org/matches/1020
1998|Rd 3|Parramatta Eels|NQ Cowboys,1998,Rd 3,3,9,29,1998-03-29,Parramatta Eels,NQ Cowboys,15,16,Parramatta,https://www.rugbyleagueproject.org/matches/64
1998|Rd 3|Western Suburbs Magpies|South Sydney Rabbitohs,1998,Rd 3,3,10,30,1998-03-29,Western Suburbs Magpies,South Sydney Rabbitohs,42,6,Campbelltown,https://www.rugbyleagueproject.org/matches/1021
1998|Rd 4|Manly Sea Eagles|Parramatta Eels,1998,Rd 4,4,1,31,1998-04-03,Manly Sea Eagles,Parramatta Eels,10,34,Brookvale,https://www.rugbyleagueproject.org/matches/1022
1998|Rd 4|Melbourne Storm|North Sydney Bears,1998,Rd 4,4,2,32,1998-04-03,Melbourne Storm,North Sydney Bears,24,16,Olympic Park,https://www.rugbyleagueproject.org/matches/1023
1998|Rd 4|Sydney Roosters|Illawarra Steelers,1998,Rd 4,4,3,33,1998-04-03,Sydney Roosters,Illawarra Steelers,30,16,SFS,https://www.rugbyleagueproject.org/matches/1024
1998|Rd 4|NQ Cowboys|Canberra Raiders,1998,Rd 4,4,4,34,1998-04-04,NQ Cowboys,Canberra Raiders,14,12,Malanda,https://www.rugbyleagueproject.org/matches/268
1998|Rd 4|South Sydney Rabbitohs|Cronulla Sharks,1998,Rd 4,4,5,35,1998-04-04,South Sydney Rabbitohs,Cronulla Sharks,2,6,SFS,https://www.rugbyleagueproject.org/matches/1025
1998|Rd 4|St. George Dragons|Auckland Warriors,1998,Rd 4,4,6,36,1998-04-04,St. George Dragons,Auckland Warriors,28,24,Kogarah,https://www.rugbyleagueproject.org/matches/1026
1998|Rd 4|Canterbury Bulldogs|Balmain Tigers,1998,Rd 4,4,7,37,1998-04-05,Canterbury Bulldogs,Balmain Tigers,10,24,Belmore,https://www.rugbyleagueproject.org/matches/1030
1998|Rd 4|Gold Coast Titans|Brisbane Broncos,1998,Rd 4,4,8,38,1998-04-05,Gold Coast Titans,Brisbane Broncos,18,40,Carrara,https://www.rugbyleagueproject.org/matches/1029
1998|Rd 4|Newcastle Knights|Western Suburbs Magpies,1998,Rd 4,4,9,39,1998-04-05,Newcastle Knights,Western Suburbs Magpies,34,18,Marathon,https://www.rugbyleagueproject.org/matches/1028
1998|Rd 4|Penrith Panthers|Adelaide Rams,1998,Rd 4,4,10,40,1998-04-05,Penrith Panthers,Adelaide Rams,54,12,Penrith,https://www.rugbyleagueproject.org/matches/1027
1998|Rd 5|Adelaide Rams|Gold Coast Titans,1998,Rd 5,5,1,41,1998-04-09,Adelaide Rams,Gold Coast Titans,8,16,Adelaide,https://www.rugbyleagueproject.org/matches/1032
1998|Rd 5|Western Suburbs Magpies|Sydney Roosters,1998,Rd 5,5,2,42,1998-04-09,Western Suburbs Magpies,Sydney Roosters,4,22,Campbelltown,https://www.rugbyleagueproject.org/matches/1031
1998|Rd 5|Auckland Warriors|Melbourne Storm,1998,Rd 5,5,3,43,1998-04-10,Auckland Warriors,Melbourne Storm,16,12,Ericsson,https://www.rugbyleagueproject.org/matches/1034
1998|Rd 5|Newcastle Knights|Cronulla Sharks,1998,Rd 5,5,4,44,1998-04-10,Newcastle Knights,Cronulla Sharks,24,10,Marathon,https://www.rugbyleagueproject.org/matches/1033
1998|Rd 5|Balmain Tigers|Penrith Panthers,1998,Rd 5,5,5,45,1998-04-11,Balmain Tigers,Penrith Panthers,30,10,Leichhardt,https://www.rugbyleagueproject.org/matches/1036
1998|Rd 5|Illawarra Steelers|St. George Dragons,1998,Rd 5,5,6,46,1998-04-11,Illawarra Steelers,St. George Dragons,12,19,WIN,https://www.rugbyleagueproject.org/matches/1035
1998|Rd 5|Parramatta Eels|Canterbury Bulldogs,1998,Rd 5,5,7,47,1998-04-11,Parramatta Eels,Canterbury Bulldogs,22,14,Parramatta,https://www.rugbyleagueproject.org/matches/1037
1998|Rd 5|Brisbane Broncos|NQ Cowboys,1998,Rd 5,5,8,48,1998-04-12,Brisbane Broncos,NQ Cowboys,58,4,ANZ,https://www.rugbyleagueproject.org/matches/66
1998|Rd 5|Canberra Raiders|Manly Sea Eagles,1998,Rd 5,5,9,49,1998-04-12,Canberra Raiders,Manly Sea Eagles,26,20,Bruce,https://www.rugbyleagueproject.org/matches/1038
1998|Rd 5|North Sydney Bears|South Sydney Rabbitohs,1998,Rd 5,5,10,50,1998-04-12,North Sydney Bears,South Sydney Rabbitohs,42,8,North Sydney,https://www.rugbyleagueproject.org/matches/1039
1998|Rd 6|Manly Sea Eagles|Brisbane Broncos,1998,Rd 6,6,1,51,1998-04-17,Manly Sea Eagles,Brisbane Broncos,28,4,Brookvale,https://www.rugbyleagueproject.org/matches/1040
1998|Rd 6|Sydney Roosters|Adelaide Rams,1998,Rd 6,6,2,52,1998-04-17,Sydney Roosters,Adelaide Rams,50,12,SFS,https://www.rugbyleagueproject.org/matches/1041
1998|Rd 6|Canberra Raiders|Illawarra Steelers,1998,Rd 6,6,3,53,1998-04-18,Canberra Raiders,Illawarra Steelers,20,22,Bruce,https://www.rugbyleagueproject.org/matches/1042
1998|Rd 6|Cronulla Sharks|Balmain Tigers,1998,Rd 6,6,4,54,1998-04-18,Cronulla Sharks,Balmain Tigers,10,11,Shark Park,https://www.rugbyleagueproject.org/matches/1043
1998|Rd 6|NQ Cowboys|Newcastle Knights,1998,Rd 6,6,5,55,1998-04-18,NQ Cowboys,Newcastle Knights,17,4,Malanda,https://www.rugbyleagueproject.org/matches/269
1998|Rd 6|Canterbury Bulldogs|Gold Coast Titans,1998,Rd 6,6,6,56,1998-04-19,Canterbury Bulldogs,Gold Coast Titans,56,10,Belmore,https://www.rugbyleagueproject.org/matches/1048
1998|Rd 6|North Sydney Bears|Auckland Warriors,1998,Rd 6,6,7,57,1998-04-19,North Sydney Bears,Auckland Warriors,44,26,North Sydney,https://www.rugbyleagueproject.org/matches/1046
1998|Rd 6|Parramatta Eels|Melbourne Storm,1998,Rd 6,6,8,58,1998-04-19,Parramatta Eels,Melbourne Storm,22,32,Parramatta,https://www.rugbyleagueproject.org/matches/1045
1998|Rd 6|Penrith Panthers|St. George Dragons,1998,Rd 6,6,9,59,1998-04-19,Penrith Panthers,St. George Dragons,24,30,Penrith,https://www.rugbyleagueproject.org/matches/1047
1998|Rd 6|South Sydney Rabbitohs|Western Suburbs Magpies,1998,Rd 6,6,10,60,1998-04-19,South Sydney Rabbitohs,Western Suburbs Magpies,41,10,SFS,https://www.rugbyleagueproject.org/matches/1044
1998|Rd 7|Adelaide Rams|Cronulla Sharks,1998,Rd 7,7,1,61,1998-04-25,Adelaide Rams,Cronulla Sharks,12,22,Adelaide,https://www.rugbyleagueproject.org/matches/1049
1998|Rd 7|Balmain Tigers|Canterbury Bulldogs,1998,Rd 7,7,2,62,1998-04-25,Balmain Tigers,Canterbury Bulldogs,10,26,Leichhardt,https://www.rugbyleagueproject.org/matches/1050
1998|Rd 7|Melbourne Storm|Penrith Panthers,1998,Rd 7,7,3,63,1998-04-25,Melbourne Storm,Penrith Panthers,22,14,Olympic Park,https://www.rugbyleagueproject.org/matches/1051
1998|Rd 7|NQ Cowboys|Sydney Roosters,1998,Rd 7,7,4,64,1998-04-25,NQ Cowboys,Sydney Roosters,16,50,Malanda,https://www.rugbyleagueproject.org/matches/270
1998|Rd 7|Auckland Warriors|Newcastle Knights,1998,Rd 7,7,5,65,1998-04-26,Auckland Warriors,Newcastle Knights,14,38,Ericsson,https://www.rugbyleagueproject.org/matches/1054
1998|Rd 7|Brisbane Broncos|North Sydney Bears,1998,Rd 7,7,6,66,1998-04-26,Brisbane Broncos,North Sydney Bears,60,6,ANZ,https://www.rugbyleagueproject.org/matches/1056
1998|Rd 7|Gold Coast Titans|Canberra Raiders,1998,Rd 7,7,7,67,1998-04-26,Gold Coast Titans,Canberra Raiders,12,24,Carrara,https://www.rugbyleagueproject.org/matches/1052
1998|Rd 7|Illawarra Steelers|Parramatta Eels,1998,Rd 7,7,8,68,1998-04-26,Illawarra Steelers,Parramatta Eels,20,12,WIN,https://www.rugbyleagueproject.org/matches/1053
1998|Rd 7|Manly Sea Eagles|South Sydney Rabbitohs,1998,Rd 7,7,9,69,1998-04-26,Manly Sea Eagles,South Sydney Rabbitohs,22,18,Brookvale,https://www.rugbyleagueproject.org/matches/1055
1998|Rd 7|Western Suburbs Magpies|St. George Dragons,1998,Rd 7,7,10,70,1998-04-26,Western Suburbs Magpies,St. George Dragons,8,12,Campbelltown,https://www.rugbyleagueproject.org/matches/1057
1998|Rd 8|Canberra Raiders|Balmain Tigers,1998,Rd 8,8,1,71,1998-05-01,Canberra Raiders,Balmain Tigers,22,12,Bruce,https://www.rugbyleagueproject.org/matches/1058
1998|Rd 8|Melbourne Storm|Western Suburbs Magpies,1998,Rd 8,8,2,72,1998-05-01,Melbourne Storm,Western Suburbs Magpies,54,16,Olympic Park,https://www.rugbyleagueproject.org/matches/1059
1998|Rd 8|Newcastle Knights|Brisbane Broncos,1998,Rd 8,8,3,73,1998-05-01,Newcastle Knights,Brisbane Broncos,6,26,Marathon,https://www.rugbyleagueproject.org/matches/1060
1998|Rd 8|Cronulla Sharks|NQ Cowboys,1998,Rd 8,8,4,74,1998-05-02,Cronulla Sharks,NQ Cowboys,16,8,Shark Park,https://www.rugbyleagueproject.org/matches/69
1998|Rd 8|Parramatta Eels|Gold Coast Titans,1998,Rd 8,8,5,75,1998-05-02,Parramatta Eels,Gold Coast Titans,24,2,Parramatta,https://www.rugbyleagueproject.org/matches/1062
1998|Rd 8|Penrith Panthers|Illawarra Steelers,1998,Rd 8,8,6,76,1998-05-02,Penrith Panthers,Illawarra Steelers,38,14,Penrith,https://www.rugbyleagueproject.org/matches/1063
1998|Rd 8|Sydney Roosters|Auckland Warriors,1998,Rd 8,8,7,77,1998-05-02,Sydney Roosters,Auckland Warriors,22,4,SFS,https://www.rugbyleagueproject.org/matches/1061
1998|Rd 8|Canterbury Bulldogs|Adelaide Rams,1998,Rd 8,8,8,78,1998-05-03,Canterbury Bulldogs,Adelaide Rams,30,4,Belmore,https://www.rugbyleagueproject.org/matches/1065
1998|Rd 8|North Sydney Bears|Manly Sea Eagles,1998,Rd 8,8,9,79,1998-05-03,North Sydney Bears,Manly Sea Eagles,32,8,North Sydney,https://www.rugbyleagueproject.org/matches/1066
1998|Rd 8|St. George Dragons|South Sydney Rabbitohs,1998,Rd 8,8,10,80,1998-05-03,St. George Dragons,South Sydney Rabbitohs,20,14,Kogarah,https://www.rugbyleagueproject.org/matches/1064
1998|Rd 9|Adelaide Rams|Canberra Raiders,1998,Rd 9,9,1,81,1998-05-08,Adelaide Rams,Canberra Raiders,18,24,Adelaide,https://www.rugbyleagueproject.org/matches/1067
1998|Rd 9|Auckland Warriors|Cronulla Sharks,1998,Rd 9,9,2,82,1998-05-08,Auckland Warriors,Cronulla Sharks,8,20,Ericsson,https://www.rugbyleagueproject.org/matches/1069
1998|Rd 9|Balmain Tigers|Parramatta Eels,1998,Rd 9,9,3,83,1998-05-08,Balmain Tigers,Parramatta Eels,18,21,Leichhardt,https://www.rugbyleagueproject.org/matches/1068
1998|Rd 9|Melbourne Storm|St. George Dragons,1998,Rd 9,9,4,84,1998-05-08,Melbourne Storm,St. George Dragons,14,18,Olympic Park,https://www.rugbyleagueproject.org/matches/1070
1998|Rd 9|Gold Coast Titans|Penrith Panthers,1998,Rd 9,9,5,85,1998-05-09,Gold Coast Titans,Penrith Panthers,26,12,Carrara,https://www.rugbyleagueproject.org/matches/1072
1998|Rd 9|Illawarra Steelers|Western Suburbs Magpies,1998,Rd 9,9,6,86,1998-05-09,Illawarra Steelers,Western Suburbs Magpies,42,20,WIN,https://www.rugbyleagueproject.org/matches/1071
1998|Rd 9|NQ Cowboys|Canterbury Bulldogs,1998,Rd 9,9,7,87,1998-05-09,NQ Cowboys,Canterbury Bulldogs,18,24,Malanda,https://www.rugbyleagueproject.org/matches/271
1998|Rd 9|Brisbane Broncos|Sydney Roosters,1998,Rd 9,9,8,88,1998-05-10,Brisbane Broncos,Sydney Roosters,12,26,ANZ,https://www.rugbyleagueproject.org/matches/1074
1998|Rd 9|Manly Sea Eagles|Newcastle Knights,1998,Rd 9,9,9,89,1998-05-10,Manly Sea Eagles,Newcastle Knights,16,50,Brookvale,https://www.rugbyleagueproject.org/matches/1073
1998|Rd 9|South Sydney Rabbitohs|North Sydney Bears,1998,Rd 9,9,10,90,1998-05-10,South Sydney Rabbitohs,North Sydney Bears,14,26,SFS,https://www.rugbyleagueproject.org/matches/1075
1998|Rd 10|Newcastle Knights|North Sydney Bears,1998,Rd 10,10,1,91,1998-05-15,Newcastle Knights,North Sydney Bears,16,14,Marathon,https://www.rugbyleagueproject.org/matches/1077
1998|Rd 10|South Sydney Rabbitohs|Melbourne Storm,1998,Rd 10,10,2,92,1998-05-15,South Sydney Rabbitohs,Melbourne Storm,6,14,SFS,https://www.rugbyleagueproject.org/matches/1076
1998|Rd 10|Canterbury Bulldogs|Auckland Warriors,1998,Rd 10,10,3,93,1998-05-16,Canterbury Bulldogs,Auckland Warriors,6,20,Belmore,https://www.rugbyleagueproject.org/matches/1078
1998|Rd 10|Cronulla Sharks|Brisbane Broncos,1998,Rd 10,10,4,94,1998-05-16,Cronulla Sharks,Brisbane Broncos,20,10,Shark Park,https://www.rugbyleagueproject.org/matches/1080
1998|Rd 10|Parramatta Eels|Adelaide Rams,1998,Rd 10,10,5,95,1998-05-16,Parramatta Eels,Adelaide Rams,10,2,Pioneer,https://www.rugbyleagueproject.org/matches/1081
1998|Rd 10|St. George Dragons|Illawarra Steelers,1998,Rd 10,10,6,96,1998-05-16,St. George Dragons,Illawarra Steelers,32,16,Kogarah,https://www.rugbyleagueproject.org/matches/1079
1998|Rd 10|Canberra Raiders|NQ Cowboys,1998,Rd 10,10,7,97,1998-05-17,Canberra Raiders,NQ Cowboys,50,12,Bruce,https://www.rugbyleagueproject.org/matches/71
1998|Rd 10|Penrith Panthers|Balmain Tigers,1998,Rd 10,10,8,98,1998-05-17,Penrith Panthers,Balmain Tigers,32,18,Penrith,https://www.rugbyleagueproject.org/matches/1084
1998|Rd 10|Sydney Roosters|Manly Sea Eagles,1998,Rd 10,10,9,99,1998-05-17,Sydney Roosters,Manly Sea Eagles,44,24,SFS,https://www.rugbyleagueproject.org/matches/1082
1998|Rd 10|Western Suburbs Magpies|Gold Coast Titans,1998,Rd 10,10,10,100,1998-05-17,Western Suburbs Magpies,Gold Coast Titans,24,14,Campbelltown,https://www.rugbyleagueproject.org/matches/1083
1998|Rd 11|Adelaide Rams|Penrith Panthers,1998,Rd 11,11,1,101,1998-05-23,Adelaide Rams,Penrith Panthers,35,18,Adelaide,https://www.rugbyleagueproject.org/matches/1085
1998|Rd 11|Balmain Tigers|Western Suburbs Magpies,1998,Rd 11,11,2,102,1998-05-23,Balmain Tigers,Western Suburbs Magpies,20,12,Leichhardt,https://www.rugbyleagueproject.org/matches/1087
1998|Rd 11|Gold Coast Titans|St. George Dragons,1998,Rd 11,11,3,103,1998-05-23,Gold Coast Titans,St. George Dragons,16,30,Carrara,https://www.rugbyleagueproject.org/matches/1086
1998|Rd 11|NQ Cowboys|Parramatta Eels,1998,Rd 11,11,4,104,1998-05-23,NQ Cowboys,Parramatta Eels,12,29,Malanda,https://www.rugbyleagueproject.org/matches/272
1998|Rd 11|Auckland Warriors|Canberra Raiders,1998,Rd 11,11,5,105,1998-05-24,Auckland Warriors,Canberra Raiders,25,14,Ericsson,https://www.rugbyleagueproject.org/matches/1088
1998|Rd 11|Brisbane Broncos|Canterbury Bulldogs,1998,Rd 11,11,6,106,1998-05-24,Brisbane Broncos,Canterbury Bulldogs,40,12,ANZ,https://www.rugbyleagueproject.org/matches/1089
1998|Rd 11|Manly Sea Eagles|Cronulla Sharks,1998,Rd 11,11,7,107,1998-05-24,Manly Sea Eagles,Cronulla Sharks,32,12,Brookvale,https://www.rugbyleagueproject.org/matches/1092
1998|Rd 11|Melbourne Storm|Illawarra Steelers,1998,Rd 11,11,8,108,1998-05-24,Melbourne Storm,Illawarra Steelers,14,14,Olympic Park,https://www.rugbyleagueproject.org/matches/1090
1998|Rd 11|Newcastle Knights|South Sydney Rabbitohs,1998,Rd 11,11,9,109,1998-05-24,Newcastle Knights,South Sydney Rabbitohs,20,12,Marathon,https://www.rugbyleagueproject.org/matches/1093
1998|Rd 11|North Sydney Bears|Sydney Roosters,1998,Rd 11,11,10,110,1998-05-24,North Sydney Bears,Sydney Roosters,38,12,North Sydney,https://www.rugbyleagueproject.org/matches/1091
1998|Rd 12|Penrith Panthers|NQ Cowboys,1998,Rd 12,12,1,111,1998-05-29,Penrith Panthers,NQ Cowboys,28,36,Penrith,https://www.rugbyleagueproject.org/matches/73
1998|Rd 12|Sydney Roosters|Newcastle Knights,1998,Rd 12,12,2,112,1998-05-29,Sydney Roosters,Newcastle Knights,4,20,SFS,https://www.rugbyleagueproject.org/matches/1094
1998|Rd 12|Cronulla Sharks|North Sydney Bears,1998,Rd 12,12,3,113,1998-05-30,Cronulla Sharks,North Sydney Bears,16,12,Shark Park,https://www.rugbyleagueproject.org/matches/1097
1998|Rd 12|Parramatta Eels|Auckland Warriors,1998,Rd 12,12,4,114,1998-05-30,Parramatta Eels,Auckland Warriors,14,6,Parramatta,https://www.rugbyleagueproject.org/matches/1096
1998|Rd 12|St. George Dragons|Balmain Tigers,1998,Rd 12,12,5,115,1998-05-30,St. George Dragons,Balmain Tigers,28,2,Kogarah,https://www.rugbyleagueproject.org/matches/1095
1998|Rd 12|Canberra Raiders|Brisbane Broncos,1998,Rd 12,12,6,116,1998-05-31,Canberra Raiders,Brisbane Broncos,24,18,Bruce,https://www.rugbyleagueproject.org/matches/1099
1998|Rd 12|Canterbury Bulldogs|Manly Sea Eagles,1998,Rd 12,12,7,117,1998-05-31,Canterbury Bulldogs,Manly Sea Eagles,28,2,Belmore,https://www.rugbyleagueproject.org/matches/1100
1998|Rd 12|Illawarra Steelers|South Sydney Rabbitohs,1998,Rd 12,12,8,118,1998-05-31,Illawarra Steelers,South Sydney Rabbitohs,18,12,WIN,https://www.rugbyleagueproject.org/matches/1101
1998|Rd 12|Melbourne Storm|Gold Coast Titans,1998,Rd 12,12,9,119,1998-05-31,Melbourne Storm,Gold Coast Titans,62,6,Olympic Park,https://www.rugbyleagueproject.org/matches/1098
1998|Rd 12|Western Suburbs Magpies|Adelaide Rams,1998,Rd 12,12,10,120,1998-05-31,Western Suburbs Magpies,Adelaide Rams,36,24,Campbelltown,https://www.rugbyleagueproject.org/matches/1102
1998|Rd 13|Adelaide Rams|St. George Dragons,1998,Rd 13,13,1,121,1998-06-06,Adelaide Rams,St. George Dragons,22,20,Adelaide,https://www.rugbyleagueproject.org/matches/1105
1998|Rd 13|Cronulla Sharks|Newcastle Knights,1998,Rd 13,13,2,122,1998-06-06,Cronulla Sharks,Newcastle Knights,16,18,Shark Park,https://www.rugbyleagueproject.org/matches/1104
1998|Rd 13|Gold Coast Titans|Illawarra Steelers,1998,Rd 13,13,3,123,1998-06-06,Gold Coast Titans,Illawarra Steelers,10,32,Carrara,https://www.rugbyleagueproject.org/matches/1103
1998|Rd 13|NQ Cowboys|Western Suburbs Magpies,1998,Rd 13,13,4,124,1998-06-06,NQ Cowboys,Western Suburbs Magpies,40,10,Malanda,https://www.rugbyleagueproject.org/matches/273
1998|Rd 13|Auckland Warriors|Penrith Panthers,1998,Rd 13,13,5,125,1998-06-07,Auckland Warriors,Penrith Panthers,15,14,Ericsson,https://www.rugbyleagueproject.org/matches/1108
1998|Rd 13|Balmain Tigers|Melbourne Storm,1998,Rd 13,13,6,126,1998-06-07,Balmain Tigers,Melbourne Storm,16,25,Leichhardt,https://www.rugbyleagueproject.org/matches/1106
1998|Rd 13|Brisbane Broncos|Parramatta Eels,1998,Rd 13,13,7,127,1998-06-07,Brisbane Broncos,Parramatta Eels,16,20,ANZ,https://www.rugbyleagueproject.org/matches/1107
1998|Rd 13|Canterbury Bulldogs|North Sydney Bears,1998,Rd 13,13,8,128,1998-06-07,Canterbury Bulldogs,North Sydney Bears,4,38,Belmore,https://www.rugbyleagueproject.org/matches/1110
1998|Rd 13|South Sydney Rabbitohs|Sydney Roosters,1998,Rd 13,13,9,129,1998-06-07,South Sydney Rabbitohs,Sydney Roosters,6,30,SFS,https://www.rugbyleagueproject.org/matches/1109
1998|Rd 13|Manly Sea Eagles|Canberra Raiders,1998,Rd 13,13,10,130,1998-06-08,Manly Sea Eagles,Canberra Raiders,12,24,Brookvale,https://www.rugbyleagueproject.org/matches/1111
1998|Rd 14|Sydney Roosters|Cronulla Sharks,1998,Rd 14,14,1,131,1998-06-12,Sydney Roosters,Cronulla Sharks,18,14,SFS,https://www.rugbyleagueproject.org/matches/1112
1998|Rd 14|Melbourne Storm|Adelaide Rams,1998,Rd 14,14,2,132,1998-06-13,Melbourne Storm,Adelaide Rams,24,4,Olympic Park,https://www.rugbyleagueproject.org/matches/1114
1998|Rd 14|Parramatta Eels|Manly Sea Eagles,1998,Rd 14,14,3,133,1998-06-13,Parramatta Eels,Manly Sea Eagles,17,14,Parramatta,https://www.rugbyleagueproject.org/matches/1113
1998|Rd 14|Penrith Panthers|Brisbane Broncos,1998,Rd 14,14,4,134,1998-06-13,Penrith Panthers,Brisbane Broncos,4,44,Penrith,https://www.rugbyleagueproject.org/matches/1116
1998|Rd 14|Western Suburbs Magpies|Auckland Warriors,1998,Rd 14,14,5,135,1998-06-13,Western Suburbs Magpies,Auckland Warriors,18,16,Campbelltown,https://www.rugbyleagueproject.org/matches/1115
1998|Rd 14|Illawarra Steelers|Balmain Tigers,1998,Rd 14,14,6,136,1998-06-14,Illawarra Steelers,Balmain Tigers,16,38,WIN,https://www.rugbyleagueproject.org/matches/1120
1998|Rd 14|Newcastle Knights|Canterbury Bulldogs,1998,Rd 14,14,7,137,1998-06-14,Newcastle Knights,Canterbury Bulldogs,12,4,Marathon,https://www.rugbyleagueproject.org/matches/1117
1998|Rd 14|North Sydney Bears|Canberra Raiders,1998,Rd 14,14,8,138,1998-06-14,North Sydney Bears,Canberra Raiders,34,22,North Sydney,https://www.rugbyleagueproject.org/matches/1118
1998|Rd 14|South Sydney Rabbitohs|Gold Coast Titans,1998,Rd 14,14,9,139,1998-06-14,South Sydney Rabbitohs,Gold Coast Titans,14,16,SFS,https://www.rugbyleagueproject.org/matches/1119
1998|Rd 14|St. George Dragons|NQ Cowboys,1998,Rd 14,14,10,140,1998-06-14,St. George Dragons,NQ Cowboys,16,14,Kogarah,https://www.rugbyleagueproject.org/matches/75
1998|Rd 15|Adelaide Rams|Illawarra Steelers,1998,Rd 15,15,1,141,1998-06-20,Adelaide Rams,Illawarra Steelers,4,39,Bennett,https://www.rugbyleagueproject.org/matches/1122
1998|Rd 15|Cronulla Sharks|South Sydney Rabbitohs,1998,Rd 15,15,2,142,1998-06-20,Cronulla Sharks,South Sydney Rabbitohs,30,12,Shark Park,https://www.rugbyleagueproject.org/matches/1123
1998|Rd 15|Gold Coast Titans|Balmain Tigers,1998,Rd 15,15,3,143,1998-06-20,Gold Coast Titans,Balmain Tigers,4,18,Carrara,https://www.rugbyleagueproject.org/matches/1124
1998|Rd 15|NQ Cowboys|Melbourne Storm,1998,Rd 15,15,4,144,1998-06-20,NQ Cowboys,Melbourne Storm,8,10,Malanda,https://www.rugbyleagueproject.org/matches/274
1998|Rd 15|Parramatta Eels|North Sydney Bears,1998,Rd 15,15,5,145,1998-06-20,Parramatta Eels,North Sydney Bears,25,12,Parramatta,https://www.rugbyleagueproject.org/matches/1121
1998|Rd 15|Auckland Warriors|St. George Dragons,1998,Rd 15,15,6,146,1998-06-21,Auckland Warriors,St. George Dragons,31,14,Ericsson,https://www.rugbyleagueproject.org/matches/1126
1998|Rd 15|Brisbane Broncos|Western Suburbs Magpies,1998,Rd 15,15,7,147,1998-06-21,Brisbane Broncos,Western Suburbs Magpies,56,4,ANZ,https://www.rugbyleagueproject.org/matches/1127
1998|Rd 15|Canberra Raiders|Newcastle Knights,1998,Rd 15,15,8,148,1998-06-21,Canberra Raiders,Newcastle Knights,22,12,Bruce,https://www.rugbyleagueproject.org/matches/1129
1998|Rd 15|Canterbury Bulldogs|Sydney Roosters,1998,Rd 15,15,9,149,1998-06-21,Canterbury Bulldogs,Sydney Roosters,22,10,Belmore,https://www.rugbyleagueproject.org/matches/1125
1998|Rd 15|Manly Sea Eagles|Penrith Panthers,1998,Rd 15,15,10,150,1998-06-21,Manly Sea Eagles,Penrith Panthers,22,4,Brookvale,https://www.rugbyleagueproject.org/matches/1128
1998|Rd 16|St. George Dragons|Brisbane Broncos,1998,Rd 16,16,1,151,1998-06-26,St. George Dragons,Brisbane Broncos,18,30,Kogarah,https://www.rugbyleagueproject.org/matches/1130
1998|Rd 16|Cronulla Sharks|Canterbury Bulldogs,1998,Rd 16,16,2,152,1998-06-27,Cronulla Sharks,Canterbury Bulldogs,28,6,Shark Park,https://www.rugbyleagueproject.org/matches/1134
1998|Rd 16|Gold Coast Titans|Adelaide Rams,1998,Rd 16,16,3,153,1998-06-27,Gold Coast Titans,Adelaide Rams,12,40,Carrara,https://www.rugbyleagueproject.org/matches/1132
1998|Rd 16|Melbourne Storm|Auckland Warriors,1998,Rd 16,16,4,154,1998-06-27,Melbourne Storm,Auckland Warriors,21,24,Olympic Park,https://www.rugbyleagueproject.org/matches/1131
1998|Rd 16|Western Suburbs Magpies|Manly Sea Eagles,1998,Rd 16,16,5,155,1998-06-27,Western Suburbs Magpies,Manly Sea Eagles,30,45,Campbelltown,https://www.rugbyleagueproject.org/matches/1133
1998|Rd 16|Balmain Tigers|South Sydney Rabbitohs,1998,Rd 16,16,6,156,1998-06-28,Balmain Tigers,South Sydney Rabbitohs,12,16,Leichhardt,https://www.rugbyleagueproject.org/matches/1137
1998|Rd 16|Illawarra Steelers|NQ Cowboys,1998,Rd 16,16,7,157,1998-06-28,Illawarra Steelers,NQ Cowboys,24,18,WIN,https://www.rugbyleagueproject.org/matches/77
1998|Rd 16|Newcastle Knights|Parramatta Eels,1998,Rd 16,16,8,158,1998-06-28,Newcastle Knights,Parramatta Eels,36,12,Marathon,https://www.rugbyleagueproject.org/matches/1135
1998|Rd 16|North Sydney Bears|Penrith Panthers,1998,Rd 16,16,9,159,1998-06-28,North Sydney Bears,Penrith Panthers,30,22,North Sydney,https://www.rugbyleagueproject.org/matches/1136
1998|Rd 16|Sydney Roosters|Canberra Raiders,1998,Rd 16,16,10,160,1998-06-29,Sydney Roosters,Canberra Raiders,40,12,SFS,https://www.rugbyleagueproject.org/matches/1138
1998|Rd 17|Adelaide Rams|Balmain Tigers,1998,Rd 17,17,1,161,1998-07-03,Adelaide Rams,Balmain Tigers,52,0,Hindmarsh,https://www.rugbyleagueproject.org/matches/1140
1998|Rd 17|Brisbane Broncos|Melbourne Storm,1998,Rd 17,17,2,162,1998-07-03,Brisbane Broncos,Melbourne Storm,34,16,ANZ,https://www.rugbyleagueproject.org/matches/1139
1998|Rd 17|Auckland Warriors|Illawarra Steelers,1998,Rd 17,17,3,163,1998-07-04,Auckland Warriors,Illawarra Steelers,14,17,Ericsson,https://www.rugbyleagueproject.org/matches/1141
1998|Rd 17|NQ Cowboys|Gold Coast Titans,1998,Rd 17,17,4,164,1998-07-04,NQ Cowboys,Gold Coast Titans,14,4,Malanda,https://www.rugbyleagueproject.org/matches/275
1998|Rd 17|Penrith Panthers|Newcastle Knights,1998,Rd 17,17,5,165,1998-07-04,Penrith Panthers,Newcastle Knights,13,13,Penrith,https://www.rugbyleagueproject.org/matches/1142
1998|Rd 17|South Sydney Rabbitohs|Canterbury Bulldogs,1998,Rd 17,17,6,166,1998-07-04,South Sydney Rabbitohs,Canterbury Bulldogs,8,30,SFS,https://www.rugbyleagueproject.org/matches/1143
1998|Rd 17|Canberra Raiders|Cronulla Sharks,1998,Rd 17,17,7,167,1998-07-05,Canberra Raiders,Cronulla Sharks,16,12,Bruce,https://www.rugbyleagueproject.org/matches/1147
1998|Rd 17|Manly Sea Eagles|St. George Dragons,1998,Rd 17,17,8,168,1998-07-05,Manly Sea Eagles,St. George Dragons,34,12,Brookvale,https://www.rugbyleagueproject.org/matches/1144
1998|Rd 17|North Sydney Bears|Western Suburbs Magpies,1998,Rd 17,17,9,169,1998-07-05,North Sydney Bears,Western Suburbs Magpies,32,18,North Sydney,https://www.rugbyleagueproject.org/matches/1146
1998|Rd 17|Sydney Roosters|Parramatta Eels,1998,Rd 17,17,10,170,1998-07-05,Sydney Roosters,Parramatta Eels,30,12,SFS,https://www.rugbyleagueproject.org/matches/1145
1998|Rd 18|Melbourne Storm|Manly Sea Eagles,1998,Rd 18,18,1,171,1998-07-10,Melbourne Storm,Manly Sea Eagles,22,12,Olympic Park,https://www.rugbyleagueproject.org/matches/1149
1998|Rd 18|Parramatta Eels|Cronulla Sharks,1998,Rd 18,18,2,172,1998-07-10,Parramatta Eels,Cronulla Sharks,22,12,Parramatta,https://www.rugbyleagueproject.org/matches/1148
1998|Rd 18|Balmain Tigers|NQ Cowboys,1998,Rd 18,18,3,173,1998-07-11,Balmain Tigers,NQ Cowboys,18,0,Leichhardt,https://www.rugbyleagueproject.org/matches/79
1998|Rd 18|Gold Coast Titans|Auckland Warriors,1998,Rd 18,18,4,174,1998-07-11,Gold Coast Titans,Auckland Warriors,31,18,Carrara,https://www.rugbyleagueproject.org/matches/1150
1998|Rd 18|Penrith Panthers|Sydney Roosters,1998,Rd 18,18,5,175,1998-07-11,Penrith Panthers,Sydney Roosters,24,18,Penrith,https://www.rugbyleagueproject.org/matches/1151
1998|Rd 18|Canberra Raiders|Canterbury Bulldogs,1998,Rd 18,18,6,176,1998-07-12,Canberra Raiders,Canterbury Bulldogs,22,24,Bruce,https://www.rugbyleagueproject.org/matches/1155
1998|Rd 18|Illawarra Steelers|Brisbane Broncos,1998,Rd 18,18,7,177,1998-07-12,Illawarra Steelers,Brisbane Broncos,12,18,WIN,https://www.rugbyleagueproject.org/matches/1154
1998|Rd 18|South Sydney Rabbitohs|Adelaide Rams,1998,Rd 18,18,8,178,1998-07-12,South Sydney Rabbitohs,Adelaide Rams,18,34,SFS,https://www.rugbyleagueproject.org/matches/1153
1998|Rd 18|St. George Dragons|North Sydney Bears,1998,Rd 18,18,9,179,1998-07-12,St. George Dragons,North Sydney Bears,22,14,Kogarah,https://www.rugbyleagueproject.org/matches/1156
1998|Rd 18|Western Suburbs Magpies|Newcastle Knights,1998,Rd 18,18,10,180,1998-07-12,Western Suburbs Magpies,Newcastle Knights,17,18,Campbelltown,https://www.rugbyleagueproject.org/matches/1152
1998|Rd 19|Auckland Warriors|Balmain Tigers,1998,Rd 19,19,1,181,1998-07-17,Auckland Warriors,Balmain Tigers,21,20,Ericsson,https://www.rugbyleagueproject.org/matches/1157
1998|Rd 19|North Sydney Bears|Melbourne Storm,1998,Rd 19,19,2,182,1998-07-17,North Sydney Bears,Melbourne Storm,34,10,North Sydney,https://www.rugbyleagueproject.org/matches/1158
1998|Rd 19|Canterbury Bulldogs|Parramatta Eels,1998,Rd 19,19,3,183,1998-07-18,Canterbury Bulldogs,Parramatta Eels,6,7,Belmore,https://www.rugbyleagueproject.org/matches/1159
1998|Rd 19|Cronulla Sharks|Penrith Panthers,1998,Rd 19,19,4,184,1998-07-18,Cronulla Sharks,Penrith Panthers,14,14,Shark Park,https://www.rugbyleagueproject.org/matches/1161
1998|Rd 19|Manly Sea Eagles|Illawarra Steelers,1998,Rd 19,19,5,185,1998-07-18,Manly Sea Eagles,Illawarra Steelers,22,12,Brookvale,https://www.rugbyleagueproject.org/matches/1160
1998|Rd 19|NQ Cowboys|Adelaide Rams,1998,Rd 19,19,6,186,1998-07-18,NQ Cowboys,Adelaide Rams,14,10,Malanda,https://www.rugbyleagueproject.org/matches/276
1998|Rd 19|Brisbane Broncos|Gold Coast Titans,1998,Rd 19,19,7,187,1998-07-19,Brisbane Broncos,Gold Coast Titans,44,10,ANZ,https://www.rugbyleagueproject.org/matches/1162
1998|Rd 19|Canberra Raiders|South Sydney Rabbitohs,1998,Rd 19,19,8,188,1998-07-19,Canberra Raiders,South Sydney Rabbitohs,46,16,Bruce,https://www.rugbyleagueproject.org/matches/1165
1998|Rd 19|Newcastle Knights|St. George Dragons,1998,Rd 19,19,9,189,1998-07-19,Newcastle Knights,St. George Dragons,28,22,Marathon,https://www.rugbyleagueproject.org/matches/1163
1998|Rd 19|Sydney Roosters|Western Suburbs Magpies,1998,Rd 19,19,10,190,1998-07-19,Sydney Roosters,Western Suburbs Magpies,62,4,SFS,https://www.rugbyleagueproject.org/matches/1164
1998|Rd 20|Melbourne Storm|Newcastle Knights,1998,Rd 20,20,1,191,1998-07-24,Melbourne Storm,Newcastle Knights,32,16,Olympic Park,https://www.rugbyleagueproject.org/matches/1166
1998|Rd 20|Balmain Tigers|Brisbane Broncos,1998,Rd 20,20,2,192,1998-07-25,Balmain Tigers,Brisbane Broncos,10,10,Leichhardt,https://www.rugbyleagueproject.org/matches/1167
1998|Rd 20|Gold Coast Titans|Manly Sea Eagles,1998,Rd 20,20,3,193,1998-07-25,Gold Coast Titans,Manly Sea Eagles,6,30,Carrara,https://www.rugbyleagueproject.org/matches/1168
1998|Rd 20|Illawarra Steelers|North Sydney Bears,1998,Rd 20,20,4,194,1998-07-25,Illawarra Steelers,North Sydney Bears,6,32,WIN,https://www.rugbyleagueproject.org/matches/1169
1998|Rd 20|NQ Cowboys|South Sydney Rabbitohs,1998,Rd 20,20,5,195,1998-07-25,NQ Cowboys,South Sydney Rabbitohs,16,22,Malanda,https://www.rugbyleagueproject.org/matches/277
1998|Rd 20|Western Suburbs Magpies|Cronulla Sharks,1998,Rd 20,20,6,196,1998-07-25,Western Suburbs Magpies,Cronulla Sharks,8,38,Campbelltown,https://www.rugbyleagueproject.org/matches/1170
1998|Rd 20|Adelaide Rams|Auckland Warriors,1998,Rd 20,20,7,197,1998-07-26,Adelaide Rams,Auckland Warriors,22,20,Hindmarsh,https://www.rugbyleagueproject.org/matches/1173
1998|Rd 20|Parramatta Eels|Canberra Raiders,1998,Rd 20,20,8,198,1998-07-26,Parramatta Eels,Canberra Raiders,8,22,Parramatta,https://www.rugbyleagueproject.org/matches/1172
1998|Rd 20|Penrith Panthers|Canterbury Bulldogs,1998,Rd 20,20,9,199,1998-07-26,Penrith Panthers,Canterbury Bulldogs,26,18,Penrith,https://www.rugbyleagueproject.org/matches/1171
1998|Rd 20|St. George Dragons|Sydney Roosters,1998,Rd 20,20,10,200,1998-07-26,St. George Dragons,Sydney Roosters,22,12,Kogarah,https://www.rugbyleagueproject.org/matches/1174
1998|Rd 21|Auckland Warriors|NQ Cowboys,1998,Rd 21,21,1,201,1998-07-31,Auckland Warriors,NQ Cowboys,34,18,Ericsson,https://www.rugbyleagueproject.org/matches/82
1998|Rd 21|Cronulla Sharks|St. George Dragons,1998,Rd 21,21,2,202,1998-07-31,Cronulla Sharks,St. George Dragons,38,10,Shark Park,https://www.rugbyleagueproject.org/matches/1175
1998|Rd 21|Brisbane Broncos|Adelaide Rams,1998,Rd 21,21,3,203,1998-08-01,Brisbane Broncos,Adelaide Rams,46,12,ANZ,https://www.rugbyleagueproject.org/matches/1178
1998|Rd 21|Gold Coast Titans|North Sydney Bears,1998,Rd 21,21,4,204,1998-08-01,Gold Coast Titans,North Sydney Bears,14,19,Carrara,https://www.rugbyleagueproject.org/matches/1177
1998|Rd 21|Newcastle Knights|Illawarra Steelers,1998,Rd 21,21,5,205,1998-08-01,Newcastle Knights,Illawarra Steelers,26,28,Marathon,https://www.rugbyleagueproject.org/matches/1176
1998|Rd 21|South Sydney Rabbitohs|Parramatta Eels,1998,Rd 21,21,6,206,1998-08-01,South Sydney Rabbitohs,Parramatta Eels,8,16,SFS,https://www.rugbyleagueproject.org/matches/1179
1998|Rd 21|Canberra Raiders|Penrith Panthers,1998,Rd 21,21,7,207,1998-08-02,Canberra Raiders,Penrith Panthers,48,26,Bruce,https://www.rugbyleagueproject.org/matches/1181
1998|Rd 21|Canterbury Bulldogs|Western Suburbs Magpies,1998,Rd 21,21,8,208,1998-08-02,Canterbury Bulldogs,Western Suburbs Magpies,56,14,Belmore,https://www.rugbyleagueproject.org/matches/1182
1998|Rd 21|Manly Sea Eagles|Balmain Tigers,1998,Rd 21,21,9,209,1998-08-02,Manly Sea Eagles,Balmain Tigers,20,18,Brookvale,https://www.rugbyleagueproject.org/matches/1183
1998|Rd 21|Sydney Roosters|Melbourne Storm,1998,Rd 21,21,10,210,1998-08-02,Sydney Roosters,Melbourne Storm,20,32,SFS,https://www.rugbyleagueproject.org/matches/1180
1998|Rd 22|Adelaide Rams|Manly Sea Eagles,1998,Rd 22,22,1,211,1998-08-07,Adelaide Rams,Manly Sea Eagles,10,32,Hindmarsh,https://www.rugbyleagueproject.org/matches/1184
1998|Rd 22|Melbourne Storm|Cronulla Sharks,1998,Rd 22,22,2,212,1998-08-07,Melbourne Storm,Cronulla Sharks,20,10,Olympic Park,https://www.rugbyleagueproject.org/matches/1185
1998|Rd 22|NQ Cowboys|Brisbane Broncos,1998,Rd 22,22,3,213,1998-08-08,NQ Cowboys,Brisbane Broncos,10,22,Malanda,https://www.rugbyleagueproject.org/matches/278
1998|Rd 22|North Sydney Bears|Balmain Tigers,1998,Rd 22,22,4,214,1998-08-08,North Sydney Bears,Balmain Tigers,22,6,North Sydney,https://www.rugbyleagueproject.org/matches/1187
1998|Rd 22|Penrith Panthers|Parramatta Eels,1998,Rd 22,22,5,215,1998-08-08,Penrith Panthers,Parramatta Eels,14,20,Penrith,https://www.rugbyleagueproject.org/matches/1186
1998|Rd 22|Western Suburbs Magpies|Canberra Raiders,1998,Rd 22,22,6,216,1998-08-08,Western Suburbs Magpies,Canberra Raiders,0,22,Campbelltown,https://www.rugbyleagueproject.org/matches/1188
1998|Rd 22|Illawarra Steelers|Sydney Roosters,1998,Rd 22,22,7,217,1998-08-09,Illawarra Steelers,Sydney Roosters,10,48,WIN,https://www.rugbyleagueproject.org/matches/1191
1998|Rd 22|Newcastle Knights|Gold Coast Titans,1998,Rd 22,22,8,218,1998-08-09,Newcastle Knights,Gold Coast Titans,19,12,Marathon,https://www.rugbyleagueproject.org/matches/1189
1998|Rd 22|South Sydney Rabbitohs|Auckland Warriors,1998,Rd 22,22,9,219,1998-08-09,South Sydney Rabbitohs,Auckland Warriors,20,18,SFS,https://www.rugbyleagueproject.org/matches/1190
1998|Rd 22|St. George Dragons|Canterbury Bulldogs,1998,Rd 22,22,10,220,1998-08-09,St. George Dragons,Canterbury Bulldogs,16,28,Kogarah,https://www.rugbyleagueproject.org/matches/1192
1998|Rd 23|Canberra Raiders|St. George Dragons,1998,Rd 23,23,1,221,1998-08-14,Canberra Raiders,St. George Dragons,28,24,Bruce,https://www.rugbyleagueproject.org/matches/1193
1998|Rd 23|Penrith Panthers|South Sydney Rabbitohs,1998,Rd 23,23,2,222,1998-08-14,Penrith Panthers,South Sydney Rabbitohs,36,18,Penrith,https://www.rugbyleagueproject.org/matches/1194
1998|Rd 23|Adelaide Rams|North Sydney Bears,1998,Rd 23,23,3,223,1998-08-15,Adelaide Rams,North Sydney Bears,0,36,Hindmarsh,https://www.rugbyleagueproject.org/matches/1196
1998|Rd 23|Canterbury Bulldogs|Melbourne Storm,1998,Rd 23,23,4,224,1998-08-15,Canterbury Bulldogs,Melbourne Storm,8,4,Belmore,https://www.rugbyleagueproject.org/matches/1195
1998|Rd 23|Cronulla Sharks|Illawarra Steelers,1998,Rd 23,23,5,225,1998-08-15,Cronulla Sharks,Illawarra Steelers,22,30,Shark Park,https://www.rugbyleagueproject.org/matches/1197
1998|Rd 23|Balmain Tigers|Newcastle Knights,1998,Rd 23,23,6,226,1998-08-16,Balmain Tigers,Newcastle Knights,16,30,Leichhardt,https://www.rugbyleagueproject.org/matches/1201
1998|Rd 23|Brisbane Broncos|Auckland Warriors,1998,Rd 23,23,7,227,1998-08-16,Brisbane Broncos,Auckland Warriors,16,4,ANZ,https://www.rugbyleagueproject.org/matches/1200
1998|Rd 23|Manly Sea Eagles|NQ Cowboys,1998,Rd 23,23,8,228,1998-08-16,Manly Sea Eagles,NQ Cowboys,28,12,Brookvale,https://www.rugbyleagueproject.org/matches/84
1998|Rd 23|Parramatta Eels|Western Suburbs Magpies,1998,Rd 23,23,9,229,1998-08-16,Parramatta Eels,Western Suburbs Magpies,50,4,Parramatta,https://www.rugbyleagueproject.org/matches/1199
1998|Rd 23|Sydney Roosters|Gold Coast Titans,1998,Rd 23,23,10,230,1998-08-16,Sydney Roosters,Gold Coast Titans,34,10,Eric Weissel,https://www.rugbyleagueproject.org/matches/1198
1998|Rd 24|Melbourne Storm|Canberra Raiders,1998,Rd 24,24,1,231,1998-08-21,Melbourne Storm,Canberra Raiders,16,12,Olympic Park,https://www.rugbyleagueproject.org/matches/1202
1998|Rd 24|Balmain Tigers|Sydney Roosters,1998,Rd 24,24,2,232,1998-08-22,Balmain Tigers,Sydney Roosters,4,40,Leichhardt,https://www.rugbyleagueproject.org/matches/1203
1998|Rd 24|Gold Coast Titans|Cronulla Sharks,1998,Rd 24,24,3,233,1998-08-22,Gold Coast Titans,Cronulla Sharks,18,20,Carrara,https://www.rugbyleagueproject.org/matches/1204
1998|Rd 24|Newcastle Knights|Adelaide Rams,1998,Rd 24,24,4,234,1998-08-22,Newcastle Knights,Adelaide Rams,34,20,Marathon,https://www.rugbyleagueproject.org/matches/1205
1998|Rd 24|Auckland Warriors|Manly Sea Eagles,1998,Rd 24,24,5,235,1998-08-23,Auckland Warriors,Manly Sea Eagles,12,38,Ericsson,https://www.rugbyleagueproject.org/matches/1208
1998|Rd 24|Illawarra Steelers|Canterbury Bulldogs,1998,Rd 24,24,6,236,1998-08-23,Illawarra Steelers,Canterbury Bulldogs,24,25,WIN,https://www.rugbyleagueproject.org/matches/1210
1998|Rd 24|North Sydney Bears|NQ Cowboys,1998,Rd 24,24,7,237,1998-08-23,North Sydney Bears,NQ Cowboys,62,0,North Sydney,https://www.rugbyleagueproject.org/matches/85
1998|Rd 24|South Sydney Rabbitohs|Brisbane Broncos,1998,Rd 24,24,8,238,1998-08-23,South Sydney Rabbitohs,Brisbane Broncos,10,16,SFS,https://www.rugbyleagueproject.org/matches/1206
1998|Rd 24|St. George Dragons|Parramatta Eels,1998,Rd 24,24,9,239,1998-08-23,St. George Dragons,Parramatta Eels,15,15,Kogarah,https://www.rugbyleagueproject.org/matches/1209
1998|Rd 24|Western Suburbs Magpies|Penrith Panthers,1998,Rd 24,24,10,240,1998-08-23,Western Suburbs Magpies,Penrith Panthers,20,36,Campbelltown,https://www.rugbyleagueproject.org/matches/1207
1998|Minor Prelim Semi|Canberra Raiders|Manly Sea Eagles,1998,Minor Prelim Semi,25,1,241,1998-08-28,Canberra Raiders,Manly Sea Eagles,17,4,Bruce,https://www.rugbyleagueproject.org/matches/1211
1998|Major Prelim Semi|Parramatta Eels|North Sydney Bears,1998,Major Prelim Semi,26,1,242,1998-08-29,Parramatta Eels,North Sydney Bears,25,12,Parramatta,https://www.rugbyleagueproject.org/matches/1213
1998|Minor Prelim Semi|St. George Dragons|Canterbury Bulldogs,1998,Minor Prelim Semi,27,1,243,1998-08-29,St. George Dragons,Canterbury Bulldogs,12,20,Kogarah,https://www.rugbyleagueproject.org/matches/1212
1998|Major Prelim Semi|Melbourne Storm|Sydney Roosters,1998,Major Prelim Semi,28,1,244,1998-08-30,Melbourne Storm,Sydney Roosters,12,26,Olympic Park,https://www.rugbyleagueproject.org/matches/1214
1998|Minor Semi|North Sydney Bears|Canterbury Bulldogs,1998,Minor Semi,29,1,245,1998-09-04,North Sydney Bears,Canterbury Bulldogs,2,23,North Sydney,https://www.rugbyleagueproject.org/matches/1215
1998|Minor Semi|Melbourne Storm|Canberra Raiders,1998,Minor Semi,29,2,246,1998-09-05,Melbourne Storm,Canberra Raiders,24,10,Olympic Park,https://www.rugbyleagueproject.org/matches/1216
1998|Major Semi|Newcastle Knights|Sydney Roosters,1998,Major Semi,30,1,247,1998-09-05,Newcastle Knights,Sydney Roosters,15,26,Marathon,https://www.rugbyleagueproject.org/matches/1217
1998|Major Semi|Brisbane Broncos|Parramatta Eels,1998,Major Semi,30,2,248,1998-09-06,Brisbane Broncos,Parramatta Eels,10,15,ANZ,https://www.rugbyleagueproject.org/matches/1218
1998|Elim Prelim Final|Canterbury Bulldogs|Newcastle Knights,1998,Elim Prelim Final,31,1,249,1998-09-12,Canterbury Bulldogs,Newcastle Knights,28,16,SFS,https://www.rugbyleagueproject.org/matches/1219
1998|Elim Prelim Final|Brisbane Broncos|Melbourne Storm,1998,Elim Prelim Final,31,2,250,1998-09-13,Brisbane Broncos,Melbourne Storm,30,6,SFS,https://www.rugbyleagueproject.org/matches/1220
1998|Prelim Final|Brisbane Broncos|Sydney Roosters,1998,Prelim Final,32,1,251,1998-09-19,Brisbane Broncos,Sydney Roosters,46,18,ANZ,https://www.rugbyleagueproject.org/matches/1221
1998|Prelim Final|Canterbury Bulldogs|Parramatta Eels,1998,Prelim Final,32,2,252,1998-09-20,Canterbury Bulldogs,Parramatta Eels,32,20,SFS,https://www.rugbyleagueproject.org/matches/1222
1998|Grand Final|Brisbane Broncos|Canterbury Bulldogs,1998,Grand Final,33,1,253,1998-09-27,Brisbane Broncos,Canterbury Bulldogs,38,12,SFS,https://www.rugbyleagueproject.org/matches/1223
1999|Rd 1|Canberra Raiders|Brisbane Broncos,1999,Rd 1,1,1,1,1999-03-05,Canberra Raiders,Brisbane Broncos,28,20,Bruce,https://www.rugbyleagueproject.org/matches/1224
1999|Rd 1|Melbourne Storm|Penrith Panthers,1999,Rd 1,1,2,2,1999-03-05,Melbourne Storm,Penrith Panthers,32,10,Olympic Park,https://www.rugbyleagueproject.org/matches/1225
1999|Rd 1|Manly Sea Eagles|Newcastle Knights,1999,Rd 1,1,3,3,1999-03-06,Manly Sea Eagles,Newcastle Knights,18,41,Stdm Australia,https://www.rugbyleagueproject.org/matches/1226
1999|Rd 1|Parramatta Eels|St. George Illawarra Dragons,1999,Rd 1,1,4,4,1999-03-06,Parramatta Eels,St. George Illawarra Dragons,20,10,Stdm Australia,https://www.rugbyleagueproject.org/matches/1227
1999|Rd 1|Cronulla Sharks|Balmain Tigers,1999,Rd 1,1,5,5,1999-03-07,Cronulla Sharks,Balmain Tigers,44,0,Shark Park,https://www.rugbyleagueproject.org/matches/1230
1999|Rd 1|North Sydney Bears|Western Suburbs Magpies,1999,Rd 1,1,6,6,1999-03-07,North Sydney Bears,Western Suburbs Magpies,30,12,Parramatta,https://www.rugbyleagueproject.org/matches/1229
1999|Rd 1|South Sydney Rabbitohs|Canterbury Bulldogs,1999,Rd 1,1,7,7,1999-03-07,South Sydney Rabbitohs,Canterbury Bulldogs,16,14,SFS,https://www.rugbyleagueproject.org/matches/1228
1999|Rd 1|Sydney Roosters|Auckland Warriors,1999,Rd 1,1,8,8,1999-03-08,Sydney Roosters,Auckland Warriors,16,26,SFS,https://www.rugbyleagueproject.org/matches/1231
1999|Rd 2|Newcastle Knights|Parramatta Eels,1999,Rd 2,2,1,9,1999-03-12,Newcastle Knights,Parramatta Eels,8,18,Marathon,https://www.rugbyleagueproject.org/matches/1232
1999|Rd 2|Auckland Warriors|North Sydney Bears,1999,Rd 2,2,2,10,1999-03-13,Auckland Warriors,North Sydney Bears,18,22,Ericsson,https://www.rugbyleagueproject.org/matches/1233
1999|Rd 2|Balmain Tigers|Melbourne Storm,1999,Rd 2,2,3,11,1999-03-13,Balmain Tigers,Melbourne Storm,16,6,Leichhardt,https://www.rugbyleagueproject.org/matches/1234
1999|Rd 2|Penrith Panthers|NQ Cowboys,1999,Rd 2,2,4,12,1999-03-13,Penrith Panthers,NQ Cowboys,30,2,Penrith,https://www.rugbyleagueproject.org/matches/86
1999|Rd 2|Brisbane Broncos|Cronulla Sharks,1999,Rd 2,2,5,13,1999-03-14,Brisbane Broncos,Cronulla Sharks,6,14,ANZ,https://www.rugbyleagueproject.org/matches/1236
1999|Rd 2|St. George Illawarra Dragons|Canterbury Bulldogs,1999,Rd 2,2,6,14,1999-03-14,St. George Illawarra Dragons,Canterbury Bulldogs,18,24,Kogarah,https://www.rugbyleagueproject.org/matches/1237
1999|Rd 2|Sydney Roosters|Manly Sea Eagles,1999,Rd 2,2,7,15,1999-03-14,Sydney Roosters,Manly Sea Eagles,46,0,SFS,https://www.rugbyleagueproject.org/matches/1235
1999|Rd 2|South Sydney Rabbitohs|Canberra Raiders,1999,Rd 2,2,8,16,1999-03-15,South Sydney Rabbitohs,Canberra Raiders,21,14,SFS,https://www.rugbyleagueproject.org/matches/1238
1999|Rd 3|Parramatta Eels|Sydney Roosters,1999,Rd 3,3,1,17,1999-03-19,Parramatta Eels,Sydney Roosters,0,11,Parramatta,https://www.rugbyleagueproject.org/matches/1239
1999|Rd 3|Balmain Tigers|NQ Cowboys,1999,Rd 3,3,2,18,1999-03-20,Balmain Tigers,NQ Cowboys,26,18,Leichhardt,https://www.rugbyleagueproject.org/matches/87
1999|Rd 3|Canberra Raiders|St. George Illawarra Dragons,1999,Rd 3,3,3,19,1999-03-20,Canberra Raiders,St. George Illawarra Dragons,14,16,Bruce,https://www.rugbyleagueproject.org/matches/1241
1999|Rd 3|Cronulla Sharks|South Sydney Rabbitohs,1999,Rd 3,3,4,20,1999-03-20,Cronulla Sharks,South Sydney Rabbitohs,28,12,Shark Park,https://www.rugbyleagueproject.org/matches/1240
1999|Rd 3|Brisbane Broncos|Melbourne Storm,1999,Rd 3,3,5,21,1999-03-21,Brisbane Broncos,Melbourne Storm,6,48,ANZ,https://www.rugbyleagueproject.org/matches/1242
1999|Rd 3|Canterbury Bulldogs|Newcastle Knights,1999,Rd 3,3,6,22,1999-03-21,Canterbury Bulldogs,Newcastle Knights,28,26,Stdm Australia,https://www.rugbyleagueproject.org/matches/1245
1999|Rd 3|Manly Sea Eagles|Auckland Warriors,1999,Rd 3,3,7,23,1999-03-21,Manly Sea Eagles,Auckland Warriors,10,36,Brookvale,https://www.rugbyleagueproject.org/matches/1243
1999|Rd 3|Penrith Panthers|Western Suburbs Magpies,1999,Rd 3,3,8,24,1999-03-21,Penrith Panthers,Western Suburbs Magpies,60,6,Penrith,https://www.rugbyleagueproject.org/matches/1244
1999|Rd 4|Melbourne Storm|Canterbury Bulldogs,1999,Rd 4,4,1,25,1999-03-26,Melbourne Storm,Canterbury Bulldogs,26,17,Olympic Park,https://www.rugbyleagueproject.org/matches/1246
1999|Rd 4|Cronulla Sharks|Brisbane Broncos,1999,Rd 4,4,2,26,1999-03-27,Cronulla Sharks,Brisbane Broncos,20,18,Shark Park,https://www.rugbyleagueproject.org/matches/1248
1999|Rd 4|Parramatta Eels|Balmain Tigers,1999,Rd 4,4,3,27,1999-03-27,Parramatta Eels,Balmain Tigers,26,12,Parramatta,https://www.rugbyleagueproject.org/matches/1249
1999|Rd 4|South Sydney Rabbitohs|St. George Illawarra Dragons,1999,Rd 4,4,4,28,1999-03-27,South Sydney Rabbitohs,St. George Illawarra Dragons,25,24,SCG,https://www.rugbyleagueproject.org/matches/1247
1999|Rd 4|Auckland Warriors|Sydney Roosters,1999,Rd 4,4,5,29,1999-03-28,Auckland Warriors,Sydney Roosters,14,28,Ericsson,https://www.rugbyleagueproject.org/matches/1251
1999|Rd 4|Canberra Raiders|Western Suburbs Magpies,1999,Rd 4,4,6,30,1999-03-28,Canberra Raiders,Western Suburbs Magpies,38,14,Bruce,https://www.rugbyleagueproject.org/matches/1250
1999|Rd 4|Newcastle Knights|Manly Sea Eagles,1999,Rd 4,4,7,31,1999-03-28,Newcastle Knights,Manly Sea Eagles,32,16,Marathon,https://www.rugbyleagueproject.org/matches/1252
1999|Rd 4|North Sydney Bears|NQ Cowboys,1999,Rd 4,4,8,32,1999-03-28,North Sydney Bears,NQ Cowboys,26,18,Suncorp,https://www.rugbyleagueproject.org/matches/88
1999|Rd 5|Canterbury Bulldogs|Brisbane Broncos,1999,Rd 5,5,1,33,1999-04-02,Canterbury Bulldogs,Brisbane Broncos,20,16,Stdm Australia,https://www.rugbyleagueproject.org/matches/1253
1999|Rd 5|Balmain Tigers|Auckland Warriors,1999,Rd 5,5,2,34,1999-04-03,Balmain Tigers,Auckland Warriors,17,8,Leichhardt,https://www.rugbyleagueproject.org/matches/1254
1999|Rd 5|Manly Sea Eagles|South Sydney Rabbitohs,1999,Rd 5,5,3,35,1999-04-03,Manly Sea Eagles,South Sydney Rabbitohs,24,28,Brookvale,https://www.rugbyleagueproject.org/matches/1255
1999|Rd 5|NQ Cowboys|Sydney Roosters,1999,Rd 5,5,4,36,1999-04-03,NQ Cowboys,Sydney Roosters,10,34,Dairy Farmers,https://www.rugbyleagueproject.org/matches/279
1999|Rd 5|Melbourne Storm|Cronulla Sharks,1999,Rd 5,5,5,37,1999-04-04,Melbourne Storm,Cronulla Sharks,16,20,Olympic Park,https://www.rugbyleagueproject.org/matches/1256
1999|Rd 5|Penrith Panthers|Parramatta Eels,1999,Rd 5,5,6,38,1999-04-04,Penrith Panthers,Parramatta Eels,13,0,Penrith,https://www.rugbyleagueproject.org/matches/1258
1999|Rd 5|St. George Illawarra Dragons|North Sydney Bears,1999,Rd 5,5,7,39,1999-04-04,St. George Illawarra Dragons,North Sydney Bears,32,12,WIN,https://www.rugbyleagueproject.org/matches/1257
1999|Rd 5|Western Suburbs Magpies|Newcastle Knights,1999,Rd 5,5,8,40,1999-04-05,Western Suburbs Magpies,Newcastle Knights,2,26,Parramatta,https://www.rugbyleagueproject.org/matches/1259
1999|Rd 6|Auckland Warriors|Melbourne Storm,1999,Rd 6,6,1,41,1999-04-09,Auckland Warriors,Melbourne Storm,10,38,Ericsson,https://www.rugbyleagueproject.org/matches/1261
1999|Rd 6|Sydney Roosters|Parramatta Eels,1999,Rd 6,6,2,42,1999-04-09,Sydney Roosters,Parramatta Eels,15,6,SCG,https://www.rugbyleagueproject.org/matches/1260
1999|Rd 6|Balmain Tigers|North Sydney Bears,1999,Rd 6,6,3,43,1999-04-10,Balmain Tigers,North Sydney Bears,4,26,Leichhardt,https://www.rugbyleagueproject.org/matches/1262
1999|Rd 6|Cronulla Sharks|Canterbury Bulldogs,1999,Rd 6,6,4,44,1999-04-10,Cronulla Sharks,Canterbury Bulldogs,22,8,Shark Park,https://www.rugbyleagueproject.org/matches/1263
1999|Rd 6|NQ Cowboys|Penrith Panthers,1999,Rd 6,6,5,45,1999-04-10,NQ Cowboys,Penrith Panthers,10,32,Dairy Farmers,https://www.rugbyleagueproject.org/matches/280
1999|Rd 6|Brisbane Broncos|South Sydney Rabbitohs,1999,Rd 6,6,6,46,1999-04-11,Brisbane Broncos,South Sydney Rabbitohs,30,10,ANZ,https://www.rugbyleagueproject.org/matches/1264
1999|Rd 6|Canberra Raiders|Manly Sea Eagles,1999,Rd 6,6,7,47,1999-04-11,Canberra Raiders,Manly Sea Eagles,36,6,Bruce,https://www.rugbyleagueproject.org/matches/1266
1999|Rd 6|Newcastle Knights|St. George Illawarra Dragons,1999,Rd 6,6,8,48,1999-04-11,Newcastle Knights,St. George Illawarra Dragons,12,26,Marathon,https://www.rugbyleagueproject.org/matches/1265
1999|Rd 7|Sydney Roosters|North Sydney Bears,1999,Rd 7,7,1,49,1999-04-16,Sydney Roosters,North Sydney Bears,28,16,SFS,https://www.rugbyleagueproject.org/matches/1267
1999|Rd 7|Parramatta Eels|Melbourne Storm,1999,Rd 7,7,2,50,1999-04-17,Parramatta Eels,Melbourne Storm,26,14,Parramatta,https://www.rugbyleagueproject.org/matches/1268
1999|Rd 7|Penrith Panthers|Cronulla Sharks,1999,Rd 7,7,3,51,1999-04-17,Penrith Panthers,Cronulla Sharks,18,16,Penrith,https://www.rugbyleagueproject.org/matches/1270
1999|Rd 7|South Sydney Rabbitohs|Western Suburbs Magpies,1999,Rd 7,7,4,52,1999-04-17,South Sydney Rabbitohs,Western Suburbs Magpies,18,20,SFS,https://www.rugbyleagueproject.org/matches/1269
1999|Rd 7|Auckland Warriors|NQ Cowboys,1999,Rd 7,7,5,53,1999-04-18,Auckland Warriors,NQ Cowboys,0,24,Ericsson,https://www.rugbyleagueproject.org/matches/91
1999|Rd 7|Balmain Tigers|Manly Sea Eagles,1999,Rd 7,7,6,54,1999-04-18,Balmain Tigers,Manly Sea Eagles,18,12,Leichhardt,https://www.rugbyleagueproject.org/matches/1273
1999|Rd 7|Newcastle Knights|Brisbane Broncos,1999,Rd 7,7,7,55,1999-04-18,Newcastle Knights,Brisbane Broncos,19,18,Marathon,https://www.rugbyleagueproject.org/matches/1271
1999|Rd 7|St. George Illawarra Dragons|Canberra Raiders,1999,Rd 7,7,8,56,1999-04-18,St. George Illawarra Dragons,Canberra Raiders,44,2,Kogarah,https://www.rugbyleagueproject.org/matches/1272
1999|Rd 8|Manly Sea Eagles|Parramatta Eels,1999,Rd 8,8,1,57,1999-04-24,Manly Sea Eagles,Parramatta Eels,12,6,Brookvale,https://www.rugbyleagueproject.org/matches/1275
1999|Rd 8|Melbourne Storm|South Sydney Rabbitohs,1999,Rd 8,8,2,58,1999-04-24,Melbourne Storm,South Sydney Rabbitohs,52,6,Olympic Park,https://www.rugbyleagueproject.org/matches/1276
1999|Rd 8|Penrith Panthers|North Sydney Bears,1999,Rd 8,8,3,59,1999-04-24,Penrith Panthers,North Sydney Bears,20,18,Penrith,https://www.rugbyleagueproject.org/matches/1274
1999|Rd 8|Balmain Tigers|Western Suburbs Magpies,1999,Rd 8,8,4,60,1999-04-25,Balmain Tigers,Western Suburbs Magpies,28,16,Leichhardt,https://www.rugbyleagueproject.org/matches/1279
1999|Rd 8|Canberra Raiders|Newcastle Knights,1999,Rd 8,8,5,61,1999-04-25,Canberra Raiders,Newcastle Knights,21,21,Bruce,https://www.rugbyleagueproject.org/matches/1278
1999|Rd 8|Cronulla Sharks|St. George Illawarra Dragons,1999,Rd 8,8,6,62,1999-04-25,Cronulla Sharks,St. George Illawarra Dragons,18,16,Shark Park,https://www.rugbyleagueproject.org/matches/1277
1999|Rd 8|NQ Cowboys|Brisbane Broncos,1999,Rd 8,8,7,63,1999-04-25,NQ Cowboys,Brisbane Broncos,20,20,Dairy Farmers,https://www.rugbyleagueproject.org/matches/281
1999|Rd 8|Sydney Roosters|Canterbury Bulldogs,1999,Rd 8,8,8,64,1999-04-26,Sydney Roosters,Canterbury Bulldogs,42,6,SFS,https://www.rugbyleagueproject.org/matches/1280
1999|Rd 9|Parramatta Eels|Newcastle Knights,1999,Rd 9,9,1,65,1999-04-30,Parramatta Eels,Newcastle Knights,29,22,Parramatta,https://www.rugbyleagueproject.org/matches/1281
1999|Rd 9|NQ Cowboys|Balmain Tigers,1999,Rd 9,9,2,66,1999-05-01,NQ Cowboys,Balmain Tigers,20,14,Dairy Farmers,https://www.rugbyleagueproject.org/matches/282
1999|Rd 9|St. George Illawarra Dragons|Sydney Roosters,1999,Rd 9,9,3,67,1999-05-01,St. George Illawarra Dragons,Sydney Roosters,20,16,WIN,https://www.rugbyleagueproject.org/matches/1283
1999|Rd 9|Western Suburbs Magpies|Canterbury Bulldogs,1999,Rd 9,9,4,68,1999-05-01,Western Suburbs Magpies,Canterbury Bulldogs,12,26,Stdm Australia,https://www.rugbyleagueproject.org/matches/1282
1999|Rd 9|Auckland Warriors|South Sydney Rabbitohs,1999,Rd 9,9,5,69,1999-05-02,Auckland Warriors,South Sydney Rabbitohs,8,12,Ericsson,https://www.rugbyleagueproject.org/matches/1287
1999|Rd 9|Manly Sea Eagles|Penrith Panthers,1999,Rd 9,9,6,70,1999-05-02,Manly Sea Eagles,Penrith Panthers,26,22,Brookvale,https://www.rugbyleagueproject.org/matches/1284
1999|Rd 9|Melbourne Storm|Brisbane Broncos,1999,Rd 9,9,7,71,1999-05-02,Melbourne Storm,Brisbane Broncos,28,18,Olympic Park,https://www.rugbyleagueproject.org/matches/1285
1999|Rd 9|North Sydney Bears|Canberra Raiders,1999,Rd 9,9,8,72,1999-05-02,North Sydney Bears,Canberra Raiders,8,37,Stdm Australia,https://www.rugbyleagueproject.org/matches/1286
1999|Rd 10|South Sydney Rabbitohs|Cronulla Sharks,1999,Rd 10,10,1,73,1999-05-07,South Sydney Rabbitohs,Cronulla Sharks,14,27,SFS,https://www.rugbyleagueproject.org/matches/1288
1999|Rd 10|Manly Sea Eagles|NQ Cowboys,1999,Rd 10,10,2,74,1999-05-08,Manly Sea Eagles,NQ Cowboys,26,22,Brookvale,https://www.rugbyleagueproject.org/matches/94
1999|Rd 10|Parramatta Eels|Auckland Warriors,1999,Rd 10,10,3,75,1999-05-08,Parramatta Eels,Auckland Warriors,28,6,Parramatta,https://www.rugbyleagueproject.org/matches/1289
1999|Rd 10|Penrith Panthers|St. George Illawarra Dragons,1999,Rd 10,10,4,76,1999-05-08,Penrith Panthers,St. George Illawarra Dragons,27,6,Penrith,https://www.rugbyleagueproject.org/matches/1290
1999|Rd 10|Western Suburbs Magpies|Melbourne Storm,1999,Rd 10,10,5,77,1999-05-08,Western Suburbs Magpies,Melbourne Storm,6,62,Lathlain,https://www.rugbyleagueproject.org/matches/1291
1999|Rd 10|Brisbane Broncos|Sydney Roosters,1999,Rd 10,10,6,78,1999-05-09,Brisbane Broncos,Sydney Roosters,16,26,ANZ,https://www.rugbyleagueproject.org/matches/1292
1999|Rd 10|Canberra Raiders|Canterbury Bulldogs,1999,Rd 10,10,7,79,1999-05-09,Canberra Raiders,Canterbury Bulldogs,14,18,Bruce,https://www.rugbyleagueproject.org/matches/1293
1999|Rd 10|Newcastle Knights|North Sydney Bears,1999,Rd 10,10,8,80,1999-05-09,Newcastle Knights,North Sydney Bears,32,16,Marathon,https://www.rugbyleagueproject.org/matches/1294
1999|Rd 11|St. George Illawarra Dragons|Cronulla Sharks,1999,Rd 11,11,1,81,1999-05-14,St. George Illawarra Dragons,Cronulla Sharks,12,20,Kogarah,https://www.rugbyleagueproject.org/matches/1295
1999|Rd 11|Canterbury Bulldogs|North Sydney Bears,1999,Rd 11,11,2,82,1999-05-15,Canterbury Bulldogs,North Sydney Bears,34,18,Stdm Australia,https://www.rugbyleagueproject.org/matches/1296
1999|Rd 11|Melbourne Storm|Manly Sea Eagles,1999,Rd 11,11,3,83,1999-05-15,Melbourne Storm,Manly Sea Eagles,28,6,Olympic Park,https://www.rugbyleagueproject.org/matches/1297
1999|Rd 11|NQ Cowboys|Parramatta Eels,1999,Rd 11,11,4,84,1999-05-15,NQ Cowboys,Parramatta Eels,12,16,Dairy Farmers,https://www.rugbyleagueproject.org/matches/283
1999|Rd 11|Auckland Warriors|Canberra Raiders,1999,Rd 11,11,5,85,1999-05-16,Auckland Warriors,Canberra Raiders,32,30,Ericsson,https://www.rugbyleagueproject.org/matches/1298
1999|Rd 11|Balmain Tigers|Brisbane Broncos,1999,Rd 11,11,6,86,1999-05-16,Balmain Tigers,Brisbane Broncos,10,12,Leichhardt,https://www.rugbyleagueproject.org/matches/1301
1999|Rd 11|Penrith Panthers|Newcastle Knights,1999,Rd 11,11,7,87,1999-05-16,Penrith Panthers,Newcastle Knights,15,20,Penrith,https://www.rugbyleagueproject.org/matches/1300
1999|Rd 11|Sydney Roosters|Western Suburbs Magpies,1999,Rd 11,11,8,88,1999-05-16,Sydney Roosters,Western Suburbs Magpies,38,18,SFS,https://www.rugbyleagueproject.org/matches/1299
1999|Rd 12|Parramatta Eels|Canberra Raiders,1999,Rd 12,12,1,89,1999-05-21,Parramatta Eels,Canberra Raiders,12,25,Parramatta,https://www.rugbyleagueproject.org/matches/1302
1999|Rd 12|St. George Illawarra Dragons|Balmain Tigers,1999,Rd 12,12,2,90,1999-05-22,St. George Illawarra Dragons,Balmain Tigers,48,8,WIN,https://www.rugbyleagueproject.org/matches/1303
1999|Rd 12|Western Suburbs Magpies|Penrith Panthers,1999,Rd 12,12,3,91,1999-05-22,Western Suburbs Magpies,Penrith Panthers,7,6,Parramatta,https://www.rugbyleagueproject.org/matches/1304
1999|Rd 12|Canterbury Bulldogs|Auckland Warriors,1999,Rd 12,12,4,92,1999-05-23,Canterbury Bulldogs,Auckland Warriors,28,24,Stdm Australia,https://www.rugbyleagueproject.org/matches/1306
1999|Rd 12|Cronulla Sharks|North Sydney Bears,1999,Rd 12,12,5,93,1999-05-23,Cronulla Sharks,North Sydney Bears,21,20,Shark Park,https://www.rugbyleagueproject.org/matches/1307
1999|Rd 12|South Sydney Rabbitohs|Newcastle Knights,1999,Rd 12,12,6,94,1999-05-23,South Sydney Rabbitohs,Newcastle Knights,27,4,SFS,https://www.rugbyleagueproject.org/matches/1305
1999|Rd 13|Melbourne Storm|St. George Illawarra Dragons,1999,Rd 13,13,1,95,1999-05-28,Melbourne Storm,St. George Illawarra Dragons,16,28,Olympic Park,https://www.rugbyleagueproject.org/matches/1308
1999|Rd 13|Brisbane Broncos|Western Suburbs Magpies,1999,Rd 13,13,2,96,1999-05-29,Brisbane Broncos,Western Suburbs Magpies,50,0,ANZ,https://www.rugbyleagueproject.org/matches/1309
1999|Rd 13|Canterbury Bulldogs|Manly Sea Eagles,1999,Rd 13,13,3,97,1999-05-29,Canterbury Bulldogs,Manly Sea Eagles,20,4,Stdm Australia,https://www.rugbyleagueproject.org/matches/1310
1999|Rd 13|NQ Cowboys|South Sydney Rabbitohs,1999,Rd 13,13,4,98,1999-05-29,NQ Cowboys,South Sydney Rabbitohs,12,14,Dairy Farmers,https://www.rugbyleagueproject.org/matches/284
1999|Rd 13|Auckland Warriors|Parramatta Eels,1999,Rd 13,13,5,99,1999-05-30,Auckland Warriors,Parramatta Eels,18,25,Ericsson,https://www.rugbyleagueproject.org/matches/1314
1999|Rd 13|Newcastle Knights|Cronulla Sharks,1999,Rd 13,13,6,100,1999-05-30,Newcastle Knights,Cronulla Sharks,26,18,Marathon,https://www.rugbyleagueproject.org/matches/1311
1999|Rd 13|North Sydney Bears|Balmain Tigers,1999,Rd 13,13,7,101,1999-05-30,North Sydney Bears,Balmain Tigers,64,12,North Sydney,https://www.rugbyleagueproject.org/matches/1312
1999|Rd 13|Sydney Roosters|Canberra Raiders,1999,Rd 13,13,8,102,1999-05-30,Sydney Roosters,Canberra Raiders,28,22,SFS,https://www.rugbyleagueproject.org/matches/1313
1999|Rd 14|Canberra Raiders|Melbourne Storm,1999,Rd 14,14,1,103,1999-06-04,Canberra Raiders,Melbourne Storm,26,6,Bruce,https://www.rugbyleagueproject.org/matches/1315
1999|Rd 14|Brisbane Broncos|Penrith Panthers,1999,Rd 14,14,2,104,1999-06-05,Brisbane Broncos,Penrith Panthers,28,0,ANZ,https://www.rugbyleagueproject.org/matches/1316
1999|Rd 14|NQ Cowboys|Cronulla Sharks,1999,Rd 14,14,3,105,1999-06-05,NQ Cowboys,Cronulla Sharks,8,22,Dairy Farmers,https://www.rugbyleagueproject.org/matches/285
1999|Rd 14|Canterbury Bulldogs|South Sydney Rabbitohs,1999,Rd 14,14,4,106,1999-06-06,Canterbury Bulldogs,South Sydney Rabbitohs,19,18,Stdm Australia,https://www.rugbyleagueproject.org/matches/1318
1999|Rd 14|Manly Sea Eagles|Sydney Roosters,1999,Rd 14,14,5,107,1999-06-06,Manly Sea Eagles,Sydney Roosters,36,14,Brookvale,https://www.rugbyleagueproject.org/matches/1317
1999|Rd 14|Western Suburbs Magpies|Balmain Tigers,1999,Rd 14,14,6,108,1999-06-06,Western Suburbs Magpies,Balmain Tigers,18,12,Campbelltown,https://www.rugbyleagueproject.org/matches/1319
1999|Rd 15|Parramatta Eels|Canterbury Bulldogs,1999,Rd 15,15,1,109,1999-06-11,Parramatta Eels,Canterbury Bulldogs,16,18,Parramatta,https://www.rugbyleagueproject.org/matches/1320
1999|Rd 15|Newcastle Knights|Melbourne Storm,1999,Rd 15,15,2,110,1999-06-12,Newcastle Knights,Melbourne Storm,27,26,Marathon,https://www.rugbyleagueproject.org/matches/1321
1999|Rd 15|Penrith Panthers|Auckland Warriors,1999,Rd 15,15,3,111,1999-06-12,Penrith Panthers,Auckland Warriors,34,20,Penrith,https://www.rugbyleagueproject.org/matches/1323
1999|Rd 15|Western Suburbs Magpies|South Sydney Rabbitohs,1999,Rd 15,15,4,112,1999-06-12,Western Suburbs Magpies,South Sydney Rabbitohs,10,16,Campbelltown,https://www.rugbyleagueproject.org/matches/1322
1999|Rd 15|Manly Sea Eagles|Canberra Raiders,1999,Rd 15,15,5,113,1999-06-13,Manly Sea Eagles,Canberra Raiders,16,29,Brookvale,https://www.rugbyleagueproject.org/matches/1325
1999|Rd 15|St. George Illawarra Dragons|NQ Cowboys,1999,Rd 15,15,6,114,1999-06-13,St. George Illawarra Dragons,NQ Cowboys,22,18,Kogarah,https://www.rugbyleagueproject.org/matches/98
1999|Rd 15|Sydney Roosters|Cronulla Sharks,1999,Rd 15,15,7,115,1999-06-13,Sydney Roosters,Cronulla Sharks,32,14,SFS,https://www.rugbyleagueproject.org/matches/1324
1999|Rd 15|North Sydney Bears|Brisbane Broncos,1999,Rd 15,15,8,116,1999-06-14,North Sydney Bears,Brisbane Broncos,8,26,North Sydney,https://www.rugbyleagueproject.org/matches/1326
1999|Rd 16|Melbourne Storm|Sydney Roosters,1999,Rd 16,16,1,117,1999-06-18,Melbourne Storm,Sydney Roosters,26,8,Olympic Park,https://www.rugbyleagueproject.org/matches/1327
1999|Rd 16|Auckland Warriors|Canterbury Bulldogs,1999,Rd 16,16,2,118,1999-06-19,Auckland Warriors,Canterbury Bulldogs,30,10,Ericsson,https://www.rugbyleagueproject.org/matches/1329
1999|Rd 16|Canberra Raiders|Parramatta Eels,1999,Rd 16,16,3,119,1999-06-19,Canberra Raiders,Parramatta Eels,4,12,Bruce,https://www.rugbyleagueproject.org/matches/1328
1999|Rd 16|Cronulla Sharks|Manly Sea Eagles,1999,Rd 16,16,4,120,1999-06-19,Cronulla Sharks,Manly Sea Eagles,32,4,Shark Park,https://www.rugbyleagueproject.org/matches/1330
1999|Rd 16|Balmain Tigers|Penrith Panthers,1999,Rd 16,16,5,121,1999-06-20,Balmain Tigers,Penrith Panthers,24,16,Leichhardt,https://www.rugbyleagueproject.org/matches/1331
1999|Rd 16|Newcastle Knights|NQ Cowboys,1999,Rd 16,16,6,122,1999-06-20,Newcastle Knights,NQ Cowboys,24,8,Marathon,https://www.rugbyleagueproject.org/matches/99
1999|Rd 16|South Sydney Rabbitohs|North Sydney Bears,1999,Rd 16,16,7,123,1999-06-20,South Sydney Rabbitohs,North Sydney Bears,12,24,SFS,https://www.rugbyleagueproject.org/matches/1333
1999|Rd 16|St. George Illawarra Dragons|Western Suburbs Magpies,1999,Rd 16,16,8,124,1999-06-20,St. George Illawarra Dragons,Western Suburbs Magpies,44,4,WIN,https://www.rugbyleagueproject.org/matches/1332
1999|Rd 17|Parramatta Eels|Cronulla Sharks,1999,Rd 17,17,1,125,1999-06-25,Parramatta Eels,Cronulla Sharks,22,0,Parramatta,https://www.rugbyleagueproject.org/matches/1334
1999|Rd 17|Auckland Warriors|Balmain Tigers,1999,Rd 17,17,2,126,1999-06-26,Auckland Warriors,Balmain Tigers,22,4,Ericsson,https://www.rugbyleagueproject.org/matches/1336
1999|Rd 17|Penrith Panthers|Brisbane Broncos,1999,Rd 17,17,3,127,1999-06-26,Penrith Panthers,Brisbane Broncos,6,19,Penrith,https://www.rugbyleagueproject.org/matches/1335
1999|Rd 17|Sydney Roosters|NQ Cowboys,1999,Rd 17,17,4,128,1999-06-26,Sydney Roosters,NQ Cowboys,18,32,SFS,https://www.rugbyleagueproject.org/matches/100
1999|Rd 17|Canterbury Bulldogs|Canberra Raiders,1999,Rd 17,17,5,129,1999-06-27,Canterbury Bulldogs,Canberra Raiders,2,18,Stdm Australia,https://www.rugbyleagueproject.org/matches/1339
1999|Rd 17|Manly Sea Eagles|Melbourne Storm,1999,Rd 17,17,6,130,1999-06-27,Manly Sea Eagles,Melbourne Storm,18,19,Brookvale,https://www.rugbyleagueproject.org/matches/1340
1999|Rd 17|Newcastle Knights|Western Suburbs Magpies,1999,Rd 17,17,7,131,1999-06-27,Newcastle Knights,Western Suburbs Magpies,48,10,Marathon,https://www.rugbyleagueproject.org/matches/1338
1999|Rd 17|North Sydney Bears|St. George Illawarra Dragons,1999,Rd 17,17,8,132,1999-06-27,North Sydney Bears,St. George Illawarra Dragons,12,20,North Sydney,https://www.rugbyleagueproject.org/matches/1337
1999|Rd 18|Melbourne Storm|Parramatta Eels,1999,Rd 18,18,1,133,1999-07-02,Melbourne Storm,Parramatta Eels,6,20,Olympic Park,https://www.rugbyleagueproject.org/matches/1341
1999|Rd 18|NQ Cowboys|Manly Sea Eagles,1999,Rd 18,18,2,134,1999-07-03,NQ Cowboys,Manly Sea Eagles,26,28,Dairy Farmers,https://www.rugbyleagueproject.org/matches/286
1999|Rd 18|Penrith Panthers|South Sydney Rabbitohs,1999,Rd 18,18,3,135,1999-07-03,Penrith Panthers,South Sydney Rabbitohs,0,20,Penrith,https://www.rugbyleagueproject.org/matches/1342
1999|Rd 18|Western Suburbs Magpies|Sydney Roosters,1999,Rd 18,18,4,136,1999-07-03,Western Suburbs Magpies,Sydney Roosters,12,20,Campbelltown,https://www.rugbyleagueproject.org/matches/1343
1999|Rd 18|Brisbane Broncos|Balmain Tigers,1999,Rd 18,18,5,137,1999-07-04,Brisbane Broncos,Balmain Tigers,42,10,ANZ,https://www.rugbyleagueproject.org/matches/1344
1999|Rd 18|Canberra Raiders|Auckland Warriors,1999,Rd 18,18,6,138,1999-07-04,Canberra Raiders,Auckland Warriors,46,22,Bruce,https://www.rugbyleagueproject.org/matches/1347
1999|Rd 18|Canterbury Bulldogs|Cronulla Sharks,1999,Rd 18,18,7,139,1999-07-04,Canterbury Bulldogs,Cronulla Sharks,14,6,Stdm Australia,https://www.rugbyleagueproject.org/matches/1346
1999|Rd 18|North Sydney Bears|Newcastle Knights,1999,Rd 18,18,8,140,1999-07-04,North Sydney Bears,Newcastle Knights,20,46,North Sydney,https://www.rugbyleagueproject.org/matches/1345
1999|Rd 19|Cronulla Sharks|Canberra Raiders,1999,Rd 19,19,1,141,1999-07-09,Cronulla Sharks,Canberra Raiders,24,8,Shark Park,https://www.rugbyleagueproject.org/matches/1348
1999|Rd 19|Brisbane Broncos|Auckland Warriors,1999,Rd 19,19,2,142,1999-07-10,Brisbane Broncos,Auckland Warriors,24,16,ANZ,https://www.rugbyleagueproject.org/matches/1350
1999|Rd 19|Canterbury Bulldogs|Melbourne Storm,1999,Rd 19,19,3,143,1999-07-10,Canterbury Bulldogs,Melbourne Storm,20,24,Stdm Australia,https://www.rugbyleagueproject.org/matches/1349
1999|Rd 19|Parramatta Eels|NQ Cowboys,1999,Rd 19,19,4,144,1999-07-10,Parramatta Eels,NQ Cowboys,24,12,Parramatta,https://www.rugbyleagueproject.org/matches/102
1999|Rd 19|Manly Sea Eagles|Western Suburbs Magpies,1999,Rd 19,19,5,145,1999-07-11,Manly Sea Eagles,Western Suburbs Magpies,48,32,Brookvale,https://www.rugbyleagueproject.org/matches/1353
1999|Rd 19|North Sydney Bears|Sydney Roosters,1999,Rd 19,19,6,146,1999-07-11,North Sydney Bears,Sydney Roosters,20,28,North Sydney,https://www.rugbyleagueproject.org/matches/1354
1999|Rd 19|South Sydney Rabbitohs|Balmain Tigers,1999,Rd 19,19,7,147,1999-07-11,South Sydney Rabbitohs,Balmain Tigers,22,12,SFS,https://www.rugbyleagueproject.org/matches/1351
1999|Rd 19|St. George Illawarra Dragons|Penrith Panthers,1999,Rd 19,19,8,148,1999-07-11,St. George Illawarra Dragons,Penrith Panthers,38,24,Kogarah,https://www.rugbyleagueproject.org/matches/1352
1999|Rd 20|Auckland Warriors|Cronulla Sharks,1999,Rd 20,20,1,149,1999-07-16,Auckland Warriors,Cronulla Sharks,20,22,Ericsson,https://www.rugbyleagueproject.org/matches/1355
1999|Rd 20|Melbourne Storm|Canberra Raiders,1999,Rd 20,20,2,150,1999-07-16,Melbourne Storm,Canberra Raiders,30,10,Olympic Park,https://www.rugbyleagueproject.org/matches/1356
1999|Rd 20|Balmain Tigers|St. George Illawarra Dragons,1999,Rd 20,20,3,151,1999-07-17,Balmain Tigers,St. George Illawarra Dragons,16,38,Leichhardt,https://www.rugbyleagueproject.org/matches/1357
1999|Rd 20|NQ Cowboys|Canterbury Bulldogs,1999,Rd 20,20,4,152,1999-07-17,NQ Cowboys,Canterbury Bulldogs,18,30,Dairy Farmers,https://www.rugbyleagueproject.org/matches/287
1999|Rd 20|South Sydney Rabbitohs|Brisbane Broncos,1999,Rd 20,20,5,153,1999-07-17,South Sydney Rabbitohs,Brisbane Broncos,8,22,SFS,https://www.rugbyleagueproject.org/matches/1358
1999|Rd 20|Newcastle Knights|Penrith Panthers,1999,Rd 20,20,6,154,1999-07-18,Newcastle Knights,Penrith Panthers,21,14,Marathon,https://www.rugbyleagueproject.org/matches/1361
1999|Rd 20|North Sydney Bears|Manly Sea Eagles,1999,Rd 20,20,7,155,1999-07-18,North Sydney Bears,Manly Sea Eagles,22,28,North Sydney,https://www.rugbyleagueproject.org/matches/1359
1999|Rd 20|Western Suburbs Magpies|Parramatta Eels,1999,Rd 20,20,8,156,1999-07-18,Western Suburbs Magpies,Parramatta Eels,10,68,Campbelltown,https://www.rugbyleagueproject.org/matches/1360
1999|Rd 21|Brisbane Broncos|St. George Illawarra Dragons,1999,Rd 21,21,1,157,1999-07-23,Brisbane Broncos,St. George Illawarra Dragons,22,4,ANZ,https://www.rugbyleagueproject.org/matches/1362
1999|Rd 21|Balmain Tigers|Newcastle Knights,1999,Rd 21,21,2,158,1999-07-24,Balmain Tigers,Newcastle Knights,20,16,Leichhardt,https://www.rugbyleagueproject.org/matches/1363
1999|Rd 21|Canberra Raiders|NQ Cowboys,1999,Rd 21,21,3,159,1999-07-24,Canberra Raiders,NQ Cowboys,30,8,Bruce,https://www.rugbyleagueproject.org/matches/104
1999|Rd 21|Western Suburbs Magpies|Canterbury Bulldogs,1999,Rd 21,21,4,160,1999-07-24,Western Suburbs Magpies,Canterbury Bulldogs,16,56,Campbelltown,https://www.rugbyleagueproject.org/matches/1364
1999|Rd 21|Cronulla Sharks|Melbourne Storm,1999,Rd 21,21,5,161,1999-07-25,Cronulla Sharks,Melbourne Storm,18,26,Shark Park,https://www.rugbyleagueproject.org/matches/1365
1999|Rd 21|North Sydney Bears|Parramatta Eels,1999,Rd 21,21,6,162,1999-07-25,North Sydney Bears,Parramatta Eels,4,44,North Sydney,https://www.rugbyleagueproject.org/matches/1367
1999|Rd 21|South Sydney Rabbitohs|Auckland Warriors,1999,Rd 21,21,7,163,1999-07-25,South Sydney Rabbitohs,Auckland Warriors,16,20,SFS,https://www.rugbyleagueproject.org/matches/1366
1999|Rd 21|Sydney Roosters|Penrith Panthers,1999,Rd 21,21,8,164,1999-07-26,Sydney Roosters,Penrith Panthers,14,16,SFS,https://www.rugbyleagueproject.org/matches/1368
1999|Rd 22|Brisbane Broncos|Newcastle Knights,1999,Rd 22,22,1,165,1999-07-30,Brisbane Broncos,Newcastle Knights,38,6,ANZ,https://www.rugbyleagueproject.org/matches/1369
1999|Rd 22|Balmain Tigers|Sydney Roosters,1999,Rd 22,22,2,166,1999-07-31,Balmain Tigers,Sydney Roosters,10,22,Leichhardt,https://www.rugbyleagueproject.org/matches/1371
1999|Rd 22|Cronulla Sharks|NQ Cowboys,1999,Rd 22,22,3,167,1999-07-31,Cronulla Sharks,NQ Cowboys,40,8,Shark Park,https://www.rugbyleagueproject.org/matches/105
1999|Rd 22|Penrith Panthers|Manly Sea Eagles,1999,Rd 22,22,4,168,1999-07-31,Penrith Panthers,Manly Sea Eagles,52,10,Penrith,https://www.rugbyleagueproject.org/matches/1370
1999|Rd 22|Canterbury Bulldogs|North Sydney Bears,1999,Rd 22,22,5,169,1999-08-01,Canterbury Bulldogs,North Sydney Bears,30,18,Stdm Australia,https://www.rugbyleagueproject.org/matches/1372
1999|Rd 22|Melbourne Storm|Auckland Warriors,1999,Rd 22,22,6,170,1999-08-01,Melbourne Storm,Auckland Warriors,16,14,Olympic Park,https://www.rugbyleagueproject.org/matches/1374
1999|Rd 22|St. George Illawarra Dragons|South Sydney Rabbitohs,1999,Rd 22,22,7,171,1999-08-01,St. George Illawarra Dragons,South Sydney Rabbitohs,38,10,WIN,https://www.rugbyleagueproject.org/matches/1373
1999|Rd 22|Western Suburbs Magpies|Canberra Raiders,1999,Rd 22,22,8,172,1999-08-01,Western Suburbs Magpies,Canberra Raiders,16,64,Campbelltown,https://www.rugbyleagueproject.org/matches/1375
1999|Rd 23|Auckland Warriors|St. George Illawarra Dragons,1999,Rd 23,23,1,173,1999-08-06,Auckland Warriors,St. George Illawarra Dragons,32,18,Ericsson,https://www.rugbyleagueproject.org/matches/1376
1999|Rd 23|Sydney Roosters|Brisbane Broncos,1999,Rd 23,23,2,174,1999-08-06,Sydney Roosters,Brisbane Broncos,8,9,SFS,https://www.rugbyleagueproject.org/matches/1377
1999|Rd 23|Canberra Raiders|North Sydney Bears,1999,Rd 23,23,3,175,1999-08-07,Canberra Raiders,North Sydney Bears,46,16,Bruce,https://www.rugbyleagueproject.org/matches/1379
1999|Rd 23|Cronulla Sharks|Western Suburbs Magpies,1999,Rd 23,23,4,176,1999-08-07,Cronulla Sharks,Western Suburbs Magpies,46,0,Shark Park,https://www.rugbyleagueproject.org/matches/1378
1999|Rd 23|NQ Cowboys|Melbourne Storm,1999,Rd 23,23,5,177,1999-08-07,NQ Cowboys,Melbourne Storm,24,30,Dairy Farmers,https://www.rugbyleagueproject.org/matches/288
1999|Rd 23|Manly Sea Eagles|Balmain Tigers,1999,Rd 23,23,6,178,1999-08-08,Manly Sea Eagles,Balmain Tigers,44,14,Brookvale,https://www.rugbyleagueproject.org/matches/1382
1999|Rd 23|Newcastle Knights|South Sydney Rabbitohs,1999,Rd 23,23,7,179,1999-08-08,Newcastle Knights,South Sydney Rabbitohs,60,0,Marathon,https://www.rugbyleagueproject.org/matches/1380
1999|Rd 23|Parramatta Eels|Penrith Panthers,1999,Rd 23,23,8,180,1999-08-08,Parramatta Eels,Penrith Panthers,17,16,Parramatta,https://www.rugbyleagueproject.org/matches/1381
1999|Rd 24|St. George Illawarra Dragons|Newcastle Knights,1999,Rd 24,24,1,181,1999-08-13,St. George Illawarra Dragons,Newcastle Knights,20,22,SFS,https://www.rugbyleagueproject.org/matches/1383
1999|Rd 24|Balmain Tigers|Parramatta Eels,1999,Rd 24,24,2,182,1999-08-14,Balmain Tigers,Parramatta Eels,20,10,Leichhardt,https://www.rugbyleagueproject.org/matches/1384
1999|Rd 24|NQ Cowboys|Auckland Warriors,1999,Rd 24,24,3,183,1999-08-14,NQ Cowboys,Auckland Warriors,14,40,Dairy Farmers,https://www.rugbyleagueproject.org/matches/289
1999|Rd 24|North Sydney Bears|Cronulla Sharks,1999,Rd 24,24,4,184,1999-08-14,North Sydney Bears,Cronulla Sharks,18,56,North Sydney,https://www.rugbyleagueproject.org/matches/1385
1999|Rd 24|Canterbury Bulldogs|Penrith Panthers,1999,Rd 24,24,5,185,1999-08-15,Canterbury Bulldogs,Penrith Panthers,22,22,Stdm Australia,https://www.rugbyleagueproject.org/matches/1388
1999|Rd 24|Manly Sea Eagles|Brisbane Broncos,1999,Rd 24,24,6,186,1999-08-15,Manly Sea Eagles,Brisbane Broncos,26,26,Brookvale,https://www.rugbyleagueproject.org/matches/1386
1999|Rd 24|Melbourne Storm|Western Suburbs Magpies,1999,Rd 24,24,7,187,1999-08-15,Melbourne Storm,Western Suburbs Magpies,44,14,Olympic Park,https://www.rugbyleagueproject.org/matches/1387
1999|Rd 24|South Sydney Rabbitohs|Sydney Roosters,1999,Rd 24,24,8,188,1999-08-16,South Sydney Rabbitohs,Sydney Roosters,6,42,SFS,https://www.rugbyleagueproject.org/matches/1389
1999|Rd 25|Brisbane Broncos|Parramatta Eels,1999,Rd 25,25,1,189,1999-08-20,Brisbane Broncos,Parramatta Eels,10,21,ANZ,https://www.rugbyleagueproject.org/matches/1390
1999|Rd 25|Auckland Warriors|Newcastle Knights,1999,Rd 25,25,2,190,1999-08-21,Auckland Warriors,Newcastle Knights,42,0,Ericsson,https://www.rugbyleagueproject.org/matches/1391
1999|Rd 25|Canterbury Bulldogs|Balmain Tigers,1999,Rd 25,25,3,191,1999-08-21,Canterbury Bulldogs,Balmain Tigers,44,24,Stdm Australia,https://www.rugbyleagueproject.org/matches/1392
1999|Rd 25|South Sydney Rabbitohs|Manly Sea Eagles,1999,Rd 25,25,4,192,1999-08-21,South Sydney Rabbitohs,Manly Sea Eagles,2,18,SFS,https://www.rugbyleagueproject.org/matches/1393
1999|Rd 25|North Sydney Bears|Melbourne Storm,1999,Rd 25,25,5,193,1999-08-22,North Sydney Bears,Melbourne Storm,24,20,North Sydney,https://www.rugbyleagueproject.org/matches/1395
1999|Rd 25|Penrith Panthers|Canberra Raiders,1999,Rd 25,25,6,194,1999-08-22,Penrith Panthers,Canberra Raiders,33,14,Penrith,https://www.rugbyleagueproject.org/matches/1394
1999|Rd 25|Sydney Roosters|St. George Illawarra Dragons,1999,Rd 25,25,7,195,1999-08-22,Sydney Roosters,St. George Illawarra Dragons,24,26,SFS,https://www.rugbyleagueproject.org/matches/1396
1999|Rd 25|Western Suburbs Magpies|NQ Cowboys,1999,Rd 25,25,8,196,1999-08-22,Western Suburbs Magpies,NQ Cowboys,14,36,Campbelltown,https://www.rugbyleagueproject.org/matches/108
1999|Rd 26|Brisbane Broncos|Canterbury Bulldogs,1999,Rd 26,26,1,197,1999-08-27,Brisbane Broncos,Canterbury Bulldogs,14,12,ANZ,https://www.rugbyleagueproject.org/matches/1397
1999|Rd 26|Cronulla Sharks|Penrith Panthers,1999,Rd 26,26,2,198,1999-08-28,Cronulla Sharks,Penrith Panthers,38,6,Shark Park,https://www.rugbyleagueproject.org/matches/1398
1999|Rd 26|NQ Cowboys|North Sydney Bears,1999,Rd 26,26,3,199,1999-08-28,NQ Cowboys,North Sydney Bears,18,28,Dairy Farmers,https://www.rugbyleagueproject.org/matches/290
1999|Rd 26|St. George Illawarra Dragons|Manly Sea Eagles,1999,Rd 26,26,4,200,1999-08-28,St. George Illawarra Dragons,Manly Sea Eagles,20,18,WIN,https://www.rugbyleagueproject.org/matches/1399
1999|Rd 26|Canberra Raiders|Balmain Tigers,1999,Rd 26,26,5,201,1999-08-29,Canberra Raiders,Balmain Tigers,42,14,Bruce,https://www.rugbyleagueproject.org/matches/1402
1999|Rd 26|Newcastle Knights|Sydney Roosters,1999,Rd 26,26,6,202,1999-08-29,Newcastle Knights,Sydney Roosters,16,34,Marathon,https://www.rugbyleagueproject.org/matches/1403
1999|Rd 26|Parramatta Eels|South Sydney Rabbitohs,1999,Rd 26,26,7,203,1999-08-29,Parramatta Eels,South Sydney Rabbitohs,34,16,Parramatta,https://www.rugbyleagueproject.org/matches/1400
1999|Rd 26|Western Suburbs Magpies|Auckland Warriors,1999,Rd 26,26,8,204,1999-08-29,Western Suburbs Magpies,Auckland Warriors,16,60,Campbelltown,https://www.rugbyleagueproject.org/matches/1401
1999|Qualif Final|Sydney Roosters|Canterbury Bulldogs,1999,Qualif Final,27,1,205,1999-09-03,Sydney Roosters,Canterbury Bulldogs,8,12,SFS,https://www.rugbyleagueproject.org/matches/1404
1999|Qualif Final|Melbourne Storm|St. George Illawarra Dragons,1999,Qualif Final,27,2,206,1999-09-04,Melbourne Storm,St. George Illawarra Dragons,10,34,Olympic Park,https://www.rugbyleagueproject.org/matches/1406
1999|Qualif Final|Parramatta Eels|Newcastle Knights,1999,Qualif Final,27,3,207,1999-09-04,Parramatta Eels,Newcastle Knights,30,16,Parramatta,https://www.rugbyleagueproject.org/matches/1405
1999|Qualif Final|Cronulla Sharks|Brisbane Broncos,1999,Qualif Final,27,4,208,1999-09-05,Cronulla Sharks,Brisbane Broncos,42,20,Shark Park,https://www.rugbyleagueproject.org/matches/1407
1999|Semi Final|St. George Illawarra Dragons|Sydney Roosters,1999,Semi Final,28,1,209,1999-09-11,St. George Illawarra Dragons,Sydney Roosters,28,18,SFS,https://www.rugbyleagueproject.org/matches/1408
1999|Semi Final|Melbourne Storm|Canterbury Bulldogs,1999,Semi Final,28,2,210,1999-09-12,Melbourne Storm,Canterbury Bulldogs,24,22,SFS,https://www.rugbyleagueproject.org/matches/1409
1999|Prelim Final|Melbourne Storm|Parramatta Eels,1999,Prelim Final,29,1,211,1999-09-18,Melbourne Storm,Parramatta Eels,18,16,SFS,https://www.rugbyleagueproject.org/matches/1410
1999|Prelim Final|St. George Illawarra Dragons|Cronulla Sharks,1999,Prelim Final,29,2,212,1999-09-19,St. George Illawarra Dragons,Cronulla Sharks,24,8,Stdm Australia,https://www.rugbyleagueproject.org/matches/1411
1999|Grand Final|Melbourne Storm|St. George Illawarra Dragons,1999,Grand Final,30,1,213,1999-09-26,Melbourne Storm,St. George Illawarra Dragons,20,18,Stdm Australia,https://www.rugbyleagueproject.org/matches/1412
2000|Rd 1|St. George Illawarra Dragons|Cronulla Sharks,2000,Rd 1,1,1,1,2000-02-05,St. George Illawarra Dragons,Cronulla Sharks,12,28,Stdm Australia,https://www.rugbyleagueproject.org/matches/1414
2000|Rd 1|Sydney Roosters|Parramatta Eels,2000,Rd 1,1,2,2,2000-02-05,Sydney Roosters,Parramatta Eels,20,16,Stdm Australia,https://www.rugbyleagueproject.org/matches/1413
2000|Rd 1|Auckland Warriors|Melbourne Storm,2000,Rd 1,1,3,3,2000-02-06,Auckland Warriors,Melbourne Storm,14,6,Ericsson,https://www.rugbyleagueproject.org/matches/1417
2000|Rd 1|Northern Eagles|Newcastle Knights,2000,Rd 1,1,4,4,2000-02-06,Northern Eagles,Newcastle Knights,24,14,NorthPower,https://www.rugbyleagueproject.org/matches/1416
2000|Rd 1|Wests Tigers|Brisbane Broncos,2000,Rd 1,1,5,5,2000-02-06,Wests Tigers,Brisbane Broncos,24,24,Campbelltown,https://www.rugbyleagueproject.org/matches/1415
2000|Rd 1|Canberra Raiders|Canterbury Bulldogs,2000,Rd 1,1,6,6,2000-02-07,Canberra Raiders,Canterbury Bulldogs,14,2,Bruce,https://www.rugbyleagueproject.org/matches/1418
2000|Rd 1|Penrith Panthers|NQ Cowboys,2000,Rd 1,1,7,7,2000-02-07,Penrith Panthers,NQ Cowboys,19,6,Penrith,https://www.rugbyleagueproject.org/matches/110
2000|Rd 2|Parramatta Eels|Brisbane Broncos,2000,Rd 2,2,1,8,2000-02-11,Parramatta Eels,Brisbane Broncos,10,18,Parramatta,https://www.rugbyleagueproject.org/matches/1419
2000|Rd 2|Cronulla Sharks|Sydney Roosters,2000,Rd 2,2,2,9,2000-02-12,Cronulla Sharks,Sydney Roosters,28,2,Toyota,https://www.rugbyleagueproject.org/matches/1420
2000|Rd 2|Newcastle Knights|Melbourne Storm,2000,Rd 2,2,3,10,2000-02-12,Newcastle Knights,Melbourne Storm,38,6,Marathon,https://www.rugbyleagueproject.org/matches/1421
2000|Rd 2|St. George Illawarra Dragons|NQ Cowboys,2000,Rd 2,2,4,11,2000-02-12,St. George Illawarra Dragons,NQ Cowboys,12,6,WIN,https://www.rugbyleagueproject.org/matches/111
2000|Rd 2|Canberra Raiders|Northern Eagles,2000,Rd 2,2,5,12,2000-02-13,Canberra Raiders,Northern Eagles,22,8,Bruce,https://www.rugbyleagueproject.org/matches/1423
2000|Rd 2|Canterbury Bulldogs|Penrith Panthers,2000,Rd 2,2,6,13,2000-02-13,Canterbury Bulldogs,Penrith Panthers,0,26,Stdm Australia,https://www.rugbyleagueproject.org/matches/1422
2000|Rd 2|Wests Tigers|Auckland Warriors,2000,Rd 2,2,7,14,2000-02-14,Wests Tigers,Auckland Warriors,17,16,Leichhardt,https://www.rugbyleagueproject.org/matches/1424
2000|Rd 3|St. George Illawarra Dragons|Canterbury Bulldogs,2000,Rd 3,3,1,15,2000-02-18,St. George Illawarra Dragons,Canterbury Bulldogs,0,24,SFS,https://www.rugbyleagueproject.org/matches/1425
2000|Rd 3|Canberra Raiders|Melbourne Storm,2000,Rd 3,3,2,16,2000-02-19,Canberra Raiders,Melbourne Storm,16,12,Bruce,https://www.rugbyleagueproject.org/matches/1427
2000|Rd 3|Parramatta Eels|Cronulla Sharks,2000,Rd 3,3,3,17,2000-02-19,Parramatta Eels,Cronulla Sharks,19,18,Parramatta,https://www.rugbyleagueproject.org/matches/1426
2000|Rd 3|Sydney Roosters|NQ Cowboys,2000,Rd 3,3,4,18,2000-02-19,Sydney Roosters,NQ Cowboys,32,12,SFS,https://www.rugbyleagueproject.org/matches/112
2000|Rd 3|Auckland Warriors|Brisbane Broncos,2000,Rd 3,3,5,19,2000-02-20,Auckland Warriors,Brisbane Broncos,10,28,Ericsson,https://www.rugbyleagueproject.org/matches/1429
2000|Rd 3|Newcastle Knights|Wests Tigers,2000,Rd 3,3,6,20,2000-02-20,Newcastle Knights,Wests Tigers,46,8,Marathon,https://www.rugbyleagueproject.org/matches/1428
2000|Rd 3|Northern Eagles|Penrith Panthers,2000,Rd 3,3,7,21,2000-02-21,Northern Eagles,Penrith Panthers,27,16,Brookvale,https://www.rugbyleagueproject.org/matches/1430
2000|Rd 4|Sydney Roosters|Canterbury Bulldogs,2000,Rd 4,4,1,22,2000-02-25,Sydney Roosters,Canterbury Bulldogs,12,32,SFS,https://www.rugbyleagueproject.org/matches/1431
2000|Rd 4|Auckland Warriors|Newcastle Knights,2000,Rd 4,4,2,23,2000-02-26,Auckland Warriors,Newcastle Knights,18,18,Ericsson,https://www.rugbyleagueproject.org/matches/1434
2000|Rd 4|Cronulla Sharks|Brisbane Broncos,2000,Rd 4,4,3,24,2000-02-26,Cronulla Sharks,Brisbane Broncos,14,18,Toyota,https://www.rugbyleagueproject.org/matches/1432
2000|Rd 4|Northern Eagles|St. George Illawarra Dragons,2000,Rd 4,4,4,25,2000-02-26,Northern Eagles,St. George Illawarra Dragons,21,20,NorthPower,https://www.rugbyleagueproject.org/matches/1433
2000|Rd 4|Penrith Panthers|Melbourne Storm,2000,Rd 4,4,5,26,2000-02-27,Penrith Panthers,Melbourne Storm,30,22,Penrith,https://www.rugbyleagueproject.org/matches/1435
2000|Rd 4|Wests Tigers|Canberra Raiders,2000,Rd 4,4,6,27,2000-02-27,Wests Tigers,Canberra Raiders,18,10,Leichhardt,https://www.rugbyleagueproject.org/matches/1436
2000|Rd 4|Parramatta Eels|NQ Cowboys,2000,Rd 4,4,7,28,2000-02-28,Parramatta Eels,NQ Cowboys,18,26,Parramatta,https://www.rugbyleagueproject.org/matches/113
2000|Rd 5|Melbourne Storm|St. George Illawarra Dragons,2000,Rd 5,5,1,29,2000-03-03,Melbourne Storm,St. George Illawarra Dragons,70,10,MCG,https://www.rugbyleagueproject.org/matches/1437
2000|Rd 5|Brisbane Broncos|Newcastle Knights,2000,Rd 5,5,2,30,2000-03-04,Brisbane Broncos,Newcastle Knights,20,14,ANZ,https://www.rugbyleagueproject.org/matches/1438
2000|Rd 5|Canterbury Bulldogs|Parramatta Eels,2000,Rd 5,5,3,31,2000-03-04,Canterbury Bulldogs,Parramatta Eels,22,12,Stdm Australia,https://www.rugbyleagueproject.org/matches/1439
2000|Rd 5|NQ Cowboys|Cronulla Sharks,2000,Rd 5,5,4,32,2000-03-04,NQ Cowboys,Cronulla Sharks,12,26,Dairy Farmers,https://www.rugbyleagueproject.org/matches/291
2000|Rd 5|Sydney Roosters|Northern Eagles,2000,Rd 5,5,5,33,2000-03-05,Sydney Roosters,Northern Eagles,22,2,SFS,https://www.rugbyleagueproject.org/matches/1440
2000|Rd 5|Wests Tigers|Penrith Panthers,2000,Rd 5,5,6,34,2000-03-05,Wests Tigers,Penrith Panthers,22,10,Leichhardt,https://www.rugbyleagueproject.org/matches/1441
2000|Rd 5|Canberra Raiders|Auckland Warriors,2000,Rd 5,5,7,35,2000-03-06,Canberra Raiders,Auckland Warriors,56,12,Bruce,https://www.rugbyleagueproject.org/matches/1442
2000|Rd 6|Melbourne Storm|Sydney Roosters,2000,Rd 6,6,1,36,2000-03-10,Melbourne Storm,Sydney Roosters,42,10,Olympic Park,https://www.rugbyleagueproject.org/matches/1443
2000|Rd 6|NQ Cowboys|Brisbane Broncos,2000,Rd 6,6,2,37,2000-03-11,NQ Cowboys,Brisbane Broncos,8,50,Dairy Farmers,https://www.rugbyleagueproject.org/matches/292
2000|Rd 6|Parramatta Eels|Northern Eagles,2000,Rd 6,6,3,38,2000-03-11,Parramatta Eels,Northern Eagles,16,14,Parramatta,https://www.rugbyleagueproject.org/matches/1445
2000|Rd 6|Penrith Panthers|Auckland Warriors,2000,Rd 6,6,4,39,2000-03-11,Penrith Panthers,Auckland Warriors,31,24,Penrith,https://www.rugbyleagueproject.org/matches/1444
2000|Rd 6|Newcastle Knights|Canberra Raiders,2000,Rd 6,6,5,40,2000-03-12,Newcastle Knights,Canberra Raiders,40,10,Marathon,https://www.rugbyleagueproject.org/matches/1446
2000|Rd 6|St. George Illawarra Dragons|Wests Tigers,2000,Rd 6,6,6,41,2000-03-12,St. George Illawarra Dragons,Wests Tigers,9,15,WIN,https://www.rugbyleagueproject.org/matches/1447
2000|Rd 6|Cronulla Sharks|Canterbury Bulldogs,2000,Rd 6,6,7,42,2000-03-13,Cronulla Sharks,Canterbury Bulldogs,14,4,Toyota,https://www.rugbyleagueproject.org/matches/1448
2000|Rd 7|Brisbane Broncos|Canberra Raiders,2000,Rd 7,7,1,43,2000-03-17,Brisbane Broncos,Canberra Raiders,14,6,ANZ,https://www.rugbyleagueproject.org/matches/1449
2000|Rd 7|Auckland Warriors|St. George Illawarra Dragons,2000,Rd 7,7,2,44,2000-03-18,Auckland Warriors,St. George Illawarra Dragons,8,36,Ericsson,https://www.rugbyleagueproject.org/matches/1451
2000|Rd 7|Melbourne Storm|Parramatta Eels,2000,Rd 7,7,3,45,2000-03-18,Melbourne Storm,Parramatta Eels,16,12,Olympic Park,https://www.rugbyleagueproject.org/matches/1452
2000|Rd 7|Northern Eagles|Cronulla Sharks,2000,Rd 7,7,4,46,2000-03-18,Northern Eagles,Cronulla Sharks,30,2,Brookvale,https://www.rugbyleagueproject.org/matches/1450
2000|Rd 7|Canterbury Bulldogs|NQ Cowboys,2000,Rd 7,7,5,47,2000-03-19,Canterbury Bulldogs,NQ Cowboys,8,18,Stdm Australia,https://www.rugbyleagueproject.org/matches/116
2000|Rd 7|Penrith Panthers|Newcastle Knights,2000,Rd 7,7,6,48,2000-03-19,Penrith Panthers,Newcastle Knights,10,30,Penrith,https://www.rugbyleagueproject.org/matches/1453
2000|Rd 7|Sydney Roosters|Wests Tigers,2000,Rd 7,7,7,49,2000-03-19,Sydney Roosters,Wests Tigers,35,6,SFS,https://www.rugbyleagueproject.org/matches/1454
2000|Rd 8|Newcastle Knights|St. George Illawarra Dragons,2000,Rd 8,8,1,50,2000-03-24,Newcastle Knights,St. George Illawarra Dragons,18,25,Marathon,https://www.rugbyleagueproject.org/matches/1455
2000|Rd 8|Canberra Raiders|Penrith Panthers,2000,Rd 8,8,2,51,2000-03-25,Canberra Raiders,Penrith Panthers,30,6,Bruce,https://www.rugbyleagueproject.org/matches/1456
2000|Rd 8|Cronulla Sharks|Melbourne Storm,2000,Rd 8,8,3,52,2000-03-25,Cronulla Sharks,Melbourne Storm,26,14,Toyota,https://www.rugbyleagueproject.org/matches/1457
2000|Rd 8|NQ Cowboys|Northern Eagles,2000,Rd 8,8,4,53,2000-03-25,NQ Cowboys,Northern Eagles,50,10,Dairy Farmers,https://www.rugbyleagueproject.org/matches/293
2000|Rd 8|Auckland Warriors|Sydney Roosters,2000,Rd 8,8,5,54,2000-03-26,Auckland Warriors,Sydney Roosters,26,22,Ericsson,https://www.rugbyleagueproject.org/matches/1460
2000|Rd 8|Brisbane Broncos|Canterbury Bulldogs,2000,Rd 8,8,6,55,2000-03-26,Brisbane Broncos,Canterbury Bulldogs,24,14,ANZ,https://www.rugbyleagueproject.org/matches/1458
2000|Rd 8|Wests Tigers|Parramatta Eels,2000,Rd 8,8,7,56,2000-03-26,Wests Tigers,Parramatta Eels,14,14,Leichhardt,https://www.rugbyleagueproject.org/matches/1459
2000|Rd 9|Penrith Panthers|Brisbane Broncos,2000,Rd 9,9,1,57,2000-03-31,Penrith Panthers,Brisbane Broncos,18,2,Penrith,https://www.rugbyleagueproject.org/matches/1461
2000|Rd 9|Cronulla Sharks|Wests Tigers,2000,Rd 9,9,2,58,2000-04-01,Cronulla Sharks,Wests Tigers,12,16,Toyota,https://www.rugbyleagueproject.org/matches/1462
2000|Rd 9|Melbourne Storm|NQ Cowboys,2000,Rd 9,9,3,59,2000-04-01,Melbourne Storm,NQ Cowboys,28,6,Olympic Park,https://www.rugbyleagueproject.org/matches/118
2000|Rd 9|Parramatta Eels|Auckland Warriors,2000,Rd 9,9,4,60,2000-04-01,Parramatta Eels,Auckland Warriors,24,22,Parramatta,https://www.rugbyleagueproject.org/matches/1463
2000|Rd 9|Canterbury Bulldogs|Northern Eagles,2000,Rd 9,9,5,61,2000-04-02,Canterbury Bulldogs,Northern Eagles,22,14,Stdm Australia,https://www.rugbyleagueproject.org/matches/1465
2000|Rd 9|St. George Illawarra Dragons|Canberra Raiders,2000,Rd 9,9,6,62,2000-04-02,St. George Illawarra Dragons,Canberra Raiders,24,18,SFS,https://www.rugbyleagueproject.org/matches/1464
2000|Rd 9|Sydney Roosters|Newcastle Knights,2000,Rd 9,9,7,63,2000-04-03,Sydney Roosters,Newcastle Knights,20,18,SFS,https://www.rugbyleagueproject.org/matches/1466
2000|Rd 10|Brisbane Broncos|Melbourne Storm,2000,Rd 10,10,1,64,2000-04-07,Brisbane Broncos,Melbourne Storm,18,18,ANZ,https://www.rugbyleagueproject.org/matches/1467
2000|Rd 10|Canterbury Bulldogs|Auckland Warriors,2000,Rd 10,10,2,65,2000-04-08,Canterbury Bulldogs,Auckland Warriors,18,18,Stdm Australia,https://www.rugbyleagueproject.org/matches/1470
2000|Rd 10|Northern Eagles|Wests Tigers,2000,Rd 10,10,3,66,2000-04-08,Northern Eagles,Wests Tigers,10,18,NorthPower,https://www.rugbyleagueproject.org/matches/1468
2000|Rd 10|Parramatta Eels|Penrith Panthers,2000,Rd 10,10,4,67,2000-04-08,Parramatta Eels,Penrith Panthers,14,12,Parramatta,https://www.rugbyleagueproject.org/matches/1469
2000|Rd 10|Canberra Raiders|Cronulla Sharks,2000,Rd 10,10,5,68,2000-04-09,Canberra Raiders,Cronulla Sharks,24,18,Bruce,https://www.rugbyleagueproject.org/matches/1471
2000|Rd 10|Newcastle Knights|NQ Cowboys,2000,Rd 10,10,6,69,2000-04-09,Newcastle Knights,NQ Cowboys,28,6,Marathon,https://www.rugbyleagueproject.org/matches/119
2000|Rd 10|St. George Illawarra Dragons|Sydney Roosters,2000,Rd 10,10,7,70,2000-04-09,St. George Illawarra Dragons,Sydney Roosters,24,20,WIN,https://www.rugbyleagueproject.org/matches/1472
2000|Rd 11|Cronulla Sharks|Newcastle Knights,2000,Rd 11,11,1,71,2000-04-14,Cronulla Sharks,Newcastle Knights,42,16,Toyota,https://www.rugbyleagueproject.org/matches/1473
2000|Rd 11|Melbourne Storm|Northern Eagles,2000,Rd 11,11,2,72,2000-04-15,Melbourne Storm,Northern Eagles,44,18,Olympic Park,https://www.rugbyleagueproject.org/matches/1474
2000|Rd 11|NQ Cowboys|Auckland Warriors,2000,Rd 11,11,3,73,2000-04-15,NQ Cowboys,Auckland Warriors,12,18,Dairy Farmers,https://www.rugbyleagueproject.org/matches/294
2000|Rd 11|Penrith Panthers|Sydney Roosters,2000,Rd 11,11,4,74,2000-04-15,Penrith Panthers,Sydney Roosters,22,30,Penrith,https://www.rugbyleagueproject.org/matches/1475
2000|Rd 11|Brisbane Broncos|St. George Illawarra Dragons,2000,Rd 11,11,5,75,2000-04-16,Brisbane Broncos,St. George Illawarra Dragons,34,18,ANZ,https://www.rugbyleagueproject.org/matches/1477
2000|Rd 11|Canberra Raiders|Parramatta Eels,2000,Rd 11,11,6,76,2000-04-16,Canberra Raiders,Parramatta Eels,2,14,Bruce,https://www.rugbyleagueproject.org/matches/1476
2000|Rd 11|Wests Tigers|Canterbury Bulldogs,2000,Rd 11,11,7,77,2000-04-16,Wests Tigers,Canterbury Bulldogs,14,22,Campbelltown,https://www.rugbyleagueproject.org/matches/1478
2000|Rd 12|St. George Illawarra Dragons|Penrith Panthers,2000,Rd 12,12,1,78,2000-04-22,St. George Illawarra Dragons,Penrith Panthers,28,20,SFS,https://www.rugbyleagueproject.org/matches/1479
2000|Rd 12|Wests Tigers|NQ Cowboys,2000,Rd 12,12,2,79,2000-04-22,Wests Tigers,NQ Cowboys,8,18,Leichhardt,https://www.rugbyleagueproject.org/matches/121
2000|Rd 12|Newcastle Knights|Parramatta Eels,2000,Rd 12,12,3,80,2000-04-23,Newcastle Knights,Parramatta Eels,26,23,Marathon,https://www.rugbyleagueproject.org/matches/1480
2000|Rd 12|Northern Eagles|Brisbane Broncos,2000,Rd 12,12,4,81,2000-04-23,Northern Eagles,Brisbane Broncos,16,6,Brookvale,https://www.rugbyleagueproject.org/matches/1481
2000|Rd 12|Auckland Warriors|Cronulla Sharks,2000,Rd 12,12,5,82,2000-04-24,Auckland Warriors,Cronulla Sharks,24,20,Ericsson,https://www.rugbyleagueproject.org/matches/1483
2000|Rd 12|Sydney Roosters|Canberra Raiders,2000,Rd 12,12,6,83,2000-04-24,Sydney Roosters,Canberra Raiders,21,14,SFS,https://www.rugbyleagueproject.org/matches/1482
2000|Rd 12|Canterbury Bulldogs|Melbourne Storm,2000,Rd 12,12,7,84,2000-04-25,Canterbury Bulldogs,Melbourne Storm,22,44,Stdm Australia,https://www.rugbyleagueproject.org/matches/1484
2000|Rd 13|Brisbane Broncos|Parramatta Eels,2000,Rd 13,13,1,85,2000-04-28,Brisbane Broncos,Parramatta Eels,28,6,ANZ,https://www.rugbyleagueproject.org/matches/1485
2000|Rd 13|Auckland Warriors|Wests Tigers,2000,Rd 13,13,2,86,2000-04-29,Auckland Warriors,Wests Tigers,4,30,Ericsson,https://www.rugbyleagueproject.org/matches/1486
2000|Rd 13|NQ Cowboys|St. George Illawarra Dragons,2000,Rd 13,13,3,87,2000-04-29,NQ Cowboys,St. George Illawarra Dragons,50,4,Dairy Farmers,https://www.rugbyleagueproject.org/matches/295
2000|Rd 13|Northern Eagles|Canberra Raiders,2000,Rd 13,13,4,88,2000-04-29,Northern Eagles,Canberra Raiders,18,16,NorthPower,https://www.rugbyleagueproject.org/matches/1487
2000|Rd 13|Melbourne Storm|Newcastle Knights,2000,Rd 13,13,5,89,2000-04-30,Melbourne Storm,Newcastle Knights,40,4,Olympic Park,https://www.rugbyleagueproject.org/matches/1490
2000|Rd 13|Penrith Panthers|Canterbury Bulldogs,2000,Rd 13,13,6,90,2000-04-30,Penrith Panthers,Canterbury Bulldogs,12,16,Penrith,https://www.rugbyleagueproject.org/matches/1488
2000|Rd 13|Sydney Roosters|Cronulla Sharks,2000,Rd 13,13,7,91,2000-04-30,Sydney Roosters,Cronulla Sharks,16,14,SFS,https://www.rugbyleagueproject.org/matches/1489
2000|Rd 14|Parramatta Eels|Melbourne Storm,2000,Rd 14,14,1,92,2000-05-05,Parramatta Eels,Melbourne Storm,18,8,Parramatta,https://www.rugbyleagueproject.org/matches/1491
2000|Rd 14|Cronulla Sharks|Northern Eagles,2000,Rd 14,14,2,93,2000-05-06,Cronulla Sharks,Northern Eagles,28,8,Toyota,https://www.rugbyleagueproject.org/matches/1492
2000|Rd 14|NQ Cowboys|Canterbury Bulldogs,2000,Rd 14,14,3,94,2000-05-06,NQ Cowboys,Canterbury Bulldogs,12,32,Dairy Farmers,https://www.rugbyleagueproject.org/matches/296
2000|Rd 14|St. George Illawarra Dragons|Auckland Warriors,2000,Rd 14,14,4,95,2000-05-06,St. George Illawarra Dragons,Auckland Warriors,54,0,WIN,https://www.rugbyleagueproject.org/matches/1493
2000|Rd 14|Newcastle Knights|Penrith Panthers,2000,Rd 14,14,5,96,2000-05-07,Newcastle Knights,Penrith Panthers,26,32,Marathon,https://www.rugbyleagueproject.org/matches/1495
2000|Rd 14|Wests Tigers|Sydney Roosters,2000,Rd 14,14,6,97,2000-05-07,Wests Tigers,Sydney Roosters,28,24,Campbelltown,https://www.rugbyleagueproject.org/matches/1494
2000|Rd 14|Canberra Raiders|Brisbane Broncos,2000,Rd 14,14,7,98,2000-05-08,Canberra Raiders,Brisbane Broncos,16,14,Bruce,https://www.rugbyleagueproject.org/matches/1496
2000|Rd 15|Melbourne Storm|Wests Tigers,2000,Rd 15,15,1,99,2000-05-12,Melbourne Storm,Wests Tigers,40,10,Olympic Park,https://www.rugbyleagueproject.org/matches/1497
2000|Rd 15|Canberra Raiders|NQ Cowboys,2000,Rd 15,15,2,100,2000-05-13,Canberra Raiders,NQ Cowboys,17,10,Bruce,https://www.rugbyleagueproject.org/matches/124
2000|Rd 15|Canterbury Bulldogs|Newcastle Knights,2000,Rd 15,15,3,101,2000-05-13,Canterbury Bulldogs,Newcastle Knights,24,30,Stdm Australia,https://www.rugbyleagueproject.org/matches/1499
2000|Rd 15|Northern Eagles|Auckland Warriors,2000,Rd 15,15,4,102,2000-05-13,Northern Eagles,Auckland Warriors,14,18,Brookvale,https://www.rugbyleagueproject.org/matches/1498
2000|Rd 15|Brisbane Broncos|Sydney Roosters,2000,Rd 15,15,5,103,2000-05-14,Brisbane Broncos,Sydney Roosters,40,14,ANZ,https://www.rugbyleagueproject.org/matches/1501
2000|Rd 15|Cronulla Sharks|Penrith Panthers,2000,Rd 15,15,6,104,2000-05-14,Cronulla Sharks,Penrith Panthers,26,28,Toyota,https://www.rugbyleagueproject.org/matches/1500
2000|Rd 15|Parramatta Eels|St. George Illawarra Dragons,2000,Rd 15,15,7,105,2000-05-14,Parramatta Eels,St. George Illawarra Dragons,30,24,Parramatta,https://www.rugbyleagueproject.org/matches/1502
2000|Rd 16|Penrith Panthers|Parramatta Eels,2000,Rd 16,16,1,106,2000-05-19,Penrith Panthers,Parramatta Eels,16,14,Penrith,https://www.rugbyleagueproject.org/matches/1503
2000|Rd 16|Auckland Warriors|Canterbury Bulldogs,2000,Rd 16,16,2,107,2000-05-20,Auckland Warriors,Canterbury Bulldogs,24,12,Ericsson,https://www.rugbyleagueproject.org/matches/1504
2000|Rd 16|Cronulla Sharks|Canberra Raiders,2000,Rd 16,16,3,108,2000-05-20,Cronulla Sharks,Canberra Raiders,26,18,Toyota,https://www.rugbyleagueproject.org/matches/1505
2000|Rd 16|Sydney Roosters|St. George Illawarra Dragons,2000,Rd 16,16,4,109,2000-05-20,Sydney Roosters,St. George Illawarra Dragons,32,24,SFS,https://www.rugbyleagueproject.org/matches/1506
2000|Rd 16|Melbourne Storm|Brisbane Broncos,2000,Rd 16,16,5,110,2000-05-21,Melbourne Storm,Brisbane Broncos,16,12,Olympic Park,https://www.rugbyleagueproject.org/matches/1507
2000|Rd 16|NQ Cowboys|Newcastle Knights,2000,Rd 16,16,6,111,2000-05-21,NQ Cowboys,Newcastle Knights,10,18,Dairy Farmers,https://www.rugbyleagueproject.org/matches/297
2000|Rd 16|Wests Tigers|Northern Eagles,2000,Rd 16,16,7,112,2000-05-21,Wests Tigers,Northern Eagles,36,18,Leichhardt,https://www.rugbyleagueproject.org/matches/1508
2000|Rd 17|Brisbane Broncos|Cronulla Sharks,2000,Rd 17,17,1,113,2000-05-26,Brisbane Broncos,Cronulla Sharks,32,4,ANZ,https://www.rugbyleagueproject.org/matches/1509
2000|Rd 17|Melbourne Storm|Penrith Panthers,2000,Rd 17,17,2,114,2000-05-27,Melbourne Storm,Penrith Panthers,20,23,Olympic Park,https://www.rugbyleagueproject.org/matches/1510
2000|Rd 17|NQ Cowboys|Parramatta Eels,2000,Rd 17,17,3,115,2000-05-27,NQ Cowboys,Parramatta Eels,6,20,Dairy Farmers,https://www.rugbyleagueproject.org/matches/298
2000|Rd 17|Newcastle Knights|Auckland Warriors,2000,Rd 17,17,4,116,2000-05-27,Newcastle Knights,Auckland Warriors,30,12,Marathon,https://www.rugbyleagueproject.org/matches/1511
2000|Rd 17|Canberra Raiders|Wests Tigers,2000,Rd 17,17,5,117,2000-05-28,Canberra Raiders,Wests Tigers,24,22,Bruce,https://www.rugbyleagueproject.org/matches/1513
2000|Rd 17|Canterbury Bulldogs|Sydney Roosters,2000,Rd 17,17,6,118,2000-05-28,Canterbury Bulldogs,Sydney Roosters,22,16,Stdm Australia,https://www.rugbyleagueproject.org/matches/1512
2000|Rd 17|St. George Illawarra Dragons|Northern Eagles,2000,Rd 17,17,7,119,2000-05-28,St. George Illawarra Dragons,Northern Eagles,12,22,SFS,https://www.rugbyleagueproject.org/matches/1514
2000|Rd 18|Parramatta Eels|Canterbury Bulldogs,2000,Rd 18,18,1,120,2000-06-02,Parramatta Eels,Canterbury Bulldogs,25,12,Parramatta,https://www.rugbyleagueproject.org/matches/1515
2000|Rd 18|Auckland Warriors|Canberra Raiders,2000,Rd 18,18,2,121,2000-06-03,Auckland Warriors,Canberra Raiders,6,13,Ericsson,https://www.rugbyleagueproject.org/matches/1516
2000|Rd 18|Cronulla Sharks|NQ Cowboys,2000,Rd 18,18,3,122,2000-06-03,Cronulla Sharks,NQ Cowboys,42,6,Toyota,https://www.rugbyleagueproject.org/matches/127
2000|Rd 18|Newcastle Knights|Brisbane Broncos,2000,Rd 18,18,4,123,2000-06-04,Newcastle Knights,Brisbane Broncos,26,22,Marathon,https://www.rugbyleagueproject.org/matches/1519
2000|Rd 18|Northern Eagles|Sydney Roosters,2000,Rd 18,18,5,124,2000-06-04,Northern Eagles,Sydney Roosters,20,22,NorthPower,https://www.rugbyleagueproject.org/matches/1517
2000|Rd 18|Penrith Panthers|Wests Tigers,2000,Rd 18,18,6,125,2000-06-04,Penrith Panthers,Wests Tigers,32,31,Penrith,https://www.rugbyleagueproject.org/matches/1518
2000|Rd 18|St. George Illawarra Dragons|Melbourne Storm,2000,Rd 18,18,7,126,2000-06-04,St. George Illawarra Dragons,Melbourne Storm,50,4,WIN,https://www.rugbyleagueproject.org/matches/1520
2000|Rd 19|Wests Tigers|St. George Illawarra Dragons,2000,Rd 19,19,1,127,2000-06-09,Wests Tigers,St. George Illawarra Dragons,24,36,Campbelltown,https://www.rugbyleagueproject.org/matches/1521
2000|Rd 19|Auckland Warriors|Penrith Panthers,2000,Rd 19,19,2,128,2000-06-10,Auckland Warriors,Penrith Panthers,20,24,Ericsson,https://www.rugbyleagueproject.org/matches/1522
2000|Rd 19|Brisbane Broncos|NQ Cowboys,2000,Rd 19,19,3,129,2000-06-10,Brisbane Broncos,NQ Cowboys,26,16,ANZ,https://www.rugbyleagueproject.org/matches/128
2000|Rd 19|Canberra Raiders|Newcastle Knights,2000,Rd 19,19,4,130,2000-06-11,Canberra Raiders,Newcastle Knights,32,24,Bruce,https://www.rugbyleagueproject.org/matches/1525
2000|Rd 19|Northern Eagles|Parramatta Eels,2000,Rd 19,19,5,131,2000-06-11,Northern Eagles,Parramatta Eels,12,24,Brookvale,https://www.rugbyleagueproject.org/matches/1523
2000|Rd 19|Sydney Roosters|Melbourne Storm,2000,Rd 19,19,6,132,2000-06-11,Sydney Roosters,Melbourne Storm,41,6,SFS,https://www.rugbyleagueproject.org/matches/1524
2000|Rd 19|Canterbury Bulldogs|Cronulla Sharks,2000,Rd 19,19,7,133,2000-06-12,Canterbury Bulldogs,Cronulla Sharks,14,26,Stdm Australia,https://www.rugbyleagueproject.org/matches/1526
2000|Rd 20|Parramatta Eels|Sydney Roosters,2000,Rd 20,20,1,134,2000-06-16,Parramatta Eels,Sydney Roosters,0,26,Parramatta,https://www.rugbyleagueproject.org/matches/1527
2000|Rd 20|Canterbury Bulldogs|Canberra Raiders,2000,Rd 20,20,2,135,2000-06-17,Canterbury Bulldogs,Canberra Raiders,14,16,Stdm Australia,https://www.rugbyleagueproject.org/matches/1528
2000|Rd 20|NQ Cowboys|Penrith Panthers,2000,Rd 20,20,3,136,2000-06-17,NQ Cowboys,Penrith Panthers,28,12,Dairy Farmers,https://www.rugbyleagueproject.org/matches/299
2000|Rd 20|Newcastle Knights|Northern Eagles,2000,Rd 20,20,4,137,2000-06-17,Newcastle Knights,Northern Eagles,52,20,Marathon,https://www.rugbyleagueproject.org/matches/1529
2000|Rd 20|Brisbane Broncos|Wests Tigers,2000,Rd 20,20,5,138,2000-06-18,Brisbane Broncos,Wests Tigers,56,12,ANZ,https://www.rugbyleagueproject.org/matches/1531
2000|Rd 20|Cronulla Sharks|St. George Illawarra Dragons,2000,Rd 20,20,6,139,2000-06-18,Cronulla Sharks,St. George Illawarra Dragons,40,10,Toyota,https://www.rugbyleagueproject.org/matches/1532
2000|Rd 20|Melbourne Storm|Auckland Warriors,2000,Rd 20,20,7,140,2000-06-18,Melbourne Storm,Auckland Warriors,56,10,Olympic Park,https://www.rugbyleagueproject.org/matches/1530
2000|Rd 21|Canterbury Bulldogs|Brisbane Broncos,2000,Rd 21,21,1,141,2000-06-24,Canterbury Bulldogs,Brisbane Broncos,18,48,Stdm Australia,https://www.rugbyleagueproject.org/matches/1533
2000|Rd 21|Melbourne Storm|Cronulla Sharks,2000,Rd 21,21,2,142,2000-06-24,Melbourne Storm,Cronulla Sharks,22,16,MCG,https://www.rugbyleagueproject.org/matches/1534
2000|Rd 21|Penrith Panthers|Canberra Raiders,2000,Rd 21,21,3,143,2000-06-24,Penrith Panthers,Canberra Raiders,36,14,Penrith,https://www.rugbyleagueproject.org/matches/1535
2000|Rd 21|Sydney Roosters|Auckland Warriors,2000,Rd 21,21,4,144,2000-06-24,Sydney Roosters,Auckland Warriors,36,4,SFS,https://www.rugbyleagueproject.org/matches/1536
2000|Rd 21|Northern Eagles|NQ Cowboys,2000,Rd 21,21,5,145,2000-06-25,Northern Eagles,NQ Cowboys,24,12,NorthPower,https://www.rugbyleagueproject.org/matches/130
2000|Rd 21|Parramatta Eels|Wests Tigers,2000,Rd 21,21,6,146,2000-06-25,Parramatta Eels,Wests Tigers,16,18,Parramatta,https://www.rugbyleagueproject.org/matches/1538
2000|Rd 21|St. George Illawarra Dragons|Newcastle Knights,2000,Rd 21,21,7,147,2000-06-25,St. George Illawarra Dragons,Newcastle Knights,36,24,SFS,https://www.rugbyleagueproject.org/matches/1537
2000|Rd 22|Auckland Warriors|Parramatta Eels,2000,Rd 22,22,1,148,2000-06-30,Auckland Warriors,Parramatta Eels,10,11,Ericsson,https://www.rugbyleagueproject.org/matches/1539
2000|Rd 22|Newcastle Knights|Sydney Roosters,2000,Rd 22,22,2,149,2000-06-30,Newcastle Knights,Sydney Roosters,46,12,Marathon,https://www.rugbyleagueproject.org/matches/1540
2000|Rd 22|Canberra Raiders|St. George Illawarra Dragons,2000,Rd 22,22,3,150,2000-07-01,Canberra Raiders,St. George Illawarra Dragons,20,30,Bruce,https://www.rugbyleagueproject.org/matches/1541
2000|Rd 22|NQ Cowboys|Melbourne Storm,2000,Rd 22,22,4,151,2000-07-01,NQ Cowboys,Melbourne Storm,22,26,Dairy Farmers,https://www.rugbyleagueproject.org/matches/300
2000|Rd 22|Wests Tigers|Cronulla Sharks,2000,Rd 22,22,5,152,2000-07-01,Wests Tigers,Cronulla Sharks,24,22,Leichhardt,https://www.rugbyleagueproject.org/matches/1542
2000|Rd 22|Brisbane Broncos|Penrith Panthers,2000,Rd 22,22,6,153,2000-07-02,Brisbane Broncos,Penrith Panthers,48,6,ANZ,https://www.rugbyleagueproject.org/matches/1543
2000|Rd 22|Northern Eagles|Canterbury Bulldogs,2000,Rd 22,22,7,154,2000-07-02,Northern Eagles,Canterbury Bulldogs,30,22,Brookvale,https://www.rugbyleagueproject.org/matches/1544
2000|Rd 23|Parramatta Eels|Newcastle Knights,2000,Rd 23,23,1,155,2000-07-07,Parramatta Eels,Newcastle Knights,22,18,Parramatta,https://www.rugbyleagueproject.org/matches/1545
2000|Rd 23|Cronulla Sharks|Auckland Warriors,2000,Rd 23,23,2,156,2000-07-08,Cronulla Sharks,Auckland Warriors,22,12,Toyota,https://www.rugbyleagueproject.org/matches/1546
2000|Rd 23|Melbourne Storm|Canterbury Bulldogs,2000,Rd 23,23,3,157,2000-07-08,Melbourne Storm,Canterbury Bulldogs,22,31,Olympic Park,https://www.rugbyleagueproject.org/matches/1548
2000|Rd 23|Penrith Panthers|St. George Illawarra Dragons,2000,Rd 23,23,4,158,2000-07-08,Penrith Panthers,St. George Illawarra Dragons,42,12,Penrith,https://www.rugbyleagueproject.org/matches/1547
2000|Rd 23|Brisbane Broncos|Northern Eagles,2000,Rd 23,23,5,159,2000-07-09,Brisbane Broncos,Northern Eagles,32,22,ANZ,https://www.rugbyleagueproject.org/matches/1550
2000|Rd 23|Canberra Raiders|Sydney Roosters,2000,Rd 23,23,6,160,2000-07-09,Canberra Raiders,Sydney Roosters,40,12,Bruce,https://www.rugbyleagueproject.org/matches/1549
2000|Rd 23|NQ Cowboys|Wests Tigers,2000,Rd 23,23,7,161,2000-07-09,NQ Cowboys,Wests Tigers,38,26,Dairy Farmers,https://www.rugbyleagueproject.org/matches/301
2000|Rd 24|Newcastle Knights|Cronulla Sharks,2000,Rd 24,24,1,162,2000-07-14,Newcastle Knights,Cronulla Sharks,20,16,Marathon,https://www.rugbyleagueproject.org/matches/1551
2000|Rd 24|Auckland Warriors|NQ Cowboys,2000,Rd 24,24,2,163,2000-07-15,Auckland Warriors,NQ Cowboys,44,12,Ericsson,https://www.rugbyleagueproject.org/matches/133
2000|Rd 24|Northern Eagles|Melbourne Storm,2000,Rd 24,24,3,164,2000-07-15,Northern Eagles,Melbourne Storm,26,38,NorthPower,https://www.rugbyleagueproject.org/matches/1553
2000|Rd 24|Parramatta Eels|Canberra Raiders,2000,Rd 24,24,4,165,2000-07-15,Parramatta Eels,Canberra Raiders,48,10,Parramatta,https://www.rugbyleagueproject.org/matches/1552
2000|Rd 24|Canterbury Bulldogs|Wests Tigers,2000,Rd 24,24,5,166,2000-07-16,Canterbury Bulldogs,Wests Tigers,36,26,Stdm Australia,https://www.rugbyleagueproject.org/matches/1556
2000|Rd 24|St. George Illawarra Dragons|Brisbane Broncos,2000,Rd 24,24,6,167,2000-07-16,St. George Illawarra Dragons,Brisbane Broncos,14,44,WIN,https://www.rugbyleagueproject.org/matches/1555
2000|Rd 24|Sydney Roosters|Penrith Panthers,2000,Rd 24,24,7,168,2000-07-16,Sydney Roosters,Penrith Panthers,40,14,SFS,https://www.rugbyleagueproject.org/matches/1554
2000|Rd 25|Melbourne Storm|Canberra Raiders,2000,Rd 25,25,1,169,2000-07-21,Melbourne Storm,Canberra Raiders,16,20,Olympic Park,https://www.rugbyleagueproject.org/matches/1557
2000|Rd 25|Brisbane Broncos|Auckland Warriors,2000,Rd 25,25,2,170,2000-07-22,Brisbane Broncos,Auckland Warriors,38,20,ANZ,https://www.rugbyleagueproject.org/matches/1558
2000|Rd 25|NQ Cowboys|Sydney Roosters,2000,Rd 25,25,3,171,2000-07-22,NQ Cowboys,Sydney Roosters,20,36,Dairy Farmers,https://www.rugbyleagueproject.org/matches/302
2000|Rd 25|Penrith Panthers|Northern Eagles,2000,Rd 25,25,4,172,2000-07-22,Penrith Panthers,Northern Eagles,32,26,Penrith,https://www.rugbyleagueproject.org/matches/1559
2000|Rd 25|Canterbury Bulldogs|St. George Illawarra Dragons,2000,Rd 25,25,5,173,2000-07-23,Canterbury Bulldogs,St. George Illawarra Dragons,10,28,Stdm Australia,https://www.rugbyleagueproject.org/matches/1560
2000|Rd 25|Cronulla Sharks|Parramatta Eels,2000,Rd 25,25,6,174,2000-07-23,Cronulla Sharks,Parramatta Eels,34,18,Toyota,https://www.rugbyleagueproject.org/matches/1561
2000|Rd 25|Wests Tigers|Newcastle Knights,2000,Rd 25,25,7,175,2000-07-23,Wests Tigers,Newcastle Knights,26,34,Campbelltown,https://www.rugbyleagueproject.org/matches/1562
2000|Rd 26|Sydney Roosters|Brisbane Broncos,2000,Rd 26,26,1,176,2000-07-28,Sydney Roosters,Brisbane Broncos,28,0,SFS,https://www.rugbyleagueproject.org/matches/1563
2000|Rd 26|NQ Cowboys|Canberra Raiders,2000,Rd 26,26,2,177,2000-07-29,NQ Cowboys,Canberra Raiders,14,28,Dairy Farmers,https://www.rugbyleagueproject.org/matches/303
2000|Rd 26|St. George Illawarra Dragons|Parramatta Eels,2000,Rd 26,26,3,178,2000-07-29,St. George Illawarra Dragons,Parramatta Eels,24,32,SFS,https://www.rugbyleagueproject.org/matches/1564
2000|Rd 26|Wests Tigers|Melbourne Storm,2000,Rd 26,26,4,179,2000-07-29,Wests Tigers,Melbourne Storm,26,36,Campbelltown,https://www.rugbyleagueproject.org/matches/1565
2000|Rd 26|Auckland Warriors|Northern Eagles,2000,Rd 26,26,5,180,2000-07-30,Auckland Warriors,Northern Eagles,32,22,Ericsson,https://www.rugbyleagueproject.org/matches/1568
2000|Rd 26|Newcastle Knights|Canterbury Bulldogs,2000,Rd 26,26,6,181,2000-07-30,Newcastle Knights,Canterbury Bulldogs,28,16,Marathon,https://www.rugbyleagueproject.org/matches/1566
2000|Rd 26|Penrith Panthers|Cronulla Sharks,2000,Rd 26,26,7,182,2000-07-30,Penrith Panthers,Cronulla Sharks,44,6,Penrith,https://www.rugbyleagueproject.org/matches/1567
2000|Qualif Final|Canberra Raiders|Penrith Panthers,2000,Qualif Final,27,1,183,2000-08-04,Canberra Raiders,Penrith Panthers,34,16,Bruce,https://www.rugbyleagueproject.org/matches/1569
2000|Qualif Final|Newcastle Knights|Melbourne Storm,2000,Qualif Final,27,2,184,2000-08-05,Newcastle Knights,Melbourne Storm,30,16,Marathon,https://www.rugbyleagueproject.org/matches/1571
2000|Qualif Final|Sydney Roosters|Parramatta Eels,2000,Qualif Final,27,3,185,2000-08-05,Sydney Roosters,Parramatta Eels,8,32,SFS,https://www.rugbyleagueproject.org/matches/1570
2000|Qualif Final|Brisbane Broncos|Cronulla Sharks,2000,Qualif Final,27,4,186,2000-08-06,Brisbane Broncos,Cronulla Sharks,34,20,ANZ,https://www.rugbyleagueproject.org/matches/1572
2000|Semi Final|Parramatta Eels|Penrith Panthers,2000,Semi Final,28,1,187,2000-08-12,Parramatta Eels,Penrith Panthers,28,10,SFS,https://www.rugbyleagueproject.org/matches/1573
2000|Semi Final|Sydney Roosters|Canberra Raiders,2000,Semi Final,28,2,188,2000-08-13,Sydney Roosters,Canberra Raiders,38,10,SFS,https://www.rugbyleagueproject.org/matches/1574
2000|Prelim Final|Sydney Roosters|Newcastle Knights,2000,Prelim Final,29,1,189,2000-08-19,Sydney Roosters,Newcastle Knights,26,20,SFS,https://www.rugbyleagueproject.org/matches/1575
2000|Prelim Final|Brisbane Broncos|Parramatta Eels,2000,Prelim Final,29,2,190,2000-08-20,Brisbane Broncos,Parramatta Eels,16,10,Stdm Australia,https://www.rugbyleagueproject.org/matches/1576
2000|Grand Final|Brisbane Broncos|Sydney Roosters,2000,Grand Final,30,1,191,2000-08-27,Brisbane Broncos,Sydney Roosters,14,6,Stdm Australia,https://www.rugbyleagueproject.org/matches/1577
2001|Rd 1|NQ Cowboys|Brisbane Broncos,2001,Rd 1,1,1,1,2001-02-17,NQ Cowboys,Brisbane Broncos,17,18,Dairy Farmers,https://www.rugbyleagueproject.org/matches/304
2001|Rd 1|Penrith Panthers|Parramatta Eels,2001,Rd 1,1,2,2,2001-02-17,Penrith Panthers,Parramatta Eels,4,40,Stdm Australia,https://www.rugbyleagueproject.org/matches/1578
2001|Rd 1|Wests Tigers|Sydney Roosters,2001,Rd 1,1,3,3,2001-02-17,Wests Tigers,Sydney Roosters,16,30,Stdm Australia,https://www.rugbyleagueproject.org/matches/1579
2001|Rd 1|Cronulla Sharks|St. George Illawarra Dragons,2001,Rd 1,1,4,4,2001-02-18,Cronulla Sharks,St. George Illawarra Dragons,6,30,Toyota,https://www.rugbyleagueproject.org/matches/1581
2001|Rd 1|Melbourne Storm|Canterbury Bulldogs,2001,Rd 1,1,5,5,2001-02-18,Melbourne Storm,Canterbury Bulldogs,10,14,Colonial,https://www.rugbyleagueproject.org/matches/1583
2001|Rd 1|New Zealand Warriors|Canberra Raiders,2001,Rd 1,1,6,6,2001-02-18,New Zealand Warriors,Canberra Raiders,8,24,Ericsson,https://www.rugbyleagueproject.org/matches/1582
2001|Rd 1|Newcastle Knights|Northern Eagles,2001,Rd 1,1,7,7,2001-02-18,Newcastle Knights,Northern Eagles,10,12,Marathon,https://www.rugbyleagueproject.org/matches/1580
2001|Rd 2|Sydney Roosters|Newcastle Knights,2001,Rd 2,2,1,8,2001-02-23,Sydney Roosters,Newcastle Knights,18,25,SFS,https://www.rugbyleagueproject.org/matches/1584
2001|Rd 2|Brisbane Broncos|Penrith Panthers,2001,Rd 2,2,2,9,2001-02-24,Brisbane Broncos,Penrith Panthers,38,22,ANZ,https://www.rugbyleagueproject.org/matches/1586
2001|Rd 2|Melbourne Storm|NQ Cowboys,2001,Rd 2,2,3,10,2001-02-24,Melbourne Storm,NQ Cowboys,28,32,Colonial,https://www.rugbyleagueproject.org/matches/137
2001|Rd 2|Parramatta Eels|Cronulla Sharks,2001,Rd 2,2,4,11,2001-02-24,Parramatta Eels,Cronulla Sharks,12,13,Parramatta,https://www.rugbyleagueproject.org/matches/1585
2001|Rd 2|Canberra Raiders|Canterbury Bulldogs,2001,Rd 2,2,5,12,2001-02-25,Canberra Raiders,Canterbury Bulldogs,18,28,Bruce,https://www.rugbyleagueproject.org/matches/1587
2001|Rd 2|Northern Eagles|New Zealand Warriors,2001,Rd 2,2,6,13,2001-02-25,Northern Eagles,New Zealand Warriors,16,24,NorthPower,https://www.rugbyleagueproject.org/matches/1588
2001|Rd 2|St. George Illawarra Dragons|Wests Tigers,2001,Rd 2,2,7,14,2001-02-25,St. George Illawarra Dragons,Wests Tigers,24,26,SFS,https://www.rugbyleagueproject.org/matches/1589
2001|Rd 3|Parramatta Eels|Brisbane Broncos,2001,Rd 3,3,1,15,2001-03-02,Parramatta Eels,Brisbane Broncos,26,18,Parramatta,https://www.rugbyleagueproject.org/matches/1590
2001|Rd 3|Cronulla Sharks|Canberra Raiders,2001,Rd 3,3,2,16,2001-03-03,Cronulla Sharks,Canberra Raiders,18,12,Toyota,https://www.rugbyleagueproject.org/matches/1592
2001|Rd 3|NQ Cowboys|Sydney Roosters,2001,Rd 3,3,3,17,2001-03-03,NQ Cowboys,Sydney Roosters,8,32,Dairy Farmers,https://www.rugbyleagueproject.org/matches/305
2001|Rd 3|St. George Illawarra Dragons|Melbourne Storm,2001,Rd 3,3,4,18,2001-03-03,St. George Illawarra Dragons,Melbourne Storm,16,20,WIN,https://www.rugbyleagueproject.org/matches/1591
2001|Rd 3|Canterbury Bulldogs|Newcastle Knights,2001,Rd 3,3,5,19,2001-03-04,Canterbury Bulldogs,Newcastle Knights,28,28,Showground,https://www.rugbyleagueproject.org/matches/1595
2001|Rd 3|Penrith Panthers|Northern Eagles,2001,Rd 3,3,6,20,2001-03-04,Penrith Panthers,Northern Eagles,34,42,Penrith,https://www.rugbyleagueproject.org/matches/1594
2001|Rd 3|Wests Tigers|New Zealand Warriors,2001,Rd 3,3,7,21,2001-03-04,Wests Tigers,New Zealand Warriors,29,10,Campbelltown,https://www.rugbyleagueproject.org/matches/1593
2001|Rd 4|New Zealand Warriors|St. George Illawarra Dragons,2001,Rd 4,4,1,22,2001-03-09,New Zealand Warriors,St. George Illawarra Dragons,34,6,Ericsson,https://www.rugbyleagueproject.org/matches/1596
2001|Rd 4|Newcastle Knights|Parramatta Eels,2001,Rd 4,4,2,23,2001-03-09,Newcastle Knights,Parramatta Eels,32,14,Marathon,https://www.rugbyleagueproject.org/matches/1597
2001|Rd 4|Brisbane Broncos|Wests Tigers,2001,Rd 4,4,3,24,2001-03-10,Brisbane Broncos,Wests Tigers,24,6,ANZ,https://www.rugbyleagueproject.org/matches/1599
2001|Rd 4|Canterbury Bulldogs|Northern Eagles,2001,Rd 4,4,4,25,2001-03-10,Canterbury Bulldogs,Northern Eagles,38,18,Showground,https://www.rugbyleagueproject.org/matches/1598
2001|Rd 4|NQ Cowboys|Penrith Panthers,2001,Rd 4,4,5,26,2001-03-10,NQ Cowboys,Penrith Panthers,18,32,Cazalys,https://www.rugbyleagueproject.org/matches/139
2001|Rd 4|Melbourne Storm|Cronulla Sharks,2001,Rd 4,4,6,27,2001-03-11,Melbourne Storm,Cronulla Sharks,34,24,Colonial,https://www.rugbyleagueproject.org/matches/1601
2001|Rd 4|Sydney Roosters|Canberra Raiders,2001,Rd 4,4,7,28,2001-03-11,Sydney Roosters,Canberra Raiders,24,17,SFS,https://www.rugbyleagueproject.org/matches/1600
2001|Rd 5|Brisbane Broncos|Newcastle Knights,2001,Rd 5,5,1,29,2001-03-16,Brisbane Broncos,Newcastle Knights,42,8,ANZ,https://www.rugbyleagueproject.org/matches/1602
2001|Rd 5|Cronulla Sharks|NQ Cowboys,2001,Rd 5,5,2,30,2001-03-17,Cronulla Sharks,NQ Cowboys,24,16,Toyota,https://www.rugbyleagueproject.org/matches/140
2001|Rd 5|Northern Eagles|Sydney Roosters,2001,Rd 5,5,3,31,2001-03-17,Northern Eagles,Sydney Roosters,31,30,Brookvale,https://www.rugbyleagueproject.org/matches/1603
2001|Rd 5|Penrith Panthers|Canterbury Bulldogs,2001,Rd 5,5,4,32,2001-03-17,Penrith Panthers,Canterbury Bulldogs,20,32,Penrith,https://www.rugbyleagueproject.org/matches/1604
2001|Rd 5|Canberra Raiders|St. George Illawarra Dragons,2001,Rd 5,5,5,33,2001-03-18,Canberra Raiders,St. George Illawarra Dragons,32,22,Bruce,https://www.rugbyleagueproject.org/matches/1606
2001|Rd 5|Parramatta Eels|New Zealand Warriors,2001,Rd 5,5,6,34,2001-03-18,Parramatta Eels,New Zealand Warriors,30,24,Parramatta,https://www.rugbyleagueproject.org/matches/1605
2001|Rd 5|Wests Tigers|Melbourne Storm,2001,Rd 5,5,7,35,2001-03-18,Wests Tigers,Melbourne Storm,40,10,Leichhardt,https://www.rugbyleagueproject.org/matches/1607
2001|Rd 6|St. George Illawarra Dragons|Northern Eagles,2001,Rd 6,6,1,36,2001-03-23,St. George Illawarra Dragons,Northern Eagles,48,18,SFS,https://www.rugbyleagueproject.org/matches/1608
2001|Rd 6|NQ Cowboys|Wests Tigers,2001,Rd 6,6,2,37,2001-03-24,NQ Cowboys,Wests Tigers,24,10,Dairy Farmers,https://www.rugbyleagueproject.org/matches/306
2001|Rd 6|New Zealand Warriors|Brisbane Broncos,2001,Rd 6,6,3,38,2001-03-24,New Zealand Warriors,Brisbane Broncos,13,12,Ericsson,https://www.rugbyleagueproject.org/matches/1609
2001|Rd 6|Penrith Panthers|Cronulla Sharks,2001,Rd 6,6,4,39,2001-03-24,Penrith Panthers,Cronulla Sharks,12,31,Penrith,https://www.rugbyleagueproject.org/matches/1610
2001|Rd 6|Canberra Raiders|Parramatta Eels,2001,Rd 6,6,5,40,2001-03-25,Canberra Raiders,Parramatta Eels,22,6,Bruce,https://www.rugbyleagueproject.org/matches/1611
2001|Rd 6|Melbourne Storm|Newcastle Knights,2001,Rd 6,6,6,41,2001-03-25,Melbourne Storm,Newcastle Knights,28,36,Colonial,https://www.rugbyleagueproject.org/matches/1613
2001|Rd 6|Sydney Roosters|Canterbury Bulldogs,2001,Rd 6,6,7,42,2001-03-25,Sydney Roosters,Canterbury Bulldogs,38,12,SFS,https://www.rugbyleagueproject.org/matches/1612
2001|Rd 7|Canterbury Bulldogs|Brisbane Broncos,2001,Rd 7,7,1,43,2001-03-30,Canterbury Bulldogs,Brisbane Broncos,6,34,Showground,https://www.rugbyleagueproject.org/matches/1614
2001|Rd 7|Newcastle Knights|New Zealand Warriors,2001,Rd 7,7,2,44,2001-03-31,Newcastle Knights,New Zealand Warriors,45,24,Marathon,https://www.rugbyleagueproject.org/matches/1615
2001|Rd 7|Parramatta Eels|Melbourne Storm,2001,Rd 7,7,3,45,2001-03-31,Parramatta Eels,Melbourne Storm,42,18,Parramatta,https://www.rugbyleagueproject.org/matches/1616
2001|Rd 7|Northern Eagles|Cronulla Sharks,2001,Rd 7,7,4,46,2001-04-01,Northern Eagles,Cronulla Sharks,22,28,NorthPower,https://www.rugbyleagueproject.org/matches/1618
2001|Rd 7|St. George Illawarra Dragons|NQ Cowboys,2001,Rd 7,7,5,47,2001-04-01,St. George Illawarra Dragons,NQ Cowboys,48,12,WIN,https://www.rugbyleagueproject.org/matches/142
2001|Rd 7|Wests Tigers|Canberra Raiders,2001,Rd 7,7,6,48,2001-04-01,Wests Tigers,Canberra Raiders,26,24,Campbelltown,https://www.rugbyleagueproject.org/matches/1617
2001|Rd 7|Sydney Roosters|Penrith Panthers,2001,Rd 7,7,7,49,2001-04-02,Sydney Roosters,Penrith Panthers,10,24,SFS,https://www.rugbyleagueproject.org/matches/1619
2001|Rd 8|Northern Eagles|Wests Tigers,2001,Rd 8,8,1,50,2001-04-06,Northern Eagles,Wests Tigers,38,22,Brookvale,https://www.rugbyleagueproject.org/matches/1620
2001|Rd 8|Canterbury Bulldogs|New Zealand Warriors,2001,Rd 8,8,2,51,2001-04-07,Canterbury Bulldogs,New Zealand Warriors,24,24,WestpacTrust,https://www.rugbyleagueproject.org/matches/1622
2001|Rd 8|Cronulla Sharks|Sydney Roosters,2001,Rd 8,8,3,52,2001-04-07,Cronulla Sharks,Sydney Roosters,13,22,Toyota,https://www.rugbyleagueproject.org/matches/1621
2001|Rd 8|NQ Cowboys|Parramatta Eels,2001,Rd 8,8,4,53,2001-04-07,NQ Cowboys,Parramatta Eels,14,14,Dairy Farmers,https://www.rugbyleagueproject.org/matches/307
2001|Rd 8|Brisbane Broncos|Melbourne Storm,2001,Rd 8,8,5,54,2001-04-08,Brisbane Broncos,Melbourne Storm,18,16,ANZ,https://www.rugbyleagueproject.org/matches/1625
2001|Rd 8|Canberra Raiders|Newcastle Knights,2001,Rd 8,8,6,55,2001-04-08,Canberra Raiders,Newcastle Knights,20,22,Bruce,https://www.rugbyleagueproject.org/matches/1624
2001|Rd 8|Penrith Panthers|St. George Illawarra Dragons,2001,Rd 8,8,7,56,2001-04-08,Penrith Panthers,St. George Illawarra Dragons,14,42,Penrith,https://www.rugbyleagueproject.org/matches/1623
2001|Rd 9|Melbourne Storm|Northern Eagles,2001,Rd 9,9,1,57,2001-04-13,Melbourne Storm,Northern Eagles,52,18,Colonial,https://www.rugbyleagueproject.org/matches/1627
2001|Rd 9|Sydney Roosters|Brisbane Broncos,2001,Rd 9,9,2,58,2001-04-13,Sydney Roosters,Brisbane Broncos,20,18,SFS,https://www.rugbyleagueproject.org/matches/1626
2001|Rd 9|St. George Illawarra Dragons|Parramatta Eels,2001,Rd 9,9,3,59,2001-04-14,St. George Illawarra Dragons,Parramatta Eels,6,24,WIN,https://www.rugbyleagueproject.org/matches/1629
2001|Rd 9|Wests Tigers|Canterbury Bulldogs,2001,Rd 9,9,4,60,2001-04-14,Wests Tigers,Canterbury Bulldogs,14,16,Campbelltown,https://www.rugbyleagueproject.org/matches/1628
2001|Rd 9|Canberra Raiders|NQ Cowboys,2001,Rd 9,9,5,61,2001-04-15,Canberra Raiders,NQ Cowboys,34,26,Bruce,https://www.rugbyleagueproject.org/matches/144
2001|Rd 9|Newcastle Knights|Cronulla Sharks,2001,Rd 9,9,6,62,2001-04-15,Newcastle Knights,Cronulla Sharks,22,12,Marathon,https://www.rugbyleagueproject.org/matches/1630
2001|Rd 9|New Zealand Warriors|Penrith Panthers,2001,Rd 9,9,7,63,2001-04-16,New Zealand Warriors,Penrith Panthers,52,8,Ericsson,https://www.rugbyleagueproject.org/matches/1631
2001|Rd 10|Parramatta Eels|Canterbury Bulldogs,2001,Rd 10,10,1,64,2001-04-20,Parramatta Eels,Canterbury Bulldogs,20,20,Parramatta,https://www.rugbyleagueproject.org/matches/1632
2001|Rd 10|Brisbane Broncos|St. George Illawarra Dragons,2001,Rd 10,10,2,65,2001-04-21,Brisbane Broncos,St. George Illawarra Dragons,40,16,ANZ,https://www.rugbyleagueproject.org/matches/1634
2001|Rd 10|Cronulla Sharks|New Zealand Warriors,2001,Rd 10,10,3,66,2001-04-21,Cronulla Sharks,New Zealand Warriors,26,16,Toyota,https://www.rugbyleagueproject.org/matches/1633
2001|Rd 10|Penrith Panthers|Canberra Raiders,2001,Rd 10,10,4,67,2001-04-21,Penrith Panthers,Canberra Raiders,19,12,Penrith,https://www.rugbyleagueproject.org/matches/1635
2001|Rd 10|Melbourne Storm|Sydney Roosters,2001,Rd 10,10,5,68,2001-04-22,Melbourne Storm,Sydney Roosters,22,23,Colonial,https://www.rugbyleagueproject.org/matches/1636
2001|Rd 10|NQ Cowboys|Northern Eagles,2001,Rd 10,10,6,69,2001-04-22,NQ Cowboys,Northern Eagles,22,24,Cazalys,https://www.rugbyleagueproject.org/matches/145
2001|Rd 10|Newcastle Knights|Wests Tigers,2001,Rd 10,10,7,70,2001-04-22,Newcastle Knights,Wests Tigers,56,6,Marathon,https://www.rugbyleagueproject.org/matches/1637
2001|Rd 11|Brisbane Broncos|Cronulla Sharks,2001,Rd 11,11,1,71,2001-04-27,Brisbane Broncos,Cronulla Sharks,35,16,ANZ,https://www.rugbyleagueproject.org/matches/1638
2001|Rd 11|NQ Cowboys|Canterbury Bulldogs,2001,Rd 11,11,2,72,2001-04-28,NQ Cowboys,Canterbury Bulldogs,14,26,Dairy Farmers,https://www.rugbyleagueproject.org/matches/308
2001|Rd 11|Northern Eagles|Canberra Raiders,2001,Rd 11,11,3,73,2001-04-28,Northern Eagles,Canberra Raiders,24,16,NorthPower,https://www.rugbyleagueproject.org/matches/1640
2001|Rd 11|St. George Illawarra Dragons|Newcastle Knights,2001,Rd 11,11,4,74,2001-04-28,St. George Illawarra Dragons,Newcastle Knights,24,32,SFS,https://www.rugbyleagueproject.org/matches/1639
2001|Rd 11|Penrith Panthers|Melbourne Storm,2001,Rd 11,11,5,75,2001-04-29,Penrith Panthers,Melbourne Storm,14,58,Penrith,https://www.rugbyleagueproject.org/matches/1643
2001|Rd 11|Sydney Roosters|New Zealand Warriors,2001,Rd 11,11,6,76,2001-04-29,Sydney Roosters,New Zealand Warriors,30,42,SFS,https://www.rugbyleagueproject.org/matches/1641
2001|Rd 11|Wests Tigers|Parramatta Eels,2001,Rd 11,11,7,77,2001-04-29,Wests Tigers,Parramatta Eels,12,66,Leichhardt,https://www.rugbyleagueproject.org/matches/1642
2001|Rd 12|Cronulla Sharks|Canterbury Bulldogs,2001,Rd 12,12,1,78,2001-05-11,Cronulla Sharks,Canterbury Bulldogs,6,20,Toyota,https://www.rugbyleagueproject.org/matches/1644
2001|Rd 12|New Zealand Warriors|Melbourne Storm,2001,Rd 12,12,2,79,2001-05-12,New Zealand Warriors,Melbourne Storm,20,40,Ericsson,https://www.rugbyleagueproject.org/matches/1646
2001|Rd 12|Northern Eagles|Parramatta Eels,2001,Rd 12,12,3,80,2001-05-12,Northern Eagles,Parramatta Eels,14,26,Brookvale,https://www.rugbyleagueproject.org/matches/1645
2001|Rd 12|Wests Tigers|Penrith Panthers,2001,Rd 12,12,4,81,2001-05-12,Wests Tigers,Penrith Panthers,16,20,Campbelltown,https://www.rugbyleagueproject.org/matches/1647
2001|Rd 12|Canberra Raiders|Brisbane Broncos,2001,Rd 12,12,5,82,2001-05-13,Canberra Raiders,Brisbane Broncos,26,26,Bruce,https://www.rugbyleagueproject.org/matches/1648
2001|Rd 12|Newcastle Knights|NQ Cowboys,2001,Rd 12,12,6,83,2001-05-13,Newcastle Knights,NQ Cowboys,42,34,Marathon,https://www.rugbyleagueproject.org/matches/147
2001|Rd 12|St. George Illawarra Dragons|Sydney Roosters,2001,Rd 12,12,7,84,2001-05-13,St. George Illawarra Dragons,Sydney Roosters,20,20,WIN,https://www.rugbyleagueproject.org/matches/1649
2001|Rd 13|Parramatta Eels|Sydney Roosters,2001,Rd 13,13,1,85,2001-05-18,Parramatta Eels,Sydney Roosters,38,22,Parramatta,https://www.rugbyleagueproject.org/matches/1650
2001|Rd 13|Cronulla Sharks|Wests Tigers,2001,Rd 13,13,2,86,2001-05-19,Cronulla Sharks,Wests Tigers,16,16,Toyota,https://www.rugbyleagueproject.org/matches/1653
2001|Rd 13|Melbourne Storm|Canberra Raiders,2001,Rd 13,13,3,87,2001-05-19,Melbourne Storm,Canberra Raiders,32,28,Colonial,https://www.rugbyleagueproject.org/matches/1652
2001|Rd 13|Penrith Panthers|Newcastle Knights,2001,Rd 13,13,4,88,2001-05-19,Penrith Panthers,Newcastle Knights,12,19,Penrith,https://www.rugbyleagueproject.org/matches/1651
2001|Rd 13|Brisbane Broncos|Northern Eagles,2001,Rd 13,13,5,89,2001-05-20,Brisbane Broncos,Northern Eagles,22,6,ANZ,https://www.rugbyleagueproject.org/matches/1654
2001|Rd 13|Canterbury Bulldogs|St. George Illawarra Dragons,2001,Rd 13,13,6,90,2001-05-20,Canterbury Bulldogs,St. George Illawarra Dragons,14,26,Showground,https://www.rugbyleagueproject.org/matches/1655
2001|Rd 13|NQ Cowboys|New Zealand Warriors,2001,Rd 13,13,7,91,2001-05-20,NQ Cowboys,New Zealand Warriors,35,18,Dairy Farmers,https://www.rugbyleagueproject.org/matches/309
2001|Rd 14|St. George Illawarra Dragons|Cronulla Sharks,2001,Rd 14,14,1,92,2001-05-25,St. George Illawarra Dragons,Cronulla Sharks,26,26,SFS,https://www.rugbyleagueproject.org/matches/1656
2001|Rd 14|Canberra Raiders|New Zealand Warriors,2001,Rd 14,14,2,93,2001-05-26,Canberra Raiders,New Zealand Warriors,10,22,Manuka,https://www.rugbyleagueproject.org/matches/1657
2001|Rd 14|Northern Eagles|Newcastle Knights,2001,Rd 14,14,3,94,2001-05-26,Northern Eagles,Newcastle Knights,30,28,NorthPower,https://www.rugbyleagueproject.org/matches/1659
2001|Rd 14|Sydney Roosters|Wests Tigers,2001,Rd 14,14,4,95,2001-05-26,Sydney Roosters,Wests Tigers,33,20,SFS,https://www.rugbyleagueproject.org/matches/1658
2001|Rd 14|Brisbane Broncos|NQ Cowboys,2001,Rd 14,14,5,96,2001-05-27,Brisbane Broncos,NQ Cowboys,50,6,ANZ,https://www.rugbyleagueproject.org/matches/149
2001|Rd 14|Canterbury Bulldogs|Melbourne Storm,2001,Rd 14,14,6,97,2001-05-27,Canterbury Bulldogs,Melbourne Storm,28,26,Showground,https://www.rugbyleagueproject.org/matches/1660
2001|Rd 14|Parramatta Eels|Penrith Panthers,2001,Rd 14,14,7,98,2001-05-27,Parramatta Eels,Penrith Panthers,54,28,Parramatta,https://www.rugbyleagueproject.org/matches/1661
2001|Rd 15|New Zealand Warriors|Northern Eagles,2001,Rd 15,15,1,99,2001-06-01,New Zealand Warriors,Northern Eagles,34,30,Ericsson,https://www.rugbyleagueproject.org/matches/1662
2001|Rd 15|Newcastle Knights|Sydney Roosters,2001,Rd 15,15,2,100,2001-06-01,Newcastle Knights,Sydney Roosters,8,18,Marathon,https://www.rugbyleagueproject.org/matches/1663
2001|Rd 15|Canterbury Bulldogs|Canberra Raiders,2001,Rd 15,15,3,101,2001-06-02,Canterbury Bulldogs,Canberra Raiders,0,32,Showground,https://www.rugbyleagueproject.org/matches/1664
2001|Rd 15|NQ Cowboys|Melbourne Storm,2001,Rd 15,15,4,102,2001-06-02,NQ Cowboys,Melbourne Storm,24,38,Dairy Farmers,https://www.rugbyleagueproject.org/matches/310
2001|Rd 15|Penrith Panthers|Brisbane Broncos,2001,Rd 15,15,5,103,2001-06-02,Penrith Panthers,Brisbane Broncos,16,29,Penrith,https://www.rugbyleagueproject.org/matches/1665
2001|Rd 15|Cronulla Sharks|Parramatta Eels,2001,Rd 15,15,6,104,2001-06-03,Cronulla Sharks,Parramatta Eels,6,36,Toyota,https://www.rugbyleagueproject.org/matches/1666
2001|Rd 15|Wests Tigers|St. George Illawarra Dragons,2001,Rd 15,15,7,105,2001-06-03,Wests Tigers,St. George Illawarra Dragons,22,27,Leichhardt,https://www.rugbyleagueproject.org/matches/1667
2001|Rd 16|Brisbane Broncos|Parramatta Eels,2001,Rd 16,16,1,106,2001-06-15,Brisbane Broncos,Parramatta Eels,12,28,ANZ,https://www.rugbyleagueproject.org/matches/1668
2001|Rd 16|Canberra Raiders|Cronulla Sharks,2001,Rd 16,16,2,107,2001-06-16,Canberra Raiders,Cronulla Sharks,12,26,Bruce,https://www.rugbyleagueproject.org/matches/1670
2001|Rd 16|New Zealand Warriors|Wests Tigers,2001,Rd 16,16,3,108,2001-06-16,New Zealand Warriors,Wests Tigers,16,21,Ericsson,https://www.rugbyleagueproject.org/matches/1669
2001|Rd 16|Sydney Roosters|NQ Cowboys,2001,Rd 16,16,4,109,2001-06-16,Sydney Roosters,NQ Cowboys,50,24,SFS,https://www.rugbyleagueproject.org/matches/151
2001|Rd 16|Melbourne Storm|St. George Illawarra Dragons,2001,Rd 16,16,5,110,2001-06-17,Melbourne Storm,St. George Illawarra Dragons,34,28,Colonial,https://www.rugbyleagueproject.org/matches/1673
2001|Rd 16|Newcastle Knights|Canterbury Bulldogs,2001,Rd 16,16,6,111,2001-06-17,Newcastle Knights,Canterbury Bulldogs,18,46,Marathon,https://www.rugbyleagueproject.org/matches/1672
2001|Rd 16|Northern Eagles|Penrith Panthers,2001,Rd 16,16,7,112,2001-06-17,Northern Eagles,Penrith Panthers,32,22,Brookvale,https://www.rugbyleagueproject.org/matches/1671
2001|Rd 17|Parramatta Eels|Newcastle Knights,2001,Rd 17,17,1,113,2001-06-22,Parramatta Eels,Newcastle Knights,40,0,Parramatta,https://www.rugbyleagueproject.org/matches/1674
2001|Rd 17|Cronulla Sharks|Melbourne Storm,2001,Rd 17,17,2,114,2001-06-23,Cronulla Sharks,Melbourne Storm,40,18,Toyota,https://www.rugbyleagueproject.org/matches/1676
2001|Rd 17|Penrith Panthers|NQ Cowboys,2001,Rd 17,17,3,115,2001-06-23,Penrith Panthers,NQ Cowboys,20,26,Penrith,https://www.rugbyleagueproject.org/matches/152
2001|Rd 17|Wests Tigers|Brisbane Broncos,2001,Rd 17,17,4,116,2001-06-23,Wests Tigers,Brisbane Broncos,10,44,Campbelltown,https://www.rugbyleagueproject.org/matches/1675
2001|Rd 17|Canberra Raiders|Sydney Roosters,2001,Rd 17,17,5,117,2001-06-24,Canberra Raiders,Sydney Roosters,32,22,Bruce,https://www.rugbyleagueproject.org/matches/1679
2001|Rd 17|Northern Eagles|Canterbury Bulldogs,2001,Rd 17,17,6,118,2001-06-24,Northern Eagles,Canterbury Bulldogs,30,32,NorthPower,https://www.rugbyleagueproject.org/matches/1678
2001|Rd 17|St. George Illawarra Dragons|New Zealand Warriors,2001,Rd 17,17,7,119,2001-06-24,St. George Illawarra Dragons,New Zealand Warriors,38,18,WIN,https://www.rugbyleagueproject.org/matches/1677
2001|Rd 18|Melbourne Storm|Wests Tigers,2001,Rd 18,18,1,120,2001-07-05,Melbourne Storm,Wests Tigers,64,0,Colonial,https://www.rugbyleagueproject.org/matches/1680
2001|Rd 18|Newcastle Knights|Brisbane Broncos,2001,Rd 18,18,2,121,2001-07-06,Newcastle Knights,Brisbane Broncos,44,0,Marathon,https://www.rugbyleagueproject.org/matches/1681
2001|Rd 18|NQ Cowboys|Cronulla Sharks,2001,Rd 18,18,3,122,2001-07-07,NQ Cowboys,Cronulla Sharks,6,36,Dairy Farmers,https://www.rugbyleagueproject.org/matches/311
2001|Rd 18|New Zealand Warriors|Parramatta Eels,2001,Rd 18,18,4,123,2001-07-07,New Zealand Warriors,Parramatta Eels,29,18,Ericsson,https://www.rugbyleagueproject.org/matches/1682
2001|Rd 18|St. George Illawarra Dragons|Canberra Raiders,2001,Rd 18,18,5,124,2001-07-07,St. George Illawarra Dragons,Canberra Raiders,44,12,WIN,https://www.rugbyleagueproject.org/matches/1683
2001|Rd 18|Canterbury Bulldogs|Penrith Panthers,2001,Rd 18,18,6,125,2001-07-08,Canterbury Bulldogs,Penrith Panthers,40,14,Showground,https://www.rugbyleagueproject.org/matches/1684
2001|Rd 18|Sydney Roosters|Northern Eagles,2001,Rd 18,18,7,126,2001-07-08,Sydney Roosters,Northern Eagles,18,40,SFS,https://www.rugbyleagueproject.org/matches/1685
2001|Rd 19|Cronulla Sharks|Penrith Panthers,2001,Rd 19,19,1,127,2001-07-14,Cronulla Sharks,Penrith Panthers,42,10,Toyota,https://www.rugbyleagueproject.org/matches/1686
2001|Rd 19|Northern Eagles|St. George Illawarra Dragons,2001,Rd 19,19,2,128,2001-07-14,Northern Eagles,St. George Illawarra Dragons,18,28,Brookvale,https://www.rugbyleagueproject.org/matches/1687
2001|Rd 19|Wests Tigers|NQ Cowboys,2001,Rd 19,19,3,129,2001-07-14,Wests Tigers,NQ Cowboys,20,18,Leichhardt,https://www.rugbyleagueproject.org/matches/154
2001|Rd 19|Brisbane Broncos|New Zealand Warriors,2001,Rd 19,19,4,130,2001-07-15,Brisbane Broncos,New Zealand Warriors,48,12,Carrara,https://www.rugbyleagueproject.org/matches/1688
2001|Rd 19|Canterbury Bulldogs|Sydney Roosters,2001,Rd 19,19,5,131,2001-07-15,Canterbury Bulldogs,Sydney Roosters,34,18,Showground,https://www.rugbyleagueproject.org/matches/1690
2001|Rd 19|Newcastle Knights|Melbourne Storm,2001,Rd 19,19,6,132,2001-07-15,Newcastle Knights,Melbourne Storm,48,16,Marathon,https://www.rugbyleagueproject.org/matches/1691
2001|Rd 19|Parramatta Eels|Canberra Raiders,2001,Rd 19,19,7,133,2001-07-15,Parramatta Eels,Canberra Raiders,50,22,Parramatta,https://www.rugbyleagueproject.org/matches/1689
2001|Rd 20|Melbourne Storm|Parramatta Eels,2001,Rd 20,20,1,134,2001-07-20,Melbourne Storm,Parramatta Eels,10,54,Colonial,https://www.rugbyleagueproject.org/matches/1692
2001|Rd 20|Cronulla Sharks|Northern Eagles,2001,Rd 20,20,2,135,2001-07-21,Cronulla Sharks,Northern Eagles,40,18,Toyota,https://www.rugbyleagueproject.org/matches/1694
2001|Rd 20|NQ Cowboys|St. George Illawarra Dragons,2001,Rd 20,20,3,136,2001-07-21,NQ Cowboys,St. George Illawarra Dragons,34,10,Dairy Farmers,https://www.rugbyleagueproject.org/matches/312
2001|Rd 20|Penrith Panthers|Sydney Roosters,2001,Rd 20,20,4,137,2001-07-21,Penrith Panthers,Sydney Roosters,26,16,Penrith,https://www.rugbyleagueproject.org/matches/1693
2001|Rd 20|Brisbane Broncos|Canterbury Bulldogs,2001,Rd 20,20,5,138,2001-07-22,Brisbane Broncos,Canterbury Bulldogs,30,37,ANZ,https://www.rugbyleagueproject.org/matches/1695
2001|Rd 20|Canberra Raiders|Wests Tigers,2001,Rd 20,20,6,139,2001-07-22,Canberra Raiders,Wests Tigers,22,28,Bruce,https://www.rugbyleagueproject.org/matches/1697
2001|Rd 20|New Zealand Warriors|Newcastle Knights,2001,Rd 20,20,7,140,2001-07-22,New Zealand Warriors,Newcastle Knights,30,37,Ericsson,https://www.rugbyleagueproject.org/matches/1696
2001|Rd 21|Sydney Roosters|Cronulla Sharks,2001,Rd 21,21,1,141,2001-07-27,Sydney Roosters,Cronulla Sharks,14,22,SFS,https://www.rugbyleagueproject.org/matches/1698
2001|Rd 21|New Zealand Warriors|Canterbury Bulldogs,2001,Rd 21,21,2,142,2001-07-28,New Zealand Warriors,Canterbury Bulldogs,34,8,Ericsson,https://www.rugbyleagueproject.org/matches/1700
2001|Rd 21|St. George Illawarra Dragons|Penrith Panthers,2001,Rd 21,21,3,143,2001-07-28,St. George Illawarra Dragons,Penrith Panthers,28,6,SFS,https://www.rugbyleagueproject.org/matches/1701
2001|Rd 21|Wests Tigers|Northern Eagles,2001,Rd 21,21,4,144,2001-07-28,Wests Tigers,Northern Eagles,38,6,Leichhardt,https://www.rugbyleagueproject.org/matches/1699
2001|Rd 21|Melbourne Storm|Brisbane Broncos,2001,Rd 21,21,5,145,2001-07-29,Melbourne Storm,Brisbane Broncos,32,28,Colonial,https://www.rugbyleagueproject.org/matches/1703
2001|Rd 21|Newcastle Knights|Canberra Raiders,2001,Rd 21,21,6,146,2001-07-29,Newcastle Knights,Canberra Raiders,54,26,Marathon,https://www.rugbyleagueproject.org/matches/1702
2001|Rd 21|Parramatta Eels|NQ Cowboys,2001,Rd 21,21,7,147,2001-07-29,Parramatta Eels,NQ Cowboys,62,0,Parramatta,https://www.rugbyleagueproject.org/matches/156
2001|Rd 22|Parramatta Eels|St. George Illawarra Dragons,2001,Rd 22,22,1,148,2001-08-03,Parramatta Eels,St. George Illawarra Dragons,32,12,Parramatta,https://www.rugbyleagueproject.org/matches/1704
2001|Rd 22|Canterbury Bulldogs|Wests Tigers,2001,Rd 22,22,2,149,2001-08-04,Canterbury Bulldogs,Wests Tigers,28,14,Showground,https://www.rugbyleagueproject.org/matches/1706
2001|Rd 22|NQ Cowboys|Canberra Raiders,2001,Rd 22,22,3,150,2001-08-04,NQ Cowboys,Canberra Raiders,10,29,Dairy Farmers,https://www.rugbyleagueproject.org/matches/351
2001|Rd 22|Northern Eagles|Melbourne Storm,2001,Rd 22,22,4,151,2001-08-04,Northern Eagles,Melbourne Storm,20,12,NorthPower,https://www.rugbyleagueproject.org/matches/1705
2001|Rd 22|Brisbane Broncos|Sydney Roosters,2001,Rd 22,22,5,152,2001-08-05,Brisbane Broncos,Sydney Roosters,16,30,ANZ,https://www.rugbyleagueproject.org/matches/1708
2001|Rd 22|Cronulla Sharks|Newcastle Knights,2001,Rd 22,22,6,153,2001-08-05,Cronulla Sharks,Newcastle Knights,49,30,Toyota,https://www.rugbyleagueproject.org/matches/1707
2001|Rd 22|Penrith Panthers|New Zealand Warriors,2001,Rd 22,22,7,154,2001-08-05,Penrith Panthers,New Zealand Warriors,32,48,Penrith,https://www.rugbyleagueproject.org/matches/1709
2001|Rd 23|Canterbury Bulldogs|Parramatta Eels,2001,Rd 23,23,1,155,2001-08-10,Canterbury Bulldogs,Parramatta Eels,16,24,Showground,https://www.rugbyleagueproject.org/matches/1710
2001|Rd 23|Canberra Raiders|Penrith Panthers,2001,Rd 23,23,2,156,2001-08-11,Canberra Raiders,Penrith Panthers,24,26,Bruce,https://www.rugbyleagueproject.org/matches/1712
2001|Rd 23|New Zealand Warriors|Cronulla Sharks,2001,Rd 23,23,3,157,2001-08-11,New Zealand Warriors,Cronulla Sharks,30,0,Ericsson,https://www.rugbyleagueproject.org/matches/1713
2001|Rd 23|Wests Tigers|Newcastle Knights,2001,Rd 23,23,4,158,2001-08-11,Wests Tigers,Newcastle Knights,36,32,Campbelltown,https://www.rugbyleagueproject.org/matches/1711
2001|Rd 23|Northern Eagles|NQ Cowboys,2001,Rd 23,23,5,159,2001-08-12,Northern Eagles,NQ Cowboys,24,24,Brookvale,https://www.rugbyleagueproject.org/matches/158
2001|Rd 23|St. George Illawarra Dragons|Brisbane Broncos,2001,Rd 23,23,6,160,2001-08-12,St. George Illawarra Dragons,Brisbane Broncos,20,18,WIN,https://www.rugbyleagueproject.org/matches/1715
2001|Rd 23|Sydney Roosters|Melbourne Storm,2001,Rd 23,23,7,161,2001-08-12,Sydney Roosters,Melbourne Storm,50,28,SFS,https://www.rugbyleagueproject.org/matches/1714
2001|Rd 24|Newcastle Knights|St. George Illawarra Dragons,2001,Rd 24,24,1,162,2001-08-17,Newcastle Knights,St. George Illawarra Dragons,12,38,Marathon,https://www.rugbyleagueproject.org/matches/1716
2001|Rd 24|Canterbury Bulldogs|NQ Cowboys,2001,Rd 24,24,2,163,2001-08-18,Canterbury Bulldogs,NQ Cowboys,30,22,Showground,https://www.rugbyleagueproject.org/matches/159
2001|Rd 24|New Zealand Warriors|Sydney Roosters,2001,Rd 24,24,3,164,2001-08-18,New Zealand Warriors,Sydney Roosters,14,8,Ericsson,https://www.rugbyleagueproject.org/matches/1717
2001|Rd 24|Parramatta Eels|Wests Tigers,2001,Rd 24,24,4,165,2001-08-18,Parramatta Eels,Wests Tigers,18,4,Parramatta,https://www.rugbyleagueproject.org/matches/1718
2001|Rd 24|Canberra Raiders|Northern Eagles,2001,Rd 24,24,5,166,2001-08-19,Canberra Raiders,Northern Eagles,22,36,Bruce,https://www.rugbyleagueproject.org/matches/1720
2001|Rd 24|Cronulla Sharks|Brisbane Broncos,2001,Rd 24,24,6,167,2001-08-19,Cronulla Sharks,Brisbane Broncos,24,16,Toyota,https://www.rugbyleagueproject.org/matches/1719
2001|Rd 24|Melbourne Storm|Penrith Panthers,2001,Rd 24,24,7,168,2001-08-20,Melbourne Storm,Penrith Panthers,28,24,Colonial,https://www.rugbyleagueproject.org/matches/1721
2001|Rd 25|Canterbury Bulldogs|Cronulla Sharks,2001,Rd 25,25,1,169,2001-08-24,Canterbury Bulldogs,Cronulla Sharks,16,14,Showground,https://www.rugbyleagueproject.org/matches/1722
2001|Rd 25|NQ Cowboys|Newcastle Knights,2001,Rd 25,25,2,170,2001-08-25,NQ Cowboys,Newcastle Knights,18,34,Dairy Farmers,https://www.rugbyleagueproject.org/matches/313
2001|Rd 25|Parramatta Eels|Northern Eagles,2001,Rd 25,25,3,171,2001-08-25,Parramatta Eels,Northern Eagles,38,22,Parramatta,https://www.rugbyleagueproject.org/matches/1723
2001|Rd 25|Penrith Panthers|Wests Tigers,2001,Rd 25,25,4,172,2001-08-25,Penrith Panthers,Wests Tigers,44,10,Penrith,https://www.rugbyleagueproject.org/matches/1724
2001|Rd 25|Brisbane Broncos|Canberra Raiders,2001,Rd 25,25,5,173,2001-08-26,Brisbane Broncos,Canberra Raiders,18,40,ANZ,https://www.rugbyleagueproject.org/matches/1725
2001|Rd 25|Sydney Roosters|St. George Illawarra Dragons,2001,Rd 25,25,6,174,2001-08-26,Sydney Roosters,St. George Illawarra Dragons,25,12,SFS,https://www.rugbyleagueproject.org/matches/1726
2001|Rd 25|Melbourne Storm|New Zealand Warriors,2001,Rd 25,25,7,175,2001-08-27,Melbourne Storm,New Zealand Warriors,24,24,Colonial,https://www.rugbyleagueproject.org/matches/1727
2001|Rd 26|St. George Illawarra Dragons|Canterbury Bulldogs,2001,Rd 26,26,1,176,2001-08-31,St. George Illawarra Dragons,Canterbury Bulldogs,22,24,SFS,https://www.rugbyleagueproject.org/matches/1728
2001|Rd 26|Canberra Raiders|Melbourne Storm,2001,Rd 26,26,2,177,2001-09-01,Canberra Raiders,Melbourne Storm,32,6,Bruce,https://www.rugbyleagueproject.org/matches/1730
2001|Rd 26|Newcastle Knights|Penrith Panthers,2001,Rd 26,26,3,178,2001-09-01,Newcastle Knights,Penrith Panthers,60,18,Marathon,https://www.rugbyleagueproject.org/matches/1731
2001|Rd 26|Northern Eagles|Brisbane Broncos,2001,Rd 26,26,4,179,2001-09-01,Northern Eagles,Brisbane Broncos,14,42,NorthPower,https://www.rugbyleagueproject.org/matches/1729
2001|Rd 26|New Zealand Warriors|NQ Cowboys,2001,Rd 26,26,5,180,2001-09-02,New Zealand Warriors,NQ Cowboys,18,30,Ericsson,https://www.rugbyleagueproject.org/matches/161
2001|Rd 26|Sydney Roosters|Parramatta Eels,2001,Rd 26,26,6,181,2001-09-02,Sydney Roosters,Parramatta Eels,26,27,SFS,https://www.rugbyleagueproject.org/matches/1732
2001|Rd 26|Wests Tigers|Cronulla Sharks,2001,Rd 26,26,7,182,2001-09-02,Wests Tigers,Cronulla Sharks,12,36,Leichhardt,https://www.rugbyleagueproject.org/matches/1733
2001|Qualif Final|Cronulla Sharks|Brisbane Broncos,2001,Qualif Final,27,1,183,2001-09-07,Cronulla Sharks,Brisbane Broncos,22,6,Toyota,https://www.rugbyleagueproject.org/matches/1734
2001|Qualif Final|Canterbury Bulldogs|St. George Illawarra Dragons,2001,Qualif Final,27,2,184,2001-09-08,Canterbury Bulldogs,St. George Illawarra Dragons,22,23,Showground,https://www.rugbyleagueproject.org/matches/1735
2001|Qualif Final|Newcastle Knights|Sydney Roosters,2001,Qualif Final,27,3,185,2001-09-08,Newcastle Knights,Sydney Roosters,40,6,Marathon,https://www.rugbyleagueproject.org/matches/1736
2001|Qualif Final|Parramatta Eels|New Zealand Warriors,2001,Qualif Final,27,4,186,2001-09-09,Parramatta Eels,New Zealand Warriors,56,12,Parramatta,https://www.rugbyleagueproject.org/matches/1737
2001|Semi Final|Brisbane Broncos|St. George Illawarra Dragons,2001,Semi Final,28,1,187,2001-09-15,Brisbane Broncos,St. George Illawarra Dragons,44,28,SFS,https://www.rugbyleagueproject.org/matches/1738
2001|Semi Final|Cronulla Sharks|Canterbury Bulldogs,2001,Semi Final,28,2,188,2001-09-16,Cronulla Sharks,Canterbury Bulldogs,52,10,SFS,https://www.rugbyleagueproject.org/matches/1739
2001|Prelim Final|Newcastle Knights|Cronulla Sharks,2001,Prelim Final,29,1,189,2001-09-22,Newcastle Knights,Cronulla Sharks,18,10,SFS,https://www.rugbyleagueproject.org/matches/1740
2001|Prelim Final|Parramatta Eels|Brisbane Broncos,2001,Prelim Final,29,2,190,2001-09-23,Parramatta Eels,Brisbane Broncos,24,16,Stdm Australia,https://www.rugbyleagueproject.org/matches/1741
2001|Grand Final|Newcastle Knights|Parramatta Eels,2001,Grand Final,30,1,191,2001-09-30,Newcastle Knights,Parramatta Eels,30,24,Stdm Australia,https://www.rugbyleagueproject.org/matches/1742
2002|Rd 1|South Sydney Rabbitohs|Sydney Roosters,2002,Rd 1,1,1,1,2002-03-15,South Sydney Rabbitohs,Sydney Roosters,6,40,Aussie,https://www.rugbyleagueproject.org/matches/1743
2002|Rd 1|Canterbury Bulldogs|Wests Tigers,2002,Rd 1,1,2,2,2002-03-16,Canterbury Bulldogs,Wests Tigers,22,28,Showground,https://www.rugbyleagueproject.org/matches/1746
2002|Rd 1|Melbourne Storm|Canberra Raiders,2002,Rd 1,1,3,3,2002-03-16,Melbourne Storm,Canberra Raiders,16,12,Olympic Park,https://www.rugbyleagueproject.org/matches/1744
2002|Rd 1|NQ Cowboys|Brisbane Broncos,2002,Rd 1,1,4,4,2002-03-16,NQ Cowboys,Brisbane Broncos,6,42,Dairy Farmers,https://www.rugbyleagueproject.org/matches/314
2002|Rd 1|Northern Eagles|Newcastle Knights,2002,Rd 1,1,5,5,2002-03-16,Northern Eagles,Newcastle Knights,12,38,NorthPower,https://www.rugbyleagueproject.org/matches/1745
2002|Rd 1|Parramatta Eels|Penrith Panthers,2002,Rd 1,1,6,6,2002-03-17,Parramatta Eels,Penrith Panthers,64,6,Parramatta,https://www.rugbyleagueproject.org/matches/1747
2002|Rd 1|St. George Illawarra Dragons|Cronulla Sharks,2002,Rd 1,1,7,7,2002-03-17,St. George Illawarra Dragons,Cronulla Sharks,18,24,Aussie,https://www.rugbyleagueproject.org/matches/1748
2002|Rd 2|Brisbane Broncos|Canterbury Bulldogs,2002,Rd 2,2,1,8,2002-03-22,Brisbane Broncos,Canterbury Bulldogs,20,20,ANZ,https://www.rugbyleagueproject.org/matches/1749
2002|Rd 2|Canberra Raiders|South Sydney Rabbitohs,2002,Rd 2,2,2,9,2002-03-23,Canberra Raiders,South Sydney Rabbitohs,22,30,Canberra Stadium,https://www.rugbyleagueproject.org/matches/1751
2002|Rd 2|Cronulla Sharks|Melbourne Storm,2002,Rd 2,2,3,10,2002-03-23,Cronulla Sharks,Melbourne Storm,30,24,Toyota,https://www.rugbyleagueproject.org/matches/1750
2002|Rd 2|Newcastle Knights|NQ Cowboys,2002,Rd 2,2,4,11,2002-03-23,Newcastle Knights,NQ Cowboys,50,18,EnergyAustralia,https://www.rugbyleagueproject.org/matches/163
2002|Rd 2|New Zealand Warriors|Sydney Roosters,2002,Rd 2,2,5,12,2002-03-24,New Zealand Warriors,Sydney Roosters,21,14,Ericsson,https://www.rugbyleagueproject.org/matches/1754
2002|Rd 2|Penrith Panthers|St. George Illawarra Dragons,2002,Rd 2,2,6,13,2002-03-24,Penrith Panthers,St. George Illawarra Dragons,16,24,Penrith,https://www.rugbyleagueproject.org/matches/1753
2002|Rd 2|Wests Tigers|Parramatta Eels,2002,Rd 2,2,7,14,2002-03-24,Wests Tigers,Parramatta Eels,22,16,Leichhardt,https://www.rugbyleagueproject.org/matches/1752
2002|Rd 3|Sydney Roosters|Brisbane Broncos,2002,Rd 3,3,1,15,2002-03-29,Sydney Roosters,Brisbane Broncos,8,22,Aussie,https://www.rugbyleagueproject.org/matches/1755
2002|Rd 3|Cronulla Sharks|Penrith Panthers,2002,Rd 3,3,2,16,2002-03-30,Cronulla Sharks,Penrith Panthers,18,10,Toyota,https://www.rugbyleagueproject.org/matches/1756
2002|Rd 3|Melbourne Storm|NQ Cowboys,2002,Rd 3,3,3,17,2002-03-30,Melbourne Storm,NQ Cowboys,38,10,Olympic Park,https://www.rugbyleagueproject.org/matches/164
2002|Rd 3|South Sydney Rabbitohs|Northern Eagles,2002,Rd 3,3,4,18,2002-03-30,South Sydney Rabbitohs,Northern Eagles,44,20,Aussie,https://www.rugbyleagueproject.org/matches/1757
2002|Rd 3|Canterbury Bulldogs|St. George Illawarra Dragons,2002,Rd 3,3,5,19,2002-03-31,Canterbury Bulldogs,St. George Illawarra Dragons,33,14,Stdm Australia,https://www.rugbyleagueproject.org/matches/1759
2002|Rd 3|Wests Tigers|Canberra Raiders,2002,Rd 3,3,6,20,2002-03-31,Wests Tigers,Canberra Raiders,10,15,Stdm Australia,https://www.rugbyleagueproject.org/matches/1758
2002|Rd 3|New Zealand Warriors|Newcastle Knights,2002,Rd 3,3,7,21,2002-04-01,New Zealand Warriors,Newcastle Knights,14,32,Ericsson,https://www.rugbyleagueproject.org/matches/1760
2002|Rd 4|South Sydney Rabbitohs|Canterbury Bulldogs,2002,Rd 4,4,1,22,2002-04-05,South Sydney Rabbitohs,Canterbury Bulldogs,6,32,Aussie,https://www.rugbyleagueproject.org/matches/1761
2002|Rd 4|NQ Cowboys|New Zealand Warriors,2002,Rd 4,4,2,23,2002-04-06,NQ Cowboys,New Zealand Warriors,20,50,Dairy Farmers,https://www.rugbyleagueproject.org/matches/315
2002|Rd 4|Parramatta Eels|Melbourne Storm,2002,Rd 4,4,3,24,2002-04-06,Parramatta Eels,Melbourne Storm,30,32,Parramatta,https://www.rugbyleagueproject.org/matches/1763
2002|Rd 4|Penrith Panthers|Wests Tigers,2002,Rd 4,4,4,25,2002-04-06,Penrith Panthers,Wests Tigers,12,28,Penrith,https://www.rugbyleagueproject.org/matches/1762
2002|Rd 4|Brisbane Broncos|Cronulla Sharks,2002,Rd 4,4,5,26,2002-04-07,Brisbane Broncos,Cronulla Sharks,18,16,ANZ,https://www.rugbyleagueproject.org/matches/1764
2002|Rd 4|Newcastle Knights|Canberra Raiders,2002,Rd 4,4,6,27,2002-04-07,Newcastle Knights,Canberra Raiders,52,6,EnergyAustralia,https://www.rugbyleagueproject.org/matches/1765
2002|Rd 4|Northern Eagles|Sydney Roosters,2002,Rd 4,4,7,28,2002-04-07,Northern Eagles,Sydney Roosters,28,22,Brookvale,https://www.rugbyleagueproject.org/matches/1766
2002|Rd 5|Sydney Roosters|Newcastle Knights,2002,Rd 5,5,1,29,2002-04-12,Sydney Roosters,Newcastle Knights,12,28,Aussie,https://www.rugbyleagueproject.org/matches/1767
2002|Rd 5|Canberra Raiders|Brisbane Broncos,2002,Rd 5,5,2,30,2002-04-13,Canberra Raiders,Brisbane Broncos,16,18,Canberra Stadium,https://www.rugbyleagueproject.org/matches/1769
2002|Rd 5|Melbourne Storm|Canterbury Bulldogs,2002,Rd 5,5,3,31,2002-04-13,Melbourne Storm,Canterbury Bulldogs,6,22,Olympic Park,https://www.rugbyleagueproject.org/matches/1768
2002|Rd 5|NQ Cowboys|South Sydney Rabbitohs,2002,Rd 5,5,4,32,2002-04-13,NQ Cowboys,South Sydney Rabbitohs,30,18,Dairy Farmers,https://www.rugbyleagueproject.org/matches/316
2002|Rd 5|Cronulla Sharks|Wests Tigers,2002,Rd 5,5,5,33,2002-04-14,Cronulla Sharks,Wests Tigers,36,30,Toyota,https://www.rugbyleagueproject.org/matches/1770
2002|Rd 5|New Zealand Warriors|Northern Eagles,2002,Rd 5,5,6,34,2002-04-14,New Zealand Warriors,Northern Eagles,68,10,Ericsson,https://www.rugbyleagueproject.org/matches/1771
2002|Rd 5|St. George Illawarra Dragons|Parramatta Eels,2002,Rd 5,5,7,35,2002-04-14,St. George Illawarra Dragons,Parramatta Eels,20,20,WIN,https://www.rugbyleagueproject.org/matches/1772
2002|Rd 6|Newcastle Knights|Cronulla Sharks,2002,Rd 6,6,1,36,2002-04-19,Newcastle Knights,Cronulla Sharks,52,8,EnergyAustralia,https://www.rugbyleagueproject.org/matches/1773
2002|Rd 6|Canterbury Bulldogs|New Zealand Warriors,2002,Rd 6,6,2,37,2002-04-20,Canterbury Bulldogs,New Zealand Warriors,28,20,WestpacTrust,https://www.rugbyleagueproject.org/matches/1775
2002|Rd 6|Melbourne Storm|St. George Illawarra Dragons,2002,Rd 6,6,3,38,2002-04-20,Melbourne Storm,St. George Illawarra Dragons,12,4,Olympic Park,https://www.rugbyleagueproject.org/matches/1774
2002|Rd 6|Northern Eagles|Canberra Raiders,2002,Rd 6,6,4,39,2002-04-20,Northern Eagles,Canberra Raiders,36,12,NorthPower,https://www.rugbyleagueproject.org/matches/1776
2002|Rd 6|Brisbane Broncos|Penrith Panthers,2002,Rd 6,6,5,40,2002-04-21,Brisbane Broncos,Penrith Panthers,30,26,ANZ,https://www.rugbyleagueproject.org/matches/1777
2002|Rd 6|Sydney Roosters|NQ Cowboys,2002,Rd 6,6,6,41,2002-04-21,Sydney Roosters,NQ Cowboys,58,12,Aussie,https://www.rugbyleagueproject.org/matches/167
2002|Rd 6|South Sydney Rabbitohs|Parramatta Eels,2002,Rd 6,6,7,42,2002-04-22,South Sydney Rabbitohs,Parramatta Eels,14,22,Aussie,https://www.rugbyleagueproject.org/matches/1778
2002|Rd 7|St. George Illawarra Dragons|Sydney Roosters,2002,Rd 7,7,1,43,2002-04-25,St. George Illawarra Dragons,Sydney Roosters,20,24,Aussie,https://www.rugbyleagueproject.org/matches/1779
2002|Rd 7|Brisbane Broncos|Newcastle Knights,2002,Rd 7,7,2,44,2002-04-26,Brisbane Broncos,Newcastle Knights,18,12,ANZ,https://www.rugbyleagueproject.org/matches/1780
2002|Rd 7|New Zealand Warriors|Melbourne Storm,2002,Rd 7,7,3,45,2002-04-27,New Zealand Warriors,Melbourne Storm,20,10,Ericsson,https://www.rugbyleagueproject.org/matches/1781
2002|Rd 7|Parramatta Eels|Canberra Raiders,2002,Rd 7,7,4,46,2002-04-27,Parramatta Eels,Canberra Raiders,38,0,Parramatta,https://www.rugbyleagueproject.org/matches/1782
2002|Rd 7|Penrith Panthers|NQ Cowboys,2002,Rd 7,7,5,47,2002-04-27,Penrith Panthers,NQ Cowboys,18,28,Penrith,https://www.rugbyleagueproject.org/matches/168
2002|Rd 7|Cronulla Sharks|Canterbury Bulldogs,2002,Rd 7,7,6,48,2002-04-28,Cronulla Sharks,Canterbury Bulldogs,10,30,Toyota,https://www.rugbyleagueproject.org/matches/1784
2002|Rd 7|Wests Tigers|Northern Eagles,2002,Rd 7,7,7,49,2002-04-28,Wests Tigers,Northern Eagles,34,16,Leichhardt,https://www.rugbyleagueproject.org/matches/1783
2002|Rd 8|South Sydney Rabbitohs|Brisbane Broncos,2002,Rd 8,8,1,50,2002-05-03,South Sydney Rabbitohs,Brisbane Broncos,16,42,Aussie,https://www.rugbyleagueproject.org/matches/1785
2002|Rd 8|Canberra Raiders|Cronulla Sharks,2002,Rd 8,8,2,51,2002-05-04,Canberra Raiders,Cronulla Sharks,36,10,Canberra Stadium,https://www.rugbyleagueproject.org/matches/1787
2002|Rd 8|Melbourne Storm|Newcastle Knights,2002,Rd 8,8,3,52,2002-05-04,Melbourne Storm,Newcastle Knights,28,36,Olympic Park,https://www.rugbyleagueproject.org/matches/1786
2002|Rd 8|Sydney Roosters|Penrith Panthers,2002,Rd 8,8,4,53,2002-05-04,Sydney Roosters,Penrith Panthers,16,12,Aussie,https://www.rugbyleagueproject.org/matches/1788
2002|Rd 8|Northern Eagles|St. George Illawarra Dragons,2002,Rd 8,8,5,54,2002-05-05,Northern Eagles,St. George Illawarra Dragons,22,18,Brookvale,https://www.rugbyleagueproject.org/matches/1789
2002|Rd 8|Parramatta Eels|NQ Cowboys,2002,Rd 8,8,6,55,2002-05-05,Parramatta Eels,NQ Cowboys,20,19,Parramatta,https://www.rugbyleagueproject.org/matches/169
2002|Rd 8|Wests Tigers|New Zealand Warriors,2002,Rd 8,8,7,56,2002-05-05,Wests Tigers,New Zealand Warriors,14,36,Campbelltown,https://www.rugbyleagueproject.org/matches/1790
2002|Rd 9|Brisbane Broncos|Northern Eagles,2002,Rd 9,9,1,57,2002-05-11,Brisbane Broncos,Northern Eagles,50,12,ANZ,https://www.rugbyleagueproject.org/matches/1792
2002|Rd 9|NQ Cowboys|Wests Tigers,2002,Rd 9,9,2,58,2002-05-11,NQ Cowboys,Wests Tigers,40,16,Dairy Farmers,https://www.rugbyleagueproject.org/matches/317
2002|Rd 9|Sydney Roosters|Melbourne Storm,2002,Rd 9,9,3,59,2002-05-11,Sydney Roosters,Melbourne Storm,34,6,Aussie,https://www.rugbyleagueproject.org/matches/1791
2002|Rd 9|Canterbury Bulldogs|Penrith Panthers,2002,Rd 9,9,4,60,2002-05-12,Canterbury Bulldogs,Penrith Panthers,25,22,Showground,https://www.rugbyleagueproject.org/matches/1794
2002|Rd 9|Cronulla Sharks|Parramatta Eels,2002,Rd 9,9,5,61,2002-05-12,Cronulla Sharks,Parramatta Eels,6,36,Toyota,https://www.rugbyleagueproject.org/matches/1793
2002|Rd 9|New Zealand Warriors|South Sydney Rabbitohs,2002,Rd 9,9,6,62,2002-05-12,New Zealand Warriors,South Sydney Rabbitohs,25,18,Ericsson,https://www.rugbyleagueproject.org/matches/1795
2002|Rd 9|St. George Illawarra Dragons|Canberra Raiders,2002,Rd 9,9,7,63,2002-05-12,St. George Illawarra Dragons,Canberra Raiders,21,21,WIN,https://www.rugbyleagueproject.org/matches/1796
2002|Rd 10|Newcastle Knights|New Zealand Warriors,2002,Rd 10,10,1,64,2002-05-17,Newcastle Knights,New Zealand Warriors,12,34,EnergyAustralia,https://www.rugbyleagueproject.org/matches/1797
2002|Rd 10|Melbourne Storm|Parramatta Eels,2002,Rd 10,10,2,65,2002-05-18,Melbourne Storm,Parramatta Eels,20,22,Olympic Park,https://www.rugbyleagueproject.org/matches/1798
2002|Rd 10|NQ Cowboys|Penrith Panthers,2002,Rd 10,10,3,66,2002-05-18,NQ Cowboys,Penrith Panthers,8,38,Dairy Farmers,https://www.rugbyleagueproject.org/matches/318
2002|Rd 10|St. George Illawarra Dragons|Wests Tigers,2002,Rd 10,10,4,67,2002-05-18,St. George Illawarra Dragons,Wests Tigers,33,22,WIN,https://www.rugbyleagueproject.org/matches/1799
2002|Rd 10|Canterbury Bulldogs|Cronulla Sharks,2002,Rd 10,10,5,68,2002-05-19,Canterbury Bulldogs,Cronulla Sharks,48,22,Showground,https://www.rugbyleagueproject.org/matches/1801
2002|Rd 10|South Sydney Rabbitohs|Canberra Raiders,2002,Rd 10,10,6,69,2002-05-19,South Sydney Rabbitohs,Canberra Raiders,26,20,Aussie,https://www.rugbyleagueproject.org/matches/1800
2002|Rd 11|Parramatta Eels|Sydney Roosters,2002,Rd 11,11,1,70,2002-05-24,Parramatta Eels,Sydney Roosters,4,18,Parramatta,https://www.rugbyleagueproject.org/matches/1802
2002|Rd 11|Melbourne Storm|New Zealand Warriors,2002,Rd 11,11,2,71,2002-05-25,Melbourne Storm,New Zealand Warriors,12,28,Olympic Park,https://www.rugbyleagueproject.org/matches/1804
2002|Rd 11|Northern Eagles|Canterbury Bulldogs,2002,Rd 11,11,3,72,2002-05-25,Northern Eagles,Canterbury Bulldogs,10,28,NorthPower,https://www.rugbyleagueproject.org/matches/1805
2002|Rd 11|Penrith Panthers|Cronulla Sharks,2002,Rd 11,11,4,73,2002-05-25,Penrith Panthers,Cronulla Sharks,24,22,Penrith,https://www.rugbyleagueproject.org/matches/1803
2002|Rd 11|Canberra Raiders|NQ Cowboys,2002,Rd 11,11,5,74,2002-05-26,Canberra Raiders,NQ Cowboys,32,20,Canberra Stadium,https://www.rugbyleagueproject.org/matches/172
2002|Rd 11|Newcastle Knights|South Sydney Rabbitohs,2002,Rd 11,11,6,75,2002-05-26,Newcastle Knights,South Sydney Rabbitohs,42,16,EnergyAustralia,https://www.rugbyleagueproject.org/matches/1806
2002|Rd 11|St. George Illawarra Dragons|Brisbane Broncos,2002,Rd 11,11,7,76,2002-05-26,St. George Illawarra Dragons,Brisbane Broncos,28,20,Aussie,https://www.rugbyleagueproject.org/matches/1807
2002|Rd 12|Wests Tigers|Brisbane Broncos,2002,Rd 12,12,1,77,2002-05-31,Wests Tigers,Brisbane Broncos,14,28,Campbelltown,https://www.rugbyleagueproject.org/matches/1808
2002|Rd 12|Canberra Raiders|Northern Eagles,2002,Rd 12,12,2,78,2002-06-01,Canberra Raiders,Northern Eagles,28,16,Canberra Stadium,https://www.rugbyleagueproject.org/matches/1809
2002|Rd 12|NQ Cowboys|St. George Illawarra Dragons,2002,Rd 12,12,3,79,2002-06-01,NQ Cowboys,St. George Illawarra Dragons,40,32,Dairy Farmers,https://www.rugbyleagueproject.org/matches/319
2002|Rd 12|Penrith Panthers|Sydney Roosters,2002,Rd 12,12,4,80,2002-06-01,Penrith Panthers,Sydney Roosters,26,16,Penrith,https://www.rugbyleagueproject.org/matches/1810
2002|Rd 12|Canterbury Bulldogs|South Sydney Rabbitohs,2002,Rd 12,12,5,81,2002-06-02,Canterbury Bulldogs,South Sydney Rabbitohs,28,18,Showground,https://www.rugbyleagueproject.org/matches/1812
2002|Rd 12|New Zealand Warriors|Cronulla Sharks,2002,Rd 12,12,6,82,2002-06-02,New Zealand Warriors,Cronulla Sharks,42,20,Ericsson,https://www.rugbyleagueproject.org/matches/1811
2002|Rd 13|Brisbane Broncos|Parramatta Eels,2002,Rd 13,13,1,83,2002-06-07,Brisbane Broncos,Parramatta Eels,18,22,ANZ,https://www.rugbyleagueproject.org/matches/1813
2002|Rd 13|Cronulla Sharks|St. George Illawarra Dragons,2002,Rd 13,13,2,84,2002-06-08,Cronulla Sharks,St. George Illawarra Dragons,34,13,Toyota,https://www.rugbyleagueproject.org/matches/1816
2002|Rd 13|Newcastle Knights|Melbourne Storm,2002,Rd 13,13,3,85,2002-06-08,Newcastle Knights,Melbourne Storm,37,16,EnergyAustralia,https://www.rugbyleagueproject.org/matches/1815
2002|Rd 13|Penrith Panthers|Canterbury Bulldogs,2002,Rd 13,13,4,86,2002-06-08,Penrith Panthers,Canterbury Bulldogs,24,38,Penrith,https://www.rugbyleagueproject.org/matches/1814
2002|Rd 13|New Zealand Warriors|NQ Cowboys,2002,Rd 13,13,5,87,2002-06-09,New Zealand Warriors,NQ Cowboys,34,6,Ericsson,https://www.rugbyleagueproject.org/matches/174
2002|Rd 13|Northern Eagles|Wests Tigers,2002,Rd 13,13,6,88,2002-06-09,Northern Eagles,Wests Tigers,42,18,Brookvale,https://www.rugbyleagueproject.org/matches/1817
2002|Rd 13|Sydney Roosters|South Sydney Rabbitohs,2002,Rd 13,13,7,89,2002-06-10,Sydney Roosters,South Sydney Rabbitohs,42,6,Aussie,https://www.rugbyleagueproject.org/matches/1818
2002|Rd 14|Parramatta Eels|Newcastle Knights,2002,Rd 14,14,1,90,2002-06-14,Parramatta Eels,Newcastle Knights,14,28,Parramatta,https://www.rugbyleagueproject.org/matches/1819
2002|Rd 14|South Sydney Rabbitohs|New Zealand Warriors,2002,Rd 14,14,2,91,2002-06-15,South Sydney Rabbitohs,New Zealand Warriors,10,46,Aussie,https://www.rugbyleagueproject.org/matches/1821
2002|Rd 14|St. George Illawarra Dragons|Melbourne Storm,2002,Rd 14,14,3,92,2002-06-15,St. George Illawarra Dragons,Melbourne Storm,30,30,WIN,https://www.rugbyleagueproject.org/matches/1822
2002|Rd 14|Wests Tigers|Penrith Panthers,2002,Rd 14,14,4,93,2002-06-15,Wests Tigers,Penrith Panthers,18,22,Leichhardt,https://www.rugbyleagueproject.org/matches/1820
2002|Rd 14|Brisbane Broncos|NQ Cowboys,2002,Rd 14,14,5,94,2002-06-16,Brisbane Broncos,NQ Cowboys,52,8,ANZ,https://www.rugbyleagueproject.org/matches/175
2002|Rd 14|Cronulla Sharks|Canberra Raiders,2002,Rd 14,14,6,95,2002-06-16,Cronulla Sharks,Canberra Raiders,36,26,Toyota,https://www.rugbyleagueproject.org/matches/1823
2002|Rd 14|Sydney Roosters|Northern Eagles,2002,Rd 14,14,7,96,2002-06-16,Sydney Roosters,Northern Eagles,45,18,Aussie,https://www.rugbyleagueproject.org/matches/1824
2002|Rd 15|Sydney Roosters|Parramatta Eels,2002,Rd 15,15,1,97,2002-06-21,Sydney Roosters,Parramatta Eels,12,12,Aussie,https://www.rugbyleagueproject.org/matches/1825
2002|Rd 15|Canterbury Bulldogs|Canberra Raiders,2002,Rd 15,15,2,98,2002-06-22,Canterbury Bulldogs,Canberra Raiders,46,6,Showground,https://www.rugbyleagueproject.org/matches/1827
2002|Rd 15|Melbourne Storm|South Sydney Rabbitohs,2002,Rd 15,15,3,99,2002-06-22,Melbourne Storm,South Sydney Rabbitohs,44,6,Olympic Park,https://www.rugbyleagueproject.org/matches/1826
2002|Rd 15|NQ Cowboys|Cronulla Sharks,2002,Rd 15,15,4,100,2002-06-22,NQ Cowboys,Cronulla Sharks,16,46,Dairy Farmers,https://www.rugbyleagueproject.org/matches/320
2002|Rd 15|New Zealand Warriors|St. George Illawarra Dragons,2002,Rd 15,15,5,101,2002-06-23,New Zealand Warriors,St. George Illawarra Dragons,22,32,Ericsson,https://www.rugbyleagueproject.org/matches/1830
2002|Rd 15|Penrith Panthers|Northern Eagles,2002,Rd 15,15,6,102,2002-06-23,Penrith Panthers,Northern Eagles,24,28,Penrith,https://www.rugbyleagueproject.org/matches/1828
2002|Rd 15|Wests Tigers|Newcastle Knights,2002,Rd 15,15,7,103,2002-06-23,Wests Tigers,Newcastle Knights,28,12,Campbelltown,https://www.rugbyleagueproject.org/matches/1829
2002|Rd 16|Parramatta Eels|Canterbury Bulldogs,2002,Rd 16,16,1,104,2002-06-28,Parramatta Eels,Canterbury Bulldogs,18,32,Parramatta,https://www.rugbyleagueproject.org/matches/1831
2002|Rd 16|Northern Eagles|Melbourne Storm,2002,Rd 16,16,2,105,2002-06-29,Northern Eagles,Melbourne Storm,36,22,Brookvale,https://www.rugbyleagueproject.org/matches/1832
2002|Rd 16|South Sydney Rabbitohs|Newcastle Knights,2002,Rd 16,16,3,106,2002-06-29,South Sydney Rabbitohs,Newcastle Knights,8,26,Aussie,https://www.rugbyleagueproject.org/matches/1833
2002|Rd 16|St. George Illawarra Dragons|NQ Cowboys,2002,Rd 16,16,4,107,2002-06-29,St. George Illawarra Dragons,NQ Cowboys,45,18,WIN,https://www.rugbyleagueproject.org/matches/177
2002|Rd 16|Brisbane Broncos|New Zealand Warriors,2002,Rd 16,16,5,108,2002-06-30,Brisbane Broncos,New Zealand Warriors,16,26,ANZ,https://www.rugbyleagueproject.org/matches/1836
2002|Rd 16|Canberra Raiders|Penrith Panthers,2002,Rd 16,16,6,109,2002-06-30,Canberra Raiders,Penrith Panthers,24,12,Canberra Stadium,https://www.rugbyleagueproject.org/matches/1835
2002|Rd 16|Wests Tigers|Sydney Roosters,2002,Rd 16,16,7,110,2002-06-30,Wests Tigers,Sydney Roosters,14,16,Campbelltown,https://www.rugbyleagueproject.org/matches/1834
2002|Rd 17|Newcastle Knights|Parramatta Eels,2002,Rd 17,17,1,111,2002-07-05,Newcastle Knights,Parramatta Eels,24,18,EnergyAustralia,https://www.rugbyleagueproject.org/matches/1837
2002|Rd 17|Canterbury Bulldogs|Northern Eagles,2002,Rd 17,17,2,112,2002-07-06,Canterbury Bulldogs,Northern Eagles,42,22,Showground,https://www.rugbyleagueproject.org/matches/1839
2002|Rd 17|Melbourne Storm|Wests Tigers,2002,Rd 17,17,3,113,2002-07-06,Melbourne Storm,Wests Tigers,26,20,Olympic Park,https://www.rugbyleagueproject.org/matches/1838
2002|Rd 17|Penrith Panthers|South Sydney Rabbitohs,2002,Rd 17,17,4,114,2002-07-06,Penrith Panthers,South Sydney Rabbitohs,16,23,Penrith,https://www.rugbyleagueproject.org/matches/1840
2002|Rd 17|Brisbane Broncos|St. George Illawarra Dragons,2002,Rd 17,17,5,115,2002-07-07,Brisbane Broncos,St. George Illawarra Dragons,34,22,ANZ,https://www.rugbyleagueproject.org/matches/1841
2002|Rd 17|Cronulla Sharks|New Zealand Warriors,2002,Rd 17,17,6,116,2002-07-07,Cronulla Sharks,New Zealand Warriors,36,24,Toyota,https://www.rugbyleagueproject.org/matches/1843
2002|Rd 17|Sydney Roosters|Canberra Raiders,2002,Rd 17,17,7,117,2002-07-07,Sydney Roosters,Canberra Raiders,36,6,Aussie,https://www.rugbyleagueproject.org/matches/1842
2002|Rd 18|Melbourne Storm|Sydney Roosters,2002,Rd 18,18,1,118,2002-07-13,Melbourne Storm,Sydney Roosters,48,10,Olympic Park,https://www.rugbyleagueproject.org/matches/1845
2002|Rd 18|NQ Cowboys|Northern Eagles,2002,Rd 18,18,2,119,2002-07-13,NQ Cowboys,Northern Eagles,12,28,Dairy Farmers,https://www.rugbyleagueproject.org/matches/321
2002|Rd 18|Penrith Panthers|Brisbane Broncos,2002,Rd 18,18,3,120,2002-07-13,Penrith Panthers,Brisbane Broncos,20,38,Penrith,https://www.rugbyleagueproject.org/matches/1844
2002|Rd 18|Canberra Raiders|Newcastle Knights,2002,Rd 18,18,4,121,2002-07-14,Canberra Raiders,Newcastle Knights,30,24,Canberra Stadium,https://www.rugbyleagueproject.org/matches/1846
2002|Rd 18|Parramatta Eels|Cronulla Sharks,2002,Rd 18,18,5,122,2002-07-14,Parramatta Eels,Cronulla Sharks,24,25,Parramatta,https://www.rugbyleagueproject.org/matches/1849
2002|Rd 18|St. George Illawarra Dragons|Canterbury Bulldogs,2002,Rd 18,18,6,123,2002-07-14,St. George Illawarra Dragons,Canterbury Bulldogs,26,28,WIN,https://www.rugbyleagueproject.org/matches/1847
2002|Rd 18|Wests Tigers|South Sydney Rabbitohs,2002,Rd 18,18,7,124,2002-07-14,Wests Tigers,South Sydney Rabbitohs,24,38,Leichhardt,https://www.rugbyleagueproject.org/matches/1848
2002|Rd 19|Canterbury Bulldogs|Sydney Roosters,2002,Rd 19,19,1,125,2002-07-19,Canterbury Bulldogs,Sydney Roosters,24,12,Showground,https://www.rugbyleagueproject.org/matches/1850
2002|Rd 19|Brisbane Broncos|Wests Tigers,2002,Rd 19,19,2,126,2002-07-20,Brisbane Broncos,Wests Tigers,46,14,ANZ,https://www.rugbyleagueproject.org/matches/1851
2002|Rd 19|NQ Cowboys|Canberra Raiders,2002,Rd 19,19,3,127,2002-07-20,NQ Cowboys,Canberra Raiders,34,18,Dairy Farmers,https://www.rugbyleagueproject.org/matches/322
2002|Rd 19|South Sydney Rabbitohs|St. George Illawarra Dragons,2002,Rd 19,19,4,128,2002-07-20,South Sydney Rabbitohs,St. George Illawarra Dragons,10,48,Aussie,https://www.rugbyleagueproject.org/matches/1852
2002|Rd 19|New Zealand Warriors|Parramatta Eels,2002,Rd 19,19,5,129,2002-07-21,New Zealand Warriors,Parramatta Eels,26,10,Ericsson,https://www.rugbyleagueproject.org/matches/1855
2002|Rd 19|Newcastle Knights|Penrith Panthers,2002,Rd 19,19,6,130,2002-07-21,Newcastle Knights,Penrith Panthers,38,22,EnergyAustralia,https://www.rugbyleagueproject.org/matches/1854
2002|Rd 19|Northern Eagles|Cronulla Sharks,2002,Rd 19,19,7,131,2002-07-21,Northern Eagles,Cronulla Sharks,24,46,Brookvale,https://www.rugbyleagueproject.org/matches/1853
2002|Rd 20|Parramatta Eels|Brisbane Broncos,2002,Rd 20,20,1,132,2002-07-26,Parramatta Eels,Brisbane Broncos,6,26,Parramatta,https://www.rugbyleagueproject.org/matches/1856
2002|Rd 20|Canberra Raiders|New Zealand Warriors,2002,Rd 20,20,2,133,2002-07-27,Canberra Raiders,New Zealand Warriors,38,30,Canberra Stadium,https://www.rugbyleagueproject.org/matches/1859
2002|Rd 20|Cronulla Sharks|South Sydney Rabbitohs,2002,Rd 20,20,3,134,2002-07-27,Cronulla Sharks,South Sydney Rabbitohs,22,6,Toyota,https://www.rugbyleagueproject.org/matches/1858
2002|Rd 20|Penrith Panthers|Melbourne Storm,2002,Rd 20,20,4,135,2002-07-27,Penrith Panthers,Melbourne Storm,36,16,Penrith,https://www.rugbyleagueproject.org/matches/1857
2002|Rd 20|Newcastle Knights|Canterbury Bulldogs,2002,Rd 20,20,5,136,2002-07-28,Newcastle Knights,Canterbury Bulldogs,21,22,EnergyAustralia,https://www.rugbyleagueproject.org/matches/1861
2002|Rd 20|Northern Eagles|NQ Cowboys,2002,Rd 20,20,6,137,2002-07-28,Northern Eagles,NQ Cowboys,18,30,Brookvale,https://www.rugbyleagueproject.org/matches/180
2002|Rd 20|Wests Tigers|St. George Illawarra Dragons,2002,Rd 20,20,7,138,2002-07-28,Wests Tigers,St. George Illawarra Dragons,8,42,Campbelltown,https://www.rugbyleagueproject.org/matches/1860
2002|Rd 21|Newcastle Knights|St. George Illawarra Dragons,2002,Rd 21,21,1,139,2002-08-02,Newcastle Knights,St. George Illawarra Dragons,24,16,EnergyAustralia,https://www.rugbyleagueproject.org/matches/1862
2002|Rd 21|Melbourne Storm|Brisbane Broncos,2002,Rd 21,21,2,140,2002-08-03,Melbourne Storm,Brisbane Broncos,20,48,Olympic Park,https://www.rugbyleagueproject.org/matches/1864
2002|Rd 21|NQ Cowboys|Canterbury Bulldogs,2002,Rd 21,21,3,141,2002-08-03,NQ Cowboys,Canterbury Bulldogs,26,34,Dairy Farmers,https://www.rugbyleagueproject.org/matches/323
2002|Rd 21|Sydney Roosters|Cronulla Sharks,2002,Rd 21,21,4,142,2002-08-03,Sydney Roosters,Cronulla Sharks,20,34,Aussie,https://www.rugbyleagueproject.org/matches/1863
2002|Rd 21|Northern Eagles|Parramatta Eels,2002,Rd 21,21,5,143,2002-08-04,Northern Eagles,Parramatta Eels,19,10,Brookvale,https://www.rugbyleagueproject.org/matches/1867
2002|Rd 21|Penrith Panthers|New Zealand Warriors,2002,Rd 21,21,6,144,2002-08-04,Penrith Panthers,New Zealand Warriors,24,38,Penrith,https://www.rugbyleagueproject.org/matches/1865
2002|Rd 21|South Sydney Rabbitohs|Wests Tigers,2002,Rd 21,21,7,145,2002-08-04,South Sydney Rabbitohs,Wests Tigers,4,50,Aussie,https://www.rugbyleagueproject.org/matches/1866
2002|Rd 22|Brisbane Broncos|Sydney Roosters,2002,Rd 22,22,1,146,2002-08-09,Brisbane Broncos,Sydney Roosters,18,28,ANZ,https://www.rugbyleagueproject.org/matches/1868
2002|Rd 22|NQ Cowboys|Melbourne Storm,2002,Rd 22,22,2,147,2002-08-10,NQ Cowboys,Melbourne Storm,30,40,Dairy Farmers,https://www.rugbyleagueproject.org/matches/324
2002|Rd 22|New Zealand Warriors|Canterbury Bulldogs,2002,Rd 22,22,3,148,2002-08-10,New Zealand Warriors,Canterbury Bulldogs,22,14,Ericsson,https://www.rugbyleagueproject.org/matches/1870
2002|Rd 22|Parramatta Eels|South Sydney Rabbitohs,2002,Rd 22,22,4,149,2002-08-10,Parramatta Eels,South Sydney Rabbitohs,54,0,Parramatta,https://www.rugbyleagueproject.org/matches/1869
2002|Rd 22|Canberra Raiders|Wests Tigers,2002,Rd 22,22,5,150,2002-08-11,Canberra Raiders,Wests Tigers,26,6,Canberra Stadium,https://www.rugbyleagueproject.org/matches/1872
2002|Rd 22|Cronulla Sharks|Newcastle Knights,2002,Rd 22,22,6,151,2002-08-11,Cronulla Sharks,Newcastle Knights,64,14,Toyota,https://www.rugbyleagueproject.org/matches/1873
2002|Rd 22|St. George Illawarra Dragons|Northern Eagles,2002,Rd 22,22,7,152,2002-08-11,St. George Illawarra Dragons,Northern Eagles,18,20,Aussie,https://www.rugbyleagueproject.org/matches/1871
2002|Rd 23|Canterbury Bulldogs|Parramatta Eels,2002,Rd 23,23,1,153,2002-08-16,Canterbury Bulldogs,Parramatta Eels,28,10,Showground,https://www.rugbyleagueproject.org/matches/1874
2002|Rd 23|Canberra Raiders|Sydney Roosters,2002,Rd 23,23,2,154,2002-08-17,Canberra Raiders,Sydney Roosters,12,38,Canberra Stadium,https://www.rugbyleagueproject.org/matches/1876
2002|Rd 23|Melbourne Storm|Penrith Panthers,2002,Rd 23,23,3,155,2002-08-17,Melbourne Storm,Penrith Panthers,42,10,Olympic Park,https://www.rugbyleagueproject.org/matches/1875
2002|Rd 23|Newcastle Knights|Northern Eagles,2002,Rd 23,23,4,156,2002-08-17,Newcastle Knights,Northern Eagles,28,14,EnergyAustralia,https://www.rugbyleagueproject.org/matches/1877
2002|Rd 23|New Zealand Warriors|Brisbane Broncos,2002,Rd 23,23,5,157,2002-08-18,New Zealand Warriors,Brisbane Broncos,18,4,Ericsson,https://www.rugbyleagueproject.org/matches/1879
2002|Rd 23|St. George Illawarra Dragons|South Sydney Rabbitohs,2002,Rd 23,23,6,158,2002-08-18,St. George Illawarra Dragons,South Sydney Rabbitohs,58,16,WIN,https://www.rugbyleagueproject.org/matches/1878
2002|Rd 23|Wests Tigers|Cronulla Sharks,2002,Rd 23,23,7,159,2002-08-18,Wests Tigers,Cronulla Sharks,18,34,Campbelltown,https://www.rugbyleagueproject.org/matches/1880
2002|Rd 24|Newcastle Knights|Brisbane Broncos,2002,Rd 24,24,1,160,2002-08-23,Newcastle Knights,Brisbane Broncos,40,10,EnergyAustralia,https://www.rugbyleagueproject.org/matches/1881
2002|Rd 24|Cronulla Sharks|NQ Cowboys,2002,Rd 24,24,2,161,2002-08-24,Cronulla Sharks,NQ Cowboys,36,14,Toyota,https://www.rugbyleagueproject.org/matches/183
2002|Rd 24|South Sydney Rabbitohs|Penrith Panthers,2002,Rd 24,24,3,162,2002-08-24,South Sydney Rabbitohs,Penrith Panthers,12,28,NorthPower,https://www.rugbyleagueproject.org/matches/1882
2002|Rd 24|Wests Tigers|Melbourne Storm,2002,Rd 24,24,4,163,2002-08-24,Wests Tigers,Melbourne Storm,26,16,Leichhardt,https://www.rugbyleagueproject.org/matches/1883
2002|Rd 24|Canberra Raiders|Canterbury Bulldogs,2002,Rd 24,24,5,164,2002-08-25,Canberra Raiders,Canterbury Bulldogs,38,34,Canberra Stadium,https://www.rugbyleagueproject.org/matches/1884
2002|Rd 24|Parramatta Eels|Northern Eagles,2002,Rd 24,24,6,165,2002-08-25,Parramatta Eels,Northern Eagles,19,6,Parramatta,https://www.rugbyleagueproject.org/matches/1886
2002|Rd 24|Sydney Roosters|New Zealand Warriors,2002,Rd 24,24,7,166,2002-08-25,Sydney Roosters,New Zealand Warriors,44,0,Aussie,https://www.rugbyleagueproject.org/matches/1885
2002|Rd 25|Canterbury Bulldogs|Melbourne Storm,2002,Rd 25,25,1,167,2002-08-30,Canterbury Bulldogs,Melbourne Storm,24,16,Showground,https://www.rugbyleagueproject.org/matches/1887
2002|Rd 25|Brisbane Broncos|Canberra Raiders,2002,Rd 25,25,2,168,2002-08-31,Brisbane Broncos,Canberra Raiders,36,2,ANZ,https://www.rugbyleagueproject.org/matches/1889
2002|Rd 25|Parramatta Eels|Wests Tigers,2002,Rd 25,25,3,169,2002-08-31,Parramatta Eels,Wests Tigers,36,24,Parramatta,https://www.rugbyleagueproject.org/matches/1888
2002|Rd 25|South Sydney Rabbitohs|NQ Cowboys,2002,Rd 25,25,4,170,2002-08-31,South Sydney Rabbitohs,NQ Cowboys,34,36,Aussie,https://www.rugbyleagueproject.org/matches/184
2002|Rd 25|Northern Eagles|New Zealand Warriors,2002,Rd 25,25,5,171,2002-09-01,Northern Eagles,New Zealand Warriors,18,16,Brookvale,https://www.rugbyleagueproject.org/matches/1890
2002|Rd 25|Penrith Panthers|Newcastle Knights,2002,Rd 25,25,6,172,2002-09-01,Penrith Panthers,Newcastle Knights,30,32,Penrith,https://www.rugbyleagueproject.org/matches/1891
2002|Rd 25|Sydney Roosters|St. George Illawarra Dragons,2002,Rd 25,25,7,173,2002-09-01,Sydney Roosters,St. George Illawarra Dragons,26,10,Aussie,https://www.rugbyleagueproject.org/matches/1892
2002|Rd 26|Canterbury Bulldogs|Brisbane Broncos,2002,Rd 26,26,1,174,2002-09-06,Canterbury Bulldogs,Brisbane Broncos,25,18,Showground,https://www.rugbyleagueproject.org/matches/1893
2002|Rd 26|New Zealand Warriors|Wests Tigers,2002,Rd 26,26,2,175,2002-09-06,New Zealand Warriors,Wests Tigers,28,12,Ericsson,https://www.rugbyleagueproject.org/matches/1894
2002|Rd 26|Canberra Raiders|Melbourne Storm,2002,Rd 26,26,3,176,2002-09-07,Canberra Raiders,Melbourne Storm,25,16,Canberra Stadium,https://www.rugbyleagueproject.org/matches/1895
2002|Rd 26|Cronulla Sharks|Sydney Roosters,2002,Rd 26,26,4,177,2002-09-07,Cronulla Sharks,Sydney Roosters,18,30,Toyota,https://www.rugbyleagueproject.org/matches/1896
2002|Rd 26|NQ Cowboys|Parramatta Eels,2002,Rd 26,26,5,178,2002-09-07,NQ Cowboys,Parramatta Eels,15,6,Dairy Farmers,https://www.rugbyleagueproject.org/matches/325
2002|Rd 26|Northern Eagles|Penrith Panthers,2002,Rd 26,26,6,179,2002-09-08,Northern Eagles,Penrith Panthers,28,68,Brookvale,https://www.rugbyleagueproject.org/matches/1898
2002|Rd 26|St. George Illawarra Dragons|Newcastle Knights,2002,Rd 26,26,7,180,2002-09-08,St. George Illawarra Dragons,Newcastle Knights,40,22,Aussie,https://www.rugbyleagueproject.org/matches/1897
2002|Qualif Final|Sydney Roosters|Cronulla Sharks,2002,Qualif Final,27,1,181,2002-09-13,Sydney Roosters,Cronulla Sharks,32,20,Aussie,https://www.rugbyleagueproject.org/matches/1899
2002|Qualif Final|Brisbane Broncos|Parramatta Eels,2002,Qualif Final,27,2,182,2002-09-14,Brisbane Broncos,Parramatta Eels,24,14,ANZ,https://www.rugbyleagueproject.org/matches/1901
2002|Qualif Final|Newcastle Knights|St. George Illawarra Dragons,2002,Qualif Final,27,3,183,2002-09-14,Newcastle Knights,St. George Illawarra Dragons,22,26,EnergyAustralia,https://www.rugbyleagueproject.org/matches/1900
2002|Qualif Final|New Zealand Warriors|Canberra Raiders,2002,Qualif Final,27,4,184,2002-09-15,New Zealand Warriors,Canberra Raiders,36,20,Ericsson,https://www.rugbyleagueproject.org/matches/1902
2002|Semi Final|Cronulla Sharks|St. George Illawarra Dragons,2002,Semi Final,28,1,185,2002-09-21,Cronulla Sharks,St. George Illawarra Dragons,40,24,Aussie,https://www.rugbyleagueproject.org/matches/1903
2002|Semi Final|Sydney Roosters|Newcastle Knights,2002,Semi Final,28,2,186,2002-09-22,Sydney Roosters,Newcastle Knights,38,12,Aussie,https://www.rugbyleagueproject.org/matches/1904
2002|Prelim Final|Sydney Roosters|Brisbane Broncos,2002,Prelim Final,29,1,187,2002-09-28,Sydney Roosters,Brisbane Broncos,16,12,Aussie,https://www.rugbyleagueproject.org/matches/1905
2002|Prelim Final|New Zealand Warriors|Cronulla Sharks,2002,Prelim Final,29,2,188,2002-09-29,New Zealand Warriors,Cronulla Sharks,16,10,Stdm Australia,https://www.rugbyleagueproject.org/matches/1906
2002|Grand Final|Sydney Roosters|New Zealand Warriors,2002,Grand Final,30,1,189,2002-10-06,Sydney Roosters,New Zealand Warriors,30,8,Telstra,https://www.rugbyleagueproject.org/matches/1907
2003|Rd 1|Sydney Roosters|Parramatta Eels,2003,Rd 1,1,1,1,2003-03-14,Sydney Roosters,Parramatta Eels,32,14,Aussie,https://www.rugbyleagueproject.org/matches/1908
2003|Rd 1|Canterbury Bulldogs|South Sydney Rabbitohs,2003,Rd 1,1,2,2,2003-03-15,Canterbury Bulldogs,South Sydney Rabbitohs,34,26,Telstra,https://www.rugbyleagueproject.org/matches/1909
2003|Rd 1|NQ Cowboys|Canberra Raiders,2003,Rd 1,1,3,3,2003-03-15,NQ Cowboys,Canberra Raiders,14,46,Dairy Farmers,https://www.rugbyleagueproject.org/matches/326
2003|Rd 1|Wests Tigers|St. George Illawarra Dragons,2003,Rd 1,1,4,4,2003-03-15,Wests Tigers,St. George Illawarra Dragons,24,20,Telstra,https://www.rugbyleagueproject.org/matches/1910
2003|Rd 1|Cronulla Sharks|Melbourne Storm,2003,Rd 1,1,5,5,2003-03-16,Cronulla Sharks,Melbourne Storm,32,36,Toyota,https://www.rugbyleagueproject.org/matches/1913
2003|Rd 1|New Zealand Warriors|Newcastle Knights,2003,Rd 1,1,6,6,2003-03-16,New Zealand Warriors,Newcastle Knights,26,36,Ericsson,https://www.rugbyleagueproject.org/matches/1911
2003|Rd 1|Penrith Panthers|Brisbane Broncos,2003,Rd 1,1,7,7,2003-03-16,Penrith Panthers,Brisbane Broncos,20,24,Penrith,https://www.rugbyleagueproject.org/matches/1912
2003|Rd 2|Newcastle Knights|Sydney Roosters,2003,Rd 2,2,1,8,2003-03-21,Newcastle Knights,Sydney Roosters,10,14,EnergyAustralia,https://www.rugbyleagueproject.org/matches/1914
2003|Rd 2|Melbourne Storm|Penrith Panthers,2003,Rd 2,2,2,9,2003-03-22,Melbourne Storm,Penrith Panthers,42,16,Olympic Park,https://www.rugbyleagueproject.org/matches/1916
2003|Rd 2|NQ Cowboys|Manly Sea Eagles,2003,Rd 2,2,3,10,2003-03-22,NQ Cowboys,Manly Sea Eagles,30,20,Dairy Farmers,https://www.rugbyleagueproject.org/matches/327
2003|Rd 2|Wests Tigers|Canberra Raiders,2003,Rd 2,2,4,11,2003-03-22,Wests Tigers,Canberra Raiders,8,15,Leichhardt,https://www.rugbyleagueproject.org/matches/1915
2003|Rd 2|New Zealand Warriors|Canterbury Bulldogs,2003,Rd 2,2,5,12,2003-03-23,New Zealand Warriors,Canterbury Bulldogs,24,20,Ericsson,https://www.rugbyleagueproject.org/matches/1919
2003|Rd 2|South Sydney Rabbitohs|Brisbane Broncos,2003,Rd 2,2,6,13,2003-03-23,South Sydney Rabbitohs,Brisbane Broncos,20,22,Aussie,https://www.rugbyleagueproject.org/matches/1917
2003|Rd 2|St. George Illawarra Dragons|Parramatta Eels,2003,Rd 2,2,7,14,2003-03-23,St. George Illawarra Dragons,Parramatta Eels,30,28,WIN,https://www.rugbyleagueproject.org/matches/1918
2003|Rd 3|Parramatta Eels|Newcastle Knights,2003,Rd 3,3,1,15,2003-03-28,Parramatta Eels,Newcastle Knights,30,12,Parramatta,https://www.rugbyleagueproject.org/matches/1920
2003|Rd 3|Canberra Raiders|St. George Illawarra Dragons,2003,Rd 3,3,2,16,2003-03-29,Canberra Raiders,St. George Illawarra Dragons,18,14,Canberra Stadium,https://www.rugbyleagueproject.org/matches/1923
2003|Rd 3|Manly Sea Eagles|New Zealand Warriors,2003,Rd 3,3,3,17,2003-03-29,Manly Sea Eagles,New Zealand Warriors,16,20,Brookvale,https://www.rugbyleagueproject.org/matches/1921
2003|Rd 3|Wests Tigers|Canterbury Bulldogs,2003,Rd 3,3,4,18,2003-03-29,Wests Tigers,Canterbury Bulldogs,6,38,Campbelltown,https://www.rugbyleagueproject.org/matches/1922
2003|Rd 3|Brisbane Broncos|Cronulla Sharks,2003,Rd 3,3,5,19,2003-03-30,Brisbane Broncos,Cronulla Sharks,30,4,ANZ,https://www.rugbyleagueproject.org/matches/1925
2003|Rd 3|Sydney Roosters|Penrith Panthers,2003,Rd 3,3,6,20,2003-03-30,Sydney Roosters,Penrith Panthers,22,23,Aussie,https://www.rugbyleagueproject.org/matches/1924
2003|Rd 3|South Sydney Rabbitohs|NQ Cowboys,2003,Rd 3,3,7,21,2003-03-31,South Sydney Rabbitohs,NQ Cowboys,20,27,Aussie,https://www.rugbyleagueproject.org/matches/188
2003|Rd 4|Canterbury Bulldogs|Parramatta Eels,2003,Rd 4,4,1,22,2003-04-04,Canterbury Bulldogs,Parramatta Eels,30,10,Telstra,https://www.rugbyleagueproject.org/matches/1926
2003|Rd 4|NQ Cowboys|Brisbane Broncos,2003,Rd 4,4,2,23,2003-04-05,NQ Cowboys,Brisbane Broncos,24,32,Dairy Farmers,https://www.rugbyleagueproject.org/matches/328
2003|Rd 4|Newcastle Knights|Melbourne Storm,2003,Rd 4,4,3,24,2003-04-05,Newcastle Knights,Melbourne Storm,44,28,EnergyAustralia,https://www.rugbyleagueproject.org/matches/1928
2003|Rd 4|Penrith Panthers|Canberra Raiders,2003,Rd 4,4,4,25,2003-04-05,Penrith Panthers,Canberra Raiders,28,40,Penrith,https://www.rugbyleagueproject.org/matches/1927
2003|Rd 4|Cronulla Sharks|Sydney Roosters,2003,Rd 4,4,5,26,2003-04-06,Cronulla Sharks,Sydney Roosters,20,40,Toyota,https://www.rugbyleagueproject.org/matches/1930
2003|Rd 4|Manly Sea Eagles|Wests Tigers,2003,Rd 4,4,6,27,2003-04-06,Manly Sea Eagles,Wests Tigers,12,38,Brookvale,https://www.rugbyleagueproject.org/matches/1931
2003|Rd 4|New Zealand Warriors|South Sydney Rabbitohs,2003,Rd 4,4,7,28,2003-04-06,New Zealand Warriors,South Sydney Rabbitohs,38,16,Ericsson,https://www.rugbyleagueproject.org/matches/1929
2003|Rd 5|Newcastle Knights|Canterbury Bulldogs,2003,Rd 5,5,1,29,2003-04-11,Newcastle Knights,Canterbury Bulldogs,12,6,EnergyAustralia,https://www.rugbyleagueproject.org/matches/1932
2003|Rd 5|Melbourne Storm|Cronulla Sharks,2003,Rd 5,5,2,30,2003-04-12,Melbourne Storm,Cronulla Sharks,18,12,Olympic Park,https://www.rugbyleagueproject.org/matches/1933
2003|Rd 5|NQ Cowboys|Sydney Roosters,2003,Rd 5,5,3,31,2003-04-12,NQ Cowboys,Sydney Roosters,0,32,Dairy Farmers,https://www.rugbyleagueproject.org/matches/329
2003|Rd 5|South Sydney Rabbitohs|Wests Tigers,2003,Rd 5,5,4,32,2003-04-12,South Sydney Rabbitohs,Wests Tigers,32,22,Aussie,https://www.rugbyleagueproject.org/matches/1934
2003|Rd 5|Brisbane Broncos|New Zealand Warriors,2003,Rd 5,5,5,33,2003-04-13,Brisbane Broncos,New Zealand Warriors,12,32,ANZ,https://www.rugbyleagueproject.org/matches/1936
2003|Rd 5|Parramatta Eels|Canberra Raiders,2003,Rd 5,5,6,34,2003-04-13,Parramatta Eels,Canberra Raiders,22,36,Parramatta,https://www.rugbyleagueproject.org/matches/1937
2003|Rd 5|St. George Illawarra Dragons|Manly Sea Eagles,2003,Rd 5,5,7,35,2003-04-13,St. George Illawarra Dragons,Manly Sea Eagles,12,38,WIN,https://www.rugbyleagueproject.org/matches/1935
2003|Rd 6|Sydney Roosters|Brisbane Broncos,2003,Rd 6,6,1,36,2003-04-18,Sydney Roosters,Brisbane Broncos,27,20,Aussie,https://www.rugbyleagueproject.org/matches/1938
2003|Rd 6|Canterbury Bulldogs|St. George Illawarra Dragons,2003,Rd 6,6,2,37,2003-04-19,Canterbury Bulldogs,St. George Illawarra Dragons,14,24,Telstra,https://www.rugbyleagueproject.org/matches/1940
2003|Rd 6|South Sydney Rabbitohs|Penrith Panthers,2003,Rd 6,6,3,38,2003-04-19,South Sydney Rabbitohs,Penrith Panthers,14,16,Aussie,https://www.rugbyleagueproject.org/matches/1939
2003|Rd 6|Wests Tigers|Parramatta Eels,2003,Rd 6,6,4,39,2003-04-19,Wests Tigers,Parramatta Eels,8,28,Telstra,https://www.rugbyleagueproject.org/matches/1941
2003|Rd 6|Cronulla Sharks|Newcastle Knights,2003,Rd 6,6,5,40,2003-04-20,Cronulla Sharks,Newcastle Knights,24,32,Toyota,https://www.rugbyleagueproject.org/matches/1942
2003|Rd 6|Manly Sea Eagles|Melbourne Storm,2003,Rd 6,6,6,41,2003-04-20,Manly Sea Eagles,Melbourne Storm,20,14,Brookvale,https://www.rugbyleagueproject.org/matches/1943
2003|Rd 6|New Zealand Warriors|NQ Cowboys,2003,Rd 6,6,7,42,2003-04-21,New Zealand Warriors,NQ Cowboys,30,24,Ericsson,https://www.rugbyleagueproject.org/matches/191
2003|Rd 7|Parramatta Eels|Brisbane Broncos,2003,Rd 7,7,1,43,2003-04-25,Parramatta Eels,Brisbane Broncos,14,20,Parramatta,https://www.rugbyleagueproject.org/matches/1945
2003|Rd 7|Sydney Roosters|St. George Illawarra Dragons,2003,Rd 7,7,2,44,2003-04-25,Sydney Roosters,St. George Illawarra Dragons,20,24,Aussie,https://www.rugbyleagueproject.org/matches/1944
2003|Rd 7|Canberra Raiders|Canterbury Bulldogs,2003,Rd 7,7,3,45,2003-04-26,Canberra Raiders,Canterbury Bulldogs,26,22,Canberra Stadium,https://www.rugbyleagueproject.org/matches/1947
2003|Rd 7|NQ Cowboys|Melbourne Storm,2003,Rd 7,7,4,46,2003-04-26,NQ Cowboys,Melbourne Storm,32,12,Dairy Farmers,https://www.rugbyleagueproject.org/matches/330
2003|Rd 7|Newcastle Knights|Wests Tigers,2003,Rd 7,7,5,47,2003-04-26,Newcastle Knights,Wests Tigers,34,6,EnergyAustralia,https://www.rugbyleagueproject.org/matches/1946
2003|Rd 7|Manly Sea Eagles|South Sydney Rabbitohs,2003,Rd 7,7,6,48,2003-04-27,Manly Sea Eagles,South Sydney Rabbitohs,28,20,Brookvale,https://www.rugbyleagueproject.org/matches/1949
2003|Rd 7|New Zealand Warriors|Penrith Panthers,2003,Rd 7,7,7,49,2003-04-27,New Zealand Warriors,Penrith Panthers,14,28,Ericsson,https://www.rugbyleagueproject.org/matches/1948
2003|Rd 8|Canterbury Bulldogs|New Zealand Warriors,2003,Rd 8,8,1,50,2003-05-02,Canterbury Bulldogs,New Zealand Warriors,18,12,Westpac,https://www.rugbyleagueproject.org/matches/1950
2003|Rd 8|Parramatta Eels|Sydney Roosters,2003,Rd 8,8,2,51,2003-05-02,Parramatta Eels,Sydney Roosters,12,44,Parramatta,https://www.rugbyleagueproject.org/matches/1951
2003|Rd 8|Melbourne Storm|Newcastle Knights,2003,Rd 8,8,3,52,2003-05-03,Melbourne Storm,Newcastle Knights,46,6,Olympic Park,https://www.rugbyleagueproject.org/matches/1953
2003|Rd 8|Penrith Panthers|Manly Sea Eagles,2003,Rd 8,8,4,53,2003-05-03,Penrith Panthers,Manly Sea Eagles,30,29,Penrith,https://www.rugbyleagueproject.org/matches/1952
2003|Rd 8|South Sydney Rabbitohs|Canberra Raiders,2003,Rd 8,8,5,54,2003-05-03,South Sydney Rabbitohs,Canberra Raiders,12,34,Aussie,https://www.rugbyleagueproject.org/matches/1954
2003|Rd 8|St. George Illawarra Dragons|Cronulla Sharks,2003,Rd 8,8,6,55,2003-05-04,St. George Illawarra Dragons,Cronulla Sharks,28,12,Oki Jubilee,https://www.rugbyleagueproject.org/matches/1955
2003|Rd 8|Wests Tigers|Brisbane Broncos,2003,Rd 8,8,7,56,2003-05-04,Wests Tigers,Brisbane Broncos,6,38,Leichhardt,https://www.rugbyleagueproject.org/matches/1956
2003|Rd 9|Canterbury Bulldogs|Sydney Roosters,2003,Rd 9,9,1,57,2003-05-09,Canterbury Bulldogs,Sydney Roosters,32,26,Telstra,https://www.rugbyleagueproject.org/matches/1957
2003|Rd 9|Cronulla Sharks|Manly Sea Eagles,2003,Rd 9,9,2,58,2003-05-10,Cronulla Sharks,Manly Sea Eagles,40,16,Toyota,https://www.rugbyleagueproject.org/matches/1960
2003|Rd 9|Melbourne Storm|Canberra Raiders,2003,Rd 9,9,3,59,2003-05-10,Melbourne Storm,Canberra Raiders,30,10,Olympic Park,https://www.rugbyleagueproject.org/matches/1959
2003|Rd 9|New Zealand Warriors|Parramatta Eels,2003,Rd 9,9,4,60,2003-05-10,New Zealand Warriors,Parramatta Eels,18,16,Ericsson,https://www.rugbyleagueproject.org/matches/1958
2003|Rd 9|Brisbane Broncos|NQ Cowboys,2003,Rd 9,9,5,61,2003-05-11,Brisbane Broncos,NQ Cowboys,38,12,ANZ,https://www.rugbyleagueproject.org/matches/193
2003|Rd 9|Newcastle Knights|South Sydney Rabbitohs,2003,Rd 9,9,6,62,2003-05-11,Newcastle Knights,South Sydney Rabbitohs,42,28,EnergyAustralia,https://www.rugbyleagueproject.org/matches/1962
2003|Rd 9|Penrith Panthers|St. George Illawarra Dragons,2003,Rd 9,9,7,63,2003-05-11,Penrith Panthers,St. George Illawarra Dragons,30,26,Penrith,https://www.rugbyleagueproject.org/matches/1961
2003|Rd 10|Canberra Raiders|Penrith Panthers,2003,Rd 10,10,1,64,2003-05-17,Canberra Raiders,Penrith Panthers,18,26,Canberra Stadium,https://www.rugbyleagueproject.org/matches/1963
2003|Rd 10|NQ Cowboys|Wests Tigers,2003,Rd 10,10,2,65,2003-05-17,NQ Cowboys,Wests Tigers,26,8,Dairy Farmers,https://www.rugbyleagueproject.org/matches/331
2003|Rd 10|St. George Illawarra Dragons|Canterbury Bulldogs,2003,Rd 10,10,3,66,2003-05-17,St. George Illawarra Dragons,Canterbury Bulldogs,16,18,WIN,https://www.rugbyleagueproject.org/matches/1964
2003|Rd 10|Brisbane Broncos|Melbourne Storm,2003,Rd 10,10,4,67,2003-05-18,Brisbane Broncos,Melbourne Storm,36,16,ANZ,https://www.rugbyleagueproject.org/matches/1966
2003|Rd 10|Cronulla Sharks|South Sydney Rabbitohs,2003,Rd 10,10,5,68,2003-05-18,Cronulla Sharks,South Sydney Rabbitohs,30,14,Toyota,https://www.rugbyleagueproject.org/matches/1967
2003|Rd 10|Manly Sea Eagles|Parramatta Eels,2003,Rd 10,10,6,69,2003-05-18,Manly Sea Eagles,Parramatta Eels,36,34,Brookvale,https://www.rugbyleagueproject.org/matches/1965
2003|Rd 10|Sydney Roosters|Newcastle Knights,2003,Rd 10,10,7,70,2003-05-18,Sydney Roosters,Newcastle Knights,36,14,Aussie,https://www.rugbyleagueproject.org/matches/1968
2003|Rd 11|Canberra Raiders|New Zealand Warriors,2003,Rd 11,11,1,71,2003-05-23,Canberra Raiders,New Zealand Warriors,18,10,Westpac,https://www.rugbyleagueproject.org/matches/1970
2003|Rd 11|Canterbury Bulldogs|Brisbane Broncos,2003,Rd 11,11,2,72,2003-05-23,Canterbury Bulldogs,Brisbane Broncos,0,24,Telstra,https://www.rugbyleagueproject.org/matches/1969
2003|Rd 11|Manly Sea Eagles|NQ Cowboys,2003,Rd 11,11,3,73,2003-05-24,Manly Sea Eagles,NQ Cowboys,20,31,Brookvale,https://www.rugbyleagueproject.org/matches/195
2003|Rd 11|Newcastle Knights|Cronulla Sharks,2003,Rd 11,11,4,74,2003-05-24,Newcastle Knights,Cronulla Sharks,24,30,EnergyAustralia,https://www.rugbyleagueproject.org/matches/1972
2003|Rd 11|Parramatta Eels|Melbourne Storm,2003,Rd 11,11,5,75,2003-05-24,Parramatta Eels,Melbourne Storm,10,12,Parramatta,https://www.rugbyleagueproject.org/matches/1971
2003|Rd 11|South Sydney Rabbitohs|St. George Illawarra Dragons,2003,Rd 11,11,6,76,2003-05-25,South Sydney Rabbitohs,St. George Illawarra Dragons,16,18,SCG,https://www.rugbyleagueproject.org/matches/1974
2003|Rd 11|Wests Tigers|Penrith Panthers,2003,Rd 11,11,7,77,2003-05-25,Wests Tigers,Penrith Panthers,4,26,Campbelltown,https://www.rugbyleagueproject.org/matches/1973
2003|Rd 12|Cronulla Sharks|Canberra Raiders,2003,Rd 12,12,1,78,2003-05-30,Cronulla Sharks,Canberra Raiders,14,20,Toyota,https://www.rugbyleagueproject.org/matches/1975
2003|Rd 12|Canterbury Bulldogs|Wests Tigers,2003,Rd 12,12,2,79,2003-05-31,Canterbury Bulldogs,Wests Tigers,14,20,Showground,https://www.rugbyleagueproject.org/matches/1976
2003|Rd 12|Parramatta Eels|South Sydney Rabbitohs,2003,Rd 12,12,3,80,2003-05-31,Parramatta Eels,South Sydney Rabbitohs,28,4,Parramatta,https://www.rugbyleagueproject.org/matches/1977
2003|Rd 12|Penrith Panthers|New Zealand Warriors,2003,Rd 12,12,4,81,2003-05-31,Penrith Panthers,New Zealand Warriors,34,12,Penrith,https://www.rugbyleagueproject.org/matches/1978
2003|Rd 12|Brisbane Broncos|Newcastle Knights,2003,Rd 12,12,5,82,2003-06-01,Brisbane Broncos,Newcastle Knights,22,32,Suncorp,https://www.rugbyleagueproject.org/matches/1980
2003|Rd 12|Melbourne Storm|Sydney Roosters,2003,Rd 12,12,6,83,2003-06-01,Melbourne Storm,Sydney Roosters,20,27,Olympic Park,https://www.rugbyleagueproject.org/matches/1979
2003|Rd 12|St. George Illawarra Dragons|NQ Cowboys,2003,Rd 12,12,7,84,2003-06-01,St. George Illawarra Dragons,NQ Cowboys,16,36,Oki Jubilee,https://www.rugbyleagueproject.org/matches/196
2003|Rd 13|Sydney Roosters|Canterbury Bulldogs,2003,Rd 13,13,1,85,2003-06-06,Sydney Roosters,Canterbury Bulldogs,18,28,Aussie,https://www.rugbyleagueproject.org/matches/1981
2003|Rd 13|Canberra Raiders|Parramatta Eels,2003,Rd 13,13,2,86,2003-06-07,Canberra Raiders,Parramatta Eels,50,14,Canberra Stadium,https://www.rugbyleagueproject.org/matches/1983
2003|Rd 13|NQ Cowboys|Penrith Panthers,2003,Rd 13,13,3,87,2003-06-07,NQ Cowboys,Penrith Panthers,24,28,Dairy Farmers,https://www.rugbyleagueproject.org/matches/332
2003|Rd 13|New Zealand Warriors|Cronulla Sharks,2003,Rd 13,13,4,88,2003-06-07,New Zealand Warriors,Cronulla Sharks,23,6,Ericsson,https://www.rugbyleagueproject.org/matches/1982
2003|Rd 13|South Sydney Rabbitohs|Melbourne Storm,2003,Rd 13,13,5,89,2003-06-08,South Sydney Rabbitohs,Melbourne Storm,41,14,Aussie,https://www.rugbyleagueproject.org/matches/1984
2003|Rd 13|Wests Tigers|Manly Sea Eagles,2003,Rd 13,13,6,90,2003-06-08,Wests Tigers,Manly Sea Eagles,30,38,Leichhardt,https://www.rugbyleagueproject.org/matches/1985
2003|Rd 14|Newcastle Knights|St. George Illawarra Dragons,2003,Rd 14,14,1,91,2003-06-13,Newcastle Knights,St. George Illawarra Dragons,32,30,EnergyAustralia,https://www.rugbyleagueproject.org/matches/1986
2003|Rd 14|Cronulla Sharks|Wests Tigers,2003,Rd 14,14,2,92,2003-06-14,Cronulla Sharks,Wests Tigers,28,26,Toyota,https://www.rugbyleagueproject.org/matches/1988
2003|Rd 14|Parramatta Eels|New Zealand Warriors,2003,Rd 14,14,3,93,2003-06-14,Parramatta Eels,New Zealand Warriors,28,26,Parramatta,https://www.rugbyleagueproject.org/matches/1989
2003|Rd 14|Penrith Panthers|Melbourne Storm,2003,Rd 14,14,4,94,2003-06-14,Penrith Panthers,Melbourne Storm,12,32,Penrith,https://www.rugbyleagueproject.org/matches/1987
2003|Rd 14|Canberra Raiders|Brisbane Broncos,2003,Rd 14,14,5,95,2003-06-15,Canberra Raiders,Brisbane Broncos,20,24,Canberra Stadium,https://www.rugbyleagueproject.org/matches/1991
2003|Rd 14|Canterbury Bulldogs|Manly Sea Eagles,2003,Rd 14,14,6,96,2003-06-15,Canterbury Bulldogs,Manly Sea Eagles,34,20,Showground,https://www.rugbyleagueproject.org/matches/1990
2003|Rd 14|Sydney Roosters|NQ Cowboys,2003,Rd 14,14,7,97,2003-06-15,Sydney Roosters,NQ Cowboys,15,14,Aussie,https://www.rugbyleagueproject.org/matches/198
2003|Rd 15|Penrith Panthers|Newcastle Knights,2003,Rd 15,15,1,98,2003-06-20,Penrith Panthers,Newcastle Knights,34,6,Penrith,https://www.rugbyleagueproject.org/matches/1992
2003|Rd 15|Manly Sea Eagles|Cronulla Sharks,2003,Rd 15,15,2,99,2003-06-21,Manly Sea Eagles,Cronulla Sharks,36,18,Brookvale,https://www.rugbyleagueproject.org/matches/1994
2003|Rd 15|Parramatta Eels|NQ Cowboys,2003,Rd 15,15,3,100,2003-06-21,Parramatta Eels,NQ Cowboys,24,22,Parramatta,https://www.rugbyleagueproject.org/matches/199
2003|Rd 15|St. George Illawarra Dragons|South Sydney Rabbitohs,2003,Rd 15,15,4,101,2003-06-21,St. George Illawarra Dragons,South Sydney Rabbitohs,34,20,WIN,https://www.rugbyleagueproject.org/matches/1993
2003|Rd 15|Melbourne Storm|Canterbury Bulldogs,2003,Rd 15,15,5,102,2003-06-22,Melbourne Storm,Canterbury Bulldogs,12,26,Olympic Park,https://www.rugbyleagueproject.org/matches/1995
2003|Rd 15|New Zealand Warriors|Canberra Raiders,2003,Rd 15,15,6,103,2003-06-22,New Zealand Warriors,Canberra Raiders,26,18,Ericsson,https://www.rugbyleagueproject.org/matches/1996
2003|Rd 15|Wests Tigers|Sydney Roosters,2003,Rd 15,15,7,104,2003-06-22,Wests Tigers,Sydney Roosters,30,22,Campbelltown,https://www.rugbyleagueproject.org/matches/1997
2003|Rd 16|Brisbane Broncos|Sydney Roosters,2003,Rd 16,16,1,105,2003-06-27,Brisbane Broncos,Sydney Roosters,10,8,Suncorp,https://www.rugbyleagueproject.org/matches/1998
2003|Rd 16|Manly Sea Eagles|St. George Illawarra Dragons,2003,Rd 16,16,2,106,2003-06-28,Manly Sea Eagles,St. George Illawarra Dragons,28,42,Brookvale,https://www.rugbyleagueproject.org/matches/2000
2003|Rd 16|Melbourne Storm|Wests Tigers,2003,Rd 16,16,3,107,2003-06-28,Melbourne Storm,Wests Tigers,16,8,Olympic Park,https://www.rugbyleagueproject.org/matches/1999
2003|Rd 16|NQ Cowboys|Cronulla Sharks,2003,Rd 16,16,4,108,2003-06-28,NQ Cowboys,Cronulla Sharks,28,34,Dairy Farmers,https://www.rugbyleagueproject.org/matches/333
2003|Rd 16|Newcastle Knights|Parramatta Eels,2003,Rd 16,16,5,109,2003-06-29,Newcastle Knights,Parramatta Eels,30,16,EnergyAustralia,https://www.rugbyleagueproject.org/matches/2002
2003|Rd 16|Penrith Panthers|Canterbury Bulldogs,2003,Rd 16,16,6,110,2003-06-29,Penrith Panthers,Canterbury Bulldogs,28,26,Penrith,https://www.rugbyleagueproject.org/matches/2003
2003|Rd 16|South Sydney Rabbitohs|New Zealand Warriors,2003,Rd 16,16,7,111,2003-06-29,South Sydney Rabbitohs,New Zealand Warriors,30,31,Aussie,https://www.rugbyleagueproject.org/matches/2001
2003|Rd 17|St. George Illawarra Dragons|Brisbane Broncos,2003,Rd 17,17,1,112,2003-07-04,St. George Illawarra Dragons,Brisbane Broncos,32,16,WIN,https://www.rugbyleagueproject.org/matches/2004
2003|Rd 17|Cronulla Sharks|Penrith Panthers,2003,Rd 17,17,2,113,2003-07-05,Cronulla Sharks,Penrith Panthers,0,20,Toyota,https://www.rugbyleagueproject.org/matches/2005
2003|Rd 17|NQ Cowboys|New Zealand Warriors,2003,Rd 17,17,3,114,2003-07-05,NQ Cowboys,New Zealand Warriors,30,10,Dairy Farmers,https://www.rugbyleagueproject.org/matches/334
2003|Rd 17|Sydney Roosters|South Sydney Rabbitohs,2003,Rd 17,17,4,115,2003-07-05,Sydney Roosters,South Sydney Rabbitohs,38,10,Aussie,https://www.rugbyleagueproject.org/matches/2006
2003|Rd 17|Canberra Raiders|Melbourne Storm,2003,Rd 17,17,5,116,2003-07-06,Canberra Raiders,Melbourne Storm,8,18,Canberra Stadium,https://www.rugbyleagueproject.org/matches/2009
2003|Rd 17|Canterbury Bulldogs|Newcastle Knights,2003,Rd 17,17,6,117,2003-07-06,Canterbury Bulldogs,Newcastle Knights,48,14,Telstra,https://www.rugbyleagueproject.org/matches/2007
2003|Rd 17|Parramatta Eels|Manly Sea Eagles,2003,Rd 17,17,7,118,2003-07-06,Parramatta Eels,Manly Sea Eagles,27,16,Parramatta,https://www.rugbyleagueproject.org/matches/2008
2003|Rd 18|Brisbane Broncos|Canterbury Bulldogs,2003,Rd 18,18,1,119,2003-07-11,Brisbane Broncos,Canterbury Bulldogs,4,40,Suncorp,https://www.rugbyleagueproject.org/matches/2010
2003|Rd 18|Melbourne Storm|NQ Cowboys,2003,Rd 18,18,2,120,2003-07-12,Melbourne Storm,NQ Cowboys,22,16,Olympic Park,https://www.rugbyleagueproject.org/matches/202
2003|Rd 18|New Zealand Warriors|Manly Sea Eagles,2003,Rd 18,18,3,121,2003-07-12,New Zealand Warriors,Manly Sea Eagles,20,12,Ericsson,https://www.rugbyleagueproject.org/matches/2012
2003|Rd 18|Penrith Panthers|South Sydney Rabbitohs,2003,Rd 18,18,4,122,2003-07-12,Penrith Panthers,South Sydney Rabbitohs,30,24,Penrith,https://www.rugbyleagueproject.org/matches/2011
2003|Rd 18|St. George Illawarra Dragons|Canberra Raiders,2003,Rd 18,18,5,123,2003-07-13,St. George Illawarra Dragons,Canberra Raiders,18,19,Oki Jubilee,https://www.rugbyleagueproject.org/matches/2014
2003|Rd 18|Wests Tigers|Cronulla Sharks,2003,Rd 18,18,6,124,2003-07-13,Wests Tigers,Cronulla Sharks,44,12,Leichhardt,https://www.rugbyleagueproject.org/matches/2013
2003|Rd 19|Newcastle Knights|Penrith Panthers,2003,Rd 19,19,1,125,2003-07-18,Newcastle Knights,Penrith Panthers,16,29,EnergyAustralia,https://www.rugbyleagueproject.org/matches/2015
2003|Rd 19|Canberra Raiders|Wests Tigers,2003,Rd 19,19,2,126,2003-07-19,Canberra Raiders,Wests Tigers,28,26,Canberra Stadium,https://www.rugbyleagueproject.org/matches/2016
2003|Rd 19|Cronulla Sharks|New Zealand Warriors,2003,Rd 19,19,3,127,2003-07-19,Cronulla Sharks,New Zealand Warriors,24,31,Toyota,https://www.rugbyleagueproject.org/matches/2017
2003|Rd 19|NQ Cowboys|St. George Illawarra Dragons,2003,Rd 19,19,4,128,2003-07-19,NQ Cowboys,St. George Illawarra Dragons,16,36,Dairy Farmers,https://www.rugbyleagueproject.org/matches/335
2003|Rd 19|Manly Sea Eagles|Sydney Roosters,2003,Rd 19,19,5,129,2003-07-20,Manly Sea Eagles,Sydney Roosters,26,50,Brookvale,https://www.rugbyleagueproject.org/matches/2018
2003|Rd 19|Melbourne Storm|Brisbane Broncos,2003,Rd 19,19,6,130,2003-07-20,Melbourne Storm,Brisbane Broncos,22,26,Olympic Park,https://www.rugbyleagueproject.org/matches/2019
2003|Rd 19|South Sydney Rabbitohs|Parramatta Eels,2003,Rd 19,19,7,131,2003-07-20,South Sydney Rabbitohs,Parramatta Eels,20,34,Aussie,https://www.rugbyleagueproject.org/matches/2020
2003|Rd 20|Brisbane Broncos|Manly Sea Eagles,2003,Rd 20,20,1,132,2003-07-26,Brisbane Broncos,Manly Sea Eagles,20,26,Suncorp,https://www.rugbyleagueproject.org/matches/2022
2003|Rd 20|Melbourne Storm|South Sydney Rabbitohs,2003,Rd 20,20,2,133,2003-07-26,Melbourne Storm,South Sydney Rabbitohs,24,6,Olympic Park,https://www.rugbyleagueproject.org/matches/2021
2003|Rd 20|Parramatta Eels|St. George Illawarra Dragons,2003,Rd 20,20,3,134,2003-07-26,Parramatta Eels,St. George Illawarra Dragons,36,10,Parramatta,https://www.rugbyleagueproject.org/matches/2023
2003|Rd 20|Canberra Raiders|Cronulla Sharks,2003,Rd 20,20,4,135,2003-07-27,Canberra Raiders,Cronulla Sharks,40,12,Canberra Stadium,https://www.rugbyleagueproject.org/matches/2024
2003|Rd 20|Canterbury Bulldogs|NQ Cowboys,2003,Rd 20,20,5,136,2003-07-27,Canterbury Bulldogs,NQ Cowboys,42,22,Showground,https://www.rugbyleagueproject.org/matches/204
2003|Rd 20|Penrith Panthers|Sydney Roosters,2003,Rd 20,20,6,137,2003-07-27,Penrith Panthers,Sydney Roosters,24,38,Penrith,https://www.rugbyleagueproject.org/matches/2026
2003|Rd 20|Wests Tigers|Newcastle Knights,2003,Rd 20,20,7,138,2003-07-27,Wests Tigers,Newcastle Knights,52,12,Campbelltown,https://www.rugbyleagueproject.org/matches/2025
2003|Rd 21|Sydney Roosters|Canberra Raiders,2003,Rd 21,21,1,139,2003-08-01,Sydney Roosters,Canberra Raiders,20,16,Aussie,https://www.rugbyleagueproject.org/matches/2027
2003|Rd 21|Cronulla Sharks|Brisbane Broncos,2003,Rd 21,21,2,140,2003-08-02,Cronulla Sharks,Brisbane Broncos,20,10,Toyota,https://www.rugbyleagueproject.org/matches/2030
2003|Rd 21|New Zealand Warriors|Melbourne Storm,2003,Rd 21,21,3,141,2003-08-02,New Zealand Warriors,Melbourne Storm,12,14,Ericsson,https://www.rugbyleagueproject.org/matches/2029
2003|Rd 21|Parramatta Eels|Wests Tigers,2003,Rd 21,21,4,142,2003-08-02,Parramatta Eels,Wests Tigers,21,18,Parramatta,https://www.rugbyleagueproject.org/matches/2028
2003|Rd 21|Newcastle Knights|Manly Sea Eagles,2003,Rd 21,21,5,143,2003-08-03,Newcastle Knights,Manly Sea Eagles,36,28,EnergyAustralia,https://www.rugbyleagueproject.org/matches/2031
2003|Rd 21|South Sydney Rabbitohs|Canterbury Bulldogs,2003,Rd 21,21,6,144,2003-08-03,South Sydney Rabbitohs,Canterbury Bulldogs,12,62,Aussie,https://www.rugbyleagueproject.org/matches/2033
2003|Rd 21|St. George Illawarra Dragons|Penrith Panthers,2003,Rd 21,21,7,145,2003-08-03,St. George Illawarra Dragons,Penrith Panthers,34,28,WIN,https://www.rugbyleagueproject.org/matches/2032
2003|Rd 22|Brisbane Broncos|Penrith Panthers,2003,Rd 22,22,1,146,2003-08-08,Brisbane Broncos,Penrith Panthers,6,13,Suncorp,https://www.rugbyleagueproject.org/matches/2034
2003|Rd 22|NQ Cowboys|Newcastle Knights,2003,Rd 22,22,2,147,2003-08-09,NQ Cowboys,Newcastle Knights,24,60,Dairy Farmers,https://www.rugbyleagueproject.org/matches/336
2003|Rd 22|Sydney Roosters|Cronulla Sharks,2003,Rd 22,22,3,148,2003-08-09,Sydney Roosters,Cronulla Sharks,36,28,Aussie,https://www.rugbyleagueproject.org/matches/2035
2003|Rd 22|Wests Tigers|South Sydney Rabbitohs,2003,Rd 22,22,4,149,2003-08-09,Wests Tigers,South Sydney Rabbitohs,16,18,Leichhardt,https://www.rugbyleagueproject.org/matches/2036
2003|Rd 22|Canterbury Bulldogs|Melbourne Storm,2003,Rd 22,22,5,150,2003-08-10,Canterbury Bulldogs,Melbourne Storm,50,4,Showground,https://www.rugbyleagueproject.org/matches/2037
2003|Rd 22|Manly Sea Eagles|Canberra Raiders,2003,Rd 22,22,6,151,2003-08-10,Manly Sea Eagles,Canberra Raiders,16,51,Brookvale,https://www.rugbyleagueproject.org/matches/2039
2003|Rd 22|St. George Illawarra Dragons|New Zealand Warriors,2003,Rd 22,22,7,152,2003-08-10,St. George Illawarra Dragons,New Zealand Warriors,20,30,Oki Jubilee,https://www.rugbyleagueproject.org/matches/2038
2003|Rd 23|Newcastle Knights|New Zealand Warriors,2003,Rd 23,23,1,153,2003-08-15,Newcastle Knights,New Zealand Warriors,36,20,EnergyAustralia,https://www.rugbyleagueproject.org/matches/2040
2003|Rd 23|Brisbane Broncos|Wests Tigers,2003,Rd 23,23,2,154,2003-08-16,Brisbane Broncos,Wests Tigers,10,12,Suncorp,https://www.rugbyleagueproject.org/matches/2042
2003|Rd 23|Canberra Raiders|NQ Cowboys,2003,Rd 23,23,3,155,2003-08-16,Canberra Raiders,NQ Cowboys,28,34,Canberra Stadium,https://www.rugbyleagueproject.org/matches/206
2003|Rd 23|Cronulla Sharks|St. George Illawarra Dragons,2003,Rd 23,23,4,156,2003-08-16,Cronulla Sharks,St. George Illawarra Dragons,25,16,Toyota,https://www.rugbyleagueproject.org/matches/2041
2003|Rd 23|Manly Sea Eagles|Canterbury Bulldogs,2003,Rd 23,23,5,157,2003-08-17,Manly Sea Eagles,Canterbury Bulldogs,24,56,Brookvale,https://www.rugbyleagueproject.org/matches/2045
2003|Rd 23|Melbourne Storm|Parramatta Eels,2003,Rd 23,23,6,158,2003-08-17,Melbourne Storm,Parramatta Eels,50,12,Olympic Park,https://www.rugbyleagueproject.org/matches/2043
2003|Rd 23|South Sydney Rabbitohs|Sydney Roosters,2003,Rd 23,23,7,159,2003-08-17,South Sydney Rabbitohs,Sydney Roosters,12,22,Aussie,https://www.rugbyleagueproject.org/matches/2044
2003|Rd 24|St. George Illawarra Dragons|Melbourne Storm,2003,Rd 24,24,1,160,2003-08-22,St. George Illawarra Dragons,Melbourne Storm,14,22,WIN,https://www.rugbyleagueproject.org/matches/2046
2003|Rd 24|NQ Cowboys|South Sydney Rabbitohs,2003,Rd 24,24,2,161,2003-08-23,NQ Cowboys,South Sydney Rabbitohs,60,8,Dairy Farmers,https://www.rugbyleagueproject.org/matches/337
2003|Rd 24|Parramatta Eels|Cronulla Sharks,2003,Rd 24,24,3,162,2003-08-23,Parramatta Eels,Cronulla Sharks,74,4,Parramatta,https://www.rugbyleagueproject.org/matches/2048
2003|Rd 24|Penrith Panthers|Wests Tigers,2003,Rd 24,24,4,163,2003-08-23,Penrith Panthers,Wests Tigers,44,28,Penrith,https://www.rugbyleagueproject.org/matches/2047
2003|Rd 24|Canberra Raiders|Newcastle Knights,2003,Rd 24,24,5,164,2003-08-24,Canberra Raiders,Newcastle Knights,24,16,Canberra Stadium,https://www.rugbyleagueproject.org/matches/2050
2003|Rd 24|New Zealand Warriors|Brisbane Broncos,2003,Rd 24,24,6,165,2003-08-24,New Zealand Warriors,Brisbane Broncos,22,14,Ericsson,https://www.rugbyleagueproject.org/matches/2051
2003|Rd 24|Sydney Roosters|Manly Sea Eagles,2003,Rd 24,24,7,166,2003-08-24,Sydney Roosters,Manly Sea Eagles,46,16,Aussie,https://www.rugbyleagueproject.org/matches/2049
2003|Rd 25|Canterbury Bulldogs|Canberra Raiders,2003,Rd 25,25,1,167,2003-08-29,Canterbury Bulldogs,Canberra Raiders,16,21,Showground,https://www.rugbyleagueproject.org/matches/2052
2003|Rd 25|Brisbane Broncos|Parramatta Eels,2003,Rd 25,25,2,168,2003-08-30,Brisbane Broncos,Parramatta Eels,14,16,Suncorp,https://www.rugbyleagueproject.org/matches/2055
2003|Rd 25|Manly Sea Eagles|Penrith Panthers,2003,Rd 25,25,3,169,2003-08-30,Manly Sea Eagles,Penrith Panthers,26,52,Brookvale,https://www.rugbyleagueproject.org/matches/2053
2003|Rd 25|South Sydney Rabbitohs|Cronulla Sharks,2003,Rd 25,25,4,170,2003-08-30,South Sydney Rabbitohs,Cronulla Sharks,34,54,Aussie,https://www.rugbyleagueproject.org/matches/2054
2003|Rd 25|St. George Illawarra Dragons|Newcastle Knights,2003,Rd 25,25,5,171,2003-08-31,St. George Illawarra Dragons,Newcastle Knights,8,42,Oki Jubilee,https://www.rugbyleagueproject.org/matches/2056
2003|Rd 25|Sydney Roosters|New Zealand Warriors,2003,Rd 25,25,6,172,2003-08-31,Sydney Roosters,New Zealand Warriors,24,26,Aussie,https://www.rugbyleagueproject.org/matches/2057
2003|Rd 25|Wests Tigers|NQ Cowboys,2003,Rd 25,25,7,173,2003-08-31,Wests Tigers,NQ Cowboys,14,34,Campbelltown,https://www.rugbyleagueproject.org/matches/208
2003|Rd 26|Brisbane Broncos|St. George Illawarra Dragons,2003,Rd 26,26,1,174,2003-09-05,Brisbane Broncos,St. George Illawarra Dragons,25,26,Suncorp,https://www.rugbyleagueproject.org/matches/2058
2003|Rd 26|Cronulla Sharks|Canterbury Bulldogs,2003,Rd 26,26,2,175,2003-09-06,Cronulla Sharks,Canterbury Bulldogs,14,28,Toyota,https://www.rugbyleagueproject.org/matches/2061
2003|Rd 26|Melbourne Storm|Manly Sea Eagles,2003,Rd 26,26,3,176,2003-09-06,Melbourne Storm,Manly Sea Eagles,40,10,Olympic Park,https://www.rugbyleagueproject.org/matches/2060
2003|Rd 26|New Zealand Warriors|Wests Tigers,2003,Rd 26,26,4,177,2003-09-06,New Zealand Warriors,Wests Tigers,32,16,Ericsson,https://www.rugbyleagueproject.org/matches/2059
2003|Rd 26|Canberra Raiders|Sydney Roosters,2003,Rd 26,26,5,178,2003-09-07,Canberra Raiders,Sydney Roosters,16,23,Canberra Stadium,https://www.rugbyleagueproject.org/matches/2062
2003|Rd 26|Newcastle Knights|NQ Cowboys,2003,Rd 26,26,6,179,2003-09-07,Newcastle Knights,NQ Cowboys,34,26,EnergyAustralia,https://www.rugbyleagueproject.org/matches/209
2003|Rd 26|Penrith Panthers|Parramatta Eels,2003,Rd 26,26,7,180,2003-09-07,Penrith Panthers,Parramatta Eels,40,22,Penrith,https://www.rugbyleagueproject.org/matches/2063
2003|Qualif Final|Canberra Raiders|Melbourne Storm,2003,Qualif Final,27,1,181,2003-09-12,Canberra Raiders,Melbourne Storm,18,30,Canberra Stadium,https://www.rugbyleagueproject.org/matches/2234
2003|Qualif Final|Canterbury Bulldogs|New Zealand Warriors,2003,Qualif Final,27,2,182,2003-09-13,Canterbury Bulldogs,New Zealand Warriors,22,48,Showground,https://www.rugbyleagueproject.org/matches/2236
2003|Qualif Final|Sydney Roosters|Newcastle Knights,2003,Qualif Final,27,3,183,2003-09-13,Sydney Roosters,Newcastle Knights,36,8,Aussie,https://www.rugbyleagueproject.org/matches/2235
2003|Qualif Final|Penrith Panthers|Brisbane Broncos,2003,Qualif Final,27,4,184,2003-09-14,Penrith Panthers,Brisbane Broncos,28,18,Penrith,https://www.rugbyleagueproject.org/matches/2237
2003|Semi Final|New Zealand Warriors|Canberra Raiders,2003,Semi Final,28,1,185,2003-09-20,New Zealand Warriors,Canberra Raiders,17,16,Aussie,https://www.rugbyleagueproject.org/matches/2238
2003|Semi Final|Canterbury Bulldogs|Melbourne Storm,2003,Semi Final,28,2,186,2003-09-21,Canterbury Bulldogs,Melbourne Storm,30,0,Aussie,https://www.rugbyleagueproject.org/matches/2239
2003|Prelim Final|Sydney Roosters|Canterbury Bulldogs,2003,Prelim Final,29,1,187,2003-09-27,Sydney Roosters,Canterbury Bulldogs,28,18,Aussie,https://www.rugbyleagueproject.org/matches/2240
2003|Prelim Final|Penrith Panthers|New Zealand Warriors,2003,Prelim Final,29,2,188,2003-09-28,Penrith Panthers,New Zealand Warriors,28,20,Telstra,https://www.rugbyleagueproject.org/matches/2241
2003|Grand Final|Penrith Panthers|Sydney Roosters,2003,Grand Final,30,1,189,2003-10-05,Penrith Panthers,Sydney Roosters,18,6,Telstra,https://www.rugbyleagueproject.org/matches/2242
2004|Rd 1|Penrith Panthers|Newcastle Knights,2004,Rd 1,1,1,1,2004-03-12,Penrith Panthers,Newcastle Knights,14,20,Penrith,https://www.rugbyleagueproject.org/matches/2073
2004|Rd 1|Canterbury Bulldogs|Parramatta Eels,2004,Rd 1,1,2,2,2004-03-13,Canterbury Bulldogs,Parramatta Eels,48,14,Telstra,https://www.rugbyleagueproject.org/matches/2075
2004|Rd 1|NQ Cowboys|Manly Sea Eagles,2004,Rd 1,1,3,3,2004-03-13,NQ Cowboys,Manly Sea Eagles,20,24,Dairy Farmers,https://www.rugbyleagueproject.org/matches/338
2004|Rd 1|Wests Tigers|Cronulla Sharks,2004,Rd 1,1,4,4,2004-03-13,Wests Tigers,Cronulla Sharks,12,6,Telstra,https://www.rugbyleagueproject.org/matches/2074
2004|Rd 1|Brisbane Broncos|New Zealand Warriors,2004,Rd 1,1,5,5,2004-03-14,Brisbane Broncos,New Zealand Warriors,28,20,Suncorp,https://www.rugbyleagueproject.org/matches/2076
2004|Rd 1|St. George Illawarra Dragons|Canberra Raiders,2004,Rd 1,1,6,6,2004-03-14,St. George Illawarra Dragons,Canberra Raiders,12,21,Oki Jubilee,https://www.rugbyleagueproject.org/matches/2077
2004|Rd 1|Sydney Roosters|South Sydney Rabbitohs,2004,Rd 1,1,7,7,2004-03-14,Sydney Roosters,South Sydney Rabbitohs,26,16,Aussie,https://www.rugbyleagueproject.org/matches/2078
2004|Rd 2|Canberra Raiders|Penrith Panthers,2004,Rd 2,2,1,8,2004-03-19,Canberra Raiders,Penrith Panthers,18,34,Canberra Stadium,https://www.rugbyleagueproject.org/matches/2079
2004|Rd 2|Canterbury Bulldogs|Cronulla Sharks,2004,Rd 2,2,2,9,2004-03-20,Canterbury Bulldogs,Cronulla Sharks,24,20,Showground,https://www.rugbyleagueproject.org/matches/2081
2004|Rd 2|Manly Sea Eagles|Sydney Roosters,2004,Rd 2,2,3,10,2004-03-20,Manly Sea Eagles,Sydney Roosters,20,42,Brookvale,https://www.rugbyleagueproject.org/matches/2082
2004|Rd 2|New Zealand Warriors|St. George Illawarra Dragons,2004,Rd 2,2,4,11,2004-03-20,New Zealand Warriors,St. George Illawarra Dragons,10,16,Ericsson,https://www.rugbyleagueproject.org/matches/2080
2004|Rd 2|Brisbane Broncos|Parramatta Eels,2004,Rd 2,2,5,12,2004-03-21,Brisbane Broncos,Parramatta Eels,18,26,Suncorp,https://www.rugbyleagueproject.org/matches/2084
2004|Rd 2|Melbourne Storm|Newcastle Knights,2004,Rd 2,2,6,13,2004-03-21,Melbourne Storm,Newcastle Knights,26,36,Olympic Park,https://www.rugbyleagueproject.org/matches/2085
2004|Rd 2|South Sydney Rabbitohs|Wests Tigers,2004,Rd 2,2,7,14,2004-03-21,South Sydney Rabbitohs,Wests Tigers,17,16,Aussie,https://www.rugbyleagueproject.org/matches/2083
2004|Rd 3|Sydney Roosters|Canterbury Bulldogs,2004,Rd 3,3,1,15,2004-03-26,Sydney Roosters,Canterbury Bulldogs,35,0,Aussie,https://www.rugbyleagueproject.org/matches/2086
2004|Rd 3|Cronulla Sharks|Manly Sea Eagles,2004,Rd 3,3,2,16,2004-03-27,Cronulla Sharks,Manly Sea Eagles,28,20,Toyota,https://www.rugbyleagueproject.org/matches/2088
2004|Rd 3|NQ Cowboys|Canberra Raiders,2004,Rd 3,3,3,17,2004-03-27,NQ Cowboys,Canberra Raiders,18,19,Dairy Farmers,https://www.rugbyleagueproject.org/matches/339
2004|Rd 3|Parramatta Eels|Newcastle Knights,2004,Rd 3,3,4,18,2004-03-27,Parramatta Eels,Newcastle Knights,38,34,Parramatta,https://www.rugbyleagueproject.org/matches/2087
2004|Rd 3|Melbourne Storm|St. George Illawarra Dragons,2004,Rd 3,3,5,19,2004-03-28,Melbourne Storm,St. George Illawarra Dragons,34,6,Olympic Park,https://www.rugbyleagueproject.org/matches/2091
2004|Rd 3|New Zealand Warriors|Penrith Panthers,2004,Rd 3,3,6,20,2004-03-28,New Zealand Warriors,Penrith Panthers,22,42,Ericsson,https://www.rugbyleagueproject.org/matches/2090
2004|Rd 3|Wests Tigers|Brisbane Broncos,2004,Rd 3,3,7,21,2004-03-28,Wests Tigers,Brisbane Broncos,24,32,Campbelltown,https://www.rugbyleagueproject.org/matches/2089
2004|Rd 4|Penrith Panthers|Sydney Roosters,2004,Rd 4,4,1,22,2004-04-02,Penrith Panthers,Sydney Roosters,22,6,Telstra,https://www.rugbyleagueproject.org/matches/2092
2004|Rd 4|Canberra Raiders|Parramatta Eels,2004,Rd 4,4,2,23,2004-04-03,Canberra Raiders,Parramatta Eels,26,12,Canberra Stadium,https://www.rugbyleagueproject.org/matches/2093
2004|Rd 4|NQ Cowboys|Wests Tigers,2004,Rd 4,4,3,24,2004-04-03,NQ Cowboys,Wests Tigers,8,18,Dairy Farmers,https://www.rugbyleagueproject.org/matches/340
2004|Rd 4|South Sydney Rabbitohs|Cronulla Sharks,2004,Rd 4,4,4,25,2004-04-03,South Sydney Rabbitohs,Cronulla Sharks,36,12,Aussie,https://www.rugbyleagueproject.org/matches/2094
2004|Rd 4|Brisbane Broncos|Melbourne Storm,2004,Rd 4,4,5,26,2004-04-04,Brisbane Broncos,Melbourne Storm,34,26,Suncorp,https://www.rugbyleagueproject.org/matches/2096
2004|Rd 4|Manly Sea Eagles|New Zealand Warriors,2004,Rd 4,4,6,27,2004-04-04,Manly Sea Eagles,New Zealand Warriors,10,28,Brookvale,https://www.rugbyleagueproject.org/matches/2097
2004|Rd 4|St. George Illawarra Dragons|Newcastle Knights,2004,Rd 4,4,7,28,2004-04-04,St. George Illawarra Dragons,Newcastle Knights,48,2,WIN,https://www.rugbyleagueproject.org/matches/2095
2004|Rd 5|Sydney Roosters|Brisbane Broncos,2004,Rd 5,5,1,29,2004-04-09,Sydney Roosters,Brisbane Broncos,14,26,Aussie,https://www.rugbyleagueproject.org/matches/2098
2004|Rd 5|Cronulla Sharks|NQ Cowboys,2004,Rd 5,5,2,30,2004-04-10,Cronulla Sharks,NQ Cowboys,10,36,Toyota,https://www.rugbyleagueproject.org/matches/213
2004|Rd 5|New Zealand Warriors|Newcastle Knights,2004,Rd 5,5,3,31,2004-04-10,New Zealand Warriors,Newcastle Knights,20,34,Ericsson,https://www.rugbyleagueproject.org/matches/2099
2004|Rd 5|Canterbury Bulldogs|Manly Sea Eagles,2004,Rd 5,5,4,32,2004-04-11,Canterbury Bulldogs,Manly Sea Eagles,28,26,Telstra,https://www.rugbyleagueproject.org/matches/2102
2004|Rd 5|Penrith Panthers|Melbourne Storm,2004,Rd 5,5,5,33,2004-04-11,Penrith Panthers,Melbourne Storm,30,26,Penrith,https://www.rugbyleagueproject.org/matches/2100
2004|Rd 5|Wests Tigers|St. George Illawarra Dragons,2004,Rd 5,5,6,34,2004-04-11,Wests Tigers,St. George Illawarra Dragons,10,39,Telstra,https://www.rugbyleagueproject.org/matches/2101
2004|Rd 5|Parramatta Eels|South Sydney Rabbitohs,2004,Rd 5,5,7,35,2004-04-12,Parramatta Eels,South Sydney Rabbitohs,41,20,Parramatta,https://www.rugbyleagueproject.org/matches/2103
2004|Rd 6|Canterbury Bulldogs|New Zealand Warriors,2004,Rd 6,6,1,36,2004-04-16,Canterbury Bulldogs,New Zealand Warriors,24,18,Westpac,https://www.rugbyleagueproject.org/matches/2104
2004|Rd 6|Cronulla Sharks|Canberra Raiders,2004,Rd 6,6,2,37,2004-04-17,Cronulla Sharks,Canberra Raiders,38,24,Toyota,https://www.rugbyleagueproject.org/matches/2105
2004|Rd 6|Melbourne Storm|South Sydney Rabbitohs,2004,Rd 6,6,3,38,2004-04-17,Melbourne Storm,South Sydney Rabbitohs,50,4,Olympic Park,https://www.rugbyleagueproject.org/matches/2106
2004|Rd 6|NQ Cowboys|Brisbane Broncos,2004,Rd 6,6,4,39,2004-04-17,NQ Cowboys,Brisbane Broncos,12,19,Dairy Farmers,https://www.rugbyleagueproject.org/matches/341
2004|Rd 6|Manly Sea Eagles|Parramatta Eels,2004,Rd 6,6,5,40,2004-04-18,Manly Sea Eagles,Parramatta Eels,26,32,Brookvale,https://www.rugbyleagueproject.org/matches/2107
2004|Rd 6|Newcastle Knights|Sydney Roosters,2004,Rd 6,6,6,41,2004-04-18,Newcastle Knights,Sydney Roosters,22,32,EnergyAustralia,https://www.rugbyleagueproject.org/matches/2109
2004|Rd 6|St. George Illawarra Dragons|Penrith Panthers,2004,Rd 6,6,7,42,2004-04-18,St. George Illawarra Dragons,Penrith Panthers,44,18,WIN,https://www.rugbyleagueproject.org/matches/2108
2004|Rd 7|Canberra Raiders|Newcastle Knights,2004,Rd 7,7,1,43,2004-04-24,Canberra Raiders,Newcastle Knights,19,18,Canberra Stadium,https://www.rugbyleagueproject.org/matches/2110
2004|Rd 7|Melbourne Storm|NQ Cowboys,2004,Rd 7,7,2,44,2004-04-24,Melbourne Storm,NQ Cowboys,28,6,Olympic Park,https://www.rugbyleagueproject.org/matches/215
2004|Rd 7|Parramatta Eels|Cronulla Sharks,2004,Rd 7,7,3,45,2004-04-24,Parramatta Eels,Cronulla Sharks,14,18,Parramatta,https://www.rugbyleagueproject.org/matches/2111
2004|Rd 7|Brisbane Broncos|Penrith Panthers,2004,Rd 7,7,4,46,2004-04-25,Brisbane Broncos,Penrith Panthers,32,14,Suncorp,https://www.rugbyleagueproject.org/matches/2113
2004|Rd 7|St. George Illawarra Dragons|Sydney Roosters,2004,Rd 7,7,5,47,2004-04-25,St. George Illawarra Dragons,Sydney Roosters,8,11,Aussie,https://www.rugbyleagueproject.org/matches/2114
2004|Rd 7|Wests Tigers|Manly Sea Eagles,2004,Rd 7,7,6,48,2004-04-25,Wests Tigers,Manly Sea Eagles,30,22,Leichhardt,https://www.rugbyleagueproject.org/matches/2112
2004|Rd 7|South Sydney Rabbitohs|Canterbury Bulldogs,2004,Rd 7,7,7,49,2004-04-26,South Sydney Rabbitohs,Canterbury Bulldogs,8,34,Aussie,https://www.rugbyleagueproject.org/matches/2115
2004|Rd 8|Penrith Panthers|Wests Tigers,2004,Rd 8,8,1,50,2004-04-30,Penrith Panthers,Wests Tigers,22,20,Penrith,https://www.rugbyleagueproject.org/matches/2116
2004|Rd 8|Cronulla Sharks|St. George Illawarra Dragons,2004,Rd 8,8,2,51,2004-05-01,Cronulla Sharks,St. George Illawarra Dragons,12,42,Toyota,https://www.rugbyleagueproject.org/matches/2118
2004|Rd 8|Newcastle Knights|South Sydney Rabbitohs,2004,Rd 8,8,3,52,2004-05-01,Newcastle Knights,South Sydney Rabbitohs,24,8,EnergyAustralia,https://www.rugbyleagueproject.org/matches/2117
2004|Rd 8|Parramatta Eels|NQ Cowboys,2004,Rd 8,8,4,53,2004-05-01,Parramatta Eels,NQ Cowboys,20,24,Parramatta,https://www.rugbyleagueproject.org/matches/216
2004|Rd 8|Canterbury Bulldogs|Brisbane Broncos,2004,Rd 8,8,5,54,2004-05-02,Canterbury Bulldogs,Brisbane Broncos,25,18,Telstra,https://www.rugbyleagueproject.org/matches/2119
2004|Rd 8|New Zealand Warriors|Melbourne Storm,2004,Rd 8,8,6,55,2004-05-02,New Zealand Warriors,Melbourne Storm,20,14,Ericsson,https://www.rugbyleagueproject.org/matches/2120
2004|Rd 8|Sydney Roosters|Canberra Raiders,2004,Rd 8,8,7,56,2004-05-02,Sydney Roosters,Canberra Raiders,28,8,Aussie,https://www.rugbyleagueproject.org/matches/2121
2004|Rd 9|Melbourne Storm|Cronulla Sharks,2004,Rd 9,9,1,57,2004-05-08,Melbourne Storm,Cronulla Sharks,26,36,Olympic Park,https://www.rugbyleagueproject.org/matches/2123
2004|Rd 9|NQ Cowboys|New Zealand Warriors,2004,Rd 9,9,2,58,2004-05-08,NQ Cowboys,New Zealand Warriors,16,8,Dairy Farmers,https://www.rugbyleagueproject.org/matches/342
2004|Rd 9|Sydney Roosters|Wests Tigers,2004,Rd 9,9,3,59,2004-05-08,Sydney Roosters,Wests Tigers,22,0,Aussie,https://www.rugbyleagueproject.org/matches/2122
2004|Rd 9|Canberra Raiders|Brisbane Broncos,2004,Rd 9,9,4,60,2004-05-09,Canberra Raiders,Brisbane Broncos,20,34,Canberra Stadium,https://www.rugbyleagueproject.org/matches/2126
2004|Rd 9|Manly Sea Eagles|St. George Illawarra Dragons,2004,Rd 9,9,5,61,2004-05-09,Manly Sea Eagles,St. George Illawarra Dragons,21,10,Brookvale,https://www.rugbyleagueproject.org/matches/2124
2004|Rd 9|Newcastle Knights|Canterbury Bulldogs,2004,Rd 9,9,6,62,2004-05-09,Newcastle Knights,Canterbury Bulldogs,32,6,EnergyAustralia,https://www.rugbyleagueproject.org/matches/2125
2004|Rd 9|Penrith Panthers|South Sydney Rabbitohs,2004,Rd 9,9,7,63,2004-05-09,Penrith Panthers,South Sydney Rabbitohs,38,4,Penrith,https://www.rugbyleagueproject.org/matches/2127
2004|Rd 10|Brisbane Broncos|Newcastle Knights,2004,Rd 10,10,1,64,2004-05-14,Brisbane Broncos,Newcastle Knights,16,17,Suncorp,https://www.rugbyleagueproject.org/matches/2128
2004|Rd 10|Cronulla Sharks|Sydney Roosters,2004,Rd 10,10,2,65,2004-05-15,Cronulla Sharks,Sydney Roosters,18,38,Toyota,https://www.rugbyleagueproject.org/matches/2129
2004|Rd 10|South Sydney Rabbitohs|NQ Cowboys,2004,Rd 10,10,3,66,2004-05-15,South Sydney Rabbitohs,NQ Cowboys,20,20,Express Advocate,https://www.rugbyleagueproject.org/matches/218
2004|Rd 10|St. George Illawarra Dragons|Canterbury Bulldogs,2004,Rd 10,10,4,67,2004-05-15,St. George Illawarra Dragons,Canterbury Bulldogs,12,38,WIN,https://www.rugbyleagueproject.org/matches/2130
2004|Rd 10|New Zealand Warriors|Manly Sea Eagles,2004,Rd 10,10,5,68,2004-05-16,New Zealand Warriors,Manly Sea Eagles,20,42,Ericsson,https://www.rugbyleagueproject.org/matches/2132
2004|Rd 10|Parramatta Eels|Melbourne Storm,2004,Rd 10,10,6,69,2004-05-16,Parramatta Eels,Melbourne Storm,16,36,Parramatta,https://www.rugbyleagueproject.org/matches/2133
2004|Rd 10|Wests Tigers|Canberra Raiders,2004,Rd 10,10,7,70,2004-05-16,Wests Tigers,Canberra Raiders,26,12,Campbelltown,https://www.rugbyleagueproject.org/matches/2131
2004|Rd 11|Parramatta Eels|St. George Illawarra Dragons,2004,Rd 11,11,1,71,2004-05-21,Parramatta Eels,St. George Illawarra Dragons,6,37,Parramatta,https://www.rugbyleagueproject.org/matches/2134
2004|Rd 11|Canterbury Bulldogs|Wests Tigers,2004,Rd 11,11,2,72,2004-05-22,Canterbury Bulldogs,Wests Tigers,26,30,Express Advocate,https://www.rugbyleagueproject.org/matches/2136
2004|Rd 11|Melbourne Storm|Canberra Raiders,2004,Rd 11,11,3,73,2004-05-22,Melbourne Storm,Canberra Raiders,22,18,Olympic Park,https://www.rugbyleagueproject.org/matches/2135
2004|Rd 11|NQ Cowboys|Penrith Panthers,2004,Rd 11,11,4,74,2004-05-22,NQ Cowboys,Penrith Panthers,18,22,Dairy Farmers,https://www.rugbyleagueproject.org/matches/343
2004|Rd 11|Manly Sea Eagles|Cronulla Sharks,2004,Rd 11,11,5,75,2004-05-23,Manly Sea Eagles,Cronulla Sharks,28,30,Brookvale,https://www.rugbyleagueproject.org/matches/2137
2004|Rd 11|South Sydney Rabbitohs|New Zealand Warriors,2004,Rd 11,11,6,76,2004-05-23,South Sydney Rabbitohs,New Zealand Warriors,12,26,Aussie,https://www.rugbyleagueproject.org/matches/2138
2004|Rd 12|Brisbane Broncos|St. George Illawarra Dragons,2004,Rd 12,12,1,77,2004-05-28,Brisbane Broncos,St. George Illawarra Dragons,24,22,Suncorp,https://www.rugbyleagueproject.org/matches/2139
2004|Rd 12|Canberra Raiders|Manly Sea Eagles,2004,Rd 12,12,2,78,2004-05-29,Canberra Raiders,Manly Sea Eagles,48,22,Canberra Stadium,https://www.rugbyleagueproject.org/matches/2140
2004|Rd 12|Cronulla Sharks|South Sydney Rabbitohs,2004,Rd 12,12,3,79,2004-05-29,Cronulla Sharks,South Sydney Rabbitohs,38,18,Toyota,https://www.rugbyleagueproject.org/matches/2141
2004|Rd 12|Newcastle Knights|Melbourne Storm,2004,Rd 12,12,4,80,2004-05-29,Newcastle Knights,Melbourne Storm,18,28,EnergyAustralia,https://www.rugbyleagueproject.org/matches/2142
2004|Rd 12|Penrith Panthers|Canterbury Bulldogs,2004,Rd 12,12,5,81,2004-05-30,Penrith Panthers,Canterbury Bulldogs,40,29,Penrith,https://www.rugbyleagueproject.org/matches/2144
2004|Rd 12|Sydney Roosters|New Zealand Warriors,2004,Rd 12,12,6,82,2004-05-30,Sydney Roosters,New Zealand Warriors,58,6,Aussie,https://www.rugbyleagueproject.org/matches/2143
2004|Rd 12|Wests Tigers|Parramatta Eels,2004,Rd 12,12,7,83,2004-05-30,Wests Tigers,Parramatta Eels,33,6,Leichhardt,https://www.rugbyleagueproject.org/matches/2145
2004|Rd 13|Canterbury Bulldogs|Sydney Roosters,2004,Rd 13,13,1,84,2004-06-04,Canterbury Bulldogs,Sydney Roosters,40,12,Telstra,https://www.rugbyleagueproject.org/matches/2146
2004|Rd 13|Melbourne Storm|Wests Tigers,2004,Rd 13,13,2,85,2004-06-05,Melbourne Storm,Wests Tigers,30,24,Olympic Park,https://www.rugbyleagueproject.org/matches/2147
2004|Rd 13|Newcastle Knights|Parramatta Eels,2004,Rd 13,13,3,86,2004-06-05,Newcastle Knights,Parramatta Eels,16,18,EnergyAustralia,https://www.rugbyleagueproject.org/matches/2148
2004|Rd 13|St. George Illawarra Dragons|NQ Cowboys,2004,Rd 13,13,4,87,2004-06-05,St. George Illawarra Dragons,NQ Cowboys,12,14,WIN,https://www.rugbyleagueproject.org/matches/220
2004|Rd 13|Brisbane Broncos|Cronulla Sharks,2004,Rd 13,13,5,88,2004-06-06,Brisbane Broncos,Cronulla Sharks,22,30,Suncorp,https://www.rugbyleagueproject.org/matches/2149
2004|Rd 13|Manly Sea Eagles|Penrith Panthers,2004,Rd 13,13,6,89,2004-06-06,Manly Sea Eagles,Penrith Panthers,20,12,Brookvale,https://www.rugbyleagueproject.org/matches/2151
2004|Rd 13|New Zealand Warriors|Canberra Raiders,2004,Rd 13,13,7,90,2004-06-06,New Zealand Warriors,Canberra Raiders,20,14,Ericsson,https://www.rugbyleagueproject.org/matches/2150
2004|Rd 14|Penrith Panthers|St. George Illawarra Dragons,2004,Rd 14,14,1,91,2004-06-11,Penrith Panthers,St. George Illawarra Dragons,8,28,Penrith,https://www.rugbyleagueproject.org/matches/2152
2004|Rd 14|Canberra Raiders|Cronulla Sharks,2004,Rd 14,14,2,92,2004-06-12,Canberra Raiders,Cronulla Sharks,26,16,Canberra Stadium,https://www.rugbyleagueproject.org/matches/2153
2004|Rd 14|NQ Cowboys|Newcastle Knights,2004,Rd 14,14,3,93,2004-06-12,NQ Cowboys,Newcastle Knights,30,6,Dairy Farmers,https://www.rugbyleagueproject.org/matches/344
2004|Rd 14|South Sydney Rabbitohs|Melbourne Storm,2004,Rd 14,14,4,94,2004-06-12,South Sydney Rabbitohs,Melbourne Storm,28,26,Aussie,https://www.rugbyleagueproject.org/matches/2154
2004|Rd 14|Parramatta Eels|Manly Sea Eagles,2004,Rd 14,14,5,95,2004-06-13,Parramatta Eels,Manly Sea Eagles,52,12,Parramatta,https://www.rugbyleagueproject.org/matches/2156
2004|Rd 14|Wests Tigers|New Zealand Warriors,2004,Rd 14,14,6,96,2004-06-13,Wests Tigers,New Zealand Warriors,50,4,Jade,https://www.rugbyleagueproject.org/matches/2155
2004|Rd 15|Sydney Roosters|Newcastle Knights,2004,Rd 15,15,1,97,2004-06-18,Sydney Roosters,Newcastle Knights,48,4,Aussie,https://www.rugbyleagueproject.org/matches/2157
2004|Rd 15|Canterbury Bulldogs|Canberra Raiders,2004,Rd 15,15,2,98,2004-06-19,Canterbury Bulldogs,Canberra Raiders,24,20,Express Advocate,https://www.rugbyleagueproject.org/matches/2158
2004|Rd 15|Manly Sea Eagles|South Sydney Rabbitohs,2004,Rd 15,15,3,99,2004-06-19,Manly Sea Eagles,South Sydney Rabbitohs,30,34,Brookvale,https://www.rugbyleagueproject.org/matches/2159
2004|Rd 15|Parramatta Eels|Brisbane Broncos,2004,Rd 15,15,4,100,2004-06-19,Parramatta Eels,Brisbane Broncos,24,34,Parramatta,https://www.rugbyleagueproject.org/matches/2160
2004|Rd 15|Cronulla Sharks|Penrith Panthers,2004,Rd 15,15,5,101,2004-06-20,Cronulla Sharks,Penrith Panthers,12,32,Toyota,https://www.rugbyleagueproject.org/matches/2161
2004|Rd 15|New Zealand Warriors|NQ Cowboys,2004,Rd 15,15,6,102,2004-06-20,New Zealand Warriors,NQ Cowboys,26,28,Ericsson,https://www.rugbyleagueproject.org/matches/222
2004|Rd 15|St. George Illawarra Dragons|Wests Tigers,2004,Rd 15,15,7,103,2004-06-20,St. George Illawarra Dragons,Wests Tigers,50,0,Oki Jubilee,https://www.rugbyleagueproject.org/matches/2162
2004|Rd 16|Wests Tigers|Sydney Roosters,2004,Rd 16,16,1,104,2004-06-25,Wests Tigers,Sydney Roosters,0,56,Campbelltown,https://www.rugbyleagueproject.org/matches/2163
2004|Rd 16|Melbourne Storm|New Zealand Warriors,2004,Rd 16,16,2,105,2004-06-26,Melbourne Storm,New Zealand Warriors,42,6,Olympic Park,https://www.rugbyleagueproject.org/matches/2164
2004|Rd 16|NQ Cowboys|Canterbury Bulldogs,2004,Rd 16,16,3,106,2004-06-26,NQ Cowboys,Canterbury Bulldogs,18,32,Dairy Farmers,https://www.rugbyleagueproject.org/matches/345
2004|Rd 16|Penrith Panthers|Parramatta Eels,2004,Rd 16,16,4,107,2004-06-26,Penrith Panthers,Parramatta Eels,26,16,Penrith,https://www.rugbyleagueproject.org/matches/2165
2004|Rd 16|Brisbane Broncos|Canberra Raiders,2004,Rd 16,16,5,108,2004-06-27,Brisbane Broncos,Canberra Raiders,14,21,Suncorp,https://www.rugbyleagueproject.org/matches/2168
2004|Rd 16|Newcastle Knights|Manly Sea Eagles,2004,Rd 16,16,6,109,2004-06-27,Newcastle Knights,Manly Sea Eagles,56,12,EnergyAustralia,https://www.rugbyleagueproject.org/matches/2167
2004|Rd 16|South Sydney Rabbitohs|St. George Illawarra Dragons,2004,Rd 16,16,7,110,2004-06-27,South Sydney Rabbitohs,St. George Illawarra Dragons,12,52,SCG,https://www.rugbyleagueproject.org/matches/2166
2004|Rd 17|Melbourne Storm|Penrith Panthers,2004,Rd 17,17,1,111,2004-07-02,Melbourne Storm,Penrith Panthers,66,14,Olympic Park,https://www.rugbyleagueproject.org/matches/2169
2004|Rd 17|Canberra Raiders|Wests Tigers,2004,Rd 17,17,2,112,2004-07-03,Canberra Raiders,Wests Tigers,32,24,Canberra Stadium,https://www.rugbyleagueproject.org/matches/2170
2004|Rd 17|New Zealand Warriors|Parramatta Eels,2004,Rd 17,17,3,113,2004-07-03,New Zealand Warriors,Parramatta Eels,20,10,Ericsson,https://www.rugbyleagueproject.org/matches/2171
2004|Rd 17|Sydney Roosters|NQ Cowboys,2004,Rd 17,17,4,114,2004-07-03,Sydney Roosters,NQ Cowboys,32,22,Express Advocate,https://www.rugbyleagueproject.org/matches/224
2004|Rd 17|Brisbane Broncos|South Sydney Rabbitohs,2004,Rd 17,17,5,115,2004-07-04,Brisbane Broncos,South Sydney Rabbitohs,48,28,Suncorp,https://www.rugbyleagueproject.org/matches/2173
2004|Rd 17|Manly Sea Eagles|Canterbury Bulldogs,2004,Rd 17,17,6,116,2004-07-04,Manly Sea Eagles,Canterbury Bulldogs,32,50,Brookvale,https://www.rugbyleagueproject.org/matches/4005
2004|Rd 17|Newcastle Knights|Cronulla Sharks,2004,Rd 17,17,7,117,2004-07-04,Newcastle Knights,Cronulla Sharks,26,34,EnergyAustralia,https://www.rugbyleagueproject.org/matches/2172
2004|Rd 18|St. George Illawarra Dragons|Brisbane Broncos,2004,Rd 18,18,1,118,2004-07-09,St. George Illawarra Dragons,Brisbane Broncos,14,28,WIN,https://www.rugbyleagueproject.org/matches/2174
2004|Rd 18|Canberra Raiders|NQ Cowboys,2004,Rd 18,18,2,119,2004-07-10,Canberra Raiders,NQ Cowboys,32,28,Canberra Stadium,https://www.rugbyleagueproject.org/matches/225
2004|Rd 18|Cronulla Sharks|New Zealand Warriors,2004,Rd 18,18,3,120,2004-07-10,Cronulla Sharks,New Zealand Warriors,22,14,Toyota,https://www.rugbyleagueproject.org/matches/2175
2004|Rd 18|Parramatta Eels|Sydney Roosters,2004,Rd 18,18,4,121,2004-07-10,Parramatta Eels,Sydney Roosters,26,12,Parramatta,https://www.rugbyleagueproject.org/matches/2176
2004|Rd 18|Canterbury Bulldogs|Melbourne Storm,2004,Rd 18,18,5,122,2004-07-11,Canterbury Bulldogs,Melbourne Storm,25,18,Showground,https://www.rugbyleagueproject.org/matches/2177
2004|Rd 18|Manly Sea Eagles|Wests Tigers,2004,Rd 18,18,6,123,2004-07-11,Manly Sea Eagles,Wests Tigers,26,18,Brookvale,https://www.rugbyleagueproject.org/matches/2178
2004|Rd 18|South Sydney Rabbitohs|Penrith Panthers,2004,Rd 18,18,7,124,2004-07-11,South Sydney Rabbitohs,Penrith Panthers,30,6,Aussie,https://www.rugbyleagueproject.org/matches/2179
2004|Rd 19|Sydney Roosters|St. George Illawarra Dragons,2004,Rd 19,19,1,125,2004-07-16,Sydney Roosters,St. George Illawarra Dragons,18,14,Aussie,https://www.rugbyleagueproject.org/matches/2180
2004|Rd 19|NQ Cowboys|Parramatta Eels,2004,Rd 19,19,2,126,2004-07-17,NQ Cowboys,Parramatta Eels,28,6,Dairy Farmers,https://www.rugbyleagueproject.org/matches/346
2004|Rd 19|Penrith Panthers|Canberra Raiders,2004,Rd 19,19,3,127,2004-07-17,Penrith Panthers,Canberra Raiders,42,8,Penrith,https://www.rugbyleagueproject.org/matches/2182
2004|Rd 19|Wests Tigers|Melbourne Storm,2004,Rd 19,19,4,128,2004-07-17,Wests Tigers,Melbourne Storm,32,18,Leichhardt,https://www.rugbyleagueproject.org/matches/2181
2004|Rd 19|Cronulla Sharks|Canterbury Bulldogs,2004,Rd 19,19,5,129,2004-07-18,Cronulla Sharks,Canterbury Bulldogs,26,37,Toyota,https://www.rugbyleagueproject.org/matches/2184
2004|Rd 19|New Zealand Warriors|South Sydney Rabbitohs,2004,Rd 19,19,6,130,2004-07-18,New Zealand Warriors,South Sydney Rabbitohs,34,20,Ericsson,https://www.rugbyleagueproject.org/matches/2183
2004|Rd 19|Newcastle Knights|Brisbane Broncos,2004,Rd 19,19,7,131,2004-07-18,Newcastle Knights,Brisbane Broncos,12,16,EnergyAustralia,https://www.rugbyleagueproject.org/matches/2185
2004|Rd 20|Wests Tigers|Canterbury Bulldogs,2004,Rd 20,20,1,132,2004-07-23,Wests Tigers,Canterbury Bulldogs,20,24,Campbelltown,https://www.rugbyleagueproject.org/matches/2186
2004|Rd 20|Brisbane Broncos|Manly Sea Eagles,2004,Rd 20,20,2,133,2004-07-24,Brisbane Broncos,Manly Sea Eagles,26,12,Suncorp,https://www.rugbyleagueproject.org/matches/2187
2004|Rd 20|Melbourne Storm|Parramatta Eels,2004,Rd 20,20,3,134,2004-07-24,Melbourne Storm,Parramatta Eels,22,16,Olympic Park,https://www.rugbyleagueproject.org/matches/2189
2004|Rd 20|South Sydney Rabbitohs|Sydney Roosters,2004,Rd 20,20,4,135,2004-07-24,South Sydney Rabbitohs,Sydney Roosters,12,22,Aussie,https://www.rugbyleagueproject.org/matches/2188
2004|Rd 20|Canberra Raiders|New Zealand Warriors,2004,Rd 20,20,5,136,2004-07-25,Canberra Raiders,New Zealand Warriors,30,29,Canberra Stadium,https://www.rugbyleagueproject.org/matches/2191
2004|Rd 20|Newcastle Knights|NQ Cowboys,2004,Rd 20,20,6,137,2004-07-25,Newcastle Knights,NQ Cowboys,24,28,EnergyAustralia,https://www.rugbyleagueproject.org/matches/227
2004|Rd 20|St. George Illawarra Dragons|Cronulla Sharks,2004,Rd 20,20,7,138,2004-07-25,St. George Illawarra Dragons,Cronulla Sharks,26,14,Oki Jubilee,https://www.rugbyleagueproject.org/matches/2190
2004|Rd 21|Canterbury Bulldogs|Penrith Panthers,2004,Rd 21,21,1,139,2004-07-30,Canterbury Bulldogs,Penrith Panthers,46,20,Telstra,https://www.rugbyleagueproject.org/matches/2192
2004|Rd 21|Cronulla Sharks|Brisbane Broncos,2004,Rd 21,21,2,140,2004-07-31,Cronulla Sharks,Brisbane Broncos,12,16,Toyota,https://www.rugbyleagueproject.org/matches/2193
2004|Rd 21|NQ Cowboys|St. George Illawarra Dragons,2004,Rd 21,21,3,141,2004-07-31,NQ Cowboys,St. George Illawarra Dragons,34,10,Dairy Farmers,https://www.rugbyleagueproject.org/matches/347
2004|Rd 21|Parramatta Eels|Wests Tigers,2004,Rd 21,21,4,142,2004-07-31,Parramatta Eels,Wests Tigers,2,18,Parramatta,https://www.rugbyleagueproject.org/matches/2194
2004|Rd 21|Manly Sea Eagles|Canberra Raiders,2004,Rd 21,21,5,143,2004-08-01,Manly Sea Eagles,Canberra Raiders,36,22,Brookvale,https://www.rugbyleagueproject.org/matches/2196
2004|Rd 21|Melbourne Storm|Sydney Roosters,2004,Rd 21,21,6,144,2004-08-01,Melbourne Storm,Sydney Roosters,10,26,Olympic Park,https://www.rugbyleagueproject.org/matches/2195
2004|Rd 21|South Sydney Rabbitohs|Newcastle Knights,2004,Rd 21,21,7,145,2004-08-01,South Sydney Rabbitohs,Newcastle Knights,22,31,Aussie,https://www.rugbyleagueproject.org/matches/2197
2004|Rd 22|St. George Illawarra Dragons|Melbourne Storm,2004,Rd 22,22,1,146,2004-08-06,St. George Illawarra Dragons,Melbourne Storm,34,14,WIN,https://www.rugbyleagueproject.org/matches/2198
2004|Rd 22|New Zealand Warriors|Brisbane Broncos,2004,Rd 22,22,2,147,2004-08-07,New Zealand Warriors,Brisbane Broncos,14,21,Ericsson,https://www.rugbyleagueproject.org/matches/2201
2004|Rd 22|Newcastle Knights|Canberra Raiders,2004,Rd 22,22,3,148,2004-08-07,Newcastle Knights,Canberra Raiders,20,14,EnergyAustralia,https://www.rugbyleagueproject.org/matches/2199
2004|Rd 22|Penrith Panthers|Manly Sea Eagles,2004,Rd 22,22,4,149,2004-08-07,Penrith Panthers,Manly Sea Eagles,72,12,Penrith,https://www.rugbyleagueproject.org/matches/2200
2004|Rd 22|Canterbury Bulldogs|NQ Cowboys,2004,Rd 22,22,5,150,2004-08-08,Canterbury Bulldogs,NQ Cowboys,36,16,Showground,https://www.rugbyleagueproject.org/matches/229
2004|Rd 22|Sydney Roosters|Cronulla Sharks,2004,Rd 22,22,6,151,2004-08-08,Sydney Roosters,Cronulla Sharks,12,26,Aussie,https://www.rugbyleagueproject.org/matches/2203
2004|Rd 22|Wests Tigers|South Sydney Rabbitohs,2004,Rd 22,22,7,152,2004-08-08,Wests Tigers,South Sydney Rabbitohs,56,6,Leichhardt,https://www.rugbyleagueproject.org/matches/2202
2004|Rd 23|Sydney Roosters|Penrith Panthers,2004,Rd 23,23,1,153,2004-08-13,Sydney Roosters,Penrith Panthers,44,12,Aussie,https://www.rugbyleagueproject.org/matches/2204
2004|Rd 23|Cronulla Sharks|Parramatta Eels,2004,Rd 23,23,2,154,2004-08-14,Cronulla Sharks,Parramatta Eels,22,44,Toyota,https://www.rugbyleagueproject.org/matches/2205
2004|Rd 23|NQ Cowboys|South Sydney Rabbitohs,2004,Rd 23,23,3,155,2004-08-14,NQ Cowboys,South Sydney Rabbitohs,36,22,Dairy Farmers,https://www.rugbyleagueproject.org/matches/348
2004|Rd 23|St. George Illawarra Dragons|New Zealand Warriors,2004,Rd 23,23,4,156,2004-08-14,St. George Illawarra Dragons,New Zealand Warriors,28,10,WIN,https://www.rugbyleagueproject.org/matches/2206
2004|Rd 23|Brisbane Broncos|Canterbury Bulldogs,2004,Rd 23,23,5,157,2004-08-15,Brisbane Broncos,Canterbury Bulldogs,18,46,Suncorp,https://www.rugbyleagueproject.org/matches/2209
2004|Rd 23|Canberra Raiders|Melbourne Storm,2004,Rd 23,23,6,158,2004-08-15,Canberra Raiders,Melbourne Storm,18,36,Canberra Stadium,https://www.rugbyleagueproject.org/matches/2208
2004|Rd 23|Manly Sea Eagles|Newcastle Knights,2004,Rd 23,23,7,159,2004-08-15,Manly Sea Eagles,Newcastle Knights,48,10,Brookvale,https://www.rugbyleagueproject.org/matches/2207
2004|Rd 24|Newcastle Knights|St. George Illawarra Dragons,2004,Rd 24,24,1,160,2004-08-20,Newcastle Knights,St. George Illawarra Dragons,22,24,EnergyAustralia,https://www.rugbyleagueproject.org/matches/2210
2004|Rd 24|Brisbane Broncos|Wests Tigers,2004,Rd 24,24,2,161,2004-08-21,Brisbane Broncos,Wests Tigers,24,20,Suncorp,https://www.rugbyleagueproject.org/matches/2211
2004|Rd 24|Parramatta Eels|New Zealand Warriors,2004,Rd 24,24,3,162,2004-08-21,Parramatta Eels,New Zealand Warriors,48,18,Parramatta,https://www.rugbyleagueproject.org/matches/2212
2004|Rd 24|Penrith Panthers|NQ Cowboys,2004,Rd 24,24,4,163,2004-08-21,Penrith Panthers,NQ Cowboys,56,6,Penrith,https://www.rugbyleagueproject.org/matches/231
2004|Rd 24|Canberra Raiders|Sydney Roosters,2004,Rd 24,24,5,164,2004-08-22,Canberra Raiders,Sydney Roosters,22,38,Canberra Stadium,https://www.rugbyleagueproject.org/matches/2214
2004|Rd 24|Melbourne Storm|Canterbury Bulldogs,2004,Rd 24,24,6,165,2004-08-22,Melbourne Storm,Canterbury Bulldogs,22,12,Olympic Park,https://www.rugbyleagueproject.org/matches/2213
2004|Rd 24|South Sydney Rabbitohs|Manly Sea Eagles,2004,Rd 24,24,7,166,2004-08-22,South Sydney Rabbitohs,Manly Sea Eagles,22,50,North Sydney,https://www.rugbyleagueproject.org/matches/2215
2004|Rd 25|Canterbury Bulldogs|Newcastle Knights,2004,Rd 25,25,1,167,2004-08-27,Canterbury Bulldogs,Newcastle Knights,52,6,Telstra,https://www.rugbyleagueproject.org/matches/2216
2004|Rd 25|Cronulla Sharks|Melbourne Storm,2004,Rd 25,25,2,168,2004-08-28,Cronulla Sharks,Melbourne Storm,28,36,Toyota,https://www.rugbyleagueproject.org/matches/2219
2004|Rd 25|Parramatta Eels|Penrith Panthers,2004,Rd 25,25,3,169,2004-08-28,Parramatta Eels,Penrith Panthers,20,30,Parramatta,https://www.rugbyleagueproject.org/matches/2217
2004|Rd 25|South Sydney Rabbitohs|Brisbane Broncos,2004,Rd 25,25,4,170,2004-08-28,South Sydney Rabbitohs,Brisbane Broncos,34,34,Aussie,https://www.rugbyleagueproject.org/matches/2218
2004|Rd 25|New Zealand Warriors|Sydney Roosters,2004,Rd 25,25,5,171,2004-08-29,New Zealand Warriors,Sydney Roosters,24,30,Ericsson,https://www.rugbyleagueproject.org/matches/2221
2004|Rd 25|St. George Illawarra Dragons|Manly Sea Eagles,2004,Rd 25,25,6,172,2004-08-29,St. George Illawarra Dragons,Manly Sea Eagles,36,34,Oki Jubilee,https://www.rugbyleagueproject.org/matches/2220
2004|Rd 25|Wests Tigers|NQ Cowboys,2004,Rd 25,25,7,173,2004-08-29,Wests Tigers,NQ Cowboys,12,24,Campbelltown,https://www.rugbyleagueproject.org/matches/232
2004|Rd 26|Penrith Panthers|Brisbane Broncos,2004,Rd 26,26,1,174,2004-09-03,Penrith Panthers,Brisbane Broncos,46,20,Penrith,https://www.rugbyleagueproject.org/matches/2222
2004|Rd 26|Canberra Raiders|South Sydney Rabbitohs,2004,Rd 26,26,2,175,2004-09-04,Canberra Raiders,South Sydney Rabbitohs,62,22,Canberra Stadium,https://www.rugbyleagueproject.org/matches/2223
2004|Rd 26|NQ Cowboys|Cronulla Sharks,2004,Rd 26,26,3,176,2004-09-04,NQ Cowboys,Cronulla Sharks,36,20,Dairy Farmers,https://www.rugbyleagueproject.org/matches/349
2004|Rd 26|Newcastle Knights|Wests Tigers,2004,Rd 26,26,4,177,2004-09-04,Newcastle Knights,Wests Tigers,26,16,EnergyAustralia,https://www.rugbyleagueproject.org/matches/2224
2004|Rd 26|Manly Sea Eagles|Melbourne Storm,2004,Rd 26,26,5,178,2004-09-05,Manly Sea Eagles,Melbourne Storm,30,28,Brookvale,https://www.rugbyleagueproject.org/matches/2225
2004|Rd 26|New Zealand Warriors|Canterbury Bulldogs,2004,Rd 26,26,6,179,2004-09-05,New Zealand Warriors,Canterbury Bulldogs,10,54,Ericsson,https://www.rugbyleagueproject.org/matches/2227
2004|Rd 26|Sydney Roosters|Parramatta Eels,2004,Rd 26,26,7,180,2004-09-05,Sydney Roosters,Parramatta Eels,48,10,Aussie,https://www.rugbyleagueproject.org/matches/2226
2004|Qualif Final|Penrith Panthers|St. George Illawarra Dragons,2004,Qualif Final,27,1,181,2004-09-10,Penrith Panthers,St. George Illawarra Dragons,31,30,Penrith,https://www.rugbyleagueproject.org/matches/2243
2004|Qualif Final|Brisbane Broncos|Melbourne Storm,2004,Qualif Final,27,2,182,2004-09-11,Brisbane Broncos,Melbourne Storm,14,31,Suncorp,https://www.rugbyleagueproject.org/matches/2244
2004|Qualif Final|Canterbury Bulldogs|NQ Cowboys,2004,Qualif Final,27,3,183,2004-09-11,Canterbury Bulldogs,NQ Cowboys,22,30,Telstra,https://www.rugbyleagueproject.org/matches/234
2004|Qualif Final|Sydney Roosters|Canberra Raiders,2004,Qualif Final,27,4,184,2004-09-12,Sydney Roosters,Canberra Raiders,38,12,Aussie,https://www.rugbyleagueproject.org/matches/2245
2004|Semi Final|NQ Cowboys|Brisbane Broncos,2004,Semi Final,28,1,185,2004-09-18,NQ Cowboys,Brisbane Broncos,10,0,Dairy Farmers,https://www.rugbyleagueproject.org/matches/350
2004|Semi Final|Canterbury Bulldogs|Melbourne Storm,2004,Semi Final,28,2,186,2004-09-19,Canterbury Bulldogs,Melbourne Storm,43,18,Aussie,https://www.rugbyleagueproject.org/matches/2246
2004|Prelim Final|Canterbury Bulldogs|Penrith Panthers,2004,Prelim Final,29,1,187,2004-09-25,Canterbury Bulldogs,Penrith Panthers,30,14,Aussie,https://www.rugbyleagueproject.org/matches/2247
2004|Prelim Final|Sydney Roosters|NQ Cowboys,2004,Prelim Final,29,2,188,2004-09-26,Sydney Roosters,NQ Cowboys,19,16,Telstra,https://www.rugbyleagueproject.org/matches/236
2004|Grand Final|Canterbury Bulldogs|Sydney Roosters,2004,Grand Final,30,1,189,2004-10-03,Canterbury Bulldogs,Sydney Roosters,16,13,Telstra,https://www.rugbyleagueproject.org/matches/2248
2005|Rd 1|Canterbury Bulldogs|St. George Illawarra Dragons,2005,Rd 1,1,1,1,2005-03-11,Canterbury Bulldogs,St. George Illawarra Dragons,46,28,Telstra,https://www.rugbyleagueproject.org/matches/2324
2005|Rd 1|Cronulla Sharks|Penrith Panthers,2005,Rd 1,1,2,2,2005-03-12,Cronulla Sharks,Penrith Panthers,20,14,Toyota,https://www.rugbyleagueproject.org/matches/2325
2005|Rd 1|Sydney Roosters|South Sydney Rabbitohs,2005,Rd 1,1,3,3,2005-03-12,Sydney Roosters,South Sydney Rabbitohs,24,12,Aussie,https://www.rugbyleagueproject.org/matches/2326
2005|Rd 1|Wests Tigers|Parramatta Eels,2005,Rd 1,1,4,4,2005-03-12,Wests Tigers,Parramatta Eels,12,28,Telstra,https://www.rugbyleagueproject.org/matches/2327
2005|Rd 1|Brisbane Broncos|NQ Cowboys,2005,Rd 1,1,5,5,2005-03-13,Brisbane Broncos,NQ Cowboys,29,16,Suncorp,https://www.rugbyleagueproject.org/matches/352
2005|Rd 1|Melbourne Storm|Newcastle Knights,2005,Rd 1,1,6,6,2005-03-13,Melbourne Storm,Newcastle Knights,48,10,Olympic Park,https://www.rugbyleagueproject.org/matches/2329
2005|Rd 1|New Zealand Warriors|Manly Sea Eagles,2005,Rd 1,1,7,7,2005-03-13,New Zealand Warriors,Manly Sea Eagles,20,26,Ericsson,https://www.rugbyleagueproject.org/matches/2328
2005|Rd 2|NQ Cowboys|Canterbury Bulldogs,2005,Rd 2,2,1,8,2005-03-18,NQ Cowboys,Canterbury Bulldogs,24,12,Dairy Farmers,https://www.rugbyleagueproject.org/matches/353
2005|Rd 2|Brisbane Broncos|New Zealand Warriors,2005,Rd 2,2,2,9,2005-03-19,Brisbane Broncos,New Zealand Warriors,12,24,Suncorp,https://www.rugbyleagueproject.org/matches/2331
2005|Rd 2|Canberra Raiders|Newcastle Knights,2005,Rd 2,2,3,10,2005-03-19,Canberra Raiders,Newcastle Knights,39,14,Canberra Stadium,https://www.rugbyleagueproject.org/matches/2330
2005|Rd 2|St. George Illawarra Dragons|Melbourne Storm,2005,Rd 2,2,4,11,2005-03-19,St. George Illawarra Dragons,Melbourne Storm,12,46,WIN,https://www.rugbyleagueproject.org/matches/2332
2005|Rd 2|Manly Sea Eagles|Cronulla Sharks,2005,Rd 2,2,5,12,2005-03-20,Manly Sea Eagles,Cronulla Sharks,46,20,Brookvale,https://www.rugbyleagueproject.org/matches/2334
2005|Rd 2|Penrith Panthers|Sydney Roosters,2005,Rd 2,2,6,13,2005-03-20,Penrith Panthers,Sydney Roosters,20,28,Penrith,https://www.rugbyleagueproject.org/matches/2335
2005|Rd 2|South Sydney Rabbitohs|Parramatta Eels,2005,Rd 2,2,7,14,2005-03-20,South Sydney Rabbitohs,Parramatta Eels,49,26,Aussie,https://www.rugbyleagueproject.org/matches/2333
2005|Rd 3|Sydney Roosters|Brisbane Broncos,2005,Rd 3,3,1,15,2005-03-25,Sydney Roosters,Brisbane Broncos,22,40,Aussie,https://www.rugbyleagueproject.org/matches/2389
2005|Rd 3|Parramatta Eels|Cronulla Sharks,2005,Rd 3,3,2,16,2005-03-26,Parramatta Eels,Cronulla Sharks,10,18,Parramatta,https://www.rugbyleagueproject.org/matches/2391
2005|Rd 3|Penrith Panthers|St. George Illawarra Dragons,2005,Rd 3,3,3,17,2005-03-26,Penrith Panthers,St. George Illawarra Dragons,18,8,Penrith,https://www.rugbyleagueproject.org/matches/2390
2005|Rd 3|Canterbury Bulldogs|Wests Tigers,2005,Rd 3,3,4,18,2005-03-27,Canterbury Bulldogs,Wests Tigers,36,37,Telstra,https://www.rugbyleagueproject.org/matches/2393
2005|Rd 3|Manly Sea Eagles|Melbourne Storm,2005,Rd 3,3,5,19,2005-03-27,Manly Sea Eagles,Melbourne Storm,25,18,Brookvale,https://www.rugbyleagueproject.org/matches/2392
2005|Rd 3|New Zealand Warriors|NQ Cowboys,2005,Rd 3,3,6,20,2005-03-27,New Zealand Warriors,NQ Cowboys,22,32,Ericsson,https://www.rugbyleagueproject.org/matches/355
2005|Rd 3|South Sydney Rabbitohs|Canberra Raiders,2005,Rd 3,3,7,21,2005-03-28,South Sydney Rabbitohs,Canberra Raiders,18,25,Aussie,https://www.rugbyleagueproject.org/matches/2394
2005|Rd 4|Parramatta Eels|Penrith Panthers,2005,Rd 4,4,1,22,2005-04-01,Parramatta Eels,Penrith Panthers,26,16,Parramatta,https://www.rugbyleagueproject.org/matches/2395
2005|Rd 4|Canberra Raiders|St. George Illawarra Dragons,2005,Rd 4,4,2,23,2005-04-02,Canberra Raiders,St. George Illawarra Dragons,42,22,Canberra Stadium,https://www.rugbyleagueproject.org/matches/2398
2005|Rd 4|Melbourne Storm|Brisbane Broncos,2005,Rd 4,4,3,24,2005-04-02,Melbourne Storm,Brisbane Broncos,50,4,Olympic Park,https://www.rugbyleagueproject.org/matches/2397
2005|Rd 4|NQ Cowboys|Newcastle Knights,2005,Rd 4,4,4,25,2005-04-02,NQ Cowboys,Newcastle Knights,52,18,Dairy Farmers,https://www.rugbyleagueproject.org/matches/357
2005|Rd 4|Cronulla Sharks|Canterbury Bulldogs,2005,Rd 4,4,5,26,2005-04-03,Cronulla Sharks,Canterbury Bulldogs,26,12,Toyota,https://www.rugbyleagueproject.org/matches/2400
2005|Rd 4|New Zealand Warriors|South Sydney Rabbitohs,2005,Rd 4,4,6,27,2005-04-03,New Zealand Warriors,South Sydney Rabbitohs,46,14,Ericsson,https://www.rugbyleagueproject.org/matches/2399
2005|Rd 4|Sydney Roosters|Wests Tigers,2005,Rd 4,4,7,28,2005-04-03,Sydney Roosters,Wests Tigers,26,32,Aussie,https://www.rugbyleagueproject.org/matches/2401
2005|Rd 5|Penrith Panthers|Melbourne Storm,2005,Rd 5,5,1,29,2005-04-08,Penrith Panthers,Melbourne Storm,36,16,Penrith,https://www.rugbyleagueproject.org/matches/2402
2005|Rd 5|Cronulla Sharks|NQ Cowboys,2005,Rd 5,5,2,30,2005-04-09,Cronulla Sharks,NQ Cowboys,38,6,Toyota,https://www.rugbyleagueproject.org/matches/358
2005|Rd 5|St. George Illawarra Dragons|Manly Sea Eagles,2005,Rd 5,5,3,31,2005-04-09,St. George Illawarra Dragons,Manly Sea Eagles,32,6,WIN,https://www.rugbyleagueproject.org/matches/2404
2005|Rd 5|Wests Tigers|New Zealand Warriors,2005,Rd 5,5,4,32,2005-04-09,Wests Tigers,New Zealand Warriors,24,6,Jade,https://www.rugbyleagueproject.org/matches/2403
2005|Rd 5|Brisbane Broncos|Parramatta Eels,2005,Rd 5,5,5,33,2005-04-10,Brisbane Broncos,Parramatta Eels,54,14,Suncorp,https://www.rugbyleagueproject.org/matches/2405
2005|Rd 5|Canberra Raiders|Sydney Roosters,2005,Rd 5,5,6,34,2005-04-10,Canberra Raiders,Sydney Roosters,24,16,Canberra Stadium,https://www.rugbyleagueproject.org/matches/2406
2005|Rd 5|South Sydney Rabbitohs|Newcastle Knights,2005,Rd 5,5,7,35,2005-04-10,South Sydney Rabbitohs,Newcastle Knights,37,12,Central Coast,https://www.rugbyleagueproject.org/matches/2407
2005|Rd 6|Canterbury Bulldogs|Sydney Roosters,2005,Rd 6,6,1,36,2005-04-15,Canterbury Bulldogs,Sydney Roosters,16,29,Telstra,https://www.rugbyleagueproject.org/matches/2408
2005|Rd 6|Melbourne Storm|Parramatta Eels,2005,Rd 6,6,2,37,2005-04-16,Melbourne Storm,Parramatta Eels,14,26,Olympic Park,https://www.rugbyleagueproject.org/matches/2409
2005|Rd 6|NQ Cowboys|Wests Tigers,2005,Rd 6,6,3,38,2005-04-16,NQ Cowboys,Wests Tigers,44,20,Dairy Farmers,https://www.rugbyleagueproject.org/matches/359
2005|Rd 6|South Sydney Rabbitohs|Penrith Panthers,2005,Rd 6,6,4,39,2005-04-16,South Sydney Rabbitohs,Penrith Panthers,6,36,Aussie,https://www.rugbyleagueproject.org/matches/2396
2005|Rd 6|Manly Sea Eagles|Canberra Raiders,2005,Rd 6,6,5,40,2005-04-17,Manly Sea Eagles,Canberra Raiders,36,14,Brookvale,https://www.rugbyleagueproject.org/matches/2411
2005|Rd 6|Newcastle Knights|New Zealand Warriors,2005,Rd 6,6,6,41,2005-04-17,Newcastle Knights,New Zealand Warriors,26,30,EnergyAustralia,https://www.rugbyleagueproject.org/matches/2410
2005|Rd 6|St. George Illawarra Dragons|Brisbane Broncos,2005,Rd 6,6,7,42,2005-04-17,St. George Illawarra Dragons,Brisbane Broncos,24,34,WIN,https://www.rugbyleagueproject.org/matches/2412
2005|Rd 7|Cronulla Sharks|Brisbane Broncos,2005,Rd 7,7,1,43,2005-04-23,Cronulla Sharks,Brisbane Broncos,12,16,Toyota,https://www.rugbyleagueproject.org/matches/2414
2005|Rd 7|Parramatta Eels|Wests Tigers,2005,Rd 7,7,2,44,2005-04-23,Parramatta Eels,Wests Tigers,26,16,Parramatta,https://www.rugbyleagueproject.org/matches/2413
2005|Rd 7|Penrith Panthers|NQ Cowboys,2005,Rd 7,7,3,45,2005-04-23,Penrith Panthers,NQ Cowboys,22,36,Penrith,https://www.rugbyleagueproject.org/matches/360
2005|Rd 7|Canberra Raiders|Melbourne Storm,2005,Rd 7,7,4,46,2005-04-24,Canberra Raiders,Melbourne Storm,10,46,Canberra Stadium,https://www.rugbyleagueproject.org/matches/2415
2005|Rd 7|Manly Sea Eagles|South Sydney Rabbitohs,2005,Rd 7,7,5,47,2005-04-24,Manly Sea Eagles,South Sydney Rabbitohs,48,14,Brookvale,https://www.rugbyleagueproject.org/matches/2417
2005|Rd 7|Newcastle Knights|Canterbury Bulldogs,2005,Rd 7,7,6,48,2005-04-24,Newcastle Knights,Canterbury Bulldogs,20,24,EnergyAustralia,https://www.rugbyleagueproject.org/matches/2416
2005|Rd 7|Sydney Roosters|St. George Illawarra Dragons,2005,Rd 7,7,7,49,2005-04-25,Sydney Roosters,St. George Illawarra Dragons,24,26,Aussie,https://www.rugbyleagueproject.org/matches/2418
2005|Rd 8|Brisbane Broncos|Manly Sea Eagles,2005,Rd 8,8,1,50,2005-04-29,Brisbane Broncos,Manly Sea Eagles,38,12,Suncorp,https://www.rugbyleagueproject.org/matches/2255
2005|Rd 8|Canterbury Bulldogs|Parramatta Eels,2005,Rd 8,8,2,51,2005-04-30,Canterbury Bulldogs,Parramatta Eels,30,16,Telstra,https://www.rugbyleagueproject.org/matches/2251
2005|Rd 8|Melbourne Storm|Cronulla Sharks,2005,Rd 8,8,3,52,2005-04-30,Melbourne Storm,Cronulla Sharks,10,30,Olympic Park,https://www.rugbyleagueproject.org/matches/2250
2005|Rd 8|NQ Cowboys|Sydney Roosters,2005,Rd 8,8,4,53,2005-04-30,NQ Cowboys,Sydney Roosters,38,18,Dairy Farmers,https://www.rugbyleagueproject.org/matches/2249
2005|Rd 8|New Zealand Warriors|Penrith Panthers,2005,Rd 8,8,5,54,2005-05-01,New Zealand Warriors,Penrith Panthers,14,16,Ericsson,https://www.rugbyleagueproject.org/matches/2252
2005|Rd 8|Newcastle Knights|Canberra Raiders,2005,Rd 8,8,6,55,2005-05-01,Newcastle Knights,Canberra Raiders,10,14,EnergyAustralia,https://www.rugbyleagueproject.org/matches/2253
2005|Rd 8|Wests Tigers|St. George Illawarra Dragons,2005,Rd 8,8,7,56,2005-05-01,Wests Tigers,St. George Illawarra Dragons,32,40,Telstra,https://www.rugbyleagueproject.org/matches/2254
2005|Rd 9|Cronulla Sharks|New Zealand Warriors,2005,Rd 9,9,1,57,2005-05-07,Cronulla Sharks,New Zealand Warriors,28,24,Members Equity,https://www.rugbyleagueproject.org/matches/2274
2005|Rd 9|Penrith Panthers|Canberra Raiders,2005,Rd 9,9,2,58,2005-05-07,Penrith Panthers,Canberra Raiders,18,26,Penrith,https://www.rugbyleagueproject.org/matches/2273
2005|Rd 9|St. George Illawarra Dragons|South Sydney Rabbitohs,2005,Rd 9,9,3,59,2005-05-07,St. George Illawarra Dragons,South Sydney Rabbitohs,42,10,WIN,https://www.rugbyleagueproject.org/matches/2272
2005|Rd 9|Brisbane Broncos|Canterbury Bulldogs,2005,Rd 9,9,4,60,2005-05-08,Brisbane Broncos,Canterbury Bulldogs,35,28,Suncorp,https://www.rugbyleagueproject.org/matches/2275
2005|Rd 9|Manly Sea Eagles|Wests Tigers,2005,Rd 9,9,5,61,2005-05-08,Manly Sea Eagles,Wests Tigers,34,26,Brookvale,https://www.rugbyleagueproject.org/matches/2277
2005|Rd 9|Parramatta Eels|NQ Cowboys,2005,Rd 9,9,6,62,2005-05-08,Parramatta Eels,NQ Cowboys,50,12,Parramatta,https://www.rugbyleagueproject.org/matches/2271
2005|Rd 9|Sydney Roosters|Newcastle Knights,2005,Rd 9,9,7,63,2005-05-08,Sydney Roosters,Newcastle Knights,32,2,Aussie,https://www.rugbyleagueproject.org/matches/2276
2005|Rd 10|St. George Illawarra Dragons|Penrith Panthers,2005,Rd 10,10,1,64,2005-05-13,St. George Illawarra Dragons,Penrith Panthers,34,12,WIN,https://www.rugbyleagueproject.org/matches/2264
2005|Rd 10|Canterbury Bulldogs|Manly Sea Eagles,2005,Rd 10,10,2,65,2005-05-14,Canterbury Bulldogs,Manly Sea Eagles,10,18,Telstra,https://www.rugbyleagueproject.org/matches/2265
2005|Rd 10|NQ Cowboys|Brisbane Broncos,2005,Rd 10,10,3,66,2005-05-14,NQ Cowboys,Brisbane Broncos,6,23,Dairy Farmers,https://www.rugbyleagueproject.org/matches/2266
2005|Rd 10|South Sydney Rabbitohs|Melbourne Storm,2005,Rd 10,10,4,67,2005-05-14,South Sydney Rabbitohs,Melbourne Storm,12,38,Aussie,https://www.rugbyleagueproject.org/matches/2267
2005|Rd 10|Canberra Raiders|Cronulla Sharks,2005,Rd 10,10,5,68,2005-05-15,Canberra Raiders,Cronulla Sharks,26,32,Canberra Stadium,https://www.rugbyleagueproject.org/matches/2270
2005|Rd 10|New Zealand Warriors|Sydney Roosters,2005,Rd 10,10,6,69,2005-05-15,New Zealand Warriors,Sydney Roosters,6,10,Ericsson,https://www.rugbyleagueproject.org/matches/2268
2005|Rd 10|Newcastle Knights|Wests Tigers,2005,Rd 10,10,7,70,2005-05-15,Newcastle Knights,Wests Tigers,16,32,EnergyAustralia,https://www.rugbyleagueproject.org/matches/2269
2005|Rd 11|Parramatta Eels|Manly Sea Eagles,2005,Rd 11,11,1,71,2005-05-20,Parramatta Eels,Manly Sea Eagles,18,12,Parramatta,https://www.rugbyleagueproject.org/matches/2336
2005|Rd 11|Melbourne Storm|Canterbury Bulldogs,2005,Rd 11,11,2,72,2005-05-21,Melbourne Storm,Canterbury Bulldogs,16,26,Olympic Park,https://www.rugbyleagueproject.org/matches/2337
2005|Rd 11|Newcastle Knights|St. George Illawarra Dragons,2005,Rd 11,11,3,73,2005-05-21,Newcastle Knights,St. George Illawarra Dragons,16,18,EnergyAustralia,https://www.rugbyleagueproject.org/matches/2338
2005|Rd 11|South Sydney Rabbitohs|New Zealand Warriors,2005,Rd 11,11,4,74,2005-05-21,South Sydney Rabbitohs,New Zealand Warriors,16,34,North Sydney,https://www.rugbyleagueproject.org/matches/2339
2005|Rd 11|Penrith Panthers|Cronulla Sharks,2005,Rd 11,11,5,75,2005-05-22,Penrith Panthers,Cronulla Sharks,22,30,Penrith,https://www.rugbyleagueproject.org/matches/2341
2005|Rd 11|Wests Tigers|Canberra Raiders,2005,Rd 11,11,6,76,2005-05-22,Wests Tigers,Canberra Raiders,28,16,Campbelltown,https://www.rugbyleagueproject.org/matches/2340
2005|Rd 12|Canterbury Bulldogs|NQ Cowboys,2005,Rd 12,12,1,77,2005-05-27,Canterbury Bulldogs,NQ Cowboys,12,48,Carrara,https://www.rugbyleagueproject.org/matches/2419
2005|Rd 12|Brisbane Broncos|South Sydney Rabbitohs,2005,Rd 12,12,2,78,2005-05-28,Brisbane Broncos,South Sydney Rabbitohs,36,12,Suncorp,https://www.rugbyleagueproject.org/matches/2420
2005|Rd 12|Cronulla Sharks|Parramatta Eels,2005,Rd 12,12,3,79,2005-05-28,Cronulla Sharks,Parramatta Eels,26,34,Toyota,https://www.rugbyleagueproject.org/matches/2421
2005|Rd 12|Sydney Roosters|Canberra Raiders,2005,Rd 12,12,4,80,2005-05-28,Sydney Roosters,Canberra Raiders,30,16,Central Coast,https://www.rugbyleagueproject.org/matches/2422
2005|Rd 12|Manly Sea Eagles|Penrith Panthers,2005,Rd 12,12,5,81,2005-05-29,Manly Sea Eagles,Penrith Panthers,36,26,Brookvale,https://www.rugbyleagueproject.org/matches/2425
2005|Rd 12|Melbourne Storm|St. George Illawarra Dragons,2005,Rd 12,12,6,82,2005-05-29,Melbourne Storm,St. George Illawarra Dragons,24,16,Olympic Park,https://www.rugbyleagueproject.org/matches/2424
2005|Rd 12|New Zealand Warriors|Wests Tigers,2005,Rd 12,12,7,83,2005-05-29,New Zealand Warriors,Wests Tigers,21,4,Ericsson,https://www.rugbyleagueproject.org/matches/2423
2005|Rd 13|Sydney Roosters|Manly Sea Eagles,2005,Rd 13,13,1,84,2005-06-03,Sydney Roosters,Manly Sea Eagles,18,22,Aussie,https://www.rugbyleagueproject.org/matches/2426
2005|Rd 13|Canterbury Bulldogs|South Sydney Rabbitohs,2005,Rd 13,13,2,85,2005-06-04,Canterbury Bulldogs,South Sydney Rabbitohs,21,21,Showground,https://www.rugbyleagueproject.org/matches/2428
2005|Rd 13|NQ Cowboys|Cronulla Sharks,2005,Rd 13,13,3,86,2005-06-04,NQ Cowboys,Cronulla Sharks,56,14,Dairy Farmers,https://www.rugbyleagueproject.org/matches/2427
2005|Rd 13|St. George Illawarra Dragons|New Zealand Warriors,2005,Rd 13,13,4,87,2005-06-04,St. George Illawarra Dragons,New Zealand Warriors,32,18,WIN,https://www.rugbyleagueproject.org/matches/2429
2005|Rd 13|Newcastle Knights|Brisbane Broncos,2005,Rd 13,13,5,88,2005-06-05,Newcastle Knights,Brisbane Broncos,16,34,EnergyAustralia,https://www.rugbyleagueproject.org/matches/2432
2005|Rd 13|Penrith Panthers|Parramatta Eels,2005,Rd 13,13,6,89,2005-06-05,Penrith Panthers,Parramatta Eels,22,32,Penrith,https://www.rugbyleagueproject.org/matches/2431
2005|Rd 13|Wests Tigers|Melbourne Storm,2005,Rd 13,13,7,90,2005-06-05,Wests Tigers,Melbourne Storm,14,30,Leichhardt,https://www.rugbyleagueproject.org/matches/2430
2005|Rd 14|Wests Tigers|Cronulla Sharks,2005,Rd 14,14,1,91,2005-06-10,Wests Tigers,Cronulla Sharks,34,18,Campbelltown,https://www.rugbyleagueproject.org/matches/2433
2005|Rd 14|Canberra Raiders|Brisbane Broncos,2005,Rd 14,14,2,92,2005-06-11,Canberra Raiders,Brisbane Broncos,12,20,Canberra Stadium,https://www.rugbyleagueproject.org/matches/2434
2005|Rd 14|Newcastle Knights|Parramatta Eels,2005,Rd 14,14,3,93,2005-06-11,Newcastle Knights,Parramatta Eels,0,50,EnergyAustralia,https://www.rugbyleagueproject.org/matches/2436
2005|Rd 14|South Sydney Rabbitohs|Manly Sea Eagles,2005,Rd 14,14,4,94,2005-06-11,South Sydney Rabbitohs,Manly Sea Eagles,44,6,Aussie,https://www.rugbyleagueproject.org/matches/2435
2005|Rd 14|New Zealand Warriors|Melbourne Storm,2005,Rd 14,14,5,95,2005-06-12,New Zealand Warriors,Melbourne Storm,24,16,Ericsson,https://www.rugbyleagueproject.org/matches/2437
2005|Rd 14|St. George Illawarra Dragons|NQ Cowboys,2005,Rd 14,14,6,96,2005-06-12,St. George Illawarra Dragons,NQ Cowboys,34,4,Oki Jubilee,https://www.rugbyleagueproject.org/matches/2438
2005|Rd 15|Cronulla Sharks|Sydney Roosters,2005,Rd 15,15,1,97,2005-06-17,Cronulla Sharks,Sydney Roosters,16,10,Toyota,https://www.rugbyleagueproject.org/matches/2465
2005|Rd 15|Brisbane Broncos|Wests Tigers,2005,Rd 15,15,2,98,2005-06-18,Brisbane Broncos,Wests Tigers,40,22,Suncorp,https://www.rugbyleagueproject.org/matches/2467
2005|Rd 15|Melbourne Storm|Penrith Panthers,2005,Rd 15,15,3,99,2005-06-18,Melbourne Storm,Penrith Panthers,14,28,Olympic Park,https://www.rugbyleagueproject.org/matches/2468
2005|Rd 15|Parramatta Eels|New Zealand Warriors,2005,Rd 15,15,4,100,2005-06-18,Parramatta Eels,New Zealand Warriors,28,18,Waikato,https://www.rugbyleagueproject.org/matches/2466
2005|Rd 15|Canterbury Bulldogs|Canberra Raiders,2005,Rd 15,15,5,101,2005-06-19,Canterbury Bulldogs,Canberra Raiders,28,10,Showground,https://www.rugbyleagueproject.org/matches/2470
2005|Rd 15|Manly Sea Eagles|Newcastle Knights,2005,Rd 15,15,6,102,2005-06-19,Manly Sea Eagles,Newcastle Knights,48,26,Brookvale,https://www.rugbyleagueproject.org/matches/2471
2005|Rd 15|South Sydney Rabbitohs|St. George Illawarra Dragons,2005,Rd 15,15,7,103,2005-06-19,South Sydney Rabbitohs,St. George Illawarra Dragons,10,28,SCG,https://www.rugbyleagueproject.org/matches/2469
2005|Rd 16|Sydney Roosters|Parramatta Eels,2005,Rd 16,16,1,104,2005-06-24,Sydney Roosters,Parramatta Eels,12,8,Aussie,https://www.rugbyleagueproject.org/matches/2614
2005|Rd 16|Canberra Raiders|NQ Cowboys,2005,Rd 16,16,2,105,2005-06-25,Canberra Raiders,NQ Cowboys,23,22,Canberra Stadium,https://www.rugbyleagueproject.org/matches/2616
2005|Rd 16|Melbourne Storm|South Sydney Rabbitohs,2005,Rd 16,16,3,106,2005-06-25,Melbourne Storm,South Sydney Rabbitohs,48,6,Olympic Park,https://www.rugbyleagueproject.org/matches/2617
2005|Rd 16|Penrith Panthers|Newcastle Knights,2005,Rd 16,16,4,107,2005-06-25,Penrith Panthers,Newcastle Knights,24,28,Penrith,https://www.rugbyleagueproject.org/matches/2615
2005|Rd 16|Manly Sea Eagles|Canterbury Bulldogs,2005,Rd 16,16,5,108,2005-06-26,Manly Sea Eagles,Canterbury Bulldogs,12,31,Brookvale,https://www.rugbyleagueproject.org/matches/2620
2005|Rd 16|New Zealand Warriors|Brisbane Broncos,2005,Rd 16,16,6,109,2005-06-26,New Zealand Warriors,Brisbane Broncos,30,18,Ericsson,https://www.rugbyleagueproject.org/matches/2619
2005|Rd 16|St. George Illawarra Dragons|Wests Tigers,2005,Rd 16,16,7,110,2005-06-26,St. George Illawarra Dragons,Wests Tigers,24,32,Oki Jubilee,https://www.rugbyleagueproject.org/matches/2618
2005|Rd 17|Wests Tigers|Manly Sea Eagles,2005,Rd 17,17,1,111,2005-07-01,Wests Tigers,Manly Sea Eagles,49,24,Leichhardt,https://www.rugbyleagueproject.org/matches/2621
2005|Rd 17|Canterbury Bulldogs|Melbourne Storm,2005,Rd 17,17,2,112,2005-07-02,Canterbury Bulldogs,Melbourne Storm,6,33,Showground,https://www.rugbyleagueproject.org/matches/2902
2005|Rd 17|NQ Cowboys|New Zealand Warriors,2005,Rd 17,17,3,113,2005-07-02,NQ Cowboys,New Zealand Warriors,24,16,Dairy Farmers,https://www.rugbyleagueproject.org/matches/2622
2005|Rd 17|Newcastle Knights|Sydney Roosters,2005,Rd 17,17,4,114,2005-07-02,Newcastle Knights,Sydney Roosters,14,28,EnergyAustralia,https://www.rugbyleagueproject.org/matches/2903
2005|Rd 17|Brisbane Broncos|Cronulla Sharks,2005,Rd 17,17,5,115,2005-07-03,Brisbane Broncos,Cronulla Sharks,22,10,Suncorp,https://www.rugbyleagueproject.org/matches/2905
2005|Rd 17|Canberra Raiders|Penrith Panthers,2005,Rd 17,17,6,116,2005-07-03,Canberra Raiders,Penrith Panthers,22,14,Canberra Stadium,https://www.rugbyleagueproject.org/matches/2904
2005|Rd 17|Parramatta Eels|South Sydney Rabbitohs,2005,Rd 17,17,7,117,2005-07-03,Parramatta Eels,South Sydney Rabbitohs,52,16,Parramatta,https://www.rugbyleagueproject.org/matches/2906
2005|Rd 18|Parramatta Eels|St. George Illawarra Dragons,2005,Rd 18,18,1,118,2005-07-08,Parramatta Eels,St. George Illawarra Dragons,40,14,Parramatta,https://www.rugbyleagueproject.org/matches/2623
2005|Rd 18|Melbourne Storm|Canberra Raiders,2005,Rd 18,18,2,119,2005-07-09,Melbourne Storm,Canberra Raiders,20,0,Olympic Park,https://www.rugbyleagueproject.org/matches/2908
2005|Rd 18|Penrith Panthers|Manly Sea Eagles,2005,Rd 18,18,3,120,2005-07-09,Penrith Panthers,Manly Sea Eagles,16,12,Penrith,https://www.rugbyleagueproject.org/matches/2909
2005|Rd 18|South Sydney Rabbitohs|Cronulla Sharks,2005,Rd 18,18,4,121,2005-07-09,South Sydney Rabbitohs,Cronulla Sharks,24,14,Aussie,https://www.rugbyleagueproject.org/matches/2907
2005|Rd 18|New Zealand Warriors|Canterbury Bulldogs,2005,Rd 18,18,5,122,2005-07-10,New Zealand Warriors,Canterbury Bulldogs,24,26,Ericsson,https://www.rugbyleagueproject.org/matches/2910
2005|Rd 18|Newcastle Knights|NQ Cowboys,2005,Rd 18,18,6,123,2005-07-10,Newcastle Knights,NQ Cowboys,22,18,EnergyAustralia,https://www.rugbyleagueproject.org/matches/2625
2005|Rd 18|Wests Tigers|Sydney Roosters,2005,Rd 18,18,7,124,2005-07-10,Wests Tigers,Sydney Roosters,26,16,Telstra,https://www.rugbyleagueproject.org/matches/2911
2005|Rd 19|Penrith Panthers|Canterbury Bulldogs,2005,Rd 19,19,1,125,2005-07-15,Penrith Panthers,Canterbury Bulldogs,16,18,Penrith,https://www.rugbyleagueproject.org/matches/2912
2005|Rd 19|Cronulla Sharks|Newcastle Knights,2005,Rd 19,19,2,126,2005-07-16,Cronulla Sharks,Newcastle Knights,30,26,Toyota,https://www.rugbyleagueproject.org/matches/2914
2005|Rd 19|NQ Cowboys|South Sydney Rabbitohs,2005,Rd 19,19,3,127,2005-07-16,NQ Cowboys,South Sydney Rabbitohs,14,16,Dairy Farmers,https://www.rugbyleagueproject.org/matches/2897
2005|Rd 19|Sydney Roosters|New Zealand Warriors,2005,Rd 19,19,4,128,2005-07-16,Sydney Roosters,New Zealand Warriors,22,24,Aussie,https://www.rugbyleagueproject.org/matches/2913
2005|Rd 19|Brisbane Broncos|Melbourne Storm,2005,Rd 19,19,5,129,2005-07-17,Brisbane Broncos,Melbourne Storm,28,15,Suncorp,https://www.rugbyleagueproject.org/matches/2915
2005|Rd 19|Canberra Raiders|Parramatta Eels,2005,Rd 19,19,6,130,2005-07-17,Canberra Raiders,Parramatta Eels,26,18,Canberra Stadium,https://www.rugbyleagueproject.org/matches/2916
2005|Rd 19|Manly Sea Eagles|St. George Illawarra Dragons,2005,Rd 19,19,7,131,2005-07-17,Manly Sea Eagles,St. George Illawarra Dragons,10,36,Brookvale,https://www.rugbyleagueproject.org/matches/2917
2005|Rd 20|Canterbury Bulldogs|Brisbane Broncos,2005,Rd 20,20,1,132,2005-07-22,Canterbury Bulldogs,Brisbane Broncos,29,22,Telstra,https://www.rugbyleagueproject.org/matches/2918
2005|Rd 20|NQ Cowboys|Penrith Panthers,2005,Rd 20,20,2,133,2005-07-23,NQ Cowboys,Penrith Panthers,38,18,Dairy Farmers,https://www.rugbyleagueproject.org/matches/2920
2005|Rd 20|New Zealand Warriors|Canberra Raiders,2005,Rd 20,20,3,134,2005-07-23,New Zealand Warriors,Canberra Raiders,24,16,Ericsson,https://www.rugbyleagueproject.org/matches/2919
2005|Rd 20|Parramatta Eels|Newcastle Knights,2005,Rd 20,20,4,135,2005-07-23,Parramatta Eels,Newcastle Knights,10,16,Parramatta,https://www.rugbyleagueproject.org/matches/2921
2005|Rd 20|Melbourne Storm|Sydney Roosters,2005,Rd 20,20,5,136,2005-07-24,Melbourne Storm,Sydney Roosters,24,10,Olympic Park,https://www.rugbyleagueproject.org/matches/2922
2005|Rd 20|St. George Illawarra Dragons|Cronulla Sharks,2005,Rd 20,20,6,137,2005-07-24,St. George Illawarra Dragons,Cronulla Sharks,20,10,Oki Jubilee,https://www.rugbyleagueproject.org/matches/2923
2005|Rd 20|Wests Tigers|South Sydney Rabbitohs,2005,Rd 20,20,7,138,2005-07-24,Wests Tigers,South Sydney Rabbitohs,42,20,Leichhardt,https://www.rugbyleagueproject.org/matches/2924
2005|Rd 21|St. George Illawarra Dragons|Sydney Roosters,2005,Rd 21,21,1,139,2005-07-29,St. George Illawarra Dragons,Sydney Roosters,44,6,WIN,https://www.rugbyleagueproject.org/matches/2925
2005|Rd 21|Brisbane Broncos|Canberra Raiders,2005,Rd 21,21,2,140,2005-07-30,Brisbane Broncos,Canberra Raiders,24,18,Suncorp,https://www.rugbyleagueproject.org/matches/2927
2005|Rd 21|Newcastle Knights|Melbourne Storm,2005,Rd 21,21,3,141,2005-07-30,Newcastle Knights,Melbourne Storm,37,18,EnergyAustralia,https://www.rugbyleagueproject.org/matches/2926
2005|Rd 21|Penrith Panthers|New Zealand Warriors,2005,Rd 21,21,4,142,2005-07-30,Penrith Panthers,New Zealand Warriors,42,34,Penrith,https://www.rugbyleagueproject.org/matches/2928
2005|Rd 21|Cronulla Sharks|Wests Tigers,2005,Rd 21,21,5,143,2005-07-31,Cronulla Sharks,Wests Tigers,6,46,Toyota,https://www.rugbyleagueproject.org/matches/2931
2005|Rd 21|Manly Sea Eagles|NQ Cowboys,2005,Rd 21,21,6,144,2005-07-31,Manly Sea Eagles,NQ Cowboys,24,26,Brookvale,https://www.rugbyleagueproject.org/matches/2929
2005|Rd 21|South Sydney Rabbitohs|Canterbury Bulldogs,2005,Rd 21,21,7,145,2005-07-31,South Sydney Rabbitohs,Canterbury Bulldogs,37,24,Aussie,https://www.rugbyleagueproject.org/matches/2930
2005|Rd 22|NQ Cowboys|St. George Illawarra Dragons,2005,Rd 22,22,1,146,2005-08-05,NQ Cowboys,St. George Illawarra Dragons,16,36,Dairy Farmers,https://www.rugbyleagueproject.org/matches/2932
2005|Rd 22|Canterbury Bulldogs|Newcastle Knights,2005,Rd 22,22,2,147,2005-08-06,Canterbury Bulldogs,Newcastle Knights,13,28,Telstra,https://www.rugbyleagueproject.org/matches/2935
2005|Rd 22|Cronulla Sharks|Melbourne Storm,2005,Rd 22,22,3,148,2005-08-06,Cronulla Sharks,Melbourne Storm,40,16,Toyota,https://www.rugbyleagueproject.org/matches/2934
2005|Rd 22|New Zealand Warriors|Parramatta Eels,2005,Rd 22,22,4,149,2005-08-06,New Zealand Warriors,Parramatta Eels,20,38,Ericsson,https://www.rugbyleagueproject.org/matches/2933
2005|Rd 22|Canberra Raiders|Wests Tigers,2005,Rd 22,22,5,150,2005-08-07,Canberra Raiders,Wests Tigers,14,22,Canberra Stadium,https://www.rugbyleagueproject.org/matches/2936
2005|Rd 22|Manly Sea Eagles|Brisbane Broncos,2005,Rd 22,22,6,151,2005-08-07,Manly Sea Eagles,Brisbane Broncos,21,20,Brookvale,https://www.rugbyleagueproject.org/matches/2937
2005|Rd 22|Sydney Roosters|Penrith Panthers,2005,Rd 22,22,7,152,2005-08-07,Sydney Roosters,Penrith Panthers,28,30,Aussie,https://www.rugbyleagueproject.org/matches/2938
2005|Rd 23|Parramatta Eels|Canterbury Bulldogs,2005,Rd 23,23,1,153,2005-08-12,Parramatta Eels,Canterbury Bulldogs,56,4,Parramatta,https://www.rugbyleagueproject.org/matches/2945
2005|Rd 23|Canberra Raiders|South Sydney Rabbitohs,2005,Rd 23,23,2,154,2005-08-13,Canberra Raiders,South Sydney Rabbitohs,16,29,Canberra Stadium,https://www.rugbyleagueproject.org/matches/2948
2005|Rd 23|Melbourne Storm|New Zealand Warriors,2005,Rd 23,23,3,155,2005-08-13,Melbourne Storm,New Zealand Warriors,22,10,Olympic Park,https://www.rugbyleagueproject.org/matches/2946
2005|Rd 23|Sydney Roosters|Cronulla Sharks,2005,Rd 23,23,4,156,2005-08-13,Sydney Roosters,Cronulla Sharks,14,8,Aussie,https://www.rugbyleagueproject.org/matches/2947
2005|Rd 23|Brisbane Broncos|St. George Illawarra Dragons,2005,Rd 23,23,5,157,2005-08-14,Brisbane Broncos,St. George Illawarra Dragons,4,24,Suncorp,https://www.rugbyleagueproject.org/matches/2950
2005|Rd 23|Newcastle Knights|Manly Sea Eagles,2005,Rd 23,23,6,158,2005-08-14,Newcastle Knights,Manly Sea Eagles,22,14,EnergyAustralia,https://www.rugbyleagueproject.org/matches/2951
2005|Rd 23|Wests Tigers|NQ Cowboys,2005,Rd 23,23,7,159,2005-08-14,Wests Tigers,NQ Cowboys,28,16,Campbelltown,https://www.rugbyleagueproject.org/matches/2949
2005|Rd 24|Wests Tigers|Canterbury Bulldogs,2005,Rd 24,24,1,160,2005-08-19,Wests Tigers,Canterbury Bulldogs,54,2,Telstra,https://www.rugbyleagueproject.org/matches/2994
2005|Rd 24|NQ Cowboys|Canberra Raiders,2005,Rd 24,24,2,161,2005-08-20,NQ Cowboys,Canberra Raiders,31,28,Dairy Farmers,https://www.rugbyleagueproject.org/matches/2996
2005|Rd 24|New Zealand Warriors|Newcastle Knights,2005,Rd 24,24,3,162,2005-08-20,New Zealand Warriors,Newcastle Knights,4,16,Ericsson,https://www.rugbyleagueproject.org/matches/2995
2005|Rd 24|South Sydney Rabbitohs|Sydney Roosters,2005,Rd 24,24,4,163,2005-08-20,South Sydney Rabbitohs,Sydney Roosters,17,16,Aussie,https://www.rugbyleagueproject.org/matches/2997
2005|Rd 24|Cronulla Sharks|Manly Sea Eagles,2005,Rd 24,24,5,164,2005-08-21,Cronulla Sharks,Manly Sea Eagles,68,6,Toyota,https://www.rugbyleagueproject.org/matches/2998
2005|Rd 24|Penrith Panthers|Brisbane Broncos,2005,Rd 24,24,6,165,2005-08-21,Penrith Panthers,Brisbane Broncos,22,20,Penrith,https://www.rugbyleagueproject.org/matches/3000
2005|Rd 24|St. George Illawarra Dragons|Parramatta Eels,2005,Rd 24,24,7,166,2005-08-21,St. George Illawarra Dragons,Parramatta Eels,25,22,Oki Jubilee,https://www.rugbyleagueproject.org/matches/2999
2005|Rd 25|Brisbane Broncos|Sydney Roosters,2005,Rd 25,25,1,167,2005-08-26,Brisbane Broncos,Sydney Roosters,10,17,Suncorp,https://www.rugbyleagueproject.org/matches/3077
2005|Rd 25|Manly Sea Eagles|New Zealand Warriors,2005,Rd 25,25,2,168,2005-08-27,Manly Sea Eagles,New Zealand Warriors,20,22,Brookvale,https://www.rugbyleagueproject.org/matches/3080
2005|Rd 25|Melbourne Storm|Wests Tigers,2005,Rd 25,25,3,169,2005-08-27,Melbourne Storm,Wests Tigers,34,22,Olympic Park,https://www.rugbyleagueproject.org/matches/3078
2005|Rd 25|Newcastle Knights|Cronulla Sharks,2005,Rd 25,25,4,170,2005-08-27,Newcastle Knights,Cronulla Sharks,44,14,EnergyAustralia,https://www.rugbyleagueproject.org/matches/3079
2005|Rd 25|Canterbury Bulldogs|Penrith Panthers,2005,Rd 25,25,5,171,2005-08-28,Canterbury Bulldogs,Penrith Panthers,6,28,Telstra,https://www.rugbyleagueproject.org/matches/3081
2005|Rd 25|Parramatta Eels|Canberra Raiders,2005,Rd 25,25,6,172,2005-08-28,Parramatta Eels,Canberra Raiders,48,10,Parramatta,https://www.rugbyleagueproject.org/matches/3082
2005|Rd 25|South Sydney Rabbitohs|NQ Cowboys,2005,Rd 25,25,7,173,2005-08-28,South Sydney Rabbitohs,NQ Cowboys,16,30,Central Coast,https://www.rugbyleagueproject.org/matches/3083
2005|Rd 26|Parramatta Eels|Brisbane Broncos,2005,Rd 26,26,1,174,2005-09-02,Parramatta Eels,Brisbane Broncos,28,14,Parramatta,https://www.rugbyleagueproject.org/matches/3085
2005|Rd 26|Canberra Raiders|Manly Sea Eagles,2005,Rd 26,26,2,175,2005-09-03,Canberra Raiders,Manly Sea Eagles,18,36,Canberra Stadium,https://www.rugbyleagueproject.org/matches/3088
2005|Rd 26|Cronulla Sharks|South Sydney Rabbitohs,2005,Rd 26,26,3,176,2005-09-03,Cronulla Sharks,South Sydney Rabbitohs,22,26,Toyota,https://www.rugbyleagueproject.org/matches/3086
2005|Rd 26|NQ Cowboys|Melbourne Storm,2005,Rd 26,26,4,177,2005-09-03,NQ Cowboys,Melbourne Storm,30,24,Dairy Farmers,https://www.rugbyleagueproject.org/matches/3087
2005|Rd 26|St. George Illawarra Dragons|Newcastle Knights,2005,Rd 26,26,5,178,2005-09-04,St. George Illawarra Dragons,Newcastle Knights,36,28,Oki Jubilee,https://www.rugbyleagueproject.org/matches/3090
2005|Rd 26|Sydney Roosters|Canterbury Bulldogs,2005,Rd 26,26,6,179,2005-09-04,Sydney Roosters,Canterbury Bulldogs,32,12,Aussie,https://www.rugbyleagueproject.org/matches/3089
2005|Rd 26|Wests Tigers|Penrith Panthers,2005,Rd 26,26,7,180,2005-09-04,Wests Tigers,Penrith Panthers,22,38,Telstra,https://www.rugbyleagueproject.org/matches/3091
2005|Qualif Final|Wests Tigers|NQ Cowboys,2005,Qualif Final,27,1,181,2005-09-09,Wests Tigers,NQ Cowboys,50,6,Telstra,https://www.rugbyleagueproject.org/matches/3311
2005|Qualif Final|Brisbane Broncos|Melbourne Storm,2005,Qualif Final,27,2,182,2005-09-10,Brisbane Broncos,Melbourne Storm,18,24,Suncorp,https://www.rugbyleagueproject.org/matches/3312
2005|Qualif Final|St. George Illawarra Dragons|Cronulla Sharks,2005,Qualif Final,27,3,183,2005-09-10,St. George Illawarra Dragons,Cronulla Sharks,28,22,WIN,https://www.rugbyleagueproject.org/matches/3313
2005|Qualif Final|Parramatta Eels|Manly Sea Eagles,2005,Qualif Final,27,4,184,2005-09-11,Parramatta Eels,Manly Sea Eagles,46,22,Parramatta,https://www.rugbyleagueproject.org/matches/3314
2005|Semi Final|Melbourne Storm|NQ Cowboys,2005,Semi Final,28,1,185,2005-09-17,Melbourne Storm,NQ Cowboys,16,24,Aussie,https://www.rugbyleagueproject.org/matches/3315
2005|Semi Final|Wests Tigers|Brisbane Broncos,2005,Semi Final,28,2,186,2005-09-18,Wests Tigers,Brisbane Broncos,34,6,Aussie,https://www.rugbyleagueproject.org/matches/3316
2005|Prelim Final|St. George Illawarra Dragons|Wests Tigers,2005,Prelim Final,29,1,187,2005-09-24,St. George Illawarra Dragons,Wests Tigers,12,20,Aussie,https://www.rugbyleagueproject.org/matches/3317
2005|Prelim Final|Parramatta Eels|NQ Cowboys,2005,Prelim Final,29,2,188,2005-09-25,Parramatta Eels,NQ Cowboys,0,29,Telstra,https://www.rugbyleagueproject.org/matches/3318
2005|Grand Final|Wests Tigers|NQ Cowboys,2005,Grand Final,30,1,189,2005-10-02,Wests Tigers,NQ Cowboys,30,16,Telstra,https://www.rugbyleagueproject.org/matches/3319
2006|Rd 1|Wests Tigers|St. George Illawarra Dragons,2006,Rd 1,1,1,1,2006-03-10,Wests Tigers,St. George Illawarra Dragons,24,15,Telstra,https://www.rugbyleagueproject.org/matches/4011
2006|Rd 1|Canterbury Bulldogs|Penrith Panthers,2006,Rd 1,1,2,2,2006-03-11,Canterbury Bulldogs,Penrith Panthers,22,24,Telstra,https://www.rugbyleagueproject.org/matches/4012
2006|Rd 1|Manly Sea Eagles|Canberra Raiders,2006,Rd 1,1,3,3,2006-03-11,Manly Sea Eagles,Canberra Raiders,14,27,Brookvale,https://www.rugbyleagueproject.org/matches/4008
2006|Rd 1|Newcastle Knights|Parramatta Eels,2006,Rd 1,1,4,4,2006-03-11,Newcastle Knights,Parramatta Eels,25,6,EnergyAustralia,https://www.rugbyleagueproject.org/matches/4006
2006|Rd 1|Brisbane Broncos|NQ Cowboys,2006,Rd 1,1,5,5,2006-03-12,Brisbane Broncos,NQ Cowboys,4,36,Suncorp,https://www.rugbyleagueproject.org/matches/4009
2006|Rd 1|New Zealand Warriors|Melbourne Storm,2006,Rd 1,1,6,6,2006-03-12,New Zealand Warriors,Melbourne Storm,16,22,Ericsson,https://www.rugbyleagueproject.org/matches/4010
2006|Rd 1|South Sydney Rabbitohs|Sydney Roosters,2006,Rd 1,1,7,7,2006-03-12,South Sydney Rabbitohs,Sydney Roosters,22,40,Telstra,https://www.rugbyleagueproject.org/matches/4007
2006|Rd 2|Canterbury Bulldogs|Wests Tigers,2006,Rd 2,2,1,8,2006-03-17,Canterbury Bulldogs,Wests Tigers,47,12,Telstra,https://www.rugbyleagueproject.org/matches/4062
2006|Rd 2|Cronulla Sharks|Brisbane Broncos,2006,Rd 2,2,2,9,2006-03-18,Cronulla Sharks,Brisbane Broncos,12,16,Toyota,https://www.rugbyleagueproject.org/matches/4013
2006|Rd 2|NQ Cowboys|Manly Sea Eagles,2006,Rd 2,2,3,10,2006-03-18,NQ Cowboys,Manly Sea Eagles,20,16,Dairy Farmers,https://www.rugbyleagueproject.org/matches/4018
2006|Rd 2|Parramatta Eels|New Zealand Warriors,2006,Rd 2,2,4,11,2006-03-18,Parramatta Eels,New Zealand Warriors,22,14,FMG Stadium,https://www.rugbyleagueproject.org/matches/4017
2006|Rd 2|Canberra Raiders|Newcastle Knights,2006,Rd 2,2,5,12,2006-03-19,Canberra Raiders,Newcastle Knights,32,70,Canberra Stadium,https://www.rugbyleagueproject.org/matches/4014
2006|Rd 2|St. George Illawarra Dragons|Penrith Panthers,2006,Rd 2,2,6,13,2006-03-19,St. George Illawarra Dragons,Penrith Panthers,12,13,WIN,https://www.rugbyleagueproject.org/matches/4015
2006|Rd 2|Sydney Roosters|Melbourne Storm,2006,Rd 2,2,7,14,2006-03-19,Sydney Roosters,Melbourne Storm,18,22,Aussie,https://www.rugbyleagueproject.org/matches/4016
2006|Rd 3|Newcastle Knights|Canterbury Bulldogs,2006,Rd 3,3,1,15,2006-03-24,Newcastle Knights,Canterbury Bulldogs,46,22,EnergyAustralia,https://www.rugbyleagueproject.org/matches/4075
2006|Rd 3|Manly Sea Eagles|Cronulla Sharks,2006,Rd 3,3,2,16,2006-03-25,Manly Sea Eagles,Cronulla Sharks,20,18,Brookvale,https://www.rugbyleagueproject.org/matches/4077
2006|Rd 3|NQ Cowboys|Melbourne Storm,2006,Rd 3,3,3,17,2006-03-25,NQ Cowboys,Melbourne Storm,40,8,Dairy Farmers,https://www.rugbyleagueproject.org/matches/4078
2006|Rd 3|Wests Tigers|New Zealand Warriors,2006,Rd 3,3,4,18,2006-03-25,Wests Tigers,New Zealand Warriors,10,26,Jade,https://www.rugbyleagueproject.org/matches/4076
2006|Rd 3|Brisbane Broncos|Parramatta Eels,2006,Rd 3,3,5,19,2006-03-26,Brisbane Broncos,Parramatta Eels,30,10,Suncorp,https://www.rugbyleagueproject.org/matches/4080
2006|Rd 3|South Sydney Rabbitohs|St. George Illawarra Dragons,2006,Rd 3,3,6,20,2006-03-26,South Sydney Rabbitohs,St. George Illawarra Dragons,14,44,Telstra,https://www.rugbyleagueproject.org/matches/4079
2006|Rd 3|Sydney Roosters|Canberra Raiders,2006,Rd 3,3,7,21,2006-03-26,Sydney Roosters,Canberra Raiders,56,20,Aussie,https://www.rugbyleagueproject.org/matches/4081
2006|Rd 4|Parramatta Eels|NQ Cowboys,2006,Rd 4,4,1,22,2006-03-31,Parramatta Eels,NQ Cowboys,18,26,Parramatta,https://www.rugbyleagueproject.org/matches/4082
2006|Rd 4|Canberra Raiders|Penrith Panthers,2006,Rd 4,4,2,23,2006-04-01,Canberra Raiders,Penrith Panthers,21,20,Canberra Stadium,https://www.rugbyleagueproject.org/matches/4085
2006|Rd 4|Cronulla Sharks|South Sydney Rabbitohs,2006,Rd 4,4,3,24,2006-04-01,Cronulla Sharks,South Sydney Rabbitohs,24,22,Toyota,https://www.rugbyleagueproject.org/matches/4083
2006|Rd 4|Manly Sea Eagles|Sydney Roosters,2006,Rd 4,4,4,25,2006-04-01,Manly Sea Eagles,Sydney Roosters,30,22,Brookvale,https://www.rugbyleagueproject.org/matches/4084
2006|Rd 4|Newcastle Knights|New Zealand Warriors,2006,Rd 4,4,5,26,2006-04-02,Newcastle Knights,New Zealand Warriors,22,26,EnergyAustralia,https://www.rugbyleagueproject.org/matches/4088
2006|Rd 4|St. George Illawarra Dragons|Brisbane Broncos,2006,Rd 4,4,6,27,2006-04-02,St. George Illawarra Dragons,Brisbane Broncos,26,12,WIN,https://www.rugbyleagueproject.org/matches/4087
2006|Rd 4|Wests Tigers|Melbourne Storm,2006,Rd 4,4,7,28,2006-04-02,Wests Tigers,Melbourne Storm,30,28,Leichhardt,https://www.rugbyleagueproject.org/matches/4086
2006|Rd 5|NQ Cowboys|Wests Tigers,2006,Rd 5,5,1,29,2006-04-07,NQ Cowboys,Wests Tigers,32,12,Dairy Farmers,https://www.rugbyleagueproject.org/matches/4096
2006|Rd 5|Brisbane Broncos|South Sydney Rabbitohs,2006,Rd 5,5,2,30,2006-04-08,Brisbane Broncos,South Sydney Rabbitohs,30,12,Suncorp,https://www.rugbyleagueproject.org/matches/4097
2006|Rd 5|Cronulla Sharks|Sydney Roosters,2006,Rd 5,5,3,31,2006-04-08,Cronulla Sharks,Sydney Roosters,24,28,Toyota,https://www.rugbyleagueproject.org/matches/4098
2006|Rd 5|St. George Illawarra Dragons|Newcastle Knights,2006,Rd 5,5,4,32,2006-04-08,St. George Illawarra Dragons,Newcastle Knights,6,54,WIN,https://www.rugbyleagueproject.org/matches/4099
2006|Rd 5|Canberra Raiders|Canterbury Bulldogs,2006,Rd 5,5,5,33,2006-04-09,Canberra Raiders,Canterbury Bulldogs,12,30,Canberra Stadium,https://www.rugbyleagueproject.org/matches/4101
2006|Rd 5|New Zealand Warriors|Manly Sea Eagles,2006,Rd 5,5,6,34,2006-04-09,New Zealand Warriors,Manly Sea Eagles,8,22,Ericsson,https://www.rugbyleagueproject.org/matches/4100
2006|Rd 5|Parramatta Eels|Penrith Panthers,2006,Rd 5,5,7,35,2006-04-09,Parramatta Eels,Penrith Panthers,18,44,Parramatta,https://www.rugbyleagueproject.org/matches/4102
2006|Rd 6|Sydney Roosters|Brisbane Broncos,2006,Rd 6,6,1,36,2006-04-14,Sydney Roosters,Brisbane Broncos,6,24,Aussie,https://www.rugbyleagueproject.org/matches/4095
2006|Rd 6|Canberra Raiders|New Zealand Warriors,2006,Rd 6,6,2,37,2006-04-15,Canberra Raiders,New Zealand Warriors,18,14,Canberra Stadium,https://www.rugbyleagueproject.org/matches/4111
2006|Rd 6|Manly Sea Eagles|St. George Illawarra Dragons,2006,Rd 6,6,3,38,2006-04-15,Manly Sea Eagles,St. George Illawarra Dragons,24,26,Brookvale,https://www.rugbyleagueproject.org/matches/4103
2006|Rd 6|Penrith Panthers|Melbourne Storm,2006,Rd 6,6,4,39,2006-04-15,Penrith Panthers,Melbourne Storm,18,40,Hindmarsh,https://www.rugbyleagueproject.org/matches/4110
2006|Rd 6|Newcastle Knights|NQ Cowboys,2006,Rd 6,6,5,40,2006-04-16,Newcastle Knights,NQ Cowboys,16,18,EnergyAustralia,https://www.rugbyleagueproject.org/matches/4113
2006|Rd 6|Wests Tigers|Cronulla Sharks,2006,Rd 6,6,6,41,2006-04-16,Wests Tigers,Cronulla Sharks,42,16,Campbelltown,https://www.rugbyleagueproject.org/matches/4112
2006|Rd 6|South Sydney Rabbitohs|Canterbury Bulldogs,2006,Rd 6,6,7,42,2006-04-17,South Sydney Rabbitohs,Canterbury Bulldogs,18,26,Telstra,https://www.rugbyleagueproject.org/matches/4126
2006|Rd 7|Parramatta Eels|Wests Tigers,2006,Rd 7,7,1,43,2006-04-21,Parramatta Eels,Wests Tigers,28,16,Parramatta,https://www.rugbyleagueproject.org/matches/4127
2006|Rd 7|Cronulla Sharks|NQ Cowboys,2006,Rd 7,7,2,44,2006-04-22,Cronulla Sharks,NQ Cowboys,24,22,Toyota,https://www.rugbyleagueproject.org/matches/4129
2006|Rd 7|Melbourne Storm|Newcastle Knights,2006,Rd 7,7,3,45,2006-04-22,Melbourne Storm,Newcastle Knights,52,6,Olympic Park,https://www.rugbyleagueproject.org/matches/4130
2006|Rd 7|New Zealand Warriors|South Sydney Rabbitohs,2006,Rd 7,7,4,46,2006-04-22,New Zealand Warriors,South Sydney Rabbitohs,46,14,Ericsson,https://www.rugbyleagueproject.org/matches/4128
2006|Rd 7|Brisbane Broncos|Penrith Panthers,2006,Rd 7,7,5,47,2006-04-23,Brisbane Broncos,Penrith Panthers,30,6,Suncorp,https://www.rugbyleagueproject.org/matches/4132
2006|Rd 7|Canterbury Bulldogs|Manly Sea Eagles,2006,Rd 7,7,6,48,2006-04-23,Canterbury Bulldogs,Manly Sea Eagles,14,40,Telstra,https://www.rugbyleagueproject.org/matches/4131
2006|Rd 7|St. George Illawarra Dragons|Sydney Roosters,2006,Rd 7,7,7,49,2006-04-25,St. George Illawarra Dragons,Sydney Roosters,22,12,Aussie,https://www.rugbyleagueproject.org/matches/4133
2006|Rd 8|Penrith Panthers|Cronulla Sharks,2006,Rd 8,8,1,50,2006-04-28,Penrith Panthers,Cronulla Sharks,12,40,CUA Stadium,https://www.rugbyleagueproject.org/matches/4148
2006|Rd 8|Brisbane Broncos|Canberra Raiders,2006,Rd 8,8,2,51,2006-04-29,Brisbane Broncos,Canberra Raiders,30,28,Suncorp,https://www.rugbyleagueproject.org/matches/4154
2006|Rd 8|Melbourne Storm|St. George Illawarra Dragons,2006,Rd 8,8,3,52,2006-04-29,Melbourne Storm,St. George Illawarra Dragons,24,10,Olympic Park,https://www.rugbyleagueproject.org/matches/4155
2006|Rd 8|NQ Cowboys|Sydney Roosters,2006,Rd 8,8,4,53,2006-04-29,NQ Cowboys,Sydney Roosters,18,22,Dairy Farmers,https://www.rugbyleagueproject.org/matches/4153
2006|Rd 8|Manly Sea Eagles|Parramatta Eels,2006,Rd 8,8,5,54,2006-04-30,Manly Sea Eagles,Parramatta Eels,23,22,SCG,https://www.rugbyleagueproject.org/matches/4158
2006|Rd 8|New Zealand Warriors|Canterbury Bulldogs,2006,Rd 8,8,6,55,2006-04-30,New Zealand Warriors,Canterbury Bulldogs,16,30,Ericsson,https://www.rugbyleagueproject.org/matches/4156
2006|Rd 8|South Sydney Rabbitohs|Newcastle Knights,2006,Rd 8,8,7,56,2006-04-30,South Sydney Rabbitohs,Newcastle Knights,18,24,Telstra,https://www.rugbyleagueproject.org/matches/4157
2006|Rd 9|NQ Cowboys|Penrith Panthers,2006,Rd 9,9,1,57,2006-05-06,NQ Cowboys,Penrith Panthers,22,6,Dairy Farmers,https://www.rugbyleagueproject.org/matches/4184
2006|Rd 9|Parramatta Eels|Canberra Raiders,2006,Rd 9,9,2,58,2006-05-06,Parramatta Eels,Canberra Raiders,10,30,Parramatta,https://www.rugbyleagueproject.org/matches/4182
2006|Rd 9|South Sydney Rabbitohs|Melbourne Storm,2006,Rd 9,9,3,59,2006-05-06,South Sydney Rabbitohs,Melbourne Storm,14,38,Telstra,https://www.rugbyleagueproject.org/matches/4183
2006|Rd 9|Cronulla Sharks|St. George Illawarra Dragons,2006,Rd 9,9,4,60,2006-05-07,Cronulla Sharks,St. George Illawarra Dragons,30,12,Toyota,https://www.rugbyleagueproject.org/matches/4188
2006|Rd 9|Newcastle Knights|Brisbane Broncos,2006,Rd 9,9,5,61,2006-05-07,Newcastle Knights,Brisbane Broncos,32,30,EnergyAustralia,https://www.rugbyleagueproject.org/matches/4185
2006|Rd 9|Sydney Roosters|Canterbury Bulldogs,2006,Rd 9,9,6,62,2006-05-07,Sydney Roosters,Canterbury Bulldogs,14,30,Aussie,https://www.rugbyleagueproject.org/matches/4186
2006|Rd 9|Wests Tigers|Manly Sea Eagles,2006,Rd 9,9,7,63,2006-05-07,Wests Tigers,Manly Sea Eagles,24,18,Leichhardt,https://www.rugbyleagueproject.org/matches/4187
2006|Rd 10|Brisbane Broncos|Manly Sea Eagles,2006,Rd 10,10,1,64,2006-05-13,Brisbane Broncos,Manly Sea Eagles,32,10,Suncorp,https://www.rugbyleagueproject.org/matches/4191
2006|Rd 10|Melbourne Storm|NQ Cowboys,2006,Rd 10,10,2,65,2006-05-13,Melbourne Storm,NQ Cowboys,18,6,Olympic Park,https://www.rugbyleagueproject.org/matches/4190
2006|Rd 10|St. George Illawarra Dragons|New Zealand Warriors,2006,Rd 10,10,3,66,2006-05-13,St. George Illawarra Dragons,New Zealand Warriors,22,16,WIN,https://www.rugbyleagueproject.org/matches/4189
2006|Rd 10|Canberra Raiders|Cronulla Sharks,2006,Rd 10,10,4,67,2006-05-14,Canberra Raiders,Cronulla Sharks,28,38,Canberra Stadium,https://www.rugbyleagueproject.org/matches/4194
2006|Rd 10|Canterbury Bulldogs|Parramatta Eels,2006,Rd 10,10,5,68,2006-05-14,Canterbury Bulldogs,Parramatta Eels,22,18,Telstra,https://www.rugbyleagueproject.org/matches/4192
2006|Rd 10|Penrith Panthers|South Sydney Rabbitohs,2006,Rd 10,10,6,69,2006-05-14,Penrith Panthers,South Sydney Rabbitohs,32,20,CUA Stadium,https://www.rugbyleagueproject.org/matches/4195
2006|Rd 10|Wests Tigers|Newcastle Knights,2006,Rd 10,10,7,70,2006-05-14,Wests Tigers,Newcastle Knights,16,18,Campbelltown,https://www.rugbyleagueproject.org/matches/4193
2006|Rd 11|Penrith Panthers|Parramatta Eels,2006,Rd 11,11,1,71,2006-05-19,Penrith Panthers,Parramatta Eels,30,20,CUA Stadium,https://www.rugbyleagueproject.org/matches/4208
2006|Rd 11|Manly Sea Eagles|Melbourne Storm,2006,Rd 11,11,2,72,2006-05-20,Manly Sea Eagles,Melbourne Storm,34,12,Brookvale,https://www.rugbyleagueproject.org/matches/4210
2006|Rd 11|New Zealand Warriors|Wests Tigers,2006,Rd 11,11,3,73,2006-05-20,New Zealand Warriors,Wests Tigers,34,12,Ericsson,https://www.rugbyleagueproject.org/matches/4209
2006|Rd 11|Newcastle Knights|Canberra Raiders,2006,Rd 11,11,4,74,2006-05-20,Newcastle Knights,Canberra Raiders,22,12,EnergyAustralia,https://www.rugbyleagueproject.org/matches/4211
2006|Rd 11|Canterbury Bulldogs|Cronulla Sharks,2006,Rd 11,11,5,75,2006-05-21,Canterbury Bulldogs,Cronulla Sharks,32,24,Telstra,https://www.rugbyleagueproject.org/matches/4212
2006|Rd 11|Sydney Roosters|South Sydney Rabbitohs,2006,Rd 11,11,6,76,2006-05-21,Sydney Roosters,South Sydney Rabbitohs,28,26,Aussie,https://www.rugbyleagueproject.org/matches/4213
2006|Rd 12|Newcastle Knights|St. George Illawarra Dragons,2006,Rd 12,12,1,77,2006-05-26,Newcastle Knights,St. George Illawarra Dragons,12,38,EnergyAustralia,https://www.rugbyleagueproject.org/matches/4214
2006|Rd 12|Brisbane Broncos|Canterbury Bulldogs,2006,Rd 12,12,2,78,2006-05-27,Brisbane Broncos,Canterbury Bulldogs,25,6,Suncorp,https://www.rugbyleagueproject.org/matches/4216
2006|Rd 12|Cronulla Sharks|New Zealand Warriors,2006,Rd 12,12,3,79,2006-05-27,Cronulla Sharks,New Zealand Warriors,34,20,Toyota,https://www.rugbyleagueproject.org/matches/4217
2006|Rd 12|NQ Cowboys|Canberra Raiders,2006,Rd 12,12,4,80,2006-05-27,NQ Cowboys,Canberra Raiders,14,15,Dairy Farmers,https://www.rugbyleagueproject.org/matches/4215
2006|Rd 12|Melbourne Storm|Penrith Panthers,2006,Rd 12,12,5,81,2006-05-28,Melbourne Storm,Penrith Panthers,17,16,Olympic Park,https://www.rugbyleagueproject.org/matches/4218
2006|Rd 12|Parramatta Eels|Sydney Roosters,2006,Rd 12,12,6,82,2006-05-28,Parramatta Eels,Sydney Roosters,22,20,Parramatta,https://www.rugbyleagueproject.org/matches/4219
2006|Rd 12|South Sydney Rabbitohs|Wests Tigers,2006,Rd 12,12,7,83,2006-05-28,South Sydney Rabbitohs,Wests Tigers,4,44,Telstra,https://www.rugbyleagueproject.org/matches/4220
2006|Rd 13|St. George Illawarra Dragons|Parramatta Eels,2006,Rd 13,13,1,84,2006-06-02,St. George Illawarra Dragons,Parramatta Eels,8,1,Oki Jubilee,https://www.rugbyleagueproject.org/matches/4221
2006|Rd 13|Canberra Raiders|South Sydney Rabbitohs,2006,Rd 13,13,2,85,2006-06-03,Canberra Raiders,South Sydney Rabbitohs,24,22,Canberra Stadium,https://www.rugbyleagueproject.org/matches/4224
2006|Rd 13|Canterbury Bulldogs|Newcastle Knights,2006,Rd 13,13,3,86,2006-06-03,Canterbury Bulldogs,Newcastle Knights,38,22,Telstra,https://www.rugbyleagueproject.org/matches/4223
2006|Rd 13|Melbourne Storm|Sydney Roosters,2006,Rd 13,13,4,87,2006-06-03,Melbourne Storm,Sydney Roosters,20,16,Olympic Park,https://www.rugbyleagueproject.org/matches/4222
2006|Rd 13|New Zealand Warriors|Brisbane Broncos,2006,Rd 13,13,5,88,2006-06-04,New Zealand Warriors,Brisbane Broncos,18,23,Ericsson,https://www.rugbyleagueproject.org/matches/4225
2006|Rd 13|Penrith Panthers|Manly Sea Eagles,2006,Rd 13,13,6,89,2006-06-04,Penrith Panthers,Manly Sea Eagles,22,29,CUA Stadium,https://www.rugbyleagueproject.org/matches/4226
2006|Rd 13|Wests Tigers|NQ Cowboys,2006,Rd 13,13,7,90,2006-06-04,Wests Tigers,NQ Cowboys,24,14,Telstra,https://www.rugbyleagueproject.org/matches/4227
2006|Rd 14|Manly Sea Eagles|Wests Tigers,2006,Rd 14,14,1,91,2006-06-09,Manly Sea Eagles,Wests Tigers,16,12,Brookvale,https://www.rugbyleagueproject.org/matches/4240
2006|Rd 14|NQ Cowboys|Cronulla Sharks,2006,Rd 14,14,2,92,2006-06-10,NQ Cowboys,Cronulla Sharks,4,26,Dairy Farmers,https://www.rugbyleagueproject.org/matches/4242
2006|Rd 14|Penrith Panthers|St. George Illawarra Dragons,2006,Rd 14,14,3,93,2006-06-10,Penrith Panthers,St. George Illawarra Dragons,10,20,CUA Stadium,https://www.rugbyleagueproject.org/matches/4241
2006|Rd 14|South Sydney Rabbitohs|Brisbane Broncos,2006,Rd 14,14,4,94,2006-06-10,South Sydney Rabbitohs,Brisbane Broncos,34,14,Telstra,https://www.rugbyleagueproject.org/matches/4243
2006|Rd 14|Parramatta Eels|Melbourne Storm,2006,Rd 14,14,5,95,2006-06-11,Parramatta Eels,Melbourne Storm,22,34,Parramatta,https://www.rugbyleagueproject.org/matches/4245
2006|Rd 14|Sydney Roosters|New Zealand Warriors,2006,Rd 14,14,6,96,2006-06-11,Sydney Roosters,New Zealand Warriors,12,22,Aussie,https://www.rugbyleagueproject.org/matches/4244
2006|Rd 14|Canterbury Bulldogs|Canberra Raiders,2006,Rd 14,14,7,97,2006-06-12,Canterbury Bulldogs,Canberra Raiders,26,28,Telstra,https://www.rugbyleagueproject.org/matches/4246
2006|Rd 15|Brisbane Broncos|St. George Illawarra Dragons,2006,Rd 15,15,1,98,2006-06-16,Brisbane Broncos,St. George Illawarra Dragons,16,18,Suncorp,https://www.rugbyleagueproject.org/matches/4247
2006|Rd 15|Cronulla Sharks|Manly Sea Eagles,2006,Rd 15,15,2,99,2006-06-17,Cronulla Sharks,Manly Sea Eagles,15,12,Toyota,https://www.rugbyleagueproject.org/matches/4249
2006|Rd 15|Parramatta Eels|South Sydney Rabbitohs,2006,Rd 15,15,3,100,2006-06-17,Parramatta Eels,South Sydney Rabbitohs,30,10,Parramatta,https://www.rugbyleagueproject.org/matches/4250
2006|Rd 15|Wests Tigers|Sydney Roosters,2006,Rd 15,15,4,101,2006-06-17,Wests Tigers,Sydney Roosters,26,14,Telstra,https://www.rugbyleagueproject.org/matches/4248
2006|Rd 15|Canterbury Bulldogs|NQ Cowboys,2006,Rd 15,15,5,102,2006-06-18,Canterbury Bulldogs,NQ Cowboys,20,12,Carrara,https://www.rugbyleagueproject.org/matches/4253
2006|Rd 15|Melbourne Storm|Canberra Raiders,2006,Rd 15,15,6,103,2006-06-18,Melbourne Storm,Canberra Raiders,22,12,Olympic Park,https://www.rugbyleagueproject.org/matches/4252
2006|Rd 15|New Zealand Warriors|Newcastle Knights,2006,Rd 15,15,7,104,2006-06-18,New Zealand Warriors,Newcastle Knights,30,18,Ericsson,https://www.rugbyleagueproject.org/matches/4251
2006|Rd 16|Melbourne Storm|Canterbury Bulldogs,2006,Rd 16,16,1,105,2006-06-23,Melbourne Storm,Canterbury Bulldogs,16,12,Olympic Park,https://www.rugbyleagueproject.org/matches/4254
2006|Rd 16|Newcastle Knights|Cronulla Sharks,2006,Rd 16,16,2,106,2006-06-24,Newcastle Knights,Cronulla Sharks,16,26,EnergyAustralia,https://www.rugbyleagueproject.org/matches/4255
2006|Rd 16|Penrith Panthers|Wests Tigers,2006,Rd 16,16,3,107,2006-06-24,Penrith Panthers,Wests Tigers,24,20,CUA Stadium,https://www.rugbyleagueproject.org/matches/4256
2006|Rd 16|St. George Illawarra Dragons|NQ Cowboys,2006,Rd 16,16,4,108,2006-06-24,St. George Illawarra Dragons,NQ Cowboys,34,14,WIN,https://www.rugbyleagueproject.org/matches/4257
2006|Rd 16|Canberra Raiders|Sydney Roosters,2006,Rd 16,16,5,109,2006-06-25,Canberra Raiders,Sydney Roosters,42,10,Canberra Stadium,https://www.rugbyleagueproject.org/matches/4258
2006|Rd 16|Manly Sea Eagles|Brisbane Broncos,2006,Rd 16,16,6,110,2006-06-25,Manly Sea Eagles,Brisbane Broncos,10,16,Brookvale,https://www.rugbyleagueproject.org/matches/4259
2006|Rd 16|South Sydney Rabbitohs|New Zealand Warriors,2006,Rd 16,16,7,111,2006-06-25,South Sydney Rabbitohs,New Zealand Warriors,0,66,Telstra,https://www.rugbyleagueproject.org/matches/4260
2006|Rd 17|Manly Sea Eagles|Newcastle Knights,2006,Rd 17,17,1,112,2006-06-30,Manly Sea Eagles,Newcastle Knights,12,26,Brookvale,https://www.rugbyleagueproject.org/matches/4283
2006|Rd 17|Canberra Raiders|Parramatta Eels,2006,Rd 17,17,2,113,2006-07-01,Canberra Raiders,Parramatta Eels,12,18,Canberra Stadium,https://www.rugbyleagueproject.org/matches/4285
2006|Rd 17|NQ Cowboys|South Sydney Rabbitohs,2006,Rd 17,17,3,114,2006-07-01,NQ Cowboys,South Sydney Rabbitohs,16,14,Dairy Farmers,https://www.rugbyleagueproject.org/matches/4286
2006|Rd 17|New Zealand Warriors|Penrith Panthers,2006,Rd 17,17,4,115,2006-07-01,New Zealand Warriors,Penrith Panthers,28,22,Ericsson,https://www.rugbyleagueproject.org/matches/4284
2006|Rd 17|Brisbane Broncos|Cronulla Sharks,2006,Rd 17,17,5,116,2006-07-02,Brisbane Broncos,Cronulla Sharks,26,12,Suncorp,https://www.rugbyleagueproject.org/matches/4287
2006|Rd 17|Wests Tigers|Canterbury Bulldogs,2006,Rd 17,17,6,117,2006-07-02,Wests Tigers,Canterbury Bulldogs,10,32,Telstra,https://www.rugbyleagueproject.org/matches/4288
2006|Rd 18|Melbourne Storm|Brisbane Broncos,2006,Rd 18,18,1,118,2006-07-07,Melbourne Storm,Brisbane Broncos,10,4,Olympic Park,https://www.rugbyleagueproject.org/matches/4289
2006|Rd 18|Parramatta Eels|Newcastle Knights,2006,Rd 18,18,2,119,2006-07-08,Parramatta Eels,Newcastle Knights,46,12,Parramatta,https://www.rugbyleagueproject.org/matches/4292
2006|Rd 18|Penrith Panthers|Canberra Raiders,2006,Rd 18,18,3,120,2006-07-08,Penrith Panthers,Canberra Raiders,24,12,CUA Stadium,https://www.rugbyleagueproject.org/matches/4291
2006|Rd 18|Sydney Roosters|Manly Sea Eagles,2006,Rd 18,18,4,121,2006-07-08,Sydney Roosters,Manly Sea Eagles,16,33,Aussie,https://www.rugbyleagueproject.org/matches/4290
2006|Rd 18|Canterbury Bulldogs|New Zealand Warriors,2006,Rd 18,18,5,122,2006-07-09,Canterbury Bulldogs,New Zealand Warriors,22,18,Telstra,https://www.rugbyleagueproject.org/matches/4293
2006|Rd 18|Cronulla Sharks|Wests Tigers,2006,Rd 18,18,6,123,2006-07-09,Cronulla Sharks,Wests Tigers,10,22,Toyota,https://www.rugbyleagueproject.org/matches/4294
2006|Rd 18|St. George Illawarra Dragons|South Sydney Rabbitohs,2006,Rd 18,18,7,124,2006-07-09,St. George Illawarra Dragons,South Sydney Rabbitohs,38,28,Oki Jubilee,https://www.rugbyleagueproject.org/matches/4295
2006|Rd 19|St. George Illawarra Dragons|Canterbury Bulldogs,2006,Rd 19,19,1,125,2006-07-14,St. George Illawarra Dragons,Canterbury Bulldogs,16,22,Oki Jubilee,https://www.rugbyleagueproject.org/matches/4296
2006|Rd 19|New Zealand Warriors|Parramatta Eels,2006,Rd 19,19,2,126,2006-07-15,New Zealand Warriors,Parramatta Eels,12,20,Mt Smart,https://www.rugbyleagueproject.org/matches/4297
2006|Rd 19|Penrith Panthers|NQ Cowboys,2006,Rd 19,19,3,127,2006-07-15,Penrith Panthers,NQ Cowboys,17,8,CUA Stadium,https://www.rugbyleagueproject.org/matches/4298
2006|Rd 19|South Sydney Rabbitohs|Manly Sea Eagles,2006,Rd 19,19,4,128,2006-07-15,South Sydney Rabbitohs,Manly Sea Eagles,20,26,Telstra,https://www.rugbyleagueproject.org/matches/4299
2006|Rd 19|Canberra Raiders|Wests Tigers,2006,Rd 19,19,5,129,2006-07-16,Canberra Raiders,Wests Tigers,20,18,Canberra Stadium,https://www.rugbyleagueproject.org/matches/4301
2006|Rd 19|Newcastle Knights|Melbourne Storm,2006,Rd 19,19,6,130,2006-07-16,Newcastle Knights,Melbourne Storm,16,24,EnergyAustralia,https://www.rugbyleagueproject.org/matches/4300
2006|Rd 19|Sydney Roosters|Cronulla Sharks,2006,Rd 19,19,7,131,2006-07-16,Sydney Roosters,Cronulla Sharks,38,32,Aussie,https://www.rugbyleagueproject.org/matches/4302
2006|Rd 20|Melbourne Storm|Cronulla Sharks,2006,Rd 20,20,1,132,2006-07-21,Melbourne Storm,Cronulla Sharks,28,12,Olympic Park,https://www.rugbyleagueproject.org/matches/4309
2006|Rd 20|Canterbury Bulldogs|Sydney Roosters,2006,Rd 20,20,2,133,2006-07-22,Canterbury Bulldogs,Sydney Roosters,25,0,Telstra,https://www.rugbyleagueproject.org/matches/4310
2006|Rd 20|NQ Cowboys|Brisbane Broncos,2006,Rd 20,20,3,134,2006-07-22,NQ Cowboys,Brisbane Broncos,26,10,Dairy Farmers,https://www.rugbyleagueproject.org/matches/4311
2006|Rd 20|Newcastle Knights|South Sydney Rabbitohs,2006,Rd 20,20,4,135,2006-07-22,Newcastle Knights,South Sydney Rabbitohs,24,18,EnergyAustralia,https://www.rugbyleagueproject.org/matches/4312
2006|Rd 20|Canberra Raiders|St. George Illawarra Dragons,2006,Rd 20,20,5,136,2006-07-23,Canberra Raiders,St. George Illawarra Dragons,31,12,Canberra Stadium,https://www.rugbyleagueproject.org/matches/4314
2006|Rd 20|Manly Sea Eagles|Penrith Panthers,2006,Rd 20,20,6,137,2006-07-23,Manly Sea Eagles,Penrith Panthers,32,30,Brookvale,https://www.rugbyleagueproject.org/matches/4315
2006|Rd 20|Wests Tigers|Parramatta Eels,2006,Rd 20,20,7,138,2006-07-23,Wests Tigers,Parramatta Eels,6,34,Telstra,https://www.rugbyleagueproject.org/matches/4313
2006|Rd 21|Cronulla Sharks|Newcastle Knights,2006,Rd 21,21,1,139,2006-07-28,Cronulla Sharks,Newcastle Knights,18,22,Toyota,https://www.rugbyleagueproject.org/matches/4316
2006|Rd 21|Parramatta Eels|Manly Sea Eagles,2006,Rd 21,21,2,140,2006-07-29,Parramatta Eels,Manly Sea Eagles,31,18,Parramatta,https://www.rugbyleagueproject.org/matches/4318
2006|Rd 21|Penrith Panthers|New Zealand Warriors,2006,Rd 21,21,3,141,2006-07-29,Penrith Panthers,New Zealand Warriors,36,6,CUA Stadium,https://www.rugbyleagueproject.org/matches/4317
2006|Rd 21|South Sydney Rabbitohs|Canberra Raiders,2006,Rd 21,21,4,142,2006-07-29,South Sydney Rabbitohs,Canberra Raiders,21,8,Telstra,https://www.rugbyleagueproject.org/matches/4319
2006|Rd 21|Brisbane Broncos|Wests Tigers,2006,Rd 21,21,5,143,2006-07-30,Brisbane Broncos,Wests Tigers,6,20,Suncorp,https://www.rugbyleagueproject.org/matches/4320
2006|Rd 21|St. George Illawarra Dragons|Melbourne Storm,2006,Rd 21,21,6,144,2006-07-30,St. George Illawarra Dragons,Melbourne Storm,24,34,Oki Jubilee,https://www.rugbyleagueproject.org/matches/4321
2006|Rd 21|Sydney Roosters|NQ Cowboys,2006,Rd 21,21,7,145,2006-07-30,Sydney Roosters,NQ Cowboys,40,20,Aussie,https://www.rugbyleagueproject.org/matches/4322
2006|Rd 22|Parramatta Eels|St. George Illawarra Dragons,2006,Rd 22,22,1,146,2006-08-04,Parramatta Eels,St. George Illawarra Dragons,28,6,Parramatta,https://www.rugbyleagueproject.org/matches/4323
2006|Rd 22|Melbourne Storm|Wests Tigers,2006,Rd 22,22,2,147,2006-08-05,Melbourne Storm,Wests Tigers,46,4,Olympic Park,https://www.rugbyleagueproject.org/matches/4325
2006|Rd 22|NQ Cowboys|Canterbury Bulldogs,2006,Rd 22,22,3,148,2006-08-05,NQ Cowboys,Canterbury Bulldogs,14,54,Dairy Farmers,https://www.rugbyleagueproject.org/matches/4326
2006|Rd 22|New Zealand Warriors|Cronulla Sharks,2006,Rd 22,22,4,149,2006-08-05,New Zealand Warriors,Cronulla Sharks,12,10,Mt Smart,https://www.rugbyleagueproject.org/matches/4324
2006|Rd 22|Canberra Raiders|Brisbane Broncos,2006,Rd 22,22,5,150,2006-08-06,Canberra Raiders,Brisbane Broncos,30,18,Canberra Stadium,https://www.rugbyleagueproject.org/matches/4327
2006|Rd 22|South Sydney Rabbitohs|Penrith Panthers,2006,Rd 22,22,6,151,2006-08-06,South Sydney Rabbitohs,Penrith Panthers,32,26,Telstra,https://www.rugbyleagueproject.org/matches/4329
2006|Rd 22|Sydney Roosters|Newcastle Knights,2006,Rd 22,22,7,152,2006-08-06,Sydney Roosters,Newcastle Knights,18,32,Bluetongue,https://www.rugbyleagueproject.org/matches/4328
2006|Rd 23|Newcastle Knights|Manly Sea Eagles,2006,Rd 23,23,1,153,2006-08-11,Newcastle Knights,Manly Sea Eagles,14,16,EnergyAustralia,https://www.rugbyleagueproject.org/matches/6885
2006|Rd 23|Cronulla Sharks|Parramatta Eels,2006,Rd 23,23,2,154,2006-08-12,Cronulla Sharks,Parramatta Eels,14,34,Toyota,https://www.rugbyleagueproject.org/matches/6887
2006|Rd 23|New Zealand Warriors|NQ Cowboys,2006,Rd 23,23,3,155,2006-08-12,New Zealand Warriors,NQ Cowboys,26,0,Mt Smart,https://www.rugbyleagueproject.org/matches/6886
2006|Rd 23|Penrith Panthers|Sydney Roosters,2006,Rd 23,23,4,156,2006-08-12,Penrith Panthers,Sydney Roosters,20,40,CUA Stadium,https://www.rugbyleagueproject.org/matches/6888
2006|Rd 23|Brisbane Broncos|Melbourne Storm,2006,Rd 23,23,5,157,2006-08-13,Brisbane Broncos,Melbourne Storm,12,18,Suncorp,https://www.rugbyleagueproject.org/matches/6889
2006|Rd 23|Canterbury Bulldogs|St. George Illawarra Dragons,2006,Rd 23,23,6,158,2006-08-13,Canterbury Bulldogs,St. George Illawarra Dragons,26,10,Telstra,https://www.rugbyleagueproject.org/matches/6890
2006|Rd 23|Wests Tigers|Canberra Raiders,2006,Rd 23,23,7,159,2006-08-13,Wests Tigers,Canberra Raiders,18,19,Campbelltown,https://www.rugbyleagueproject.org/matches/6891
2006|Rd 24|Canterbury Bulldogs|Brisbane Broncos,2006,Rd 24,24,1,160,2006-08-18,Canterbury Bulldogs,Brisbane Broncos,0,30,Telstra,https://www.rugbyleagueproject.org/matches/6892
2006|Rd 24|Cronulla Sharks|Penrith Panthers,2006,Rd 24,24,2,161,2006-08-19,Cronulla Sharks,Penrith Panthers,28,32,Toyota,https://www.rugbyleagueproject.org/matches/6893
2006|Rd 24|Melbourne Storm|New Zealand Warriors,2006,Rd 24,24,3,162,2006-08-19,Melbourne Storm,New Zealand Warriors,20,24,Olympic Park,https://www.rugbyleagueproject.org/matches/6894
2006|Rd 24|NQ Cowboys|Newcastle Knights,2006,Rd 24,24,4,163,2006-08-19,NQ Cowboys,Newcastle Knights,12,19,Dairy Farmers,https://www.rugbyleagueproject.org/matches/6895
2006|Rd 24|Manly Sea Eagles|South Sydney Rabbitohs,2006,Rd 24,24,5,164,2006-08-20,Manly Sea Eagles,South Sydney Rabbitohs,38,16,Brookvale,https://www.rugbyleagueproject.org/matches/6898
2006|Rd 24|St. George Illawarra Dragons|Wests Tigers,2006,Rd 24,24,6,165,2006-08-20,St. George Illawarra Dragons,Wests Tigers,46,16,Oki Jubilee,https://www.rugbyleagueproject.org/matches/6897
2006|Rd 24|Sydney Roosters|Parramatta Eels,2006,Rd 24,24,7,166,2006-08-20,Sydney Roosters,Parramatta Eels,26,40,Aussie,https://www.rugbyleagueproject.org/matches/6896
2006|Rd 25|Manly Sea Eagles|Canterbury Bulldogs,2006,Rd 25,25,1,167,2006-08-25,Manly Sea Eagles,Canterbury Bulldogs,21,20,Brookvale,https://www.rugbyleagueproject.org/matches/6899
2006|Rd 25|Canberra Raiders|Melbourne Storm,2006,Rd 25,25,2,168,2006-08-26,Canberra Raiders,Melbourne Storm,18,22,Canberra Stadium,https://www.rugbyleagueproject.org/matches/6900
2006|Rd 25|Newcastle Knights|Penrith Panthers,2006,Rd 25,25,3,169,2006-08-26,Newcastle Knights,Penrith Panthers,40,4,EnergyAustralia,https://www.rugbyleagueproject.org/matches/6902
2006|Rd 25|St. George Illawarra Dragons|Cronulla Sharks,2006,Rd 25,25,4,170,2006-08-26,St. George Illawarra Dragons,Cronulla Sharks,18,4,WIN,https://www.rugbyleagueproject.org/matches/6901
2006|Rd 25|New Zealand Warriors|Sydney Roosters,2006,Rd 25,25,5,171,2006-08-27,New Zealand Warriors,Sydney Roosters,42,16,Mt Smart,https://www.rugbyleagueproject.org/matches/6903
2006|Rd 25|Parramatta Eels|Brisbane Broncos,2006,Rd 25,25,6,172,2006-08-27,Parramatta Eels,Brisbane Broncos,0,23,Parramatta,https://www.rugbyleagueproject.org/matches/6905
2006|Rd 25|South Sydney Rabbitohs|NQ Cowboys,2006,Rd 25,25,7,173,2006-08-27,South Sydney Rabbitohs,NQ Cowboys,12,34,Telstra,https://www.rugbyleagueproject.org/matches/6904
2006|Rd 26|NQ Cowboys|Parramatta Eels,2006,Rd 26,26,1,174,2006-09-01,NQ Cowboys,Parramatta Eels,22,8,Dairy Farmers,https://www.rugbyleagueproject.org/matches/6906
2006|Rd 26|Cronulla Sharks|Canberra Raiders,2006,Rd 26,26,2,175,2006-09-02,Cronulla Sharks,Canberra Raiders,24,26,Toyota,https://www.rugbyleagueproject.org/matches/6907
2006|Rd 26|Melbourne Storm|Manly Sea Eagles,2006,Rd 26,26,3,176,2006-09-02,Melbourne Storm,Manly Sea Eagles,30,20,Olympic Park,https://www.rugbyleagueproject.org/matches/6908
2006|Rd 26|Sydney Roosters|St. George Illawarra Dragons,2006,Rd 26,26,4,177,2006-09-02,Sydney Roosters,St. George Illawarra Dragons,16,36,SCG,https://www.rugbyleagueproject.org/matches/6909
2006|Rd 26|Brisbane Broncos|New Zealand Warriors,2006,Rd 26,26,5,178,2006-09-03,Brisbane Broncos,New Zealand Warriors,36,12,Suncorp,https://www.rugbyleagueproject.org/matches/6910
2006|Rd 26|Penrith Panthers|Canterbury Bulldogs,2006,Rd 26,26,6,179,2006-09-03,Penrith Panthers,Canterbury Bulldogs,22,30,CUA Stadium,https://www.rugbyleagueproject.org/matches/6911
2006|Rd 26|Wests Tigers|South Sydney Rabbitohs,2006,Rd 26,26,7,180,2006-09-03,Wests Tigers,South Sydney Rabbitohs,52,18,Leichhardt,https://www.rugbyleagueproject.org/matches/6912
2006|Qualif Final|Newcastle Knights|Manly Sea Eagles,2006,Qualif Final,27,1,181,2006-09-08,Newcastle Knights,Manly Sea Eagles,25,18,EnergyAustralia,https://www.rugbyleagueproject.org/matches/6913
2006|Qualif Final|Brisbane Broncos|St. George Illawarra Dragons,2006,Qualif Final,27,2,182,2006-09-09,Brisbane Broncos,St. George Illawarra Dragons,4,20,Suncorp,https://www.rugbyleagueproject.org/matches/6914
2006|Qualif Final|Canterbury Bulldogs|Canberra Raiders,2006,Qualif Final,27,3,183,2006-09-09,Canterbury Bulldogs,Canberra Raiders,30,12,Telstra,https://www.rugbyleagueproject.org/matches/6915
2006|Qualif Final|Melbourne Storm|Parramatta Eels,2006,Qualif Final,27,4,184,2006-09-10,Melbourne Storm,Parramatta Eels,12,6,Olympic Park,https://www.rugbyleagueproject.org/matches/6916
2006|Semi Final|St. George Illawarra Dragons|Manly Sea Eagles,2006,Semi Final,28,1,185,2006-09-15,St. George Illawarra Dragons,Manly Sea Eagles,28,0,Aussie,https://www.rugbyleagueproject.org/matches/6917
2006|Semi Final|Brisbane Broncos|Newcastle Knights,2006,Semi Final,28,2,186,2006-09-16,Brisbane Broncos,Newcastle Knights,50,6,Aussie,https://www.rugbyleagueproject.org/matches/6918
2006|Prelim Final|Canterbury Bulldogs|Brisbane Broncos,2006,Prelim Final,29,1,187,2006-09-22,Canterbury Bulldogs,Brisbane Broncos,20,37,Aussie,https://www.rugbyleagueproject.org/matches/6919
2006|Prelim Final|Melbourne Storm|St. George Illawarra Dragons,2006,Prelim Final,29,2,188,2006-09-23,Melbourne Storm,St. George Illawarra Dragons,24,10,Telstra,https://www.rugbyleagueproject.org/matches/6920
2006|Grand Final|Melbourne Storm|Brisbane Broncos,2006,Grand Final,30,1,189,2006-10-01,Melbourne Storm,Brisbane Broncos,8,15,Telstra,https://www.rugbyleagueproject.org/matches/6921
2007|Rd 1|Brisbane Broncos|NQ Cowboys,2007,Rd 1,1,1,1,2007-03-16,Brisbane Broncos,NQ Cowboys,16,23,Suncorp,https://www.rugbyleagueproject.org/matches/7179
2007|Rd 1|Melbourne Storm|Wests Tigers,2007,Rd 1,1,2,2,2007-03-16,Melbourne Storm,Wests Tigers,18,16,Olympic Park,https://www.rugbyleagueproject.org/matches/7178
2007|Rd 1|Cronulla Sharks|Penrith Panthers,2007,Rd 1,1,3,3,2007-03-17,Cronulla Sharks,Penrith Panthers,18,0,Toyota,https://www.rugbyleagueproject.org/matches/7181
2007|Rd 1|Manly Sea Eagles|Canberra Raiders,2007,Rd 1,1,4,4,2007-03-17,Manly Sea Eagles,Canberra Raiders,32,6,Brookvale,https://www.rugbyleagueproject.org/matches/7182
2007|Rd 1|New Zealand Warriors|Parramatta Eels,2007,Rd 1,1,5,5,2007-03-17,New Zealand Warriors,Parramatta Eels,34,18,Mt Smart,https://www.rugbyleagueproject.org/matches/7180
2007|Rd 1|Gold Coast Titans|St. George Illawarra Dragons,2007,Rd 1,1,6,6,2007-03-18,Gold Coast Titans,St. George Illawarra Dragons,18,20,Suncorp,https://www.rugbyleagueproject.org/matches/7184
2007|Rd 1|Newcastle Knights|Canterbury Bulldogs,2007,Rd 1,1,7,7,2007-03-18,Newcastle Knights,Canterbury Bulldogs,25,24,EnergyAustralia,https://www.rugbyleagueproject.org/matches/7183
2007|Rd 1|Sydney Roosters|South Sydney Rabbitohs,2007,Rd 1,1,8,8,2007-03-19,Sydney Roosters,South Sydney Rabbitohs,6,18,Aussie,https://www.rugbyleagueproject.org/matches/7185
2007|Rd 2|Penrith Panthers|Canterbury Bulldogs,2007,Rd 2,2,1,9,2007-03-23,Penrith Panthers,Canterbury Bulldogs,40,10,CUA Stadium,https://www.rugbyleagueproject.org/matches/7187
2007|Rd 2|St. George Illawarra Dragons|Newcastle Knights,2007,Rd 2,2,2,10,2007-03-23,St. George Illawarra Dragons,Newcastle Knights,12,16,Oki Jubilee,https://www.rugbyleagueproject.org/matches/7186
2007|Rd 2|Canberra Raiders|Melbourne Storm,2007,Rd 2,2,3,11,2007-03-24,Canberra Raiders,Melbourne Storm,16,32,Canberra Stadium,https://www.rugbyleagueproject.org/matches/7189
2007|Rd 2|NQ Cowboys|Sydney Roosters,2007,Rd 2,2,4,12,2007-03-24,NQ Cowboys,Sydney Roosters,43,6,Dairy Farmers,https://www.rugbyleagueproject.org/matches/7190
2007|Rd 2|Wests Tigers|Manly Sea Eagles,2007,Rd 2,2,5,13,2007-03-24,Wests Tigers,Manly Sea Eagles,8,19,Leichhardt,https://www.rugbyleagueproject.org/matches/7188
2007|Rd 2|New Zealand Warriors|Brisbane Broncos,2007,Rd 2,2,6,14,2007-03-25,New Zealand Warriors,Brisbane Broncos,24,14,Mt Smart,https://www.rugbyleagueproject.org/matches/7191
2007|Rd 2|South Sydney Rabbitohs|Parramatta Eels,2007,Rd 2,2,7,15,2007-03-25,South Sydney Rabbitohs,Parramatta Eels,31,6,Telstra,https://www.rugbyleagueproject.org/matches/7192
2007|Rd 2|Gold Coast Titans|Cronulla Sharks,2007,Rd 2,2,8,16,2007-03-26,Gold Coast Titans,Cronulla Sharks,18,16,Gold Coast,https://www.rugbyleagueproject.org/matches/7193
2007|Rd 3|Brisbane Broncos|Penrith Panthers,2007,Rd 3,3,1,17,2007-03-30,Brisbane Broncos,Penrith Panthers,28,29,Suncorp,https://www.rugbyleagueproject.org/matches/7206
2007|Rd 3|Parramatta Eels|Wests Tigers,2007,Rd 3,3,2,18,2007-03-30,Parramatta Eels,Wests Tigers,22,20,Parramatta,https://www.rugbyleagueproject.org/matches/7207
2007|Rd 3|Cronulla Sharks|South Sydney Rabbitohs,2007,Rd 3,3,3,19,2007-03-31,Cronulla Sharks,South Sydney Rabbitohs,16,26,Toyota,https://www.rugbyleagueproject.org/matches/7209
2007|Rd 3|St. George Illawarra Dragons|NQ Cowboys,2007,Rd 3,3,4,20,2007-03-31,St. George Illawarra Dragons,NQ Cowboys,18,22,WIN,https://www.rugbyleagueproject.org/matches/7208
2007|Rd 3|Canterbury Bulldogs|Gold Coast Titans,2007,Rd 3,3,5,21,2007-04-01,Canterbury Bulldogs,Gold Coast Titans,22,6,Telstra,https://www.rugbyleagueproject.org/matches/7211
2007|Rd 3|Melbourne Storm|New Zealand Warriors,2007,Rd 3,3,6,22,2007-04-01,Melbourne Storm,New Zealand Warriors,30,12,Olympic Park,https://www.rugbyleagueproject.org/matches/7210
2007|Rd 3|Sydney Roosters|Manly Sea Eagles,2007,Rd 3,3,7,23,2007-04-01,Sydney Roosters,Manly Sea Eagles,8,30,Aussie,https://www.rugbyleagueproject.org/matches/7212
2007|Rd 3|Canberra Raiders|Newcastle Knights,2007,Rd 3,3,8,24,2007-04-02,Canberra Raiders,Newcastle Knights,48,18,Canberra Stadium,https://www.rugbyleagueproject.org/matches/7213
2007|Rd 4|South Sydney Rabbitohs|Canterbury Bulldogs,2007,Rd 4,4,1,25,2007-04-06,South Sydney Rabbitohs,Canterbury Bulldogs,10,34,Telstra,https://www.rugbyleagueproject.org/matches/7214
2007|Rd 4|Sydney Roosters|Brisbane Broncos,2007,Rd 4,4,2,26,2007-04-06,Sydney Roosters,Brisbane Broncos,10,32,Aussie,https://www.rugbyleagueproject.org/matches/7215
2007|Rd 4|NQ Cowboys|Wests Tigers,2007,Rd 4,4,3,27,2007-04-07,NQ Cowboys,Wests Tigers,25,24,Dairy Farmers,https://www.rugbyleagueproject.org/matches/7217
2007|Rd 4|Newcastle Knights|Melbourne Storm,2007,Rd 4,4,4,28,2007-04-07,Newcastle Knights,Melbourne Storm,12,22,EnergyAustralia,https://www.rugbyleagueproject.org/matches/7216
2007|Rd 4|Parramatta Eels|Canberra Raiders,2007,Rd 4,4,5,29,2007-04-07,Parramatta Eels,Canberra Raiders,38,6,Parramatta,https://www.rugbyleagueproject.org/matches/7218
2007|Rd 4|Manly Sea Eagles|New Zealand Warriors,2007,Rd 4,4,6,30,2007-04-08,Manly Sea Eagles,New Zealand Warriors,13,10,Brookvale,https://www.rugbyleagueproject.org/matches/7219
2007|Rd 4|Penrith Panthers|Gold Coast Titans,2007,Rd 4,4,7,31,2007-04-08,Penrith Panthers,Gold Coast Titans,22,24,CUA Stadium,https://www.rugbyleagueproject.org/matches/7220
2007|Rd 4|Cronulla Sharks|St. George Illawarra Dragons,2007,Rd 4,4,8,32,2007-04-09,Cronulla Sharks,St. George Illawarra Dragons,40,4,Toyota,https://www.rugbyleagueproject.org/matches/7221
2007|Rd 5|Gold Coast Titans|Brisbane Broncos,2007,Rd 5,5,1,33,2007-04-13,Gold Coast Titans,Brisbane Broncos,28,16,Suncorp,https://www.rugbyleagueproject.org/matches/7223
2007|Rd 5|Penrith Panthers|Parramatta Eels,2007,Rd 5,5,2,34,2007-04-13,Penrith Panthers,Parramatta Eels,14,27,CUA Stadium,https://www.rugbyleagueproject.org/matches/7222
2007|Rd 5|Canterbury Bulldogs|Manly Sea Eagles,2007,Rd 5,5,3,35,2007-04-14,Canterbury Bulldogs,Manly Sea Eagles,14,16,Telstra,https://www.rugbyleagueproject.org/matches/7225
2007|Rd 5|St. George Illawarra Dragons|Melbourne Storm,2007,Rd 5,5,4,36,2007-04-14,St. George Illawarra Dragons,Melbourne Storm,10,24,Oki Jubilee,https://www.rugbyleagueproject.org/matches/7224
2007|Rd 5|New Zealand Warriors|NQ Cowboys,2007,Rd 5,5,5,37,2007-04-15,New Zealand Warriors,NQ Cowboys,34,14,Mt Smart,https://www.rugbyleagueproject.org/matches/7226
2007|Rd 5|South Sydney Rabbitohs|Newcastle Knights,2007,Rd 5,5,6,38,2007-04-15,South Sydney Rabbitohs,Newcastle Knights,22,23,Bluetongue,https://www.rugbyleagueproject.org/matches/7227
2007|Rd 5|Wests Tigers|Cronulla Sharks,2007,Rd 5,5,7,39,2007-04-15,Wests Tigers,Cronulla Sharks,14,12,Campbelltown,https://www.rugbyleagueproject.org/matches/7228
2007|Rd 5|Canberra Raiders|Sydney Roosters,2007,Rd 5,5,8,40,2007-04-16,Canberra Raiders,Sydney Roosters,37,28,Canberra Stadium,https://www.rugbyleagueproject.org/matches/7229
2007|Rd 6|Cronulla Sharks|Canberra Raiders,2007,Rd 6,6,1,41,2007-04-21,Cronulla Sharks,Canberra Raiders,26,0,Toyota,https://www.rugbyleagueproject.org/matches/7231
2007|Rd 6|Melbourne Storm|Penrith Panthers,2007,Rd 6,6,2,42,2007-04-21,Melbourne Storm,Penrith Panthers,30,20,Olympic Park,https://www.rugbyleagueproject.org/matches/7230
2007|Rd 6|Manly Sea Eagles|Gold Coast Titans,2007,Rd 6,6,3,43,2007-04-22,Manly Sea Eagles,Gold Coast Titans,20,6,Brookvale,https://www.rugbyleagueproject.org/matches/7232
2007|Rd 6|Newcastle Knights|Brisbane Broncos,2007,Rd 6,6,4,44,2007-04-22,Newcastle Knights,Brisbane Broncos,16,20,EnergyAustralia,https://www.rugbyleagueproject.org/matches/7234
2007|Rd 6|Parramatta Eels|Canterbury Bulldogs,2007,Rd 6,6,5,45,2007-04-22,Parramatta Eels,Canterbury Bulldogs,18,21,Parramatta,https://www.rugbyleagueproject.org/matches/7233
2007|Rd 6|NQ Cowboys|South Sydney Rabbitohs,2007,Rd 6,6,6,46,2007-04-23,NQ Cowboys,South Sydney Rabbitohs,6,10,Dairy Farmers,https://www.rugbyleagueproject.org/matches/7235
2007|Rd 7|Sydney Roosters|St. George Illawarra Dragons,2007,Rd 7,7,1,47,2007-04-25,Sydney Roosters,St. George Illawarra Dragons,18,4,Aussie,https://www.rugbyleagueproject.org/matches/7236
2007|Rd 7|Brisbane Broncos|Melbourne Storm,2007,Rd 7,7,2,48,2007-04-27,Brisbane Broncos,Melbourne Storm,18,28,Suncorp,https://www.rugbyleagueproject.org/matches/7238
2007|Rd 7|Canterbury Bulldogs|Wests Tigers,2007,Rd 7,7,3,49,2007-04-27,Canterbury Bulldogs,Wests Tigers,18,34,Telstra,https://www.rugbyleagueproject.org/matches/7237
2007|Rd 7|NQ Cowboys|Manly Sea Eagles,2007,Rd 7,7,4,50,2007-04-28,NQ Cowboys,Manly Sea Eagles,30,26,Dairy Farmers,https://www.rugbyleagueproject.org/matches/7240
2007|Rd 7|Penrith Panthers|Canberra Raiders,2007,Rd 7,7,5,51,2007-04-28,Penrith Panthers,Canberra Raiders,18,34,CUA Stadium,https://www.rugbyleagueproject.org/matches/7239
2007|Rd 7|Gold Coast Titans|Parramatta Eels,2007,Rd 7,7,6,52,2007-04-29,Gold Coast Titans,Parramatta Eels,38,12,Gold Coast,https://www.rugbyleagueproject.org/matches/7242
2007|Rd 7|South Sydney Rabbitohs|New Zealand Warriors,2007,Rd 7,7,7,53,2007-04-29,South Sydney Rabbitohs,New Zealand Warriors,16,18,Telstra,https://www.rugbyleagueproject.org/matches/7241
2007|Rd 7|Newcastle Knights|Cronulla Sharks,2007,Rd 7,7,8,54,2007-04-30,Newcastle Knights,Cronulla Sharks,20,16,EnergyAustralia,https://www.rugbyleagueproject.org/matches/7243
2007|Rd 8|Brisbane Broncos|South Sydney Rabbitohs,2007,Rd 8,8,1,55,2007-05-04,Brisbane Broncos,South Sydney Rabbitohs,8,4,Suncorp,https://www.rugbyleagueproject.org/matches/7244
2007|Rd 8|St. George Illawarra Dragons|Penrith Panthers,2007,Rd 8,8,2,56,2007-05-04,St. George Illawarra Dragons,Penrith Panthers,28,16,Oki Jubilee,https://www.rugbyleagueproject.org/matches/7245
2007|Rd 8|New Zealand Warriors|Cronulla Sharks,2007,Rd 8,8,3,57,2007-05-05,New Zealand Warriors,Cronulla Sharks,20,22,Mt Smart,https://www.rugbyleagueproject.org/matches/7246
2007|Rd 8|Parramatta Eels|Sydney Roosters,2007,Rd 8,8,4,58,2007-05-05,Parramatta Eels,Sydney Roosters,28,10,Parramatta,https://www.rugbyleagueproject.org/matches/7247
2007|Rd 8|Wests Tigers|Melbourne Storm,2007,Rd 8,8,5,59,2007-05-05,Wests Tigers,Melbourne Storm,30,12,Bluetongue,https://www.rugbyleagueproject.org/matches/7248
2007|Rd 8|Canberra Raiders|Manly Sea Eagles,2007,Rd 8,8,6,60,2007-05-06,Canberra Raiders,Manly Sea Eagles,30,46,Canberra Stadium,https://www.rugbyleagueproject.org/matches/7249
2007|Rd 8|Canterbury Bulldogs|Newcastle Knights,2007,Rd 8,8,7,61,2007-05-06,Canterbury Bulldogs,Newcastle Knights,30,16,Telstra,https://www.rugbyleagueproject.org/matches/7250
2007|Rd 8|Gold Coast Titans|NQ Cowboys,2007,Rd 8,8,8,62,2007-05-07,Gold Coast Titans,NQ Cowboys,10,24,Gold Coast,https://www.rugbyleagueproject.org/matches/7251
2007|Rd 9|Cronulla Sharks|Brisbane Broncos,2007,Rd 9,9,1,63,2007-05-11,Cronulla Sharks,Brisbane Broncos,16,8,Toyota,https://www.rugbyleagueproject.org/matches/7252
2007|Rd 9|Manly Sea Eagles|Parramatta Eels,2007,Rd 9,9,2,64,2007-05-11,Manly Sea Eagles,Parramatta Eels,22,12,Brookvale,https://www.rugbyleagueproject.org/matches/7253
2007|Rd 9|NQ Cowboys|Penrith Panthers,2007,Rd 9,9,3,65,2007-05-12,NQ Cowboys,Penrith Panthers,12,22,Dairy Farmers,https://www.rugbyleagueproject.org/matches/7256
2007|Rd 9|Newcastle Knights|New Zealand Warriors,2007,Rd 9,9,4,66,2007-05-12,Newcastle Knights,New Zealand Warriors,24,18,EnergyAustralia,https://www.rugbyleagueproject.org/matches/7254
2007|Rd 9|South Sydney Rabbitohs|Canberra Raiders,2007,Rd 9,9,5,67,2007-05-12,South Sydney Rabbitohs,Canberra Raiders,10,16,Telstra,https://www.rugbyleagueproject.org/matches/7255
2007|Rd 9|Sydney Roosters|Gold Coast Titans,2007,Rd 9,9,6,68,2007-05-13,Sydney Roosters,Gold Coast Titans,24,18,Aussie,https://www.rugbyleagueproject.org/matches/7257
2007|Rd 9|Wests Tigers|St. George Illawarra Dragons,2007,Rd 9,9,7,69,2007-05-13,Wests Tigers,St. George Illawarra Dragons,27,8,Telstra,https://www.rugbyleagueproject.org/matches/7258
2007|Rd 9|Melbourne Storm|Canterbury Bulldogs,2007,Rd 9,9,8,70,2007-05-14,Melbourne Storm,Canterbury Bulldogs,38,14,Olympic Park,https://www.rugbyleagueproject.org/matches/7259
2007|Rd 10|St. George Illawarra Dragons|Gold Coast Titans,2007,Rd 10,10,1,71,2007-05-18,St. George Illawarra Dragons,Gold Coast Titans,28,10,WIN,https://www.rugbyleagueproject.org/matches/7260
2007|Rd 10|Melbourne Storm|Sydney Roosters,2007,Rd 10,10,2,72,2007-05-19,Melbourne Storm,Sydney Roosters,26,2,Olympic Park,https://www.rugbyleagueproject.org/matches/7262
2007|Rd 10|Parramatta Eels|NQ Cowboys,2007,Rd 10,10,3,73,2007-05-19,Parramatta Eels,NQ Cowboys,44,14,Parramatta,https://www.rugbyleagueproject.org/matches/7261
2007|Rd 10|Canterbury Bulldogs|Cronulla Sharks,2007,Rd 10,10,4,74,2007-05-20,Canterbury Bulldogs,Cronulla Sharks,20,30,Telstra,https://www.rugbyleagueproject.org/matches/7264
2007|Rd 10|New Zealand Warriors|Wests Tigers,2007,Rd 10,10,5,75,2007-05-20,New Zealand Warriors,Wests Tigers,26,30,Mt Smart,https://www.rugbyleagueproject.org/matches/7263
2007|Rd 10|Manly Sea Eagles|Brisbane Broncos,2007,Rd 10,10,6,76,2007-05-21,Manly Sea Eagles,Brisbane Broncos,18,6,Brookvale,https://www.rugbyleagueproject.org/matches/7265
2007|Rd 11|Canberra Raiders|St. George Illawarra Dragons,2007,Rd 11,11,1,77,2007-05-25,Canberra Raiders,St. George Illawarra Dragons,30,6,Canberra Stadium,https://www.rugbyleagueproject.org/matches/7267
2007|Rd 11|Canterbury Bulldogs|NQ Cowboys,2007,Rd 11,11,2,78,2007-05-25,Canterbury Bulldogs,NQ Cowboys,16,26,Suncorp,https://www.rugbyleagueproject.org/matches/7266
2007|Rd 11|Cronulla Sharks|Sydney Roosters,2007,Rd 11,11,3,79,2007-05-26,Cronulla Sharks,Sydney Roosters,12,13,Toyota,https://www.rugbyleagueproject.org/matches/7269
2007|Rd 11|Gold Coast Titans|South Sydney Rabbitohs,2007,Rd 11,11,4,80,2007-05-26,Gold Coast Titans,South Sydney Rabbitohs,25,18,Gold Coast,https://www.rugbyleagueproject.org/matches/7270
2007|Rd 11|Manly Sea Eagles|Melbourne Storm,2007,Rd 11,11,5,81,2007-05-26,Manly Sea Eagles,Melbourne Storm,13,12,Brookvale,https://www.rugbyleagueproject.org/matches/7268
2007|Rd 11|Brisbane Broncos|Newcastle Knights,2007,Rd 11,11,6,82,2007-05-27,Brisbane Broncos,Newcastle Knights,71,6,Suncorp,https://www.rugbyleagueproject.org/matches/7271
2007|Rd 11|Penrith Panthers|Wests Tigers,2007,Rd 11,11,7,83,2007-05-27,Penrith Panthers,Wests Tigers,24,25,CUA Stadium,https://www.rugbyleagueproject.org/matches/7272
2007|Rd 11|Parramatta Eels|New Zealand Warriors,2007,Rd 11,11,8,84,2007-05-28,Parramatta Eels,New Zealand Warriors,30,6,Parramatta,https://www.rugbyleagueproject.org/matches/7273
2007|Rd 12|Penrith Panthers|Manly Sea Eagles,2007,Rd 12,12,1,85,2007-06-01,Penrith Panthers,Manly Sea Eagles,22,16,CUA Stadium,https://www.rugbyleagueproject.org/matches/7274
2007|Rd 12|St. George Illawarra Dragons|Brisbane Broncos,2007,Rd 12,12,2,86,2007-06-01,St. George Illawarra Dragons,Brisbane Broncos,11,4,Oki Jubilee,https://www.rugbyleagueproject.org/matches/7275
2007|Rd 12|Melbourne Storm|South Sydney Rabbitohs,2007,Rd 12,12,3,87,2007-06-02,Melbourne Storm,South Sydney Rabbitohs,26,10,Olympic Park,https://www.rugbyleagueproject.org/matches/7277
2007|Rd 12|NQ Cowboys|Cronulla Sharks,2007,Rd 12,12,4,88,2007-06-02,NQ Cowboys,Cronulla Sharks,26,24,Dairy Farmers,https://www.rugbyleagueproject.org/matches/7278
2007|Rd 12|Sydney Roosters|Newcastle Knights,2007,Rd 12,12,5,89,2007-06-02,Sydney Roosters,Newcastle Knights,18,22,Bluetongue,https://www.rugbyleagueproject.org/matches/7276
2007|Rd 12|Gold Coast Titans|Canberra Raiders,2007,Rd 12,12,6,90,2007-06-03,Gold Coast Titans,Canberra Raiders,28,8,Gold Coast,https://www.rugbyleagueproject.org/matches/7279
2007|Rd 12|New Zealand Warriors|Canterbury Bulldogs,2007,Rd 12,12,7,91,2007-06-03,New Zealand Warriors,Canterbury Bulldogs,20,40,Mt Smart,https://www.rugbyleagueproject.org/matches/7280
2007|Rd 12|Wests Tigers|Parramatta Eels,2007,Rd 12,12,8,92,2007-06-04,Wests Tigers,Parramatta Eels,8,38,Telstra,https://www.rugbyleagueproject.org/matches/7281
2007|Rd 13|South Sydney Rabbitohs|Penrith Panthers,2007,Rd 13,13,1,93,2007-06-08,South Sydney Rabbitohs,Penrith Panthers,14,4,Telstra,https://www.rugbyleagueproject.org/matches/7282
2007|Rd 13|Canberra Raiders|Parramatta Eels,2007,Rd 13,13,2,94,2007-06-09,Canberra Raiders,Parramatta Eels,38,10,Canberra Stadium,https://www.rugbyleagueproject.org/matches/7283
2007|Rd 13|Sydney Roosters|NQ Cowboys,2007,Rd 13,13,3,95,2007-06-09,Sydney Roosters,NQ Cowboys,64,30,Aussie,https://www.rugbyleagueproject.org/matches/7284
2007|Rd 13|New Zealand Warriors|Melbourne Storm,2007,Rd 13,13,4,96,2007-06-10,New Zealand Warriors,Melbourne Storm,2,4,Mt Smart,https://www.rugbyleagueproject.org/matches/7285
2007|Rd 13|Newcastle Knights|Wests Tigers,2007,Rd 13,13,5,97,2007-06-10,Newcastle Knights,Wests Tigers,14,33,EnergyAustralia,https://www.rugbyleagueproject.org/matches/7286
2007|Rd 13|St. George Illawarra Dragons|Cronulla Sharks,2007,Rd 13,13,6,98,2007-06-11,St. George Illawarra Dragons,Cronulla Sharks,16,20,Oki Jubilee,https://www.rugbyleagueproject.org/matches/7287
2007|Rd 14|Canterbury Bulldogs|Brisbane Broncos,2007,Rd 14,14,1,99,2007-06-15,Canterbury Bulldogs,Brisbane Broncos,12,19,Telstra,https://www.rugbyleagueproject.org/matches/7289
2007|Rd 14|Manly Sea Eagles|South Sydney Rabbitohs,2007,Rd 14,14,2,100,2007-06-15,Manly Sea Eagles,South Sydney Rabbitohs,14,2,Brookvale,https://www.rugbyleagueproject.org/matches/7288
2007|Rd 14|Cronulla Sharks|New Zealand Warriors,2007,Rd 14,14,3,101,2007-06-16,Cronulla Sharks,New Zealand Warriors,2,12,Toyota,https://www.rugbyleagueproject.org/matches/7290
2007|Rd 14|NQ Cowboys|Melbourne Storm,2007,Rd 14,14,4,102,2007-06-16,NQ Cowboys,Melbourne Storm,12,58,Dairy Farmers,https://www.rugbyleagueproject.org/matches/7292
2007|Rd 14|Penrith Panthers|Sydney Roosters,2007,Rd 14,14,5,103,2007-06-16,Penrith Panthers,Sydney Roosters,20,24,CUA Stadium,https://www.rugbyleagueproject.org/matches/7291
2007|Rd 14|Parramatta Eels|St. George Illawarra Dragons,2007,Rd 14,14,6,104,2007-06-17,Parramatta Eels,St. George Illawarra Dragons,20,12,Parramatta,https://www.rugbyleagueproject.org/matches/7293
2007|Rd 14|Wests Tigers|Gold Coast Titans,2007,Rd 14,14,7,105,2007-06-17,Wests Tigers,Gold Coast Titans,14,16,Campbelltown,https://www.rugbyleagueproject.org/matches/7294
2007|Rd 14|Newcastle Knights|Canberra Raiders,2007,Rd 14,14,8,106,2007-06-18,Newcastle Knights,Canberra Raiders,22,18,EnergyAustralia,https://www.rugbyleagueproject.org/matches/7295
2007|Rd 15|Manly Sea Eagles|Canterbury Bulldogs,2007,Rd 15,15,1,107,2007-06-22,Manly Sea Eagles,Canterbury Bulldogs,8,27,Brookvale,https://www.rugbyleagueproject.org/matches/7296
2007|Rd 15|New Zealand Warriors|Penrith Panthers,2007,Rd 15,15,2,108,2007-06-22,New Zealand Warriors,Penrith Panthers,54,14,Mt Smart,https://www.rugbyleagueproject.org/matches/7297
2007|Rd 15|Canberra Raiders|NQ Cowboys,2007,Rd 15,15,3,109,2007-06-23,Canberra Raiders,NQ Cowboys,24,28,Canberra Stadium,https://www.rugbyleagueproject.org/matches/7298
2007|Rd 15|Gold Coast Titans|Newcastle Knights,2007,Rd 15,15,4,110,2007-06-23,Gold Coast Titans,Newcastle Knights,28,22,Gold Coast,https://www.rugbyleagueproject.org/matches/7299
2007|Rd 15|Sydney Roosters|Parramatta Eels,2007,Rd 15,15,5,111,2007-06-23,Sydney Roosters,Parramatta Eels,16,36,Aussie,https://www.rugbyleagueproject.org/matches/7300
2007|Rd 15|Melbourne Storm|St. George Illawarra Dragons,2007,Rd 15,15,6,112,2007-06-24,Melbourne Storm,St. George Illawarra Dragons,28,6,Olympic Park,https://www.rugbyleagueproject.org/matches/7302
2007|Rd 15|South Sydney Rabbitohs|Cronulla Sharks,2007,Rd 15,15,7,113,2007-06-24,South Sydney Rabbitohs,Cronulla Sharks,16,12,Telstra,https://www.rugbyleagueproject.org/matches/7301
2007|Rd 15|Brisbane Broncos|Wests Tigers,2007,Rd 15,15,8,114,2007-06-25,Brisbane Broncos,Wests Tigers,48,18,Suncorp,https://www.rugbyleagueproject.org/matches/7303
2007|Rd 16|Newcastle Knights|South Sydney Rabbitohs,2007,Rd 16,16,1,115,2007-06-29,Newcastle Knights,South Sydney Rabbitohs,25,28,EnergyAustralia,https://www.rugbyleagueproject.org/matches/7304
2007|Rd 16|Gold Coast Titans|New Zealand Warriors,2007,Rd 16,16,2,116,2007-06-30,Gold Coast Titans,New Zealand Warriors,6,22,Gold Coast,https://www.rugbyleagueproject.org/matches/7305
2007|Rd 16|Penrith Panthers|Brisbane Broncos,2007,Rd 16,16,3,117,2007-06-30,Penrith Panthers,Brisbane Broncos,16,24,CUA Stadium,https://www.rugbyleagueproject.org/matches/7306
2007|Rd 16|Canberra Raiders|Wests Tigers,2007,Rd 16,16,4,118,2007-07-01,Canberra Raiders,Wests Tigers,16,22,Canberra Stadium,https://www.rugbyleagueproject.org/matches/7307
2007|Rd 16|St. George Illawarra Dragons|Manly Sea Eagles,2007,Rd 16,16,5,119,2007-07-01,St. George Illawarra Dragons,Manly Sea Eagles,26,22,Oki Jubilee,https://www.rugbyleagueproject.org/matches/7308
2007|Rd 16|Canterbury Bulldogs|Sydney Roosters,2007,Rd 16,16,6,120,2007-07-02,Canterbury Bulldogs,Sydney Roosters,38,6,Telstra,https://www.rugbyleagueproject.org/matches/7309
2007|Rd 17|Brisbane Broncos|Gold Coast Titans,2007,Rd 17,17,1,121,2007-07-06,Brisbane Broncos,Gold Coast Titans,19,18,Suncorp,https://www.rugbyleagueproject.org/matches/7311
2007|Rd 17|Wests Tigers|Penrith Panthers,2007,Rd 17,17,2,122,2007-07-06,Wests Tigers,Penrith Panthers,43,26,Telstra,https://www.rugbyleagueproject.org/matches/7310
2007|Rd 17|Manly Sea Eagles|Sydney Roosters,2007,Rd 17,17,3,123,2007-07-07,Manly Sea Eagles,Sydney Roosters,56,0,Brookvale,https://www.rugbyleagueproject.org/matches/7314
2007|Rd 17|NQ Cowboys|New Zealand Warriors,2007,Rd 17,17,4,124,2007-07-07,NQ Cowboys,New Zealand Warriors,18,12,Dairy Farmers,https://www.rugbyleagueproject.org/matches/7313
2007|Rd 17|South Sydney Rabbitohs|Melbourne Storm,2007,Rd 17,17,5,125,2007-07-07,South Sydney Rabbitohs,Melbourne Storm,8,12,Bluetongue,https://www.rugbyleagueproject.org/matches/7312
2007|Rd 17|Cronulla Sharks|Canterbury Bulldogs,2007,Rd 17,17,6,126,2007-07-08,Cronulla Sharks,Canterbury Bulldogs,12,14,Toyota,https://www.rugbyleagueproject.org/matches/7316
2007|Rd 17|St. George Illawarra Dragons|Canberra Raiders,2007,Rd 17,17,7,127,2007-07-08,St. George Illawarra Dragons,Canberra Raiders,58,16,WIN,https://www.rugbyleagueproject.org/matches/7315
2007|Rd 17|Parramatta Eels|Newcastle Knights,2007,Rd 17,17,8,128,2007-07-09,Parramatta Eels,Newcastle Knights,10,34,Parramatta,https://www.rugbyleagueproject.org/matches/7317
2007|Rd 18|Manly Sea Eagles|Wests Tigers,2007,Rd 18,18,1,129,2007-07-13,Manly Sea Eagles,Wests Tigers,34,4,Brookvale,https://www.rugbyleagueproject.org/matches/7318
2007|Rd 18|NQ Cowboys|Brisbane Broncos,2007,Rd 18,18,2,130,2007-07-13,NQ Cowboys,Brisbane Broncos,16,24,Dairy Farmers,https://www.rugbyleagueproject.org/matches/7319
2007|Rd 18|Canterbury Bulldogs|Penrith Panthers,2007,Rd 18,18,3,131,2007-07-14,Canterbury Bulldogs,Penrith Panthers,20,30,Telstra,https://www.rugbyleagueproject.org/matches/7320
2007|Rd 18|Sydney Roosters|Cronulla Sharks,2007,Rd 18,18,4,132,2007-07-14,Sydney Roosters,Cronulla Sharks,23,12,SFS,https://www.rugbyleagueproject.org/matches/7321
2007|Rd 18|Canberra Raiders|Gold Coast Titans,2007,Rd 18,18,5,133,2007-07-15,Canberra Raiders,Gold Coast Titans,56,10,Canberra Stadium,https://www.rugbyleagueproject.org/matches/7323
2007|Rd 18|New Zealand Warriors|St. George Illawarra Dragons,2007,Rd 18,18,6,134,2007-07-15,New Zealand Warriors,St. George Illawarra Dragons,44,16,Mt Smart,https://www.rugbyleagueproject.org/matches/7322
2007|Rd 18|Parramatta Eels|South Sydney Rabbitohs,2007,Rd 18,18,7,135,2007-07-15,Parramatta Eels,South Sydney Rabbitohs,18,12,Parramatta,https://www.rugbyleagueproject.org/matches/7324
2007|Rd 18|Melbourne Storm|Newcastle Knights,2007,Rd 18,18,8,136,2007-07-16,Melbourne Storm,Newcastle Knights,44,0,Olympic Park,https://www.rugbyleagueproject.org/matches/7325
2007|Rd 19|Cronulla Sharks|Manly Sea Eagles,2007,Rd 19,19,1,137,2007-07-20,Cronulla Sharks,Manly Sea Eagles,22,29,Toyota,https://www.rugbyleagueproject.org/matches/7326
2007|Rd 19|Gold Coast Titans|Canterbury Bulldogs,2007,Rd 19,19,2,138,2007-07-20,Gold Coast Titans,Canterbury Bulldogs,12,36,Gold Coast,https://www.rugbyleagueproject.org/matches/7327
2007|Rd 19|Melbourne Storm|Canberra Raiders,2007,Rd 19,19,3,139,2007-07-21,Melbourne Storm,Canberra Raiders,34,6,Olympic Park,https://www.rugbyleagueproject.org/matches/7330
2007|Rd 19|Newcastle Knights|Sydney Roosters,2007,Rd 19,19,4,140,2007-07-21,Newcastle Knights,Sydney Roosters,17,20,EnergyAustralia,https://www.rugbyleagueproject.org/matches/7329
2007|Rd 19|Penrith Panthers|St. George Illawarra Dragons,2007,Rd 19,19,5,141,2007-07-21,Penrith Panthers,St. George Illawarra Dragons,20,38,CUA Stadium,https://www.rugbyleagueproject.org/matches/7328
2007|Rd 19|South Sydney Rabbitohs|NQ Cowboys,2007,Rd 19,19,6,142,2007-07-22,South Sydney Rabbitohs,NQ Cowboys,20,14,Telstra,https://www.rugbyleagueproject.org/matches/7332
2007|Rd 19|Wests Tigers|New Zealand Warriors,2007,Rd 19,19,7,143,2007-07-22,Wests Tigers,New Zealand Warriors,16,28,Campbelltown,https://www.rugbyleagueproject.org/matches/7331
2007|Rd 19|Brisbane Broncos|Parramatta Eels,2007,Rd 19,19,8,144,2007-07-23,Brisbane Broncos,Parramatta Eels,16,20,Suncorp,https://www.rugbyleagueproject.org/matches/7333
2007|Rd 20|Canberra Raiders|Penrith Panthers,2007,Rd 20,20,1,145,2007-07-27,Canberra Raiders,Penrith Panthers,34,30,Canberra Stadium,https://www.rugbyleagueproject.org/matches/7335
2007|Rd 20|Sydney Roosters|Melbourne Storm,2007,Rd 20,20,2,146,2007-07-27,Sydney Roosters,Melbourne Storm,26,16,SFS,https://www.rugbyleagueproject.org/matches/7334
2007|Rd 20|New Zealand Warriors|Newcastle Knights,2007,Rd 20,20,3,147,2007-07-28,New Zealand Warriors,Newcastle Knights,52,10,Mt Smart,https://www.rugbyleagueproject.org/matches/7336
2007|Rd 20|South Sydney Rabbitohs|Gold Coast Titans,2007,Rd 20,20,4,148,2007-07-28,South Sydney Rabbitohs,Gold Coast Titans,20,14,Telstra,https://www.rugbyleagueproject.org/matches/7338
2007|Rd 20|St. George Illawarra Dragons|Canterbury Bulldogs,2007,Rd 20,20,5,149,2007-07-28,St. George Illawarra Dragons,Canterbury Bulldogs,24,28,WIN,https://www.rugbyleagueproject.org/matches/7337
2007|Rd 20|Brisbane Broncos|Cronulla Sharks,2007,Rd 20,20,6,150,2007-07-29,Brisbane Broncos,Cronulla Sharks,30,16,Suncorp,https://www.rugbyleagueproject.org/matches/7339
2007|Rd 20|Parramatta Eels|Manly Sea Eagles,2007,Rd 20,20,7,151,2007-07-29,Parramatta Eels,Manly Sea Eagles,24,32,Parramatta,https://www.rugbyleagueproject.org/matches/7340
2007|Rd 20|Wests Tigers|NQ Cowboys,2007,Rd 20,20,8,152,2007-07-30,Wests Tigers,NQ Cowboys,54,10,Leichhardt,https://www.rugbyleagueproject.org/matches/7341
2007|Rd 21|Canterbury Bulldogs|Parramatta Eels,2007,Rd 21,21,1,153,2007-08-03,Canterbury Bulldogs,Parramatta Eels,22,34,Telstra,https://www.rugbyleagueproject.org/matches/7342
2007|Rd 21|Newcastle Knights|St. George Illawarra Dragons,2007,Rd 21,21,2,154,2007-08-03,Newcastle Knights,St. George Illawarra Dragons,4,20,EnergyAustralia,https://www.rugbyleagueproject.org/matches/7343
2007|Rd 21|Gold Coast Titans|Wests Tigers,2007,Rd 21,21,3,155,2007-08-04,Gold Coast Titans,Wests Tigers,30,14,Gold Coast,https://www.rugbyleagueproject.org/matches/7344
2007|Rd 21|NQ Cowboys|Canberra Raiders,2007,Rd 21,21,4,156,2007-08-04,NQ Cowboys,Canberra Raiders,28,22,Dairy Farmers,https://www.rugbyleagueproject.org/matches/7345
2007|Rd 21|Penrith Panthers|South Sydney Rabbitohs,2007,Rd 21,21,5,157,2007-08-04,Penrith Panthers,South Sydney Rabbitohs,32,16,CUA Stadium,https://www.rugbyleagueproject.org/matches/7346
2007|Rd 21|Brisbane Broncos|Manly Sea Eagles,2007,Rd 21,21,6,158,2007-08-05,Brisbane Broncos,Manly Sea Eagles,8,21,Suncorp,https://www.rugbyleagueproject.org/matches/7348
2007|Rd 21|Sydney Roosters|New Zealand Warriors,2007,Rd 21,21,7,159,2007-08-05,Sydney Roosters,New Zealand Warriors,31,31,SFS,https://www.rugbyleagueproject.org/matches/7347
2007|Rd 21|Cronulla Sharks|Melbourne Storm,2007,Rd 21,21,8,160,2007-08-06,Cronulla Sharks,Melbourne Storm,16,17,Toyota,https://www.rugbyleagueproject.org/matches/7349
2007|Rd 22|Manly Sea Eagles|Newcastle Knights,2007,Rd 22,22,1,161,2007-08-10,Manly Sea Eagles,Newcastle Knights,50,16,Bluetongue,https://www.rugbyleagueproject.org/matches/7350
2007|Rd 22|Wests Tigers|Sydney Roosters,2007,Rd 22,22,2,162,2007-08-10,Wests Tigers,Sydney Roosters,22,26,Telstra,https://www.rugbyleagueproject.org/matches/7351
2007|Rd 22|New Zealand Warriors|Gold Coast Titans,2007,Rd 22,22,3,163,2007-08-11,New Zealand Warriors,Gold Coast Titans,30,6,Mt Smart,https://www.rugbyleagueproject.org/matches/7352
2007|Rd 22|Parramatta Eels|Cronulla Sharks,2007,Rd 22,22,4,164,2007-08-11,Parramatta Eels,Cronulla Sharks,24,25,Parramatta,https://www.rugbyleagueproject.org/matches/7353
2007|Rd 22|St. George Illawarra Dragons|South Sydney Rabbitohs,2007,Rd 22,22,5,165,2007-08-11,St. George Illawarra Dragons,South Sydney Rabbitohs,14,24,WIN,https://www.rugbyleagueproject.org/matches/7354
2007|Rd 22|Canterbury Bulldogs|Canberra Raiders,2007,Rd 22,22,6,166,2007-08-12,Canterbury Bulldogs,Canberra Raiders,52,4,Telstra,https://www.rugbyleagueproject.org/matches/7355
2007|Rd 22|Melbourne Storm|Brisbane Broncos,2007,Rd 22,22,7,167,2007-08-12,Melbourne Storm,Brisbane Broncos,14,6,Olympic Park,https://www.rugbyleagueproject.org/matches/7356
2007|Rd 22|Penrith Panthers|NQ Cowboys,2007,Rd 22,22,8,168,2007-08-13,Penrith Panthers,NQ Cowboys,26,30,CUA Stadium,https://www.rugbyleagueproject.org/matches/7357
2007|Rd 23|Brisbane Broncos|Canterbury Bulldogs,2007,Rd 23,23,1,169,2007-08-17,Brisbane Broncos,Canterbury Bulldogs,24,25,Suncorp,https://www.rugbyleagueproject.org/matches/7359
2007|Rd 23|Melbourne Storm|Parramatta Eels,2007,Rd 23,23,2,170,2007-08-17,Melbourne Storm,Parramatta Eels,14,10,Olympic Park,https://www.rugbyleagueproject.org/matches/7358
2007|Rd 23|Canberra Raiders|New Zealand Warriors,2007,Rd 23,23,3,171,2007-08-18,Canberra Raiders,New Zealand Warriors,26,24,Canberra Stadium,https://www.rugbyleagueproject.org/matches/7362
2007|Rd 23|Cronulla Sharks|Wests Tigers,2007,Rd 23,23,4,172,2007-08-18,Cronulla Sharks,Wests Tigers,28,29,Toyota,https://www.rugbyleagueproject.org/matches/7360
2007|Rd 23|NQ Cowboys|St. George Illawarra Dragons,2007,Rd 23,23,5,173,2007-08-18,NQ Cowboys,St. George Illawarra Dragons,24,14,Dairy Farmers,https://www.rugbyleagueproject.org/matches/7361
2007|Rd 23|Gold Coast Titans|Sydney Roosters,2007,Rd 23,23,6,174,2007-08-19,Gold Coast Titans,Sydney Roosters,22,18,Gold Coast,https://www.rugbyleagueproject.org/matches/7363
2007|Rd 23|Newcastle Knights|Penrith Panthers,2007,Rd 23,23,7,175,2007-08-19,Newcastle Knights,Penrith Panthers,12,46,EnergyAustralia,https://www.rugbyleagueproject.org/matches/7364
2007|Rd 23|South Sydney Rabbitohs|Manly Sea Eagles,2007,Rd 23,23,8,176,2007-08-20,South Sydney Rabbitohs,Manly Sea Eagles,24,18,Telstra,https://www.rugbyleagueproject.org/matches/7365
2007|Rd 24|Canterbury Bulldogs|Melbourne Storm,2007,Rd 24,24,1,177,2007-08-24,Canterbury Bulldogs,Melbourne Storm,6,38,Telstra,https://www.rugbyleagueproject.org/matches/7366
2007|Rd 24|Newcastle Knights|NQ Cowboys,2007,Rd 24,24,2,178,2007-08-24,Newcastle Knights,NQ Cowboys,18,34,EnergyAustralia,https://www.rugbyleagueproject.org/matches/7367
2007|Rd 24|Cronulla Sharks|Gold Coast Titans,2007,Rd 24,24,3,179,2007-08-25,Cronulla Sharks,Gold Coast Titans,28,12,Toyota,https://www.rugbyleagueproject.org/matches/7368
2007|Rd 24|Sydney Roosters|Penrith Panthers,2007,Rd 24,24,4,180,2007-08-25,Sydney Roosters,Penrith Panthers,22,28,SFS,https://www.rugbyleagueproject.org/matches/7369
2007|Rd 24|Brisbane Broncos|Canberra Raiders,2007,Rd 24,24,5,181,2007-08-26,Brisbane Broncos,Canberra Raiders,30,19,Suncorp,https://www.rugbyleagueproject.org/matches/7370
2007|Rd 24|New Zealand Warriors|Manly Sea Eagles,2007,Rd 24,24,6,182,2007-08-26,New Zealand Warriors,Manly Sea Eagles,36,14,Mt Smart,https://www.rugbyleagueproject.org/matches/7371
2007|Rd 24|Wests Tigers|South Sydney Rabbitohs,2007,Rd 24,24,7,183,2007-08-26,Wests Tigers,South Sydney Rabbitohs,12,37,Leichhardt,https://www.rugbyleagueproject.org/matches/7372
2007|Rd 24|St. George Illawarra Dragons|Parramatta Eels,2007,Rd 24,24,8,184,2007-08-27,St. George Illawarra Dragons,Parramatta Eels,14,6,WIN,https://www.rugbyleagueproject.org/matches/7373
2007|Rd 25|NQ Cowboys|Canterbury Bulldogs,2007,Rd 25,25,1,185,2007-08-31,NQ Cowboys,Canterbury Bulldogs,38,32,Dairy Farmers,https://www.rugbyleagueproject.org/matches/7374
2007|Rd 25|Wests Tigers|Newcastle Knights,2007,Rd 25,25,2,186,2007-08-31,Wests Tigers,Newcastle Knights,24,26,Telstra,https://www.rugbyleagueproject.org/matches/7375
2007|Rd 25|Canberra Raiders|Cronulla Sharks,2007,Rd 25,25,3,187,2007-09-01,Canberra Raiders,Cronulla Sharks,12,22,Canberra Stadium,https://www.rugbyleagueproject.org/matches/7377
2007|Rd 25|Penrith Panthers|New Zealand Warriors,2007,Rd 25,25,4,188,2007-09-01,Penrith Panthers,New Zealand Warriors,20,24,CUA Stadium,https://www.rugbyleagueproject.org/matches/7378
2007|Rd 25|South Sydney Rabbitohs|Sydney Roosters,2007,Rd 25,25,5,189,2007-09-01,South Sydney Rabbitohs,Sydney Roosters,12,26,Telstra,https://www.rugbyleagueproject.org/matches/7376
2007|Rd 25|Manly Sea Eagles|St. George Illawarra Dragons,2007,Rd 25,25,6,190,2007-09-02,Manly Sea Eagles,St. George Illawarra Dragons,28,24,Brookvale,https://www.rugbyleagueproject.org/matches/7379
2007|Rd 25|Melbourne Storm|Gold Coast Titans,2007,Rd 25,25,7,191,2007-09-02,Melbourne Storm,Gold Coast Titans,50,6,Olympic Park,https://www.rugbyleagueproject.org/matches/7381
2007|Rd 25|Parramatta Eels|Brisbane Broncos,2007,Rd 25,25,8,192,2007-09-02,Parramatta Eels,Brisbane Broncos,68,22,Parramatta,https://www.rugbyleagueproject.org/matches/7380
2007|Qualif Final|New Zealand Warriors|Parramatta Eels,2007,Qualif Final,26,1,193,2007-09-07,New Zealand Warriors,Parramatta Eels,10,12,Mt Smart,https://www.rugbyleagueproject.org/matches/7740
2007|Qualif Final|Manly Sea Eagles|South Sydney Rabbitohs,2007,Qualif Final,26,2,194,2007-09-08,Manly Sea Eagles,South Sydney Rabbitohs,30,6,Brookvale,https://www.rugbyleagueproject.org/matches/7742
2007|Qualif Final|NQ Cowboys|Canterbury Bulldogs,2007,Qualif Final,26,3,195,2007-09-08,NQ Cowboys,Canterbury Bulldogs,20,18,Dairy Farmers,https://www.rugbyleagueproject.org/matches/7741
2007|Qualif Final|Melbourne Storm|Brisbane Broncos,2007,Qualif Final,26,4,196,2007-09-09,Melbourne Storm,Brisbane Broncos,40,0,Olympic Park,https://www.rugbyleagueproject.org/matches/7743
2007|Semi Final|Parramatta Eels|Canterbury Bulldogs,2007,Semi Final,27,1,197,2007-09-15,Parramatta Eels,Canterbury Bulldogs,25,6,Telstra,https://www.rugbyleagueproject.org/matches/7744
2007|Semi Final|NQ Cowboys|New Zealand Warriors,2007,Semi Final,27,2,198,2007-09-16,NQ Cowboys,New Zealand Warriors,49,12,Dairy Farmers,https://www.rugbyleagueproject.org/matches/7745
2007|Prelim Final|Manly Sea Eagles|NQ Cowboys,2007,Prelim Final,28,1,199,2007-09-22,Manly Sea Eagles,NQ Cowboys,28,6,SFS,https://www.rugbyleagueproject.org/matches/7746
2007|Prelim Final|Melbourne Storm|Parramatta Eels,2007,Prelim Final,28,2,200,2007-09-23,Melbourne Storm,Parramatta Eels,26,10,Telstra Dome,https://www.rugbyleagueproject.org/matches/7747
2007|Grand Final|Melbourne Storm|Manly Sea Eagles,2007,Grand Final,29,1,201,2007-09-30,Melbourne Storm,Manly Sea Eagles,34,8,Telstra,https://www.rugbyleagueproject.org/matches/7748
2008|Rd 1|Gold Coast Titans|NQ Cowboys,2008,Rd 1,1,1,1,2008-03-14,Gold Coast Titans,NQ Cowboys,36,18,Skilled Park,https://www.rugbyleagueproject.org/matches/8000
2008|Rd 1|South Sydney Rabbitohs|Sydney Roosters,2008,Rd 1,1,2,2,2008-03-14,South Sydney Rabbitohs,Sydney Roosters,20,34,ANZ,https://www.rugbyleagueproject.org/matches/8001
2008|Rd 1|Manly Sea Eagles|Cronulla Sharks,2008,Rd 1,1,3,3,2008-03-15,Manly Sea Eagles,Cronulla Sharks,10,16,Brookvale,https://www.rugbyleagueproject.org/matches/8003
2008|Rd 1|Newcastle Knights|Canberra Raiders,2008,Rd 1,1,4,4,2008-03-15,Newcastle Knights,Canberra Raiders,30,14,EnergyAustralia,https://www.rugbyleagueproject.org/matches/8004
2008|Rd 1|Parramatta Eels|Canterbury Bulldogs,2008,Rd 1,1,5,5,2008-03-15,Parramatta Eels,Canterbury Bulldogs,28,20,ANZ,https://www.rugbyleagueproject.org/matches/8002
2008|Rd 1|Brisbane Broncos|Penrith Panthers,2008,Rd 1,1,6,6,2008-03-16,Brisbane Broncos,Penrith Panthers,48,12,Suncorp,https://www.rugbyleagueproject.org/matches/8005
2008|Rd 1|Wests Tigers|St. George Illawarra Dragons,2008,Rd 1,1,7,7,2008-03-16,Wests Tigers,St. George Illawarra Dragons,24,16,SFS,https://www.rugbyleagueproject.org/matches/8006
2008|Rd 1|Melbourne Storm|New Zealand Warriors,2008,Rd 1,1,8,8,2008-03-17,Melbourne Storm,New Zealand Warriors,32,18,Telstra Dome,https://www.rugbyleagueproject.org/matches/8007
2008|Rd 2|South Sydney Rabbitohs|Canterbury Bulldogs,2008,Rd 2,2,1,9,2008-03-21,South Sydney Rabbitohs,Canterbury Bulldogs,12,25,ANZ,https://www.rugbyleagueproject.org/matches/14482
2008|Rd 2|Sydney Roosters|Brisbane Broncos,2008,Rd 2,2,2,10,2008-03-21,Sydney Roosters,Brisbane Broncos,14,20,SFS,https://www.rugbyleagueproject.org/matches/14481
2008|Rd 2|NQ Cowboys|Wests Tigers,2008,Rd 2,2,3,11,2008-03-22,NQ Cowboys,Wests Tigers,10,30,Dairy Farmers,https://www.rugbyleagueproject.org/matches/14485
2008|Rd 2|Newcastle Knights|Manly Sea Eagles,2008,Rd 2,2,4,12,2008-03-22,Newcastle Knights,Manly Sea Eagles,13,12,EnergyAustralia,https://www.rugbyleagueproject.org/matches/14484
2008|Rd 2|Penrith Panthers|Canberra Raiders,2008,Rd 2,2,5,13,2008-03-22,Penrith Panthers,Canberra Raiders,16,20,CUA Stadium,https://www.rugbyleagueproject.org/matches/14483
2008|Rd 2|Melbourne Storm|Cronulla Sharks,2008,Rd 2,2,6,14,2008-03-23,Melbourne Storm,Cronulla Sharks,16,17,Olympic Park,https://www.rugbyleagueproject.org/matches/14487
2008|Rd 2|New Zealand Warriors|Parramatta Eels,2008,Rd 2,2,7,15,2008-03-23,New Zealand Warriors,Parramatta Eels,30,16,Mt Smart,https://www.rugbyleagueproject.org/matches/14486
2008|Rd 2|St. George Illawarra Dragons|Gold Coast Titans,2008,Rd 2,2,8,16,2008-03-24,St. George Illawarra Dragons,Gold Coast Titans,30,12,WIN,https://www.rugbyleagueproject.org/matches/14488
2008|Rd 3|Brisbane Broncos|NQ Cowboys,2008,Rd 3,3,1,17,2008-03-28,Brisbane Broncos,NQ Cowboys,36,2,Suncorp,https://www.rugbyleagueproject.org/matches/14489
2008|Rd 3|Parramatta Eels|Newcastle Knights,2008,Rd 3,3,2,18,2008-03-28,Parramatta Eels,Newcastle Knights,24,23,Parramatta,https://www.rugbyleagueproject.org/matches/14490
2008|Rd 3|Canberra Raiders|St. George Illawarra Dragons,2008,Rd 3,3,3,19,2008-03-29,Canberra Raiders,St. George Illawarra Dragons,21,14,Canberra Stadium,https://www.rugbyleagueproject.org/matches/14492
2008|Rd 3|Gold Coast Titans|Cronulla Sharks,2008,Rd 3,3,4,20,2008-03-29,Gold Coast Titans,Cronulla Sharks,18,4,Skilled Park,https://www.rugbyleagueproject.org/matches/14493
2008|Rd 3|Sydney Roosters|Melbourne Storm,2008,Rd 3,3,5,21,2008-03-29,Sydney Roosters,Melbourne Storm,10,6,SFS,https://www.rugbyleagueproject.org/matches/14491
2008|Rd 3|Canterbury Bulldogs|Wests Tigers,2008,Rd 3,3,6,22,2008-03-30,Canterbury Bulldogs,Wests Tigers,32,12,ANZ,https://www.rugbyleagueproject.org/matches/14495
2008|Rd 3|Penrith Panthers|South Sydney Rabbitohs,2008,Rd 3,3,7,23,2008-03-30,Penrith Panthers,South Sydney Rabbitohs,26,22,CUA Stadium,https://www.rugbyleagueproject.org/matches/14494
2008|Rd 3|Manly Sea Eagles|New Zealand Warriors,2008,Rd 3,3,8,24,2008-03-31,Manly Sea Eagles,New Zealand Warriors,52,6,Brookvale,https://www.rugbyleagueproject.org/matches/14496
2008|Rd 4|Canterbury Bulldogs|Sydney Roosters,2008,Rd 4,4,1,25,2008-04-04,Canterbury Bulldogs,Sydney Roosters,12,40,ANZ,https://www.rugbyleagueproject.org/matches/14498
2008|Rd 4|Melbourne Storm|Brisbane Broncos,2008,Rd 4,4,2,26,2008-04-04,Melbourne Storm,Brisbane Broncos,28,8,Olympic Park,https://www.rugbyleagueproject.org/matches/14497
2008|Rd 4|Gold Coast Titans|Canberra Raiders,2008,Rd 4,4,3,27,2008-04-05,Gold Coast Titans,Canberra Raiders,32,12,Skilled Park,https://www.rugbyleagueproject.org/matches/14500
2008|Rd 4|NQ Cowboys|Parramatta Eels,2008,Rd 4,4,4,28,2008-04-05,NQ Cowboys,Parramatta Eels,38,14,Dairy Farmers,https://www.rugbyleagueproject.org/matches/14501
2008|Rd 4|St. George Illawarra Dragons|Cronulla Sharks,2008,Rd 4,4,5,29,2008-04-05,St. George Illawarra Dragons,Cronulla Sharks,16,18,ANZ,https://www.rugbyleagueproject.org/matches/14499
2008|Rd 4|Manly Sea Eagles|South Sydney Rabbitohs,2008,Rd 4,4,6,30,2008-04-06,Manly Sea Eagles,South Sydney Rabbitohs,20,2,Brookvale,https://www.rugbyleagueproject.org/matches/14502
2008|Rd 4|New Zealand Warriors|Newcastle Knights,2008,Rd 4,4,7,31,2008-04-06,New Zealand Warriors,Newcastle Knights,26,20,Mt Smart,https://www.rugbyleagueproject.org/matches/14503
2008|Rd 4|Wests Tigers|Penrith Panthers,2008,Rd 4,4,8,32,2008-04-07,Wests Tigers,Penrith Panthers,8,30,Campbelltown,https://www.rugbyleagueproject.org/matches/14504
2008|Rd 5|Melbourne Storm|Manly Sea Eagles,2008,Rd 5,5,1,33,2008-04-11,Melbourne Storm,Manly Sea Eagles,26,4,Olympic Park,https://www.rugbyleagueproject.org/matches/14505
2008|Rd 5|Parramatta Eels|Gold Coast Titans,2008,Rd 5,5,2,34,2008-04-11,Parramatta Eels,Gold Coast Titans,20,28,Parramatta,https://www.rugbyleagueproject.org/matches/14506
2008|Rd 5|Penrith Panthers|Sydney Roosters,2008,Rd 5,5,3,35,2008-04-12,Penrith Panthers,Sydney Roosters,12,28,CUA Stadium,https://www.rugbyleagueproject.org/matches/14508
2008|Rd 5|St. George Illawarra Dragons|NQ Cowboys,2008,Rd 5,5,4,36,2008-04-12,St. George Illawarra Dragons,NQ Cowboys,16,20,WIN,https://www.rugbyleagueproject.org/matches/14507
2008|Rd 5|Canberra Raiders|Wests Tigers,2008,Rd 5,5,5,37,2008-04-13,Canberra Raiders,Wests Tigers,30,24,Canberra Stadium,https://www.rugbyleagueproject.org/matches/14510
2008|Rd 5|New Zealand Warriors|Canterbury Bulldogs,2008,Rd 5,5,6,38,2008-04-13,New Zealand Warriors,Canterbury Bulldogs,36,16,Mt Smart,https://www.rugbyleagueproject.org/matches/14509
2008|Rd 5|Newcastle Knights|Brisbane Broncos,2008,Rd 5,5,7,39,2008-04-13,Newcastle Knights,Brisbane Broncos,22,34,EnergyAustralia,https://www.rugbyleagueproject.org/matches/14511
2008|Rd 5|South Sydney Rabbitohs|Cronulla Sharks,2008,Rd 5,5,8,40,2008-04-14,South Sydney Rabbitohs,Cronulla Sharks,10,12,ANZ,https://www.rugbyleagueproject.org/matches/14512
2008|Rd 6|Gold Coast Titans|Brisbane Broncos,2008,Rd 6,6,1,41,2008-04-18,Gold Coast Titans,Brisbane Broncos,26,24,Skilled Park,https://www.rugbyleagueproject.org/matches/14513
2008|Rd 6|Parramatta Eels|Manly Sea Eagles,2008,Rd 6,6,2,42,2008-04-18,Parramatta Eels,Manly Sea Eagles,16,20,Parramatta,https://www.rugbyleagueproject.org/matches/14514
2008|Rd 6|Canterbury Bulldogs|St. George Illawarra Dragons,2008,Rd 6,6,3,43,2008-04-19,Canterbury Bulldogs,St. George Illawarra Dragons,30,18,ANZ,https://www.rugbyleagueproject.org/matches/14515
2008|Rd 6|Cronulla Sharks|Penrith Panthers,2008,Rd 6,6,4,44,2008-04-19,Cronulla Sharks,Penrith Panthers,20,21,Toyota,https://www.rugbyleagueproject.org/matches/14517
2008|Rd 6|NQ Cowboys|New Zealand Warriors,2008,Rd 6,6,5,45,2008-04-19,NQ Cowboys,New Zealand Warriors,48,20,Dairy Farmers,https://www.rugbyleagueproject.org/matches/14516
2008|Rd 6|Sydney Roosters|Newcastle Knights,2008,Rd 6,6,6,46,2008-04-20,Sydney Roosters,Newcastle Knights,20,34,Bluetongue,https://www.rugbyleagueproject.org/matches/14518
2008|Rd 6|Wests Tigers|South Sydney Rabbitohs,2008,Rd 6,6,7,47,2008-04-20,Wests Tigers,South Sydney Rabbitohs,30,10,SCG,https://www.rugbyleagueproject.org/matches/14519
2008|Rd 6|Canberra Raiders|Melbourne Storm,2008,Rd 6,6,8,48,2008-04-21,Canberra Raiders,Melbourne Storm,16,23,Canberra Stadium,https://www.rugbyleagueproject.org/matches/14520
2008|Rd 7|Brisbane Broncos|South Sydney Rabbitohs,2008,Rd 7,7,1,49,2008-04-25,Brisbane Broncos,South Sydney Rabbitohs,32,18,Suncorp,https://www.rugbyleagueproject.org/matches/14522
2008|Rd 7|St. George Illawarra Dragons|Sydney Roosters,2008,Rd 7,7,2,50,2008-04-25,St. George Illawarra Dragons,Sydney Roosters,26,6,ANZ,https://www.rugbyleagueproject.org/matches/14521
2008|Rd 7|Manly Sea Eagles|Canterbury Bulldogs,2008,Rd 7,7,3,51,2008-04-26,Manly Sea Eagles,Canterbury Bulldogs,30,22,Brookvale,https://www.rugbyleagueproject.org/matches/14523
2008|Rd 7|NQ Cowboys|Melbourne Storm,2008,Rd 7,7,4,52,2008-04-26,NQ Cowboys,Melbourne Storm,10,12,Dairy Farmers,https://www.rugbyleagueproject.org/matches/14524
2008|Rd 7|Cronulla Sharks|Wests Tigers,2008,Rd 7,7,5,53,2008-04-27,Cronulla Sharks,Wests Tigers,16,20,Toyota,https://www.rugbyleagueproject.org/matches/14526
2008|Rd 7|Gold Coast Titans|New Zealand Warriors,2008,Rd 7,7,6,54,2008-04-27,Gold Coast Titans,New Zealand Warriors,36,24,Skilled Park,https://www.rugbyleagueproject.org/matches/14525
2008|Rd 8|Newcastle Knights|Gold Coast Titans,2008,Rd 8,8,1,55,2008-05-03,Newcastle Knights,Gold Coast Titans,13,12,EnergyAustralia,https://www.rugbyleagueproject.org/matches/14527
2008|Rd 8|Penrith Panthers|Parramatta Eels,2008,Rd 8,8,2,56,2008-05-03,Penrith Panthers,Parramatta Eels,18,26,CUA Stadium,https://www.rugbyleagueproject.org/matches/14528
2008|Rd 8|Wests Tigers|Brisbane Broncos,2008,Rd 8,8,3,57,2008-05-03,Wests Tigers,Brisbane Broncos,22,34,ANZ,https://www.rugbyleagueproject.org/matches/14529
2008|Rd 8|New Zealand Warriors|Canberra Raiders,2008,Rd 8,8,4,58,2008-05-04,New Zealand Warriors,Canberra Raiders,14,6,Mt Smart,https://www.rugbyleagueproject.org/matches/14531
2008|Rd 8|South Sydney Rabbitohs|NQ Cowboys,2008,Rd 8,8,5,59,2008-05-04,South Sydney Rabbitohs,NQ Cowboys,28,24,ANZ,https://www.rugbyleagueproject.org/matches/14530
2008|Rd 9|Canterbury Bulldogs|Penrith Panthers,2008,Rd 9,9,1,60,2008-05-10,Canterbury Bulldogs,Penrith Panthers,4,30,ANZ,https://www.rugbyleagueproject.org/matches/14533
2008|Rd 9|NQ Cowboys|Cronulla Sharks,2008,Rd 9,9,2,61,2008-05-10,NQ Cowboys,Cronulla Sharks,18,24,Dairy Farmers,https://www.rugbyleagueproject.org/matches/14534
2008|Rd 9|Sydney Roosters|Canberra Raiders,2008,Rd 9,9,3,62,2008-05-10,Sydney Roosters,Canberra Raiders,30,4,SFS,https://www.rugbyleagueproject.org/matches/14532
2008|Rd 9|Brisbane Broncos|Manly Sea Eagles,2008,Rd 9,9,4,63,2008-05-11,Brisbane Broncos,Manly Sea Eagles,12,30,Suncorp,https://www.rugbyleagueproject.org/matches/14535
2008|Rd 9|Parramatta Eels|St. George Illawarra Dragons,2008,Rd 9,9,5,64,2008-05-11,Parramatta Eels,St. George Illawarra Dragons,19,18,ANZ,https://www.rugbyleagueproject.org/matches/14536
2008|Rd 9|Melbourne Storm|Newcastle Knights,2008,Rd 9,9,6,65,2008-05-12,Melbourne Storm,Newcastle Knights,18,4,Olympic Park,https://www.rugbyleagueproject.org/matches/14537
2008|Rd 10|Gold Coast Titans|Canterbury Bulldogs,2008,Rd 10,10,1,66,2008-05-16,Gold Coast Titans,Canterbury Bulldogs,24,20,Skilled Park,https://www.rugbyleagueproject.org/matches/14539
2008|Rd 10|Parramatta Eels|Sydney Roosters,2008,Rd 10,10,2,67,2008-05-16,Parramatta Eels,Sydney Roosters,12,32,Parramatta,https://www.rugbyleagueproject.org/matches/14538
2008|Rd 10|Cronulla Sharks|Brisbane Broncos,2008,Rd 10,10,3,68,2008-05-17,Cronulla Sharks,Brisbane Broncos,13,6,Toyota,https://www.rugbyleagueproject.org/matches/14540
2008|Rd 10|Manly Sea Eagles|NQ Cowboys,2008,Rd 10,10,4,69,2008-05-17,Manly Sea Eagles,NQ Cowboys,38,6,Bluetongue,https://www.rugbyleagueproject.org/matches/14542
2008|Rd 10|St. George Illawarra Dragons|Melbourne Storm,2008,Rd 10,10,5,70,2008-05-17,St. George Illawarra Dragons,Melbourne Storm,36,12,ANZ,https://www.rugbyleagueproject.org/matches/14541
2008|Rd 10|Newcastle Knights|Wests Tigers,2008,Rd 10,10,6,71,2008-05-18,Newcastle Knights,Wests Tigers,26,38,EnergyAustralia,https://www.rugbyleagueproject.org/matches/14544
2008|Rd 10|Penrith Panthers|New Zealand Warriors,2008,Rd 10,10,7,72,2008-05-18,Penrith Panthers,New Zealand Warriors,46,22,CUA Stadium,https://www.rugbyleagueproject.org/matches/14543
2008|Rd 10|Canberra Raiders|South Sydney Rabbitohs,2008,Rd 10,10,8,73,2008-05-19,Canberra Raiders,South Sydney Rabbitohs,38,10,Canberra Stadium,https://www.rugbyleagueproject.org/matches/14545
2008|Rd 11|Manly Sea Eagles|St. George Illawarra Dragons,2008,Rd 11,11,1,74,2008-05-23,Manly Sea Eagles,St. George Illawarra Dragons,18,20,Brookvale,https://www.rugbyleagueproject.org/matches/14557
2008|Rd 11|South Sydney Rabbitohs|Melbourne Storm,2008,Rd 11,11,2,75,2008-05-24,South Sydney Rabbitohs,Melbourne Storm,10,15,Bluetongue,https://www.rugbyleagueproject.org/matches/14558
2008|Rd 11|New Zealand Warriors|Sydney Roosters,2008,Rd 11,11,3,76,2008-05-25,New Zealand Warriors,Sydney Roosters,12,38,Mt Smart,https://www.rugbyleagueproject.org/matches/14559
2008|Rd 11|Wests Tigers|Gold Coast Titans,2008,Rd 11,11,4,77,2008-05-25,Wests Tigers,Gold Coast Titans,20,18,Leichhardt,https://www.rugbyleagueproject.org/matches/14560
2008|Rd 11|Canterbury Bulldogs|Cronulla Sharks,2008,Rd 11,11,5,78,2008-05-26,Canterbury Bulldogs,Cronulla Sharks,30,22,ANZ,https://www.rugbyleagueproject.org/matches/14561
2008|Rd 12|Brisbane Broncos|Parramatta Eels,2008,Rd 12,12,1,79,2008-05-30,Brisbane Broncos,Parramatta Eels,30,26,Suncorp,https://www.rugbyleagueproject.org/matches/14562
2008|Rd 12|Canberra Raiders|Manly Sea Eagles,2008,Rd 12,12,2,80,2008-05-30,Canberra Raiders,Manly Sea Eagles,18,31,Canberra Stadium,https://www.rugbyleagueproject.org/matches/14563
2008|Rd 12|Melbourne Storm|Canterbury Bulldogs,2008,Rd 12,12,3,81,2008-05-31,Melbourne Storm,Canterbury Bulldogs,46,0,Olympic Park,https://www.rugbyleagueproject.org/matches/14564
2008|Rd 12|NQ Cowboys|Penrith Panthers,2008,Rd 12,12,4,82,2008-05-31,NQ Cowboys,Penrith Panthers,18,19,Dairy Farmers,https://www.rugbyleagueproject.org/matches/14566
2008|Rd 12|Newcastle Knights|New Zealand Warriors,2008,Rd 12,12,5,83,2008-05-31,Newcastle Knights,New Zealand Warriors,16,18,EnergyAustralia,https://www.rugbyleagueproject.org/matches/14565
2008|Rd 12|Cronulla Sharks|Gold Coast Titans,2008,Rd 12,12,6,84,2008-06-01,Cronulla Sharks,Gold Coast Titans,30,14,Toyota,https://www.rugbyleagueproject.org/matches/14568
2008|Rd 12|South Sydney Rabbitohs|St. George Illawarra Dragons,2008,Rd 12,12,7,85,2008-06-01,South Sydney Rabbitohs,St. George Illawarra Dragons,12,26,ANZ,https://www.rugbyleagueproject.org/matches/14567
2008|Rd 12|Sydney Roosters|Wests Tigers,2008,Rd 12,12,8,86,2008-06-02,Sydney Roosters,Wests Tigers,19,10,SFS,https://www.rugbyleagueproject.org/matches/14569
2008|Rd 13|New Zealand Warriors|South Sydney Rabbitohs,2008,Rd 13,13,1,87,2008-06-06,New Zealand Warriors,South Sydney Rabbitohs,28,35,Mt Smart,https://www.rugbyleagueproject.org/matches/14571
2008|Rd 13|St. George Illawarra Dragons|Brisbane Broncos,2008,Rd 13,13,2,88,2008-06-06,St. George Illawarra Dragons,Brisbane Broncos,28,10,WIN,https://www.rugbyleagueproject.org/matches/14570
2008|Rd 13|Canterbury Bulldogs|Newcastle Knights,2008,Rd 13,13,3,89,2008-06-07,Canterbury Bulldogs,Newcastle Knights,12,22,ANZ,https://www.rugbyleagueproject.org/matches/14572
2008|Rd 13|Parramatta Eels|Canberra Raiders,2008,Rd 13,13,4,90,2008-06-07,Parramatta Eels,Canberra Raiders,30,12,Parramatta,https://www.rugbyleagueproject.org/matches/14573
2008|Rd 13|Wests Tigers|NQ Cowboys,2008,Rd 13,13,5,91,2008-06-07,Wests Tigers,NQ Cowboys,40,16,Campbelltown,https://www.rugbyleagueproject.org/matches/14574
2008|Rd 13|Manly Sea Eagles|Sydney Roosters,2008,Rd 13,13,6,92,2008-06-08,Manly Sea Eagles,Sydney Roosters,42,0,Brookvale,https://www.rugbyleagueproject.org/matches/14576
2008|Rd 13|Penrith Panthers|Cronulla Sharks,2008,Rd 13,13,7,93,2008-06-08,Penrith Panthers,Cronulla Sharks,22,24,CUA Stadium,https://www.rugbyleagueproject.org/matches/14575
2008|Rd 13|Gold Coast Titans|Melbourne Storm,2008,Rd 13,13,8,94,2008-06-09,Gold Coast Titans,Melbourne Storm,18,0,Skilled Park,https://www.rugbyleagueproject.org/matches/14577
2008|Rd 14|Sydney Roosters|Penrith Panthers,2008,Rd 14,14,1,95,2008-06-13,Sydney Roosters,Penrith Panthers,32,12,SFS,https://www.rugbyleagueproject.org/matches/14581
2008|Rd 14|Cronulla Sharks|New Zealand Warriors,2008,Rd 14,14,2,96,2008-06-14,Cronulla Sharks,New Zealand Warriors,24,8,Toyota,https://www.rugbyleagueproject.org/matches/14582
2008|Rd 14|Canberra Raiders|Brisbane Broncos,2008,Rd 14,14,3,97,2008-06-15,Canberra Raiders,Brisbane Broncos,34,16,Canberra Stadium,https://www.rugbyleagueproject.org/matches/14584
2008|Rd 14|Wests Tigers|Parramatta Eels,2008,Rd 14,14,4,98,2008-06-15,Wests Tigers,Parramatta Eels,6,44,ANZ,https://www.rugbyleagueproject.org/matches/14583
2008|Rd 14|NQ Cowboys|Newcastle Knights,2008,Rd 14,14,5,99,2008-06-16,NQ Cowboys,Newcastle Knights,18,30,Dairy Farmers,https://www.rugbyleagueproject.org/matches/14585
2008|Rd 15|Brisbane Broncos|Wests Tigers,2008,Rd 15,15,1,100,2008-06-20,Brisbane Broncos,Wests Tigers,19,18,Suncorp,https://www.rugbyleagueproject.org/matches/14586
2008|Rd 15|St. George Illawarra Dragons|Penrith Panthers,2008,Rd 15,15,2,101,2008-06-20,St. George Illawarra Dragons,Penrith Panthers,13,12,ANZ,https://www.rugbyleagueproject.org/matches/14587
2008|Rd 15|Canterbury Bulldogs|Canberra Raiders,2008,Rd 15,15,3,102,2008-06-21,Canterbury Bulldogs,Canberra Raiders,18,58,ANZ,https://www.rugbyleagueproject.org/matches/14589
2008|Rd 15|Melbourne Storm|NQ Cowboys,2008,Rd 15,15,4,103,2008-06-21,Melbourne Storm,NQ Cowboys,48,20,Olympic Park,https://www.rugbyleagueproject.org/matches/14588
2008|Rd 15|Cronulla Sharks|Parramatta Eels,2008,Rd 15,15,5,104,2008-06-22,Cronulla Sharks,Parramatta Eels,16,14,Toyota,https://www.rugbyleagueproject.org/matches/14591
2008|Rd 15|New Zealand Warriors|Manly Sea Eagles,2008,Rd 15,15,6,105,2008-06-22,New Zealand Warriors,Manly Sea Eagles,14,20,Mt Smart,https://www.rugbyleagueproject.org/matches/14590
2008|Rd 15|Newcastle Knights|Sydney Roosters,2008,Rd 15,15,7,106,2008-06-22,Newcastle Knights,Sydney Roosters,14,16,EnergyAustralia,https://www.rugbyleagueproject.org/matches/14592
2008|Rd 15|South Sydney Rabbitohs|Gold Coast Titans,2008,Rd 15,15,8,107,2008-06-23,South Sydney Rabbitohs,Gold Coast Titans,24,23,ANZ,https://www.rugbyleagueproject.org/matches/14593
2008|Rd 16|Penrith Panthers|Brisbane Broncos,2008,Rd 16,16,1,108,2008-06-27,Penrith Panthers,Brisbane Broncos,12,12,CUA Stadium,https://www.rugbyleagueproject.org/matches/14594
2008|Rd 16|Sydney Roosters|Canterbury Bulldogs,2008,Rd 16,16,2,109,2008-06-27,Sydney Roosters,Canterbury Bulldogs,24,14,SFS,https://www.rugbyleagueproject.org/matches/14595
2008|Rd 16|Gold Coast Titans|St. George Illawarra Dragons,2008,Rd 16,16,3,110,2008-06-28,Gold Coast Titans,St. George Illawarra Dragons,22,26,Skilled Park,https://www.rugbyleagueproject.org/matches/14598
2008|Rd 16|Manly Sea Eagles|Newcastle Knights,2008,Rd 16,16,4,111,2008-06-28,Manly Sea Eagles,Newcastle Knights,28,12,Bluetongue,https://www.rugbyleagueproject.org/matches/14596
2008|Rd 16|NQ Cowboys|South Sydney Rabbitohs,2008,Rd 16,16,5,112,2008-06-28,NQ Cowboys,South Sydney Rabbitohs,28,29,Dairy Farmers,https://www.rugbyleagueproject.org/matches/14597
2008|Rd 16|Parramatta Eels|Melbourne Storm,2008,Rd 16,16,6,113,2008-06-29,Parramatta Eels,Melbourne Storm,24,22,Parramatta,https://www.rugbyleagueproject.org/matches/14599
2008|Rd 16|Wests Tigers|New Zealand Warriors,2008,Rd 16,16,7,114,2008-06-29,Wests Tigers,New Zealand Warriors,26,28,Leichhardt,https://www.rugbyleagueproject.org/matches/14600
2008|Rd 16|Canberra Raiders|Cronulla Sharks,2008,Rd 16,16,8,115,2008-06-30,Canberra Raiders,Cronulla Sharks,24,36,Canberra Stadium,https://www.rugbyleagueproject.org/matches/14601
2008|Rd 17|Gold Coast Titans|Manly Sea Eagles,2008,Rd 17,17,1,116,2008-07-04,Gold Coast Titans,Manly Sea Eagles,14,34,Skilled Park,https://www.rugbyleagueproject.org/matches/14602
2008|Rd 17|Newcastle Knights|St. George Illawarra Dragons,2008,Rd 17,17,2,117,2008-07-05,Newcastle Knights,St. George Illawarra Dragons,16,24,EnergyAustralia,https://www.rugbyleagueproject.org/matches/14603
2008|Rd 17|Melbourne Storm|Canberra Raiders,2008,Rd 17,17,3,118,2008-07-06,Melbourne Storm,Canberra Raiders,30,14,Olympic Park,https://www.rugbyleagueproject.org/matches/14605
2008|Rd 17|Parramatta Eels|Penrith Panthers,2008,Rd 17,17,4,119,2008-07-06,Parramatta Eels,Penrith Panthers,16,22,Parramatta,https://www.rugbyleagueproject.org/matches/14604
2008|Rd 17|Canterbury Bulldogs|South Sydney Rabbitohs,2008,Rd 17,17,5,120,2008-07-07,Canterbury Bulldogs,South Sydney Rabbitohs,30,34,ANZ,https://www.rugbyleagueproject.org/matches/14606
2008|Rd 18|Penrith Panthers|Newcastle Knights,2008,Rd 18,18,1,121,2008-07-11,Penrith Panthers,Newcastle Knights,18,30,CUA Stadium,https://www.rugbyleagueproject.org/matches/14608
2008|Rd 18|Sydney Roosters|Gold Coast Titans,2008,Rd 18,18,2,122,2008-07-11,Sydney Roosters,Gold Coast Titans,28,32,SFS,https://www.rugbyleagueproject.org/matches/14607
2008|Rd 18|Cronulla Sharks|Manly Sea Eagles,2008,Rd 18,18,3,123,2008-07-12,Cronulla Sharks,Manly Sea Eagles,6,34,Toyota,https://www.rugbyleagueproject.org/matches/14610
2008|Rd 18|New Zealand Warriors|NQ Cowboys,2008,Rd 18,18,4,124,2008-07-12,New Zealand Warriors,NQ Cowboys,24,14,Mt Smart,https://www.rugbyleagueproject.org/matches/14609
2008|Rd 18|South Sydney Rabbitohs|Parramatta Eels,2008,Rd 18,18,5,125,2008-07-12,South Sydney Rabbitohs,Parramatta Eels,32,20,ANZ,https://www.rugbyleagueproject.org/matches/14611
2008|Rd 18|Brisbane Broncos|Canterbury Bulldogs,2008,Rd 18,18,6,126,2008-07-13,Brisbane Broncos,Canterbury Bulldogs,18,26,Suncorp,https://www.rugbyleagueproject.org/matches/14612
2008|Rd 18|St. George Illawarra Dragons|Canberra Raiders,2008,Rd 18,18,7,127,2008-07-13,St. George Illawarra Dragons,Canberra Raiders,12,19,WIN,https://www.rugbyleagueproject.org/matches/14613
2008|Rd 18|Wests Tigers|Melbourne Storm,2008,Rd 18,18,8,128,2008-07-14,Wests Tigers,Melbourne Storm,18,30,Campbelltown,https://www.rugbyleagueproject.org/matches/14614
2008|Rd 19|Manly Sea Eagles|Parramatta Eels,2008,Rd 19,19,1,129,2008-07-18,Manly Sea Eagles,Parramatta Eels,28,10,Brookvale,https://www.rugbyleagueproject.org/matches/14615
2008|Rd 19|NQ Cowboys|Brisbane Broncos,2008,Rd 19,19,2,130,2008-07-18,NQ Cowboys,Brisbane Broncos,18,32,Dairy Farmers,https://www.rugbyleagueproject.org/matches/14616
2008|Rd 19|Canterbury Bulldogs|New Zealand Warriors,2008,Rd 19,19,3,131,2008-07-19,Canterbury Bulldogs,New Zealand Warriors,22,40,ANZ,https://www.rugbyleagueproject.org/matches/14619
2008|Rd 19|Cronulla Sharks|Newcastle Knights,2008,Rd 19,19,4,132,2008-07-19,Cronulla Sharks,Newcastle Knights,16,13,Toyota,https://www.rugbyleagueproject.org/matches/14617
2008|Rd 19|Gold Coast Titans|Penrith Panthers,2008,Rd 19,19,5,133,2008-07-19,Gold Coast Titans,Penrith Panthers,22,36,Skilled Park,https://www.rugbyleagueproject.org/matches/14618
2008|Rd 19|Canberra Raiders|Sydney Roosters,2008,Rd 19,19,6,134,2008-07-20,Canberra Raiders,Sydney Roosters,34,12,Canberra Stadium,https://www.rugbyleagueproject.org/matches/14621
2008|Rd 19|South Sydney Rabbitohs|Wests Tigers,2008,Rd 19,19,7,135,2008-07-20,South Sydney Rabbitohs,Wests Tigers,12,36,ANZ,https://www.rugbyleagueproject.org/matches/14620
2008|Rd 19|Melbourne Storm|St. George Illawarra Dragons,2008,Rd 19,19,8,136,2008-07-21,Melbourne Storm,St. George Illawarra Dragons,26,0,Olympic Park,https://www.rugbyleagueproject.org/matches/14622
2008|Rd 20|Brisbane Broncos|Cronulla Sharks,2008,Rd 20,20,1,137,2008-07-25,Brisbane Broncos,Cronulla Sharks,18,12,Suncorp,https://www.rugbyleagueproject.org/matches/14623
2008|Rd 20|Parramatta Eels|NQ Cowboys,2008,Rd 20,20,2,138,2008-07-25,Parramatta Eels,NQ Cowboys,16,4,Parramatta,https://www.rugbyleagueproject.org/matches/14624
2008|Rd 20|Canberra Raiders|Gold Coast Titans,2008,Rd 20,20,3,139,2008-07-26,Canberra Raiders,Gold Coast Titans,46,4,Canberra Stadium,https://www.rugbyleagueproject.org/matches/14626
2008|Rd 20|Penrith Panthers|Wests Tigers,2008,Rd 20,20,4,140,2008-07-26,Penrith Panthers,Wests Tigers,24,10,CUA Stadium,https://www.rugbyleagueproject.org/matches/14625
2008|Rd 20|New Zealand Warriors|Melbourne Storm,2008,Rd 20,20,5,141,2008-07-27,New Zealand Warriors,Melbourne Storm,8,6,Mt Smart,https://www.rugbyleagueproject.org/matches/14628
2008|Rd 20|Newcastle Knights|South Sydney Rabbitohs,2008,Rd 20,20,6,142,2008-07-27,Newcastle Knights,South Sydney Rabbitohs,39,12,EnergyAustralia,https://www.rugbyleagueproject.org/matches/14627
2008|Rd 20|Sydney Roosters|Manly Sea Eagles,2008,Rd 20,20,7,143,2008-07-27,Sydney Roosters,Manly Sea Eagles,34,12,SFS,https://www.rugbyleagueproject.org/matches/14629
2008|Rd 20|St. George Illawarra Dragons|Canterbury Bulldogs,2008,Rd 20,20,8,144,2008-07-28,St. George Illawarra Dragons,Canterbury Bulldogs,30,0,ANZ,https://www.rugbyleagueproject.org/matches/14630
2008|Rd 21|Manly Sea Eagles|Penrith Panthers,2008,Rd 21,21,1,145,2008-08-01,Manly Sea Eagles,Penrith Panthers,30,10,Brookvale,https://www.rugbyleagueproject.org/matches/14631
2008|Rd 21|Melbourne Storm|Gold Coast Titans,2008,Rd 21,21,2,146,2008-08-01,Melbourne Storm,Gold Coast Titans,44,4,Olympic Park,https://www.rugbyleagueproject.org/matches/14632
2008|Rd 21|Cronulla Sharks|St. George Illawarra Dragons,2008,Rd 21,21,3,147,2008-08-02,Cronulla Sharks,St. George Illawarra Dragons,13,12,Toyota,https://www.rugbyleagueproject.org/matches/14633
2008|Rd 21|NQ Cowboys|Sydney Roosters,2008,Rd 21,21,4,148,2008-08-02,NQ Cowboys,Sydney Roosters,20,32,Dairy Farmers,https://www.rugbyleagueproject.org/matches/14635
2008|Rd 21|South Sydney Rabbitohs|New Zealand Warriors,2008,Rd 21,21,5,149,2008-08-02,South Sydney Rabbitohs,New Zealand Warriors,18,16,ANZ,https://www.rugbyleagueproject.org/matches/14634
2008|Rd 21|Brisbane Broncos|Canberra Raiders,2008,Rd 21,21,6,150,2008-08-03,Brisbane Broncos,Canberra Raiders,34,6,Suncorp,https://www.rugbyleagueproject.org/matches/14636
2008|Rd 21|Wests Tigers|Canterbury Bulldogs,2008,Rd 21,21,7,151,2008-08-03,Wests Tigers,Canterbury Bulldogs,56,4,ANZ,https://www.rugbyleagueproject.org/matches/14637
2008|Rd 21|Newcastle Knights|Parramatta Eels,2008,Rd 21,21,8,152,2008-08-04,Newcastle Knights,Parramatta Eels,32,12,EnergyAustralia,https://www.rugbyleagueproject.org/matches/14638
2008|Rd 22|Manly Sea Eagles|Melbourne Storm,2008,Rd 22,22,1,153,2008-08-08,Manly Sea Eagles,Melbourne Storm,10,16,Brookvale,https://www.rugbyleagueproject.org/matches/14639
2008|Rd 22|St. George Illawarra Dragons|Wests Tigers,2008,Rd 22,22,2,154,2008-08-08,St. George Illawarra Dragons,Wests Tigers,10,18,WIN,https://www.rugbyleagueproject.org/matches/14640
2008|Rd 22|Canterbury Bulldogs|NQ Cowboys,2008,Rd 22,22,3,155,2008-08-09,Canterbury Bulldogs,NQ Cowboys,12,36,Suncorp,https://www.rugbyleagueproject.org/matches/14642
2008|Rd 22|Cronulla Sharks|South Sydney Rabbitohs,2008,Rd 22,22,4,156,2008-08-09,Cronulla Sharks,South Sydney Rabbitohs,28,14,Toyota,https://www.rugbyleagueproject.org/matches/14643
2008|Rd 22|New Zealand Warriors|Brisbane Broncos,2008,Rd 22,22,5,157,2008-08-09,New Zealand Warriors,Brisbane Broncos,16,12,Mt Smart,https://www.rugbyleagueproject.org/matches/14641
2008|Rd 22|Canberra Raiders|Penrith Panthers,2008,Rd 22,22,6,158,2008-08-10,Canberra Raiders,Penrith Panthers,74,12,Canberra Stadium,https://www.rugbyleagueproject.org/matches/14644
2008|Rd 22|Sydney Roosters|Parramatta Eels,2008,Rd 22,22,7,159,2008-08-10,Sydney Roosters,Parramatta Eels,24,28,SFS,https://www.rugbyleagueproject.org/matches/14645
2008|Rd 22|Gold Coast Titans|Newcastle Knights,2008,Rd 22,22,8,160,2008-08-11,Gold Coast Titans,Newcastle Knights,12,32,Skilled Park,https://www.rugbyleagueproject.org/matches/14646
2008|Rd 23|Brisbane Broncos|St. George Illawarra Dragons,2008,Rd 23,23,1,161,2008-08-15,Brisbane Broncos,St. George Illawarra Dragons,20,24,Suncorp,https://www.rugbyleagueproject.org/matches/14647
2008|Rd 23|Melbourne Storm|Sydney Roosters,2008,Rd 23,23,2,162,2008-08-15,Melbourne Storm,Sydney Roosters,30,6,Olympic Park,https://www.rugbyleagueproject.org/matches/14648
2008|Rd 23|NQ Cowboys|Gold Coast Titans,2008,Rd 23,23,3,163,2008-08-16,NQ Cowboys,Gold Coast Titans,20,26,Dairy Farmers,https://www.rugbyleagueproject.org/matches/14649
2008|Rd 23|New Zealand Warriors|Cronulla Sharks,2008,Rd 23,23,4,164,2008-08-16,New Zealand Warriors,Cronulla Sharks,18,4,Mt Smart,https://www.rugbyleagueproject.org/matches/14650
2008|Rd 23|Penrith Panthers|Canterbury Bulldogs,2008,Rd 23,23,5,165,2008-08-16,Penrith Panthers,Canterbury Bulldogs,52,16,CUA Stadium,https://www.rugbyleagueproject.org/matches/14651
2008|Rd 23|Canberra Raiders|Newcastle Knights,2008,Rd 23,23,6,166,2008-08-17,Canberra Raiders,Newcastle Knights,38,18,Canberra Stadium,https://www.rugbyleagueproject.org/matches/14652
2008|Rd 23|South Sydney Rabbitohs|Manly Sea Eagles,2008,Rd 23,23,7,167,2008-08-17,South Sydney Rabbitohs,Manly Sea Eagles,40,32,ANZ,https://www.rugbyleagueproject.org/matches/14653
2008|Rd 23|Parramatta Eels|Wests Tigers,2008,Rd 23,23,8,168,2008-08-18,Parramatta Eels,Wests Tigers,40,12,Parramatta,https://www.rugbyleagueproject.org/matches/14654
2008|Rd 24|Brisbane Broncos|Gold Coast Titans,2008,Rd 24,24,1,169,2008-08-22,Brisbane Broncos,Gold Coast Titans,25,21,Suncorp,https://www.rugbyleagueproject.org/matches/14655
2008|Rd 24|Cronulla Sharks|Sydney Roosters,2008,Rd 24,24,2,170,2008-08-22,Cronulla Sharks,Sydney Roosters,20,0,Toyota,https://www.rugbyleagueproject.org/matches/14656
2008|Rd 24|Canterbury Bulldogs|Parramatta Eels,2008,Rd 24,24,3,171,2008-08-23,Canterbury Bulldogs,Parramatta Eels,12,26,ANZ,https://www.rugbyleagueproject.org/matches/14658
2008|Rd 24|Newcastle Knights|NQ Cowboys,2008,Rd 24,24,4,172,2008-08-23,Newcastle Knights,NQ Cowboys,38,24,EnergyAustralia,https://www.rugbyleagueproject.org/matches/14657
2008|Rd 24|Wests Tigers|Manly Sea Eagles,2008,Rd 24,24,5,173,2008-08-23,Wests Tigers,Manly Sea Eagles,16,48,ANZ,https://www.rugbyleagueproject.org/matches/14659
2008|Rd 24|South Sydney Rabbitohs|Canberra Raiders,2008,Rd 24,24,6,174,2008-08-24,South Sydney Rabbitohs,Canberra Raiders,25,40,ANZ,https://www.rugbyleagueproject.org/matches/14661
2008|Rd 24|St. George Illawarra Dragons|New Zealand Warriors,2008,Rd 24,24,7,175,2008-08-24,St. George Illawarra Dragons,New Zealand Warriors,34,6,WIN,https://www.rugbyleagueproject.org/matches/14660
2008|Rd 24|Penrith Panthers|Melbourne Storm,2008,Rd 24,24,8,176,2008-08-25,Penrith Panthers,Melbourne Storm,6,40,CUA Stadium,https://www.rugbyleagueproject.org/matches/14662
2008|Rd 25|Sydney Roosters|South Sydney Rabbitohs,2008,Rd 25,25,1,177,2008-08-29,Sydney Roosters,South Sydney Rabbitohs,22,20,SFS,https://www.rugbyleagueproject.org/matches/14663
2008|Rd 25|Wests Tigers|Cronulla Sharks,2008,Rd 25,25,2,178,2008-08-29,Wests Tigers,Cronulla Sharks,6,32,Leichhardt,https://www.rugbyleagueproject.org/matches/14664
2008|Rd 25|NQ Cowboys|Canberra Raiders,2008,Rd 25,25,3,179,2008-08-30,NQ Cowboys,Canberra Raiders,22,10,Dairy Farmers,https://www.rugbyleagueproject.org/matches/14667
2008|Rd 25|Newcastle Knights|Melbourne Storm,2008,Rd 25,25,4,180,2008-08-30,Newcastle Knights,Melbourne Storm,17,16,EnergyAustralia,https://www.rugbyleagueproject.org/matches/14665
2008|Rd 25|St. George Illawarra Dragons|Parramatta Eels,2008,Rd 25,25,5,181,2008-08-30,St. George Illawarra Dragons,Parramatta Eels,40,14,ANZ,https://www.rugbyleagueproject.org/matches/14666
2008|Rd 25|Canterbury Bulldogs|Brisbane Broncos,2008,Rd 25,25,6,182,2008-08-31,Canterbury Bulldogs,Brisbane Broncos,22,36,ANZ,https://www.rugbyleagueproject.org/matches/14669
2008|Rd 25|New Zealand Warriors|Penrith Panthers,2008,Rd 25,25,7,183,2008-08-31,New Zealand Warriors,Penrith Panthers,42,20,Mt Smart,https://www.rugbyleagueproject.org/matches/14668
2008|Rd 25|Manly Sea Eagles|Gold Coast Titans,2008,Rd 25,25,8,184,2008-09-01,Manly Sea Eagles,Gold Coast Titans,28,10,Brookvale,https://www.rugbyleagueproject.org/matches/14670
2008|Rd 26|Brisbane Broncos|Newcastle Knights,2008,Rd 26,26,1,185,2008-09-05,Brisbane Broncos,Newcastle Knights,24,2,Suncorp,https://www.rugbyleagueproject.org/matches/14671
2008|Rd 26|Sydney Roosters|St. George Illawarra Dragons,2008,Rd 26,26,2,186,2008-09-05,Sydney Roosters,St. George Illawarra Dragons,10,0,SFS,https://www.rugbyleagueproject.org/matches/14672
2008|Rd 26|Cronulla Sharks|NQ Cowboys,2008,Rd 26,26,3,187,2008-09-06,Cronulla Sharks,NQ Cowboys,28,22,Toyota,https://www.rugbyleagueproject.org/matches/14673
2008|Rd 26|Parramatta Eels|New Zealand Warriors,2008,Rd 26,26,4,188,2008-09-06,Parramatta Eels,New Zealand Warriors,6,28,Parramatta,https://www.rugbyleagueproject.org/matches/14675
2008|Rd 26|Penrith Panthers|Manly Sea Eagles,2008,Rd 26,26,5,189,2008-09-06,Penrith Panthers,Manly Sea Eagles,16,34,CUA Stadium,https://www.rugbyleagueproject.org/matches/14674
2008|Rd 26|Canberra Raiders|Canterbury Bulldogs,2008,Rd 26,26,6,190,2008-09-07,Canberra Raiders,Canterbury Bulldogs,52,34,Canberra Stadium,https://www.rugbyleagueproject.org/matches/14676
2008|Rd 26|Gold Coast Titans|Wests Tigers,2008,Rd 26,26,7,191,2008-09-07,Gold Coast Titans,Wests Tigers,12,28,Skilled Park,https://www.rugbyleagueproject.org/matches/14678
2008|Rd 26|Melbourne Storm|South Sydney Rabbitohs,2008,Rd 26,26,8,192,2008-09-07,Melbourne Storm,South Sydney Rabbitohs,42,4,Olympic Park,https://www.rugbyleagueproject.org/matches/14677
2008|Qualif Final|Sydney Roosters|Brisbane Broncos,2008,Qualif Final,27,1,193,2008-09-12,Sydney Roosters,Brisbane Broncos,16,24,SFS,https://www.rugbyleagueproject.org/matches/14679
2008|Qualif Final|Cronulla Sharks|Canberra Raiders,2008,Qualif Final,27,2,194,2008-09-13,Cronulla Sharks,Canberra Raiders,36,10,Toyota,https://www.rugbyleagueproject.org/matches/14681
2008|Qualif Final|Manly Sea Eagles|St. George Illawarra Dragons,2008,Qualif Final,27,3,195,2008-09-13,Manly Sea Eagles,St. George Illawarra Dragons,38,6,Brookvale,https://www.rugbyleagueproject.org/matches/14680
2008|Qualif Final|Melbourne Storm|New Zealand Warriors,2008,Qualif Final,27,4,196,2008-09-14,Melbourne Storm,New Zealand Warriors,15,18,Olympic Park,https://www.rugbyleagueproject.org/matches/14682
2008|Semi Final|New Zealand Warriors|Sydney Roosters,2008,Semi Final,28,1,197,2008-09-19,New Zealand Warriors,Sydney Roosters,30,13,Mt Smart,https://www.rugbyleagueproject.org/matches/14683
2008|Semi Final|Brisbane Broncos|Melbourne Storm,2008,Semi Final,28,2,198,2008-09-20,Brisbane Broncos,Melbourne Storm,14,16,Suncorp,https://www.rugbyleagueproject.org/matches/14684
2008|Prelim Final|Cronulla Sharks|Melbourne Storm,2008,Prelim Final,29,1,199,2008-09-26,Cronulla Sharks,Melbourne Storm,0,28,SFS,https://www.rugbyleagueproject.org/matches/14685
2008|Prelim Final|Manly Sea Eagles|New Zealand Warriors,2008,Prelim Final,29,2,200,2008-09-27,Manly Sea Eagles,New Zealand Warriors,32,6,SFS,https://www.rugbyleagueproject.org/matches/14686
2008|Grand Final|Manly Sea Eagles|Melbourne Storm,2008,Grand Final,30,1,201,2008-10-05,Manly Sea Eagles,Melbourne Storm,40,0,ANZ,https://www.rugbyleagueproject.org/matches/14687
2009|Rd 1|Brisbane Broncos|NQ Cowboys,2009,Rd 1,1,1,1,2009-03-13,Brisbane Broncos,NQ Cowboys,19,18,Suncorp,https://www.rugbyleagueproject.org/matches/15085
2009|Rd 1|Melbourne Storm|St. George Illawarra Dragons,2009,Rd 1,1,2,2,2009-03-13,Melbourne Storm,St. George Illawarra Dragons,17,16,Olympic Park,https://www.rugbyleagueproject.org/matches/15084
2009|Rd 1|Canterbury Bulldogs|Manly Sea Eagles,2009,Rd 1,1,3,3,2009-03-14,Canterbury Bulldogs,Manly Sea Eagles,34,12,ANZ,https://www.rugbyleagueproject.org/matches/15088
2009|Rd 1|Cronulla Sharks|Penrith Panthers,2009,Rd 1,1,4,4,2009-03-14,Cronulla Sharks,Penrith Panthers,18,10,Toyota,https://www.rugbyleagueproject.org/matches/15087
2009|Rd 1|New Zealand Warriors|Parramatta Eels,2009,Rd 1,1,5,5,2009-03-14,New Zealand Warriors,Parramatta Eels,26,18,Mt Smart,https://www.rugbyleagueproject.org/matches/15086
2009|Rd 1|Gold Coast Titans|Newcastle Knights,2009,Rd 1,1,6,6,2009-03-15,Gold Coast Titans,Newcastle Knights,34,20,Skilled Park,https://www.rugbyleagueproject.org/matches/15090
2009|Rd 1|Sydney Roosters|South Sydney Rabbitohs,2009,Rd 1,1,7,7,2009-03-15,Sydney Roosters,South Sydney Rabbitohs,12,52,SFS,https://www.rugbyleagueproject.org/matches/15091
2009|Rd 1|Wests Tigers|Canberra Raiders,2009,Rd 1,1,8,8,2009-03-16,Wests Tigers,Canberra Raiders,34,26,Campbelltown,https://www.rugbyleagueproject.org/matches/15097
2009|Rd 2|Brisbane Broncos|Melbourne Storm,2009,Rd 2,2,1,9,2009-03-20,Brisbane Broncos,Melbourne Storm,16,14,Suncorp,https://www.rugbyleagueproject.org/matches/15100
2009|Rd 2|South Sydney Rabbitohs|Parramatta Eels,2009,Rd 2,2,2,10,2009-03-20,South Sydney Rabbitohs,Parramatta Eels,8,14,ANZ,https://www.rugbyleagueproject.org/matches/15099
2009|Rd 2|NQ Cowboys|Wests Tigers,2009,Rd 2,2,3,11,2009-03-21,NQ Cowboys,Wests Tigers,42,14,Dairy Farmers,https://www.rugbyleagueproject.org/matches/15103
2009|Rd 2|Penrith Panthers|Canterbury Bulldogs,2009,Rd 2,2,4,12,2009-03-21,Penrith Panthers,Canterbury Bulldogs,26,28,CUA Stadium,https://www.rugbyleagueproject.org/matches/15102
2009|Rd 2|St. George Illawarra Dragons|Gold Coast Titans,2009,Rd 2,2,5,13,2009-03-21,St. George Illawarra Dragons,Gold Coast Titans,16,10,WIN,https://www.rugbyleagueproject.org/matches/15101
2009|Rd 2|Canberra Raiders|Sydney Roosters,2009,Rd 2,2,6,14,2009-03-22,Canberra Raiders,Sydney Roosters,4,28,Canberra Stadium,https://www.rugbyleagueproject.org/matches/15104
2009|Rd 2|Manly Sea Eagles|New Zealand Warriors,2009,Rd 2,2,7,15,2009-03-22,Manly Sea Eagles,New Zealand Warriors,24,26,Brookvale,https://www.rugbyleagueproject.org/matches/15105
2009|Rd 2|Cronulla Sharks|Newcastle Knights,2009,Rd 2,2,8,16,2009-03-23,Cronulla Sharks,Newcastle Knights,12,24,Toyota,https://www.rugbyleagueproject.org/matches/15106
2009|Rd 3|Gold Coast Titans|Canterbury Bulldogs,2009,Rd 3,3,1,17,2009-03-27,Gold Coast Titans,Canterbury Bulldogs,20,12,Skilled Park,https://www.rugbyleagueproject.org/matches/15108
2009|Rd 3|Wests Tigers|Sydney Roosters,2009,Rd 3,3,2,18,2009-03-27,Wests Tigers,Sydney Roosters,40,24,SFS,https://www.rugbyleagueproject.org/matches/15107
2009|Rd 3|NQ Cowboys|Melbourne Storm,2009,Rd 3,3,3,19,2009-03-28,NQ Cowboys,Melbourne Storm,12,26,Dairy Farmers,https://www.rugbyleagueproject.org/matches/15111
2009|Rd 3|New Zealand Warriors|Brisbane Broncos,2009,Rd 3,3,4,20,2009-03-28,New Zealand Warriors,Brisbane Broncos,10,26,Mt Smart,https://www.rugbyleagueproject.org/matches/15109
2009|Rd 3|Parramatta Eels|Canberra Raiders,2009,Rd 3,3,5,21,2009-03-28,Parramatta Eels,Canberra Raiders,18,16,Parramatta,https://www.rugbyleagueproject.org/matches/15110
2009|Rd 3|South Sydney Rabbitohs|Newcastle Knights,2009,Rd 3,3,6,22,2009-03-29,South Sydney Rabbitohs,Newcastle Knights,22,12,Bluetongue,https://www.rugbyleagueproject.org/matches/15112
2009|Rd 3|St. George Illawarra Dragons|Cronulla Sharks,2009,Rd 3,3,7,23,2009-03-29,St. George Illawarra Dragons,Cronulla Sharks,10,6,WIN Jubilee,https://www.rugbyleagueproject.org/matches/15113
2009|Rd 3|Manly Sea Eagles|Penrith Panthers,2009,Rd 3,3,8,24,2009-03-30,Manly Sea Eagles,Penrith Panthers,10,12,Brookvale,https://www.rugbyleagueproject.org/matches/15114
2009|Rd 4|Brisbane Broncos|St. George Illawarra Dragons,2009,Rd 4,4,1,25,2009-04-03,Brisbane Broncos,St. George Illawarra Dragons,12,25,Suncorp,https://www.rugbyleagueproject.org/matches/15254
2009|Rd 4|Sydney Roosters|Parramatta Eels,2009,Rd 4,4,2,26,2009-04-03,Sydney Roosters,Parramatta Eels,24,6,SFS,https://www.rugbyleagueproject.org/matches/15255
2009|Rd 4|Melbourne Storm|Gold Coast Titans,2009,Rd 4,4,3,27,2009-04-04,Melbourne Storm,Gold Coast Titans,6,18,Olympic Park,https://www.rugbyleagueproject.org/matches/15257
2009|Rd 4|Penrith Panthers|Wests Tigers,2009,Rd 4,4,4,28,2009-04-04,Penrith Panthers,Wests Tigers,42,22,CUA Stadium,https://www.rugbyleagueproject.org/matches/15256
2009|Rd 4|Canterbury Bulldogs|Cronulla Sharks,2009,Rd 4,4,5,29,2009-04-05,Canterbury Bulldogs,Cronulla Sharks,24,12,ANZ,https://www.rugbyleagueproject.org/matches/15259
2009|Rd 4|New Zealand Warriors|South Sydney Rabbitohs,2009,Rd 4,4,6,30,2009-04-05,New Zealand Warriors,South Sydney Rabbitohs,16,22,Mt Smart,https://www.rugbyleagueproject.org/matches/15258
2009|Rd 4|Newcastle Knights|Manly Sea Eagles,2009,Rd 4,4,7,31,2009-04-05,Newcastle Knights,Manly Sea Eagles,26,12,EnergyAustralia,https://www.rugbyleagueproject.org/matches/15260
2009|Rd 4|Canberra Raiders|NQ Cowboys,2009,Rd 4,4,8,32,2009-04-06,Canberra Raiders,NQ Cowboys,23,18,Canberra Stadium,https://www.rugbyleagueproject.org/matches/15261
2009|Rd 5|Parramatta Eels|St. George Illawarra Dragons,2009,Rd 5,5,1,33,2009-04-10,Parramatta Eels,St. George Illawarra Dragons,8,22,Parramatta,https://www.rugbyleagueproject.org/matches/15520
2009|Rd 5|Sydney Roosters|Brisbane Broncos,2009,Rd 5,5,2,34,2009-04-10,Sydney Roosters,Brisbane Broncos,24,28,SFS,https://www.rugbyleagueproject.org/matches/15519
2009|Rd 5|Cronulla Sharks|Canberra Raiders,2009,Rd 5,5,3,35,2009-04-11,Cronulla Sharks,Canberra Raiders,14,24,Toyota,https://www.rugbyleagueproject.org/matches/15521
2009|Rd 5|Melbourne Storm|Penrith Panthers,2009,Rd 5,5,4,36,2009-04-11,Melbourne Storm,Penrith Panthers,16,14,Olympic Park,https://www.rugbyleagueproject.org/matches/15522
2009|Rd 5|NQ Cowboys|Gold Coast Titans,2009,Rd 5,5,5,37,2009-04-11,NQ Cowboys,Gold Coast Titans,10,14,Dairy Farmers,https://www.rugbyleagueproject.org/matches/15523
2009|Rd 5|Manly Sea Eagles|Wests Tigers,2009,Rd 5,5,6,38,2009-04-12,Manly Sea Eagles,Wests Tigers,23,10,Brookvale,https://www.rugbyleagueproject.org/matches/15526
2009|Rd 5|Newcastle Knights|New Zealand Warriors,2009,Rd 5,5,7,39,2009-04-12,Newcastle Knights,New Zealand Warriors,24,22,EnergyAustralia,https://www.rugbyleagueproject.org/matches/15525
2009|Rd 5|Canterbury Bulldogs|South Sydney Rabbitohs,2009,Rd 5,5,8,40,2009-04-13,Canterbury Bulldogs,South Sydney Rabbitohs,14,12,ANZ,https://www.rugbyleagueproject.org/matches/15527
2009|Rd 6|Gold Coast Titans|Canberra Raiders,2009,Rd 6,6,1,41,2009-04-17,Gold Coast Titans,Canberra Raiders,16,10,Skilled Park,https://www.rugbyleagueproject.org/matches/15536
2009|Rd 6|Penrith Panthers|Brisbane Broncos,2009,Rd 6,6,2,42,2009-04-17,Penrith Panthers,Brisbane Broncos,18,38,CUA Stadium,https://www.rugbyleagueproject.org/matches/15535
2009|Rd 6|South Sydney Rabbitohs|Manly Sea Eagles,2009,Rd 6,6,3,43,2009-04-18,South Sydney Rabbitohs,Manly Sea Eagles,8,24,ANZ,https://www.rugbyleagueproject.org/matches/15538
2009|Rd 6|St. George Illawarra Dragons|Newcastle Knights,2009,Rd 6,6,4,44,2009-04-18,St. George Illawarra Dragons,Newcastle Knights,18,24,WIN Jubilee,https://www.rugbyleagueproject.org/matches/15537
2009|Rd 6|Cronulla Sharks|NQ Cowboys,2009,Rd 6,6,5,45,2009-04-19,Cronulla Sharks,NQ Cowboys,10,34,Hindmarsh,https://www.rugbyleagueproject.org/matches/15540
2009|Rd 6|New Zealand Warriors|Sydney Roosters,2009,Rd 6,6,6,46,2009-04-19,New Zealand Warriors,Sydney Roosters,17,16,Mt Smart,https://www.rugbyleagueproject.org/matches/15539
2009|Rd 6|Parramatta Eels|Canterbury Bulldogs,2009,Rd 6,6,7,47,2009-04-19,Parramatta Eels,Canterbury Bulldogs,18,48,ANZ,https://www.rugbyleagueproject.org/matches/15541
2009|Rd 6|Wests Tigers|Melbourne Storm,2009,Rd 6,6,8,48,2009-04-20,Wests Tigers,Melbourne Storm,16,6,Leichhardt,https://www.rugbyleagueproject.org/matches/15542
2009|Rd 7|Brisbane Broncos|Parramatta Eels,2009,Rd 7,7,1,49,2009-04-24,Brisbane Broncos,Parramatta Eels,40,8,Suncorp,https://www.rugbyleagueproject.org/matches/15683
2009|Rd 7|South Sydney Rabbitohs|Cronulla Sharks,2009,Rd 7,7,2,50,2009-04-24,South Sydney Rabbitohs,Cronulla Sharks,32,26,ANZ,https://www.rugbyleagueproject.org/matches/15684
2009|Rd 7|Melbourne Storm|New Zealand Warriors,2009,Rd 7,7,3,51,2009-04-25,Melbourne Storm,New Zealand Warriors,14,14,Olympic Park,https://www.rugbyleagueproject.org/matches/15686
2009|Rd 7|NQ Cowboys|Manly Sea Eagles,2009,Rd 7,7,4,52,2009-04-25,NQ Cowboys,Manly Sea Eagles,26,12,Dairy Farmers,https://www.rugbyleagueproject.org/matches/15687
2009|Rd 7|Sydney Roosters|St. George Illawarra Dragons,2009,Rd 7,7,5,53,2009-04-25,Sydney Roosters,St. George Illawarra Dragons,0,29,SFS,https://www.rugbyleagueproject.org/matches/15685
2009|Rd 7|Canberra Raiders|Canterbury Bulldogs,2009,Rd 7,7,6,54,2009-04-26,Canberra Raiders,Canterbury Bulldogs,20,30,Canberra Stadium,https://www.rugbyleagueproject.org/matches/15688
2009|Rd 7|Wests Tigers|Newcastle Knights,2009,Rd 7,7,7,55,2009-04-26,Wests Tigers,Newcastle Knights,26,24,Campbelltown,https://www.rugbyleagueproject.org/matches/15689
2009|Rd 7|Penrith Panthers|Gold Coast Titans,2009,Rd 7,7,8,56,2009-04-27,Penrith Panthers,Gold Coast Titans,34,20,CUA Stadium,https://www.rugbyleagueproject.org/matches/15690
2009|Rd 8|Manly Sea Eagles|Melbourne Storm,2009,Rd 8,8,1,57,2009-05-01,Manly Sea Eagles,Melbourne Storm,8,22,Brookvale,https://www.rugbyleagueproject.org/matches/15691
2009|Rd 8|Parramatta Eels|NQ Cowboys,2009,Rd 8,8,2,58,2009-05-01,Parramatta Eels,NQ Cowboys,28,18,Parramatta,https://www.rugbyleagueproject.org/matches/15692
2009|Rd 8|Canberra Raiders|Penrith Panthers,2009,Rd 8,8,3,59,2009-05-02,Canberra Raiders,Penrith Panthers,10,18,Canberra Stadium,https://www.rugbyleagueproject.org/matches/15696
2009|Rd 8|Cronulla Sharks|Sydney Roosters,2009,Rd 8,8,4,60,2009-05-02,Cronulla Sharks,Sydney Roosters,12,19,Toyota,https://www.rugbyleagueproject.org/matches/15694
2009|Rd 8|Gold Coast Titans|South Sydney Rabbitohs,2009,Rd 8,8,5,61,2009-05-02,Gold Coast Titans,South Sydney Rabbitohs,22,14,Skilled Park,https://www.rugbyleagueproject.org/matches/15693
2009|Rd 8|Newcastle Knights|Brisbane Broncos,2009,Rd 8,8,6,62,2009-05-02,Newcastle Knights,Brisbane Broncos,28,12,EnergyAustralia,https://www.rugbyleagueproject.org/matches/15695
2009|Rd 8|Canterbury Bulldogs|Wests Tigers,2009,Rd 8,8,7,63,2009-05-03,Canterbury Bulldogs,Wests Tigers,22,20,ANZ,https://www.rugbyleagueproject.org/matches/15698
2009|Rd 8|St. George Illawarra Dragons|New Zealand Warriors,2009,Rd 8,8,8,64,2009-05-03,St. George Illawarra Dragons,New Zealand Warriors,12,11,WIN,https://www.rugbyleagueproject.org/matches/15697
2009|Rd 9|NQ Cowboys|St. George Illawarra Dragons,2009,Rd 9,9,1,65,2009-05-09,NQ Cowboys,St. George Illawarra Dragons,24,20,Dairy Farmers,https://www.rugbyleagueproject.org/matches/15726
2009|Rd 9|Brisbane Broncos|Manly Sea Eagles,2009,Rd 9,9,2,66,2009-05-10,Brisbane Broncos,Manly Sea Eagles,20,22,Suncorp,https://www.rugbyleagueproject.org/matches/15728
2009|Rd 9|Newcastle Knights|Gold Coast Titans,2009,Rd 9,9,3,67,2009-05-10,Newcastle Knights,Gold Coast Titans,23,18,EnergyAustralia,https://www.rugbyleagueproject.org/matches/15727
2009|Rd 9|Sydney Roosters|Melbourne Storm,2009,Rd 9,9,4,68,2009-05-11,Sydney Roosters,Melbourne Storm,12,28,Bluetongue,https://www.rugbyleagueproject.org/matches/15729
2009|Rd 10|Brisbane Broncos|Gold Coast Titans,2009,Rd 10,10,1,69,2009-05-15,Brisbane Broncos,Gold Coast Titans,32,18,Suncorp,https://www.rugbyleagueproject.org/matches/15730
2009|Rd 10|St. George Illawarra Dragons|Canterbury Bulldogs,2009,Rd 10,10,2,70,2009-05-15,St. George Illawarra Dragons,Canterbury Bulldogs,20,18,WIN Jubilee,https://www.rugbyleagueproject.org/matches/15731
2009|Rd 10|Penrith Panthers|Cronulla Sharks,2009,Rd 10,10,3,71,2009-05-16,Penrith Panthers,Cronulla Sharks,26,22,CUA Stadium,https://www.rugbyleagueproject.org/matches/15733
2009|Rd 10|Sydney Roosters|Newcastle Knights,2009,Rd 10,10,4,72,2009-05-16,Sydney Roosters,Newcastle Knights,6,38,SFS,https://www.rugbyleagueproject.org/matches/15732
2009|Rd 10|Manly Sea Eagles|Parramatta Eels,2009,Rd 10,10,5,73,2009-05-17,Manly Sea Eagles,Parramatta Eels,34,10,Brookvale,https://www.rugbyleagueproject.org/matches/15735
2009|Rd 10|New Zealand Warriors|NQ Cowboys,2009,Rd 10,10,6,74,2009-05-17,New Zealand Warriors,NQ Cowboys,12,34,Mt Smart,https://www.rugbyleagueproject.org/matches/15734
2009|Rd 10|Wests Tigers|South Sydney Rabbitohs,2009,Rd 10,10,7,75,2009-05-17,Wests Tigers,South Sydney Rabbitohs,22,23,SCG,https://www.rugbyleagueproject.org/matches/15736
2009|Rd 10|Melbourne Storm|Canberra Raiders,2009,Rd 10,10,8,76,2009-05-18,Melbourne Storm,Canberra Raiders,46,6,Olympic Park,https://www.rugbyleagueproject.org/matches/15737
2009|Rd 11|Parramatta Eels|South Sydney Rabbitohs,2009,Rd 11,11,1,77,2009-05-22,Parramatta Eels,South Sydney Rabbitohs,16,16,ANZ,https://www.rugbyleagueproject.org/matches/15738
2009|Rd 11|Wests Tigers|Brisbane Broncos,2009,Rd 11,11,2,78,2009-05-22,Wests Tigers,Brisbane Broncos,18,20,Campbelltown,https://www.rugbyleagueproject.org/matches/15739
2009|Rd 11|Canterbury Bulldogs|Melbourne Storm,2009,Rd 11,11,3,79,2009-05-23,Canterbury Bulldogs,Melbourne Storm,26,10,Bluetongue,https://www.rugbyleagueproject.org/matches/15742
2009|Rd 11|Cronulla Sharks|St. George Illawarra Dragons,2009,Rd 11,11,4,80,2009-05-23,Cronulla Sharks,St. George Illawarra Dragons,4,26,Toyota,https://www.rugbyleagueproject.org/matches/15740
2009|Rd 11|Penrith Panthers|Sydney Roosters,2009,Rd 11,11,5,81,2009-05-23,Penrith Panthers,Sydney Roosters,48,6,CUA Stadium,https://www.rugbyleagueproject.org/matches/15741
2009|Rd 11|Canberra Raiders|New Zealand Warriors,2009,Rd 11,11,6,82,2009-05-24,Canberra Raiders,New Zealand Warriors,38,12,Canberra Stadium,https://www.rugbyleagueproject.org/matches/15744
2009|Rd 11|Gold Coast Titans|Manly Sea Eagles,2009,Rd 11,11,7,83,2009-05-24,Gold Coast Titans,Manly Sea Eagles,18,17,Skilled Park,https://www.rugbyleagueproject.org/matches/15745
2009|Rd 11|NQ Cowboys|Newcastle Knights,2009,Rd 11,11,8,84,2009-05-25,NQ Cowboys,Newcastle Knights,36,10,Dairy Farmers,https://www.rugbyleagueproject.org/matches/15746
2009|Rd 12|St. George Illawarra Dragons|Penrith Panthers,2009,Rd 12,12,1,85,2009-05-29,St. George Illawarra Dragons,Penrith Panthers,38,10,WIN,https://www.rugbyleagueproject.org/matches/15757
2009|Rd 12|Parramatta Eels|Cronulla Sharks,2009,Rd 12,12,2,86,2009-05-30,Parramatta Eels,Cronulla Sharks,10,13,Parramatta,https://www.rugbyleagueproject.org/matches/15758
2009|Rd 12|New Zealand Warriors|Wests Tigers,2009,Rd 12,12,3,87,2009-05-31,New Zealand Warriors,Wests Tigers,14,0,Mt Smart,https://www.rugbyleagueproject.org/matches/15759
2009|Rd 12|Newcastle Knights|Canterbury Bulldogs,2009,Rd 12,12,4,88,2009-05-31,Newcastle Knights,Canterbury Bulldogs,22,14,EnergyAustralia,https://www.rugbyleagueproject.org/matches/15760
2009|Rd 12|South Sydney Rabbitohs|Canberra Raiders,2009,Rd 12,12,5,89,2009-06-01,South Sydney Rabbitohs,Canberra Raiders,18,34,ANZ,https://www.rugbyleagueproject.org/matches/15761
2009|Rd 13|Melbourne Storm|Brisbane Broncos,2009,Rd 13,13,1,90,2009-06-05,Melbourne Storm,Brisbane Broncos,48,4,Olympic Park,https://www.rugbyleagueproject.org/matches/15765
2009|Rd 13|Wests Tigers|Penrith Panthers,2009,Rd 13,13,2,91,2009-06-05,Wests Tigers,Penrith Panthers,10,26,Leichhardt,https://www.rugbyleagueproject.org/matches/15763
2009|Rd 13|Manly Sea Eagles|Sydney Roosters,2009,Rd 13,13,3,92,2009-06-06,Manly Sea Eagles,Sydney Roosters,38,18,Brookvale,https://www.rugbyleagueproject.org/matches/15766
2009|Rd 13|NQ Cowboys|South Sydney Rabbitohs,2009,Rd 13,13,4,93,2009-06-06,NQ Cowboys,South Sydney Rabbitohs,46,12,Dairy Farmers,https://www.rugbyleagueproject.org/matches/15767
2009|Rd 13|Cronulla Sharks|New Zealand Warriors,2009,Rd 13,13,5,94,2009-06-07,Cronulla Sharks,New Zealand Warriors,18,10,Toyota,https://www.rugbyleagueproject.org/matches/15768
2009|Rd 13|Newcastle Knights|Parramatta Eels,2009,Rd 13,13,6,95,2009-06-07,Newcastle Knights,Parramatta Eels,18,20,EnergyAustralia,https://www.rugbyleagueproject.org/matches/15769
2009|Rd 13|Gold Coast Titans|St. George Illawarra Dragons,2009,Rd 13,13,7,96,2009-06-08,Gold Coast Titans,St. George Illawarra Dragons,28,24,Skilled Park,https://www.rugbyleagueproject.org/matches/15770
2009|Rd 14|Brisbane Broncos|Canterbury Bulldogs,2009,Rd 14,14,1,97,2009-06-12,Brisbane Broncos,Canterbury Bulldogs,22,44,Suncorp,https://www.rugbyleagueproject.org/matches/15772
2009|Rd 14|New Zealand Warriors|Newcastle Knights,2009,Rd 14,14,2,98,2009-06-12,New Zealand Warriors,Newcastle Knights,13,0,Mt Smart,https://www.rugbyleagueproject.org/matches/15771
2009|Rd 14|Penrith Panthers|Manly Sea Eagles,2009,Rd 14,14,3,99,2009-06-13,Penrith Panthers,Manly Sea Eagles,6,20,CUA Stadium,https://www.rugbyleagueproject.org/matches/15774
2009|Rd 14|South Sydney Rabbitohs|Melbourne Storm,2009,Rd 14,14,4,100,2009-06-13,South Sydney Rabbitohs,Melbourne Storm,22,28,ME Bank,https://www.rugbyleagueproject.org/matches/15775
2009|Rd 14|Sydney Roosters|Gold Coast Titans,2009,Rd 14,14,5,101,2009-06-13,Sydney Roosters,Gold Coast Titans,20,24,Bluetongue,https://www.rugbyleagueproject.org/matches/15773
2009|Rd 14|Canberra Raiders|Cronulla Sharks,2009,Rd 14,14,6,102,2009-06-14,Canberra Raiders,Cronulla Sharks,22,24,Canberra Stadium,https://www.rugbyleagueproject.org/matches/15776
2009|Rd 14|St. George Illawarra Dragons|NQ Cowboys,2009,Rd 14,14,7,103,2009-06-14,St. George Illawarra Dragons,NQ Cowboys,32,18,WIN,https://www.rugbyleagueproject.org/matches/15777
2009|Rd 14|Parramatta Eels|Wests Tigers,2009,Rd 14,14,8,104,2009-06-15,Parramatta Eels,Wests Tigers,6,23,Parramatta,https://www.rugbyleagueproject.org/matches/15778
2009|Rd 15|Canterbury Bulldogs|Penrith Panthers,2009,Rd 15,15,1,105,2009-06-19,Canterbury Bulldogs,Penrith Panthers,19,12,ANZ,https://www.rugbyleagueproject.org/matches/15779
2009|Rd 15|NQ Cowboys|Sydney Roosters,2009,Rd 15,15,2,106,2009-06-20,NQ Cowboys,Sydney Roosters,24,22,Dairy Farmers,https://www.rugbyleagueproject.org/matches/15780
2009|Rd 15|Manly Sea Eagles|Canberra Raiders,2009,Rd 15,15,3,107,2009-06-21,Manly Sea Eagles,Canberra Raiders,20,14,Brookvale,https://www.rugbyleagueproject.org/matches/15782
2009|Rd 15|Melbourne Storm|Wests Tigers,2009,Rd 15,15,4,108,2009-06-21,Melbourne Storm,Wests Tigers,14,12,Olympic Park,https://www.rugbyleagueproject.org/matches/15781
2009|Rd 15|Cronulla Sharks|Brisbane Broncos,2009,Rd 15,15,5,109,2009-06-22,Cronulla Sharks,Brisbane Broncos,46,12,Toyota,https://www.rugbyleagueproject.org/matches/15783
2009|Rd 16|Canterbury Bulldogs|NQ Cowboys,2009,Rd 16,16,1,110,2009-06-26,Canterbury Bulldogs,NQ Cowboys,30,18,ANZ,https://www.rugbyleagueproject.org/matches/15785
2009|Rd 16|Wests Tigers|St. George Illawarra Dragons,2009,Rd 16,16,2,111,2009-06-26,Wests Tigers,St. George Illawarra Dragons,10,21,SFS,https://www.rugbyleagueproject.org/matches/15784
2009|Rd 16|Gold Coast Titans|New Zealand Warriors,2009,Rd 16,16,3,112,2009-06-27,Gold Coast Titans,New Zealand Warriors,28,12,Skilled Park,https://www.rugbyleagueproject.org/matches/15786
2009|Rd 16|Sydney Roosters|Cronulla Sharks,2009,Rd 16,16,4,113,2009-06-27,Sydney Roosters,Cronulla Sharks,19,12,SFS,https://www.rugbyleagueproject.org/matches/15787
2009|Rd 16|Canberra Raiders|Melbourne Storm,2009,Rd 16,16,5,114,2009-06-28,Canberra Raiders,Melbourne Storm,26,16,Canberra Stadium,https://www.rugbyleagueproject.org/matches/15788
2009|Rd 16|Parramatta Eels|Brisbane Broncos,2009,Rd 16,16,6,115,2009-06-28,Parramatta Eels,Brisbane Broncos,21,14,Parramatta,https://www.rugbyleagueproject.org/matches/15789
2009|Rd 16|Newcastle Knights|South Sydney Rabbitohs,2009,Rd 16,16,7,116,2009-06-29,Newcastle Knights,South Sydney Rabbitohs,25,20,EnergyAustralia,https://www.rugbyleagueproject.org/matches/15790
2009|Rd 17|Brisbane Broncos|New Zealand Warriors,2009,Rd 17,17,1,117,2009-07-03,Brisbane Broncos,New Zealand Warriors,28,14,Suncorp,https://www.rugbyleagueproject.org/matches/15903
2009|Rd 17|St. George Illawarra Dragons|Sydney Roosters,2009,Rd 17,17,2,118,2009-07-03,St. George Illawarra Dragons,Sydney Roosters,34,12,WIN Jubilee,https://www.rugbyleagueproject.org/matches/15904
2009|Rd 17|Melbourne Storm|Newcastle Knights,2009,Rd 17,17,3,119,2009-07-04,Melbourne Storm,Newcastle Knights,18,14,Olympic Park,https://www.rugbyleagueproject.org/matches/15906
2009|Rd 17|NQ Cowboys|Cronulla Sharks,2009,Rd 17,17,4,120,2009-07-04,NQ Cowboys,Cronulla Sharks,24,4,Dairy Farmers,https://www.rugbyleagueproject.org/matches/15907
2009|Rd 17|South Sydney Rabbitohs|Wests Tigers,2009,Rd 17,17,5,121,2009-07-04,South Sydney Rabbitohs,Wests Tigers,20,54,ANZ,https://www.rugbyleagueproject.org/matches/15905
2009|Rd 17|Canberra Raiders|Gold Coast Titans,2009,Rd 17,17,6,122,2009-07-05,Canberra Raiders,Gold Coast Titans,34,28,Canberra Stadium,https://www.rugbyleagueproject.org/matches/15908
2009|Rd 17|Penrith Panthers|Parramatta Eels,2009,Rd 17,17,7,123,2009-07-05,Penrith Panthers,Parramatta Eels,38,34,CUA Stadium,https://www.rugbyleagueproject.org/matches/15909
2009|Rd 17|Manly Sea Eagles|Canterbury Bulldogs,2009,Rd 17,17,8,124,2009-07-06,Manly Sea Eagles,Canterbury Bulldogs,19,12,Brookvale,https://www.rugbyleagueproject.org/matches/15910
2009|Rd 18|South Sydney Rabbitohs|Penrith Panthers,2009,Rd 18,18,1,125,2009-07-10,South Sydney Rabbitohs,Penrith Panthers,36,12,ANZ,https://www.rugbyleagueproject.org/matches/15911
2009|Rd 18|Newcastle Knights|Canberra Raiders,2009,Rd 18,18,2,126,2009-07-11,Newcastle Knights,Canberra Raiders,23,4,EnergyAustralia,https://www.rugbyleagueproject.org/matches/15912
2009|Rd 18|New Zealand Warriors|Canterbury Bulldogs,2009,Rd 18,18,3,127,2009-07-12,New Zealand Warriors,Canterbury Bulldogs,14,18,Mt Smart,https://www.rugbyleagueproject.org/matches/15914
2009|Rd 18|St. George Illawarra Dragons|Manly Sea Eagles,2009,Rd 18,18,4,128,2009-07-12,St. George Illawarra Dragons,Manly Sea Eagles,48,18,WIN,https://www.rugbyleagueproject.org/matches/15913
2009|Rd 18|Gold Coast Titans|Parramatta Eels,2009,Rd 18,18,5,129,2009-07-13,Gold Coast Titans,Parramatta Eels,18,12,Skilled Park,https://www.rugbyleagueproject.org/matches/15915
2009|Rd 19|Brisbane Broncos|South Sydney Rabbitohs,2009,Rd 19,19,1,130,2009-07-17,Brisbane Broncos,South Sydney Rabbitohs,12,44,Suncorp,https://www.rugbyleagueproject.org/matches/15916
2009|Rd 19|Canterbury Bulldogs|Gold Coast Titans,2009,Rd 19,19,2,131,2009-07-17,Canterbury Bulldogs,Gold Coast Titans,23,16,Suncorp,https://www.rugbyleagueproject.org/matches/15917
2009|Rd 19|Cronulla Sharks|Manly Sea Eagles,2009,Rd 19,19,3,132,2009-07-18,Cronulla Sharks,Manly Sea Eagles,26,32,Toyota,https://www.rugbyleagueproject.org/matches/15919
2009|Rd 19|Penrith Panthers|Canberra Raiders,2009,Rd 19,19,4,133,2009-07-18,Penrith Panthers,Canberra Raiders,27,14,CUA Stadium,https://www.rugbyleagueproject.org/matches/15918
2009|Rd 19|Sydney Roosters|New Zealand Warriors,2009,Rd 19,19,5,134,2009-07-19,Sydney Roosters,New Zealand Warriors,24,30,SFS,https://www.rugbyleagueproject.org/matches/15920
2009|Rd 19|Wests Tigers|NQ Cowboys,2009,Rd 19,19,6,135,2009-07-19,Wests Tigers,NQ Cowboys,34,14,Leichhardt,https://www.rugbyleagueproject.org/matches/15921
2009|Rd 19|Parramatta Eels|Melbourne Storm,2009,Rd 19,19,7,136,2009-07-20,Parramatta Eels,Melbourne Storm,18,16,Parramatta,https://www.rugbyleagueproject.org/matches/15922
2009|Rd 20|Gold Coast Titans|Brisbane Broncos,2009,Rd 20,20,1,137,2009-07-24,Gold Coast Titans,Brisbane Broncos,34,18,Skilled Park,https://www.rugbyleagueproject.org/matches/15924
2009|Rd 20|Manly Sea Eagles|Newcastle Knights,2009,Rd 20,20,2,138,2009-07-24,Manly Sea Eagles,Newcastle Knights,44,20,Bluetongue,https://www.rugbyleagueproject.org/matches/15923
2009|Rd 20|Canterbury Bulldogs|Parramatta Eels,2009,Rd 20,20,3,139,2009-07-25,Canterbury Bulldogs,Parramatta Eels,8,27,ANZ,https://www.rugbyleagueproject.org/matches/15925
2009|Rd 20|Melbourne Storm|Cronulla Sharks,2009,Rd 20,20,4,140,2009-07-25,Melbourne Storm,Cronulla Sharks,30,10,Olympic Park,https://www.rugbyleagueproject.org/matches/15927
2009|Rd 20|NQ Cowboys|Penrith Panthers,2009,Rd 20,20,5,141,2009-07-25,NQ Cowboys,Penrith Panthers,20,28,Dairy Farmers,https://www.rugbyleagueproject.org/matches/15926
2009|Rd 20|Canberra Raiders|Wests Tigers,2009,Rd 20,20,6,142,2009-07-26,Canberra Raiders,Wests Tigers,4,25,Canberra Stadium,https://www.rugbyleagueproject.org/matches/15928
2009|Rd 20|New Zealand Warriors|St. George Illawarra Dragons,2009,Rd 20,20,7,143,2009-07-26,New Zealand Warriors,St. George Illawarra Dragons,4,29,Mt Smart,https://www.rugbyleagueproject.org/matches/15929
2009|Rd 20|South Sydney Rabbitohs|Sydney Roosters,2009,Rd 20,20,8,144,2009-07-27,South Sydney Rabbitohs,Sydney Roosters,40,20,ANZ,https://www.rugbyleagueproject.org/matches/15930
2009|Rd 21|Gold Coast Titans|NQ Cowboys,2009,Rd 21,21,1,145,2009-07-31,Gold Coast Titans,NQ Cowboys,18,34,Skilled Park,https://www.rugbyleagueproject.org/matches/15932
2009|Rd 21|St. George Illawarra Dragons|Melbourne Storm,2009,Rd 21,21,2,146,2009-07-31,St. George Illawarra Dragons,Melbourne Storm,26,12,WIN Jubilee,https://www.rugbyleagueproject.org/matches/15931
2009|Rd 21|Canberra Raiders|Brisbane Broncos,2009,Rd 21,21,3,147,2009-08-01,Canberra Raiders,Brisbane Broncos,56,0,Canberra Stadium,https://www.rugbyleagueproject.org/matches/15933
2009|Rd 21|Newcastle Knights|Sydney Roosters,2009,Rd 21,21,4,148,2009-08-01,Newcastle Knights,Sydney Roosters,18,30,EnergyAustralia,https://www.rugbyleagueproject.org/matches/15934
2009|Rd 21|Penrith Panthers|New Zealand Warriors,2009,Rd 21,21,5,149,2009-08-01,Penrith Panthers,New Zealand Warriors,32,32,CUA Stadium,https://www.rugbyleagueproject.org/matches/15935
2009|Rd 21|Cronulla Sharks|Parramatta Eels,2009,Rd 21,21,6,150,2009-08-02,Cronulla Sharks,Parramatta Eels,0,30,Toyota,https://www.rugbyleagueproject.org/matches/15936
2009|Rd 21|South Sydney Rabbitohs|Canterbury Bulldogs,2009,Rd 21,21,7,151,2009-08-02,South Sydney Rabbitohs,Canterbury Bulldogs,18,26,ANZ,https://www.rugbyleagueproject.org/matches/15937
2009|Rd 21|Wests Tigers|Manly Sea Eagles,2009,Rd 21,21,8,152,2009-08-03,Wests Tigers,Manly Sea Eagles,19,18,SFS,https://www.rugbyleagueproject.org/matches/15938
2009|Rd 22|Melbourne Storm|NQ Cowboys,2009,Rd 22,22,1,153,2009-08-07,Melbourne Storm,NQ Cowboys,20,8,Olympic Park,https://www.rugbyleagueproject.org/matches/15940
2009|Rd 22|Penrith Panthers|St. George Illawarra Dragons,2009,Rd 22,22,2,154,2009-08-07,Penrith Panthers,St. George Illawarra Dragons,6,25,CUA Stadium,https://www.rugbyleagueproject.org/matches/15939
2009|Rd 22|Canterbury Bulldogs|Canberra Raiders,2009,Rd 22,22,3,155,2009-08-08,Canterbury Bulldogs,Canberra Raiders,23,20,ANZ,https://www.rugbyleagueproject.org/matches/15942
2009|Rd 22|Manly Sea Eagles|South Sydney Rabbitohs,2009,Rd 22,22,4,156,2009-08-08,Manly Sea Eagles,South Sydney Rabbitohs,22,36,Brookvale,https://www.rugbyleagueproject.org/matches/15941
2009|Rd 22|New Zealand Warriors|Gold Coast Titans,2009,Rd 22,22,5,157,2009-08-09,New Zealand Warriors,Gold Coast Titans,10,30,Mt Smart,https://www.rugbyleagueproject.org/matches/15944
2009|Rd 22|Parramatta Eels|Newcastle Knights,2009,Rd 22,22,6,158,2009-08-09,Parramatta Eels,Newcastle Knights,40,8,Parramatta,https://www.rugbyleagueproject.org/matches/15945
2009|Rd 22|Sydney Roosters|Wests Tigers,2009,Rd 22,22,7,159,2009-08-09,Sydney Roosters,Wests Tigers,10,17,SFS,https://www.rugbyleagueproject.org/matches/15943
2009|Rd 22|Brisbane Broncos|Cronulla Sharks,2009,Rd 22,22,8,160,2009-08-10,Brisbane Broncos,Cronulla Sharks,30,10,Suncorp,https://www.rugbyleagueproject.org/matches/15946
2009|Rd 23|NQ Cowboys|Canterbury Bulldogs,2009,Rd 23,23,1,161,2009-08-14,NQ Cowboys,Canterbury Bulldogs,12,22,Dairy Farmers,https://www.rugbyleagueproject.org/matches/15947
2009|Rd 23|South Sydney Rabbitohs|Gold Coast Titans,2009,Rd 23,23,2,162,2009-08-14,South Sydney Rabbitohs,Gold Coast Titans,14,22,ANZ,https://www.rugbyleagueproject.org/matches/15948
2009|Rd 23|Canberra Raiders|St. George Illawarra Dragons,2009,Rd 23,23,3,163,2009-08-15,Canberra Raiders,St. George Illawarra Dragons,24,12,Canberra Stadium,https://www.rugbyleagueproject.org/matches/15950
2009|Rd 23|Parramatta Eels|New Zealand Warriors,2009,Rd 23,23,4,164,2009-08-15,Parramatta Eels,New Zealand Warriors,40,4,Parramatta,https://www.rugbyleagueproject.org/matches/15951
2009|Rd 23|Sydney Roosters|Manly Sea Eagles,2009,Rd 23,23,5,165,2009-08-15,Sydney Roosters,Manly Sea Eagles,12,44,SFS,https://www.rugbyleagueproject.org/matches/15949
2009|Rd 23|Brisbane Broncos|Penrith Panthers,2009,Rd 23,23,6,166,2009-08-16,Brisbane Broncos,Penrith Panthers,58,24,Suncorp,https://www.rugbyleagueproject.org/matches/15953
2009|Rd 23|Cronulla Sharks|Wests Tigers,2009,Rd 23,23,7,167,2009-08-16,Cronulla Sharks,Wests Tigers,10,56,Toyota,https://www.rugbyleagueproject.org/matches/15952
2009|Rd 23|Newcastle Knights|Melbourne Storm,2009,Rd 23,23,8,168,2009-08-17,Newcastle Knights,Melbourne Storm,26,14,EnergyAustralia,https://www.rugbyleagueproject.org/matches/15954
2009|Rd 24|St. George Illawarra Dragons|Brisbane Broncos,2009,Rd 24,24,1,169,2009-08-21,St. George Illawarra Dragons,Brisbane Broncos,2,12,WIN,https://www.rugbyleagueproject.org/matches/17161
2009|Rd 24|Wests Tigers|Parramatta Eels,2009,Rd 24,24,2,170,2009-08-21,Wests Tigers,Parramatta Eels,18,26,SFS,https://www.rugbyleagueproject.org/matches/17162
2009|Rd 24|Newcastle Knights|NQ Cowboys,2009,Rd 24,24,3,171,2009-08-22,Newcastle Knights,NQ Cowboys,32,26,EnergyAustralia,https://www.rugbyleagueproject.org/matches/17163
2009|Rd 24|Penrith Panthers|South Sydney Rabbitohs,2009,Rd 24,24,4,172,2009-08-22,Penrith Panthers,South Sydney Rabbitohs,40,10,CUA Stadium,https://www.rugbyleagueproject.org/matches/17164
2009|Rd 24|Gold Coast Titans|Cronulla Sharks,2009,Rd 24,24,5,173,2009-08-23,Gold Coast Titans,Cronulla Sharks,20,10,Skilled Park,https://www.rugbyleagueproject.org/matches/17166
2009|Rd 24|Melbourne Storm|Manly Sea Eagles,2009,Rd 24,24,6,174,2009-08-23,Melbourne Storm,Manly Sea Eagles,16,20,Olympic Park,https://www.rugbyleagueproject.org/matches/17167
2009|Rd 24|New Zealand Warriors|Canberra Raiders,2009,Rd 24,24,7,175,2009-08-23,New Zealand Warriors,Canberra Raiders,34,20,Mt Smart,https://www.rugbyleagueproject.org/matches/17165
2009|Rd 24|Canterbury Bulldogs|Sydney Roosters,2009,Rd 24,24,8,176,2009-08-24,Canterbury Bulldogs,Sydney Roosters,28,4,ANZ,https://www.rugbyleagueproject.org/matches/17168
2009|Rd 25|NQ Cowboys|Brisbane Broncos,2009,Rd 25,25,1,177,2009-08-28,NQ Cowboys,Brisbane Broncos,10,16,Dairy Farmers,https://www.rugbyleagueproject.org/matches/17174
2009|Rd 25|Parramatta Eels|Penrith Panthers,2009,Rd 25,25,2,178,2009-08-28,Parramatta Eels,Penrith Panthers,48,6,Parramatta,https://www.rugbyleagueproject.org/matches/17173
2009|Rd 25|Gold Coast Titans|Wests Tigers,2009,Rd 25,25,3,179,2009-08-29,Gold Coast Titans,Wests Tigers,36,24,Skilled Park,https://www.rugbyleagueproject.org/matches/17175
2009|Rd 25|Melbourne Storm|Sydney Roosters,2009,Rd 25,25,4,180,2009-08-29,Melbourne Storm,Sydney Roosters,38,4,Olympic Park,https://www.rugbyleagueproject.org/matches/17176
2009|Rd 25|South Sydney Rabbitohs|St. George Illawarra Dragons,2009,Rd 25,25,5,181,2009-08-29,South Sydney Rabbitohs,St. George Illawarra Dragons,41,6,ANZ,https://www.rugbyleagueproject.org/matches/17177
2009|Rd 25|Canterbury Bulldogs|New Zealand Warriors,2009,Rd 25,25,6,182,2009-08-30,Canterbury Bulldogs,New Zealand Warriors,40,20,ANZ,https://www.rugbyleagueproject.org/matches/17179
2009|Rd 25|Manly Sea Eagles|Cronulla Sharks,2009,Rd 25,25,7,183,2009-08-30,Manly Sea Eagles,Cronulla Sharks,18,16,Brookvale,https://www.rugbyleagueproject.org/matches/17178
2009|Rd 25|Canberra Raiders|Newcastle Knights,2009,Rd 25,25,8,184,2009-08-31,Canberra Raiders,Newcastle Knights,30,14,Canberra Stadium,https://www.rugbyleagueproject.org/matches/17180
2009|Rd 26|St. George Illawarra Dragons|Parramatta Eels,2009,Rd 26,26,1,185,2009-09-04,St. George Illawarra Dragons,Parramatta Eels,37,0,WIN Jubilee,https://www.rugbyleagueproject.org/matches/17223
2009|Rd 26|Wests Tigers|Canterbury Bulldogs,2009,Rd 26,26,2,186,2009-09-04,Wests Tigers,Canterbury Bulldogs,34,12,SFS,https://www.rugbyleagueproject.org/matches/17222
2009|Rd 26|Cronulla Sharks|South Sydney Rabbitohs,2009,Rd 26,26,3,187,2009-09-05,Cronulla Sharks,South Sydney Rabbitohs,24,26,Toyota,https://www.rugbyleagueproject.org/matches/17226
2009|Rd 26|Manly Sea Eagles|Gold Coast Titans,2009,Rd 26,26,4,188,2009-09-05,Manly Sea Eagles,Gold Coast Titans,38,4,Brookvale,https://www.rugbyleagueproject.org/matches/17225
2009|Rd 26|New Zealand Warriors|Melbourne Storm,2009,Rd 26,26,5,189,2009-09-05,New Zealand Warriors,Melbourne Storm,0,30,Mt Smart,https://www.rugbyleagueproject.org/matches/17224
2009|Rd 26|Brisbane Broncos|Canberra Raiders,2009,Rd 26,26,6,190,2009-09-06,Brisbane Broncos,Canberra Raiders,22,10,Suncorp,https://www.rugbyleagueproject.org/matches/17229
2009|Rd 26|Newcastle Knights|Penrith Panthers,2009,Rd 26,26,7,191,2009-09-06,Newcastle Knights,Penrith Panthers,35,0,EnergyAustralia,https://www.rugbyleagueproject.org/matches/17228
2009|Rd 26|Sydney Roosters|NQ Cowboys,2009,Rd 26,26,8,192,2009-09-06,Sydney Roosters,NQ Cowboys,16,32,SFS,https://www.rugbyleagueproject.org/matches/17227
2009|Qualif Final|Melbourne Storm|Manly Sea Eagles,2009,Qualif Final,27,1,193,2009-09-11,Melbourne Storm,Manly Sea Eagles,40,12,Etihad,https://www.rugbyleagueproject.org/matches/17231
2009|Qualif Final|Canterbury Bulldogs|Newcastle Knights,2009,Qualif Final,27,2,194,2009-09-12,Canterbury Bulldogs,Newcastle Knights,26,12,ANZ,https://www.rugbyleagueproject.org/matches/17233
2009|Qualif Final|Gold Coast Titans|Brisbane Broncos,2009,Qualif Final,27,3,195,2009-09-12,Gold Coast Titans,Brisbane Broncos,32,40,Skilled Park,https://www.rugbyleagueproject.org/matches/17232
2009|Qualif Final|St. George Illawarra Dragons|Parramatta Eels,2009,Qualif Final,27,4,196,2009-09-13,St. George Illawarra Dragons,Parramatta Eels,12,25,WIN Jubilee,https://www.rugbyleagueproject.org/matches/17234
2009|Semi Final|Parramatta Eels|Gold Coast Titans,2009,Semi Final,28,1,197,2009-09-18,Parramatta Eels,Gold Coast Titans,27,2,SFS,https://www.rugbyleagueproject.org/matches/17235
2009|Semi Final|Brisbane Broncos|St. George Illawarra Dragons,2009,Semi Final,28,2,198,2009-09-19,Brisbane Broncos,St. George Illawarra Dragons,24,10,Suncorp,https://www.rugbyleagueproject.org/matches/17236
2009|Prelim Final|Canterbury Bulldogs|Parramatta Eels,2009,Prelim Final,29,1,199,2009-09-25,Canterbury Bulldogs,Parramatta Eels,12,22,ANZ,https://www.rugbyleagueproject.org/matches/17241
2009|Prelim Final|Melbourne Storm|Brisbane Broncos,2009,Prelim Final,29,2,200,2009-09-26,Melbourne Storm,Brisbane Broncos,40,10,Etihad,https://www.rugbyleagueproject.org/matches/17242
2009|Grand Final|Melbourne Storm|Parramatta Eels,2009,Grand Final,30,1,201,2009-10-04,Melbourne Storm,Parramatta Eels,23,16,ANZ,https://www.rugbyleagueproject.org/matches/17245
2010|Rd 1|Brisbane Broncos|NQ Cowboys,2010,Rd 1,1,1,1,2010-03-12,Brisbane Broncos,NQ Cowboys,30,24,Suncorp,https://www.rugbyleagueproject.org/matches/17724
2010|Rd 1|Parramatta Eels|St. George Illawarra Dragons,2010,Rd 1,1,2,2,2010-03-12,Parramatta Eels,St. George Illawarra Dragons,12,18,Parramatta,https://www.rugbyleagueproject.org/matches/17723
2010|Rd 1|Canterbury Bulldogs|Newcastle Knights,2010,Rd 1,1,3,3,2010-03-13,Canterbury Bulldogs,Newcastle Knights,16,20,ANZ,https://www.rugbyleagueproject.org/matches/17725
2010|Rd 1|Cronulla Sharks|Melbourne Storm,2010,Rd 1,1,4,4,2010-03-13,Cronulla Sharks,Melbourne Storm,10,14,Toyota,https://www.rugbyleagueproject.org/matches/17727
2010|Rd 1|Penrith Panthers|Canberra Raiders,2010,Rd 1,1,5,5,2010-03-13,Penrith Panthers,Canberra Raiders,34,16,CUA Stadium,https://www.rugbyleagueproject.org/matches/17726
2010|Rd 1|Gold Coast Titans|New Zealand Warriors,2010,Rd 1,1,6,6,2010-03-14,Gold Coast Titans,New Zealand Warriors,24,18,Skilled Park,https://www.rugbyleagueproject.org/matches/17728
2010|Rd 1|South Sydney Rabbitohs|Sydney Roosters,2010,Rd 1,1,7,7,2010-03-14,South Sydney Rabbitohs,Sydney Roosters,10,36,ANZ,https://www.rugbyleagueproject.org/matches/17729
2010|Rd 1|Wests Tigers|Manly Sea Eagles,2010,Rd 1,1,8,8,2010-03-15,Wests Tigers,Manly Sea Eagles,26,22,SFS,https://www.rugbyleagueproject.org/matches/17730
2010|Rd 2|South Sydney Rabbitohs|Gold Coast Titans,2010,Rd 2,2,1,9,2010-03-19,South Sydney Rabbitohs,Gold Coast Titans,18,19,ANZ,https://www.rugbyleagueproject.org/matches/17732
2010|Rd 2|St. George Illawarra Dragons|Canterbury Bulldogs,2010,Rd 2,2,2,10,2010-03-19,St. George Illawarra Dragons,Canterbury Bulldogs,26,6,WIN,https://www.rugbyleagueproject.org/matches/17731
2010|Rd 2|NQ Cowboys|Penrith Panthers,2010,Rd 2,2,3,11,2010-03-20,NQ Cowboys,Penrith Panthers,28,20,Dairy Farmers,https://www.rugbyleagueproject.org/matches/17735
2010|Rd 2|New Zealand Warriors|Cronulla Sharks,2010,Rd 2,2,4,12,2010-03-20,New Zealand Warriors,Cronulla Sharks,30,16,Mt Smart,https://www.rugbyleagueproject.org/matches/17733
2010|Rd 2|Newcastle Knights|Melbourne Storm,2010,Rd 2,2,5,13,2010-03-20,Newcastle Knights,Melbourne Storm,14,20,EnergyAustralia,https://www.rugbyleagueproject.org/matches/17734
2010|Rd 2|Parramatta Eels|Manly Sea Eagles,2010,Rd 2,2,6,14,2010-03-21,Parramatta Eels,Manly Sea Eagles,24,20,Parramatta,https://www.rugbyleagueproject.org/matches/17736
2010|Rd 2|Sydney Roosters|Wests Tigers,2010,Rd 2,2,7,15,2010-03-21,Sydney Roosters,Wests Tigers,44,32,SFS,https://www.rugbyleagueproject.org/matches/17737
2010|Rd 2|Canberra Raiders|Brisbane Broncos,2010,Rd 2,2,8,16,2010-03-22,Canberra Raiders,Brisbane Broncos,22,14,Canberra Stadium,https://www.rugbyleagueproject.org/matches/17738
2010|Rd 3|St. George Illawarra Dragons|NQ Cowboys,2010,Rd 3,3,1,17,2010-03-26,St. George Illawarra Dragons,NQ Cowboys,33,8,WIN,https://www.rugbyleagueproject.org/matches/17740
2010|Rd 3|Wests Tigers|Parramatta Eels,2010,Rd 3,3,2,18,2010-03-26,Wests Tigers,Parramatta Eels,23,12,SFS,https://www.rugbyleagueproject.org/matches/17739
2010|Rd 3|Gold Coast Titans|Canberra Raiders,2010,Rd 3,3,3,19,2010-03-27,Gold Coast Titans,Canberra Raiders,24,4,Skilled Park,https://www.rugbyleagueproject.org/matches/17743
2010|Rd 3|Manly Sea Eagles|Newcastle Knights,2010,Rd 3,3,4,20,2010-03-27,Manly Sea Eagles,Newcastle Knights,36,12,Bluetongue,https://www.rugbyleagueproject.org/matches/17742
2010|Rd 3|Penrith Panthers|Melbourne Storm,2010,Rd 3,3,5,21,2010-03-27,Penrith Panthers,Melbourne Storm,10,16,CUA Stadium,https://www.rugbyleagueproject.org/matches/17741
2010|Rd 3|Brisbane Broncos|New Zealand Warriors,2010,Rd 3,3,6,22,2010-03-28,Brisbane Broncos,New Zealand Warriors,16,48,Suncorp,https://www.rugbyleagueproject.org/matches/17744
2010|Rd 3|Canterbury Bulldogs|Sydney Roosters,2010,Rd 3,3,7,23,2010-03-28,Canterbury Bulldogs,Sydney Roosters,60,14,ANZ,https://www.rugbyleagueproject.org/matches/17745
2010|Rd 3|Cronulla Sharks|South Sydney Rabbitohs,2010,Rd 3,3,8,24,2010-03-29,Cronulla Sharks,South Sydney Rabbitohs,8,30,Toyota,https://www.rugbyleagueproject.org/matches/17746
2010|Rd 4|Melbourne Storm|St. George Illawarra Dragons,2010,Rd 4,4,1,25,2010-04-02,Melbourne Storm,St. George Illawarra Dragons,17,4,Etihad,https://www.rugbyleagueproject.org/matches/17762
2010|Rd 4|Sydney Roosters|Brisbane Broncos,2010,Rd 4,4,2,26,2010-04-02,Sydney Roosters,Brisbane Broncos,25,6,SFS,https://www.rugbyleagueproject.org/matches/17763
2010|Rd 4|Cronulla Sharks|Parramatta Eels,2010,Rd 4,4,3,27,2010-04-03,Cronulla Sharks,Parramatta Eels,11,0,Toyota,https://www.rugbyleagueproject.org/matches/17764
2010|Rd 4|NQ Cowboys|Gold Coast Titans,2010,Rd 4,4,4,28,2010-04-03,NQ Cowboys,Gold Coast Titans,32,18,Dairy Farmers,https://www.rugbyleagueproject.org/matches/17765
2010|Rd 4|Canberra Raiders|Wests Tigers,2010,Rd 4,4,5,29,2010-04-04,Canberra Raiders,Wests Tigers,22,35,Canberra Stadium,https://www.rugbyleagueproject.org/matches/17767
2010|Rd 4|New Zealand Warriors|Manly Sea Eagles,2010,Rd 4,4,6,30,2010-04-04,New Zealand Warriors,Manly Sea Eagles,6,14,Mt Smart,https://www.rugbyleagueproject.org/matches/17766
2010|Rd 4|Newcastle Knights|Penrith Panthers,2010,Rd 4,4,7,31,2010-04-05,Newcastle Knights,Penrith Panthers,30,34,EnergyAustralia,https://www.rugbyleagueproject.org/matches/17768
2010|Rd 4|South Sydney Rabbitohs|Canterbury Bulldogs,2010,Rd 4,4,8,32,2010-04-05,South Sydney Rabbitohs,Canterbury Bulldogs,38,16,ANZ,https://www.rugbyleagueproject.org/matches/17769
2010|Rd 5|Gold Coast Titans|Melbourne Storm,2010,Rd 5,5,1,33,2010-04-09,Gold Coast Titans,Melbourne Storm,20,16,Skilled Park,https://www.rugbyleagueproject.org/matches/17778
2010|Rd 5|St. George Illawarra Dragons|Brisbane Broncos,2010,Rd 5,5,2,34,2010-04-09,St. George Illawarra Dragons,Brisbane Broncos,34,16,WIN,https://www.rugbyleagueproject.org/matches/17777
2010|Rd 5|Canterbury Bulldogs|New Zealand Warriors,2010,Rd 5,5,3,35,2010-04-10,Canterbury Bulldogs,New Zealand Warriors,24,30,ANZ,https://www.rugbyleagueproject.org/matches/17780
2010|Rd 5|NQ Cowboys|Wests Tigers,2010,Rd 5,5,4,36,2010-04-10,NQ Cowboys,Wests Tigers,16,23,Dairy Farmers,https://www.rugbyleagueproject.org/matches/17781
2010|Rd 5|South Sydney Rabbitohs|Newcastle Knights,2010,Rd 5,5,5,37,2010-04-10,South Sydney Rabbitohs,Newcastle Knights,28,10,Bluetongue,https://www.rugbyleagueproject.org/matches/17779
2010|Rd 5|Manly Sea Eagles|Cronulla Sharks,2010,Rd 5,5,6,38,2010-04-11,Manly Sea Eagles,Cronulla Sharks,40,12,Brookvale,https://www.rugbyleagueproject.org/matches/17782
2010|Rd 5|Penrith Panthers|Sydney Roosters,2010,Rd 5,5,7,39,2010-04-11,Penrith Panthers,Sydney Roosters,28,6,CUA Stadium,https://www.rugbyleagueproject.org/matches/17783
2010|Rd 5|Parramatta Eels|Canberra Raiders,2010,Rd 5,5,8,40,2010-04-12,Parramatta Eels,Canberra Raiders,14,24,Parramatta,https://www.rugbyleagueproject.org/matches/17784
2010|Rd 6|Gold Coast Titans|St. George Illawarra Dragons,2010,Rd 6,6,1,41,2010-04-16,Gold Coast Titans,St. George Illawarra Dragons,6,19,Skilled Park,https://www.rugbyleagueproject.org/matches/17786
2010|Rd 6|Wests Tigers|Canterbury Bulldogs,2010,Rd 6,6,2,42,2010-04-16,Wests Tigers,Canterbury Bulldogs,4,24,SFS,https://www.rugbyleagueproject.org/matches/17785
2010|Rd 6|Newcastle Knights|NQ Cowboys,2010,Rd 6,6,3,43,2010-04-17,Newcastle Knights,NQ Cowboys,36,18,EnergyAustralia,https://www.rugbyleagueproject.org/matches/17787
2010|Rd 6|Sydney Roosters|Canberra Raiders,2010,Rd 6,6,4,44,2010-04-17,Sydney Roosters,Canberra Raiders,36,6,SFS,https://www.rugbyleagueproject.org/matches/17788
2010|Rd 6|Brisbane Broncos|Cronulla Sharks,2010,Rd 6,6,5,45,2010-04-18,Brisbane Broncos,Cronulla Sharks,44,16,Suncorp,https://www.rugbyleagueproject.org/matches/17790
2010|Rd 6|New Zealand Warriors|Penrith Panthers,2010,Rd 6,6,6,46,2010-04-18,New Zealand Warriors,Penrith Panthers,12,40,Mt Smart,https://www.rugbyleagueproject.org/matches/17789
2010|Rd 6|Parramatta Eels|South Sydney Rabbitohs,2010,Rd 6,6,7,47,2010-04-18,Parramatta Eels,South Sydney Rabbitohs,22,8,ANZ,https://www.rugbyleagueproject.org/matches/17791
2010|Rd 6|Melbourne Storm|Manly Sea Eagles,2010,Rd 6,6,8,48,2010-04-19,Melbourne Storm,Manly Sea Eagles,16,18,Etihad,https://www.rugbyleagueproject.org/matches/17792
2010|Rd 7|Canterbury Bulldogs|Brisbane Broncos,2010,Rd 7,7,1,49,2010-04-23,Canterbury Bulldogs,Brisbane Broncos,36,18,ANZ,https://www.rugbyleagueproject.org/matches/17793
2010|Rd 7|NQ Cowboys|Parramatta Eels,2010,Rd 7,7,2,50,2010-04-23,NQ Cowboys,Parramatta Eels,18,24,Dairy Farmers,https://www.rugbyleagueproject.org/matches/17794
2010|Rd 7|Cronulla Sharks|Newcastle Knights,2010,Rd 7,7,3,51,2010-04-24,Cronulla Sharks,Newcastle Knights,26,6,Toyota,https://www.rugbyleagueproject.org/matches/17796
2010|Rd 7|Penrith Panthers|Wests Tigers,2010,Rd 7,7,4,52,2010-04-24,Penrith Panthers,Wests Tigers,26,18,CUA Stadium,https://www.rugbyleagueproject.org/matches/17795
2010|Rd 7|Canberra Raiders|South Sydney Rabbitohs,2010,Rd 7,7,5,53,2010-04-25,Canberra Raiders,South Sydney Rabbitohs,24,26,Canberra Stadium,https://www.rugbyleagueproject.org/matches/17797
2010|Rd 7|Melbourne Storm|New Zealand Warriors,2010,Rd 7,7,6,54,2010-04-25,Melbourne Storm,New Zealand Warriors,40,6,Etihad,https://www.rugbyleagueproject.org/matches/17799
2010|Rd 7|St. George Illawarra Dragons|Sydney Roosters,2010,Rd 7,7,7,55,2010-04-25,St. George Illawarra Dragons,Sydney Roosters,28,6,SFS,https://www.rugbyleagueproject.org/matches/17798
2010|Rd 7|Manly Sea Eagles|Gold Coast Titans,2010,Rd 7,7,8,56,2010-04-26,Manly Sea Eagles,Gold Coast Titans,22,24,Brookvale,https://www.rugbyleagueproject.org/matches/17800
2010|Rd 8|Brisbane Broncos|Newcastle Knights,2010,Rd 8,8,1,57,2010-04-30,Brisbane Broncos,Newcastle Knights,22,30,Suncorp,https://www.rugbyleagueproject.org/matches/17802
2010|Rd 8|Parramatta Eels|Canterbury Bulldogs,2010,Rd 8,8,2,58,2010-04-30,Parramatta Eels,Canterbury Bulldogs,26,10,ANZ,https://www.rugbyleagueproject.org/matches/17801
2010|Rd 8|Gold Coast Titans|Penrith Panthers,2010,Rd 8,8,3,59,2010-05-01,Gold Coast Titans,Penrith Panthers,38,24,Skilled Park,https://www.rugbyleagueproject.org/matches/17804
2010|Rd 8|NQ Cowboys|Melbourne Storm,2010,Rd 8,8,4,60,2010-05-01,NQ Cowboys,Melbourne Storm,6,34,Dairy Farmers,https://www.rugbyleagueproject.org/matches/17805
2010|Rd 8|New Zealand Warriors|Canberra Raiders,2010,Rd 8,8,5,61,2010-05-01,New Zealand Warriors,Canberra Raiders,16,23,Mt Smart,https://www.rugbyleagueproject.org/matches/17803
2010|Rd 8|St. George Illawarra Dragons|Cronulla Sharks,2010,Rd 8,8,6,62,2010-05-01,St. George Illawarra Dragons,Cronulla Sharks,38,0,WIN,https://www.rugbyleagueproject.org/matches/17806
2010|Rd 8|South Sydney Rabbitohs|Manly Sea Eagles,2010,Rd 8,8,7,63,2010-05-02,South Sydney Rabbitohs,Manly Sea Eagles,22,30,ANZ,https://www.rugbyleagueproject.org/matches/17808
2010|Rd 8|Wests Tigers|Sydney Roosters,2010,Rd 8,8,8,64,2010-05-02,Wests Tigers,Sydney Roosters,8,12,Campbelltown,https://www.rugbyleagueproject.org/matches/17807
2010|Rd 9|Manly Sea Eagles|St. George Illawarra Dragons,2010,Rd 9,9,1,65,2010-05-08,Manly Sea Eagles,St. George Illawarra Dragons,24,6,Brookvale,https://www.rugbyleagueproject.org/matches/17809
2010|Rd 9|Melbourne Storm|Brisbane Broncos,2010,Rd 9,9,2,66,2010-05-09,Melbourne Storm,Brisbane Broncos,14,36,AAMI,https://www.rugbyleagueproject.org/matches/17811
2010|Rd 9|Newcastle Knights|Gold Coast Titans,2010,Rd 9,9,3,67,2010-05-09,Newcastle Knights,Gold Coast Titans,36,38,EnergyAustralia,https://www.rugbyleagueproject.org/matches/17810
2010|Rd 9|Sydney Roosters|NQ Cowboys,2010,Rd 9,9,4,68,2010-05-10,Sydney Roosters,NQ Cowboys,14,32,SFS,https://www.rugbyleagueproject.org/matches/17812
2010|Rd 10|Brisbane Broncos|Gold Coast Titans,2010,Rd 10,10,1,69,2010-05-14,Brisbane Broncos,Gold Coast Titans,28,6,Suncorp,https://www.rugbyleagueproject.org/matches/17814
2010|Rd 10|Canterbury Bulldogs|St. George Illawarra Dragons,2010,Rd 10,10,2,70,2010-05-14,Canterbury Bulldogs,St. George Illawarra Dragons,6,19,ANZ,https://www.rugbyleagueproject.org/matches/17813
2010|Rd 10|Canberra Raiders|Melbourne Storm,2010,Rd 10,10,3,71,2010-05-15,Canberra Raiders,Melbourne Storm,6,17,Canberra Stadium,https://www.rugbyleagueproject.org/matches/17817
2010|Rd 10|New Zealand Warriors|NQ Cowboys,2010,Rd 10,10,4,72,2010-05-15,New Zealand Warriors,NQ Cowboys,24,12,Mt Smart,https://www.rugbyleagueproject.org/matches/17815
2010|Rd 10|Sydney Roosters|Newcastle Knights,2010,Rd 10,10,5,73,2010-05-15,Sydney Roosters,Newcastle Knights,18,34,Bluetongue,https://www.rugbyleagueproject.org/matches/17816
2010|Rd 10|Cronulla Sharks|Penrith Panthers,2010,Rd 10,10,6,74,2010-05-16,Cronulla Sharks,Penrith Panthers,14,34,Toyota,https://www.rugbyleagueproject.org/matches/17819
2010|Rd 10|Wests Tigers|South Sydney Rabbitohs,2010,Rd 10,10,7,75,2010-05-16,Wests Tigers,South Sydney Rabbitohs,10,50,SCG,https://www.rugbyleagueproject.org/matches/17818
2010|Rd 10|Manly Sea Eagles|Parramatta Eels,2010,Rd 10,10,8,76,2010-05-17,Manly Sea Eagles,Parramatta Eels,12,19,Brookvale,https://www.rugbyleagueproject.org/matches/17820
2010|Rd 11|Newcastle Knights|Wests Tigers,2010,Rd 11,11,1,77,2010-05-21,Newcastle Knights,Wests Tigers,6,23,EnergyAustralia,https://www.rugbyleagueproject.org/matches/17821
2010|Rd 11|Parramatta Eels|Cronulla Sharks,2010,Rd 11,11,2,78,2010-05-22,Parramatta Eels,Cronulla Sharks,18,22,Parramatta,https://www.rugbyleagueproject.org/matches/17849
2010|Rd 11|New Zealand Warriors|South Sydney Rabbitohs,2010,Rd 11,11,3,79,2010-05-23,New Zealand Warriors,South Sydney Rabbitohs,26,24,Mt Smart,https://www.rugbyleagueproject.org/matches/17850
2010|Rd 11|St. George Illawarra Dragons|Canberra Raiders,2010,Rd 11,11,4,80,2010-05-23,St. George Illawarra Dragons,Canberra Raiders,14,22,WIN,https://www.rugbyleagueproject.org/matches/17851
2010|Rd 11|Penrith Panthers|Canterbury Bulldogs,2010,Rd 11,11,5,81,2010-05-24,Penrith Panthers,Canterbury Bulldogs,31,16,CUA Stadium,https://www.rugbyleagueproject.org/matches/17852
2010|Rd 12|St. George Illawarra Dragons|Parramatta Eels,2010,Rd 12,12,1,82,2010-05-28,St. George Illawarra Dragons,Parramatta Eels,30,0,WIN Jubilee,https://www.rugbyleagueproject.org/matches/19932
2010|Rd 12|Wests Tigers|New Zealand Warriors,2010,Rd 12,12,2,83,2010-05-28,Wests Tigers,New Zealand Warriors,50,6,Campbelltown,https://www.rugbyleagueproject.org/matches/19933
2010|Rd 12|Cronulla Sharks|Brisbane Broncos,2010,Rd 12,12,3,84,2010-05-29,Cronulla Sharks,Brisbane Broncos,4,20,Toyota,https://www.rugbyleagueproject.org/matches/19934
2010|Rd 12|NQ Cowboys|Manly Sea Eagles,2010,Rd 12,12,4,85,2010-05-29,NQ Cowboys,Manly Sea Eagles,20,24,Dairy Farmers,https://www.rugbyleagueproject.org/matches/19935
2010|Rd 12|Melbourne Storm|Canterbury Bulldogs,2010,Rd 12,12,5,86,2010-05-30,Melbourne Storm,Canterbury Bulldogs,23,12,AAMI,https://www.rugbyleagueproject.org/matches/19936
2010|Rd 12|South Sydney Rabbitohs|Penrith Panthers,2010,Rd 12,12,6,87,2010-05-30,South Sydney Rabbitohs,Penrith Panthers,42,22,ANZ,https://www.rugbyleagueproject.org/matches/19937
2010|Rd 12|Gold Coast Titans|Sydney Roosters,2010,Rd 12,12,7,88,2010-05-31,Gold Coast Titans,Sydney Roosters,16,30,Skilled Park,https://www.rugbyleagueproject.org/matches/19938
2010|Rd 13|Canterbury Bulldogs|Wests Tigers,2010,Rd 13,13,1,89,2010-06-04,Canterbury Bulldogs,Wests Tigers,12,19,ANZ,https://www.rugbyleagueproject.org/matches/19940
2010|Rd 13|Parramatta Eels|Melbourne Storm,2010,Rd 13,13,2,90,2010-06-04,Parramatta Eels,Melbourne Storm,24,10,Parramatta,https://www.rugbyleagueproject.org/matches/19939
2010|Rd 13|Penrith Panthers|Newcastle Knights,2010,Rd 13,13,3,91,2010-06-05,Penrith Panthers,Newcastle Knights,28,10,CUA Stadium,https://www.rugbyleagueproject.org/matches/19941
2010|Rd 13|Sydney Roosters|Cronulla Sharks,2010,Rd 13,13,4,92,2010-06-05,Sydney Roosters,Cronulla Sharks,18,42,SFS,https://www.rugbyleagueproject.org/matches/19942
2010|Rd 13|Canberra Raiders|Gold Coast Titans,2010,Rd 13,13,5,93,2010-06-06,Canberra Raiders,Gold Coast Titans,28,24,Canberra Stadium,https://www.rugbyleagueproject.org/matches/19944
2010|Rd 13|Manly Sea Eagles|Brisbane Broncos,2010,Rd 13,13,6,94,2010-06-06,Manly Sea Eagles,Brisbane Broncos,6,22,Brookvale,https://www.rugbyleagueproject.org/matches/19945
2010|Rd 13|New Zealand Warriors|St. George Illawarra Dragons,2010,Rd 13,13,7,95,2010-06-06,New Zealand Warriors,St. George Illawarra Dragons,20,22,Mt Smart,https://www.rugbyleagueproject.org/matches/19943
2010|Rd 13|South Sydney Rabbitohs|NQ Cowboys,2010,Rd 13,13,8,96,2010-06-07,South Sydney Rabbitohs,NQ Cowboys,32,4,ANZ,https://www.rugbyleagueproject.org/matches/19946
2010|Rd 14|Gold Coast Titans|Manly Sea Eagles,2010,Rd 14,14,1,97,2010-06-11,Gold Coast Titans,Manly Sea Eagles,28,14,Skilled Park,https://www.rugbyleagueproject.org/matches/19947
2010|Rd 14|NQ Cowboys|Canberra Raiders,2010,Rd 14,14,2,98,2010-06-12,NQ Cowboys,Canberra Raiders,16,8,Dairy Farmers,https://www.rugbyleagueproject.org/matches/19948
2010|Rd 14|Brisbane Broncos|South Sydney Rabbitohs,2010,Rd 14,14,3,99,2010-06-13,Brisbane Broncos,South Sydney Rabbitohs,50,22,Suncorp,https://www.rugbyleagueproject.org/matches/19950
2010|Rd 14|Newcastle Knights|New Zealand Warriors,2010,Rd 14,14,4,100,2010-06-13,Newcastle Knights,New Zealand Warriors,24,32,EnergyAustralia,https://www.rugbyleagueproject.org/matches/19949
2010|Rd 14|Melbourne Storm|Sydney Roosters,2010,Rd 14,14,5,101,2010-06-14,Melbourne Storm,Sydney Roosters,6,38,AAMI,https://www.rugbyleagueproject.org/matches/19951
2010|Rd 15|Brisbane Broncos|Penrith Panthers,2010,Rd 15,15,1,102,2010-06-18,Brisbane Broncos,Penrith Panthers,12,22,Suncorp,https://www.rugbyleagueproject.org/matches/19952
2010|Rd 15|Canterbury Bulldogs|Gold Coast Titans,2010,Rd 15,15,2,103,2010-06-18,Canterbury Bulldogs,Gold Coast Titans,24,25,Suncorp,https://www.rugbyleagueproject.org/matches/19953
2010|Rd 15|Manly Sea Eagles|South Sydney Rabbitohs,2010,Rd 15,15,3,104,2010-06-19,Manly Sea Eagles,South Sydney Rabbitohs,26,25,Brookvale,https://www.rugbyleagueproject.org/matches/19955
2010|Rd 15|Melbourne Storm|NQ Cowboys,2010,Rd 15,15,4,105,2010-06-19,Melbourne Storm,NQ Cowboys,58,12,AAMI,https://www.rugbyleagueproject.org/matches/19954
2010|Rd 15|Cronulla Sharks|St. George Illawarra Dragons,2010,Rd 15,15,5,106,2010-06-20,Cronulla Sharks,St. George Illawarra Dragons,4,22,Toyota,https://www.rugbyleagueproject.org/matches/19956
2010|Rd 15|Wests Tigers|Canberra Raiders,2010,Rd 15,15,6,107,2010-06-20,Wests Tigers,Canberra Raiders,18,8,Leichhardt,https://www.rugbyleagueproject.org/matches/19957
2010|Rd 15|Newcastle Knights|Parramatta Eels,2010,Rd 15,15,7,108,2010-06-21,Newcastle Knights,Parramatta Eels,6,4,EnergyAustralia,https://www.rugbyleagueproject.org/matches/19958
2010|Rd 16|Penrith Panthers|Manly Sea Eagles,2010,Rd 16,16,1,109,2010-06-25,Penrith Panthers,Manly Sea Eagles,40,22,CUA Stadium,https://www.rugbyleagueproject.org/matches/19960
2010|Rd 16|St. George Illawarra Dragons|Wests Tigers,2010,Rd 16,16,2,110,2010-06-25,St. George Illawarra Dragons,Wests Tigers,34,10,WIN Jubilee,https://www.rugbyleagueproject.org/matches/19959
2010|Rd 16|NQ Cowboys|Cronulla Sharks,2010,Rd 16,16,3,111,2010-06-26,NQ Cowboys,Cronulla Sharks,19,20,Dairy Farmers,https://www.rugbyleagueproject.org/matches/19962
2010|Rd 16|Parramatta Eels|Brisbane Broncos,2010,Rd 16,16,4,112,2010-06-26,Parramatta Eels,Brisbane Broncos,6,10,Parramatta,https://www.rugbyleagueproject.org/matches/19961
2010|Rd 16|South Sydney Rabbitohs|Melbourne Storm,2010,Rd 16,16,5,113,2010-06-26,South Sydney Rabbitohs,Melbourne Storm,16,14,ME Bank,https://www.rugbyleagueproject.org/matches/19963
2010|Rd 16|Gold Coast Titans|Newcastle Knights,2010,Rd 16,16,6,114,2010-06-27,Gold Coast Titans,Newcastle Knights,16,24,Skilled Park,https://www.rugbyleagueproject.org/matches/19965
2010|Rd 16|Sydney Roosters|New Zealand Warriors,2010,Rd 16,16,7,115,2010-06-27,Sydney Roosters,New Zealand Warriors,18,20,AMI Stadium,https://www.rugbyleagueproject.org/matches/19964
2010|Rd 16|Canberra Raiders|Canterbury Bulldogs,2010,Rd 16,16,8,116,2010-06-28,Canberra Raiders,Canterbury Bulldogs,10,18,Canberra Stadium,https://www.rugbyleagueproject.org/matches/19966
2010|Rd 17|Brisbane Broncos|Wests Tigers,2010,Rd 17,17,1,117,2010-07-02,Brisbane Broncos,Wests Tigers,14,16,Suncorp,https://www.rugbyleagueproject.org/matches/19967
2010|Rd 17|Cronulla Sharks|Canterbury Bulldogs,2010,Rd 17,17,2,118,2010-07-03,Cronulla Sharks,Canterbury Bulldogs,12,24,Bluetongue,https://www.rugbyleagueproject.org/matches/19968
2010|Rd 17|Canberra Raiders|Sydney Roosters,2010,Rd 17,17,3,119,2010-07-04,Canberra Raiders,Sydney Roosters,12,22,Canberra Stadium,https://www.rugbyleagueproject.org/matches/19969
2010|Rd 17|New Zealand Warriors|Parramatta Eels,2010,Rd 17,17,4,120,2010-07-04,New Zealand Warriors,Parramatta Eels,35,6,Mt Smart,https://www.rugbyleagueproject.org/matches/19970
2010|Rd 17|St. George Illawarra Dragons|Penrith Panthers,2010,Rd 17,17,5,121,2010-07-05,St. George Illawarra Dragons,Penrith Panthers,8,12,WIN Jubilee,https://www.rugbyleagueproject.org/matches/19971
2010|Rd 18|Sydney Roosters|South Sydney Rabbitohs,2010,Rd 18,18,1,122,2010-07-09,Sydney Roosters,South Sydney Rabbitohs,18,14,SFS,https://www.rugbyleagueproject.org/matches/19973
2010|Rd 18|Wests Tigers|Gold Coast Titans,2010,Rd 18,18,2,123,2010-07-09,Wests Tigers,Gold Coast Titans,15,14,Campbelltown,https://www.rugbyleagueproject.org/matches/19972
2010|Rd 18|Canterbury Bulldogs|Melbourne Storm,2010,Rd 18,18,3,124,2010-07-10,Canterbury Bulldogs,Melbourne Storm,20,18,Adelaide,https://www.rugbyleagueproject.org/matches/19975
2010|Rd 18|Manly Sea Eagles|Canberra Raiders,2010,Rd 18,18,4,125,2010-07-10,Manly Sea Eagles,Canberra Raiders,22,24,Brookvale,https://www.rugbyleagueproject.org/matches/19974
2010|Rd 18|Newcastle Knights|Cronulla Sharks,2010,Rd 18,18,5,126,2010-07-11,Newcastle Knights,Cronulla Sharks,21,10,EnergyAustralia,https://www.rugbyleagueproject.org/matches/19976
2010|Rd 18|Penrith Panthers|New Zealand Warriors,2010,Rd 18,18,6,127,2010-07-11,Penrith Panthers,New Zealand Warriors,6,12,CUA Stadium,https://www.rugbyleagueproject.org/matches/19977
2010|Rd 18|Parramatta Eels|NQ Cowboys,2010,Rd 18,18,7,128,2010-07-12,Parramatta Eels,NQ Cowboys,36,24,Parramatta,https://www.rugbyleagueproject.org/matches/19978
2010|Rd 19|Gold Coast Titans|Brisbane Broncos,2010,Rd 19,19,1,129,2010-07-16,Gold Coast Titans,Brisbane Broncos,10,24,Skilled Park,https://www.rugbyleagueproject.org/matches/19979
2010|Rd 19|South Sydney Rabbitohs|St. George Illawarra Dragons,2010,Rd 19,19,2,130,2010-07-16,South Sydney Rabbitohs,St. George Illawarra Dragons,13,16,ANZ,https://www.rugbyleagueproject.org/matches/19980
2010|Rd 19|Cronulla Sharks|Manly Sea Eagles,2010,Rd 19,19,3,131,2010-07-17,Cronulla Sharks,Manly Sea Eagles,18,48,Toyota,https://www.rugbyleagueproject.org/matches/19983
2010|Rd 19|New Zealand Warriors|Melbourne Storm,2010,Rd 19,19,4,132,2010-07-17,New Zealand Warriors,Melbourne Storm,13,6,Mt Smart,https://www.rugbyleagueproject.org/matches/19981
2010|Rd 19|Penrith Panthers|Parramatta Eels,2010,Rd 19,19,5,133,2010-07-17,Penrith Panthers,Parramatta Eels,28,34,CUA Stadium,https://www.rugbyleagueproject.org/matches/19982
2010|Rd 19|Canberra Raiders|Newcastle Knights,2010,Rd 19,19,6,134,2010-07-18,Canberra Raiders,Newcastle Knights,52,18,Canberra Stadium,https://www.rugbyleagueproject.org/matches/19984
2010|Rd 19|Sydney Roosters|Canterbury Bulldogs,2010,Rd 19,19,7,135,2010-07-18,Sydney Roosters,Canterbury Bulldogs,36,32,SFS,https://www.rugbyleagueproject.org/matches/19985
2010|Rd 19|Wests Tigers|NQ Cowboys,2010,Rd 19,19,8,136,2010-07-19,Wests Tigers,NQ Cowboys,26,16,Leichhardt,https://www.rugbyleagueproject.org/matches/19986
2010|Rd 20|Canterbury Bulldogs|Parramatta Eels,2010,Rd 20,20,1,137,2010-07-23,Canterbury Bulldogs,Parramatta Eels,16,32,ANZ,https://www.rugbyleagueproject.org/matches/19987
2010|Rd 20|St. George Illawarra Dragons|Gold Coast Titans,2010,Rd 20,20,2,138,2010-07-23,St. George Illawarra Dragons,Gold Coast Titans,10,11,WIN Jubilee,https://www.rugbyleagueproject.org/matches/19988
2010|Rd 20|Canberra Raiders|Cronulla Sharks,2010,Rd 20,20,3,139,2010-07-24,Canberra Raiders,Cronulla Sharks,20,13,Canberra Stadium,https://www.rugbyleagueproject.org/matches/19989
2010|Rd 20|Melbourne Storm|Penrith Panthers,2010,Rd 20,20,4,140,2010-07-24,Melbourne Storm,Penrith Panthers,18,10,AAMI,https://www.rugbyleagueproject.org/matches/19990
2010|Rd 20|NQ Cowboys|Newcastle Knights,2010,Rd 20,20,5,141,2010-07-24,NQ Cowboys,Newcastle Knights,28,24,Dairy Farmers,https://www.rugbyleagueproject.org/matches/19991
2010|Rd 20|Manly Sea Eagles|Wests Tigers,2010,Rd 20,20,6,142,2010-07-25,Manly Sea Eagles,Wests Tigers,38,20,Bluetongue,https://www.rugbyleagueproject.org/matches/19993
2010|Rd 20|South Sydney Rabbitohs|New Zealand Warriors,2010,Rd 20,20,7,143,2010-07-25,South Sydney Rabbitohs,New Zealand Warriors,38,28,ANZ,https://www.rugbyleagueproject.org/matches/19992
2010|Rd 20|Brisbane Broncos|Sydney Roosters,2010,Rd 20,20,8,144,2010-07-26,Brisbane Broncos,Sydney Roosters,30,34,Suncorp,https://www.rugbyleagueproject.org/matches/19994
2010|Rd 21|Canterbury Bulldogs|South Sydney Rabbitohs,2010,Rd 21,21,1,145,2010-07-30,Canterbury Bulldogs,South Sydney Rabbitohs,32,12,ANZ,https://www.rugbyleagueproject.org/matches/19995
2010|Rd 21|Penrith Panthers|NQ Cowboys,2010,Rd 21,21,2,146,2010-07-30,Penrith Panthers,NQ Cowboys,24,16,CUA Stadium,https://www.rugbyleagueproject.org/matches/19996
2010|Rd 21|Parramatta Eels|Sydney Roosters,2010,Rd 21,21,3,147,2010-07-31,Parramatta Eels,Sydney Roosters,12,48,Parramatta,https://www.rugbyleagueproject.org/matches/19997
2010|Rd 21|Wests Tigers|Cronulla Sharks,2010,Rd 21,21,4,148,2010-07-31,Wests Tigers,Cronulla Sharks,24,22,Leichhardt,https://www.rugbyleagueproject.org/matches/19998
2010|Rd 21|Brisbane Broncos|St. George Illawarra Dragons,2010,Rd 21,21,5,149,2010-08-01,Brisbane Broncos,St. George Illawarra Dragons,10,6,Suncorp,https://www.rugbyleagueproject.org/matches/20001
2010|Rd 21|Melbourne Storm|Canberra Raiders,2010,Rd 21,21,6,150,2010-08-01,Melbourne Storm,Canberra Raiders,36,12,AAMI,https://www.rugbyleagueproject.org/matches/20000
2010|Rd 21|New Zealand Warriors|Gold Coast Titans,2010,Rd 21,21,7,151,2010-08-01,New Zealand Warriors,Gold Coast Titans,20,28,Mt Smart,https://www.rugbyleagueproject.org/matches/19999
2010|Rd 21|Newcastle Knights|Manly Sea Eagles,2010,Rd 21,21,8,152,2010-08-02,Newcastle Knights,Manly Sea Eagles,32,14,EnergyAustralia,https://www.rugbyleagueproject.org/matches/20002
2010|Rd 22|Gold Coast Titans|Parramatta Eels,2010,Rd 22,22,1,153,2010-08-06,Gold Coast Titans,Parramatta Eels,34,12,Skilled Park,https://www.rugbyleagueproject.org/matches/20004
2010|Rd 22|NQ Cowboys|Brisbane Broncos,2010,Rd 22,22,2,154,2010-08-06,NQ Cowboys,Brisbane Broncos,26,34,Dairy Farmers,https://www.rugbyleagueproject.org/matches/20003
2010|Rd 22|Cronulla Sharks|New Zealand Warriors,2010,Rd 22,22,3,155,2010-08-07,Cronulla Sharks,New Zealand Warriors,10,37,Toyota,https://www.rugbyleagueproject.org/matches/20007
2010|Rd 22|Manly Sea Eagles|Melbourne Storm,2010,Rd 22,22,4,156,2010-08-07,Manly Sea Eagles,Melbourne Storm,26,6,Brookvale,https://www.rugbyleagueproject.org/matches/20005
2010|Rd 22|South Sydney Rabbitohs|Wests Tigers,2010,Rd 22,22,5,157,2010-08-07,South Sydney Rabbitohs,Wests Tigers,34,30,ANZ,https://www.rugbyleagueproject.org/matches/20006
2010|Rd 22|Newcastle Knights|Canterbury Bulldogs,2010,Rd 22,22,6,158,2010-08-08,Newcastle Knights,Canterbury Bulldogs,30,6,EnergyAustralia,https://www.rugbyleagueproject.org/matches/20008
2010|Rd 22|Sydney Roosters|St. George Illawarra Dragons,2010,Rd 22,22,7,159,2010-08-08,Sydney Roosters,St. George Illawarra Dragons,12,19,SCG,https://www.rugbyleagueproject.org/matches/20009
2010|Rd 22|Canberra Raiders|Penrith Panthers,2010,Rd 22,22,8,160,2010-08-09,Canberra Raiders,Penrith Panthers,30,26,Canberra Stadium,https://www.rugbyleagueproject.org/matches/20010
2010|Rd 23|Brisbane Broncos|Parramatta Eels,2010,Rd 23,23,1,161,2010-08-13,Brisbane Broncos,Parramatta Eels,14,30,Suncorp,https://www.rugbyleagueproject.org/matches/20011
2010|Rd 23|Cronulla Sharks|Sydney Roosters,2010,Rd 23,23,2,162,2010-08-13,Cronulla Sharks,Sydney Roosters,18,12,Toyota,https://www.rugbyleagueproject.org/matches/20012
2010|Rd 23|Canterbury Bulldogs|Canberra Raiders,2010,Rd 23,23,3,163,2010-08-14,Canterbury Bulldogs,Canberra Raiders,14,28,ANZ,https://www.rugbyleagueproject.org/matches/20014
2010|Rd 23|Gold Coast Titans|NQ Cowboys,2010,Rd 23,23,4,164,2010-08-14,Gold Coast Titans,NQ Cowboys,37,18,Skilled Park,https://www.rugbyleagueproject.org/matches/20013
2010|Rd 23|Melbourne Storm|South Sydney Rabbitohs,2010,Rd 23,23,5,165,2010-08-15,Melbourne Storm,South Sydney Rabbitohs,18,16,AAMI,https://www.rugbyleagueproject.org/matches/20016
2010|Rd 23|New Zealand Warriors|Newcastle Knights,2010,Rd 23,23,6,166,2010-08-15,New Zealand Warriors,Newcastle Knights,22,10,Mt Smart,https://www.rugbyleagueproject.org/matches/20015
2010|Rd 23|Wests Tigers|Penrith Panthers,2010,Rd 23,23,7,167,2010-08-15,Wests Tigers,Penrith Panthers,43,18,Campbelltown,https://www.rugbyleagueproject.org/matches/20017
2010|Rd 23|St. George Illawarra Dragons|Manly Sea Eagles,2010,Rd 23,23,8,168,2010-08-16,St. George Illawarra Dragons,Manly Sea Eagles,32,10,WIN Jubilee,https://www.rugbyleagueproject.org/matches/20018
2010|Rd 24|Newcastle Knights|Brisbane Broncos,2010,Rd 24,24,1,169,2010-08-20,Newcastle Knights,Brisbane Broncos,44,18,EnergyAustralia,https://www.rugbyleagueproject.org/matches/20020
2010|Rd 24|Penrith Panthers|South Sydney Rabbitohs,2010,Rd 24,24,2,170,2010-08-20,Penrith Panthers,South Sydney Rabbitohs,54,18,CUA Stadium,https://www.rugbyleagueproject.org/matches/20019
2010|Rd 24|Manly Sea Eagles|New Zealand Warriors,2010,Rd 24,24,3,171,2010-08-21,Manly Sea Eagles,New Zealand Warriors,19,16,Brookvale,https://www.rugbyleagueproject.org/matches/20021
2010|Rd 24|Melbourne Storm|Cronulla Sharks,2010,Rd 24,24,4,172,2010-08-21,Melbourne Storm,Cronulla Sharks,24,4,AAMI,https://www.rugbyleagueproject.org/matches/20023
2010|Rd 24|NQ Cowboys|Canterbury Bulldogs,2010,Rd 24,24,5,173,2010-08-21,NQ Cowboys,Canterbury Bulldogs,20,22,Dairy Farmers,https://www.rugbyleagueproject.org/matches/20022
2010|Rd 24|Canberra Raiders|St. George Illawarra Dragons,2010,Rd 24,24,6,174,2010-08-22,Canberra Raiders,St. George Illawarra Dragons,32,16,Canberra Stadium,https://www.rugbyleagueproject.org/matches/20024
2010|Rd 24|Parramatta Eels|Wests Tigers,2010,Rd 24,24,7,175,2010-08-22,Parramatta Eels,Wests Tigers,18,20,Parramatta,https://www.rugbyleagueproject.org/matches/20025
2010|Rd 24|Sydney Roosters|Gold Coast Titans,2010,Rd 24,24,8,176,2010-08-23,Sydney Roosters,Gold Coast Titans,14,23,SFS,https://www.rugbyleagueproject.org/matches/20026
2010|Rd 25|New Zealand Warriors|Brisbane Broncos,2010,Rd 25,25,1,177,2010-08-27,New Zealand Warriors,Brisbane Broncos,36,4,Mt Smart,https://www.rugbyleagueproject.org/matches/20027
2010|Rd 25|South Sydney Rabbitohs|Parramatta Eels,2010,Rd 25,25,2,178,2010-08-27,South Sydney Rabbitohs,Parramatta Eels,24,16,ANZ,https://www.rugbyleagueproject.org/matches/20028
2010|Rd 25|Canberra Raiders|NQ Cowboys,2010,Rd 25,25,3,179,2010-08-28,Canberra Raiders,NQ Cowboys,48,4,Canberra Stadium,https://www.rugbyleagueproject.org/matches/20031
2010|Rd 25|Cronulla Sharks|Gold Coast Titans,2010,Rd 25,25,4,180,2010-08-28,Cronulla Sharks,Gold Coast Titans,30,16,Toyota,https://www.rugbyleagueproject.org/matches/20029
2010|Rd 25|Newcastle Knights|St. George Illawarra Dragons,2010,Rd 25,25,5,181,2010-08-28,Newcastle Knights,St. George Illawarra Dragons,18,26,EnergyAustralia,https://www.rugbyleagueproject.org/matches/20030
2010|Rd 25|Sydney Roosters|Manly Sea Eagles,2010,Rd 25,25,6,182,2010-08-29,Sydney Roosters,Manly Sea Eagles,30,14,SFS,https://www.rugbyleagueproject.org/matches/20033
2010|Rd 25|Wests Tigers|Melbourne Storm,2010,Rd 25,25,7,183,2010-08-29,Wests Tigers,Melbourne Storm,26,14,Leichhardt,https://www.rugbyleagueproject.org/matches/20032
2010|Rd 25|Canterbury Bulldogs|Penrith Panthers,2010,Rd 25,25,8,184,2010-08-30,Canterbury Bulldogs,Penrith Panthers,18,24,ANZ,https://www.rugbyleagueproject.org/matches/20034
2010|Rd 26|Brisbane Broncos|Canberra Raiders,2010,Rd 26,26,1,185,2010-09-03,Brisbane Broncos,Canberra Raiders,16,18,Suncorp,https://www.rugbyleagueproject.org/matches/20036
2010|Rd 26|Gold Coast Titans|Wests Tigers,2010,Rd 26,26,2,186,2010-09-03,Gold Coast Titans,Wests Tigers,21,18,Skilled Park,https://www.rugbyleagueproject.org/matches/20035
2010|Rd 26|NQ Cowboys|Sydney Roosters,2010,Rd 26,26,3,187,2010-09-04,NQ Cowboys,Sydney Roosters,8,18,Dairy Farmers,https://www.rugbyleagueproject.org/matches/20038
2010|Rd 26|Parramatta Eels|New Zealand Warriors,2010,Rd 26,26,4,188,2010-09-04,Parramatta Eels,New Zealand Warriors,12,26,Parramatta,https://www.rugbyleagueproject.org/matches/20037
2010|Rd 26|Penrith Panthers|Cronulla Sharks,2010,Rd 26,26,5,189,2010-09-04,Penrith Panthers,Cronulla Sharks,50,12,CUA Stadium,https://www.rugbyleagueproject.org/matches/20039
2010|Rd 26|Manly Sea Eagles|Canterbury Bulldogs,2010,Rd 26,26,6,190,2010-09-05,Manly Sea Eagles,Canterbury Bulldogs,24,30,Brookvale,https://www.rugbyleagueproject.org/matches/20041
2010|Rd 26|Melbourne Storm|Newcastle Knights,2010,Rd 26,26,7,191,2010-09-05,Melbourne Storm,Newcastle Knights,34,4,AAMI,https://www.rugbyleagueproject.org/matches/20040
2010|Rd 26|St. George Illawarra Dragons|South Sydney Rabbitohs,2010,Rd 26,26,8,192,2010-09-05,St. George Illawarra Dragons,South Sydney Rabbitohs,38,24,WIN Jubilee,https://www.rugbyleagueproject.org/matches/20042
2010|Qualif Final|Gold Coast Titans|New Zealand Warriors,2010,Qualif Final,27,1,193,2010-09-10,Gold Coast Titans,New Zealand Warriors,28,16,Skilled Park,https://www.rugbyleagueproject.org/matches/20043
2010|Qualif Final|Penrith Panthers|Canberra Raiders,2010,Qualif Final,27,2,194,2010-09-11,Penrith Panthers,Canberra Raiders,22,24,CUA Stadium,https://www.rugbyleagueproject.org/matches/20045
2010|Qualif Final|Wests Tigers|Sydney Roosters,2010,Qualif Final,27,3,195,2010-09-11,Wests Tigers,Sydney Roosters,15,19,SFS,https://www.rugbyleagueproject.org/matches/20044
2010|Qualif Final|St. George Illawarra Dragons|Manly Sea Eagles,2010,Qualif Final,27,4,196,2010-09-12,St. George Illawarra Dragons,Manly Sea Eagles,28,0,WIN Jubilee,https://www.rugbyleagueproject.org/matches/20046
2010|Semi Final|Canberra Raiders|Wests Tigers,2010,Semi Final,28,1,197,2010-09-17,Canberra Raiders,Wests Tigers,24,26,Canberra Stadium,https://www.rugbyleagueproject.org/matches/20047
2010|Semi Final|Sydney Roosters|Penrith Panthers,2010,Semi Final,28,2,198,2010-09-18,Sydney Roosters,Penrith Panthers,34,12,SFS,https://www.rugbyleagueproject.org/matches/20048
2010|Prelim Final|Gold Coast Titans|Sydney Roosters,2010,Prelim Final,29,1,199,2010-09-24,Gold Coast Titans,Sydney Roosters,6,32,Suncorp,https://www.rugbyleagueproject.org/matches/20049
2010|Prelim Final|St. George Illawarra Dragons|Wests Tigers,2010,Prelim Final,29,2,200,2010-09-25,St. George Illawarra Dragons,Wests Tigers,13,12,ANZ,https://www.rugbyleagueproject.org/matches/20050
2010|Grand Final|St. George Illawarra Dragons|Sydney Roosters,2010,Grand Final,30,1,201,2010-10-03,St. George Illawarra Dragons,Sydney Roosters,32,8,ANZ,https://www.rugbyleagueproject.org/matches/20051
2011|Rd 1|Brisbane Broncos|NQ Cowboys,2011,Rd 1,1,1,1,2011-03-11,Brisbane Broncos,NQ Cowboys,14,16,Suncorp,https://www.rugbyleagueproject.org/matches/21484
2011|Rd 1|Sydney Roosters|South Sydney Rabbitohs,2011,Rd 1,1,2,2,2011-03-11,Sydney Roosters,South Sydney Rabbitohs,40,29,SFS,https://www.rugbyleagueproject.org/matches/21483
2011|Rd 1|Gold Coast Titans|St. George Illawarra Dragons,2011,Rd 1,1,3,3,2011-03-12,Gold Coast Titans,St. George Illawarra Dragons,16,25,Skilled Park,https://www.rugbyleagueproject.org/matches/21487
2011|Rd 1|Melbourne Storm|Manly Sea Eagles,2011,Rd 1,1,4,4,2011-03-12,Melbourne Storm,Manly Sea Eagles,18,6,AAMI,https://www.rugbyleagueproject.org/matches/21486
2011|Rd 1|New Zealand Warriors|Parramatta Eels,2011,Rd 1,1,5,5,2011-03-12,New Zealand Warriors,Parramatta Eels,18,24,Eden Park,https://www.rugbyleagueproject.org/matches/21485
2011|Rd 1|Canberra Raiders|Cronulla Sharks,2011,Rd 1,1,6,6,2011-03-13,Canberra Raiders,Cronulla Sharks,40,12,Canberra Stadium,https://www.rugbyleagueproject.org/matches/21488
2011|Rd 1|Penrith Panthers|Newcastle Knights,2011,Rd 1,1,7,7,2011-03-13,Penrith Panthers,Newcastle Knights,8,42,Centrebet,https://www.rugbyleagueproject.org/matches/21489
2011|Rd 1|Canterbury Bulldogs|Wests Tigers,2011,Rd 1,1,8,8,2011-03-14,Canterbury Bulldogs,Wests Tigers,24,14,ANZ,https://www.rugbyleagueproject.org/matches/21490
2011|Rd 2|Canberra Raiders|Brisbane Broncos,2011,Rd 2,2,1,9,2011-03-18,Canberra Raiders,Brisbane Broncos,4,20,Canberra Stadium,https://www.rugbyleagueproject.org/matches/21492
2011|Rd 2|Parramatta Eels|Penrith Panthers,2011,Rd 2,2,2,10,2011-03-18,Parramatta Eels,Penrith Panthers,6,20,Parramatta,https://www.rugbyleagueproject.org/matches/21491
2011|Rd 2|Melbourne Storm|Gold Coast Titans,2011,Rd 2,2,3,11,2011-03-19,Melbourne Storm,Gold Coast Titans,40,12,AAMI,https://www.rugbyleagueproject.org/matches/21493
2011|Rd 2|NQ Cowboys|Newcastle Knights,2011,Rd 2,2,4,12,2011-03-19,NQ Cowboys,Newcastle Knights,22,34,Dairy Farmers,https://www.rugbyleagueproject.org/matches/21495
2011|Rd 2|Wests Tigers|New Zealand Warriors,2011,Rd 2,2,5,13,2011-03-19,Wests Tigers,New Zealand Warriors,20,12,Leichhardt,https://www.rugbyleagueproject.org/matches/21494
2011|Rd 2|South Sydney Rabbitohs|Canterbury Bulldogs,2011,Rd 2,2,6,14,2011-03-20,South Sydney Rabbitohs,Canterbury Bulldogs,19,28,ANZ,https://www.rugbyleagueproject.org/matches/21496
2011|Rd 2|Sydney Roosters|Manly Sea Eagles,2011,Rd 2,2,7,15,2011-03-20,Sydney Roosters,Manly Sea Eagles,16,27,SFS,https://www.rugbyleagueproject.org/matches/21497
2011|Rd 2|Cronulla Sharks|St. George Illawarra Dragons,2011,Rd 2,2,8,16,2011-03-21,Cronulla Sharks,St. George Illawarra Dragons,16,10,Toyota,https://www.rugbyleagueproject.org/matches/21498
2011|Rd 3|Gold Coast Titans|Brisbane Broncos,2011,Rd 3,3,1,17,2011-03-25,Gold Coast Titans,Brisbane Broncos,8,14,Skilled Park,https://www.rugbyleagueproject.org/matches/21500
2011|Rd 3|Parramatta Eels|South Sydney Rabbitohs,2011,Rd 3,3,2,18,2011-03-25,Parramatta Eels,South Sydney Rabbitohs,18,32,ANZ,https://www.rugbyleagueproject.org/matches/21499
2011|Rd 3|Penrith Panthers|Cronulla Sharks,2011,Rd 3,3,3,19,2011-03-26,Penrith Panthers,Cronulla Sharks,12,44,Centrebet,https://www.rugbyleagueproject.org/matches/21501
2011|Rd 3|Wests Tigers|Canberra Raiders,2011,Rd 3,3,4,20,2011-03-26,Wests Tigers,Canberra Raiders,34,24,Campbelltown,https://www.rugbyleagueproject.org/matches/21506
2011|Rd 3|Canterbury Bulldogs|Sydney Roosters,2011,Rd 3,3,5,21,2011-03-27,Canterbury Bulldogs,Sydney Roosters,24,20,ANZ,https://www.rugbyleagueproject.org/matches/21504
2011|Rd 3|Manly Sea Eagles|Newcastle Knights,2011,Rd 3,3,6,22,2011-03-27,Manly Sea Eagles,Newcastle Knights,26,12,Brookvale,https://www.rugbyleagueproject.org/matches/21505
2011|Rd 3|New Zealand Warriors|St. George Illawarra Dragons,2011,Rd 3,3,7,23,2011-03-27,New Zealand Warriors,St. George Illawarra Dragons,12,25,Mt Smart,https://www.rugbyleagueproject.org/matches/21503
2011|Rd 3|NQ Cowboys|Melbourne Storm,2011,Rd 3,3,8,24,2011-03-28,NQ Cowboys,Melbourne Storm,34,6,Dairy Farmers,https://www.rugbyleagueproject.org/matches/21502
2011|Rd 4|Brisbane Broncos|Penrith Panthers,2011,Rd 4,4,1,25,2011-04-01,Brisbane Broncos,Penrith Panthers,18,10,Suncorp,https://www.rugbyleagueproject.org/matches/21508
2011|Rd 4|South Sydney Rabbitohs|Manly Sea Eagles,2011,Rd 4,4,2,26,2011-04-01,South Sydney Rabbitohs,Manly Sea Eagles,32,30,Bluetongue,https://www.rugbyleagueproject.org/matches/21507
2011|Rd 4|Canberra Raiders|Gold Coast Titans,2011,Rd 4,4,3,27,2011-04-02,Canberra Raiders,Gold Coast Titans,22,23,Canberra Stadium,https://www.rugbyleagueproject.org/matches/21509
2011|Rd 4|Parramatta Eels|NQ Cowboys,2011,Rd 4,4,4,28,2011-04-02,Parramatta Eels,NQ Cowboys,22,20,Parramatta,https://www.rugbyleagueproject.org/matches/21510
2011|Rd 4|Cronulla Sharks|New Zealand Warriors,2011,Rd 4,4,5,29,2011-04-03,Cronulla Sharks,New Zealand Warriors,18,26,Owen Delany,https://www.rugbyleagueproject.org/matches/21511
2011|Rd 4|Newcastle Knights|St. George Illawarra Dragons,2011,Rd 4,4,6,30,2011-04-03,Newcastle Knights,St. George Illawarra Dragons,18,20,Ausgrid,https://www.rugbyleagueproject.org/matches/21512
2011|Rd 4|Sydney Roosters|Wests Tigers,2011,Rd 4,4,7,31,2011-04-03,Sydney Roosters,Wests Tigers,24,6,SFS,https://www.rugbyleagueproject.org/matches/21513
2011|Rd 4|Melbourne Storm|Canterbury Bulldogs,2011,Rd 4,4,8,32,2011-04-04,Melbourne Storm,Canterbury Bulldogs,30,16,AAMI,https://www.rugbyleagueproject.org/matches/21514
2011|Rd 5|NQ Cowboys|Gold Coast Titans,2011,Rd 5,5,1,33,2011-04-08,NQ Cowboys,Gold Coast Titans,22,12,Dairy Farmers,https://www.rugbyleagueproject.org/matches/21515
2011|Rd 5|Wests Tigers|South Sydney Rabbitohs,2011,Rd 5,5,2,34,2011-04-08,Wests Tigers,South Sydney Rabbitohs,30,6,SFS,https://www.rugbyleagueproject.org/matches/21516
2011|Rd 5|Cronulla Sharks|Manly Sea Eagles,2011,Rd 5,5,3,35,2011-04-09,Cronulla Sharks,Manly Sea Eagles,13,19,Toyota,https://www.rugbyleagueproject.org/matches/21518
2011|Rd 5|New Zealand Warriors|Sydney Roosters,2011,Rd 5,5,4,36,2011-04-09,New Zealand Warriors,Sydney Roosters,24,12,Mt Smart,https://www.rugbyleagueproject.org/matches/21517
2011|Rd 5|Penrith Panthers|Canberra Raiders,2011,Rd 5,5,5,37,2011-04-09,Penrith Panthers,Canberra Raiders,36,10,Centrebet,https://www.rugbyleagueproject.org/matches/21519
2011|Rd 5|Melbourne Storm|Parramatta Eels,2011,Rd 5,5,6,38,2011-04-10,Melbourne Storm,Parramatta Eels,38,0,AAMI,https://www.rugbyleagueproject.org/matches/21520
2011|Rd 5|St. George Illawarra Dragons|Canterbury Bulldogs,2011,Rd 5,5,7,39,2011-04-10,St. George Illawarra Dragons,Canterbury Bulldogs,25,6,SCG,https://www.rugbyleagueproject.org/matches/21521
2011|Rd 5|Brisbane Broncos|Newcastle Knights,2011,Rd 5,5,8,40,2011-04-11,Brisbane Broncos,Newcastle Knights,17,6,Suncorp,https://www.rugbyleagueproject.org/matches/21522
2011|Rd 6|Gold Coast Titans|Wests Tigers,2011,Rd 6,6,1,41,2011-04-15,Gold Coast Titans,Wests Tigers,20,14,Skilled Park,https://www.rugbyleagueproject.org/matches/22385
2011|Rd 6|Parramatta Eels|Canterbury Bulldogs,2011,Rd 6,6,2,42,2011-04-15,Parramatta Eels,Canterbury Bulldogs,14,34,ANZ,https://www.rugbyleagueproject.org/matches/22384
2011|Rd 6|Manly Sea Eagles|New Zealand Warriors,2011,Rd 6,6,3,43,2011-04-16,Manly Sea Eagles,New Zealand Warriors,20,10,Brookvale,https://www.rugbyleagueproject.org/matches/22386
2011|Rd 6|NQ Cowboys|Canberra Raiders,2011,Rd 6,6,4,44,2011-04-16,NQ Cowboys,Canberra Raiders,26,18,Dairy Farmers,https://www.rugbyleagueproject.org/matches/22388
2011|Rd 6|Sydney Roosters|Brisbane Broncos,2011,Rd 6,6,5,45,2011-04-16,Sydney Roosters,Brisbane Broncos,6,24,Bluetongue,https://www.rugbyleagueproject.org/matches/22387
2011|Rd 6|Newcastle Knights|Cronulla Sharks,2011,Rd 6,6,6,46,2011-04-17,Newcastle Knights,Cronulla Sharks,24,20,Ausgrid,https://www.rugbyleagueproject.org/matches/22389
2011|Rd 6|Penrith Panthers|Melbourne Storm,2011,Rd 6,6,7,47,2011-04-17,Penrith Panthers,Melbourne Storm,10,25,Centrebet,https://www.rugbyleagueproject.org/matches/22390
2011|Rd 6|South Sydney Rabbitohs|St. George Illawarra Dragons,2011,Rd 6,6,8,48,2011-04-18,South Sydney Rabbitohs,St. George Illawarra Dragons,0,16,ANZ,https://www.rugbyleagueproject.org/matches/22391
2011|Rd 7|Manly Sea Eagles|Penrith Panthers,2011,Rd 7,7,1,49,2011-04-22,Manly Sea Eagles,Penrith Panthers,22,16,Brookvale,https://www.rugbyleagueproject.org/matches/22393
2011|Rd 7|Wests Tigers|Brisbane Broncos,2011,Rd 7,7,2,50,2011-04-22,Wests Tigers,Brisbane Broncos,18,31,SFS,https://www.rugbyleagueproject.org/matches/22392
2011|Rd 7|Canterbury Bulldogs|South Sydney Rabbitohs,2011,Rd 7,7,3,51,2011-04-23,Canterbury Bulldogs,South Sydney Rabbitohs,36,24,ANZ,https://www.rugbyleagueproject.org/matches/22395
2011|Rd 7|Cronulla Sharks|NQ Cowboys,2011,Rd 7,7,4,52,2011-04-23,Cronulla Sharks,NQ Cowboys,12,30,Toyota,https://www.rugbyleagueproject.org/matches/22394
2011|Rd 7|Canberra Raiders|Newcastle Knights,2011,Rd 7,7,5,53,2011-04-24,Canberra Raiders,Newcastle Knights,12,22,Canberra Stadium,https://www.rugbyleagueproject.org/matches/22399
2011|Rd 7|Parramatta Eels|Gold Coast Titans,2011,Rd 7,7,6,54,2011-04-24,Parramatta Eels,Gold Coast Titans,22,18,Parramatta,https://www.rugbyleagueproject.org/matches/22397
2011|Rd 7|Melbourne Storm|New Zealand Warriors,2011,Rd 7,7,7,55,2011-04-25,Melbourne Storm,New Zealand Warriors,14,18,AAMI,https://www.rugbyleagueproject.org/matches/22396
2011|Rd 7|Sydney Roosters|St. George Illawarra Dragons,2011,Rd 7,7,8,56,2011-04-25,Sydney Roosters,St. George Illawarra Dragons,10,24,SFS,https://www.rugbyleagueproject.org/matches/22398
2011|Rd 8|Brisbane Broncos|Canterbury Bulldogs,2011,Rd 8,8,1,57,2011-04-29,Brisbane Broncos,Canterbury Bulldogs,20,12,Suncorp,https://www.rugbyleagueproject.org/matches/22400
2011|Rd 8|South Sydney Rabbitohs|Cronulla Sharks,2011,Rd 8,8,2,58,2011-04-29,South Sydney Rabbitohs,Cronulla Sharks,31,12,ANZ,https://www.rugbyleagueproject.org/matches/22401
2011|Rd 8|Gold Coast Titans|Sydney Roosters,2011,Rd 8,8,3,59,2011-04-30,Gold Coast Titans,Sydney Roosters,24,13,Skilled Park,https://www.rugbyleagueproject.org/matches/22402
2011|Rd 8|Melbourne Storm|Newcastle Knights,2011,Rd 8,8,4,60,2011-04-30,Melbourne Storm,Newcastle Knights,42,12,AAMI,https://www.rugbyleagueproject.org/matches/22403
2011|Rd 8|NQ Cowboys|Manly Sea Eagles,2011,Rd 8,8,5,61,2011-04-30,NQ Cowboys,Manly Sea Eagles,22,20,Dairy Farmers,https://www.rugbyleagueproject.org/matches/22404
2011|Rd 8|Canberra Raiders|Wests Tigers,2011,Rd 8,8,6,62,2011-05-01,Canberra Raiders,Wests Tigers,12,49,Canberra Stadium,https://www.rugbyleagueproject.org/matches/22406
2011|Rd 8|New Zealand Warriors|Penrith Panthers,2011,Rd 8,8,7,63,2011-05-01,New Zealand Warriors,Penrith Panthers,26,18,Mt Smart,https://www.rugbyleagueproject.org/matches/22405
2011|Rd 8|St. George Illawarra Dragons|Parramatta Eels,2011,Rd 8,8,8,64,2011-05-01,St. George Illawarra Dragons,Parramatta Eels,30,0,WIN Jubilee,https://www.rugbyleagueproject.org/matches/22407
2011|Rd 9|Brisbane Broncos|Melbourne Storm,2011,Rd 9,9,1,65,2011-05-07,Brisbane Broncos,Melbourne Storm,22,29,Suncorp,https://www.rugbyleagueproject.org/matches/22408
2011|Rd 9|Gold Coast Titans|New Zealand Warriors,2011,Rd 9,9,2,66,2011-05-08,Gold Coast Titans,New Zealand Warriors,14,34,Skilled Park,https://www.rugbyleagueproject.org/matches/22409
2011|Rd 9|St. George Illawarra Dragons|NQ Cowboys,2011,Rd 9,9,3,67,2011-05-08,St. George Illawarra Dragons,NQ Cowboys,22,8,WIN Jubilee,https://www.rugbyleagueproject.org/matches/22410
2011|Rd 9|Manly Sea Eagles|Canberra Raiders,2011,Rd 9,9,4,68,2011-05-09,Manly Sea Eagles,Canberra Raiders,20,0,Brookvale,https://www.rugbyleagueproject.org/matches/22411
2011|Rd 10|Canterbury Bulldogs|St. George Illawarra Dragons,2011,Rd 10,10,1,69,2011-05-13,Canterbury Bulldogs,St. George Illawarra Dragons,10,15,ANZ,https://www.rugbyleagueproject.org/matches/22412
2011|Rd 10|Penrith Panthers|Brisbane Broncos,2011,Rd 10,10,2,70,2011-05-13,Penrith Panthers,Brisbane Broncos,33,10,Centrebet,https://www.rugbyleagueproject.org/matches/22413
2011|Rd 10|Melbourne Storm|Canberra Raiders,2011,Rd 10,10,3,71,2011-05-14,Melbourne Storm,Canberra Raiders,12,20,AAMI,https://www.rugbyleagueproject.org/matches/22414
2011|Rd 10|NQ Cowboys|Parramatta Eels,2011,Rd 10,10,4,72,2011-05-14,NQ Cowboys,Parramatta Eels,40,26,Dairy Farmers,https://www.rugbyleagueproject.org/matches/22416
2011|Rd 10|South Sydney Rabbitohs|Wests Tigers,2011,Rd 10,10,5,73,2011-05-14,South Sydney Rabbitohs,Wests Tigers,29,18,ANZ,https://www.rugbyleagueproject.org/matches/22415
2011|Rd 10|Cronulla Sharks|Sydney Roosters,2011,Rd 10,10,6,74,2011-05-15,Cronulla Sharks,Sydney Roosters,18,4,Toyota,https://www.rugbyleagueproject.org/matches/22418
2011|Rd 10|Newcastle Knights|New Zealand Warriors,2011,Rd 10,10,7,75,2011-05-15,Newcastle Knights,New Zealand Warriors,16,25,Ausgrid,https://www.rugbyleagueproject.org/matches/22417
2011|Rd 10|Gold Coast Titans|Manly Sea Eagles,2011,Rd 10,10,8,76,2011-05-16,Gold Coast Titans,Manly Sea Eagles,12,16,Skilled Park,https://www.rugbyleagueproject.org/matches/22419
2011|Rd 11|Canberra Raiders|Canterbury Bulldogs,2011,Rd 11,11,1,77,2011-05-20,Canberra Raiders,Canterbury Bulldogs,20,12,Canberra Stadium,https://www.rugbyleagueproject.org/matches/22420
2011|Rd 11|Wests Tigers|Penrith Panthers,2011,Rd 11,11,2,78,2011-05-21,Wests Tigers,Penrith Panthers,20,18,Campbelltown,https://www.rugbyleagueproject.org/matches/22421
2011|Rd 11|New Zealand Warriors|South Sydney Rabbitohs,2011,Rd 11,11,3,79,2011-05-22,New Zealand Warriors,South Sydney Rabbitohs,12,6,Mt Smart,https://www.rugbyleagueproject.org/matches/22422
2011|Rd 11|Sydney Roosters|Newcastle Knights,2011,Rd 11,11,4,80,2011-05-22,Sydney Roosters,Newcastle Knights,12,10,SFS,https://www.rugbyleagueproject.org/matches/22423
2011|Rd 11|Parramatta Eels|Cronulla Sharks,2011,Rd 11,11,5,81,2011-05-23,Parramatta Eels,Cronulla Sharks,40,6,Parramatta,https://www.rugbyleagueproject.org/matches/22424
2011|Rd 12|Canterbury Bulldogs|Gold Coast Titans,2011,Rd 12,12,1,82,2011-05-27,Canterbury Bulldogs,Gold Coast Titans,28,6,Suncorp,https://www.rugbyleagueproject.org/matches/22467
2011|Rd 12|Manly Sea Eagles|Brisbane Broncos,2011,Rd 12,12,2,83,2011-05-27,Manly Sea Eagles,Brisbane Broncos,34,10,Suncorp,https://www.rugbyleagueproject.org/matches/22466
2011|Rd 12|NQ Cowboys|Sydney Roosters,2011,Rd 12,12,3,84,2011-05-28,NQ Cowboys,Sydney Roosters,20,6,Dairy Farmers,https://www.rugbyleagueproject.org/matches/22469
2011|Rd 12|Newcastle Knights|Parramatta Eels,2011,Rd 12,12,4,85,2011-05-28,Newcastle Knights,Parramatta Eels,8,6,Ausgrid,https://www.rugbyleagueproject.org/matches/22468
2011|Rd 12|Melbourne Storm|Cronulla Sharks,2011,Rd 12,12,5,86,2011-05-29,Melbourne Storm,Cronulla Sharks,14,8,AAMI,https://www.rugbyleagueproject.org/matches/22470
2011|Rd 12|St. George Illawarra Dragons|Wests Tigers,2011,Rd 12,12,6,87,2011-05-29,St. George Illawarra Dragons,Wests Tigers,24,18,WIN Jubilee,https://www.rugbyleagueproject.org/matches/22471
2011|Rd 12|Penrith Panthers|South Sydney Rabbitohs,2011,Rd 12,12,7,88,2011-05-30,Penrith Panthers,South Sydney Rabbitohs,22,10,Centrebet,https://www.rugbyleagueproject.org/matches/22472
2011|Rd 13|Cronulla Sharks|Brisbane Broncos,2011,Rd 13,13,1,89,2011-06-03,Cronulla Sharks,Brisbane Broncos,16,34,Toyota,https://www.rugbyleagueproject.org/matches/22474
2011|Rd 13|Parramatta Eels|St. George Illawarra Dragons,2011,Rd 13,13,2,90,2011-06-03,Parramatta Eels,St. George Illawarra Dragons,14,14,Parramatta,https://www.rugbyleagueproject.org/matches/22473
2011|Rd 13|Canterbury Bulldogs|Manly Sea Eagles,2011,Rd 13,13,3,91,2011-06-04,Canterbury Bulldogs,Manly Sea Eagles,4,38,ANZ,https://www.rugbyleagueproject.org/matches/22476
2011|Rd 13|Gold Coast Titans|Penrith Panthers,2011,Rd 13,13,4,92,2011-06-04,Gold Coast Titans,Penrith Panthers,10,23,Skilled Park,https://www.rugbyleagueproject.org/matches/22475
2011|Rd 13|Sydney Roosters|New Zealand Warriors,2011,Rd 13,13,5,93,2011-06-04,Sydney Roosters,New Zealand Warriors,13,6,SFS,https://www.rugbyleagueproject.org/matches/22477
2011|Rd 13|Canberra Raiders|NQ Cowboys,2011,Rd 13,13,6,94,2011-06-05,Canberra Raiders,NQ Cowboys,24,40,Canberra Stadium,https://www.rugbyleagueproject.org/matches/22478
2011|Rd 13|South Sydney Rabbitohs|Melbourne Storm,2011,Rd 13,13,7,95,2011-06-05,South Sydney Rabbitohs,Melbourne Storm,6,16,ANZ,https://www.rugbyleagueproject.org/matches/22479
2011|Rd 13|Wests Tigers|Newcastle Knights,2011,Rd 13,13,8,96,2011-06-06,Wests Tigers,Newcastle Knights,17,16,Leichhardt,https://www.rugbyleagueproject.org/matches/22480
2011|Rd 14|St. George Illawarra Dragons|Gold Coast Titans,2011,Rd 14,14,1,97,2011-06-10,St. George Illawarra Dragons,Gold Coast Titans,14,28,WIN Jubilee,https://www.rugbyleagueproject.org/matches/23394
2011|Rd 14|Manly Sea Eagles|NQ Cowboys,2011,Rd 14,14,2,98,2011-06-11,Manly Sea Eagles,NQ Cowboys,24,4,Brookvale,https://www.rugbyleagueproject.org/matches/23395
2011|Rd 14|Brisbane Broncos|Canberra Raiders,2011,Rd 14,14,3,99,2011-06-12,Brisbane Broncos,Canberra Raiders,25,24,Suncorp,https://www.rugbyleagueproject.org/matches/23396
2011|Rd 14|New Zealand Warriors|Wests Tigers,2011,Rd 14,14,4,100,2011-06-12,New Zealand Warriors,Wests Tigers,22,26,Mt Smart,https://www.rugbyleagueproject.org/matches/23397
2011|Rd 14|Melbourne Storm|Sydney Roosters,2011,Rd 14,14,5,101,2011-06-13,Melbourne Storm,Sydney Roosters,21,4,AAMI,https://www.rugbyleagueproject.org/matches/23398
2011|Rd 15|Brisbane Broncos|St. George Illawarra Dragons,2011,Rd 15,15,1,102,2011-06-17,Brisbane Broncos,St. George Illawarra Dragons,21,14,Suncorp,https://www.rugbyleagueproject.org/matches/23407
2011|Rd 15|South Sydney Rabbitohs|Gold Coast Titans,2011,Rd 15,15,2,103,2011-06-17,South Sydney Rabbitohs,Gold Coast Titans,31,8,ANZ,https://www.rugbyleagueproject.org/matches/23408
2011|Rd 15|NQ Cowboys|New Zealand Warriors,2011,Rd 15,15,3,104,2011-06-18,NQ Cowboys,New Zealand Warriors,30,10,Dairy Farmers,https://www.rugbyleagueproject.org/matches/23410
2011|Rd 15|Newcastle Knights|Penrith Panthers,2011,Rd 15,15,4,105,2011-06-18,Newcastle Knights,Penrith Panthers,16,12,Ausgrid,https://www.rugbyleagueproject.org/matches/23409
2011|Rd 15|Canterbury Bulldogs|Cronulla Sharks,2011,Rd 15,15,5,106,2011-06-19,Canterbury Bulldogs,Cronulla Sharks,10,26,ANZ,https://www.rugbyleagueproject.org/matches/23411
2011|Rd 15|Wests Tigers|Melbourne Storm,2011,Rd 15,15,6,107,2011-06-19,Wests Tigers,Melbourne Storm,4,12,Leichhardt,https://www.rugbyleagueproject.org/matches/23412
2011|Rd 15|Manly Sea Eagles|Parramatta Eels,2011,Rd 15,15,7,108,2011-06-20,Manly Sea Eagles,Parramatta Eels,22,18,Brookvale,https://www.rugbyleagueproject.org/matches/23413
2011|Rd 16|South Sydney Rabbitohs|Brisbane Broncos,2011,Rd 16,16,1,109,2011-06-24,South Sydney Rabbitohs,Brisbane Broncos,16,12,nib Stadium,https://www.rugbyleagueproject.org/matches/23422
2011|Rd 16|Wests Tigers|Canterbury Bulldogs,2011,Rd 16,16,2,110,2011-06-24,Wests Tigers,Canterbury Bulldogs,6,16,Campbelltown,https://www.rugbyleagueproject.org/matches/23423
2011|Rd 16|Canberra Raiders|Parramatta Eels,2011,Rd 16,16,3,111,2011-06-25,Canberra Raiders,Parramatta Eels,25,12,Canberra Stadium,https://www.rugbyleagueproject.org/matches/23425
2011|Rd 16|Gold Coast Titans|Cronulla Sharks,2011,Rd 16,16,4,112,2011-06-25,Gold Coast Titans,Cronulla Sharks,12,36,Skilled Park,https://www.rugbyleagueproject.org/matches/23424
2011|Rd 16|New Zealand Warriors|Melbourne Storm,2011,Rd 16,16,5,113,2011-06-26,New Zealand Warriors,Melbourne Storm,8,16,Mt Smart,https://www.rugbyleagueproject.org/matches/23426
2011|Rd 16|Newcastle Knights|Sydney Roosters,2011,Rd 16,16,6,114,2011-06-26,Newcastle Knights,Sydney Roosters,18,10,Ausgrid,https://www.rugbyleagueproject.org/matches/23428
2011|Rd 16|Penrith Panthers|NQ Cowboys,2011,Rd 16,16,7,115,2011-06-26,Penrith Panthers,NQ Cowboys,30,20,McGrath Found.,https://www.rugbyleagueproject.org/matches/23427
2011|Rd 16|St. George Illawarra Dragons|Manly Sea Eagles,2011,Rd 16,16,8,116,2011-06-27,St. George Illawarra Dragons,Manly Sea Eagles,24,6,WIN,https://www.rugbyleagueproject.org/matches/23429
2011|Rd 17|Parramatta Eels|Brisbane Broncos,2011,Rd 17,17,1,117,2011-07-01,Parramatta Eels,Brisbane Broncos,12,16,Parramatta,https://www.rugbyleagueproject.org/matches/23430
2011|Rd 17|Penrith Panthers|Canterbury Bulldogs,2011,Rd 17,17,2,118,2011-07-02,Penrith Panthers,Canterbury Bulldogs,20,6,Centrebet,https://www.rugbyleagueproject.org/matches/23431
2011|Rd 17|Cronulla Sharks|South Sydney Rabbitohs,2011,Rd 17,17,3,119,2011-07-03,Cronulla Sharks,South Sydney Rabbitohs,26,4,Toyota,https://www.rugbyleagueproject.org/matches/23432
2011|Rd 17|St. George Illawarra Dragons|Newcastle Knights,2011,Rd 17,17,4,120,2011-07-03,St. George Illawarra Dragons,Newcastle Knights,10,14,WIN,https://www.rugbyleagueproject.org/matches/23433
2011|Rd 17|Sydney Roosters|Canberra Raiders,2011,Rd 17,17,5,121,2011-07-04,Sydney Roosters,Canberra Raiders,12,38,SFS,https://www.rugbyleagueproject.org/matches/23434
2011|Rd 18|New Zealand Warriors|Gold Coast Titans,2011,Rd 18,18,1,122,2011-07-08,New Zealand Warriors,Gold Coast Titans,22,6,Mt Smart,https://www.rugbyleagueproject.org/matches/23436
2011|Rd 18|Parramatta Eels|Wests Tigers,2011,Rd 18,18,2,123,2011-07-08,Parramatta Eels,Wests Tigers,22,6,Parramatta,https://www.rugbyleagueproject.org/matches/23435
2011|Rd 18|Canterbury Bulldogs|Melbourne Storm,2011,Rd 18,18,3,124,2011-07-09,Canterbury Bulldogs,Melbourne Storm,18,28,Adelaide,https://www.rugbyleagueproject.org/matches/23438
2011|Rd 18|Cronulla Sharks|Canberra Raiders,2011,Rd 18,18,4,125,2011-07-09,Cronulla Sharks,Canberra Raiders,26,12,Toyota,https://www.rugbyleagueproject.org/matches/23437
2011|Rd 18|Manly Sea Eagles|South Sydney Rabbitohs,2011,Rd 18,18,5,126,2011-07-10,Manly Sea Eagles,South Sydney Rabbitohs,36,22,Brookvale,https://www.rugbyleagueproject.org/matches/23440
2011|Rd 18|Sydney Roosters|Penrith Panthers,2011,Rd 18,18,6,127,2011-07-10,Sydney Roosters,Penrith Panthers,34,26,SFS,https://www.rugbyleagueproject.org/matches/23439
2011|Rd 18|Newcastle Knights|NQ Cowboys,2011,Rd 18,18,7,128,2011-07-11,Newcastle Knights,NQ Cowboys,12,22,Ausgrid,https://www.rugbyleagueproject.org/matches/23441
2011|Rd 19|Brisbane Broncos|Gold Coast Titans,2011,Rd 19,19,1,129,2011-07-15,Brisbane Broncos,Gold Coast Titans,30,10,Suncorp,https://www.rugbyleagueproject.org/matches/23442
2011|Rd 19|New Zealand Warriors|Canterbury Bulldogs,2011,Rd 19,19,2,130,2011-07-15,New Zealand Warriors,Canterbury Bulldogs,36,12,Mt Smart,https://www.rugbyleagueproject.org/matches/23443
2011|Rd 19|NQ Cowboys|Wests Tigers,2011,Rd 19,19,3,131,2011-07-16,NQ Cowboys,Wests Tigers,18,38,Dairy Farmers,https://www.rugbyleagueproject.org/matches/23445
2011|Rd 19|Penrith Panthers|Parramatta Eels,2011,Rd 19,19,4,132,2011-07-16,Penrith Panthers,Parramatta Eels,23,22,Centrebet,https://www.rugbyleagueproject.org/matches/23446
2011|Rd 19|South Sydney Rabbitohs|Sydney Roosters,2011,Rd 19,19,5,133,2011-07-16,South Sydney Rabbitohs,Sydney Roosters,21,20,ANZ,https://www.rugbyleagueproject.org/matches/23444
2011|Rd 19|Canberra Raiders|Melbourne Storm,2011,Rd 19,19,6,134,2011-07-17,Canberra Raiders,Melbourne Storm,0,26,Canberra Stadium,https://www.rugbyleagueproject.org/matches/23447
2011|Rd 19|Newcastle Knights|Manly Sea Eagles,2011,Rd 19,19,7,135,2011-07-17,Newcastle Knights,Manly Sea Eagles,10,32,Ausgrid,https://www.rugbyleagueproject.org/matches/23448
2011|Rd 19|St. George Illawarra Dragons|Cronulla Sharks,2011,Rd 19,19,8,136,2011-07-18,St. George Illawarra Dragons,Cronulla Sharks,38,8,WIN Jubilee,https://www.rugbyleagueproject.org/matches/23449
2011|Rd 20|Canterbury Bulldogs|Parramatta Eels,2011,Rd 20,20,1,137,2011-07-22,Canterbury Bulldogs,Parramatta Eels,8,7,ANZ,https://www.rugbyleagueproject.org/matches/23450
2011|Rd 20|Melbourne Storm|Brisbane Broncos,2011,Rd 20,20,2,138,2011-07-22,Melbourne Storm,Brisbane Broncos,26,6,AAMI,https://www.rugbyleagueproject.org/matches/23451
2011|Rd 20|Cronulla Sharks|Newcastle Knights,2011,Rd 20,20,3,139,2011-07-23,Cronulla Sharks,Newcastle Knights,0,18,Toyota,https://www.rugbyleagueproject.org/matches/23454
2011|Rd 20|Gold Coast Titans|NQ Cowboys,2011,Rd 20,20,4,140,2011-07-23,Gold Coast Titans,NQ Cowboys,20,28,Skilled Park,https://www.rugbyleagueproject.org/matches/23452
2011|Rd 20|Wests Tigers|Sydney Roosters,2011,Rd 20,20,5,141,2011-07-23,Wests Tigers,Sydney Roosters,19,12,Leichhardt,https://www.rugbyleagueproject.org/matches/23453
2011|Rd 20|Penrith Panthers|Manly Sea Eagles,2011,Rd 20,20,6,142,2011-07-24,Penrith Panthers,Manly Sea Eagles,8,12,Centrebet,https://www.rugbyleagueproject.org/matches/23456
2011|Rd 20|South Sydney Rabbitohs|New Zealand Warriors,2011,Rd 20,20,7,143,2011-07-24,South Sydney Rabbitohs,New Zealand Warriors,16,48,ANZ,https://www.rugbyleagueproject.org/matches/23455
2011|Rd 20|Canberra Raiders|St. George Illawarra Dragons,2011,Rd 20,20,8,144,2011-07-25,Canberra Raiders,St. George Illawarra Dragons,24,19,Canberra Stadium,https://www.rugbyleagueproject.org/matches/23457
2011|Rd 21|Brisbane Broncos|Cronulla Sharks,2011,Rd 21,21,1,145,2011-07-29,Brisbane Broncos,Cronulla Sharks,46,16,Suncorp,https://www.rugbyleagueproject.org/matches/23458
2011|Rd 21|Manly Sea Eagles|Wests Tigers,2011,Rd 21,21,2,146,2011-07-29,Manly Sea Eagles,Wests Tigers,12,14,Bluetongue,https://www.rugbyleagueproject.org/matches/23459
2011|Rd 21|NQ Cowboys|Penrith Panthers,2011,Rd 21,21,3,147,2011-07-30,NQ Cowboys,Penrith Panthers,30,18,Dairy Farmers,https://www.rugbyleagueproject.org/matches/23461
2011|Rd 21|Sydney Roosters|Canterbury Bulldogs,2011,Rd 21,21,4,148,2011-07-30,Sydney Roosters,Canterbury Bulldogs,32,28,SFS,https://www.rugbyleagueproject.org/matches/23460
2011|Rd 21|New Zealand Warriors|Canberra Raiders,2011,Rd 21,21,5,149,2011-07-31,New Zealand Warriors,Canberra Raiders,29,10,Mt Smart,https://www.rugbyleagueproject.org/matches/23463
2011|Rd 21|Newcastle Knights|Gold Coast Titans,2011,Rd 21,21,6,150,2011-07-31,Newcastle Knights,Gold Coast Titans,50,20,Ausgrid,https://www.rugbyleagueproject.org/matches/23462
2011|Rd 21|St. George Illawarra Dragons|South Sydney Rabbitohs,2011,Rd 21,21,7,151,2011-07-31,St. George Illawarra Dragons,South Sydney Rabbitohs,24,34,WIN,https://www.rugbyleagueproject.org/matches/23464
2011|Rd 21|Parramatta Eels|Melbourne Storm,2011,Rd 21,21,8,152,2011-08-01,Parramatta Eels,Melbourne Storm,18,22,Parramatta,https://www.rugbyleagueproject.org/matches/23465
2011|Rd 22|Canterbury Bulldogs|NQ Cowboys,2011,Rd 22,22,1,153,2011-08-05,Canterbury Bulldogs,NQ Cowboys,14,6,ANZ,https://www.rugbyleagueproject.org/matches/23466
2011|Rd 22|Wests Tigers|St. George Illawarra Dragons,2011,Rd 22,22,2,154,2011-08-05,Wests Tigers,St. George Illawarra Dragons,16,14,SFS,https://www.rugbyleagueproject.org/matches/23467
2011|Rd 22|Brisbane Broncos|New Zealand Warriors,2011,Rd 22,22,3,155,2011-08-06,Brisbane Broncos,New Zealand Warriors,21,20,Suncorp,https://www.rugbyleagueproject.org/matches/23470
2011|Rd 22|Cronulla Sharks|Gold Coast Titans,2011,Rd 22,22,4,156,2011-08-06,Cronulla Sharks,Gold Coast Titans,16,20,Toyota,https://www.rugbyleagueproject.org/matches/23469
2011|Rd 22|Melbourne Storm|Penrith Panthers,2011,Rd 22,22,5,157,2011-08-06,Melbourne Storm,Penrith Panthers,26,6,AAMI,https://www.rugbyleagueproject.org/matches/23468
2011|Rd 22|Manly Sea Eagles|Sydney Roosters,2011,Rd 22,22,6,158,2011-08-07,Manly Sea Eagles,Sydney Roosters,36,8,Brookvale,https://www.rugbyleagueproject.org/matches/23472
2011|Rd 22|Newcastle Knights|Canberra Raiders,2011,Rd 22,22,7,159,2011-08-07,Newcastle Knights,Canberra Raiders,40,8,Ausgrid,https://www.rugbyleagueproject.org/matches/23471
2011|Rd 22|South Sydney Rabbitohs|Parramatta Eels,2011,Rd 22,22,8,160,2011-08-08,South Sydney Rabbitohs,Parramatta Eels,56,6,ANZ,https://www.rugbyleagueproject.org/matches/23473
2011|Rd 23|NQ Cowboys|Brisbane Broncos,2011,Rd 23,23,1,161,2011-08-12,NQ Cowboys,Brisbane Broncos,16,34,Dairy Farmers,https://www.rugbyleagueproject.org/matches/23545
2011|Rd 23|Penrith Panthers|Wests Tigers,2011,Rd 23,23,2,162,2011-08-12,Penrith Panthers,Wests Tigers,18,32,Centrebet,https://www.rugbyleagueproject.org/matches/23544
2011|Rd 23|Gold Coast Titans|Melbourne Storm,2011,Rd 23,23,3,163,2011-08-13,Gold Coast Titans,Melbourne Storm,16,40,Skilled Park,https://www.rugbyleagueproject.org/matches/23548
2011|Rd 23|New Zealand Warriors|Newcastle Knights,2011,Rd 23,23,4,164,2011-08-13,New Zealand Warriors,Newcastle Knights,20,12,Mt Smart,https://www.rugbyleagueproject.org/matches/23546
2011|Rd 23|Parramatta Eels|Manly Sea Eagles,2011,Rd 23,23,5,165,2011-08-13,Parramatta Eels,Manly Sea Eagles,20,26,Parramatta,https://www.rugbyleagueproject.org/matches/23547
2011|Rd 23|Canberra Raiders|South Sydney Rabbitohs,2011,Rd 23,23,6,166,2011-08-14,Canberra Raiders,South Sydney Rabbitohs,18,47,Canberra Stadium,https://www.rugbyleagueproject.org/matches/23549
2011|Rd 23|St. George Illawarra Dragons|Sydney Roosters,2011,Rd 23,23,7,167,2011-08-14,St. George Illawarra Dragons,Sydney Roosters,12,20,WIN,https://www.rugbyleagueproject.org/matches/23550
2011|Rd 23|Cronulla Sharks|Canterbury Bulldogs,2011,Rd 23,23,8,168,2011-08-15,Cronulla Sharks,Canterbury Bulldogs,12,19,Toyota,https://www.rugbyleagueproject.org/matches/23551
2011|Rd 24|Melbourne Storm|St. George Illawarra Dragons,2011,Rd 24,24,1,169,2011-08-19,Melbourne Storm,St. George Illawarra Dragons,8,6,AAMI,https://www.rugbyleagueproject.org/matches/23552
2011|Rd 24|South Sydney Rabbitohs|NQ Cowboys,2011,Rd 24,24,2,170,2011-08-19,South Sydney Rabbitohs,NQ Cowboys,26,24,ANZ,https://www.rugbyleagueproject.org/matches/23553
2011|Rd 24|Gold Coast Titans|Canberra Raiders,2011,Rd 24,24,3,171,2011-08-20,Gold Coast Titans,Canberra Raiders,26,18,Skilled Park,https://www.rugbyleagueproject.org/matches/23554
2011|Rd 24|Penrith Panthers|New Zealand Warriors,2011,Rd 24,24,4,172,2011-08-20,Penrith Panthers,New Zealand Warriors,12,26,Centrebet,https://www.rugbyleagueproject.org/matches/23555
2011|Rd 24|Sydney Roosters|Cronulla Sharks,2011,Rd 24,24,5,173,2011-08-20,Sydney Roosters,Cronulla Sharks,36,25,SFS,https://www.rugbyleagueproject.org/matches/23556
2011|Rd 24|Manly Sea Eagles|Canterbury Bulldogs,2011,Rd 24,24,6,174,2011-08-21,Manly Sea Eagles,Canterbury Bulldogs,27,16,Brookvale,https://www.rugbyleagueproject.org/matches/23557
2011|Rd 24|Wests Tigers|Parramatta Eels,2011,Rd 24,24,7,175,2011-08-21,Wests Tigers,Parramatta Eels,31,12,SFS,https://www.rugbyleagueproject.org/matches/23558
2011|Rd 24|Newcastle Knights|Brisbane Broncos,2011,Rd 24,24,8,176,2011-08-22,Newcastle Knights,Brisbane Broncos,6,26,Ausgrid,https://www.rugbyleagueproject.org/matches/23559
2011|Rd 25|Manly Sea Eagles|Melbourne Storm,2011,Rd 25,25,1,177,2011-08-26,Manly Sea Eagles,Melbourne Storm,18,4,Brookvale,https://www.rugbyleagueproject.org/matches/23561
2011|Rd 25|Parramatta Eels|Sydney Roosters,2011,Rd 25,25,2,178,2011-08-26,Parramatta Eels,Sydney Roosters,12,13,Parramatta,https://www.rugbyleagueproject.org/matches/23562
2011|Rd 25|Canberra Raiders|Penrith Panthers,2011,Rd 25,25,3,179,2011-08-27,Canberra Raiders,Penrith Panthers,18,19,Canberra Stadium,https://www.rugbyleagueproject.org/matches/23565
2011|Rd 25|Canterbury Bulldogs|Newcastle Knights,2011,Rd 25,25,4,180,2011-08-27,Canterbury Bulldogs,Newcastle Knights,32,22,ANZ,https://www.rugbyleagueproject.org/matches/23563
2011|Rd 25|NQ Cowboys|Cronulla Sharks,2011,Rd 25,25,5,181,2011-08-27,NQ Cowboys,Cronulla Sharks,28,20,Dairy Farmers,https://www.rugbyleagueproject.org/matches/23564
2011|Rd 25|Brisbane Broncos|South Sydney Rabbitohs,2011,Rd 25,25,6,182,2011-08-28,Brisbane Broncos,South Sydney Rabbitohs,22,10,Suncorp,https://www.rugbyleagueproject.org/matches/23567
2011|Rd 25|St. George Illawarra Dragons|New Zealand Warriors,2011,Rd 25,25,7,183,2011-08-28,St. George Illawarra Dragons,New Zealand Warriors,26,22,WIN,https://www.rugbyleagueproject.org/matches/23566
2011|Rd 25|Wests Tigers|Gold Coast Titans,2011,Rd 25,25,8,184,2011-08-29,Wests Tigers,Gold Coast Titans,39,10,Campbelltown,https://www.rugbyleagueproject.org/matches/23568
2011|Rd 26|Newcastle Knights|South Sydney Rabbitohs,2011,Rd 26,26,1,185,2011-09-02,Newcastle Knights,South Sydney Rabbitohs,40,24,Ausgrid,https://www.rugbyleagueproject.org/matches/23569
2011|Rd 26|St. George Illawarra Dragons|Penrith Panthers,2011,Rd 26,26,2,186,2011-09-02,St. George Illawarra Dragons,Penrith Panthers,32,12,WIN,https://www.rugbyleagueproject.org/matches/23570
2011|Rd 26|Cronulla Sharks|Wests Tigers,2011,Rd 26,26,3,187,2011-09-03,Cronulla Sharks,Wests Tigers,22,30,Toyota,https://www.rugbyleagueproject.org/matches/23572
2011|Rd 26|Gold Coast Titans|Parramatta Eels,2011,Rd 26,26,4,188,2011-09-03,Gold Coast Titans,Parramatta Eels,12,32,Skilled Park,https://www.rugbyleagueproject.org/matches/23573
2011|Rd 26|New Zealand Warriors|NQ Cowboys,2011,Rd 26,26,5,189,2011-09-03,New Zealand Warriors,NQ Cowboys,18,6,Mt Smart,https://www.rugbyleagueproject.org/matches/23571
2011|Rd 26|Brisbane Broncos|Manly Sea Eagles,2011,Rd 26,26,6,190,2011-09-04,Brisbane Broncos,Manly Sea Eagles,18,10,Suncorp,https://www.rugbyleagueproject.org/matches/23575
2011|Rd 26|Canterbury Bulldogs|Canberra Raiders,2011,Rd 26,26,7,191,2011-09-04,Canterbury Bulldogs,Canberra Raiders,36,22,ANZ,https://www.rugbyleagueproject.org/matches/23574
2011|Rd 26|Sydney Roosters|Melbourne Storm,2011,Rd 26,26,8,192,2011-09-04,Sydney Roosters,Melbourne Storm,40,8,SFS,https://www.rugbyleagueproject.org/matches/23576
2011|Qualif Final|Wests Tigers|St. George Illawarra Dragons,2011,Qualif Final,27,1,193,2011-09-09,Wests Tigers,St. George Illawarra Dragons,21,12,ANZ,https://www.rugbyleagueproject.org/matches/23608
2011|Qualif Final|Brisbane Broncos|New Zealand Warriors,2011,Qualif Final,27,2,194,2011-09-10,Brisbane Broncos,New Zealand Warriors,40,10,Suncorp,https://www.rugbyleagueproject.org/matches/23609
2011|Qualif Final|Manly Sea Eagles|NQ Cowboys,2011,Qualif Final,27,3,195,2011-09-10,Manly Sea Eagles,NQ Cowboys,42,8,SFS,https://www.rugbyleagueproject.org/matches/23610
2011|Qualif Final|Melbourne Storm|Newcastle Knights,2011,Qualif Final,27,4,196,2011-09-11,Melbourne Storm,Newcastle Knights,18,8,AAMI,https://www.rugbyleagueproject.org/matches/23611
2011|Semi Final|Wests Tigers|New Zealand Warriors,2011,Semi Final,28,1,197,2011-09-16,Wests Tigers,New Zealand Warriors,20,22,SFS,https://www.rugbyleagueproject.org/matches/23612
2011|Semi Final|Brisbane Broncos|St. George Illawarra Dragons,2011,Semi Final,28,2,198,2011-09-17,Brisbane Broncos,St. George Illawarra Dragons,13,12,Suncorp,https://www.rugbyleagueproject.org/matches/23613
2011|Prelim Final|Manly Sea Eagles|Brisbane Broncos,2011,Prelim Final,29,1,199,2011-09-23,Manly Sea Eagles,Brisbane Broncos,26,14,SFS,https://www.rugbyleagueproject.org/matches/23620
2011|Prelim Final|Melbourne Storm|New Zealand Warriors,2011,Prelim Final,29,2,200,2011-09-24,Melbourne Storm,New Zealand Warriors,12,20,AAMI,https://www.rugbyleagueproject.org/matches/23621
2011|Grand Final|Manly Sea Eagles|New Zealand Warriors,2011,Grand Final,30,1,201,2011-10-02,Manly Sea Eagles,New Zealand Warriors,24,10,ANZ,https://www.rugbyleagueproject.org/matches/23622
2012|Rd 1|Newcastle Knights|St. George Illawarra Dragons,2012,Rd 1,1,1,1,2012-03-01,Newcastle Knights,St. George Illawarra Dragons,14,15,Hunter,https://www.rugbyleagueproject.org/matches/26748
2012|Rd 1|Parramatta Eels|Brisbane Broncos,2012,Rd 1,1,2,2,2012-03-02,Parramatta Eels,Brisbane Broncos,6,18,Parramatta,https://www.rugbyleagueproject.org/matches/26749
2012|Rd 1|Canberra Raiders|Melbourne Storm,2012,Rd 1,1,3,3,2012-03-03,Canberra Raiders,Melbourne Storm,19,24,Canberra Stadium,https://www.rugbyleagueproject.org/matches/26750
2012|Rd 1|NQ Cowboys|Gold Coast Titans,2012,Rd 1,1,4,4,2012-03-03,NQ Cowboys,Gold Coast Titans,0,18,Dairy Farmers,https://www.rugbyleagueproject.org/matches/26752
2012|Rd 1|Penrith Panthers|Canterbury Bulldogs,2012,Rd 1,1,5,5,2012-03-03,Penrith Panthers,Canterbury Bulldogs,14,22,Centrebet,https://www.rugbyleagueproject.org/matches/26751
2012|Rd 1|New Zealand Warriors|Manly Sea Eagles,2012,Rd 1,1,6,6,2012-03-04,New Zealand Warriors,Manly Sea Eagles,20,26,Eden Park,https://www.rugbyleagueproject.org/matches/26756
2012|Rd 1|Wests Tigers|Cronulla Sharks,2012,Rd 1,1,7,7,2012-03-04,Wests Tigers,Cronulla Sharks,17,16,Leichhardt,https://www.rugbyleagueproject.org/matches/26757
2012|Rd 1|South Sydney Rabbitohs|Sydney Roosters,2012,Rd 1,1,8,8,2012-03-05,South Sydney Rabbitohs,Sydney Roosters,20,24,ANZ,https://www.rugbyleagueproject.org/matches/26758
2012|Rd 2|Brisbane Broncos|NQ Cowboys,2012,Rd 2,2,1,9,2012-03-09,Brisbane Broncos,NQ Cowboys,26,28,Suncorp,https://www.rugbyleagueproject.org/matches/26771
2012|Rd 2|Manly Sea Eagles|Wests Tigers,2012,Rd 2,2,2,10,2012-03-09,Manly Sea Eagles,Wests Tigers,22,18,Bluetongue,https://www.rugbyleagueproject.org/matches/26770
2012|Rd 2|Canterbury Bulldogs|St. George Illawarra Dragons,2012,Rd 2,2,3,11,2012-03-10,Canterbury Bulldogs,St. George Illawarra Dragons,30,4,ANZ,https://www.rugbyleagueproject.org/matches/26773
2012|Rd 2|Gold Coast Titans|Canberra Raiders,2012,Rd 2,2,4,12,2012-03-10,Gold Coast Titans,Canberra Raiders,12,24,Skilled Park,https://www.rugbyleagueproject.org/matches/26772
2012|Rd 2|Cronulla Sharks|Newcastle Knights,2012,Rd 2,2,5,13,2012-03-11,Cronulla Sharks,Newcastle Knights,6,18,Toyota,https://www.rugbyleagueproject.org/matches/26774
2012|Rd 2|Melbourne Storm|South Sydney Rabbitohs,2012,Rd 2,2,6,14,2012-03-11,Melbourne Storm,South Sydney Rabbitohs,24,10,AAMI,https://www.rugbyleagueproject.org/matches/26776
2012|Rd 2|Sydney Roosters|Penrith Panthers,2012,Rd 2,2,7,15,2012-03-11,Sydney Roosters,Penrith Panthers,0,18,Allianz,https://www.rugbyleagueproject.org/matches/26775
2012|Rd 2|Parramatta Eels|New Zealand Warriors,2012,Rd 2,2,8,16,2012-03-12,Parramatta Eels,New Zealand Warriors,20,36,Parramatta,https://www.rugbyleagueproject.org/matches/26777
2012|Rd 3|Newcastle Knights|Brisbane Broncos,2012,Rd 3,3,1,17,2012-03-16,Newcastle Knights,Brisbane Broncos,10,24,Hunter,https://www.rugbyleagueproject.org/matches/26779
2012|Rd 3|St. George Illawarra Dragons|Wests Tigers,2012,Rd 3,3,2,18,2012-03-16,St. George Illawarra Dragons,Wests Tigers,36,12,WIN Jubilee,https://www.rugbyleagueproject.org/matches/26778
2012|Rd 3|Gold Coast Titans|Melbourne Storm,2012,Rd 3,3,3,19,2012-03-17,Gold Coast Titans,Melbourne Storm,6,30,Skilled Park,https://www.rugbyleagueproject.org/matches/26780
2012|Rd 3|NQ Cowboys|Parramatta Eels,2012,Rd 3,3,4,20,2012-03-17,NQ Cowboys,Parramatta Eels,42,6,Dairy Farmers,https://www.rugbyleagueproject.org/matches/26781
2012|Rd 3|New Zealand Warriors|Canterbury Bulldogs,2012,Rd 3,3,5,21,2012-03-18,New Zealand Warriors,Canterbury Bulldogs,18,32,Mt Smart,https://www.rugbyleagueproject.org/matches/26782
2012|Rd 3|Penrith Panthers|South Sydney Rabbitohs,2012,Rd 3,3,6,22,2012-03-18,Penrith Panthers,South Sydney Rabbitohs,24,40,Centrebet,https://www.rugbyleagueproject.org/matches/26784
2012|Rd 3|Sydney Roosters|Canberra Raiders,2012,Rd 3,3,7,23,2012-03-18,Sydney Roosters,Canberra Raiders,14,8,Allianz,https://www.rugbyleagueproject.org/matches/26783
2012|Rd 3|Cronulla Sharks|Manly Sea Eagles,2012,Rd 3,3,8,24,2012-03-19,Cronulla Sharks,Manly Sea Eagles,17,14,Toyota,https://www.rugbyleagueproject.org/matches/26785
2012|Rd 4|Parramatta Eels|Penrith Panthers,2012,Rd 4,4,1,25,2012-03-23,Parramatta Eels,Penrith Panthers,6,39,Parramatta,https://www.rugbyleagueproject.org/matches/26792
2012|Rd 4|South Sydney Rabbitohs|Brisbane Broncos,2012,Rd 4,4,2,26,2012-03-23,South Sydney Rabbitohs,Brisbane Broncos,12,20,nib Stadium,https://www.rugbyleagueproject.org/matches/26793
2012|Rd 4|NQ Cowboys|Cronulla Sharks,2012,Rd 4,4,3,27,2012-03-24,NQ Cowboys,Cronulla Sharks,14,20,Dairy Farmers,https://www.rugbyleagueproject.org/matches/26796
2012|Rd 4|New Zealand Warriors|Gold Coast Titans,2012,Rd 4,4,4,28,2012-03-24,New Zealand Warriors,Gold Coast Titans,26,6,Mt Smart,https://www.rugbyleagueproject.org/matches/26794
2012|Rd 4|St. George Illawarra Dragons|Manly Sea Eagles,2012,Rd 4,4,5,29,2012-03-24,St. George Illawarra Dragons,Manly Sea Eagles,17,6,WIN Jubilee,https://www.rugbyleagueproject.org/matches/26795
2012|Rd 4|Canterbury Bulldogs|Newcastle Knights,2012,Rd 4,4,6,30,2012-03-25,Canterbury Bulldogs,Newcastle Knights,6,20,ANZ,https://www.rugbyleagueproject.org/matches/26798
2012|Rd 4|Melbourne Storm|Sydney Roosters,2012,Rd 4,4,7,31,2012-03-25,Melbourne Storm,Sydney Roosters,44,4,AAMI,https://www.rugbyleagueproject.org/matches/26797
2012|Rd 4|Wests Tigers|Canberra Raiders,2012,Rd 4,4,8,32,2012-03-26,Wests Tigers,Canberra Raiders,16,30,Campbelltown,https://www.rugbyleagueproject.org/matches/26799
2012|Rd 5|Brisbane Broncos|St. George Illawarra Dragons,2012,Rd 5,5,1,33,2012-03-30,Brisbane Broncos,St. George Illawarra Dragons,28,20,Suncorp,https://www.rugbyleagueproject.org/matches/26813
2012|Rd 5|Melbourne Storm|Newcastle Knights,2012,Rd 5,5,2,34,2012-03-30,Melbourne Storm,Newcastle Knights,34,22,AAMI,https://www.rugbyleagueproject.org/matches/26812
2012|Rd 5|Parramatta Eels|Manly Sea Eagles,2012,Rd 5,5,3,35,2012-03-31,Parramatta Eels,Manly Sea Eagles,29,20,Parramatta,https://www.rugbyleagueproject.org/matches/26815
2012|Rd 5|Penrith Panthers|Cronulla Sharks,2012,Rd 5,5,4,36,2012-03-31,Penrith Panthers,Cronulla Sharks,14,15,Centrebet,https://www.rugbyleagueproject.org/matches/26814
2012|Rd 5|Sydney Roosters|New Zealand Warriors,2012,Rd 5,5,5,37,2012-03-31,Sydney Roosters,New Zealand Warriors,26,8,Allianz,https://www.rugbyleagueproject.org/matches/26816
2012|Rd 5|Gold Coast Titans|Canterbury Bulldogs,2012,Rd 5,5,6,38,2012-04-01,Gold Coast Titans,Canterbury Bulldogs,20,30,Skilled Park,https://www.rugbyleagueproject.org/matches/26817
2012|Rd 5|Wests Tigers|South Sydney Rabbitohs,2012,Rd 5,5,7,39,2012-04-01,Wests Tigers,South Sydney Rabbitohs,16,17,Allianz,https://www.rugbyleagueproject.org/matches/26818
2012|Rd 5|Canberra Raiders|NQ Cowboys,2012,Rd 5,5,8,40,2012-04-02,Canberra Raiders,NQ Cowboys,6,22,Canberra Stadium,https://www.rugbyleagueproject.org/matches/26821
2012|Rd 6|South Sydney Rabbitohs|Canterbury Bulldogs,2012,Rd 6,6,1,41,2012-04-06,South Sydney Rabbitohs,Canterbury Bulldogs,20,10,ANZ,https://www.rugbyleagueproject.org/matches/26822
2012|Rd 6|Wests Tigers|Brisbane Broncos,2012,Rd 6,6,2,42,2012-04-06,Wests Tigers,Brisbane Broncos,14,18,Allianz,https://www.rugbyleagueproject.org/matches/26823
2012|Rd 6|Cronulla Sharks|St. George Illawarra Dragons,2012,Rd 6,6,3,43,2012-04-07,Cronulla Sharks,St. George Illawarra Dragons,12,0,Toyota,https://www.rugbyleagueproject.org/matches/26825
2012|Rd 6|Gold Coast Titans|Sydney Roosters,2012,Rd 6,6,4,44,2012-04-07,Gold Coast Titans,Sydney Roosters,12,18,Skilled Park,https://www.rugbyleagueproject.org/matches/26824
2012|Rd 6|Canberra Raiders|New Zealand Warriors,2012,Rd 6,6,5,45,2012-04-08,Canberra Raiders,New Zealand Warriors,32,12,Canberra Stadium,https://www.rugbyleagueproject.org/matches/26826
2012|Rd 6|NQ Cowboys|Melbourne Storm,2012,Rd 6,6,6,46,2012-04-08,NQ Cowboys,Melbourne Storm,18,42,Dairy Farmers,https://www.rugbyleagueproject.org/matches/26828
2012|Rd 6|Newcastle Knights|Parramatta Eels,2012,Rd 6,6,7,47,2012-04-08,Newcastle Knights,Parramatta Eels,14,6,Hunter,https://www.rugbyleagueproject.org/matches/26827
2012|Rd 6|Manly Sea Eagles|Penrith Panthers,2012,Rd 6,6,8,48,2012-04-09,Manly Sea Eagles,Penrith Panthers,30,0,Brookvale,https://www.rugbyleagueproject.org/matches/26829
2012|Rd 7|Brisbane Broncos|Canberra Raiders,2012,Rd 7,7,1,49,2012-04-13,Brisbane Broncos,Canberra Raiders,30,6,Suncorp,https://www.rugbyleagueproject.org/matches/28011
2012|Rd 7|St. George Illawarra Dragons|Newcastle Knights,2012,Rd 7,7,2,50,2012-04-13,St. George Illawarra Dragons,Newcastle Knights,12,4,WIN Jubilee,https://www.rugbyleagueproject.org/matches/28010
2012|Rd 7|Manly Sea Eagles|Gold Coast Titans,2012,Rd 7,7,3,51,2012-04-14,Manly Sea Eagles,Gold Coast Titans,14,26,Brookvale,https://www.rugbyleagueproject.org/matches/28013
2012|Rd 7|Melbourne Storm|Canterbury Bulldogs,2012,Rd 7,7,4,52,2012-04-14,Melbourne Storm,Canterbury Bulldogs,12,6,AAMI,https://www.rugbyleagueproject.org/matches/28012
2012|Rd 7|Sydney Roosters|NQ Cowboys,2012,Rd 7,7,5,53,2012-04-14,Sydney Roosters,NQ Cowboys,12,50,TIO,https://www.rugbyleagueproject.org/matches/28014
2012|Rd 7|Cronulla Sharks|Parramatta Eels,2012,Rd 7,7,6,54,2012-04-15,Cronulla Sharks,Parramatta Eels,24,18,Toyota,https://www.rugbyleagueproject.org/matches/28016
2012|Rd 7|New Zealand Warriors|South Sydney Rabbitohs,2012,Rd 7,7,7,55,2012-04-15,New Zealand Warriors,South Sydney Rabbitohs,44,22,Mt Smart,https://www.rugbyleagueproject.org/matches/28015
2012|Rd 7|Penrith Panthers|Wests Tigers,2012,Rd 7,7,8,56,2012-04-15,Penrith Panthers,Wests Tigers,0,30,Centrebet,https://www.rugbyleagueproject.org/matches/28017
2012|Rd 8|Melbourne Storm|New Zealand Warriors,2012,Rd 8,8,1,57,2012-04-25,Melbourne Storm,New Zealand Warriors,32,14,AAMI,https://www.rugbyleagueproject.org/matches/28035
2012|Rd 8|St. George Illawarra Dragons|Sydney Roosters,2012,Rd 8,8,2,58,2012-04-25,St. George Illawarra Dragons,Sydney Roosters,28,24,Allianz,https://www.rugbyleagueproject.org/matches/28034
2012|Rd 8|Brisbane Broncos|Gold Coast Titans,2012,Rd 8,8,3,59,2012-04-27,Brisbane Broncos,Gold Coast Titans,26,6,Suncorp,https://www.rugbyleagueproject.org/matches/28037
2012|Rd 8|Canterbury Bulldogs|Manly Sea Eagles,2012,Rd 8,8,4,60,2012-04-27,Canterbury Bulldogs,Manly Sea Eagles,10,12,ANZ,https://www.rugbyleagueproject.org/matches/28036
2012|Rd 8|South Sydney Rabbitohs|NQ Cowboys,2012,Rd 8,8,5,61,2012-04-28,South Sydney Rabbitohs,NQ Cowboys,20,16,ANZ,https://www.rugbyleagueproject.org/matches/28038
2012|Rd 8|Canberra Raiders|Cronulla Sharks,2012,Rd 8,8,6,62,2012-04-29,Canberra Raiders,Cronulla Sharks,22,44,Canberra Stadium,https://www.rugbyleagueproject.org/matches/28039
2012|Rd 8|Parramatta Eels|Wests Tigers,2012,Rd 8,8,7,63,2012-04-29,Parramatta Eels,Wests Tigers,30,31,Parramatta,https://www.rugbyleagueproject.org/matches/28040
2012|Rd 8|Newcastle Knights|Penrith Panthers,2012,Rd 8,8,8,64,2012-04-30,Newcastle Knights,Penrith Panthers,34,14,Hunter,https://www.rugbyleagueproject.org/matches/28041
2012|Rd 9|NQ Cowboys|St. George Illawarra Dragons,2012,Rd 9,9,1,65,2012-05-04,NQ Cowboys,St. George Illawarra Dragons,30,6,Dairy Farmers,https://www.rugbyleagueproject.org/matches/28043
2012|Rd 9|Parramatta Eels|Canterbury Bulldogs,2012,Rd 9,9,2,66,2012-05-04,Parramatta Eels,Canterbury Bulldogs,12,46,ANZ,https://www.rugbyleagueproject.org/matches/28042
2012|Rd 9|Gold Coast Titans|Wests Tigers,2012,Rd 9,9,3,67,2012-05-05,Gold Coast Titans,Wests Tigers,14,15,Skilled Park,https://www.rugbyleagueproject.org/matches/28045
2012|Rd 9|New Zealand Warriors|Brisbane Broncos,2012,Rd 9,9,4,68,2012-05-05,New Zealand Warriors,Brisbane Broncos,30,20,Mt Smart,https://www.rugbyleagueproject.org/matches/28044
2012|Rd 9|Penrith Panthers|Melbourne Storm,2012,Rd 9,9,5,69,2012-05-05,Penrith Panthers,Melbourne Storm,10,44,Centrebet,https://www.rugbyleagueproject.org/matches/28046
2012|Rd 9|Manly Sea Eagles|Canberra Raiders,2012,Rd 9,9,6,70,2012-05-06,Manly Sea Eagles,Canberra Raiders,18,12,Brookvale,https://www.rugbyleagueproject.org/matches/28048
2012|Rd 9|Sydney Roosters|Newcastle Knights,2012,Rd 9,9,7,71,2012-05-06,Sydney Roosters,Newcastle Knights,24,6,Allianz,https://www.rugbyleagueproject.org/matches/28049
2012|Rd 9|South Sydney Rabbitohs|Cronulla Sharks,2012,Rd 9,9,8,72,2012-05-07,South Sydney Rabbitohs,Cronulla Sharks,34,28,ANZ,https://www.rugbyleagueproject.org/matches/28050
2012|Rd 10|Brisbane Broncos|Manly Sea Eagles,2012,Rd 10,10,1,73,2012-05-11,Brisbane Broncos,Manly Sea Eagles,22,24,Suncorp,https://www.rugbyleagueproject.org/matches/28078
2012|Rd 10|Canterbury Bulldogs|Gold Coast Titans,2012,Rd 10,10,2,74,2012-05-11,Canterbury Bulldogs,Gold Coast Titans,14,25,Suncorp,https://www.rugbyleagueproject.org/matches/28079
2012|Rd 10|New Zealand Warriors|Sydney Roosters,2012,Rd 10,10,3,75,2012-05-12,New Zealand Warriors,Sydney Roosters,30,26,Mt Smart,https://www.rugbyleagueproject.org/matches/28080
2012|Rd 10|Newcastle Knights|NQ Cowboys,2012,Rd 10,10,4,76,2012-05-12,Newcastle Knights,NQ Cowboys,12,32,Hunter,https://www.rugbyleagueproject.org/matches/28081
2012|Rd 10|Canberra Raiders|Parramatta Eels,2012,Rd 10,10,5,77,2012-05-13,Canberra Raiders,Parramatta Eels,40,34,Canberra Stadium,https://www.rugbyleagueproject.org/matches/28082
2012|Rd 10|Cronulla Sharks|Melbourne Storm,2012,Rd 10,10,6,78,2012-05-13,Cronulla Sharks,Melbourne Storm,12,10,Toyota,https://www.rugbyleagueproject.org/matches/28083
2012|Rd 10|Penrith Panthers|St. George Illawarra Dragons,2012,Rd 10,10,7,79,2012-05-14,Penrith Panthers,St. George Illawarra Dragons,13,12,Centrebet,https://www.rugbyleagueproject.org/matches/28084
2012|Rd 11|Wests Tigers|New Zealand Warriors,2012,Rd 11,11,1,80,2012-05-18,Wests Tigers,New Zealand Warriors,24,22,Leichhardt,https://www.rugbyleagueproject.org/matches/28087
2012|Rd 11|NQ Cowboys|Penrith Panthers,2012,Rd 11,11,2,81,2012-05-19,NQ Cowboys,Penrith Panthers,30,28,Dairy Farmers,https://www.rugbyleagueproject.org/matches/28088
2012|Rd 11|Manly Sea Eagles|Sydney Roosters,2012,Rd 11,11,3,82,2012-05-20,Manly Sea Eagles,Sydney Roosters,18,10,Brookvale,https://www.rugbyleagueproject.org/matches/28089
2012|Rd 11|St. George Illawarra Dragons|South Sydney Rabbitohs,2012,Rd 11,11,4,83,2012-05-20,St. George Illawarra Dragons,South Sydney Rabbitohs,18,19,WIN Jubilee,https://www.rugbyleagueproject.org/matches/28090
2012|Rd 11|Canterbury Bulldogs|Cronulla Sharks,2012,Rd 11,11,5,84,2012-05-21,Canterbury Bulldogs,Cronulla Sharks,26,6,ANZ,https://www.rugbyleagueproject.org/matches/28091
2012|Rd 12|Melbourne Storm|Brisbane Broncos,2012,Rd 12,12,1,85,2012-05-25,Melbourne Storm,Brisbane Broncos,34,10,AAMI,https://www.rugbyleagueproject.org/matches/28092
2012|Rd 12|South Sydney Rabbitohs|Canberra Raiders,2012,Rd 12,12,2,86,2012-05-25,South Sydney Rabbitohs,Canberra Raiders,36,18,ANZ,https://www.rugbyleagueproject.org/matches/28093
2012|Rd 12|Newcastle Knights|Gold Coast Titans,2012,Rd 12,12,3,87,2012-05-26,Newcastle Knights,Gold Coast Titans,14,24,Hunter,https://www.rugbyleagueproject.org/matches/28094
2012|Rd 12|St. George Illawarra Dragons|Parramatta Eels,2012,Rd 12,12,4,88,2012-05-26,St. George Illawarra Dragons,Parramatta Eels,14,12,WIN Jubilee,https://www.rugbyleagueproject.org/matches/28095
2012|Rd 12|Penrith Panthers|Manly Sea Eagles,2012,Rd 12,12,5,89,2012-05-27,Penrith Panthers,Manly Sea Eagles,22,4,Centrebet,https://www.rugbyleagueproject.org/matches/28096
2012|Rd 12|Wests Tigers|NQ Cowboys,2012,Rd 12,12,6,90,2012-05-27,Wests Tigers,NQ Cowboys,26,18,Campbelltown,https://www.rugbyleagueproject.org/matches/28097
2012|Rd 12|Sydney Roosters|Canterbury Bulldogs,2012,Rd 12,12,7,91,2012-05-28,Sydney Roosters,Canterbury Bulldogs,12,30,Allianz,https://www.rugbyleagueproject.org/matches/28098
2012|Rd 13|Gold Coast Titans|NQ Cowboys,2012,Rd 13,13,1,92,2012-06-01,Gold Coast Titans,NQ Cowboys,28,12,Skilled Park,https://www.rugbyleagueproject.org/matches/28114
2012|Rd 13|Manly Sea Eagles|St. George Illawarra Dragons,2012,Rd 13,13,2,93,2012-06-01,Manly Sea Eagles,St. George Illawarra Dragons,20,8,Brookvale,https://www.rugbyleagueproject.org/matches/28113
2012|Rd 13|Canberra Raiders|Wests Tigers,2012,Rd 13,13,3,94,2012-06-02,Canberra Raiders,Wests Tigers,0,40,Canberra Stadium,https://www.rugbyleagueproject.org/matches/28115
2012|Rd 13|Canterbury Bulldogs|South Sydney Rabbitohs,2012,Rd 13,13,4,95,2012-06-02,Canterbury Bulldogs,South Sydney Rabbitohs,23,18,ANZ,https://www.rugbyleagueproject.org/matches/28116
2012|Rd 13|Brisbane Broncos|Newcastle Knights,2012,Rd 13,13,5,96,2012-06-03,Brisbane Broncos,Newcastle Knights,50,24,Suncorp,https://www.rugbyleagueproject.org/matches/28118
2012|Rd 13|New Zealand Warriors|Melbourne Storm,2012,Rd 13,13,6,97,2012-06-03,New Zealand Warriors,Melbourne Storm,12,22,Mt Smart,https://www.rugbyleagueproject.org/matches/28117
2012|Rd 13|Parramatta Eels|Cronulla Sharks,2012,Rd 13,13,7,98,2012-06-04,Parramatta Eels,Cronulla Sharks,29,20,Parramatta,https://www.rugbyleagueproject.org/matches/28119
2012|Rd 14|Melbourne Storm|Wests Tigers,2012,Rd 14,14,1,99,2012-06-08,Melbourne Storm,Wests Tigers,6,10,AAMI,https://www.rugbyleagueproject.org/matches/28132
2012|Rd 14|Newcastle Knights|Canberra Raiders,2012,Rd 14,14,2,100,2012-06-09,Newcastle Knights,Canberra Raiders,16,32,Hunter,https://www.rugbyleagueproject.org/matches/28133
2012|Rd 14|Cronulla Sharks|Gold Coast Titans,2012,Rd 14,14,3,101,2012-06-10,Cronulla Sharks,Gold Coast Titans,22,12,Toyota,https://www.rugbyleagueproject.org/matches/28134
2012|Rd 14|Sydney Roosters|Brisbane Broncos,2012,Rd 14,14,4,102,2012-06-10,Sydney Roosters,Brisbane Broncos,22,40,Allianz,https://www.rugbyleagueproject.org/matches/28135
2012|Rd 14|Penrith Panthers|New Zealand Warriors,2012,Rd 14,14,5,103,2012-06-11,Penrith Panthers,New Zealand Warriors,16,30,Centrebet,https://www.rugbyleagueproject.org/matches/28136
2012|Rd 15|NQ Cowboys|Brisbane Broncos,2012,Rd 15,15,1,104,2012-06-15,NQ Cowboys,Brisbane Broncos,12,0,Dairy Farmers,https://www.rugbyleagueproject.org/matches/28140
2012|Rd 15|St. George Illawarra Dragons|Canterbury Bulldogs,2012,Rd 15,15,2,105,2012-06-15,St. George Illawarra Dragons,Canterbury Bulldogs,20,28,WIN,https://www.rugbyleagueproject.org/matches/28139
2012|Rd 15|Cronulla Sharks|New Zealand Warriors,2012,Rd 15,15,3,106,2012-06-16,Cronulla Sharks,New Zealand Warriors,20,19,Toyota,https://www.rugbyleagueproject.org/matches/28141
2012|Rd 15|Parramatta Eels|South Sydney Rabbitohs,2012,Rd 15,15,4,107,2012-06-16,Parramatta Eels,South Sydney Rabbitohs,6,24,ANZ,https://www.rugbyleagueproject.org/matches/28142
2012|Rd 15|Gold Coast Titans|Penrith Panthers,2012,Rd 15,15,5,108,2012-06-17,Gold Coast Titans,Penrith Panthers,36,18,Skilled Park,https://www.rugbyleagueproject.org/matches/28143
2012|Rd 15|Wests Tigers|Sydney Roosters,2012,Rd 15,15,6,109,2012-06-17,Wests Tigers,Sydney Roosters,28,42,Leichhardt,https://www.rugbyleagueproject.org/matches/28144
2012|Rd 15|Manly Sea Eagles|Melbourne Storm,2012,Rd 15,15,7,110,2012-06-18,Manly Sea Eagles,Melbourne Storm,22,26,Brookvale,https://www.rugbyleagueproject.org/matches/28156
2012|Rd 16|Brisbane Broncos|South Sydney Rabbitohs,2012,Rd 16,16,1,111,2012-06-22,Brisbane Broncos,South Sydney Rabbitohs,26,12,Suncorp,https://www.rugbyleagueproject.org/matches/28158
2012|Rd 16|St. George Illawarra Dragons|Gold Coast Titans,2012,Rd 16,16,2,112,2012-06-22,St. George Illawarra Dragons,Gold Coast Titans,8,6,WIN,https://www.rugbyleagueproject.org/matches/28159
2012|Rd 16|NQ Cowboys|Canberra Raiders,2012,Rd 16,16,3,113,2012-06-23,NQ Cowboys,Canberra Raiders,40,18,Dairy Farmers,https://www.rugbyleagueproject.org/matches/28160
2012|Rd 16|Penrith Panthers|Parramatta Eels,2012,Rd 16,16,4,114,2012-06-23,Penrith Panthers,Parramatta Eels,18,19,Centrebet,https://www.rugbyleagueproject.org/matches/28161
2012|Rd 16|Canterbury Bulldogs|Melbourne Storm,2012,Rd 16,16,5,115,2012-06-24,Canterbury Bulldogs,Melbourne Storm,20,4,Virgin Aust.,https://www.rugbyleagueproject.org/matches/28162
2012|Rd 16|Sydney Roosters|Manly Sea Eagles,2012,Rd 16,16,6,116,2012-06-24,Sydney Roosters,Manly Sea Eagles,14,52,Allianz,https://www.rugbyleagueproject.org/matches/28163
2012|Rd 16|Newcastle Knights|Wests Tigers,2012,Rd 16,16,7,117,2012-06-25,Newcastle Knights,Wests Tigers,38,20,Hunter,https://www.rugbyleagueproject.org/matches/28164
2012|Rd 17|Brisbane Broncos|Cronulla Sharks,2012,Rd 17,17,1,118,2012-06-29,Brisbane Broncos,Cronulla Sharks,12,26,Suncorp,https://www.rugbyleagueproject.org/matches/28165
2012|Rd 17|Parramatta Eels|Newcastle Knights,2012,Rd 17,17,2,119,2012-06-30,Parramatta Eels,Newcastle Knights,12,20,Parramatta,https://www.rugbyleagueproject.org/matches/28166
2012|Rd 17|New Zealand Warriors|NQ Cowboys,2012,Rd 17,17,3,120,2012-07-01,New Zealand Warriors,NQ Cowboys,35,18,Mt Smart,https://www.rugbyleagueproject.org/matches/28167
2012|Rd 17|South Sydney Rabbitohs|Penrith Panthers,2012,Rd 17,17,4,121,2012-07-01,South Sydney Rabbitohs,Penrith Panthers,38,12,ANZ,https://www.rugbyleagueproject.org/matches/28168
2012|Rd 17|Canberra Raiders|St. George Illawarra Dragons,2012,Rd 17,17,5,122,2012-07-02,Canberra Raiders,St. George Illawarra Dragons,22,18,Canberra Stadium,https://www.rugbyleagueproject.org/matches/28169
2012|Rd 18|Wests Tigers|Canterbury Bulldogs,2012,Rd 18,18,1,123,2012-07-06,Wests Tigers,Canterbury Bulldogs,20,32,Allianz,https://www.rugbyleagueproject.org/matches/28186
2012|Rd 18|Gold Coast Titans|New Zealand Warriors,2012,Rd 18,18,2,124,2012-07-07,Gold Coast Titans,New Zealand Warriors,14,32,Skilled Park,https://www.rugbyleagueproject.org/matches/28188
2012|Rd 18|Melbourne Storm|Canberra Raiders,2012,Rd 18,18,3,125,2012-07-07,Melbourne Storm,Canberra Raiders,12,40,AAMI,https://www.rugbyleagueproject.org/matches/28187
2012|Rd 18|Manly Sea Eagles|Parramatta Eels,2012,Rd 18,18,4,126,2012-07-08,Manly Sea Eagles,Parramatta Eels,40,24,Brookvale,https://www.rugbyleagueproject.org/matches/28190
2012|Rd 18|South Sydney Rabbitohs|Newcastle Knights,2012,Rd 18,18,5,127,2012-07-08,South Sydney Rabbitohs,Newcastle Knights,34,14,ANZ,https://www.rugbyleagueproject.org/matches/28189
2012|Rd 18|Cronulla Sharks|Sydney Roosters,2012,Rd 18,18,6,128,2012-07-09,Cronulla Sharks,Sydney Roosters,14,14,Toyota,https://www.rugbyleagueproject.org/matches/28191
2012|Rd 19|Brisbane Broncos|New Zealand Warriors,2012,Rd 19,19,1,129,2012-07-13,Brisbane Broncos,New Zealand Warriors,10,8,Suncorp,https://www.rugbyleagueproject.org/matches/28201
2012|Rd 19|Canterbury Bulldogs|Parramatta Eels,2012,Rd 19,19,2,130,2012-07-13,Canterbury Bulldogs,Parramatta Eels,32,12,ANZ,https://www.rugbyleagueproject.org/matches/28200
2012|Rd 19|Melbourne Storm|NQ Cowboys,2012,Rd 19,19,3,131,2012-07-14,Melbourne Storm,NQ Cowboys,16,20,AAMI,https://www.rugbyleagueproject.org/matches/28203
2012|Rd 19|Newcastle Knights|Manly Sea Eagles,2012,Rd 19,19,4,132,2012-07-14,Newcastle Knights,Manly Sea Eagles,32,6,Hunter,https://www.rugbyleagueproject.org/matches/28202
2012|Rd 19|Wests Tigers|Penrith Panthers,2012,Rd 19,19,5,133,2012-07-14,Wests Tigers,Penrith Panthers,26,18,Campbelltown,https://www.rugbyleagueproject.org/matches/28204
2012|Rd 19|Canberra Raiders|Gold Coast Titans,2012,Rd 19,19,6,134,2012-07-15,Canberra Raiders,Gold Coast Titans,26,38,Canberra Stadium,https://www.rugbyleagueproject.org/matches/28205
2012|Rd 19|St. George Illawarra Dragons|Cronulla Sharks,2012,Rd 19,19,7,135,2012-07-15,St. George Illawarra Dragons,Cronulla Sharks,18,10,WIN,https://www.rugbyleagueproject.org/matches/28206
2012|Rd 19|Sydney Roosters|South Sydney Rabbitohs,2012,Rd 19,19,8,136,2012-07-16,Sydney Roosters,South Sydney Rabbitohs,22,24,Allianz,https://www.rugbyleagueproject.org/matches/28207
2012|Rd 20|Gold Coast Titans|Brisbane Broncos,2012,Rd 20,20,1,137,2012-07-20,Gold Coast Titans,Brisbane Broncos,14,10,Skilled Park,https://www.rugbyleagueproject.org/matches/28209
2012|Rd 20|Manly Sea Eagles|Canterbury Bulldogs,2012,Rd 20,20,2,138,2012-07-20,Manly Sea Eagles,Canterbury Bulldogs,12,20,Brookvale,https://www.rugbyleagueproject.org/matches/28208
2012|Rd 20|New Zealand Warriors|Newcastle Knights,2012,Rd 20,20,3,139,2012-07-21,New Zealand Warriors,Newcastle Knights,19,24,Mt Smart,https://www.rugbyleagueproject.org/matches/28210
2012|Rd 20|Parramatta Eels|Melbourne Storm,2012,Rd 20,20,4,140,2012-07-21,Parramatta Eels,Melbourne Storm,16,10,Parramatta,https://www.rugbyleagueproject.org/matches/28212
2012|Rd 20|South Sydney Rabbitohs|St. George Illawarra Dragons,2012,Rd 20,20,5,141,2012-07-21,South Sydney Rabbitohs,St. George Illawarra Dragons,36,14,ANZ,https://www.rugbyleagueproject.org/matches/28211
2012|Rd 20|Cronulla Sharks|Canberra Raiders,2012,Rd 20,20,6,142,2012-07-22,Cronulla Sharks,Canberra Raiders,4,36,Toyota,https://www.rugbyleagueproject.org/matches/28213
2012|Rd 20|Penrith Panthers|Sydney Roosters,2012,Rd 20,20,7,143,2012-07-22,Penrith Panthers,Sydney Roosters,28,16,Centrebet,https://www.rugbyleagueproject.org/matches/28214
2012|Rd 20|NQ Cowboys|Wests Tigers,2012,Rd 20,20,8,144,2012-07-23,NQ Cowboys,Wests Tigers,29,16,Dairy Farmers,https://www.rugbyleagueproject.org/matches/28215
2012|Rd 21|St. George Illawarra Dragons|Melbourne Storm,2012,Rd 21,21,1,145,2012-07-27,St. George Illawarra Dragons,Melbourne Storm,26,18,WIN,https://www.rugbyleagueproject.org/matches/28216
2012|Rd 21|Sydney Roosters|Gold Coast Titans,2012,Rd 21,21,2,146,2012-07-27,Sydney Roosters,Gold Coast Titans,16,36,Allianz,https://www.rugbyleagueproject.org/matches/28217
2012|Rd 21|Canterbury Bulldogs|NQ Cowboys,2012,Rd 21,21,3,147,2012-07-28,Canterbury Bulldogs,NQ Cowboys,32,18,ANZ,https://www.rugbyleagueproject.org/matches/28218
2012|Rd 21|Cronulla Sharks|Penrith Panthers,2012,Rd 21,21,4,148,2012-07-28,Cronulla Sharks,Penrith Panthers,20,21,Toyota,https://www.rugbyleagueproject.org/matches/28220
2012|Rd 21|Manly Sea Eagles|New Zealand Warriors,2012,Rd 21,21,5,149,2012-07-28,Manly Sea Eagles,New Zealand Warriors,24,22,Patersons,https://www.rugbyleagueproject.org/matches/28219
2012|Rd 21|Canberra Raiders|Newcastle Knights,2012,Rd 21,21,6,150,2012-07-29,Canberra Raiders,Newcastle Knights,6,36,Canberra Stadium,https://www.rugbyleagueproject.org/matches/28221
2012|Rd 21|South Sydney Rabbitohs|Wests Tigers,2012,Rd 21,21,7,151,2012-07-29,South Sydney Rabbitohs,Wests Tigers,32,6,ANZ,https://www.rugbyleagueproject.org/matches/28222
2012|Rd 21|Brisbane Broncos|Parramatta Eels,2012,Rd 21,21,8,152,2012-07-30,Brisbane Broncos,Parramatta Eels,22,42,Suncorp,https://www.rugbyleagueproject.org/matches/28223
2012|Rd 22|Sydney Roosters|St. George Illawarra Dragons,2012,Rd 22,22,1,153,2012-08-03,Sydney Roosters,St. George Illawarra Dragons,26,10,Allianz,https://www.rugbyleagueproject.org/matches/28224
2012|Rd 22|Melbourne Storm|Penrith Panthers,2012,Rd 22,22,2,154,2012-08-04,Melbourne Storm,Penrith Panthers,46,6,AAMI,https://www.rugbyleagueproject.org/matches/28225
2012|Rd 22|NQ Cowboys|Manly Sea Eagles,2012,Rd 22,22,3,155,2012-08-04,NQ Cowboys,Manly Sea Eagles,6,8,Dairy Farmers,https://www.rugbyleagueproject.org/matches/28227
2012|Rd 22|Newcastle Knights|Canterbury Bulldogs,2012,Rd 22,22,4,156,2012-08-04,Newcastle Knights,Canterbury Bulldogs,10,26,Hunter,https://www.rugbyleagueproject.org/matches/28226
2012|Rd 22|Canberra Raiders|Brisbane Broncos,2012,Rd 22,22,5,157,2012-08-05,Canberra Raiders,Brisbane Broncos,28,12,Canberra Stadium,https://www.rugbyleagueproject.org/matches/28229
2012|Rd 22|Gold Coast Titans|South Sydney Rabbitohs,2012,Rd 22,22,6,158,2012-08-05,Gold Coast Titans,South Sydney Rabbitohs,18,22,Skilled Park,https://www.rugbyleagueproject.org/matches/28230
2012|Rd 22|New Zealand Warriors|Cronulla Sharks,2012,Rd 22,22,7,159,2012-08-05,New Zealand Warriors,Cronulla Sharks,4,45,Mt Smart,https://www.rugbyleagueproject.org/matches/28228
2012|Rd 22|Wests Tigers|Parramatta Eels,2012,Rd 22,22,8,160,2012-08-06,Wests Tigers,Parramatta Eels,51,26,Campbelltown,https://www.rugbyleagueproject.org/matches/28231
2012|Rd 23|Melbourne Storm|Gold Coast Titans,2012,Rd 23,23,1,161,2012-08-10,Melbourne Storm,Gold Coast Titans,24,16,AAMI,https://www.rugbyleagueproject.org/matches/28233
2012|Rd 23|South Sydney Rabbitohs|Manly Sea Eagles,2012,Rd 23,23,2,162,2012-08-10,South Sydney Rabbitohs,Manly Sea Eagles,6,23,Bluetongue,https://www.rugbyleagueproject.org/matches/28232
2012|Rd 23|NQ Cowboys|New Zealand Warriors,2012,Rd 23,23,3,163,2012-08-11,NQ Cowboys,New Zealand Warriors,52,12,Dairy Farmers,https://www.rugbyleagueproject.org/matches/28236
2012|Rd 23|Parramatta Eels|Sydney Roosters,2012,Rd 23,23,4,164,2012-08-11,Parramatta Eels,Sydney Roosters,36,22,Parramatta,https://www.rugbyleagueproject.org/matches/28234
2012|Rd 23|Wests Tigers|St. George Illawarra Dragons,2012,Rd 23,23,5,165,2012-08-11,Wests Tigers,St. George Illawarra Dragons,22,12,Allianz,https://www.rugbyleagueproject.org/matches/28235
2012|Rd 23|Canterbury Bulldogs|Brisbane Broncos,2012,Rd 23,23,6,166,2012-08-12,Canterbury Bulldogs,Brisbane Broncos,22,14,ANZ,https://www.rugbyleagueproject.org/matches/28238
2012|Rd 23|Penrith Panthers|Canberra Raiders,2012,Rd 23,23,7,167,2012-08-12,Penrith Panthers,Canberra Raiders,10,20,Centrebet,https://www.rugbyleagueproject.org/matches/28237
2012|Rd 23|Newcastle Knights|Cronulla Sharks,2012,Rd 23,23,8,168,2012-08-13,Newcastle Knights,Cronulla Sharks,26,4,Hunter,https://www.rugbyleagueproject.org/matches/28239
2012|Rd 24|Brisbane Broncos|Melbourne Storm,2012,Rd 24,24,1,169,2012-08-17,Brisbane Broncos,Melbourne Storm,18,19,Suncorp,https://www.rugbyleagueproject.org/matches/28241
2012|Rd 24|Canterbury Bulldogs|Wests Tigers,2012,Rd 24,24,2,170,2012-08-17,Canterbury Bulldogs,Wests Tigers,23,22,ANZ,https://www.rugbyleagueproject.org/matches/28240
2012|Rd 24|Canberra Raiders|Sydney Roosters,2012,Rd 24,24,3,171,2012-08-18,Canberra Raiders,Sydney Roosters,24,20,Canberra Stadium,https://www.rugbyleagueproject.org/matches/28272
2012|Rd 24|Cronulla Sharks|South Sydney Rabbitohs,2012,Rd 24,24,4,172,2012-08-18,Cronulla Sharks,South Sydney Rabbitohs,20,7,Toyota,https://www.rugbyleagueproject.org/matches/28273
2012|Rd 24|Gold Coast Titans|Parramatta Eels,2012,Rd 24,24,5,173,2012-08-19,Gold Coast Titans,Parramatta Eels,24,16,Skilled Park,https://www.rugbyleagueproject.org/matches/28277
2012|Rd 24|Manly Sea Eagles|Newcastle Knights,2012,Rd 24,24,6,174,2012-08-19,Manly Sea Eagles,Newcastle Knights,42,20,Brookvale,https://www.rugbyleagueproject.org/matches/28278
2012|Rd 24|New Zealand Warriors|Penrith Panthers,2012,Rd 24,24,7,175,2012-08-19,New Zealand Warriors,Penrith Panthers,16,18,Mt Smart,https://www.rugbyleagueproject.org/matches/28276
2012|Rd 24|St. George Illawarra Dragons|NQ Cowboys,2012,Rd 24,24,8,176,2012-08-20,St. George Illawarra Dragons,NQ Cowboys,22,32,WIN,https://www.rugbyleagueproject.org/matches/28279
2012|Rd 25|Canberra Raiders|Canterbury Bulldogs,2012,Rd 25,25,1,177,2012-08-24,Canberra Raiders,Canterbury Bulldogs,34,6,Canberra Stadium,https://www.rugbyleagueproject.org/matches/28286
2012|Rd 25|Manly Sea Eagles|Brisbane Broncos,2012,Rd 25,25,2,178,2012-08-24,Manly Sea Eagles,Brisbane Broncos,16,6,Brookvale,https://www.rugbyleagueproject.org/matches/28285
2012|Rd 25|NQ Cowboys|Newcastle Knights,2012,Rd 25,25,3,179,2012-08-25,NQ Cowboys,Newcastle Knights,22,14,Dairy Farmers,https://www.rugbyleagueproject.org/matches/28289
2012|Rd 25|Penrith Panthers|Gold Coast Titans,2012,Rd 25,25,4,180,2012-08-25,Penrith Panthers,Gold Coast Titans,36,22,Centrebet,https://www.rugbyleagueproject.org/matches/28287
2012|Rd 25|St. George Illawarra Dragons|New Zealand Warriors,2012,Rd 25,25,5,181,2012-08-25,St. George Illawarra Dragons,New Zealand Warriors,38,6,WIN,https://www.rugbyleagueproject.org/matches/28288
2012|Rd 25|South Sydney Rabbitohs|Parramatta Eels,2012,Rd 25,25,6,182,2012-08-26,South Sydney Rabbitohs,Parramatta Eels,38,6,ANZ,https://www.rugbyleagueproject.org/matches/28291
2012|Rd 25|Sydney Roosters|Wests Tigers,2012,Rd 25,25,7,183,2012-08-26,Sydney Roosters,Wests Tigers,44,20,Allianz,https://www.rugbyleagueproject.org/matches/28290
2012|Rd 25|Melbourne Storm|Cronulla Sharks,2012,Rd 25,25,8,184,2012-08-27,Melbourne Storm,Cronulla Sharks,20,18,AAMI,https://www.rugbyleagueproject.org/matches/28292
2012|Rd 26|Brisbane Broncos|Penrith Panthers,2012,Rd 26,26,1,185,2012-08-31,Brisbane Broncos,Penrith Panthers,19,12,Suncorp,https://www.rugbyleagueproject.org/matches/28294
2012|Rd 26|Newcastle Knights|South Sydney Rabbitohs,2012,Rd 26,26,2,186,2012-08-31,Newcastle Knights,South Sydney Rabbitohs,6,18,Hunter,https://www.rugbyleagueproject.org/matches/28293
2012|Rd 26|Canterbury Bulldogs|Sydney Roosters,2012,Rd 26,26,3,187,2012-09-01,Canterbury Bulldogs,Sydney Roosters,42,10,ANZ,https://www.rugbyleagueproject.org/matches/28297
2012|Rd 26|Gold Coast Titans|Manly Sea Eagles,2012,Rd 26,26,4,188,2012-09-01,Gold Coast Titans,Manly Sea Eagles,16,24,Skilled Park,https://www.rugbyleagueproject.org/matches/28295
2012|Rd 26|Wests Tigers|Melbourne Storm,2012,Rd 26,26,5,189,2012-09-01,Wests Tigers,Melbourne Storm,6,26,Leichhardt,https://www.rugbyleagueproject.org/matches/28296
2012|Rd 26|Cronulla Sharks|NQ Cowboys,2012,Rd 26,26,6,190,2012-09-02,Cronulla Sharks,NQ Cowboys,22,36,Toyota,https://www.rugbyleagueproject.org/matches/28299
2012|Rd 26|New Zealand Warriors|Canberra Raiders,2012,Rd 26,26,7,191,2012-09-02,New Zealand Warriors,Canberra Raiders,22,42,Mt Smart,https://www.rugbyleagueproject.org/matches/28298
2012|Rd 26|Parramatta Eels|St. George Illawarra Dragons,2012,Rd 26,26,8,192,2012-09-02,Parramatta Eels,St. George Illawarra Dragons,8,29,ANZ,https://www.rugbyleagueproject.org/matches/28300
2012|Qualif Final|Canterbury Bulldogs|Manly Sea Eagles,2012,Qualif Final,27,1,193,2012-09-07,Canterbury Bulldogs,Manly Sea Eagles,16,10,ANZ,https://www.rugbyleagueproject.org/matches/28301
2012|Qualif Final|Melbourne Storm|South Sydney Rabbitohs,2012,Qualif Final,27,2,194,2012-09-08,Melbourne Storm,South Sydney Rabbitohs,24,6,AAMI,https://www.rugbyleagueproject.org/matches/28302
2012|Qualif Final|NQ Cowboys|Brisbane Broncos,2012,Qualif Final,27,3,195,2012-09-08,NQ Cowboys,Brisbane Broncos,33,16,Dairy Farmers,https://www.rugbyleagueproject.org/matches/28303
2012|Qualif Final|Canberra Raiders|Cronulla Sharks,2012,Qualif Final,27,4,196,2012-09-09,Canberra Raiders,Cronulla Sharks,34,16,Canberra Stadium,https://www.rugbyleagueproject.org/matches/28304
2012|Semi Final|Manly Sea Eagles|NQ Cowboys,2012,Semi Final,28,1,197,2012-09-14,Manly Sea Eagles,NQ Cowboys,22,12,Allianz,https://www.rugbyleagueproject.org/matches/28305
2012|Semi Final|South Sydney Rabbitohs|Canberra Raiders,2012,Semi Final,28,2,198,2012-09-15,South Sydney Rabbitohs,Canberra Raiders,38,16,ANZ,https://www.rugbyleagueproject.org/matches/28306
2012|Prelim Final|Melbourne Storm|Manly Sea Eagles,2012,Prelim Final,29,1,199,2012-09-21,Melbourne Storm,Manly Sea Eagles,40,12,AAMI,https://www.rugbyleagueproject.org/matches/28307
2012|Prelim Final|Canterbury Bulldogs|South Sydney Rabbitohs,2012,Prelim Final,29,2,200,2012-09-22,Canterbury Bulldogs,South Sydney Rabbitohs,32,8,ANZ,https://www.rugbyleagueproject.org/matches/28308
2012|Grand Final|Canterbury Bulldogs|Melbourne Storm,2012,Grand Final,30,1,201,2012-09-30,Canterbury Bulldogs,Melbourne Storm,4,14,ANZ,https://www.rugbyleagueproject.org/matches/28309
2013|Rd 1|Sydney Roosters|South Sydney Rabbitohs,2013,Rd 1,1,1,1,2013-03-07,Sydney Roosters,South Sydney Rabbitohs,10,28,Allianz,https://www.rugbyleagueproject.org/matches/28721
2013|Rd 1|Brisbane Broncos|Manly Sea Eagles,2013,Rd 1,1,2,2,2013-03-08,Brisbane Broncos,Manly Sea Eagles,14,22,Suncorp,https://www.rugbyleagueproject.org/matches/28722
2013|Rd 1|Canterbury Bulldogs|NQ Cowboys,2013,Rd 1,1,3,3,2013-03-09,Canterbury Bulldogs,NQ Cowboys,12,24,Bluetongue,https://www.rugbyleagueproject.org/matches/28724
2013|Rd 1|Parramatta Eels|New Zealand Warriors,2013,Rd 1,1,4,4,2013-03-09,Parramatta Eels,New Zealand Warriors,40,10,Parramatta,https://www.rugbyleagueproject.org/matches/28723
2013|Rd 1|Cronulla Sharks|Gold Coast Titans,2013,Rd 1,1,5,5,2013-03-10,Cronulla Sharks,Gold Coast Titans,12,10,Shark Stadium,https://www.rugbyleagueproject.org/matches/28727
2013|Rd 1|Melbourne Storm|St. George Illawarra Dragons,2013,Rd 1,1,6,6,2013-03-10,Melbourne Storm,St. George Illawarra Dragons,30,10,AAMI,https://www.rugbyleagueproject.org/matches/28726
2013|Rd 1|Penrith Panthers|Canberra Raiders,2013,Rd 1,1,7,7,2013-03-10,Penrith Panthers,Canberra Raiders,32,10,Centrebet,https://www.rugbyleagueproject.org/matches/28725
2013|Rd 1|Newcastle Knights|Wests Tigers,2013,Rd 1,1,8,8,2013-03-11,Newcastle Knights,Wests Tigers,42,10,Hunter,https://www.rugbyleagueproject.org/matches/28728
2013|Rd 2|Parramatta Eels|Canterbury Bulldogs,2013,Rd 2,2,1,9,2013-03-14,Parramatta Eels,Canterbury Bulldogs,16,20,ANZ,https://www.rugbyleagueproject.org/matches/28729
2013|Rd 2|St. George Illawarra Dragons|Brisbane Broncos,2013,Rd 2,2,2,10,2013-03-15,St. George Illawarra Dragons,Brisbane Broncos,6,22,WIN,https://www.rugbyleagueproject.org/matches/28730
2013|Rd 2|NQ Cowboys|Melbourne Storm,2013,Rd 2,2,3,11,2013-03-16,NQ Cowboys,Melbourne Storm,10,32,1300SMILES,https://www.rugbyleagueproject.org/matches/28731
2013|Rd 2|New Zealand Warriors|Sydney Roosters,2013,Rd 2,2,4,12,2013-03-16,New Zealand Warriors,Sydney Roosters,14,16,Eden Park,https://www.rugbyleagueproject.org/matches/28732
2013|Rd 2|Gold Coast Titans|Canberra Raiders,2013,Rd 2,2,5,13,2013-03-17,Gold Coast Titans,Canberra Raiders,36,0,Skilled Park,https://www.rugbyleagueproject.org/matches/28733
2013|Rd 2|Manly Sea Eagles|Newcastle Knights,2013,Rd 2,2,6,14,2013-03-17,Manly Sea Eagles,Newcastle Knights,32,0,Brookvale,https://www.rugbyleagueproject.org/matches/28735
2013|Rd 2|Wests Tigers|Penrith Panthers,2013,Rd 2,2,7,15,2013-03-17,Wests Tigers,Penrith Panthers,28,18,Campbelltown,https://www.rugbyleagueproject.org/matches/28734
2013|Rd 2|South Sydney Rabbitohs|Cronulla Sharks,2013,Rd 2,2,8,16,2013-03-18,South Sydney Rabbitohs,Cronulla Sharks,14,12,ANZ,https://www.rugbyleagueproject.org/matches/28736
2013|Rd 3|Melbourne Storm|Canterbury Bulldogs,2013,Rd 3,3,1,17,2013-03-21,Melbourne Storm,Canterbury Bulldogs,22,18,AAMI,https://www.rugbyleagueproject.org/matches/28737
2013|Rd 3|Wests Tigers|Parramatta Eels,2013,Rd 3,3,2,18,2013-03-22,Wests Tigers,Parramatta Eels,31,18,Leichhardt,https://www.rugbyleagueproject.org/matches/28738
2013|Rd 3|Gold Coast Titans|Manly Sea Eagles,2013,Rd 3,3,3,19,2013-03-23,Gold Coast Titans,Manly Sea Eagles,16,14,Skilled Park,https://www.rugbyleagueproject.org/matches/28739
2013|Rd 3|Sydney Roosters|Brisbane Broncos,2013,Rd 3,3,4,20,2013-03-23,Sydney Roosters,Brisbane Broncos,8,0,Allianz,https://www.rugbyleagueproject.org/matches/28740
2013|Rd 3|Canberra Raiders|St. George Illawarra Dragons,2013,Rd 3,3,5,21,2013-03-24,Canberra Raiders,St. George Illawarra Dragons,30,17,Canberra Stadium,https://www.rugbyleagueproject.org/matches/28743
2013|Rd 3|Cronulla Sharks|New Zealand Warriors,2013,Rd 3,3,6,22,2013-03-24,Cronulla Sharks,New Zealand Warriors,28,4,Shark Stadium,https://www.rugbyleagueproject.org/matches/28741
2013|Rd 3|Penrith Panthers|South Sydney Rabbitohs,2013,Rd 3,3,7,23,2013-03-24,Penrith Panthers,South Sydney Rabbitohs,32,44,Centrebet,https://www.rugbyleagueproject.org/matches/28742
2013|Rd 3|Newcastle Knights|NQ Cowboys,2013,Rd 3,3,8,24,2013-03-25,Newcastle Knights,NQ Cowboys,34,6,Hunter,https://www.rugbyleagueproject.org/matches/28744
2013|Rd 4|Manly Sea Eagles|Wests Tigers,2013,Rd 4,4,1,25,2013-03-28,Manly Sea Eagles,Wests Tigers,26,0,Bluetongue,https://www.rugbyleagueproject.org/matches/28745
2013|Rd 4|Brisbane Broncos|Melbourne Storm,2013,Rd 4,4,2,26,2013-03-29,Brisbane Broncos,Melbourne Storm,26,32,Suncorp,https://www.rugbyleagueproject.org/matches/28747
2013|Rd 4|Canterbury Bulldogs|South Sydney Rabbitohs,2013,Rd 4,4,3,27,2013-03-29,Canterbury Bulldogs,South Sydney Rabbitohs,12,17,ANZ,https://www.rugbyleagueproject.org/matches/28746
2013|Rd 4|Cronulla Sharks|St. George Illawarra Dragons,2013,Rd 4,4,4,28,2013-03-30,Cronulla Sharks,St. George Illawarra Dragons,12,25,Shark Stadium,https://www.rugbyleagueproject.org/matches/28748
2013|Rd 4|Newcastle Knights|Canberra Raiders,2013,Rd 4,4,5,29,2013-03-31,Newcastle Knights,Canberra Raiders,28,12,Hunter,https://www.rugbyleagueproject.org/matches/28750
2013|Rd 4|Penrith Panthers|Gold Coast Titans,2013,Rd 4,4,6,30,2013-03-31,Penrith Panthers,Gold Coast Titans,10,28,Centrebet,https://www.rugbyleagueproject.org/matches/28749
2013|Rd 4|New Zealand Warriors|NQ Cowboys,2013,Rd 4,4,7,31,2013-04-01,New Zealand Warriors,NQ Cowboys,20,18,Mt Smart,https://www.rugbyleagueproject.org/matches/28751
2013|Rd 4|Sydney Roosters|Parramatta Eels,2013,Rd 4,4,8,32,2013-04-01,Sydney Roosters,Parramatta Eels,50,0,Allianz,https://www.rugbyleagueproject.org/matches/28752
2013|Rd 5|Canterbury Bulldogs|Manly Sea Eagles,2013,Rd 5,5,1,33,2013-04-05,Canterbury Bulldogs,Manly Sea Eagles,6,20,ANZ,https://www.rugbyleagueproject.org/matches/28753
2013|Rd 5|Gold Coast Titans|Brisbane Broncos,2013,Rd 5,5,2,34,2013-04-05,Gold Coast Titans,Brisbane Broncos,12,32,Skilled Park,https://www.rugbyleagueproject.org/matches/28754
2013|Rd 5|NQ Cowboys|Penrith Panthers,2013,Rd 5,5,3,35,2013-04-06,NQ Cowboys,Penrith Panthers,30,0,1300SMILES,https://www.rugbyleagueproject.org/matches/28756
2013|Rd 5|Parramatta Eels|Cronulla Sharks,2013,Rd 5,5,4,36,2013-04-06,Parramatta Eels,Cronulla Sharks,13,6,Parramatta,https://www.rugbyleagueproject.org/matches/28755
2013|Rd 5|Canberra Raiders|Sydney Roosters,2013,Rd 5,5,5,37,2013-04-07,Canberra Raiders,Sydney Roosters,24,22,Canberra Stadium,https://www.rugbyleagueproject.org/matches/28759
2013|Rd 5|New Zealand Warriors|South Sydney Rabbitohs,2013,Rd 5,5,6,38,2013-04-07,New Zealand Warriors,South Sydney Rabbitohs,22,24,Mt Smart,https://www.rugbyleagueproject.org/matches/28758
2013|Rd 5|St. George Illawarra Dragons|Newcastle Knights,2013,Rd 5,5,7,39,2013-04-07,St. George Illawarra Dragons,Newcastle Knights,19,16,WIN Jubilee,https://www.rugbyleagueproject.org/matches/28757
2013|Rd 5|Melbourne Storm|Wests Tigers,2013,Rd 5,5,8,40,2013-04-08,Melbourne Storm,Wests Tigers,26,12,AAMI,https://www.rugbyleagueproject.org/matches/28760
2013|Rd 6|Brisbane Broncos|NQ Cowboys,2013,Rd 6,6,1,41,2013-04-12,Brisbane Broncos,NQ Cowboys,12,10,Suncorp,https://www.rugbyleagueproject.org/matches/28761
2013|Rd 6|Sydney Roosters|Canterbury Bulldogs,2013,Rd 6,6,2,42,2013-04-12,Sydney Roosters,Canterbury Bulldogs,38,0,Allianz,https://www.rugbyleagueproject.org/matches/28762
2013|Rd 6|Canberra Raiders|New Zealand Warriors,2013,Rd 6,6,3,43,2013-04-13,Canberra Raiders,New Zealand Warriors,20,16,Canberra Stadium,https://www.rugbyleagueproject.org/matches/28764
2013|Rd 6|Newcastle Knights|Penrith Panthers,2013,Rd 6,6,4,44,2013-04-13,Newcastle Knights,Penrith Panthers,8,6,Hunter,https://www.rugbyleagueproject.org/matches/28763
2013|Rd 6|South Sydney Rabbitohs|Melbourne Storm,2013,Rd 6,6,5,45,2013-04-13,South Sydney Rabbitohs,Melbourne Storm,10,17,ANZ,https://www.rugbyleagueproject.org/matches/28765
2013|Rd 6|Gold Coast Titans|Parramatta Eels,2013,Rd 6,6,6,46,2013-04-14,Gold Coast Titans,Parramatta Eels,28,22,Skilled Park,https://www.rugbyleagueproject.org/matches/28768
2013|Rd 6|Manly Sea Eagles|Cronulla Sharks,2013,Rd 6,6,7,47,2013-04-14,Manly Sea Eagles,Cronulla Sharks,25,18,Brookvale,https://www.rugbyleagueproject.org/matches/28766
2013|Rd 6|Wests Tigers|St. George Illawarra Dragons,2013,Rd 6,6,8,48,2013-04-14,Wests Tigers,St. George Illawarra Dragons,12,13,SCG,https://www.rugbyleagueproject.org/matches/28767
2013|Rd 7|Melbourne Storm|New Zealand Warriors,2013,Rd 7,7,1,49,2013-04-25,Melbourne Storm,New Zealand Warriors,28,18,AAMI,https://www.rugbyleagueproject.org/matches/28770
2013|Rd 7|Sydney Roosters|St. George Illawarra Dragons,2013,Rd 7,7,2,50,2013-04-25,Sydney Roosters,St. George Illawarra Dragons,34,10,Allianz,https://www.rugbyleagueproject.org/matches/28769
2013|Rd 7|Manly Sea Eagles|South Sydney Rabbitohs,2013,Rd 7,7,3,51,2013-04-26,Manly Sea Eagles,South Sydney Rabbitohs,12,20,Brookvale,https://www.rugbyleagueproject.org/matches/28771
2013|Rd 7|NQ Cowboys|Canberra Raiders,2013,Rd 7,7,4,52,2013-04-27,NQ Cowboys,Canberra Raiders,30,12,1300SMILES,https://www.rugbyleagueproject.org/matches/28772
2013|Rd 7|Wests Tigers|Brisbane Broncos,2013,Rd 7,7,5,53,2013-04-27,Wests Tigers,Brisbane Broncos,10,20,Campbelltown,https://www.rugbyleagueproject.org/matches/28773
2013|Rd 7|Cronulla Sharks|Canterbury Bulldogs,2013,Rd 7,7,6,54,2013-04-28,Cronulla Sharks,Canterbury Bulldogs,8,24,Bluetongue,https://www.rugbyleagueproject.org/matches/28775
2013|Rd 7|Gold Coast Titans|Newcastle Knights,2013,Rd 7,7,7,55,2013-04-28,Gold Coast Titans,Newcastle Knights,6,30,Skilled Park,https://www.rugbyleagueproject.org/matches/28774
2013|Rd 7|Penrith Panthers|Parramatta Eels,2013,Rd 7,7,8,56,2013-04-29,Penrith Panthers,Parramatta Eels,44,12,Centrebet,https://www.rugbyleagueproject.org/matches/28776
2013|Rd 8|Brisbane Broncos|South Sydney Rabbitohs,2013,Rd 8,8,1,57,2013-05-03,Brisbane Broncos,South Sydney Rabbitohs,12,26,Suncorp,https://www.rugbyleagueproject.org/matches/28777
2013|Rd 8|Canterbury Bulldogs|Wests Tigers,2013,Rd 8,8,2,58,2013-05-03,Canterbury Bulldogs,Wests Tigers,40,4,ANZ,https://www.rugbyleagueproject.org/matches/28778
2013|Rd 8|Melbourne Storm|Canberra Raiders,2013,Rd 8,8,3,59,2013-05-04,Melbourne Storm,Canberra Raiders,20,24,AAMI,https://www.rugbyleagueproject.org/matches/28779
2013|Rd 8|Parramatta Eels|NQ Cowboys,2013,Rd 8,8,4,60,2013-05-04,Parramatta Eels,NQ Cowboys,10,14,Parramatta,https://www.rugbyleagueproject.org/matches/28780
2013|Rd 8|New Zealand Warriors|Gold Coast Titans,2013,Rd 8,8,5,61,2013-05-05,New Zealand Warriors,Gold Coast Titans,25,24,Mt Smart,https://www.rugbyleagueproject.org/matches/28781
2013|Rd 8|Newcastle Knights|Cronulla Sharks,2013,Rd 8,8,6,62,2013-05-05,Newcastle Knights,Cronulla Sharks,20,21,Hunter,https://www.rugbyleagueproject.org/matches/28782
2013|Rd 8|Sydney Roosters|Penrith Panthers,2013,Rd 8,8,7,63,2013-05-05,Sydney Roosters,Penrith Panthers,30,6,Allianz,https://www.rugbyleagueproject.org/matches/28783
2013|Rd 8|St. George Illawarra Dragons|Manly Sea Eagles,2013,Rd 8,8,8,64,2013-05-06,St. George Illawarra Dragons,Manly Sea Eagles,18,24,WIN Jubilee,https://www.rugbyleagueproject.org/matches/28784
2013|Rd 9|South Sydney Rabbitohs|NQ Cowboys,2013,Rd 9,9,1,65,2013-05-10,South Sydney Rabbitohs,NQ Cowboys,28,10,ANZ,https://www.rugbyleagueproject.org/matches/28785
2013|Rd 9|Wests Tigers|Cronulla Sharks,2013,Rd 9,9,2,66,2013-05-10,Wests Tigers,Cronulla Sharks,6,30,Allianz,https://www.rugbyleagueproject.org/matches/28786
2013|Rd 9|New Zealand Warriors|Canterbury Bulldogs,2013,Rd 9,9,3,67,2013-05-11,New Zealand Warriors,Canterbury Bulldogs,16,24,Westpac,https://www.rugbyleagueproject.org/matches/28787
2013|Rd 9|Parramatta Eels|Brisbane Broncos,2013,Rd 9,9,4,68,2013-05-11,Parramatta Eels,Brisbane Broncos,19,18,Parramatta,https://www.rugbyleagueproject.org/matches/28788
2013|Rd 9|Canberra Raiders|Newcastle Knights,2013,Rd 9,9,5,69,2013-05-12,Canberra Raiders,Newcastle Knights,44,14,Canberra Stadium,https://www.rugbyleagueproject.org/matches/28789
2013|Rd 9|Gold Coast Titans|St. George Illawarra Dragons,2013,Rd 9,9,6,70,2013-05-12,Gold Coast Titans,St. George Illawarra Dragons,15,14,Skilled Park,https://www.rugbyleagueproject.org/matches/28790
2013|Rd 9|Penrith Panthers|Melbourne Storm,2013,Rd 9,9,7,71,2013-05-12,Penrith Panthers,Melbourne Storm,12,10,Centrebet,https://www.rugbyleagueproject.org/matches/28791
2013|Rd 9|Manly Sea Eagles|Sydney Roosters,2013,Rd 9,9,8,72,2013-05-13,Manly Sea Eagles,Sydney Roosters,4,16,Brookvale,https://www.rugbyleagueproject.org/matches/28792
2013|Rd 10|Brisbane Broncos|Gold Coast Titans,2013,Rd 10,10,1,73,2013-05-17,Brisbane Broncos,Gold Coast Titans,32,6,Suncorp,https://www.rugbyleagueproject.org/matches/28793
2013|Rd 10|South Sydney Rabbitohs|Wests Tigers,2013,Rd 10,10,2,74,2013-05-17,South Sydney Rabbitohs,Wests Tigers,54,10,ANZ,https://www.rugbyleagueproject.org/matches/28794
2013|Rd 10|NQ Cowboys|Sydney Roosters,2013,Rd 10,10,3,75,2013-05-18,NQ Cowboys,Sydney Roosters,8,12,1300SMILES,https://www.rugbyleagueproject.org/matches/28797
2013|Rd 10|Penrith Panthers|New Zealand Warriors,2013,Rd 10,10,4,76,2013-05-18,Penrith Panthers,New Zealand Warriors,62,6,Centrebet,https://www.rugbyleagueproject.org/matches/28796
2013|Rd 10|St. George Illawarra Dragons|Parramatta Eels,2013,Rd 10,10,5,77,2013-05-18,St. George Illawarra Dragons,Parramatta Eels,32,12,WIN,https://www.rugbyleagueproject.org/matches/28795
2013|Rd 10|Cronulla Sharks|Canberra Raiders,2013,Rd 10,10,6,78,2013-05-19,Cronulla Sharks,Canberra Raiders,30,20,Shark Stadium,https://www.rugbyleagueproject.org/matches/28798
2013|Rd 10|Newcastle Knights|Canterbury Bulldogs,2013,Rd 10,10,7,79,2013-05-19,Newcastle Knights,Canterbury Bulldogs,44,8,Hunter,https://www.rugbyleagueproject.org/matches/28799
2013|Rd 10|Melbourne Storm|Manly Sea Eagles,2013,Rd 10,10,8,80,2013-05-20,Melbourne Storm,Manly Sea Eagles,10,10,AAMI,https://www.rugbyleagueproject.org/matches/28800
2013|Rd 11|Canterbury Bulldogs|Brisbane Broncos,2013,Rd 11,11,1,81,2013-05-24,Canterbury Bulldogs,Brisbane Broncos,24,14,ANZ,https://www.rugbyleagueproject.org/matches/28802
2013|Rd 11|Wests Tigers|NQ Cowboys,2013,Rd 11,11,2,82,2013-05-24,Wests Tigers,NQ Cowboys,22,20,Leichhardt,https://www.rugbyleagueproject.org/matches/28801
2013|Rd 11|Manly Sea Eagles|Canberra Raiders,2013,Rd 11,11,3,83,2013-05-25,Manly Sea Eagles,Canberra Raiders,16,10,Brookvale,https://www.rugbyleagueproject.org/matches/28805
2013|Rd 11|St. George Illawarra Dragons|Penrith Panthers,2013,Rd 11,11,4,84,2013-05-25,St. George Illawarra Dragons,Penrith Panthers,0,19,WIN Jubilee,https://www.rugbyleagueproject.org/matches/28803
2013|Rd 11|Sydney Roosters|Melbourne Storm,2013,Rd 11,11,5,85,2013-05-25,Sydney Roosters,Melbourne Storm,18,26,Allianz,https://www.rugbyleagueproject.org/matches/28804
2013|Rd 11|New Zealand Warriors|Newcastle Knights,2013,Rd 11,11,6,86,2013-05-26,New Zealand Warriors,Newcastle Knights,28,12,Mt Smart,https://www.rugbyleagueproject.org/matches/28806
2013|Rd 11|Parramatta Eels|Gold Coast Titans,2013,Rd 11,11,7,87,2013-05-26,Parramatta Eels,Gold Coast Titans,4,42,Glen Willow,https://www.rugbyleagueproject.org/matches/28807
2013|Rd 11|Cronulla Sharks|South Sydney Rabbitohs,2013,Rd 11,11,8,88,2013-05-27,Cronulla Sharks,South Sydney Rabbitohs,14,12,Shark Stadium,https://www.rugbyleagueproject.org/matches/28808
2013|Rd 12|Canterbury Bulldogs|St. George Illawarra Dragons,2013,Rd 12,12,1,89,2013-05-31,Canterbury Bulldogs,St. George Illawarra Dragons,16,14,ANZ,https://www.rugbyleagueproject.org/matches/28809
2013|Rd 12|South Sydney Rabbitohs|Newcastle Knights,2013,Rd 12,12,2,90,2013-06-01,South Sydney Rabbitohs,Newcastle Knights,25,18,ANZ,https://www.rugbyleagueproject.org/matches/28810
2013|Rd 12|Gold Coast Titans|NQ Cowboys,2013,Rd 12,12,3,91,2013-06-02,Gold Coast Titans,NQ Cowboys,31,12,Skilled Park,https://www.rugbyleagueproject.org/matches/28811
2013|Rd 12|Brisbane Broncos|New Zealand Warriors,2013,Rd 12,12,4,92,2013-06-03,Brisbane Broncos,New Zealand Warriors,18,56,Suncorp,https://www.rugbyleagueproject.org/matches/28812
2013|Rd 13|Parramatta Eels|Sydney Roosters,2013,Rd 13,13,1,93,2013-06-07,Parramatta Eels,Sydney Roosters,24,38,Parramatta,https://www.rugbyleagueproject.org/matches/28813
2013|Rd 13|NQ Cowboys|Canterbury Bulldogs,2013,Rd 13,13,2,94,2013-06-08,NQ Cowboys,Canterbury Bulldogs,26,36,1300SMILES,https://www.rugbyleagueproject.org/matches/28815
2013|Rd 13|Newcastle Knights|St. George Illawarra Dragons,2013,Rd 13,13,3,95,2013-06-08,Newcastle Knights,St. George Illawarra Dragons,8,14,Hunter,https://www.rugbyleagueproject.org/matches/28814
2013|Rd 13|Melbourne Storm|Cronulla Sharks,2013,Rd 13,13,4,96,2013-06-09,Melbourne Storm,Cronulla Sharks,38,6,AAMI,https://www.rugbyleagueproject.org/matches/28818
2013|Rd 13|New Zealand Warriors|Manly Sea Eagles,2013,Rd 13,13,5,97,2013-06-09,New Zealand Warriors,Manly Sea Eagles,18,16,Mt Smart,https://www.rugbyleagueproject.org/matches/28816
2013|Rd 13|Penrith Panthers|Wests Tigers,2013,Rd 13,13,6,98,2013-06-09,Penrith Panthers,Wests Tigers,18,20,Centrebet,https://www.rugbyleagueproject.org/matches/28817
2013|Rd 13|Canberra Raiders|Brisbane Broncos,2013,Rd 13,13,7,99,2013-06-10,Canberra Raiders,Brisbane Broncos,30,18,Canberra Stadium,https://www.rugbyleagueproject.org/matches/28819
2013|Rd 14|Manly Sea Eagles|Canterbury Bulldogs,2013,Rd 14,14,1,100,2013-06-14,Manly Sea Eagles,Canterbury Bulldogs,30,32,Brookvale,https://www.rugbyleagueproject.org/matches/28821
2013|Rd 14|St. George Illawarra Dragons|NQ Cowboys,2013,Rd 14,14,2,101,2013-06-14,St. George Illawarra Dragons,NQ Cowboys,16,22,WIN,https://www.rugbyleagueproject.org/matches/28820
2013|Rd 14|Canberra Raiders|Penrith Panthers,2013,Rd 14,14,3,102,2013-06-15,Canberra Raiders,Penrith Panthers,24,12,Canberra Stadium,https://www.rugbyleagueproject.org/matches/28822
2013|Rd 14|Cronulla Sharks|Parramatta Eels,2013,Rd 14,14,4,103,2013-06-15,Cronulla Sharks,Parramatta Eels,32,14,Shark Stadium,https://www.rugbyleagueproject.org/matches/28823
2013|Rd 14|Melbourne Storm|Newcastle Knights,2013,Rd 14,14,5,104,2013-06-16,Melbourne Storm,Newcastle Knights,16,14,AAMI,https://www.rugbyleagueproject.org/matches/28825
2013|Rd 14|South Sydney Rabbitohs|Gold Coast Titans,2013,Rd 14,14,6,105,2013-06-16,South Sydney Rabbitohs,Gold Coast Titans,30,24,Barlow Park,https://www.rugbyleagueproject.org/matches/28824
2013|Rd 14|Sydney Roosters|New Zealand Warriors,2013,Rd 14,14,7,106,2013-06-16,Sydney Roosters,New Zealand Warriors,12,23,Allianz,https://www.rugbyleagueproject.org/matches/28826
2013|Rd 14|Brisbane Broncos|Wests Tigers,2013,Rd 14,14,8,107,2013-06-17,Brisbane Broncos,Wests Tigers,32,12,Suncorp,https://www.rugbyleagueproject.org/matches/28827
2013|Rd 15|Canterbury Bulldogs|Sydney Roosters,2013,Rd 15,15,1,108,2013-06-21,Canterbury Bulldogs,Sydney Roosters,18,20,ANZ,https://www.rugbyleagueproject.org/matches/28828
2013|Rd 15|Wests Tigers|Canberra Raiders,2013,Rd 15,15,2,109,2013-06-22,Wests Tigers,Canberra Raiders,17,12,Campbelltown,https://www.rugbyleagueproject.org/matches/28829
2013|Rd 15|Parramatta Eels|South Sydney Rabbitohs,2013,Rd 15,15,3,110,2013-06-23,Parramatta Eels,South Sydney Rabbitohs,10,30,ANZ,https://www.rugbyleagueproject.org/matches/28830
2013|Rd 15|Gold Coast Titans|Melbourne Storm,2013,Rd 15,15,4,111,2013-06-24,Gold Coast Titans,Melbourne Storm,18,12,Skilled Park,https://www.rugbyleagueproject.org/matches/28831
2013|Rd 16|South Sydney Rabbitohs|Canberra Raiders,2013,Rd 16,16,1,112,2013-06-28,South Sydney Rabbitohs,Canberra Raiders,32,2,ANZ,https://www.rugbyleagueproject.org/matches/28832
2013|Rd 16|Penrith Panthers|St. George Illawarra Dragons,2013,Rd 16,16,2,113,2013-06-29,Penrith Panthers,St. George Illawarra Dragons,25,10,Centrebet,https://www.rugbyleagueproject.org/matches/28834
2013|Rd 16|Wests Tigers|Melbourne Storm,2013,Rd 16,16,3,114,2013-06-29,Wests Tigers,Melbourne Storm,22,4,Leichhardt,https://www.rugbyleagueproject.org/matches/28833
2013|Rd 16|NQ Cowboys|Cronulla Sharks,2013,Rd 16,16,4,115,2013-06-30,NQ Cowboys,Cronulla Sharks,24,4,1300SMILES,https://www.rugbyleagueproject.org/matches/28837
2013|Rd 16|New Zealand Warriors|Brisbane Broncos,2013,Rd 16,16,5,116,2013-06-30,New Zealand Warriors,Brisbane Broncos,18,16,Mt Smart,https://www.rugbyleagueproject.org/matches/28836
2013|Rd 16|Newcastle Knights|Gold Coast Titans,2013,Rd 16,16,6,117,2013-06-30,Newcastle Knights,Gold Coast Titans,46,16,Hunter,https://www.rugbyleagueproject.org/matches/28835
2013|Rd 16|Sydney Roosters|Manly Sea Eagles,2013,Rd 16,16,7,118,2013-07-01,Sydney Roosters,Manly Sea Eagles,18,12,Allianz,https://www.rugbyleagueproject.org/matches/28838
2013|Rd 17|Cronulla Sharks|Wests Tigers,2013,Rd 17,17,1,119,2013-07-05,Cronulla Sharks,Wests Tigers,36,22,Remondis Stadium,https://www.rugbyleagueproject.org/matches/28840
2013|Rd 17|Melbourne Storm|Brisbane Broncos,2013,Rd 17,17,2,120,2013-07-05,Melbourne Storm,Brisbane Broncos,32,0,AAMI,https://www.rugbyleagueproject.org/matches/28839
2013|Rd 17|Gold Coast Titans|Penrith Panthers,2013,Rd 17,17,3,121,2013-07-06,Gold Coast Titans,Penrith Panthers,18,40,TIO,https://www.rugbyleagueproject.org/matches/28842
2013|Rd 17|St. George Illawarra Dragons|Sydney Roosters,2013,Rd 17,17,4,122,2013-07-06,St. George Illawarra Dragons,Sydney Roosters,0,36,WIN Jubilee,https://www.rugbyleagueproject.org/matches/28841
2013|Rd 17|Canberra Raiders|NQ Cowboys,2013,Rd 17,17,5,123,2013-07-07,Canberra Raiders,NQ Cowboys,26,18,Canberra Stadium,https://www.rugbyleagueproject.org/matches/28843
2013|Rd 17|Canterbury Bulldogs|Newcastle Knights,2013,Rd 17,17,6,124,2013-07-07,Canterbury Bulldogs,Newcastle Knights,12,18,Virgin Aust.,https://www.rugbyleagueproject.org/matches/28844
2013|Rd 17|South Sydney Rabbitohs|New Zealand Warriors,2013,Rd 17,17,7,125,2013-07-07,South Sydney Rabbitohs,New Zealand Warriors,30,13,nib Stadium,https://www.rugbyleagueproject.org/matches/28845
2013|Rd 17|Manly Sea Eagles|Parramatta Eels,2013,Rd 17,17,8,126,2013-07-08,Manly Sea Eagles,Parramatta Eels,50,10,Brookvale,https://www.rugbyleagueproject.org/matches/28846
2013|Rd 18|Brisbane Broncos|Cronulla Sharks,2013,Rd 18,18,1,127,2013-07-12,Brisbane Broncos,Cronulla Sharks,18,19,Suncorp,https://www.rugbyleagueproject.org/matches/28847
2013|Rd 18|Parramatta Eels|Penrith Panthers,2013,Rd 18,18,2,128,2013-07-13,Parramatta Eels,Penrith Panthers,10,17,Parramatta,https://www.rugbyleagueproject.org/matches/28848
2013|Rd 18|Canterbury Bulldogs|Melbourne Storm,2013,Rd 18,18,3,129,2013-07-14,Canterbury Bulldogs,Melbourne Storm,39,0,ANZ,https://www.rugbyleagueproject.org/matches/28849
2013|Rd 18|NQ Cowboys|Manly Sea Eagles,2013,Rd 18,18,4,130,2013-07-15,NQ Cowboys,Manly Sea Eagles,14,34,1300SMILES,https://www.rugbyleagueproject.org/matches/28850
2013|Rd 19|Wests Tigers|New Zealand Warriors,2013,Rd 19,19,1,131,2013-07-19,Wests Tigers,New Zealand Warriors,14,24,Leichhardt,https://www.rugbyleagueproject.org/matches/28851
2013|Rd 19|Canberra Raiders|Parramatta Eels,2013,Rd 19,19,2,132,2013-07-20,Canberra Raiders,Parramatta Eels,14,0,Canberra Stadium,https://www.rugbyleagueproject.org/matches/28852
2013|Rd 19|Sydney Roosters|Cronulla Sharks,2013,Rd 19,19,3,133,2013-07-20,Sydney Roosters,Cronulla Sharks,40,0,Allianz,https://www.rugbyleagueproject.org/matches/28853
2013|Rd 19|Manly Sea Eagles|Gold Coast Titans,2013,Rd 19,19,4,134,2013-07-21,Manly Sea Eagles,Gold Coast Titans,38,20,Brookvale,https://www.rugbyleagueproject.org/matches/28855
2013|Rd 19|Penrith Panthers|Newcastle Knights,2013,Rd 19,19,5,135,2013-07-21,Penrith Panthers,Newcastle Knights,14,32,Centrebet,https://www.rugbyleagueproject.org/matches/28854
2013|Rd 19|South Sydney Rabbitohs|St. George Illawarra Dragons,2013,Rd 19,19,6,136,2013-07-22,South Sydney Rabbitohs,St. George Illawarra Dragons,18,22,ANZ,https://www.rugbyleagueproject.org/matches/28856
2013|Rd 20|Canterbury Bulldogs|Parramatta Eels,2013,Rd 20,20,1,137,2013-07-26,Canterbury Bulldogs,Parramatta Eels,40,12,ANZ,https://www.rugbyleagueproject.org/matches/28858
2013|Rd 20|NQ Cowboys|Brisbane Broncos,2013,Rd 20,20,2,138,2013-07-26,NQ Cowboys,Brisbane Broncos,16,18,1300SMILES,https://www.rugbyleagueproject.org/matches/28857
2013|Rd 20|Gold Coast Titans|South Sydney Rabbitohs,2013,Rd 20,20,3,139,2013-07-27,Gold Coast Titans,South Sydney Rabbitohs,4,32,Skilled Park,https://www.rugbyleagueproject.org/matches/28860
2013|Rd 20|St. George Illawarra Dragons|Canberra Raiders,2013,Rd 20,20,4,140,2013-07-27,St. George Illawarra Dragons,Canberra Raiders,18,22,WIN,https://www.rugbyleagueproject.org/matches/28859
2013|Rd 20|Cronulla Sharks|Penrith Panthers,2013,Rd 20,20,5,141,2013-07-28,Cronulla Sharks,Penrith Panthers,38,10,Remondis Stadium,https://www.rugbyleagueproject.org/matches/28862
2013|Rd 20|New Zealand Warriors|Melbourne Storm,2013,Rd 20,20,6,142,2013-07-28,New Zealand Warriors,Melbourne Storm,30,22,Mt Smart,https://www.rugbyleagueproject.org/matches/28861
2013|Rd 20|Newcastle Knights|Sydney Roosters,2013,Rd 20,20,7,143,2013-07-28,Newcastle Knights,Sydney Roosters,12,28,Hunter,https://www.rugbyleagueproject.org/matches/28863
2013|Rd 20|Wests Tigers|Manly Sea Eagles,2013,Rd 20,20,8,144,2013-07-29,Wests Tigers,Manly Sea Eagles,18,36,Campbelltown,https://www.rugbyleagueproject.org/matches/28864
2013|Rd 21|Newcastle Knights|Brisbane Broncos,2013,Rd 21,21,1,145,2013-08-02,Newcastle Knights,Brisbane Broncos,18,18,Hunter,https://www.rugbyleagueproject.org/matches/28869
2013|Rd 21|Penrith Panthers|Sydney Roosters,2013,Rd 21,21,2,146,2013-08-02,Penrith Panthers,Sydney Roosters,6,42,Centrebet,https://www.rugbyleagueproject.org/matches/28871
2013|Rd 21|NQ Cowboys|South Sydney Rabbitohs,2013,Rd 21,21,3,147,2013-08-03,NQ Cowboys,South Sydney Rabbitohs,30,12,1300SMILES,https://www.rugbyleagueproject.org/matches/28872
2013|Rd 21|New Zealand Warriors|Cronulla Sharks,2013,Rd 21,21,4,148,2013-08-03,New Zealand Warriors,Cronulla Sharks,14,18,Mt Smart,https://www.rugbyleagueproject.org/matches/28866
2013|Rd 21|Parramatta Eels|Manly Sea Eagles,2013,Rd 21,21,5,149,2013-08-03,Parramatta Eels,Manly Sea Eagles,6,40,Parramatta,https://www.rugbyleagueproject.org/matches/28865
2013|Rd 21|Canberra Raiders|Melbourne Storm,2013,Rd 21,21,6,150,2013-08-04,Canberra Raiders,Melbourne Storm,4,68,Canberra Stadium,https://www.rugbyleagueproject.org/matches/28867
2013|Rd 21|Gold Coast Titans|Wests Tigers,2013,Rd 21,21,7,151,2013-08-04,Gold Coast Titans,Wests Tigers,36,6,Skilled Park,https://www.rugbyleagueproject.org/matches/28868
2013|Rd 21|St. George Illawarra Dragons|Canterbury Bulldogs,2013,Rd 21,21,8,152,2013-08-05,St. George Illawarra Dragons,Canterbury Bulldogs,20,39,WIN Jubilee,https://www.rugbyleagueproject.org/matches/28870
2013|Rd 22|Melbourne Storm|South Sydney Rabbitohs,2013,Rd 22,22,1,153,2013-08-09,Melbourne Storm,South Sydney Rabbitohs,26,8,AAMI,https://www.rugbyleagueproject.org/matches/28875
2013|Rd 22|Parramatta Eels|Wests Tigers,2013,Rd 22,22,2,154,2013-08-09,Parramatta Eels,Wests Tigers,26,22,Parramatta,https://www.rugbyleagueproject.org/matches/28878
2013|Rd 22|Cronulla Sharks|Newcastle Knights,2013,Rd 22,22,3,155,2013-08-10,Cronulla Sharks,Newcastle Knights,14,18,Remondis Stadium,https://www.rugbyleagueproject.org/matches/28874
2013|Rd 22|Sydney Roosters|Canberra Raiders,2013,Rd 22,22,4,156,2013-08-10,Sydney Roosters,Canberra Raiders,28,22,Allianz,https://www.rugbyleagueproject.org/matches/28879
2013|Rd 22|Brisbane Broncos|St. George Illawarra Dragons,2013,Rd 22,22,5,157,2013-08-11,Brisbane Broncos,St. George Illawarra Dragons,26,24,Suncorp,https://www.rugbyleagueproject.org/matches/28873
2013|Rd 22|Manly Sea Eagles|New Zealand Warriors,2013,Rd 22,22,6,158,2013-08-11,Manly Sea Eagles,New Zealand Warriors,27,12,Bluetongue,https://www.rugbyleagueproject.org/matches/28876
2013|Rd 22|Penrith Panthers|NQ Cowboys,2013,Rd 22,22,7,159,2013-08-11,Penrith Panthers,NQ Cowboys,4,36,Centrebet,https://www.rugbyleagueproject.org/matches/28877
2013|Rd 22|Canterbury Bulldogs|Gold Coast Titans,2013,Rd 22,22,8,160,2013-08-12,Canterbury Bulldogs,Gold Coast Titans,16,26,ANZ,https://www.rugbyleagueproject.org/matches/28880
2013|Rd 23|Brisbane Broncos|Parramatta Eels,2013,Rd 23,23,1,161,2013-08-16,Brisbane Broncos,Parramatta Eels,22,12,Suncorp,https://www.rugbyleagueproject.org/matches/28883
2013|Rd 23|South Sydney Rabbitohs|Manly Sea Eagles,2013,Rd 23,23,2,162,2013-08-16,South Sydney Rabbitohs,Manly Sea Eagles,22,10,Bluetongue,https://www.rugbyleagueproject.org/matches/28884
2013|Rd 23|Canberra Raiders|Canterbury Bulldogs,2013,Rd 23,23,3,163,2013-08-17,Canberra Raiders,Canterbury Bulldogs,16,28,Canberra Stadium,https://www.rugbyleagueproject.org/matches/28887
2013|Rd 23|NQ Cowboys|Gold Coast Titans,2013,Rd 23,23,4,164,2013-08-17,NQ Cowboys,Gold Coast Titans,22,10,1300SMILES,https://www.rugbyleagueproject.org/matches/28885
2013|Rd 23|St. George Illawarra Dragons|Cronulla Sharks,2013,Rd 23,23,5,165,2013-08-17,St. George Illawarra Dragons,Cronulla Sharks,18,22,WIN,https://www.rugbyleagueproject.org/matches/28886
2013|Rd 23|New Zealand Warriors|Penrith Panthers,2013,Rd 23,23,6,166,2013-08-18,New Zealand Warriors,Penrith Panthers,24,28,Mt Smart,https://www.rugbyleagueproject.org/matches/28881
2013|Rd 23|Newcastle Knights|Melbourne Storm,2013,Rd 23,23,7,167,2013-08-18,Newcastle Knights,Melbourne Storm,10,23,Hunter,https://www.rugbyleagueproject.org/matches/28882
2013|Rd 23|Wests Tigers|Sydney Roosters,2013,Rd 23,23,8,168,2013-08-19,Wests Tigers,Sydney Roosters,14,56,Allianz,https://www.rugbyleagueproject.org/matches/28888
2013|Rd 24|Penrith Panthers|Brisbane Broncos,2013,Rd 24,24,1,169,2013-08-23,Penrith Panthers,Brisbane Broncos,28,12,Centrebet,https://www.rugbyleagueproject.org/matches/28889
2013|Rd 24|South Sydney Rabbitohs|Canterbury Bulldogs,2013,Rd 24,24,2,170,2013-08-23,South Sydney Rabbitohs,Canterbury Bulldogs,28,20,ANZ,https://www.rugbyleagueproject.org/matches/28891
2013|Rd 24|Gold Coast Titans|New Zealand Warriors,2013,Rd 24,24,3,171,2013-08-24,Gold Coast Titans,New Zealand Warriors,22,24,Skilled Park,https://www.rugbyleagueproject.org/matches/28893
2013|Rd 24|NQ Cowboys|Newcastle Knights,2013,Rd 24,24,4,172,2013-08-24,NQ Cowboys,Newcastle Knights,26,6,1300SMILES,https://www.rugbyleagueproject.org/matches/28892
2013|Rd 24|St. George Illawarra Dragons|Wests Tigers,2013,Rd 24,24,5,173,2013-08-24,St. George Illawarra Dragons,Wests Tigers,18,34,SCG,https://www.rugbyleagueproject.org/matches/28894
2013|Rd 24|Canberra Raiders|Manly Sea Eagles,2013,Rd 24,24,6,174,2013-08-25,Canberra Raiders,Manly Sea Eagles,22,36,Canberra Stadium,https://www.rugbyleagueproject.org/matches/28890
2013|Rd 24|Melbourne Storm|Parramatta Eels,2013,Rd 24,24,7,175,2013-08-25,Melbourne Storm,Parramatta Eels,64,4,AAMI,https://www.rugbyleagueproject.org/matches/28895
2013|Rd 24|Cronulla Sharks|Sydney Roosters,2013,Rd 24,24,8,176,2013-08-26,Cronulla Sharks,Sydney Roosters,32,22,Remondis Stadium,https://www.rugbyleagueproject.org/matches/28896
2013|Rd 25|Brisbane Broncos|Newcastle Knights,2013,Rd 25,25,1,177,2013-08-30,Brisbane Broncos,Newcastle Knights,18,26,Suncorp,https://www.rugbyleagueproject.org/matches/28897
2013|Rd 25|Wests Tigers|South Sydney Rabbitohs,2013,Rd 25,25,2,178,2013-08-30,Wests Tigers,South Sydney Rabbitohs,18,32,Allianz,https://www.rugbyleagueproject.org/matches/28900
2013|Rd 25|Canterbury Bulldogs|Penrith Panthers,2013,Rd 25,25,3,179,2013-08-31,Canterbury Bulldogs,Penrith Panthers,34,14,ANZ,https://www.rugbyleagueproject.org/matches/28898
2013|Rd 25|Manly Sea Eagles|Melbourne Storm,2013,Rd 25,25,4,180,2013-08-31,Manly Sea Eagles,Melbourne Storm,28,8,Brookvale,https://www.rugbyleagueproject.org/matches/28902
2013|Rd 25|New Zealand Warriors|Canberra Raiders,2013,Rd 25,25,5,181,2013-08-31,New Zealand Warriors,Canberra Raiders,50,16,Mt Smart,https://www.rugbyleagueproject.org/matches/28903
2013|Rd 25|Cronulla Sharks|NQ Cowboys,2013,Rd 25,25,6,182,2013-09-01,Cronulla Sharks,NQ Cowboys,18,31,Remondis Stadium,https://www.rugbyleagueproject.org/matches/28899
2013|Rd 25|Sydney Roosters|Gold Coast Titans,2013,Rd 25,25,7,183,2013-09-01,Sydney Roosters,Gold Coast Titans,22,30,Allianz,https://www.rugbyleagueproject.org/matches/28901
2013|Rd 25|Parramatta Eels|St. George Illawarra Dragons,2013,Rd 25,25,8,184,2013-09-02,Parramatta Eels,St. George Illawarra Dragons,26,22,Parramatta,https://www.rugbyleagueproject.org/matches/28904
2013|Rd 26|Brisbane Broncos|Canterbury Bulldogs,2013,Rd 26,26,1,185,2013-09-05,Brisbane Broncos,Canterbury Bulldogs,16,11,Suncorp,https://www.rugbyleagueproject.org/matches/28905
2013|Rd 26|South Sydney Rabbitohs|Sydney Roosters,2013,Rd 26,26,2,186,2013-09-06,South Sydney Rabbitohs,Sydney Roosters,12,24,ANZ,https://www.rugbyleagueproject.org/matches/28906
2013|Rd 26|Melbourne Storm|Gold Coast Titans,2013,Rd 26,26,3,187,2013-09-07,Melbourne Storm,Gold Coast Titans,23,22,AAMI,https://www.rugbyleagueproject.org/matches/28908
2013|Rd 26|NQ Cowboys|Wests Tigers,2013,Rd 26,26,4,188,2013-09-07,NQ Cowboys,Wests Tigers,50,22,1300SMILES,https://www.rugbyleagueproject.org/matches/28911
2013|Rd 26|St. George Illawarra Dragons|New Zealand Warriors,2013,Rd 26,26,5,189,2013-09-07,St. George Illawarra Dragons,New Zealand Warriors,19,10,WIN,https://www.rugbyleagueproject.org/matches/28910
2013|Rd 26|Canberra Raiders|Cronulla Sharks,2013,Rd 26,26,6,190,2013-09-08,Canberra Raiders,Cronulla Sharks,18,38,Canberra Stadium,https://www.rugbyleagueproject.org/matches/28909
2013|Rd 26|Manly Sea Eagles|Penrith Panthers,2013,Rd 26,26,7,191,2013-09-08,Manly Sea Eagles,Penrith Panthers,26,38,Brookvale,https://www.rugbyleagueproject.org/matches/28912
2013|Rd 26|Newcastle Knights|Parramatta Eels,2013,Rd 26,26,8,192,2013-09-08,Newcastle Knights,Parramatta Eels,54,6,Hunter,https://www.rugbyleagueproject.org/matches/28907
2013|Qualif Final|South Sydney Rabbitohs|Melbourne Storm,2013,Qualif Final,27,1,193,2013-09-13,South Sydney Rabbitohs,Melbourne Storm,20,10,ANZ,https://www.rugbyleagueproject.org/matches/28966
2013|Qualif Final|Cronulla Sharks|NQ Cowboys,2013,Qualif Final,27,2,194,2013-09-14,Cronulla Sharks,NQ Cowboys,20,18,Allianz,https://www.rugbyleagueproject.org/matches/28968
2013|Qualif Final|Sydney Roosters|Manly Sea Eagles,2013,Qualif Final,27,3,195,2013-09-14,Sydney Roosters,Manly Sea Eagles,4,0,Allianz,https://www.rugbyleagueproject.org/matches/28967
2013|Qualif Final|Canterbury Bulldogs|Newcastle Knights,2013,Qualif Final,27,4,196,2013-09-15,Canterbury Bulldogs,Newcastle Knights,6,22,ANZ,https://www.rugbyleagueproject.org/matches/28969
2013|Semi Final|Manly Sea Eagles|Cronulla Sharks,2013,Semi Final,28,1,197,2013-09-20,Manly Sea Eagles,Cronulla Sharks,24,18,Allianz,https://www.rugbyleagueproject.org/matches/28970
2013|Semi Final|Melbourne Storm|Newcastle Knights,2013,Semi Final,28,2,198,2013-09-21,Melbourne Storm,Newcastle Knights,16,18,AAMI,https://www.rugbyleagueproject.org/matches/28971
2013|Prelim Final|South Sydney Rabbitohs|Manly Sea Eagles,2013,Prelim Final,29,1,199,2013-09-27,South Sydney Rabbitohs,Manly Sea Eagles,20,30,ANZ,https://www.rugbyleagueproject.org/matches/28983
2013|Prelim Final|Sydney Roosters|Newcastle Knights,2013,Prelim Final,29,2,200,2013-09-28,Sydney Roosters,Newcastle Knights,40,14,Allianz,https://www.rugbyleagueproject.org/matches/28984
2013|Grand Final|Sydney Roosters|Manly Sea Eagles,2013,Grand Final,30,1,201,2013-10-06,Sydney Roosters,Manly Sea Eagles,26,18,ANZ,https://www.rugbyleagueproject.org/matches/28985
2014|Rd 1|South Sydney Rabbitohs|Sydney Roosters,2014,Rd 1,1,1,1,2014-03-06,South Sydney Rabbitohs,Sydney Roosters,28,8,ANZ,https://www.rugbyleagueproject.org/matches/29008
2014|Rd 1|Canterbury Bulldogs|Brisbane Broncos,2014,Rd 1,1,2,2,2014-03-07,Canterbury Bulldogs,Brisbane Broncos,12,18,ANZ,https://www.rugbyleagueproject.org/matches/29009
2014|Rd 1|Manly Sea Eagles|Melbourne Storm,2014,Rd 1,1,3,3,2014-03-08,Manly Sea Eagles,Melbourne Storm,22,23,Brookvale,https://www.rugbyleagueproject.org/matches/29011
2014|Rd 1|NQ Cowboys|Canberra Raiders,2014,Rd 1,1,4,4,2014-03-08,NQ Cowboys,Canberra Raiders,28,22,1300SMILES,https://www.rugbyleagueproject.org/matches/29012
2014|Rd 1|Penrith Panthers|Newcastle Knights,2014,Rd 1,1,5,5,2014-03-08,Penrith Panthers,Newcastle Knights,30,8,Sportingbet,https://www.rugbyleagueproject.org/matches/29010
2014|Rd 1|Parramatta Eels|New Zealand Warriors,2014,Rd 1,1,6,6,2014-03-09,Parramatta Eels,New Zealand Warriors,36,16,Pirtek Stadium,https://www.rugbyleagueproject.org/matches/29014
2014|Rd 1|St. George Illawarra Dragons|Wests Tigers,2014,Rd 1,1,7,7,2014-03-09,St. George Illawarra Dragons,Wests Tigers,44,24,ANZ,https://www.rugbyleagueproject.org/matches/29013
2014|Rd 1|Cronulla Sharks|Gold Coast Titans,2014,Rd 1,1,8,8,2014-03-10,Cronulla Sharks,Gold Coast Titans,12,18,Remondis Stadium,https://www.rugbyleagueproject.org/matches/29015
2014|Rd 2|Brisbane Broncos|NQ Cowboys,2014,Rd 2,2,1,9,2014-03-14,Brisbane Broncos,NQ Cowboys,16,12,Suncorp,https://www.rugbyleagueproject.org/matches/29351
2014|Rd 2|Manly Sea Eagles|South Sydney Rabbitohs,2014,Rd 2,2,2,10,2014-03-14,Manly Sea Eagles,South Sydney Rabbitohs,14,12,Central Coast,https://www.rugbyleagueproject.org/matches/29350
2014|Rd 2|Melbourne Storm|Penrith Panthers,2014,Rd 2,2,3,11,2014-03-15,Melbourne Storm,Penrith Panthers,18,17,AAMI,https://www.rugbyleagueproject.org/matches/29353
2014|Rd 2|New Zealand Warriors|St. George Illawarra Dragons,2014,Rd 2,2,4,12,2014-03-15,New Zealand Warriors,St. George Illawarra Dragons,12,31,Eden Park,https://www.rugbyleagueproject.org/matches/29352
2014|Rd 2|Sydney Roosters|Parramatta Eels,2014,Rd 2,2,5,13,2014-03-15,Sydney Roosters,Parramatta Eels,56,4,Allianz,https://www.rugbyleagueproject.org/matches/29354
2014|Rd 2|Gold Coast Titans|Wests Tigers,2014,Rd 2,2,6,14,2014-03-16,Gold Coast Titans,Wests Tigers,12,42,Cbus Super,https://www.rugbyleagueproject.org/matches/29355
2014|Rd 2|Newcastle Knights|Canberra Raiders,2014,Rd 2,2,7,15,2014-03-16,Newcastle Knights,Canberra Raiders,20,26,Hunter,https://www.rugbyleagueproject.org/matches/29356
2014|Rd 2|Canterbury Bulldogs|Cronulla Sharks,2014,Rd 2,2,8,16,2014-03-17,Canterbury Bulldogs,Cronulla Sharks,42,4,ANZ,https://www.rugbyleagueproject.org/matches/29357
2014|Rd 3|Brisbane Broncos|Sydney Roosters,2014,Rd 3,3,1,17,2014-03-21,Brisbane Broncos,Sydney Roosters,26,30,Suncorp,https://www.rugbyleagueproject.org/matches/29359
2014|Rd 3|Wests Tigers|South Sydney Rabbitohs,2014,Rd 3,3,2,18,2014-03-21,Wests Tigers,South Sydney Rabbitohs,25,16,ANZ,https://www.rugbyleagueproject.org/matches/29358
2014|Rd 3|Cronulla Sharks|St. George Illawarra Dragons,2014,Rd 3,3,3,19,2014-03-22,Cronulla Sharks,St. George Illawarra Dragons,12,14,Remondis Stadium,https://www.rugbyleagueproject.org/matches/29361
2014|Rd 3|NQ Cowboys|New Zealand Warriors,2014,Rd 3,3,4,20,2014-03-22,NQ Cowboys,New Zealand Warriors,16,20,1300SMILES,https://www.rugbyleagueproject.org/matches/29362
2014|Rd 3|Penrith Panthers|Canterbury Bulldogs,2014,Rd 3,3,5,21,2014-03-22,Penrith Panthers,Canterbury Bulldogs,18,16,Sportingbet,https://www.rugbyleagueproject.org/matches/29360
2014|Rd 3|Canberra Raiders|Gold Coast Titans,2014,Rd 3,3,6,22,2014-03-23,Canberra Raiders,Gold Coast Titans,12,24,GIO,https://www.rugbyleagueproject.org/matches/29364
2014|Rd 3|Manly Sea Eagles|Parramatta Eels,2014,Rd 3,3,7,23,2014-03-23,Manly Sea Eagles,Parramatta Eels,22,18,Brookvale,https://www.rugbyleagueproject.org/matches/29363
2014|Rd 3|Melbourne Storm|Newcastle Knights,2014,Rd 3,3,8,24,2014-03-24,Melbourne Storm,Newcastle Knights,28,20,AAMI,https://www.rugbyleagueproject.org/matches/29365
2014|Rd 4|St. George Illawarra Dragons|Brisbane Broncos,2014,Rd 4,4,1,25,2014-03-28,St. George Illawarra Dragons,Brisbane Broncos,20,36,WIN,https://www.rugbyleagueproject.org/matches/29367
2014|Rd 4|Sydney Roosters|Manly Sea Eagles,2014,Rd 4,4,2,26,2014-03-28,Sydney Roosters,Manly Sea Eagles,0,8,Allianz,https://www.rugbyleagueproject.org/matches/29366
2014|Rd 4|Canterbury Bulldogs|Melbourne Storm,2014,Rd 4,4,3,27,2014-03-29,Canterbury Bulldogs,Melbourne Storm,40,12,nib Stadium,https://www.rugbyleagueproject.org/matches/29370
2014|Rd 4|New Zealand Warriors|Wests Tigers,2014,Rd 4,4,4,28,2014-03-29,New Zealand Warriors,Wests Tigers,42,18,Westpac,https://www.rugbyleagueproject.org/matches/29368
2014|Rd 4|Parramatta Eels|Penrith Panthers,2014,Rd 4,4,5,29,2014-03-29,Parramatta Eels,Penrith Panthers,32,16,Pirtek Stadium,https://www.rugbyleagueproject.org/matches/29369
2014|Rd 4|Newcastle Knights|Cronulla Sharks,2014,Rd 4,4,6,30,2014-03-30,Newcastle Knights,Cronulla Sharks,30,0,Hunter,https://www.rugbyleagueproject.org/matches/29372
2014|Rd 4|South Sydney Rabbitohs|Canberra Raiders,2014,Rd 4,4,7,31,2014-03-30,South Sydney Rabbitohs,Canberra Raiders,18,30,ANZ,https://www.rugbyleagueproject.org/matches/29371
2014|Rd 4|Gold Coast Titans|NQ Cowboys,2014,Rd 4,4,8,32,2014-03-31,Gold Coast Titans,NQ Cowboys,13,12,Cbus Super,https://www.rugbyleagueproject.org/matches/29373
2014|Rd 5|Brisbane Broncos|Parramatta Eels,2014,Rd 5,5,1,33,2014-04-04,Brisbane Broncos,Parramatta Eels,18,25,Suncorp,https://www.rugbyleagueproject.org/matches/29375
2014|Rd 5|Sydney Roosters|Canterbury Bulldogs,2014,Rd 5,5,2,34,2014-04-04,Sydney Roosters,Canterbury Bulldogs,8,9,Allianz,https://www.rugbyleagueproject.org/matches/29374
2014|Rd 5|Cronulla Sharks|New Zealand Warriors,2014,Rd 5,5,3,35,2014-04-05,Cronulla Sharks,New Zealand Warriors,37,6,Remondis Stadium,https://www.rugbyleagueproject.org/matches/29376
2014|Rd 5|Penrith Panthers|Canberra Raiders,2014,Rd 5,5,4,36,2014-04-05,Penrith Panthers,Canberra Raiders,12,6,Sportingbet,https://www.rugbyleagueproject.org/matches/29377
2014|Rd 5|St. George Illawarra Dragons|South Sydney Rabbitohs,2014,Rd 5,5,5,37,2014-04-05,St. George Illawarra Dragons,South Sydney Rabbitohs,6,26,SCG,https://www.rugbyleagueproject.org/matches/29378
2014|Rd 5|Melbourne Storm|Gold Coast Titans,2014,Rd 5,5,6,38,2014-04-06,Melbourne Storm,Gold Coast Titans,26,28,AAMI,https://www.rugbyleagueproject.org/matches/29379
2014|Rd 5|Wests Tigers|Manly Sea Eagles,2014,Rd 5,5,7,39,2014-04-06,Wests Tigers,Manly Sea Eagles,34,18,Leichhardt,https://www.rugbyleagueproject.org/matches/29380
2014|Rd 5|NQ Cowboys|Newcastle Knights,2014,Rd 5,5,8,40,2014-04-07,NQ Cowboys,Newcastle Knights,28,2,1300SMILES,https://www.rugbyleagueproject.org/matches/29381
2014|Rd 6|Gold Coast Titans|Brisbane Broncos,2014,Rd 6,6,1,41,2014-04-11,Gold Coast Titans,Brisbane Broncos,12,8,Cbus Super,https://www.rugbyleagueproject.org/matches/29383
2014|Rd 6|Penrith Panthers|South Sydney Rabbitohs,2014,Rd 6,6,2,42,2014-04-11,Penrith Panthers,South Sydney Rabbitohs,2,18,Sportingbet,https://www.rugbyleagueproject.org/matches/29382
2014|Rd 6|Canberra Raiders|Newcastle Knights,2014,Rd 6,6,3,43,2014-04-12,Canberra Raiders,Newcastle Knights,12,26,GIO,https://www.rugbyleagueproject.org/matches/29384
2014|Rd 6|Parramatta Eels|Sydney Roosters,2014,Rd 6,6,4,44,2014-04-12,Parramatta Eels,Sydney Roosters,14,12,Pirtek Stadium,https://www.rugbyleagueproject.org/matches/29385
2014|Rd 6|Wests Tigers|NQ Cowboys,2014,Rd 6,6,5,45,2014-04-12,Wests Tigers,NQ Cowboys,16,4,Campbelltown,https://www.rugbyleagueproject.org/matches/29386
2014|Rd 6|Manly Sea Eagles|Cronulla Sharks,2014,Rd 6,6,6,46,2014-04-13,Manly Sea Eagles,Cronulla Sharks,24,4,Brookvale,https://www.rugbyleagueproject.org/matches/29388
2014|Rd 6|New Zealand Warriors|Canterbury Bulldogs,2014,Rd 6,6,7,47,2014-04-13,New Zealand Warriors,Canterbury Bulldogs,20,21,Eden Park,https://www.rugbyleagueproject.org/matches/29387
2014|Rd 6|Melbourne Storm|St. George Illawarra Dragons,2014,Rd 6,6,8,48,2014-04-14,Melbourne Storm,St. George Illawarra Dragons,28,24,AAMI,https://www.rugbyleagueproject.org/matches/29389
2014|Rd 7|Manly Sea Eagles|NQ Cowboys,2014,Rd 7,7,1,49,2014-04-18,Manly Sea Eagles,NQ Cowboys,26,21,Central Coast,https://www.rugbyleagueproject.org/matches/29392
2014|Rd 7|Newcastle Knights|Brisbane Broncos,2014,Rd 7,7,2,50,2014-04-18,Newcastle Knights,Brisbane Broncos,6,32,Hunter,https://www.rugbyleagueproject.org/matches/29391
2014|Rd 7|South Sydney Rabbitohs|Canterbury Bulldogs,2014,Rd 7,7,3,51,2014-04-18,South Sydney Rabbitohs,Canterbury Bulldogs,14,15,ANZ,https://www.rugbyleagueproject.org/matches/29390
2014|Rd 7|Cronulla Sharks|Sydney Roosters,2014,Rd 7,7,4,52,2014-04-19,Cronulla Sharks,Sydney Roosters,18,24,Remondis Stadium,https://www.rugbyleagueproject.org/matches/29394
2014|Rd 7|St. George Illawarra Dragons|New Zealand Warriors,2014,Rd 7,7,5,53,2014-04-19,St. George Illawarra Dragons,New Zealand Warriors,20,10,WIN Jubilee,https://www.rugbyleagueproject.org/matches/29393
2014|Rd 7|Canberra Raiders|Melbourne Storm,2014,Rd 7,7,6,54,2014-04-20,Canberra Raiders,Melbourne Storm,24,22,GIO,https://www.rugbyleagueproject.org/matches/29395
2014|Rd 7|Parramatta Eels|Wests Tigers,2014,Rd 7,7,7,55,2014-04-21,Parramatta Eels,Wests Tigers,18,21,ANZ,https://www.rugbyleagueproject.org/matches/29396
2014|Rd 7|Penrith Panthers|Gold Coast Titans,2014,Rd 7,7,8,56,2014-04-21,Penrith Panthers,Gold Coast Titans,14,12,Sportingbet,https://www.rugbyleagueproject.org/matches/29397
2014|Rd 8|Brisbane Broncos|South Sydney Rabbitohs,2014,Rd 8,8,1,57,2014-04-25,Brisbane Broncos,South Sydney Rabbitohs,26,28,Suncorp,https://www.rugbyleagueproject.org/matches/29400
2014|Rd 8|Melbourne Storm|New Zealand Warriors,2014,Rd 8,8,2,58,2014-04-25,Melbourne Storm,New Zealand Warriors,10,16,AAMI,https://www.rugbyleagueproject.org/matches/29399
2014|Rd 8|St. George Illawarra Dragons|Sydney Roosters,2014,Rd 8,8,3,59,2014-04-25,St. George Illawarra Dragons,Sydney Roosters,14,34,Allianz,https://www.rugbyleagueproject.org/matches/29398
2014|Rd 8|Canterbury Bulldogs|Newcastle Knights,2014,Rd 8,8,4,60,2014-04-26,Canterbury Bulldogs,Newcastle Knights,16,12,ANZ,https://www.rugbyleagueproject.org/matches/29403
2014|Rd 8|Cronulla Sharks|Penrith Panthers,2014,Rd 8,8,5,61,2014-04-26,Cronulla Sharks,Penrith Panthers,24,20,Remondis Stadium,https://www.rugbyleagueproject.org/matches/29401
2014|Rd 8|NQ Cowboys|Parramatta Eels,2014,Rd 8,8,6,62,2014-04-26,NQ Cowboys,Parramatta Eels,42,14,1300SMILES,https://www.rugbyleagueproject.org/matches/29402
2014|Rd 8|Manly Sea Eagles|Canberra Raiders,2014,Rd 8,8,7,63,2014-04-27,Manly Sea Eagles,Canberra Raiders,54,18,Brookvale,https://www.rugbyleagueproject.org/matches/29404
2014|Rd 8|Wests Tigers|Gold Coast Titans,2014,Rd 8,8,8,64,2014-04-27,Wests Tigers,Gold Coast Titans,6,22,Leichhardt,https://www.rugbyleagueproject.org/matches/29405
2014|Rd 9|NQ Cowboys|Brisbane Broncos,2014,Rd 9,9,1,65,2014-05-09,NQ Cowboys,Brisbane Broncos,27,14,1300SMILES,https://www.rugbyleagueproject.org/matches/29407
2014|Rd 9|Sydney Roosters|Wests Tigers,2014,Rd 9,9,2,66,2014-05-09,Sydney Roosters,Wests Tigers,30,6,Allianz,https://www.rugbyleagueproject.org/matches/29406
2014|Rd 9|Gold Coast Titans|South Sydney Rabbitohs,2014,Rd 9,9,3,67,2014-05-10,Gold Coast Titans,South Sydney Rabbitohs,18,40,Cbus Super,https://www.rugbyleagueproject.org/matches/29409
2014|Rd 9|Melbourne Storm|Manly Sea Eagles,2014,Rd 9,9,4,68,2014-05-10,Melbourne Storm,Manly Sea Eagles,22,19,AAMI,https://www.rugbyleagueproject.org/matches/29410
2014|Rd 9|New Zealand Warriors|Canberra Raiders,2014,Rd 9,9,5,69,2014-05-10,New Zealand Warriors,Canberra Raiders,54,12,Eden Park,https://www.rugbyleagueproject.org/matches/29408
2014|Rd 9|Newcastle Knights|Penrith Panthers,2014,Rd 9,9,6,70,2014-05-11,Newcastle Knights,Penrith Panthers,10,32,Hunter,https://www.rugbyleagueproject.org/matches/29411
2014|Rd 9|St. George Illawarra Dragons|Canterbury Bulldogs,2014,Rd 9,9,7,71,2014-05-11,St. George Illawarra Dragons,Canterbury Bulldogs,6,38,ANZ,https://www.rugbyleagueproject.org/matches/29412
2014|Rd 9|Parramatta Eels|Cronulla Sharks,2014,Rd 9,9,8,72,2014-05-12,Parramatta Eels,Cronulla Sharks,42,24,Pirtek Stadium,https://www.rugbyleagueproject.org/matches/29413
2014|Rd 10|Brisbane Broncos|Gold Coast Titans,2014,Rd 10,10,1,73,2014-05-16,Brisbane Broncos,Gold Coast Titans,22,8,Suncorp,https://www.rugbyleagueproject.org/matches/29415
2014|Rd 10|South Sydney Rabbitohs|Melbourne Storm,2014,Rd 10,10,2,74,2014-05-16,South Sydney Rabbitohs,Melbourne Storm,14,27,ANZ,https://www.rugbyleagueproject.org/matches/29414
2014|Rd 10|Cronulla Sharks|Wests Tigers,2014,Rd 10,10,3,75,2014-05-17,Cronulla Sharks,Wests Tigers,20,22,Remondis Stadium,https://www.rugbyleagueproject.org/matches/29417
2014|Rd 10|NQ Cowboys|Sydney Roosters,2014,Rd 10,10,4,76,2014-05-17,NQ Cowboys,Sydney Roosters,42,10,1300SMILES,https://www.rugbyleagueproject.org/matches/29418
2014|Rd 10|Parramatta Eels|St. George Illawarra Dragons,2014,Rd 10,10,5,77,2014-05-17,Parramatta Eels,St. George Illawarra Dragons,36,0,Pirtek Stadium,https://www.rugbyleagueproject.org/matches/29416
2014|Rd 10|Canberra Raiders|Penrith Panthers,2014,Rd 10,10,6,78,2014-05-18,Canberra Raiders,Penrith Panthers,20,26,GIO,https://www.rugbyleagueproject.org/matches/29419
2014|Rd 10|Canterbury Bulldogs|New Zealand Warriors,2014,Rd 10,10,7,79,2014-05-18,Canterbury Bulldogs,New Zealand Warriors,16,12,FMG Stadium,https://www.rugbyleagueproject.org/matches/29420
2014|Rd 10|Manly Sea Eagles|Newcastle Knights,2014,Rd 10,10,8,80,2014-05-19,Manly Sea Eagles,Newcastle Knights,15,14,Brookvale,https://www.rugbyleagueproject.org/matches/29421
2014|Rd 11|Canterbury Bulldogs|Sydney Roosters,2014,Rd 11,11,1,81,2014-05-23,Canterbury Bulldogs,Sydney Roosters,12,32,ANZ,https://www.rugbyleagueproject.org/matches/29422
2014|Rd 11|Gold Coast Titans|New Zealand Warriors,2014,Rd 11,11,2,82,2014-05-24,Gold Coast Titans,New Zealand Warriors,16,24,Cbus Super,https://www.rugbyleagueproject.org/matches/29423
2014|Rd 11|Wests Tigers|Brisbane Broncos,2014,Rd 11,11,3,83,2014-05-24,Wests Tigers,Brisbane Broncos,14,16,Campbelltown,https://www.rugbyleagueproject.org/matches/29424
2014|Rd 11|Canberra Raiders|NQ Cowboys,2014,Rd 11,11,4,84,2014-05-25,Canberra Raiders,NQ Cowboys,42,12,GIO,https://www.rugbyleagueproject.org/matches/29425
2014|Rd 11|Cronulla Sharks|South Sydney Rabbitohs,2014,Rd 11,11,5,85,2014-05-26,Cronulla Sharks,South Sydney Rabbitohs,0,18,Remondis Stadium,https://www.rugbyleagueproject.org/matches/29426
2014|Rd 12|Penrith Panthers|Parramatta Eels,2014,Rd 12,12,1,86,2014-05-30,Penrith Panthers,Parramatta Eels,38,12,Sportingbet,https://www.rugbyleagueproject.org/matches/29427
2014|Rd 12|NQ Cowboys|Melbourne Storm,2014,Rd 12,12,2,87,2014-05-31,NQ Cowboys,Melbourne Storm,22,0,1300SMILES,https://www.rugbyleagueproject.org/matches/29429
2014|Rd 12|Sydney Roosters|Canberra Raiders,2014,Rd 12,12,3,88,2014-05-31,Sydney Roosters,Canberra Raiders,26,12,Allianz,https://www.rugbyleagueproject.org/matches/29428
2014|Rd 12|Brisbane Broncos|Manly Sea Eagles,2014,Rd 12,12,4,89,2014-06-01,Brisbane Broncos,Manly Sea Eagles,36,10,Suncorp,https://www.rugbyleagueproject.org/matches/29431
2014|Rd 12|New Zealand Warriors|Newcastle Knights,2014,Rd 12,12,5,90,2014-06-01,New Zealand Warriors,Newcastle Knights,38,18,Mt Smart,https://www.rugbyleagueproject.org/matches/29430
2014|Rd 12|South Sydney Rabbitohs|St. George Illawarra Dragons,2014,Rd 12,12,6,91,2014-06-02,South Sydney Rabbitohs,St. George Illawarra Dragons,29,10,ANZ,https://www.rugbyleagueproject.org/matches/29432
2014|Rd 13|Manly Sea Eagles|Canterbury Bulldogs,2014,Rd 13,13,1,92,2014-06-06,Manly Sea Eagles,Canterbury Bulldogs,32,10,Brookvale,https://www.rugbyleagueproject.org/matches/29433
2014|Rd 13|Parramatta Eels|NQ Cowboys,2014,Rd 13,13,2,93,2014-06-06,Parramatta Eels,NQ Cowboys,18,16,Pirtek Stadium,https://www.rugbyleagueproject.org/matches/29434
2014|Rd 13|Gold Coast Titans|Penrith Panthers,2014,Rd 13,13,3,94,2014-06-07,Gold Coast Titans,Penrith Panthers,14,36,Cbus Super,https://www.rugbyleagueproject.org/matches/29435
2014|Rd 13|South Sydney Rabbitohs|New Zealand Warriors,2014,Rd 13,13,4,95,2014-06-07,South Sydney Rabbitohs,New Zealand Warriors,34,18,nib Stadium,https://www.rugbyleagueproject.org/matches/29437
2014|Rd 13|St. George Illawarra Dragons|Cronulla Sharks,2014,Rd 13,13,5,96,2014-06-07,St. George Illawarra Dragons,Cronulla Sharks,30,0,WIN,https://www.rugbyleagueproject.org/matches/29436
2014|Rd 13|Melbourne Storm|Sydney Roosters,2014,Rd 13,13,6,97,2014-06-08,Melbourne Storm,Sydney Roosters,12,32,AAMI,https://www.rugbyleagueproject.org/matches/29439
2014|Rd 13|Newcastle Knights|Wests Tigers,2014,Rd 13,13,7,98,2014-06-08,Newcastle Knights,Wests Tigers,20,23,Hunter,https://www.rugbyleagueproject.org/matches/29438
2014|Rd 13|Canberra Raiders|Brisbane Broncos,2014,Rd 13,13,8,99,2014-06-09,Canberra Raiders,Brisbane Broncos,4,28,GIO,https://www.rugbyleagueproject.org/matches/29440
2014|Rd 14|South Sydney Rabbitohs|Wests Tigers,2014,Rd 14,14,1,100,2014-06-13,South Sydney Rabbitohs,Wests Tigers,32,10,ANZ,https://www.rugbyleagueproject.org/matches/29441
2014|Rd 14|Penrith Panthers|St. George Illawarra Dragons,2014,Rd 14,14,2,101,2014-06-14,Penrith Panthers,St. George Illawarra Dragons,18,14,Sportingbet,https://www.rugbyleagueproject.org/matches/29442
2014|Rd 14|Sydney Roosters|Newcastle Knights,2014,Rd 14,14,3,102,2014-06-14,Sydney Roosters,Newcastle Knights,29,12,Allianz,https://www.rugbyleagueproject.org/matches/29443
2014|Rd 14|Canterbury Bulldogs|Parramatta Eels,2014,Rd 14,14,4,103,2014-06-15,Canterbury Bulldogs,Parramatta Eels,12,22,ANZ,https://www.rugbyleagueproject.org/matches/29444
2014|Rd 14|Gold Coast Titans|Melbourne Storm,2014,Rd 14,14,5,104,2014-06-16,Gold Coast Titans,Melbourne Storm,20,24,Cbus Super,https://www.rugbyleagueproject.org/matches/29445
2014|Rd 15|Canberra Raiders|Canterbury Bulldogs,2014,Rd 15,15,1,105,2014-06-20,Canberra Raiders,Canterbury Bulldogs,14,22,GIO,https://www.rugbyleagueproject.org/matches/29446
2014|Rd 15|Cronulla Sharks|Manly Sea Eagles,2014,Rd 15,15,2,106,2014-06-21,Cronulla Sharks,Manly Sea Eagles,0,26,Remondis Stadium,https://www.rugbyleagueproject.org/matches/29448
2014|Rd 15|New Zealand Warriors|Brisbane Broncos,2014,Rd 15,15,3,107,2014-06-21,New Zealand Warriors,Brisbane Broncos,19,10,Mt Smart,https://www.rugbyleagueproject.org/matches/29447
2014|Rd 15|Gold Coast Titans|St. George Illawarra Dragons,2014,Rd 15,15,4,108,2014-06-22,Gold Coast Titans,St. George Illawarra Dragons,18,19,Cbus Super,https://www.rugbyleagueproject.org/matches/29450
2014|Rd 15|Melbourne Storm|Parramatta Eels,2014,Rd 15,15,5,109,2014-06-22,Melbourne Storm,Parramatta Eels,46,20,AAMI,https://www.rugbyleagueproject.org/matches/29449
2014|Rd 15|Newcastle Knights|NQ Cowboys,2014,Rd 15,15,6,110,2014-06-23,Newcastle Knights,NQ Cowboys,36,28,Hunter,https://www.rugbyleagueproject.org/matches/29451
2014|Rd 16|Brisbane Broncos|Cronulla Sharks,2014,Rd 16,16,1,111,2014-06-27,Brisbane Broncos,Cronulla Sharks,22,24,Suncorp,https://www.rugbyleagueproject.org/matches/29453
2014|Rd 16|Manly Sea Eagles|Sydney Roosters,2014,Rd 16,16,2,112,2014-06-27,Manly Sea Eagles,Sydney Roosters,24,16,Brookvale,https://www.rugbyleagueproject.org/matches/29452
2014|Rd 16|NQ Cowboys|South Sydney Rabbitohs,2014,Rd 16,16,3,113,2014-06-28,NQ Cowboys,South Sydney Rabbitohs,20,18,1300SMILES,https://www.rugbyleagueproject.org/matches/29455
2014|Rd 16|Wests Tigers|Canberra Raiders,2014,Rd 16,16,4,114,2014-06-28,Wests Tigers,Canberra Raiders,19,18,Campbelltown,https://www.rugbyleagueproject.org/matches/29454
2014|Rd 16|New Zealand Warriors|Penrith Panthers,2014,Rd 16,16,5,115,2014-06-29,New Zealand Warriors,Penrith Panthers,30,20,Mt Smart,https://www.rugbyleagueproject.org/matches/29456
2014|Rd 16|Parramatta Eels|Newcastle Knights,2014,Rd 16,16,6,116,2014-06-29,Parramatta Eels,Newcastle Knights,10,16,Pirtek Stadium,https://www.rugbyleagueproject.org/matches/29457
2014|Rd 16|St. George Illawarra Dragons|Melbourne Storm,2014,Rd 16,16,7,117,2014-06-30,St. George Illawarra Dragons,Melbourne Storm,24,12,WIN,https://www.rugbyleagueproject.org/matches/29458
2014|Rd 17|Canterbury Bulldogs|Manly Sea Eagles,2014,Rd 17,17,1,118,2014-07-04,Canterbury Bulldogs,Manly Sea Eagles,23,16,ANZ,https://www.rugbyleagueproject.org/matches/29459
2014|Rd 17|St. George Illawarra Dragons|NQ Cowboys,2014,Rd 17,17,2,119,2014-07-05,St. George Illawarra Dragons,NQ Cowboys,27,24,WIN Jubilee,https://www.rugbyleagueproject.org/matches/29460
2014|Rd 17|Sydney Roosters|Cronulla Sharks,2014,Rd 17,17,3,120,2014-07-05,Sydney Roosters,Cronulla Sharks,28,30,Allianz,https://www.rugbyleagueproject.org/matches/29461
2014|Rd 17|Wests Tigers|Penrith Panthers,2014,Rd 17,17,4,121,2014-07-06,Wests Tigers,Penrith Panthers,10,26,Leichhardt,https://www.rugbyleagueproject.org/matches/29462
2014|Rd 17|South Sydney Rabbitohs|Gold Coast Titans,2014,Rd 17,17,5,122,2014-07-07,South Sydney Rabbitohs,Gold Coast Titans,10,14,ANZ,https://www.rugbyleagueproject.org/matches/29463
2014|Rd 18|Manly Sea Eagles|Wests Tigers,2014,Rd 18,18,1,123,2014-07-11,Manly Sea Eagles,Wests Tigers,40,8,Brookvale,https://www.rugbyleagueproject.org/matches/29464
2014|Rd 18|Melbourne Storm|Canterbury Bulldogs,2014,Rd 18,18,2,124,2014-07-12,Melbourne Storm,Canterbury Bulldogs,4,6,AAMI,https://www.rugbyleagueproject.org/matches/29466
2014|Rd 18|New Zealand Warriors|Parramatta Eels,2014,Rd 18,18,3,125,2014-07-12,New Zealand Warriors,Parramatta Eels,48,0,Mt Smart,https://www.rugbyleagueproject.org/matches/29465
2014|Rd 18|Cronulla Sharks|Newcastle Knights,2014,Rd 18,18,4,126,2014-07-13,Cronulla Sharks,Newcastle Knights,18,31,Remondis Stadium,https://www.rugbyleagueproject.org/matches/29468
2014|Rd 18|Gold Coast Titans|Canberra Raiders,2014,Rd 18,18,5,127,2014-07-13,Gold Coast Titans,Canberra Raiders,20,36,Cbus Super,https://www.rugbyleagueproject.org/matches/29467
2014|Rd 18|Penrith Panthers|Brisbane Broncos,2014,Rd 18,18,6,128,2014-07-14,Penrith Panthers,Brisbane Broncos,35,34,Sportingbet,https://www.rugbyleagueproject.org/matches/29469
2014|Rd 19|Cronulla Sharks|NQ Cowboys,2014,Rd 19,19,1,129,2014-07-18,Cronulla Sharks,NQ Cowboys,18,36,Remondis Stadium,https://www.rugbyleagueproject.org/matches/29470
2014|Rd 19|Parramatta Eels|South Sydney Rabbitohs,2014,Rd 19,19,2,130,2014-07-18,Parramatta Eels,South Sydney Rabbitohs,12,32,Pirtek Stadium,https://www.rugbyleagueproject.org/matches/29471
2014|Rd 19|Brisbane Broncos|New Zealand Warriors,2014,Rd 19,19,3,131,2014-07-19,Brisbane Broncos,New Zealand Warriors,28,22,Suncorp,https://www.rugbyleagueproject.org/matches/29474
2014|Rd 19|Melbourne Storm|Canberra Raiders,2014,Rd 19,19,4,132,2014-07-19,Melbourne Storm,Canberra Raiders,28,14,AAMI,https://www.rugbyleagueproject.org/matches/29473
2014|Rd 19|Sydney Roosters|Penrith Panthers,2014,Rd 19,19,5,133,2014-07-19,Sydney Roosters,Penrith Panthers,32,12,Allianz,https://www.rugbyleagueproject.org/matches/29472
2014|Rd 19|Newcastle Knights|Gold Coast Titans,2014,Rd 19,19,6,134,2014-07-20,Newcastle Knights,Gold Coast Titans,8,22,Hunter,https://www.rugbyleagueproject.org/matches/29475
2014|Rd 19|Wests Tigers|Canterbury Bulldogs,2014,Rd 19,19,7,135,2014-07-20,Wests Tigers,Canterbury Bulldogs,46,18,ANZ,https://www.rugbyleagueproject.org/matches/29476
2014|Rd 19|St. George Illawarra Dragons|Manly Sea Eagles,2014,Rd 19,19,8,136,2014-07-21,St. George Illawarra Dragons,Manly Sea Eagles,12,21,WIN Jubilee,https://www.rugbyleagueproject.org/matches/29477
2014|Rd 20|Brisbane Broncos|Melbourne Storm,2014,Rd 20,20,1,137,2014-07-25,Brisbane Broncos,Melbourne Storm,8,30,Suncorp,https://www.rugbyleagueproject.org/matches/29479
2014|Rd 20|Newcastle Knights|Sydney Roosters,2014,Rd 20,20,2,138,2014-07-25,Newcastle Knights,Sydney Roosters,16,12,Hunter,https://www.rugbyleagueproject.org/matches/29478
2014|Rd 20|Canterbury Bulldogs|NQ Cowboys,2014,Rd 20,20,3,139,2014-07-26,Canterbury Bulldogs,NQ Cowboys,12,20,ANZ,https://www.rugbyleagueproject.org/matches/29482
2014|Rd 20|Gold Coast Titans|Parramatta Eels,2014,Rd 20,20,4,140,2014-07-26,Gold Coast Titans,Parramatta Eels,18,24,Cbus Super,https://www.rugbyleagueproject.org/matches/29481
2014|Rd 20|Penrith Panthers|Cronulla Sharks,2014,Rd 20,20,5,141,2014-07-26,Penrith Panthers,Cronulla Sharks,16,18,Carrington,https://www.rugbyleagueproject.org/matches/29480
2014|Rd 20|New Zealand Warriors|Manly Sea Eagles,2014,Rd 20,20,6,142,2014-07-27,New Zealand Warriors,Manly Sea Eagles,12,22,Mt Smart,https://www.rugbyleagueproject.org/matches/29483
2014|Rd 20|Wests Tigers|St. George Illawarra Dragons,2014,Rd 20,20,7,143,2014-07-27,Wests Tigers,St. George Illawarra Dragons,12,28,ANZ,https://www.rugbyleagueproject.org/matches/29484
2014|Rd 20|Canberra Raiders|South Sydney Rabbitohs,2014,Rd 20,20,8,144,2014-07-28,Canberra Raiders,South Sydney Rabbitohs,18,34,GIO,https://www.rugbyleagueproject.org/matches/29485
2014|Rd 21|Canterbury Bulldogs|Penrith Panthers,2014,Rd 21,21,1,145,2014-08-01,Canterbury Bulldogs,Penrith Panthers,16,22,ANZ,https://www.rugbyleagueproject.org/matches/29491
2014|Rd 21|Manly Sea Eagles|Brisbane Broncos,2014,Rd 21,21,2,146,2014-08-01,Manly Sea Eagles,Brisbane Broncos,16,4,Brookvale,https://www.rugbyleagueproject.org/matches/29490
2014|Rd 21|Cronulla Sharks|Parramatta Eels,2014,Rd 21,21,3,147,2014-08-02,Cronulla Sharks,Parramatta Eels,12,32,Remondis Stadium,https://www.rugbyleagueproject.org/matches/29489
2014|Rd 21|NQ Cowboys|Gold Coast Titans,2014,Rd 21,21,4,148,2014-08-02,NQ Cowboys,Gold Coast Titans,28,8,1300SMILES,https://www.rugbyleagueproject.org/matches/29487
2014|Rd 21|Sydney Roosters|St. George Illawarra Dragons,2014,Rd 21,21,5,149,2014-08-02,Sydney Roosters,St. George Illawarra Dragons,30,22,Allianz,https://www.rugbyleagueproject.org/matches/29486
2014|Rd 21|Canberra Raiders|New Zealand Warriors,2014,Rd 21,21,6,150,2014-08-03,Canberra Raiders,New Zealand Warriors,18,54,GIO,https://www.rugbyleagueproject.org/matches/29488
2014|Rd 21|South Sydney Rabbitohs|Newcastle Knights,2014,Rd 21,21,7,151,2014-08-03,South Sydney Rabbitohs,Newcastle Knights,50,10,Barlow Park,https://www.rugbyleagueproject.org/matches/29492
2014|Rd 21|Wests Tigers|Melbourne Storm,2014,Rd 21,21,8,152,2014-08-04,Wests Tigers,Melbourne Storm,6,28,Campbelltown,https://www.rugbyleagueproject.org/matches/29493
2014|Rd 22|Brisbane Broncos|Canterbury Bulldogs,2014,Rd 22,22,1,153,2014-08-08,Brisbane Broncos,Canterbury Bulldogs,41,10,Suncorp,https://www.rugbyleagueproject.org/matches/29495
2014|Rd 22|South Sydney Rabbitohs|Manly Sea Eagles,2014,Rd 22,22,2,154,2014-08-08,South Sydney Rabbitohs,Manly Sea Eagles,23,4,SCG,https://www.rugbyleagueproject.org/matches/29494
2014|Rd 22|NQ Cowboys|Wests Tigers,2014,Rd 22,22,3,155,2014-08-09,NQ Cowboys,Wests Tigers,64,6,1300SMILES,https://www.rugbyleagueproject.org/matches/29496
2014|Rd 22|Newcastle Knights|Melbourne Storm,2014,Rd 22,22,4,156,2014-08-09,Newcastle Knights,Melbourne Storm,32,30,Hunter,https://www.rugbyleagueproject.org/matches/29497
2014|Rd 22|Parramatta Eels|Canberra Raiders,2014,Rd 22,22,5,157,2014-08-09,Parramatta Eels,Canberra Raiders,18,10,TIO,https://www.rugbyleagueproject.org/matches/29498
2014|Rd 22|New Zealand Warriors|Cronulla Sharks,2014,Rd 22,22,6,158,2014-08-10,New Zealand Warriors,Cronulla Sharks,16,12,Mt Smart,https://www.rugbyleagueproject.org/matches/29499
2014|Rd 22|St. George Illawarra Dragons|Penrith Panthers,2014,Rd 22,22,7,159,2014-08-10,St. George Illawarra Dragons,Penrith Panthers,4,16,WIN,https://www.rugbyleagueproject.org/matches/29500
2014|Rd 22|Sydney Roosters|Gold Coast Titans,2014,Rd 22,22,8,160,2014-08-11,Sydney Roosters,Gold Coast Titans,26,18,Allianz,https://www.rugbyleagueproject.org/matches/29501
2014|Rd 23|South Sydney Rabbitohs|Brisbane Broncos,2014,Rd 23,23,1,161,2014-08-14,South Sydney Rabbitohs,Brisbane Broncos,42,16,ANZ,https://www.rugbyleagueproject.org/matches/29502
2014|Rd 23|Parramatta Eels|Canterbury Bulldogs,2014,Rd 23,23,2,162,2014-08-15,Parramatta Eels,Canterbury Bulldogs,16,18,ANZ,https://www.rugbyleagueproject.org/matches/29503
2014|Rd 23|Canberra Raiders|St. George Illawarra Dragons,2014,Rd 23,23,3,163,2014-08-16,Canberra Raiders,St. George Illawarra Dragons,16,34,GIO,https://www.rugbyleagueproject.org/matches/29507
2014|Rd 23|Melbourne Storm|Cronulla Sharks,2014,Rd 23,23,4,164,2014-08-16,Melbourne Storm,Cronulla Sharks,48,6,AAMI,https://www.rugbyleagueproject.org/matches/29508
2014|Rd 23|Wests Tigers|Sydney Roosters,2014,Rd 23,23,5,165,2014-08-16,Wests Tigers,Sydney Roosters,4,48,Leichhardt,https://www.rugbyleagueproject.org/matches/29509
2014|Rd 23|Gold Coast Titans|Manly Sea Eagles,2014,Rd 23,23,6,166,2014-08-17,Gold Coast Titans,Manly Sea Eagles,12,15,Cbus Super,https://www.rugbyleagueproject.org/matches/29506
2014|Rd 23|Newcastle Knights|New Zealand Warriors,2014,Rd 23,23,7,167,2014-08-17,Newcastle Knights,New Zealand Warriors,28,22,Hunter,https://www.rugbyleagueproject.org/matches/29504
2014|Rd 23|Penrith Panthers|NQ Cowboys,2014,Rd 23,23,8,168,2014-08-18,Penrith Panthers,NQ Cowboys,23,22,Sportingbet,https://www.rugbyleagueproject.org/matches/29505
2014|Rd 24|Canterbury Bulldogs|Wests Tigers,2014,Rd 24,24,1,169,2014-08-21,Canterbury Bulldogs,Wests Tigers,30,10,ANZ,https://www.rugbyleagueproject.org/matches/29514
2014|Rd 24|Parramatta Eels|Manly Sea Eagles,2014,Rd 24,24,2,170,2014-08-22,Parramatta Eels,Manly Sea Eagles,22,12,Pirtek Stadium,https://www.rugbyleagueproject.org/matches/29517
2014|Rd 24|Brisbane Broncos|Newcastle Knights,2014,Rd 24,24,3,171,2014-08-23,Brisbane Broncos,Newcastle Knights,48,6,Suncorp,https://www.rugbyleagueproject.org/matches/29510
2014|Rd 24|South Sydney Rabbitohs|NQ Cowboys,2014,Rd 24,24,4,172,2014-08-23,South Sydney Rabbitohs,NQ Cowboys,10,22,ANZ,https://www.rugbyleagueproject.org/matches/29511
2014|Rd 24|Cronulla Sharks|Canberra Raiders,2014,Rd 24,24,5,173,2014-08-24,Cronulla Sharks,Canberra Raiders,12,22,Remondis Stadium,https://www.rugbyleagueproject.org/matches/29515
2014|Rd 24|New Zealand Warriors|Sydney Roosters,2014,Rd 24,24,6,174,2014-08-24,New Zealand Warriors,Sydney Roosters,12,46,Mt Smart,https://www.rugbyleagueproject.org/matches/29513
2014|Rd 24|St. George Illawarra Dragons|Gold Coast Titans,2014,Rd 24,24,7,175,2014-08-24,St. George Illawarra Dragons,Gold Coast Titans,34,6,WIN Jubilee,https://www.rugbyleagueproject.org/matches/29512
2014|Rd 24|Penrith Panthers|Melbourne Storm,2014,Rd 24,24,8,176,2014-08-25,Penrith Panthers,Melbourne Storm,10,24,Sportingbet,https://www.rugbyleagueproject.org/matches/29516
2014|Rd 25|Canterbury Bulldogs|South Sydney Rabbitohs,2014,Rd 25,25,1,177,2014-08-28,Canterbury Bulldogs,South Sydney Rabbitohs,14,21,ANZ,https://www.rugbyleagueproject.org/matches/29518
2014|Rd 25|Brisbane Broncos|St. George Illawarra Dragons,2014,Rd 25,25,2,178,2014-08-29,Brisbane Broncos,St. George Illawarra Dragons,30,22,Suncorp,https://www.rugbyleagueproject.org/matches/29519
2014|Rd 25|Canberra Raiders|Wests Tigers,2014,Rd 25,25,3,179,2014-08-30,Canberra Raiders,Wests Tigers,27,12,GIO,https://www.rugbyleagueproject.org/matches/29521
2014|Rd 25|Newcastle Knights|Parramatta Eels,2014,Rd 25,25,4,180,2014-08-30,Newcastle Knights,Parramatta Eels,42,12,Hunter,https://www.rugbyleagueproject.org/matches/29523
2014|Rd 25|Sydney Roosters|Melbourne Storm,2014,Rd 25,25,5,181,2014-08-30,Sydney Roosters,Melbourne Storm,24,12,Allianz,https://www.rugbyleagueproject.org/matches/29522
2014|Rd 25|Manly Sea Eagles|Penrith Panthers,2014,Rd 25,25,6,182,2014-08-31,Manly Sea Eagles,Penrith Panthers,26,25,Brookvale,https://www.rugbyleagueproject.org/matches/29524
2014|Rd 25|New Zealand Warriors|Gold Coast Titans,2014,Rd 25,25,7,183,2014-08-31,New Zealand Warriors,Gold Coast Titans,42,0,Mt Smart,https://www.rugbyleagueproject.org/matches/29520
2014|Rd 25|NQ Cowboys|Cronulla Sharks,2014,Rd 25,25,8,184,2014-09-01,NQ Cowboys,Cronulla Sharks,20,19,1300SMILES,https://www.rugbyleagueproject.org/matches/29525
2014|Rd 26|Sydney Roosters|South Sydney Rabbitohs,2014,Rd 26,26,1,185,2014-09-04,Sydney Roosters,South Sydney Rabbitohs,22,18,Allianz,https://www.rugbyleagueproject.org/matches/29527
2014|Rd 26|Melbourne Storm|Brisbane Broncos,2014,Rd 26,26,2,186,2014-09-05,Melbourne Storm,Brisbane Broncos,22,12,AAMI,https://www.rugbyleagueproject.org/matches/29526
2014|Rd 26|Canberra Raiders|Parramatta Eels,2014,Rd 26,26,3,187,2014-09-06,Canberra Raiders,Parramatta Eels,33,20,GIO,https://www.rugbyleagueproject.org/matches/29529
2014|Rd 26|NQ Cowboys|Manly Sea Eagles,2014,Rd 26,26,4,188,2014-09-06,NQ Cowboys,Manly Sea Eagles,30,16,1300SMILES,https://www.rugbyleagueproject.org/matches/29530
2014|Rd 26|Wests Tigers|Cronulla Sharks,2014,Rd 26,26,5,189,2014-09-06,Wests Tigers,Cronulla Sharks,26,10,Leichhardt,https://www.rugbyleagueproject.org/matches/29533
2014|Rd 26|Gold Coast Titans|Canterbury Bulldogs,2014,Rd 26,26,6,190,2014-09-07,Gold Coast Titans,Canterbury Bulldogs,19,18,Cbus Super,https://www.rugbyleagueproject.org/matches/29532
2014|Rd 26|Newcastle Knights|St. George Illawarra Dragons,2014,Rd 26,26,7,191,2014-09-07,Newcastle Knights,St. George Illawarra Dragons,40,10,Hunter,https://www.rugbyleagueproject.org/matches/29528
2014|Rd 26|Penrith Panthers|New Zealand Warriors,2014,Rd 26,26,8,192,2014-09-07,Penrith Panthers,New Zealand Warriors,22,6,Sportingbet,https://www.rugbyleagueproject.org/matches/29531
2014|Qualif Final|Manly Sea Eagles|South Sydney Rabbitohs,2014,Qualif Final,27,1,193,2014-09-12,Manly Sea Eagles,South Sydney Rabbitohs,24,40,Allianz,https://www.rugbyleagueproject.org/matches/29735
2014|Qualif Final|NQ Cowboys|Brisbane Broncos,2014,Qualif Final,27,2,194,2014-09-13,NQ Cowboys,Brisbane Broncos,32,20,1300SMILES,https://www.rugbyleagueproject.org/matches/29737
2014|Qualif Final|Sydney Roosters|Penrith Panthers,2014,Qualif Final,27,3,195,2014-09-13,Sydney Roosters,Penrith Panthers,18,19,Allianz,https://www.rugbyleagueproject.org/matches/29736
2014|Qualif Final|Melbourne Storm|Canterbury Bulldogs,2014,Qualif Final,27,4,196,2014-09-14,Melbourne Storm,Canterbury Bulldogs,4,28,AAMI,https://www.rugbyleagueproject.org/matches/29734
2014|Semi Final|Sydney Roosters|NQ Cowboys,2014,Semi Final,28,1,197,2014-09-19,Sydney Roosters,NQ Cowboys,31,30,Allianz,https://www.rugbyleagueproject.org/matches/29738
2014|Semi Final|Manly Sea Eagles|Canterbury Bulldogs,2014,Semi Final,28,2,198,2014-09-20,Manly Sea Eagles,Canterbury Bulldogs,17,18,Allianz,https://www.rugbyleagueproject.org/matches/29739
2014|Prelim Final|South Sydney Rabbitohs|Sydney Roosters,2014,Prelim Final,29,1,199,2014-09-26,South Sydney Rabbitohs,Sydney Roosters,32,22,ANZ,https://www.rugbyleagueproject.org/matches/29740
2014|Prelim Final|Penrith Panthers|Canterbury Bulldogs,2014,Prelim Final,29,2,200,2014-09-27,Penrith Panthers,Canterbury Bulldogs,12,18,ANZ,https://www.rugbyleagueproject.org/matches/29741
2014|Grand Final|South Sydney Rabbitohs|Canterbury Bulldogs,2014,Grand Final,30,1,201,2014-10-05,South Sydney Rabbitohs,Canterbury Bulldogs,30,6,ANZ,https://www.rugbyleagueproject.org/matches/29744
2015|Rd 1|Brisbane Broncos|South Sydney Rabbitohs,2015,Rd 1,1,1,1,2015-03-05,Brisbane Broncos,South Sydney Rabbitohs,6,36,Suncorp,https://www.rugbyleagueproject.org/matches/30133
2015|Rd 1|Parramatta Eels|Manly Sea Eagles,2015,Rd 1,1,2,2,2015-03-06,Parramatta Eels,Manly Sea Eagles,42,12,Pirtek Stadium,https://www.rugbyleagueproject.org/matches/30134
2015|Rd 1|Gold Coast Titans|Wests Tigers,2015,Rd 1,1,3,3,2015-03-07,Gold Coast Titans,Wests Tigers,18,19,Cbus Super,https://www.rugbyleagueproject.org/matches/30136
2015|Rd 1|NQ Cowboys|Sydney Roosters,2015,Rd 1,1,4,4,2015-03-07,NQ Cowboys,Sydney Roosters,4,28,1300SMILES,https://www.rugbyleagueproject.org/matches/30137
2015|Rd 1|Newcastle Knights|New Zealand Warriors,2015,Rd 1,1,5,5,2015-03-07,Newcastle Knights,New Zealand Warriors,24,14,Hunter,https://www.rugbyleagueproject.org/matches/30135
2015|Rd 1|Cronulla Sharks|Canberra Raiders,2015,Rd 1,1,6,6,2015-03-08,Cronulla Sharks,Canberra Raiders,20,24,Remondis Stadium,https://www.rugbyleagueproject.org/matches/30139
2015|Rd 1|Penrith Panthers|Canterbury Bulldogs,2015,Rd 1,1,7,7,2015-03-08,Penrith Panthers,Canterbury Bulldogs,24,18,Pepper Stadium,https://www.rugbyleagueproject.org/matches/30138
2015|Rd 1|St. George Illawarra Dragons|Melbourne Storm,2015,Rd 1,1,8,8,2015-03-09,St. George Illawarra Dragons,Melbourne Storm,4,12,WIN Jubilee,https://www.rugbyleagueproject.org/matches/30140
2015|Rd 2|Canterbury Bulldogs|Parramatta Eels,2015,Rd 2,2,1,9,2015-03-13,Canterbury Bulldogs,Parramatta Eels,32,12,ANZ,https://www.rugbyleagueproject.org/matches/30142
2015|Rd 2|Cronulla Sharks|Brisbane Broncos,2015,Rd 2,2,2,10,2015-03-13,Cronulla Sharks,Brisbane Broncos,2,10,Remondis Stadium,https://www.rugbyleagueproject.org/matches/30141
2015|Rd 2|Manly Sea Eagles|Melbourne Storm,2015,Rd 2,2,3,11,2015-03-14,Manly Sea Eagles,Melbourne Storm,24,22,Brookvale,https://www.rugbyleagueproject.org/matches/30144
2015|Rd 2|NQ Cowboys|Newcastle Knights,2015,Rd 2,2,4,12,2015-03-14,NQ Cowboys,Newcastle Knights,14,16,1300SMILES,https://www.rugbyleagueproject.org/matches/30145
2015|Rd 2|Penrith Panthers|Gold Coast Titans,2015,Rd 2,2,5,13,2015-03-14,Penrith Panthers,Gold Coast Titans,40,0,Carrington,https://www.rugbyleagueproject.org/matches/30143
2015|Rd 2|Canberra Raiders|New Zealand Warriors,2015,Rd 2,2,6,14,2015-03-15,Canberra Raiders,New Zealand Warriors,6,18,GIO,https://www.rugbyleagueproject.org/matches/30147
2015|Rd 2|South Sydney Rabbitohs|Sydney Roosters,2015,Rd 2,2,7,15,2015-03-15,South Sydney Rabbitohs,Sydney Roosters,34,26,ANZ,https://www.rugbyleagueproject.org/matches/30146
2015|Rd 2|Wests Tigers|St. George Illawarra Dragons,2015,Rd 2,2,8,16,2015-03-16,Wests Tigers,St. George Illawarra Dragons,22,4,Campbelltown,https://www.rugbyleagueproject.org/matches/30148
2015|Rd 3|Brisbane Broncos|NQ Cowboys,2015,Rd 3,3,1,17,2015-03-20,Brisbane Broncos,NQ Cowboys,44,22,Suncorp,https://www.rugbyleagueproject.org/matches/30150
2015|Rd 3|Manly Sea Eagles|Canterbury Bulldogs,2015,Rd 3,3,2,18,2015-03-20,Manly Sea Eagles,Canterbury Bulldogs,12,16,Brookvale,https://www.rugbyleagueproject.org/matches/30149
2015|Rd 3|Canberra Raiders|St. George Illawarra Dragons,2015,Rd 3,3,3,19,2015-03-21,Canberra Raiders,St. George Illawarra Dragons,20,22,GIO,https://www.rugbyleagueproject.org/matches/30152
2015|Rd 3|Melbourne Storm|Cronulla Sharks,2015,Rd 3,3,4,20,2015-03-21,Melbourne Storm,Cronulla Sharks,36,18,AAMI,https://www.rugbyleagueproject.org/matches/30153
2015|Rd 3|New Zealand Warriors|Parramatta Eels,2015,Rd 3,3,5,21,2015-03-21,New Zealand Warriors,Parramatta Eels,29,16,Mt Smart,https://www.rugbyleagueproject.org/matches/30151
2015|Rd 3|Gold Coast Titans|Newcastle Knights,2015,Rd 3,3,6,22,2015-03-22,Gold Coast Titans,Newcastle Knights,18,20,Cbus Super,https://www.rugbyleagueproject.org/matches/30155
2015|Rd 3|South Sydney Rabbitohs|Wests Tigers,2015,Rd 3,3,7,23,2015-03-22,South Sydney Rabbitohs,Wests Tigers,20,6,ANZ,https://www.rugbyleagueproject.org/matches/30154
2015|Rd 3|Sydney Roosters|Penrith Panthers,2015,Rd 3,3,8,24,2015-03-23,Sydney Roosters,Penrith Panthers,20,12,Allianz,https://www.rugbyleagueproject.org/matches/30156
2015|Rd 4|Parramatta Eels|South Sydney Rabbitohs,2015,Rd 4,4,1,25,2015-03-27,Parramatta Eels,South Sydney Rabbitohs,29,16,Pirtek Stadium,https://www.rugbyleagueproject.org/matches/30157
2015|Rd 4|Wests Tigers|Canterbury Bulldogs,2015,Rd 4,4,2,26,2015-03-27,Wests Tigers,Canterbury Bulldogs,24,25,ANZ,https://www.rugbyleagueproject.org/matches/30158
2015|Rd 4|Cronulla Sharks|Gold Coast Titans,2015,Rd 4,4,3,27,2015-03-28,Cronulla Sharks,Gold Coast Titans,22,24,Remondis Stadium,https://www.rugbyleagueproject.org/matches/30160
2015|Rd 4|Newcastle Knights|Penrith Panthers,2015,Rd 4,4,4,28,2015-03-28,Newcastle Knights,Penrith Panthers,26,14,Hunter,https://www.rugbyleagueproject.org/matches/30159
2015|Rd 4|St. George Illawarra Dragons|Manly Sea Eagles,2015,Rd 4,4,5,29,2015-03-28,St. George Illawarra Dragons,Manly Sea Eagles,12,4,WIN,https://www.rugbyleagueproject.org/matches/30161
2015|Rd 4|New Zealand Warriors|Brisbane Broncos,2015,Rd 4,4,6,30,2015-03-29,New Zealand Warriors,Brisbane Broncos,16,24,Mt Smart,https://www.rugbyleagueproject.org/matches/30162
2015|Rd 4|Sydney Roosters|Canberra Raiders,2015,Rd 4,4,7,31,2015-03-29,Sydney Roosters,Canberra Raiders,34,6,Allianz,https://www.rugbyleagueproject.org/matches/30163
2015|Rd 4|NQ Cowboys|Melbourne Storm,2015,Rd 4,4,8,32,2015-03-30,NQ Cowboys,Melbourne Storm,18,17,1300SMILES,https://www.rugbyleagueproject.org/matches/30164
2015|Rd 5|Canterbury Bulldogs|South Sydney Rabbitohs,2015,Rd 5,5,1,33,2015-04-03,Canterbury Bulldogs,South Sydney Rabbitohs,17,18,ANZ,https://www.rugbyleagueproject.org/matches/30165
2015|Rd 5|Gold Coast Titans|Brisbane Broncos,2015,Rd 5,5,2,34,2015-04-03,Gold Coast Titans,Brisbane Broncos,16,26,Cbus Super,https://www.rugbyleagueproject.org/matches/30166
2015|Rd 5|Manly Sea Eagles|Canberra Raiders,2015,Rd 5,5,3,35,2015-04-04,Manly Sea Eagles,Canberra Raiders,16,29,Lavington,https://www.rugbyleagueproject.org/matches/30167
2015|Rd 5|Newcastle Knights|St. George Illawarra Dragons,2015,Rd 5,5,4,36,2015-04-04,Newcastle Knights,St. George Illawarra Dragons,0,13,Hunter,https://www.rugbyleagueproject.org/matches/30168
2015|Rd 5|Sydney Roosters|Cronulla Sharks,2015,Rd 5,5,5,37,2015-04-05,Sydney Roosters,Cronulla Sharks,12,20,Allianz,https://www.rugbyleagueproject.org/matches/30169
2015|Rd 5|Melbourne Storm|New Zealand Warriors,2015,Rd 5,5,6,38,2015-04-06,Melbourne Storm,New Zealand Warriors,30,14,AAMI,https://www.rugbyleagueproject.org/matches/30171
2015|Rd 5|Parramatta Eels|Wests Tigers,2015,Rd 5,5,7,39,2015-04-06,Parramatta Eels,Wests Tigers,6,22,ANZ,https://www.rugbyleagueproject.org/matches/30170
2015|Rd 5|Penrith Panthers|NQ Cowboys,2015,Rd 5,5,8,40,2015-04-06,Penrith Panthers,NQ Cowboys,10,30,Pepper Stadium,https://www.rugbyleagueproject.org/matches/30172
2015|Rd 6|Brisbane Broncos|Sydney Roosters,2015,Rd 6,6,1,41,2015-04-10,Brisbane Broncos,Sydney Roosters,22,18,Suncorp,https://www.rugbyleagueproject.org/matches/30174
2015|Rd 6|Cronulla Sharks|Newcastle Knights,2015,Rd 6,6,2,42,2015-04-10,Cronulla Sharks,Newcastle Knights,22,6,Remondis Stadium,https://www.rugbyleagueproject.org/matches/30173
2015|Rd 6|New Zealand Warriors|Wests Tigers,2015,Rd 6,6,3,43,2015-04-11,New Zealand Warriors,Wests Tigers,32,22,Mt Smart,https://www.rugbyleagueproject.org/matches/30176
2015|Rd 6|Parramatta Eels|Gold Coast Titans,2015,Rd 6,6,4,44,2015-04-11,Parramatta Eels,Gold Coast Titans,16,38,Pirtek Stadium,https://www.rugbyleagueproject.org/matches/30175
2015|Rd 6|Penrith Panthers|Manly Sea Eagles,2015,Rd 6,6,5,45,2015-04-11,Penrith Panthers,Manly Sea Eagles,22,12,Pepper Stadium,https://www.rugbyleagueproject.org/matches/30177
2015|Rd 6|Canberra Raiders|Melbourne Storm,2015,Rd 6,6,6,46,2015-04-12,Canberra Raiders,Melbourne Storm,10,14,GIO,https://www.rugbyleagueproject.org/matches/30178
2015|Rd 6|St. George Illawarra Dragons|Canterbury Bulldogs,2015,Rd 6,6,7,47,2015-04-12,St. George Illawarra Dragons,Canterbury Bulldogs,31,6,ANZ,https://www.rugbyleagueproject.org/matches/30179
2015|Rd 6|South Sydney Rabbitohs|NQ Cowboys,2015,Rd 6,6,8,48,2015-04-13,South Sydney Rabbitohs,NQ Cowboys,12,30,ANZ,https://www.rugbyleagueproject.org/matches/30180
2015|Rd 7|Canterbury Bulldogs|Manly Sea Eagles,2015,Rd 7,7,1,49,2015-04-17,Canterbury Bulldogs,Manly Sea Eagles,28,16,ANZ,https://www.rugbyleagueproject.org/matches/30182
2015|Rd 7|St. George Illawarra Dragons|Brisbane Broncos,2015,Rd 7,7,2,50,2015-04-17,St. George Illawarra Dragons,Brisbane Broncos,12,10,WIN Jubilee,https://www.rugbyleagueproject.org/matches/30181
2015|Rd 7|Gold Coast Titans|Penrith Panthers,2015,Rd 7,7,3,51,2015-04-18,Gold Coast Titans,Penrith Panthers,32,6,Cbus Super,https://www.rugbyleagueproject.org/matches/30183
2015|Rd 7|Melbourne Storm|Sydney Roosters,2015,Rd 7,7,4,52,2015-04-18,Melbourne Storm,Sydney Roosters,17,16,AAMI,https://www.rugbyleagueproject.org/matches/30185
2015|Rd 7|NQ Cowboys|New Zealand Warriors,2015,Rd 7,7,5,53,2015-04-18,NQ Cowboys,New Zealand Warriors,28,24,1300SMILES,https://www.rugbyleagueproject.org/matches/30184
2015|Rd 7|Newcastle Knights|Parramatta Eels,2015,Rd 7,7,6,54,2015-04-19,Newcastle Knights,Parramatta Eels,22,28,Hunter,https://www.rugbyleagueproject.org/matches/30187
2015|Rd 7|Wests Tigers|Canberra Raiders,2015,Rd 7,7,7,55,2015-04-19,Wests Tigers,Canberra Raiders,22,30,Leichhardt,https://www.rugbyleagueproject.org/matches/30186
2015|Rd 7|Cronulla Sharks|South Sydney Rabbitohs,2015,Rd 7,7,8,56,2015-04-20,Cronulla Sharks,South Sydney Rabbitohs,18,10,Remondis Stadium,https://www.rugbyleagueproject.org/matches/30188
2015|Rd 8|Canterbury Bulldogs|Wests Tigers,2015,Rd 8,8,1,57,2015-04-24,Canterbury Bulldogs,Wests Tigers,14,38,ANZ,https://www.rugbyleagueproject.org/matches/30189
2015|Rd 8|Brisbane Broncos|Parramatta Eels,2015,Rd 8,8,2,58,2015-04-25,Brisbane Broncos,Parramatta Eels,28,16,Suncorp,https://www.rugbyleagueproject.org/matches/30194
2015|Rd 8|Melbourne Storm|Manly Sea Eagles,2015,Rd 8,8,3,59,2015-04-25,Melbourne Storm,Manly Sea Eagles,10,12,AAMI,https://www.rugbyleagueproject.org/matches/30193
2015|Rd 8|New Zealand Warriors|Gold Coast Titans,2015,Rd 8,8,4,60,2015-04-25,New Zealand Warriors,Gold Coast Titans,28,32,Mt Smart,https://www.rugbyleagueproject.org/matches/30190
2015|Rd 8|Newcastle Knights|NQ Cowboys,2015,Rd 8,8,5,61,2015-04-25,Newcastle Knights,NQ Cowboys,24,26,Hunter,https://www.rugbyleagueproject.org/matches/30191
2015|Rd 8|Sydney Roosters|St. George Illawarra Dragons,2015,Rd 8,8,6,62,2015-04-25,Sydney Roosters,St. George Illawarra Dragons,12,14,Allianz,https://www.rugbyleagueproject.org/matches/30192
2015|Rd 8|Penrith Panthers|Cronulla Sharks,2015,Rd 8,8,7,63,2015-04-26,Penrith Panthers,Cronulla Sharks,26,18,Pepper Stadium,https://www.rugbyleagueproject.org/matches/30195
2015|Rd 8|South Sydney Rabbitohs|Canberra Raiders,2015,Rd 8,8,8,64,2015-04-26,South Sydney Rabbitohs,Canberra Raiders,22,30,Barlow Park,https://www.rugbyleagueproject.org/matches/30196
2015|Rd 9|Brisbane Broncos|Penrith Panthers,2015,Rd 9,9,1,65,2015-05-08,Brisbane Broncos,Penrith Panthers,8,5,Suncorp,https://www.rugbyleagueproject.org/matches/30197
2015|Rd 9|Sydney Roosters|Wests Tigers,2015,Rd 9,9,2,66,2015-05-08,Sydney Roosters,Wests Tigers,36,4,Allianz,https://www.rugbyleagueproject.org/matches/30198
2015|Rd 9|Canberra Raiders|Gold Coast Titans,2015,Rd 9,9,3,67,2015-05-09,Canberra Raiders,Gold Coast Titans,56,16,GIO,https://www.rugbyleagueproject.org/matches/30199
2015|Rd 9|Cronulla Sharks|New Zealand Warriors,2015,Rd 9,9,4,68,2015-05-09,Cronulla Sharks,New Zealand Warriors,16,20,Remondis Stadium,https://www.rugbyleagueproject.org/matches/30200
2015|Rd 9|NQ Cowboys|Canterbury Bulldogs,2015,Rd 9,9,5,69,2015-05-09,NQ Cowboys,Canterbury Bulldogs,23,16,1300SMILES,https://www.rugbyleagueproject.org/matches/30201
2015|Rd 9|Manly Sea Eagles|Newcastle Knights,2015,Rd 9,9,6,70,2015-05-10,Manly Sea Eagles,Newcastle Knights,30,10,Brookvale,https://www.rugbyleagueproject.org/matches/30202
2015|Rd 9|Parramatta Eels|Melbourne Storm,2015,Rd 9,9,7,71,2015-05-10,Parramatta Eels,Melbourne Storm,10,28,Pirtek Stadium,https://www.rugbyleagueproject.org/matches/30203
2015|Rd 9|South Sydney Rabbitohs|St. George Illawarra Dragons,2015,Rd 9,9,8,72,2015-05-11,South Sydney Rabbitohs,St. George Illawarra Dragons,16,10,ANZ,https://www.rugbyleagueproject.org/matches/30204
2015|Rd 10|Canterbury Bulldogs|Sydney Roosters,2015,Rd 10,10,1,73,2015-05-15,Canterbury Bulldogs,Sydney Roosters,10,24,ANZ,https://www.rugbyleagueproject.org/matches/30205
2015|Rd 10|NQ Cowboys|Brisbane Broncos,2015,Rd 10,10,2,74,2015-05-15,NQ Cowboys,Brisbane Broncos,31,20,1300SMILES,https://www.rugbyleagueproject.org/matches/30206
2015|Rd 10|Gold Coast Titans|Cronulla Sharks,2015,Rd 10,10,3,75,2015-05-16,Gold Coast Titans,Cronulla Sharks,22,23,Cbus Super,https://www.rugbyleagueproject.org/matches/30208
2015|Rd 10|Melbourne Storm|South Sydney Rabbitohs,2015,Rd 10,10,4,76,2015-05-16,Melbourne Storm,South Sydney Rabbitohs,16,12,AAMI,https://www.rugbyleagueproject.org/matches/30209
2015|Rd 10|Parramatta Eels|New Zealand Warriors,2015,Rd 10,10,5,77,2015-05-16,Parramatta Eels,New Zealand Warriors,13,17,Pirtek Stadium,https://www.rugbyleagueproject.org/matches/30207
2015|Rd 10|Newcastle Knights|Wests Tigers,2015,Rd 10,10,6,78,2015-05-17,Newcastle Knights,Wests Tigers,22,12,Hunter,https://www.rugbyleagueproject.org/matches/30211
2015|Rd 10|St. George Illawarra Dragons|Canberra Raiders,2015,Rd 10,10,7,79,2015-05-17,St. George Illawarra Dragons,Canberra Raiders,32,18,WIN,https://www.rugbyleagueproject.org/matches/30210
2015|Rd 10|Manly Sea Eagles|Penrith Panthers,2015,Rd 10,10,8,80,2015-05-18,Manly Sea Eagles,Penrith Panthers,10,11,Brookvale,https://www.rugbyleagueproject.org/matches/30212
2015|Rd 11|South Sydney Rabbitohs|Parramatta Eels,2015,Rd 11,11,1,81,2015-05-22,South Sydney Rabbitohs,Parramatta Eels,14,12,ANZ,https://www.rugbyleagueproject.org/matches/30213
2015|Rd 11|Wests Tigers|NQ Cowboys,2015,Rd 11,11,2,82,2015-05-23,Wests Tigers,NQ Cowboys,0,8,Campbelltown,https://www.rugbyleagueproject.org/matches/30214
2015|Rd 11|Canberra Raiders|Canterbury Bulldogs,2015,Rd 11,11,3,83,2015-05-24,Canberra Raiders,Canterbury Bulldogs,34,41,GIO,https://www.rugbyleagueproject.org/matches/30215
2015|Rd 11|Newcastle Knights|Brisbane Broncos,2015,Rd 11,11,4,84,2015-05-25,Newcastle Knights,Brisbane Broncos,18,31,Hunter,https://www.rugbyleagueproject.org/matches/30216
2015|Rd 12|Penrith Panthers|Parramatta Eels,2015,Rd 12,12,1,85,2015-05-29,Penrith Panthers,Parramatta Eels,20,26,Pepper Stadium,https://www.rugbyleagueproject.org/matches/30217
2015|Rd 12|Canberra Raiders|Brisbane Broncos,2015,Rd 12,12,2,86,2015-05-30,Canberra Raiders,Brisbane Broncos,12,24,GIO,https://www.rugbyleagueproject.org/matches/30219
2015|Rd 12|Gold Coast Titans|South Sydney Rabbitohs,2015,Rd 12,12,3,87,2015-05-30,Gold Coast Titans,South Sydney Rabbitohs,16,22,Cbus Super,https://www.rugbyleagueproject.org/matches/30218
2015|Rd 12|NQ Cowboys|Manly Sea Eagles,2015,Rd 12,12,4,88,2015-05-30,NQ Cowboys,Manly Sea Eagles,18,14,1300SMILES,https://www.rugbyleagueproject.org/matches/30220
2015|Rd 12|New Zealand Warriors|Newcastle Knights,2015,Rd 12,12,5,89,2015-05-31,New Zealand Warriors,Newcastle Knights,24,20,Mt Smart,https://www.rugbyleagueproject.org/matches/30221
2015|Rd 12|St. George Illawarra Dragons|Cronulla Sharks,2015,Rd 12,12,6,90,2015-05-31,St. George Illawarra Dragons,Cronulla Sharks,42,6,WIN Jubilee,https://www.rugbyleagueproject.org/matches/30222
2015|Rd 12|Sydney Roosters|Melbourne Storm,2015,Rd 12,12,7,91,2015-06-01,Sydney Roosters,Melbourne Storm,24,2,Allianz,https://www.rugbyleagueproject.org/matches/30223
2015|Rd 13|Brisbane Broncos|Manly Sea Eagles,2015,Rd 13,13,1,92,2015-06-05,Brisbane Broncos,Manly Sea Eagles,44,10,Suncorp,https://www.rugbyleagueproject.org/matches/30224
2015|Rd 13|Wests Tigers|Gold Coast Titans,2015,Rd 13,13,2,93,2015-06-05,Wests Tigers,Gold Coast Titans,20,27,Leichhardt,https://www.rugbyleagueproject.org/matches/30225
2015|Rd 13|Newcastle Knights|Canberra Raiders,2015,Rd 13,13,3,94,2015-06-06,Newcastle Knights,Canberra Raiders,22,44,Hunter,https://www.rugbyleagueproject.org/matches/30226
2015|Rd 13|Penrith Panthers|Melbourne Storm,2015,Rd 13,13,4,95,2015-06-06,Penrith Panthers,Melbourne Storm,0,20,Pepper Stadium,https://www.rugbyleagueproject.org/matches/30228
2015|Rd 13|South Sydney Rabbitohs|New Zealand Warriors,2015,Rd 13,13,5,96,2015-06-06,South Sydney Rabbitohs,New Zealand Warriors,36,4,nib Stadium,https://www.rugbyleagueproject.org/matches/30227
2015|Rd 13|Cronulla Sharks|Sydney Roosters,2015,Rd 13,13,6,97,2015-06-07,Cronulla Sharks,Sydney Roosters,10,4,Remondis Stadium,https://www.rugbyleagueproject.org/matches/30229
2015|Rd 13|Canterbury Bulldogs|St. George Illawarra Dragons,2015,Rd 13,13,7,98,2015-06-08,Canterbury Bulldogs,St. George Illawarra Dragons,29,16,ANZ,https://www.rugbyleagueproject.org/matches/30230
2015|Rd 13|Parramatta Eels|NQ Cowboys,2015,Rd 13,13,8,99,2015-06-08,Parramatta Eels,NQ Cowboys,30,36,Pirtek Stadium,https://www.rugbyleagueproject.org/matches/30231
2015|Rd 14|Wests Tigers|South Sydney Rabbitohs,2015,Rd 14,14,1,100,2015-06-12,Wests Tigers,South Sydney Rabbitohs,34,6,ANZ,https://www.rugbyleagueproject.org/matches/30232
2015|Rd 14|New Zealand Warriors|Sydney Roosters,2015,Rd 14,14,2,101,2015-06-13,New Zealand Warriors,Sydney Roosters,21,25,Mt Smart,https://www.rugbyleagueproject.org/matches/30233
2015|Rd 14|Gold Coast Titans|Canterbury Bulldogs,2015,Rd 14,14,3,102,2015-06-14,Gold Coast Titans,Canterbury Bulldogs,28,14,Cbus Super,https://www.rugbyleagueproject.org/matches/30234
2015|Rd 14|Melbourne Storm|Parramatta Eels,2015,Rd 14,14,4,103,2015-06-15,Melbourne Storm,Parramatta Eels,22,26,AAMI,https://www.rugbyleagueproject.org/matches/30235
2015|Rd 15|Manly Sea Eagles|Wests Tigers,2015,Rd 15,15,1,104,2015-06-19,Manly Sea Eagles,Wests Tigers,30,20,Brookvale,https://www.rugbyleagueproject.org/matches/30236
2015|Rd 15|Canberra Raiders|NQ Cowboys,2015,Rd 15,15,2,105,2015-06-20,Canberra Raiders,NQ Cowboys,20,21,GIO,https://www.rugbyleagueproject.org/matches/30237
2015|Rd 15|Canterbury Bulldogs|Penrith Panthers,2015,Rd 15,15,3,106,2015-06-20,Canterbury Bulldogs,Penrith Panthers,24,12,ANZ,https://www.rugbyleagueproject.org/matches/30239
2015|Rd 15|Gold Coast Titans|New Zealand Warriors,2015,Rd 15,15,4,107,2015-06-20,Gold Coast Titans,New Zealand Warriors,14,36,Cbus Super,https://www.rugbyleagueproject.org/matches/30238
2015|Rd 15|Melbourne Storm|Brisbane Broncos,2015,Rd 15,15,5,108,2015-06-21,Melbourne Storm,Brisbane Broncos,12,14,AAMI,https://www.rugbyleagueproject.org/matches/30241
2015|Rd 15|Newcastle Knights|Cronulla Sharks,2015,Rd 15,15,6,109,2015-06-21,Newcastle Knights,Cronulla Sharks,28,30,Hunter,https://www.rugbyleagueproject.org/matches/30240
2015|Rd 15|St. George Illawarra Dragons|Sydney Roosters,2015,Rd 15,15,7,110,2015-06-22,St. George Illawarra Dragons,Sydney Roosters,14,19,Allianz,https://www.rugbyleagueproject.org/matches/30242
2015|Rd 16|Brisbane Broncos|Newcastle Knights,2015,Rd 16,16,1,111,2015-06-26,Brisbane Broncos,Newcastle Knights,44,22,Suncorp,https://www.rugbyleagueproject.org/matches/30244
2015|Rd 16|South Sydney Rabbitohs|Manly Sea Eagles,2015,Rd 16,16,2,112,2015-06-26,South Sydney Rabbitohs,Manly Sea Eagles,20,8,ANZ,https://www.rugbyleagueproject.org/matches/30243
2015|Rd 16|NQ Cowboys|Cronulla Sharks,2015,Rd 16,16,3,113,2015-06-27,NQ Cowboys,Cronulla Sharks,18,24,1300SMILES,https://www.rugbyleagueproject.org/matches/30246
2015|Rd 16|New Zealand Warriors|Canberra Raiders,2015,Rd 16,16,4,114,2015-06-27,New Zealand Warriors,Canberra Raiders,30,8,Mt Smart,https://www.rugbyleagueproject.org/matches/30245
2015|Rd 16|Parramatta Eels|St. George Illawarra Dragons,2015,Rd 16,16,5,115,2015-06-27,Parramatta Eels,St. George Illawarra Dragons,16,12,Pirtek Stadium,https://www.rugbyleagueproject.org/matches/30247
2015|Rd 16|Sydney Roosters|Gold Coast Titans,2015,Rd 16,16,6,116,2015-06-28,Sydney Roosters,Gold Coast Titans,20,10,Central Coast,https://www.rugbyleagueproject.org/matches/30248
2015|Rd 16|Wests Tigers|Penrith Panthers,2015,Rd 16,16,7,117,2015-06-28,Wests Tigers,Penrith Panthers,12,35,Leichhardt,https://www.rugbyleagueproject.org/matches/30249
2015|Rd 16|Canterbury Bulldogs|Melbourne Storm,2015,Rd 16,16,8,118,2015-06-29,Canterbury Bulldogs,Melbourne Storm,20,4,Belmore,https://www.rugbyleagueproject.org/matches/30250
2015|Rd 17|Penrith Panthers|South Sydney Rabbitohs,2015,Rd 17,17,1,119,2015-07-03,Penrith Panthers,South Sydney Rabbitohs,20,6,Pepper Stadium,https://www.rugbyleagueproject.org/matches/30251
2015|Rd 17|St. George Illawarra Dragons|NQ Cowboys,2015,Rd 17,17,2,120,2015-07-04,St. George Illawarra Dragons,NQ Cowboys,12,18,WIN,https://www.rugbyleagueproject.org/matches/30252
2015|Rd 17|Manly Sea Eagles|Cronulla Sharks,2015,Rd 17,17,3,121,2015-07-05,Manly Sea Eagles,Cronulla Sharks,28,16,Brookvale,https://www.rugbyleagueproject.org/matches/30253
2015|Rd 17|Wests Tigers|Parramatta Eels,2015,Rd 17,17,4,122,2015-07-06,Wests Tigers,Parramatta Eels,16,28,ANZ,https://www.rugbyleagueproject.org/matches/30254
2015|Rd 18|Canberra Raiders|Newcastle Knights,2015,Rd 18,18,1,123,2015-07-10,Canberra Raiders,Newcastle Knights,36,22,GIO,https://www.rugbyleagueproject.org/matches/30255
2015|Rd 18|Canterbury Bulldogs|Brisbane Broncos,2015,Rd 18,18,2,124,2015-07-11,Canterbury Bulldogs,Brisbane Broncos,8,16,ANZ,https://www.rugbyleagueproject.org/matches/30257
2015|Rd 18|Penrith Panthers|Sydney Roosters,2015,Rd 18,18,3,125,2015-07-11,Penrith Panthers,Sydney Roosters,4,24,Pepper Stadium,https://www.rugbyleagueproject.org/matches/30256
2015|Rd 18|Cronulla Sharks|St. George Illawarra Dragons,2015,Rd 18,18,4,126,2015-07-12,Cronulla Sharks,St. George Illawarra Dragons,28,8,Remondis Stadium,https://www.rugbyleagueproject.org/matches/30259
2015|Rd 18|New Zealand Warriors|Melbourne Storm,2015,Rd 18,18,5,127,2015-07-12,New Zealand Warriors,Melbourne Storm,28,14,Mt Smart,https://www.rugbyleagueproject.org/matches/30258
2015|Rd 18|Gold Coast Titans|Manly Sea Eagles,2015,Rd 18,18,6,128,2015-07-13,Gold Coast Titans,Manly Sea Eagles,6,38,Cbus Super,https://www.rugbyleagueproject.org/matches/30260
2015|Rd 19|Melbourne Storm|Penrith Panthers,2015,Rd 19,19,1,129,2015-07-17,Melbourne Storm,Penrith Panthers,52,10,AAMI,https://www.rugbyleagueproject.org/matches/30262
2015|Rd 19|Parramatta Eels|Canterbury Bulldogs,2015,Rd 19,19,2,130,2015-07-17,Parramatta Eels,Canterbury Bulldogs,4,28,ANZ,https://www.rugbyleagueproject.org/matches/30261
2015|Rd 19|Canberra Raiders|Cronulla Sharks,2015,Rd 19,19,3,131,2015-07-18,Canberra Raiders,Cronulla Sharks,20,21,GIO,https://www.rugbyleagueproject.org/matches/30263
2015|Rd 19|Newcastle Knights|Gold Coast Titans,2015,Rd 19,19,4,132,2015-07-18,Newcastle Knights,Gold Coast Titans,30,2,Hunter,https://www.rugbyleagueproject.org/matches/30264
2015|Rd 19|St. George Illawarra Dragons|South Sydney Rabbitohs,2015,Rd 19,19,5,133,2015-07-18,St. George Illawarra Dragons,South Sydney Rabbitohs,8,24,SCG,https://www.rugbyleagueproject.org/matches/30265
2015|Rd 19|Brisbane Broncos|Wests Tigers,2015,Rd 19,19,6,134,2015-07-19,Brisbane Broncos,Wests Tigers,42,16,Suncorp,https://www.rugbyleagueproject.org/matches/30267
2015|Rd 19|Sydney Roosters|New Zealand Warriors,2015,Rd 19,19,7,135,2015-07-19,Sydney Roosters,New Zealand Warriors,24,0,Allianz,https://www.rugbyleagueproject.org/matches/30266
2015|Rd 19|Manly Sea Eagles|NQ Cowboys,2015,Rd 19,19,8,136,2015-07-20,Manly Sea Eagles,NQ Cowboys,12,30,Brookvale,https://www.rugbyleagueproject.org/matches/30268
2015|Rd 20|Brisbane Broncos|Gold Coast Titans,2015,Rd 20,20,1,137,2015-07-24,Brisbane Broncos,Gold Coast Titans,34,0,Suncorp,https://www.rugbyleagueproject.org/matches/30270
2015|Rd 20|Wests Tigers|Sydney Roosters,2015,Rd 20,20,2,138,2015-07-24,Wests Tigers,Sydney Roosters,8,33,ANZ,https://www.rugbyleagueproject.org/matches/30269
2015|Rd 20|Melbourne Storm|St. George Illawarra Dragons,2015,Rd 20,20,3,139,2015-07-25,Melbourne Storm,St. George Illawarra Dragons,22,4,McLean Park,https://www.rugbyleagueproject.org/matches/30273
2015|Rd 20|New Zealand Warriors|Manly Sea Eagles,2015,Rd 20,20,4,140,2015-07-25,New Zealand Warriors,Manly Sea Eagles,12,32,Mt Smart,https://www.rugbyleagueproject.org/matches/30271
2015|Rd 20|South Sydney Rabbitohs|Newcastle Knights,2015,Rd 20,20,5,141,2015-07-25,South Sydney Rabbitohs,Newcastle Knights,52,6,ANZ,https://www.rugbyleagueproject.org/matches/30272
2015|Rd 20|Canterbury Bulldogs|Cronulla Sharks,2015,Rd 20,20,6,142,2015-07-26,Canterbury Bulldogs,Cronulla Sharks,16,18,Belmore,https://www.rugbyleagueproject.org/matches/30275
2015|Rd 20|Penrith Panthers|Canberra Raiders,2015,Rd 20,20,7,143,2015-07-26,Penrith Panthers,Canberra Raiders,24,34,Pepper Stadium,https://www.rugbyleagueproject.org/matches/30274
2015|Rd 20|NQ Cowboys|Parramatta Eels,2015,Rd 20,20,8,144,2015-07-27,NQ Cowboys,Parramatta Eels,46,4,1300SMILES,https://www.rugbyleagueproject.org/matches/30276
2015|Rd 21|Sydney Roosters|Canterbury Bulldogs,2015,Rd 21,21,1,145,2015-07-31,Sydney Roosters,Canterbury Bulldogs,38,28,Allianz,https://www.rugbyleagueproject.org/matches/30280
2015|Rd 21|Wests Tigers|Melbourne Storm,2015,Rd 21,21,2,146,2015-07-31,Wests Tigers,Melbourne Storm,34,16,Leichhardt,https://www.rugbyleagueproject.org/matches/30282
2015|Rd 21|Manly Sea Eagles|Brisbane Broncos,2015,Rd 21,21,3,147,2015-08-01,Manly Sea Eagles,Brisbane Broncos,44,14,Central Coast,https://www.rugbyleagueproject.org/matches/30281
2015|Rd 21|NQ Cowboys|Canberra Raiders,2015,Rd 21,21,4,148,2015-08-01,NQ Cowboys,Canberra Raiders,32,24,1300SMILES,https://www.rugbyleagueproject.org/matches/30277
2015|Rd 21|New Zealand Warriors|Cronulla Sharks,2015,Rd 21,21,5,149,2015-08-01,New Zealand Warriors,Cronulla Sharks,14,18,Mt Smart,https://www.rugbyleagueproject.org/matches/30284
2015|Rd 21|South Sydney Rabbitohs|Penrith Panthers,2015,Rd 21,21,6,150,2015-08-02,South Sydney Rabbitohs,Penrith Panthers,20,16,ANZ,https://www.rugbyleagueproject.org/matches/30279
2015|Rd 21|St. George Illawarra Dragons|Newcastle Knights,2015,Rd 21,21,7,151,2015-08-02,St. George Illawarra Dragons,Newcastle Knights,46,24,WIN Jubilee,https://www.rugbyleagueproject.org/matches/30278
2015|Rd 21|Gold Coast Titans|Parramatta Eels,2015,Rd 21,21,8,152,2015-08-03,Gold Coast Titans,Parramatta Eels,24,14,Cbus Super,https://www.rugbyleagueproject.org/matches/30283
2015|Rd 22|Brisbane Broncos|Canterbury Bulldogs,2015,Rd 22,22,1,153,2015-08-07,Brisbane Broncos,Canterbury Bulldogs,16,18,Suncorp,https://www.rugbyleagueproject.org/matches/30285
2015|Rd 22|Manly Sea Eagles|South Sydney Rabbitohs,2015,Rd 22,22,2,154,2015-08-07,Manly Sea Eagles,South Sydney Rabbitohs,28,8,Brookvale,https://www.rugbyleagueproject.org/matches/30289
2015|Rd 22|Cronulla Sharks|NQ Cowboys,2015,Rd 22,22,3,155,2015-08-08,Cronulla Sharks,NQ Cowboys,30,18,Remondis Stadium,https://www.rugbyleagueproject.org/matches/30290
2015|Rd 22|New Zealand Warriors|St. George Illawarra Dragons,2015,Rd 22,22,4,156,2015-08-08,New Zealand Warriors,St. George Illawarra Dragons,0,36,Westpac,https://www.rugbyleagueproject.org/matches/30292
2015|Rd 22|Parramatta Eels|Penrith Panthers,2015,Rd 22,22,5,157,2015-08-08,Parramatta Eels,Penrith Panthers,10,4,TIO,https://www.rugbyleagueproject.org/matches/30286
2015|Rd 22|Melbourne Storm|Gold Coast Titans,2015,Rd 22,22,6,158,2015-08-09,Melbourne Storm,Gold Coast Titans,36,14,AAMI,https://www.rugbyleagueproject.org/matches/30291
2015|Rd 22|Newcastle Knights|Sydney Roosters,2015,Rd 22,22,7,159,2015-08-09,Newcastle Knights,Sydney Roosters,22,38,Hunter,https://www.rugbyleagueproject.org/matches/30287
2015|Rd 22|Canberra Raiders|Wests Tigers,2015,Rd 22,22,8,160,2015-08-10,Canberra Raiders,Wests Tigers,18,20,GIO,https://www.rugbyleagueproject.org/matches/30288
2015|Rd 23|NQ Cowboys|South Sydney Rabbitohs,2015,Rd 23,23,1,161,2015-08-13,NQ Cowboys,South Sydney Rabbitohs,18,31,1300SMILES,https://www.rugbyleagueproject.org/matches/30295
2015|Rd 23|Brisbane Broncos|St. George Illawarra Dragons,2015,Rd 23,23,2,162,2015-08-14,Brisbane Broncos,St. George Illawarra Dragons,32,6,Suncorp,https://www.rugbyleagueproject.org/matches/30293
2015|Rd 23|Penrith Panthers|New Zealand Warriors,2015,Rd 23,23,3,163,2015-08-15,Penrith Panthers,New Zealand Warriors,24,10,Pepper Stadium,https://www.rugbyleagueproject.org/matches/30296
2015|Rd 23|Sydney Roosters|Parramatta Eels,2015,Rd 23,23,4,164,2015-08-15,Sydney Roosters,Parramatta Eels,28,18,Allianz,https://www.rugbyleagueproject.org/matches/30298
2015|Rd 23|Wests Tigers|Newcastle Knights,2015,Rd 23,23,5,165,2015-08-15,Wests Tigers,Newcastle Knights,18,24,Campbelltown,https://www.rugbyleagueproject.org/matches/30300
2015|Rd 23|Canberra Raiders|Manly Sea Eagles,2015,Rd 23,23,6,166,2015-08-16,Canberra Raiders,Manly Sea Eagles,24,26,GIO,https://www.rugbyleagueproject.org/matches/30297
2015|Rd 23|Canterbury Bulldogs|Gold Coast Titans,2015,Rd 23,23,7,167,2015-08-16,Canterbury Bulldogs,Gold Coast Titans,36,14,Central Coast,https://www.rugbyleagueproject.org/matches/30294
2015|Rd 23|Cronulla Sharks|Melbourne Storm,2015,Rd 23,23,8,168,2015-08-17,Cronulla Sharks,Melbourne Storm,2,30,Remondis Stadium,https://www.rugbyleagueproject.org/matches/30299
2015|Rd 24|St. George Illawarra Dragons|Penrith Panthers,2015,Rd 24,24,1,169,2015-08-20,St. George Illawarra Dragons,Penrith Panthers,19,12,WIN,https://www.rugbyleagueproject.org/matches/30301
2015|Rd 24|South Sydney Rabbitohs|Canterbury Bulldogs,2015,Rd 24,24,2,170,2015-08-21,South Sydney Rabbitohs,Canterbury Bulldogs,18,32,ANZ,https://www.rugbyleagueproject.org/matches/30302
2015|Rd 24|Cronulla Sharks|Wests Tigers,2015,Rd 24,24,3,171,2015-08-22,Cronulla Sharks,Wests Tigers,40,18,Remondis Stadium,https://www.rugbyleagueproject.org/matches/30305
2015|Rd 24|New Zealand Warriors|NQ Cowboys,2015,Rd 24,24,4,172,2015-08-22,New Zealand Warriors,NQ Cowboys,16,50,Mt Smart,https://www.rugbyleagueproject.org/matches/30308
2015|Rd 24|Sydney Roosters|Brisbane Broncos,2015,Rd 24,24,5,173,2015-08-22,Sydney Roosters,Brisbane Broncos,12,10,Allianz,https://www.rugbyleagueproject.org/matches/30303
2015|Rd 24|Gold Coast Titans|Canberra Raiders,2015,Rd 24,24,6,174,2015-08-23,Gold Coast Titans,Canberra Raiders,28,12,Cbus Super,https://www.rugbyleagueproject.org/matches/30307
2015|Rd 24|Manly Sea Eagles|Parramatta Eels,2015,Rd 24,24,7,175,2015-08-23,Manly Sea Eagles,Parramatta Eels,16,20,Brookvale,https://www.rugbyleagueproject.org/matches/30304
2015|Rd 24|Melbourne Storm|Newcastle Knights,2015,Rd 24,24,8,176,2015-08-24,Melbourne Storm,Newcastle Knights,6,20,AAMI,https://www.rugbyleagueproject.org/matches/30306
2015|Rd 25|South Sydney Rabbitohs|Brisbane Broncos,2015,Rd 25,25,1,177,2015-08-27,South Sydney Rabbitohs,Brisbane Broncos,12,47,Allianz,https://www.rugbyleagueproject.org/matches/30311
2015|Rd 25|Manly Sea Eagles|Sydney Roosters,2015,Rd 25,25,2,178,2015-08-28,Manly Sea Eagles,Sydney Roosters,10,46,Brookvale,https://www.rugbyleagueproject.org/matches/30313
2015|Rd 25|Melbourne Storm|NQ Cowboys,2015,Rd 25,25,3,179,2015-08-29,Melbourne Storm,NQ Cowboys,14,6,AAMI,https://www.rugbyleagueproject.org/matches/30314
2015|Rd 25|Newcastle Knights|Canterbury Bulldogs,2015,Rd 25,25,4,180,2015-08-29,Newcastle Knights,Canterbury Bulldogs,18,20,Hunter,https://www.rugbyleagueproject.org/matches/30310
2015|Rd 25|Parramatta Eels|Cronulla Sharks,2015,Rd 25,25,5,181,2015-08-29,Parramatta Eels,Cronulla Sharks,28,35,Pirtek Stadium,https://www.rugbyleagueproject.org/matches/30309
2015|Rd 25|Gold Coast Titans|St. George Illawarra Dragons,2015,Rd 25,25,6,182,2015-08-30,Gold Coast Titans,St. George Illawarra Dragons,28,26,Cbus Super,https://www.rugbyleagueproject.org/matches/30316
2015|Rd 25|Wests Tigers|New Zealand Warriors,2015,Rd 25,25,7,183,2015-08-30,Wests Tigers,New Zealand Warriors,50,16,Campbelltown,https://www.rugbyleagueproject.org/matches/30315
2015|Rd 25|Canberra Raiders|Penrith Panthers,2015,Rd 25,25,8,184,2015-08-31,Canberra Raiders,Penrith Panthers,34,18,GIO,https://www.rugbyleagueproject.org/matches/30312
2015|Rd 26|Brisbane Broncos|Melbourne Storm,2015,Rd 26,26,1,185,2015-09-03,Brisbane Broncos,Melbourne Storm,8,15,Suncorp,https://www.rugbyleagueproject.org/matches/30317
2015|Rd 26|Sydney Roosters|South Sydney Rabbitohs,2015,Rd 26,26,2,186,2015-09-04,Sydney Roosters,South Sydney Rabbitohs,30,0,Allianz,https://www.rugbyleagueproject.org/matches/30323
2015|Rd 26|NQ Cowboys|Gold Coast Titans,2015,Rd 26,26,3,187,2015-09-05,NQ Cowboys,Gold Coast Titans,42,12,1300SMILES,https://www.rugbyleagueproject.org/matches/30319
2015|Rd 26|Penrith Panthers|Newcastle Knights,2015,Rd 26,26,4,188,2015-09-05,Penrith Panthers,Newcastle Knights,30,12,Pepper Stadium,https://www.rugbyleagueproject.org/matches/30322
2015|Rd 26|St. George Illawarra Dragons|Wests Tigers,2015,Rd 26,26,5,189,2015-09-05,St. George Illawarra Dragons,Wests Tigers,32,30,ANZ,https://www.rugbyleagueproject.org/matches/30320
2015|Rd 26|Canterbury Bulldogs|New Zealand Warriors,2015,Rd 26,26,6,190,2015-09-06,Canterbury Bulldogs,New Zealand Warriors,26,22,ANZ,https://www.rugbyleagueproject.org/matches/30318
2015|Rd 26|Cronulla Sharks|Manly Sea Eagles,2015,Rd 26,26,7,191,2015-09-06,Cronulla Sharks,Manly Sea Eagles,12,14,Remondis Stadium,https://www.rugbyleagueproject.org/matches/30324
2015|Rd 26|Parramatta Eels|Canberra Raiders,2015,Rd 26,26,8,192,2015-09-06,Parramatta Eels,Canberra Raiders,24,28,Pirtek Stadium,https://www.rugbyleagueproject.org/matches/30321
2015|Qualif Final|Sydney Roosters|Melbourne Storm,2015,Qualif Final,27,1,193,2015-09-11,Sydney Roosters,Melbourne Storm,18,20,Allianz,https://www.rugbyleagueproject.org/matches/30747
2015|Qualif Final|Brisbane Broncos|NQ Cowboys,2015,Qualif Final,27,2,194,2015-09-12,Brisbane Broncos,NQ Cowboys,16,12,Suncorp,https://www.rugbyleagueproject.org/matches/30745
2015|Qualif Final|Canterbury Bulldogs|St. George Illawarra Dragons,2015,Qualif Final,27,3,195,2015-09-12,Canterbury Bulldogs,St. George Illawarra Dragons,11,10,ANZ,https://www.rugbyleagueproject.org/matches/30746
2015|Qualif Final|Cronulla Sharks|South Sydney Rabbitohs,2015,Qualif Final,27,4,196,2015-09-13,Cronulla Sharks,South Sydney Rabbitohs,28,12,Allianz,https://www.rugbyleagueproject.org/matches/30744
2015|Semi Final|Sydney Roosters|Canterbury Bulldogs,2015,Semi Final,28,1,197,2015-09-18,Sydney Roosters,Canterbury Bulldogs,38,12,Allianz,https://www.rugbyleagueproject.org/matches/30749
2015|Semi Final|NQ Cowboys|Cronulla Sharks,2015,Semi Final,28,2,198,2015-09-19,NQ Cowboys,Cronulla Sharks,39,0,1300SMILES,https://www.rugbyleagueproject.org/matches/30748
2015|Prelim Final|Brisbane Broncos|Sydney Roosters,2015,Prelim Final,29,1,199,2015-09-25,Brisbane Broncos,Sydney Roosters,31,12,Suncorp,https://www.rugbyleagueproject.org/matches/30751
2015|Prelim Final|Melbourne Storm|NQ Cowboys,2015,Prelim Final,29,2,200,2015-09-26,Melbourne Storm,NQ Cowboys,12,32,AAMI,https://www.rugbyleagueproject.org/matches/30750
2015|Grand Final|Brisbane Broncos|NQ Cowboys,2015,Grand Final,30,1,201,2015-10-04,Brisbane Broncos,NQ Cowboys,16,17,ANZ,https://www.rugbyleagueproject.org/matches/30752
2016|Rd 1|Parramatta Eels|Brisbane Broncos,2016,Rd 1,1,1,1,2016-03-03,Parramatta Eels,Brisbane Broncos,4,17,Pirtek Stadium,https://www.rugbyleagueproject.org/matches/30926
2016|Rd 1|Manly Sea Eagles|Canterbury Bulldogs,2016,Rd 1,1,2,2,2016-03-04,Manly Sea Eagles,Canterbury Bulldogs,6,28,Brookvale,https://www.rugbyleagueproject.org/matches/30927
2016|Rd 1|Canberra Raiders|Penrith Panthers,2016,Rd 1,1,3,3,2016-03-05,Canberra Raiders,Penrith Panthers,30,22,GIO,https://www.rugbyleagueproject.org/matches/30928
2016|Rd 1|NQ Cowboys|Cronulla Sharks,2016,Rd 1,1,4,4,2016-03-05,NQ Cowboys,Cronulla Sharks,20,14,1300SMILES,https://www.rugbyleagueproject.org/matches/30930
2016|Rd 1|Wests Tigers|New Zealand Warriors,2016,Rd 1,1,5,5,2016-03-05,Wests Tigers,New Zealand Warriors,34,26,Campbelltown,https://www.rugbyleagueproject.org/matches/30929
2016|Rd 1|Gold Coast Titans|Newcastle Knights,2016,Rd 1,1,6,6,2016-03-06,Gold Coast Titans,Newcastle Knights,30,12,Cbus Super,https://www.rugbyleagueproject.org/matches/30932
2016|Rd 1|Sydney Roosters|South Sydney Rabbitohs,2016,Rd 1,1,7,7,2016-03-06,Sydney Roosters,South Sydney Rabbitohs,10,42,Allianz,https://www.rugbyleagueproject.org/matches/30931
2016|Rd 1|Melbourne Storm|St. George Illawarra Dragons,2016,Rd 1,1,8,8,2016-03-07,Melbourne Storm,St. George Illawarra Dragons,18,16,AAMI,https://www.rugbyleagueproject.org/matches/30933
2016|Rd 2|Penrith Panthers|Canterbury Bulldogs,2016,Rd 2,2,1,9,2016-03-10,Penrith Panthers,Canterbury Bulldogs,16,18,Pepper Stadium,https://www.rugbyleagueproject.org/matches/30934
2016|Rd 2|Brisbane Broncos|New Zealand Warriors,2016,Rd 2,2,2,10,2016-03-11,Brisbane Broncos,New Zealand Warriors,25,10,Suncorp,https://www.rugbyleagueproject.org/matches/30935
2016|Rd 2|Canberra Raiders|Sydney Roosters,2016,Rd 2,2,3,11,2016-03-12,Canberra Raiders,Sydney Roosters,21,20,GIO,https://www.rugbyleagueproject.org/matches/30936
2016|Rd 2|Parramatta Eels|NQ Cowboys,2016,Rd 2,2,4,12,2016-03-12,Parramatta Eels,NQ Cowboys,20,16,Pirtek Stadium,https://www.rugbyleagueproject.org/matches/30938
2016|Rd 2|South Sydney Rabbitohs|Newcastle Knights,2016,Rd 2,2,5,13,2016-03-12,South Sydney Rabbitohs,Newcastle Knights,48,6,ANZ,https://www.rugbyleagueproject.org/matches/30937
2016|Rd 2|Cronulla Sharks|St. George Illawarra Dragons,2016,Rd 2,2,6,14,2016-03-13,Cronulla Sharks,St. George Illawarra Dragons,30,2,Southern Cross,https://www.rugbyleagueproject.org/matches/30939
2016|Rd 2|Melbourne Storm|Gold Coast Titans,2016,Rd 2,2,7,15,2016-03-13,Melbourne Storm,Gold Coast Titans,34,16,AAMI,https://www.rugbyleagueproject.org/matches/30940
2016|Rd 2|Wests Tigers|Manly Sea Eagles,2016,Rd 2,2,8,16,2016-03-14,Wests Tigers,Manly Sea Eagles,36,22,Leichhardt,https://www.rugbyleagueproject.org/matches/30941
2016|Rd 3|NQ Cowboys|Sydney Roosters,2016,Rd 3,3,1,17,2016-03-17,NQ Cowboys,Sydney Roosters,40,0,1300SMILES,https://www.rugbyleagueproject.org/matches/30942
2016|Rd 3|Canterbury Bulldogs|Parramatta Eels,2016,Rd 3,3,2,18,2016-03-18,Canterbury Bulldogs,Parramatta Eels,6,20,ANZ,https://www.rugbyleagueproject.org/matches/30943
2016|Rd 3|Gold Coast Titans|Wests Tigers,2016,Rd 3,3,3,19,2016-03-19,Gold Coast Titans,Wests Tigers,30,18,Cbus Super,https://www.rugbyleagueproject.org/matches/30946
2016|Rd 3|Newcastle Knights|Canberra Raiders,2016,Rd 3,3,4,20,2016-03-19,Newcastle Knights,Canberra Raiders,24,24,Hunter,https://www.rugbyleagueproject.org/matches/30944
2016|Rd 3|Penrith Panthers|Brisbane Broncos,2016,Rd 3,3,5,21,2016-03-19,Penrith Panthers,Brisbane Broncos,23,22,Pepper Stadium,https://www.rugbyleagueproject.org/matches/30945
2016|Rd 3|New Zealand Warriors|Melbourne Storm,2016,Rd 3,3,6,22,2016-03-20,New Zealand Warriors,Melbourne Storm,14,21,Mt Smart,https://www.rugbyleagueproject.org/matches/30948
2016|Rd 3|St. George Illawarra Dragons|South Sydney Rabbitohs,2016,Rd 3,3,7,23,2016-03-20,St. George Illawarra Dragons,South Sydney Rabbitohs,8,6,SCG,https://www.rugbyleagueproject.org/matches/30949
2016|Rd 3|Manly Sea Eagles|Cronulla Sharks,2016,Rd 3,3,8,24,2016-03-21,Manly Sea Eagles,Cronulla Sharks,22,12,Brookvale,https://www.rugbyleagueproject.org/matches/30950
2016|Rd 4|Brisbane Broncos|NQ Cowboys,2016,Rd 4,4,1,25,2016-03-25,Brisbane Broncos,NQ Cowboys,21,20,Suncorp,https://www.rugbyleagueproject.org/matches/30957
2016|Rd 4|South Sydney Rabbitohs|Canterbury Bulldogs,2016,Rd 4,4,2,26,2016-03-25,South Sydney Rabbitohs,Canterbury Bulldogs,12,42,ANZ,https://www.rugbyleagueproject.org/matches/30958
2016|Rd 4|Canberra Raiders|Gold Coast Titans,2016,Rd 4,4,3,27,2016-03-26,Canberra Raiders,Gold Coast Titans,20,24,GIO,https://www.rugbyleagueproject.org/matches/30956
2016|Rd 4|Sydney Roosters|Manly Sea Eagles,2016,Rd 4,4,4,28,2016-03-26,Sydney Roosters,Manly Sea Eagles,20,22,Allianz,https://www.rugbyleagueproject.org/matches/30955
2016|Rd 4|St. George Illawarra Dragons|Penrith Panthers,2016,Rd 4,4,5,29,2016-03-27,St. George Illawarra Dragons,Penrith Panthers,14,12,WIN,https://www.rugbyleagueproject.org/matches/30954
2016|Rd 4|Cronulla Sharks|Melbourne Storm,2016,Rd 4,4,6,30,2016-03-28,Cronulla Sharks,Melbourne Storm,14,6,Southern Cross,https://www.rugbyleagueproject.org/matches/30951
2016|Rd 4|New Zealand Warriors|Newcastle Knights,2016,Rd 4,4,7,31,2016-03-28,New Zealand Warriors,Newcastle Knights,40,18,Mt Smart,https://www.rugbyleagueproject.org/matches/30953
2016|Rd 4|Wests Tigers|Parramatta Eels,2016,Rd 4,4,8,32,2016-03-28,Wests Tigers,Parramatta Eels,0,8,ANZ,https://www.rugbyleagueproject.org/matches/30952
2016|Rd 5|Manly Sea Eagles|South Sydney Rabbitohs,2016,Rd 5,5,1,33,2016-03-31,Manly Sea Eagles,South Sydney Rabbitohs,12,16,Brookvale,https://www.rugbyleagueproject.org/matches/30966
2016|Rd 5|Gold Coast Titans|Brisbane Broncos,2016,Rd 5,5,2,34,2016-04-01,Gold Coast Titans,Brisbane Broncos,16,24,Cbus Super,https://www.rugbyleagueproject.org/matches/30965
2016|Rd 5|Melbourne Storm|Newcastle Knights,2016,Rd 5,5,3,35,2016-04-02,Melbourne Storm,Newcastle Knights,18,14,AAMI,https://www.rugbyleagueproject.org/matches/30964
2016|Rd 5|NQ Cowboys|St. George Illawarra Dragons,2016,Rd 5,5,4,36,2016-04-02,NQ Cowboys,St. George Illawarra Dragons,36,0,1300SMILES,https://www.rugbyleagueproject.org/matches/30962
2016|Rd 5|Wests Tigers|Cronulla Sharks,2016,Rd 5,5,5,37,2016-04-02,Wests Tigers,Cronulla Sharks,26,34,Campbelltown,https://www.rugbyleagueproject.org/matches/30963
2016|Rd 5|Canterbury Bulldogs|Canberra Raiders,2016,Rd 5,5,6,38,2016-04-03,Canterbury Bulldogs,Canberra Raiders,8,22,Belmore,https://www.rugbyleagueproject.org/matches/30959
2016|Rd 5|Parramatta Eels|Penrith Panthers,2016,Rd 5,5,7,39,2016-04-03,Parramatta Eels,Penrith Panthers,18,20,Pirtek Stadium,https://www.rugbyleagueproject.org/matches/30960
2016|Rd 5|Sydney Roosters|New Zealand Warriors,2016,Rd 5,5,8,40,2016-04-03,Sydney Roosters,New Zealand Warriors,28,32,Central Coast,https://www.rugbyleagueproject.org/matches/30961
2016|Rd 6|Brisbane Broncos|St. George Illawarra Dragons,2016,Rd 6,6,1,41,2016-04-07,Brisbane Broncos,St. George Illawarra Dragons,26,0,Suncorp,https://www.rugbyleagueproject.org/matches/30967
2016|Rd 6|South Sydney Rabbitohs|Sydney Roosters,2016,Rd 6,6,2,42,2016-04-08,South Sydney Rabbitohs,Sydney Roosters,10,17,ANZ,https://www.rugbyleagueproject.org/matches/30968
2016|Rd 6|New Zealand Warriors|Manly Sea Eagles,2016,Rd 6,6,3,43,2016-04-09,New Zealand Warriors,Manly Sea Eagles,18,34,Mt Smart,https://www.rugbyleagueproject.org/matches/30970
2016|Rd 6|Parramatta Eels|Canberra Raiders,2016,Rd 6,6,4,44,2016-04-09,Parramatta Eels,Canberra Raiders,36,6,Pirtek Stadium,https://www.rugbyleagueproject.org/matches/30969
2016|Rd 6|Penrith Panthers|NQ Cowboys,2016,Rd 6,6,5,45,2016-04-09,Penrith Panthers,NQ Cowboys,18,23,Pepper Stadium,https://www.rugbyleagueproject.org/matches/30971
2016|Rd 6|Cronulla Sharks|Gold Coast Titans,2016,Rd 6,6,6,46,2016-04-10,Cronulla Sharks,Gold Coast Titans,25,20,Southern Cross,https://www.rugbyleagueproject.org/matches/30972
2016|Rd 6|Newcastle Knights|Wests Tigers,2016,Rd 6,6,7,47,2016-04-10,Newcastle Knights,Wests Tigers,18,16,Hunter,https://www.rugbyleagueproject.org/matches/30973
2016|Rd 6|Melbourne Storm|Canterbury Bulldogs,2016,Rd 6,6,8,48,2016-04-11,Melbourne Storm,Canterbury Bulldogs,12,18,AAMI,https://www.rugbyleagueproject.org/matches/30974
2016|Rd 7|Manly Sea Eagles|Parramatta Eels,2016,Rd 7,7,1,49,2016-04-14,Manly Sea Eagles,Parramatta Eels,10,22,Brookvale,https://www.rugbyleagueproject.org/matches/30998
2016|Rd 7|NQ Cowboys|South Sydney Rabbitohs,2016,Rd 7,7,2,50,2016-04-15,NQ Cowboys,South Sydney Rabbitohs,44,18,1300SMILES,https://www.rugbyleagueproject.org/matches/30999
2016|Rd 7|Brisbane Broncos|Newcastle Knights,2016,Rd 7,7,3,51,2016-04-16,Brisbane Broncos,Newcastle Knights,53,0,Suncorp,https://www.rugbyleagueproject.org/matches/31002
2016|Rd 7|Canterbury Bulldogs|New Zealand Warriors,2016,Rd 7,7,4,52,2016-04-16,Canterbury Bulldogs,New Zealand Warriors,20,24,Westpac,https://www.rugbyleagueproject.org/matches/31001
2016|Rd 7|Gold Coast Titans|St. George Illawarra Dragons,2016,Rd 7,7,5,53,2016-04-16,Gold Coast Titans,St. George Illawarra Dragons,14,19,Cbus Super,https://www.rugbyleagueproject.org/matches/31000
2016|Rd 7|Canberra Raiders|Cronulla Sharks,2016,Rd 7,7,6,54,2016-04-17,Canberra Raiders,Cronulla Sharks,16,40,GIO,https://www.rugbyleagueproject.org/matches/31003
2016|Rd 7|Wests Tigers|Melbourne Storm,2016,Rd 7,7,7,55,2016-04-17,Wests Tigers,Melbourne Storm,18,19,Leichhardt,https://www.rugbyleagueproject.org/matches/31004
2016|Rd 7|Sydney Roosters|Penrith Panthers,2016,Rd 7,7,8,56,2016-04-18,Sydney Roosters,Penrith Panthers,16,20,Allianz,https://www.rugbyleagueproject.org/matches/31005
2016|Rd 8|Brisbane Broncos|South Sydney Rabbitohs,2016,Rd 8,8,1,57,2016-04-22,Brisbane Broncos,South Sydney Rabbitohs,30,8,Suncorp,https://www.rugbyleagueproject.org/matches/31006
2016|Rd 8|Canberra Raiders|Wests Tigers,2016,Rd 8,8,2,58,2016-04-23,Canberra Raiders,Wests Tigers,60,6,GIO,https://www.rugbyleagueproject.org/matches/31008
2016|Rd 8|Canterbury Bulldogs|Gold Coast Titans,2016,Rd 8,8,3,59,2016-04-23,Canterbury Bulldogs,Gold Coast Titans,21,20,ANZ,https://www.rugbyleagueproject.org/matches/31007
2016|Rd 8|NQ Cowboys|Parramatta Eels,2016,Rd 8,8,4,60,2016-04-23,NQ Cowboys,Parramatta Eels,32,16,1300SMILES,https://www.rugbyleagueproject.org/matches/31009
2016|Rd 8|Cronulla Sharks|Penrith Panthers,2016,Rd 8,8,5,61,2016-04-24,Cronulla Sharks,Penrith Panthers,20,18,Southern Cross,https://www.rugbyleagueproject.org/matches/31010
2016|Rd 8|Melbourne Storm|New Zealand Warriors,2016,Rd 8,8,6,62,2016-04-25,Melbourne Storm,New Zealand Warriors,42,0,AAMI,https://www.rugbyleagueproject.org/matches/31013
2016|Rd 8|Newcastle Knights|Manly Sea Eagles,2016,Rd 8,8,7,63,2016-04-25,Newcastle Knights,Manly Sea Eagles,10,26,Hunter,https://www.rugbyleagueproject.org/matches/31011
2016|Rd 8|St. George Illawarra Dragons|Sydney Roosters,2016,Rd 8,8,8,64,2016-04-25,St. George Illawarra Dragons,Sydney Roosters,20,18,Allianz,https://www.rugbyleagueproject.org/matches/31012
2016|Rd 9|South Sydney Rabbitohs|Wests Tigers,2016,Rd 9,9,1,65,2016-04-28,South Sydney Rabbitohs,Wests Tigers,22,30,ANZ,https://www.rugbyleagueproject.org/matches/31026
2016|Rd 9|Parramatta Eels|Canterbury Bulldogs,2016,Rd 9,9,2,66,2016-04-29,Parramatta Eels,Canterbury Bulldogs,20,12,ANZ,https://www.rugbyleagueproject.org/matches/31027
2016|Rd 9|Manly Sea Eagles|NQ Cowboys,2016,Rd 9,9,3,67,2016-04-30,Manly Sea Eagles,NQ Cowboys,18,34,Brookvale,https://www.rugbyleagueproject.org/matches/31030
2016|Rd 9|Penrith Panthers|Canberra Raiders,2016,Rd 9,9,4,68,2016-04-30,Penrith Panthers,Canberra Raiders,19,18,Carrington,https://www.rugbyleagueproject.org/matches/31028
2016|Rd 9|Sydney Roosters|Newcastle Knights,2016,Rd 9,9,5,69,2016-04-30,Sydney Roosters,Newcastle Knights,38,0,Allianz,https://www.rugbyleagueproject.org/matches/31029
2016|Rd 9|Cronulla Sharks|Brisbane Broncos,2016,Rd 9,9,6,70,2016-05-01,Cronulla Sharks,Brisbane Broncos,30,28,Southern Cross,https://www.rugbyleagueproject.org/matches/31033
2016|Rd 9|Gold Coast Titans|Melbourne Storm,2016,Rd 9,9,7,71,2016-05-01,Gold Coast Titans,Melbourne Storm,0,38,Cbus Super,https://www.rugbyleagueproject.org/matches/31032
2016|Rd 9|New Zealand Warriors|St. George Illawarra Dragons,2016,Rd 9,9,8,72,2016-05-01,New Zealand Warriors,St. George Illawarra Dragons,26,10,Mt Smart,https://www.rugbyleagueproject.org/matches/31031
2016|Rd 10|St. George Illawarra Dragons|Canberra Raiders,2016,Rd 10,10,1,73,2016-05-12,St. George Illawarra Dragons,Canberra Raiders,16,12,WIN Jubilee,https://www.rugbyleagueproject.org/matches/31041
2016|Rd 10|Parramatta Eels|South Sydney Rabbitohs,2016,Rd 10,10,2,74,2016-05-13,Parramatta Eels,South Sydney Rabbitohs,20,22,Pirtek Stadium,https://www.rugbyleagueproject.org/matches/31040
2016|Rd 10|Manly Sea Eagles|Brisbane Broncos,2016,Rd 10,10,3,75,2016-05-14,Manly Sea Eagles,Brisbane Broncos,6,30,Suncorp,https://www.rugbyleagueproject.org/matches/31037
2016|Rd 10|Melbourne Storm|NQ Cowboys,2016,Rd 10,10,4,76,2016-05-14,Melbourne Storm,NQ Cowboys,15,14,Suncorp,https://www.rugbyleagueproject.org/matches/31038
2016|Rd 10|Penrith Panthers|New Zealand Warriors,2016,Rd 10,10,5,77,2016-05-14,Penrith Panthers,New Zealand Warriors,30,18,RL Park,https://www.rugbyleagueproject.org/matches/31039
2016|Rd 10|Newcastle Knights|Cronulla Sharks,2016,Rd 10,10,6,78,2016-05-15,Newcastle Knights,Cronulla Sharks,0,62,Hunter,https://www.rugbyleagueproject.org/matches/31036
2016|Rd 10|Wests Tigers|Canterbury Bulldogs,2016,Rd 10,10,7,79,2016-05-15,Wests Tigers,Canterbury Bulldogs,4,36,ANZ,https://www.rugbyleagueproject.org/matches/31035
2016|Rd 10|Gold Coast Titans|Sydney Roosters,2016,Rd 10,10,8,80,2016-05-16,Gold Coast Titans,Sydney Roosters,26,6,Cbus Super,https://www.rugbyleagueproject.org/matches/31034
2016|Rd 11|South Sydney Rabbitohs|St. George Illawarra Dragons,2016,Rd 11,11,1,81,2016-05-19,South Sydney Rabbitohs,St. George Illawarra Dragons,34,24,ANZ,https://www.rugbyleagueproject.org/matches/31042
2016|Rd 11|NQ Cowboys|Brisbane Broncos,2016,Rd 11,11,2,82,2016-05-20,NQ Cowboys,Brisbane Broncos,19,18,1300SMILES,https://www.rugbyleagueproject.org/matches/31043
2016|Rd 11|Cronulla Sharks|Manly Sea Eagles,2016,Rd 11,11,3,83,2016-05-21,Cronulla Sharks,Manly Sea Eagles,20,12,Southern Cross,https://www.rugbyleagueproject.org/matches/31046
2016|Rd 11|New Zealand Warriors|Canberra Raiders,2016,Rd 11,11,4,84,2016-05-21,New Zealand Warriors,Canberra Raiders,12,38,Yarrow Stadium,https://www.rugbyleagueproject.org/matches/31045
2016|Rd 11|Wests Tigers|Newcastle Knights,2016,Rd 11,11,5,85,2016-05-21,Wests Tigers,Newcastle Knights,20,12,Campbelltown,https://www.rugbyleagueproject.org/matches/31044
2016|Rd 11|Canterbury Bulldogs|Sydney Roosters,2016,Rd 11,11,6,86,2016-05-22,Canterbury Bulldogs,Sydney Roosters,32,20,ANZ,https://www.rugbyleagueproject.org/matches/31049
2016|Rd 11|Penrith Panthers|Gold Coast Titans,2016,Rd 11,11,7,87,2016-05-22,Penrith Panthers,Gold Coast Titans,24,28,Pepper Stadium,https://www.rugbyleagueproject.org/matches/31048
2016|Rd 11|Parramatta Eels|Melbourne Storm,2016,Rd 11,11,8,88,2016-05-23,Parramatta Eels,Melbourne Storm,6,18,Pirtek Stadium,https://www.rugbyleagueproject.org/matches/31047
2016|Rd 12|Brisbane Broncos|Wests Tigers,2016,Rd 12,12,1,89,2016-05-27,Brisbane Broncos,Wests Tigers,18,19,Suncorp,https://www.rugbyleagueproject.org/matches/31066
2016|Rd 12|St. George Illawarra Dragons|NQ Cowboys,2016,Rd 12,12,2,90,2016-05-28,St. George Illawarra Dragons,NQ Cowboys,14,10,WIN,https://www.rugbyleagueproject.org/matches/31067
2016|Rd 12|Canberra Raiders|Canterbury Bulldogs,2016,Rd 12,12,3,91,2016-05-29,Canberra Raiders,Canterbury Bulldogs,32,20,GIO,https://www.rugbyleagueproject.org/matches/31068
2016|Rd 12|Newcastle Knights|Parramatta Eels,2016,Rd 12,12,4,92,2016-05-30,Newcastle Knights,Parramatta Eels,18,20,Hunter,https://www.rugbyleagueproject.org/matches/31069
2016|Rd 13|Canberra Raiders|Manly Sea Eagles,2016,Rd 13,13,1,93,2016-06-03,Canberra Raiders,Manly Sea Eagles,30,18,GIO,https://www.rugbyleagueproject.org/matches/31072
2016|Rd 13|Melbourne Storm|Penrith Panthers,2016,Rd 13,13,2,94,2016-06-04,Melbourne Storm,Penrith Panthers,24,6,AAMI,https://www.rugbyleagueproject.org/matches/31075
2016|Rd 13|NQ Cowboys|Newcastle Knights,2016,Rd 13,13,3,95,2016-06-04,NQ Cowboys,Newcastle Knights,46,16,1300SMILES,https://www.rugbyleagueproject.org/matches/31074
2016|Rd 13|New Zealand Warriors|Brisbane Broncos,2016,Rd 13,13,4,96,2016-06-04,New Zealand Warriors,Brisbane Broncos,36,18,Mt Smart,https://www.rugbyleagueproject.org/matches/31073
2016|Rd 13|South Sydney Rabbitohs|Gold Coast Titans,2016,Rd 13,13,5,97,2016-06-05,South Sydney Rabbitohs,Gold Coast Titans,28,29,nib Stadium,https://www.rugbyleagueproject.org/matches/31071
2016|Rd 13|Sydney Roosters|Wests Tigers,2016,Rd 13,13,6,98,2016-06-05,Sydney Roosters,Wests Tigers,32,18,Allianz,https://www.rugbyleagueproject.org/matches/31076
2016|Rd 13|Canterbury Bulldogs|Cronulla Sharks,2016,Rd 13,13,7,99,2016-06-06,Canterbury Bulldogs,Cronulla Sharks,18,20,ANZ,https://www.rugbyleagueproject.org/matches/31077
2016|Rd 14|Brisbane Broncos|Canberra Raiders,2016,Rd 14,14,1,100,2016-06-09,Brisbane Broncos,Canberra Raiders,26,18,Suncorp,https://www.rugbyleagueproject.org/matches/31078
2016|Rd 14|Wests Tigers|South Sydney Rabbitohs,2016,Rd 14,14,2,101,2016-06-10,Wests Tigers,South Sydney Rabbitohs,30,14,ANZ,https://www.rugbyleagueproject.org/matches/31079
2016|Rd 14|Newcastle Knights|New Zealand Warriors,2016,Rd 14,14,3,102,2016-06-11,Newcastle Knights,New Zealand Warriors,14,50,Hunter,https://www.rugbyleagueproject.org/matches/31080
2016|Rd 14|Parramatta Eels|Gold Coast Titans,2016,Rd 14,14,4,103,2016-06-11,Parramatta Eels,Gold Coast Titans,22,12,TIO,https://www.rugbyleagueproject.org/matches/31081
2016|Rd 14|Sydney Roosters|Melbourne Storm,2016,Rd 14,14,5,104,2016-06-11,Sydney Roosters,Melbourne Storm,0,46,Allianz,https://www.rugbyleagueproject.org/matches/31082
2016|Rd 14|Manly Sea Eagles|Penrith Panthers,2016,Rd 14,14,6,105,2016-06-12,Manly Sea Eagles,Penrith Panthers,24,31,Brookvale,https://www.rugbyleagueproject.org/matches/31083
2016|Rd 14|Cronulla Sharks|NQ Cowboys,2016,Rd 14,14,7,106,2016-06-13,Cronulla Sharks,NQ Cowboys,13,10,Southern Cross,https://www.rugbyleagueproject.org/matches/31085
2016|Rd 14|St. George Illawarra Dragons|Canterbury Bulldogs,2016,Rd 14,14,8,107,2016-06-13,St. George Illawarra Dragons,Canterbury Bulldogs,16,34,ANZ,https://www.rugbyleagueproject.org/matches/31084
2016|Rd 15|South Sydney Rabbitohs|Parramatta Eels,2016,Rd 15,15,1,108,2016-06-17,South Sydney Rabbitohs,Parramatta Eels,12,30,ANZ,https://www.rugbyleagueproject.org/matches/31086
2016|Rd 15|St. George Illawarra Dragons|Melbourne Storm,2016,Rd 15,15,2,109,2016-06-18,St. George Illawarra Dragons,Melbourne Storm,20,10,WIN,https://www.rugbyleagueproject.org/matches/31087
2016|Rd 15|New Zealand Warriors|Sydney Roosters,2016,Rd 15,15,3,110,2016-06-19,New Zealand Warriors,Sydney Roosters,12,10,Mt Smart,https://www.rugbyleagueproject.org/matches/31088
2016|Rd 15|Gold Coast Titans|Manly Sea Eagles,2016,Rd 15,15,4,111,2016-06-20,Gold Coast Titans,Manly Sea Eagles,30,10,Cbus Super,https://www.rugbyleagueproject.org/matches/31089
2016|Rd 16|Penrith Panthers|South Sydney Rabbitohs,2016,Rd 16,16,1,112,2016-06-24,Penrith Panthers,South Sydney Rabbitohs,28,26,Pepper Stadium,https://www.rugbyleagueproject.org/matches/31091
2016|Rd 16|Canterbury Bulldogs|Brisbane Broncos,2016,Rd 16,16,2,113,2016-06-25,Canterbury Bulldogs,Brisbane Broncos,40,14,ANZ,https://www.rugbyleagueproject.org/matches/31094
2016|Rd 16|Cronulla Sharks|New Zealand Warriors,2016,Rd 16,16,3,114,2016-06-25,Cronulla Sharks,New Zealand Warriors,19,18,Southern Cross,https://www.rugbyleagueproject.org/matches/31093
2016|Rd 16|Newcastle Knights|St. George Illawarra Dragons,2016,Rd 16,16,4,115,2016-06-25,Newcastle Knights,St. George Illawarra Dragons,18,30,Hunter,https://www.rugbyleagueproject.org/matches/31092
2016|Rd 16|Gold Coast Titans|Canberra Raiders,2016,Rd 16,16,5,116,2016-06-26,Gold Coast Titans,Canberra Raiders,22,30,Cbus Super,https://www.rugbyleagueproject.org/matches/31095
2016|Rd 16|Melbourne Storm|Wests Tigers,2016,Rd 16,16,6,117,2016-06-26,Melbourne Storm,Wests Tigers,29,20,AAMI,https://www.rugbyleagueproject.org/matches/31096
2016|Rd 16|NQ Cowboys|Manly Sea Eagles,2016,Rd 16,16,7,118,2016-06-27,NQ Cowboys,Manly Sea Eagles,30,26,1300SMILES,https://www.rugbyleagueproject.org/matches/31097
2016|Rd 17|Sydney Roosters|Canterbury Bulldogs,2016,Rd 17,17,1,119,2016-06-30,Sydney Roosters,Canterbury Bulldogs,20,24,Allianz,https://www.rugbyleagueproject.org/matches/31098
2016|Rd 17|Brisbane Broncos|Melbourne Storm,2016,Rd 17,17,2,120,2016-07-01,Brisbane Broncos,Melbourne Storm,6,48,Suncorp,https://www.rugbyleagueproject.org/matches/31099
2016|Rd 17|Cronulla Sharks|Parramatta Eels,2016,Rd 17,17,3,121,2016-07-02,Cronulla Sharks,Parramatta Eels,34,24,Southern Cross,https://www.rugbyleagueproject.org/matches/31102
2016|Rd 17|New Zealand Warriors|Gold Coast Titans,2016,Rd 17,17,4,122,2016-07-02,New Zealand Warriors,Gold Coast Titans,27,18,Mt Smart,https://www.rugbyleagueproject.org/matches/31100
2016|Rd 17|Wests Tigers|Penrith Panthers,2016,Rd 17,17,5,123,2016-07-02,Wests Tigers,Penrith Panthers,34,26,ANZ,https://www.rugbyleagueproject.org/matches/31101
2016|Rd 17|Canberra Raiders|Newcastle Knights,2016,Rd 17,17,6,124,2016-07-03,Canberra Raiders,Newcastle Knights,29,25,GIO,https://www.rugbyleagueproject.org/matches/31103
2016|Rd 17|South Sydney Rabbitohs|NQ Cowboys,2016,Rd 17,17,7,125,2016-07-03,South Sydney Rabbitohs,NQ Cowboys,0,20,Barlow Park,https://www.rugbyleagueproject.org/matches/31104
2016|Rd 17|Manly Sea Eagles|St. George Illawarra Dragons,2016,Rd 17,17,8,126,2016-07-04,Manly Sea Eagles,St. George Illawarra Dragons,36,6,Brookvale,https://www.rugbyleagueproject.org/matches/31105
2016|Rd 18|Parramatta Eels|Sydney Roosters,2016,Rd 18,18,1,127,2016-07-08,Parramatta Eels,Sydney Roosters,22,18,Pirtek Stadium,https://www.rugbyleagueproject.org/matches/31142
2016|Rd 18|Canterbury Bulldogs|Wests Tigers,2016,Rd 18,18,2,128,2016-07-09,Canterbury Bulldogs,Wests Tigers,32,22,ANZ,https://www.rugbyleagueproject.org/matches/31143
2016|Rd 18|Penrith Panthers|Cronulla Sharks,2016,Rd 18,18,3,129,2016-07-10,Penrith Panthers,Cronulla Sharks,10,26,Pepper Stadium,https://www.rugbyleagueproject.org/matches/31144
2016|Rd 18|Canberra Raiders|NQ Cowboys,2016,Rd 18,18,4,130,2016-07-11,Canberra Raiders,NQ Cowboys,26,12,GIO,https://www.rugbyleagueproject.org/matches/31145
2016|Rd 19|St. George Illawarra Dragons|Gold Coast Titans,2016,Rd 19,19,1,131,2016-07-15,St. George Illawarra Dragons,Gold Coast Titans,12,32,WIN Jubilee,https://www.rugbyleagueproject.org/matches/31153
2016|Rd 19|Manly Sea Eagles|New Zealand Warriors,2016,Rd 19,19,2,132,2016-07-16,Manly Sea Eagles,New Zealand Warriors,15,14,nib Stadium,https://www.rugbyleagueproject.org/matches/31154
2016|Rd 19|South Sydney Rabbitohs|Brisbane Broncos,2016,Rd 19,19,3,133,2016-07-16,South Sydney Rabbitohs,Brisbane Broncos,10,30,ANZ,https://www.rugbyleagueproject.org/matches/31155
2016|Rd 19|Newcastle Knights|Melbourne Storm,2016,Rd 19,19,4,134,2016-07-17,Newcastle Knights,Melbourne Storm,16,20,Hunter,https://www.rugbyleagueproject.org/matches/31156
2016|Rd 19|Penrith Panthers|Parramatta Eels,2016,Rd 19,19,5,135,2016-07-17,Penrith Panthers,Parramatta Eels,22,18,Pepper Stadium,https://www.rugbyleagueproject.org/matches/31157
2016|Rd 19|Sydney Roosters|Cronulla Sharks,2016,Rd 19,19,6,136,2016-07-18,Sydney Roosters,Cronulla Sharks,20,32,Allianz,https://www.rugbyleagueproject.org/matches/31158
2016|Rd 20|NQ Cowboys|Canterbury Bulldogs,2016,Rd 20,20,1,137,2016-07-21,NQ Cowboys,Canterbury Bulldogs,36,0,1300SMILES,https://www.rugbyleagueproject.org/matches/31165
2016|Rd 20|Brisbane Broncos|Penrith Panthers,2016,Rd 20,20,2,138,2016-07-22,Brisbane Broncos,Penrith Panthers,12,31,Suncorp,https://www.rugbyleagueproject.org/matches/31166
2016|Rd 20|Canberra Raiders|New Zealand Warriors,2016,Rd 20,20,3,139,2016-07-23,Canberra Raiders,New Zealand Warriors,26,22,GIO,https://www.rugbyleagueproject.org/matches/31167
2016|Rd 20|Gold Coast Titans|Parramatta Eels,2016,Rd 20,20,4,140,2016-07-23,Gold Coast Titans,Parramatta Eels,34,14,Cbus Super,https://www.rugbyleagueproject.org/matches/31168
2016|Rd 20|Melbourne Storm|Sydney Roosters,2016,Rd 20,20,5,141,2016-07-23,Melbourne Storm,Sydney Roosters,26,10,AAMI,https://www.rugbyleagueproject.org/matches/31169
2016|Rd 20|Cronulla Sharks|Newcastle Knights,2016,Rd 20,20,6,142,2016-07-24,Cronulla Sharks,Newcastle Knights,36,4,Southern Cross,https://www.rugbyleagueproject.org/matches/31170
2016|Rd 20|St. George Illawarra Dragons|Wests Tigers,2016,Rd 20,20,7,143,2016-07-24,St. George Illawarra Dragons,Wests Tigers,12,25,ANZ,https://www.rugbyleagueproject.org/matches/31171
2016|Rd 20|South Sydney Rabbitohs|Manly Sea Eagles,2016,Rd 20,20,8,144,2016-07-25,South Sydney Rabbitohs,Manly Sea Eagles,12,20,Allianz,https://www.rugbyleagueproject.org/matches/31172
2016|Rd 21|Sydney Roosters|Brisbane Broncos,2016,Rd 21,21,1,145,2016-07-28,Sydney Roosters,Brisbane Broncos,32,16,Allianz,https://www.rugbyleagueproject.org/matches/31173
2016|Rd 21|Canterbury Bulldogs|St. George Illawarra Dragons,2016,Rd 21,21,2,146,2016-07-29,Canterbury Bulldogs,St. George Illawarra Dragons,13,10,ANZ,https://www.rugbyleagueproject.org/matches/31174
2016|Rd 21|NQ Cowboys|Melbourne Storm,2016,Rd 21,21,3,147,2016-07-30,NQ Cowboys,Melbourne Storm,8,16,1300SMILES,https://www.rugbyleagueproject.org/matches/31177
2016|Rd 21|New Zealand Warriors|Penrith Panthers,2016,Rd 21,21,4,148,2016-07-30,New Zealand Warriors,Penrith Panthers,20,16,Mt Smart,https://www.rugbyleagueproject.org/matches/31175
2016|Rd 21|Parramatta Eels|Wests Tigers,2016,Rd 21,21,5,149,2016-07-30,Parramatta Eels,Wests Tigers,8,23,ANZ,https://www.rugbyleagueproject.org/matches/31176
2016|Rd 21|Manly Sea Eagles|Newcastle Knights,2016,Rd 21,21,6,150,2016-07-31,Manly Sea Eagles,Newcastle Knights,36,16,Brookvale,https://www.rugbyleagueproject.org/matches/31179
2016|Rd 21|South Sydney Rabbitohs|Canberra Raiders,2016,Rd 21,21,7,151,2016-07-31,South Sydney Rabbitohs,Canberra Raiders,4,54,ANZ,https://www.rugbyleagueproject.org/matches/31178
2016|Rd 21|Gold Coast Titans|Cronulla Sharks,2016,Rd 21,21,8,152,2016-08-01,Gold Coast Titans,Cronulla Sharks,18,18,Cbus Super,https://www.rugbyleagueproject.org/matches/31180
2016|Rd 22|St. George Illawarra Dragons|Brisbane Broncos,2016,Rd 22,22,1,153,2016-08-04,St. George Illawarra Dragons,Brisbane Broncos,8,12,WIN,https://www.rugbyleagueproject.org/matches/31181
2016|Rd 22|Parramatta Eels|Manly Sea Eagles,2016,Rd 22,22,2,154,2016-08-05,Parramatta Eels,Manly Sea Eagles,10,9,Pirtek Stadium,https://www.rugbyleagueproject.org/matches/31182
2016|Rd 22|Cronulla Sharks|Canberra Raiders,2016,Rd 22,22,3,155,2016-08-06,Cronulla Sharks,Canberra Raiders,14,30,Southern Cross,https://www.rugbyleagueproject.org/matches/31184
2016|Rd 22|Melbourne Storm|South Sydney Rabbitohs,2016,Rd 22,22,4,156,2016-08-06,Melbourne Storm,South Sydney Rabbitohs,15,14,AAMI,https://www.rugbyleagueproject.org/matches/31185
2016|Rd 22|Newcastle Knights|Canterbury Bulldogs,2016,Rd 22,22,5,157,2016-08-06,Newcastle Knights,Canterbury Bulldogs,14,28,Hunter,https://www.rugbyleagueproject.org/matches/31183
2016|Rd 22|Gold Coast Titans|New Zealand Warriors,2016,Rd 22,22,6,158,2016-08-07,Gold Coast Titans,New Zealand Warriors,14,24,Cbus Super,https://www.rugbyleagueproject.org/matches/31186
2016|Rd 22|Wests Tigers|NQ Cowboys,2016,Rd 22,22,7,159,2016-08-07,Wests Tigers,NQ Cowboys,26,14,Leichhardt,https://www.rugbyleagueproject.org/matches/31187
2016|Rd 22|Penrith Panthers|Sydney Roosters,2016,Rd 22,22,8,160,2016-08-08,Penrith Panthers,Sydney Roosters,38,18,Pepper Stadium,https://www.rugbyleagueproject.org/matches/31188
2016|Rd 23|Canterbury Bulldogs|Manly Sea Eagles,2016,Rd 23,23,1,161,2016-08-11,Canterbury Bulldogs,Manly Sea Eagles,20,16,ANZ,https://www.rugbyleagueproject.org/matches/31189
2016|Rd 23|Brisbane Broncos|Parramatta Eels,2016,Rd 23,23,2,162,2016-08-12,Brisbane Broncos,Parramatta Eels,38,16,Suncorp,https://www.rugbyleagueproject.org/matches/31190
2016|Rd 23|New Zealand Warriors|South Sydney Rabbitohs,2016,Rd 23,23,3,163,2016-08-13,New Zealand Warriors,South Sydney Rabbitohs,22,41,Mt Smart,https://www.rugbyleagueproject.org/matches/31192
2016|Rd 23|St. George Illawarra Dragons|Cronulla Sharks,2016,Rd 23,23,4,164,2016-08-13,St. George Illawarra Dragons,Cronulla Sharks,32,18,WIN Jubilee,https://www.rugbyleagueproject.org/matches/31193
2016|Rd 23|Wests Tigers|Gold Coast Titans,2016,Rd 23,23,5,165,2016-08-13,Wests Tigers,Gold Coast Titans,18,19,Campbelltown,https://www.rugbyleagueproject.org/matches/31191
2016|Rd 23|Newcastle Knights|Penrith Panthers,2016,Rd 23,23,6,166,2016-08-14,Newcastle Knights,Penrith Panthers,6,42,Hunter,https://www.rugbyleagueproject.org/matches/31194
2016|Rd 23|Sydney Roosters|NQ Cowboys,2016,Rd 23,23,7,167,2016-08-14,Sydney Roosters,NQ Cowboys,22,10,Allianz,https://www.rugbyleagueproject.org/matches/31195
2016|Rd 23|Canberra Raiders|Melbourne Storm,2016,Rd 23,23,8,168,2016-08-15,Canberra Raiders,Melbourne Storm,22,8,GIO,https://www.rugbyleagueproject.org/matches/31196
2016|Rd 24|Brisbane Broncos|Canterbury Bulldogs,2016,Rd 24,24,1,169,2016-08-18,Brisbane Broncos,Canterbury Bulldogs,20,10,Suncorp,https://www.rugbyleagueproject.org/matches/31197
2016|Rd 24|Penrith Panthers|Wests Tigers,2016,Rd 24,24,2,170,2016-08-19,Penrith Panthers,Wests Tigers,40,10,Pepper Stadium,https://www.rugbyleagueproject.org/matches/31198
2016|Rd 24|Manly Sea Eagles|Melbourne Storm,2016,Rd 24,24,3,171,2016-08-20,Manly Sea Eagles,Melbourne Storm,18,38,Brookvale,https://www.rugbyleagueproject.org/matches/31200
2016|Rd 24|NQ Cowboys|New Zealand Warriors,2016,Rd 24,24,4,172,2016-08-20,NQ Cowboys,New Zealand Warriors,34,6,1300SMILES,https://www.rugbyleagueproject.org/matches/31201
2016|Rd 24|Newcastle Knights|Gold Coast Titans,2016,Rd 24,24,5,173,2016-08-20,Newcastle Knights,Gold Coast Titans,6,26,Hunter,https://www.rugbyleagueproject.org/matches/31199
2016|Rd 24|Canberra Raiders|Parramatta Eels,2016,Rd 24,24,6,174,2016-08-21,Canberra Raiders,Parramatta Eels,28,18,GIO,https://www.rugbyleagueproject.org/matches/31202
2016|Rd 24|Sydney Roosters|St. George Illawarra Dragons,2016,Rd 24,24,7,175,2016-08-21,Sydney Roosters,St. George Illawarra Dragons,42,6,Allianz,https://www.rugbyleagueproject.org/matches/31203
2016|Rd 24|South Sydney Rabbitohs|Cronulla Sharks,2016,Rd 24,24,8,176,2016-08-22,South Sydney Rabbitohs,Cronulla Sharks,12,6,ANZ,https://www.rugbyleagueproject.org/matches/31204
2016|Rd 25|Canterbury Bulldogs|NQ Cowboys,2016,Rd 25,25,1,177,2016-08-25,Canterbury Bulldogs,NQ Cowboys,16,24,Belmore,https://www.rugbyleagueproject.org/matches/31205
2016|Rd 25|Melbourne Storm|Brisbane Broncos,2016,Rd 25,25,2,178,2016-08-26,Melbourne Storm,Brisbane Broncos,16,26,AAMI,https://www.rugbyleagueproject.org/matches/31206
2016|Rd 25|Cronulla Sharks|Sydney Roosters,2016,Rd 25,25,3,179,2016-08-27,Cronulla Sharks,Sydney Roosters,37,12,Southern Cross,https://www.rugbyleagueproject.org/matches/31209
2016|Rd 25|Gold Coast Titans|Penrith Panthers,2016,Rd 25,25,4,180,2016-08-27,Gold Coast Titans,Penrith Panthers,14,15,Cbus Super,https://www.rugbyleagueproject.org/matches/31208
2016|Rd 25|Manly Sea Eagles|Canberra Raiders,2016,Rd 25,25,5,181,2016-08-27,Manly Sea Eagles,Canberra Raiders,30,44,Brookvale,https://www.rugbyleagueproject.org/matches/31207
2016|Rd 25|New Zealand Warriors|Wests Tigers,2016,Rd 25,25,6,182,2016-08-28,New Zealand Warriors,Wests Tigers,24,36,Mt Smart,https://www.rugbyleagueproject.org/matches/31210
2016|Rd 25|Newcastle Knights|South Sydney Rabbitohs,2016,Rd 25,25,7,183,2016-08-28,Newcastle Knights,South Sydney Rabbitohs,12,34,Hunter,https://www.rugbyleagueproject.org/matches/31211
2016|Rd 25|Parramatta Eels|St. George Illawarra Dragons,2016,Rd 25,25,8,184,2016-08-29,Parramatta Eels,St. George Illawarra Dragons,30,18,Pirtek Stadium,https://www.rugbyleagueproject.org/matches/31212
2016|Rd 26|Brisbane Broncos|Sydney Roosters,2016,Rd 26,26,1,185,2016-09-01,Brisbane Broncos,Sydney Roosters,24,14,Suncorp,https://www.rugbyleagueproject.org/matches/31213
2016|Rd 26|Canterbury Bulldogs|South Sydney Rabbitohs,2016,Rd 26,26,2,186,2016-09-02,Canterbury Bulldogs,South Sydney Rabbitohs,10,28,ANZ,https://www.rugbyleagueproject.org/matches/31214
2016|Rd 26|Melbourne Storm|Cronulla Sharks,2016,Rd 26,26,3,187,2016-09-03,Melbourne Storm,Cronulla Sharks,26,6,AAMI,https://www.rugbyleagueproject.org/matches/31217
2016|Rd 26|NQ Cowboys|Gold Coast Titans,2016,Rd 26,26,4,188,2016-09-03,NQ Cowboys,Gold Coast Titans,32,16,1300SMILES,https://www.rugbyleagueproject.org/matches/31216
2016|Rd 26|St. George Illawarra Dragons|Newcastle Knights,2016,Rd 26,26,5,189,2016-09-03,St. George Illawarra Dragons,Newcastle Knights,28,26,WIN Jubilee,https://www.rugbyleagueproject.org/matches/31215
2016|Rd 26|New Zealand Warriors|Parramatta Eels,2016,Rd 26,26,6,190,2016-09-04,New Zealand Warriors,Parramatta Eels,18,40,Mt Smart,https://www.rugbyleagueproject.org/matches/31219
2016|Rd 26|Penrith Panthers|Manly Sea Eagles,2016,Rd 26,26,7,191,2016-09-04,Penrith Panthers,Manly Sea Eagles,36,6,Pepper Stadium,https://www.rugbyleagueproject.org/matches/31220
2016|Rd 26|Wests Tigers|Canberra Raiders,2016,Rd 26,26,8,192,2016-09-04,Wests Tigers,Canberra Raiders,10,52,Leichhardt,https://www.rugbyleagueproject.org/matches/31218
2016|Qualif Final|Brisbane Broncos|Gold Coast Titans,2016,Qualif Final,27,1,193,2016-09-09,Brisbane Broncos,Gold Coast Titans,44,28,Suncorp,https://www.rugbyleagueproject.org/matches/31263
2016|Qualif Final|Canberra Raiders|Cronulla Sharks,2016,Qualif Final,27,2,194,2016-09-10,Canberra Raiders,Cronulla Sharks,14,16,GIO,https://www.rugbyleagueproject.org/matches/31264
2016|Qualif Final|Melbourne Storm|NQ Cowboys,2016,Qualif Final,27,3,195,2016-09-10,Melbourne Storm,NQ Cowboys,16,10,AAMI,https://www.rugbyleagueproject.org/matches/31265
2016|Qualif Final|Penrith Panthers|Canterbury Bulldogs,2016,Qualif Final,27,4,196,2016-09-11,Penrith Panthers,Canterbury Bulldogs,28,12,Allianz,https://www.rugbyleagueproject.org/matches/31262
2016|Semi Final|NQ Cowboys|Brisbane Broncos,2016,Semi Final,28,1,197,2016-09-16,NQ Cowboys,Brisbane Broncos,26,20,1300SMILES,https://www.rugbyleagueproject.org/matches/31266
2016|Semi Final|Canberra Raiders|Penrith Panthers,2016,Semi Final,28,2,198,2016-09-17,Canberra Raiders,Penrith Panthers,22,12,GIO,https://www.rugbyleagueproject.org/matches/31267
2016|Prelim Final|Cronulla Sharks|NQ Cowboys,2016,Prelim Final,29,1,199,2016-09-23,Cronulla Sharks,NQ Cowboys,32,20,Allianz,https://www.rugbyleagueproject.org/matches/31268
2016|Prelim Final|Melbourne Storm|Canberra Raiders,2016,Prelim Final,29,2,200,2016-09-24,Melbourne Storm,Canberra Raiders,14,12,AAMI,https://www.rugbyleagueproject.org/matches/31269
2016|Grand Final|Cronulla Sharks|Melbourne Storm,2016,Grand Final,30,1,201,2016-10-02,Cronulla Sharks,Melbourne Storm,14,12,ANZ,https://www.rugbyleagueproject.org/matches/31270
2017|Rd 1|Cronulla Sharks|Brisbane Broncos,2017,Rd 1,1,1,1,2017-03-02,Cronulla Sharks,Brisbane Broncos,18,26,Southern Cross,https://www.rugbyleagueproject.org/matches/35835
2017|Rd 1|Canterbury Bulldogs|Melbourne Storm,2017,Rd 1,1,2,2,2017-03-03,Canterbury Bulldogs,Melbourne Storm,6,12,Belmore,https://www.rugbyleagueproject.org/matches/35836
2017|Rd 1|South Sydney Rabbitohs|Wests Tigers,2017,Rd 1,1,3,3,2017-03-03,South Sydney Rabbitohs,Wests Tigers,18,34,ANZ,https://www.rugbyleagueproject.org/matches/35837
2017|Rd 1|Gold Coast Titans|Sydney Roosters,2017,Rd 1,1,4,4,2017-03-04,Gold Coast Titans,Sydney Roosters,18,32,Cbus Super,https://www.rugbyleagueproject.org/matches/35840
2017|Rd 1|NQ Cowboys|Canberra Raiders,2017,Rd 1,1,5,5,2017-03-04,NQ Cowboys,Canberra Raiders,20,16,1300SMILES,https://www.rugbyleagueproject.org/matches/35839
2017|Rd 1|St. George Illawarra Dragons|Penrith Panthers,2017,Rd 1,1,6,6,2017-03-04,St. George Illawarra Dragons,Penrith Panthers,42,10,UOW Jubilee,https://www.rugbyleagueproject.org/matches/35838
2017|Rd 1|Manly Sea Eagles|Parramatta Eels,2017,Rd 1,1,7,7,2017-03-05,Manly Sea Eagles,Parramatta Eels,12,20,Lottoland,https://www.rugbyleagueproject.org/matches/35842
2017|Rd 1|New Zealand Warriors|Newcastle Knights,2017,Rd 1,1,8,8,2017-03-05,New Zealand Warriors,Newcastle Knights,26,22,Mt Smart,https://www.rugbyleagueproject.org/matches/35841
2017|Rd 2|Sydney Roosters|Canterbury Bulldogs,2017,Rd 2,2,1,9,2017-03-09,Sydney Roosters,Canterbury Bulldogs,28,24,Allianz,https://www.rugbyleagueproject.org/matches/35843
2017|Rd 2|Brisbane Broncos|NQ Cowboys,2017,Rd 2,2,2,10,2017-03-10,Brisbane Broncos,NQ Cowboys,20,21,Suncorp,https://www.rugbyleagueproject.org/matches/35845
2017|Rd 2|New Zealand Warriors|Melbourne Storm,2017,Rd 2,2,3,11,2017-03-10,New Zealand Warriors,Melbourne Storm,10,26,Mt Smart,https://www.rugbyleagueproject.org/matches/35844
2017|Rd 2|Canberra Raiders|Cronulla Sharks,2017,Rd 2,2,4,12,2017-03-11,Canberra Raiders,Cronulla Sharks,16,42,GIO,https://www.rugbyleagueproject.org/matches/35848
2017|Rd 2|Manly Sea Eagles|South Sydney Rabbitohs,2017,Rd 2,2,5,13,2017-03-11,Manly Sea Eagles,South Sydney Rabbitohs,18,38,Lottoland,https://www.rugbyleagueproject.org/matches/35847
2017|Rd 2|Newcastle Knights|Gold Coast Titans,2017,Rd 2,2,6,14,2017-03-11,Newcastle Knights,Gold Coast Titans,34,26,McD. Jones,https://www.rugbyleagueproject.org/matches/35846
2017|Rd 2|St. George Illawarra Dragons|Parramatta Eels,2017,Rd 2,2,7,15,2017-03-12,St. George Illawarra Dragons,Parramatta Eels,16,34,WIN,https://www.rugbyleagueproject.org/matches/35850
2017|Rd 2|Wests Tigers|Penrith Panthers,2017,Rd 2,2,8,16,2017-03-12,Wests Tigers,Penrith Panthers,2,36,Campbelltown,https://www.rugbyleagueproject.org/matches/35849
2017|Rd 3|Melbourne Storm|Brisbane Broncos,2017,Rd 3,3,1,17,2017-03-16,Melbourne Storm,Brisbane Broncos,14,12,AAMI,https://www.rugbyleagueproject.org/matches/35877
2017|Rd 3|Canterbury Bulldogs|New Zealand Warriors,2017,Rd 3,3,2,18,2017-03-17,Canterbury Bulldogs,New Zealand Warriors,24,12,Forsyth Barr,https://www.rugbyleagueproject.org/matches/35878
2017|Rd 3|Gold Coast Titans|Parramatta Eels,2017,Rd 3,3,3,19,2017-03-17,Gold Coast Titans,Parramatta Eels,26,14,Cbus Super,https://www.rugbyleagueproject.org/matches/35879
2017|Rd 3|NQ Cowboys|Manly Sea Eagles,2017,Rd 3,3,4,20,2017-03-18,NQ Cowboys,Manly Sea Eagles,8,30,1300SMILES,https://www.rugbyleagueproject.org/matches/35884
2017|Rd 3|Newcastle Knights|South Sydney Rabbitohs,2017,Rd 3,3,5,21,2017-03-18,Newcastle Knights,South Sydney Rabbitohs,18,24,McD. Jones,https://www.rugbyleagueproject.org/matches/35882
2017|Rd 3|Penrith Panthers|Sydney Roosters,2017,Rd 3,3,6,22,2017-03-18,Penrith Panthers,Sydney Roosters,12,14,Pepper Stadium,https://www.rugbyleagueproject.org/matches/35883
2017|Rd 3|Canberra Raiders|Wests Tigers,2017,Rd 3,3,7,23,2017-03-19,Canberra Raiders,Wests Tigers,46,6,GIO,https://www.rugbyleagueproject.org/matches/35885
2017|Rd 3|Cronulla Sharks|St. George Illawarra Dragons,2017,Rd 3,3,8,24,2017-03-19,Cronulla Sharks,St. George Illawarra Dragons,10,16,Southern Cross,https://www.rugbyleagueproject.org/matches/35886
2017|Rd 4|South Sydney Rabbitohs|Sydney Roosters,2017,Rd 4,4,1,25,2017-03-23,South Sydney Rabbitohs,Sydney Roosters,6,20,ANZ,https://www.rugbyleagueproject.org/matches/35929
2017|Rd 4|Brisbane Broncos|Canberra Raiders,2017,Rd 4,4,2,26,2017-03-24,Brisbane Broncos,Canberra Raiders,13,12,Suncorp,https://www.rugbyleagueproject.org/matches/35931
2017|Rd 4|Penrith Panthers|Newcastle Knights,2017,Rd 4,4,3,27,2017-03-24,Penrith Panthers,Newcastle Knights,40,0,Pepper Stadium,https://www.rugbyleagueproject.org/matches/35930
2017|Rd 4|Gold Coast Titans|NQ Cowboys,2017,Rd 4,4,4,28,2017-03-25,Gold Coast Titans,NQ Cowboys,26,32,Cbus Super,https://www.rugbyleagueproject.org/matches/35934
2017|Rd 4|Manly Sea Eagles|Canterbury Bulldogs,2017,Rd 4,4,5,29,2017-03-25,Manly Sea Eagles,Canterbury Bulldogs,36,0,Lottoland,https://www.rugbyleagueproject.org/matches/35932
2017|Rd 4|Parramatta Eels|Cronulla Sharks,2017,Rd 4,4,6,30,2017-03-25,Parramatta Eels,Cronulla Sharks,6,20,ANZ,https://www.rugbyleagueproject.org/matches/35933
2017|Rd 4|St. George Illawarra Dragons|New Zealand Warriors,2017,Rd 4,4,7,31,2017-03-26,St. George Illawarra Dragons,New Zealand Warriors,26,12,UOW Jubilee,https://www.rugbyleagueproject.org/matches/35936
2017|Rd 4|Wests Tigers|Melbourne Storm,2017,Rd 4,4,8,32,2017-03-26,Wests Tigers,Melbourne Storm,14,22,Leichhardt,https://www.rugbyleagueproject.org/matches/35935
2017|Rd 5|Canterbury Bulldogs|Brisbane Broncos,2017,Rd 5,5,1,33,2017-03-30,Canterbury Bulldogs,Brisbane Broncos,10,7,ANZ,https://www.rugbyleagueproject.org/matches/35938
2017|Rd 5|NQ Cowboys|South Sydney Rabbitohs,2017,Rd 5,5,2,34,2017-03-31,NQ Cowboys,South Sydney Rabbitohs,20,6,1300SMILES,https://www.rugbyleagueproject.org/matches/35940
2017|Rd 5|Sydney Roosters|Manly Sea Eagles,2017,Rd 5,5,3,35,2017-03-31,Sydney Roosters,Manly Sea Eagles,12,18,Allianz,https://www.rugbyleagueproject.org/matches/35939
2017|Rd 5|Canberra Raiders|Parramatta Eels,2017,Rd 5,5,4,36,2017-04-01,Canberra Raiders,Parramatta Eels,30,18,GIO,https://www.rugbyleagueproject.org/matches/35942
2017|Rd 5|Cronulla Sharks|Newcastle Knights,2017,Rd 5,5,5,37,2017-04-01,Cronulla Sharks,Newcastle Knights,19,18,Southern Cross,https://www.rugbyleagueproject.org/matches/35941
2017|Rd 5|Melbourne Storm|Penrith Panthers,2017,Rd 5,5,6,38,2017-04-01,Melbourne Storm,Penrith Panthers,28,6,AAMI,https://www.rugbyleagueproject.org/matches/35943
2017|Rd 5|New Zealand Warriors|Gold Coast Titans,2017,Rd 5,5,7,39,2017-04-02,New Zealand Warriors,Gold Coast Titans,28,22,Mt Smart,https://www.rugbyleagueproject.org/matches/35944
2017|Rd 5|Wests Tigers|St. George Illawarra Dragons,2017,Rd 5,5,8,40,2017-04-02,Wests Tigers,St. George Illawarra Dragons,6,28,ANZ,https://www.rugbyleagueproject.org/matches/35945
2017|Rd 6|Brisbane Broncos|Sydney Roosters,2017,Rd 6,6,1,41,2017-04-06,Brisbane Broncos,Sydney Roosters,32,8,Suncorp,https://www.rugbyleagueproject.org/matches/35964
2017|Rd 6|Newcastle Knights|Canterbury Bulldogs,2017,Rd 6,6,2,42,2017-04-07,Newcastle Knights,Canterbury Bulldogs,12,22,McD. Jones,https://www.rugbyleagueproject.org/matches/35965
2017|Rd 6|Penrith Panthers|South Sydney Rabbitohs,2017,Rd 6,6,3,43,2017-04-07,Penrith Panthers,South Sydney Rabbitohs,20,21,Pepper Stadium,https://www.rugbyleagueproject.org/matches/35966
2017|Rd 6|Gold Coast Titans|Canberra Raiders,2017,Rd 6,6,4,44,2017-04-08,Gold Coast Titans,Canberra Raiders,16,42,Cbus Super,https://www.rugbyleagueproject.org/matches/35968
2017|Rd 6|Manly Sea Eagles|St. George Illawarra Dragons,2017,Rd 6,6,5,45,2017-04-08,Manly Sea Eagles,St. George Illawarra Dragons,10,35,Lottoland,https://www.rugbyleagueproject.org/matches/35967
2017|Rd 6|NQ Cowboys|Wests Tigers,2017,Rd 6,6,6,46,2017-04-08,NQ Cowboys,Wests Tigers,16,26,1300SMILES,https://www.rugbyleagueproject.org/matches/35969
2017|Rd 6|Melbourne Storm|Cronulla Sharks,2017,Rd 6,6,7,47,2017-04-09,Melbourne Storm,Cronulla Sharks,2,11,AAMI,https://www.rugbyleagueproject.org/matches/35971
2017|Rd 6|New Zealand Warriors|Parramatta Eels,2017,Rd 6,6,8,48,2017-04-09,New Zealand Warriors,Parramatta Eels,22,10,Mt Smart,https://www.rugbyleagueproject.org/matches/35970
2017|Rd 7|Brisbane Broncos|Gold Coast Titans,2017,Rd 7,7,1,49,2017-04-14,Brisbane Broncos,Gold Coast Titans,24,22,Suncorp,https://www.rugbyleagueproject.org/matches/35974
2017|Rd 7|Canterbury Bulldogs|South Sydney Rabbitohs,2017,Rd 7,7,2,50,2017-04-14,Canterbury Bulldogs,South Sydney Rabbitohs,24,9,ANZ,https://www.rugbyleagueproject.org/matches/35972
2017|Rd 7|Newcastle Knights|Sydney Roosters,2017,Rd 7,7,3,51,2017-04-14,Newcastle Knights,Sydney Roosters,6,24,McD. Jones,https://www.rugbyleagueproject.org/matches/35973
2017|Rd 7|Canberra Raiders|New Zealand Warriors,2017,Rd 7,7,4,52,2017-04-15,Canberra Raiders,New Zealand Warriors,20,8,GIO,https://www.rugbyleagueproject.org/matches/35976
2017|Rd 7|Manly Sea Eagles|Melbourne Storm,2017,Rd 7,7,5,53,2017-04-15,Manly Sea Eagles,Melbourne Storm,26,30,Lottoland,https://www.rugbyleagueproject.org/matches/35975
2017|Rd 7|St. George Illawarra Dragons|NQ Cowboys,2017,Rd 7,7,6,54,2017-04-15,St. George Illawarra Dragons,NQ Cowboys,28,22,WIN,https://www.rugbyleagueproject.org/matches/35977
2017|Rd 7|Penrith Panthers|Cronulla Sharks,2017,Rd 7,7,7,55,2017-04-16,Penrith Panthers,Cronulla Sharks,2,28,Pepper Stadium,https://www.rugbyleagueproject.org/matches/35978
2017|Rd 7|Parramatta Eels|Wests Tigers,2017,Rd 7,7,8,56,2017-04-17,Parramatta Eels,Wests Tigers,26,22,ANZ,https://www.rugbyleagueproject.org/matches/35979
2017|Rd 8|Canberra Raiders|Manly Sea Eagles,2017,Rd 8,8,1,57,2017-04-21,Canberra Raiders,Manly Sea Eagles,18,20,GIO,https://www.rugbyleagueproject.org/matches/35980
2017|Rd 8|South Sydney Rabbitohs|Brisbane Broncos,2017,Rd 8,8,2,58,2017-04-21,South Sydney Rabbitohs,Brisbane Broncos,24,25,ANZ,https://www.rugbyleagueproject.org/matches/35981
2017|Rd 8|Cronulla Sharks|Gold Coast Titans,2017,Rd 8,8,3,59,2017-04-22,Cronulla Sharks,Gold Coast Titans,12,16,Southern Cross,https://www.rugbyleagueproject.org/matches/35984
2017|Rd 8|NQ Cowboys|Newcastle Knights,2017,Rd 8,8,4,60,2017-04-22,NQ Cowboys,Newcastle Knights,24,12,1300SMILES,https://www.rugbyleagueproject.org/matches/35983
2017|Rd 8|Parramatta Eels|Penrith Panthers,2017,Rd 8,8,5,61,2017-04-22,Parramatta Eels,Penrith Panthers,18,12,ANZ,https://www.rugbyleagueproject.org/matches/35982
2017|Rd 8|Wests Tigers|Canterbury Bulldogs,2017,Rd 8,8,6,62,2017-04-23,Wests Tigers,Canterbury Bulldogs,18,12,ANZ,https://www.rugbyleagueproject.org/matches/35985
2017|Rd 8|Melbourne Storm|New Zealand Warriors,2017,Rd 8,8,7,63,2017-04-25,Melbourne Storm,New Zealand Warriors,20,14,AAMI,https://www.rugbyleagueproject.org/matches/36019
2017|Rd 8|Sydney Roosters|St. George Illawarra Dragons,2017,Rd 8,8,8,64,2017-04-25,Sydney Roosters,St. George Illawarra Dragons,13,12,Allianz,https://www.rugbyleagueproject.org/matches/36018
2017|Rd 9|Brisbane Broncos|Penrith Panthers,2017,Rd 9,9,1,65,2017-04-27,Brisbane Broncos,Penrith Panthers,32,18,Suncorp,https://www.rugbyleagueproject.org/matches/36024
2017|Rd 9|NQ Cowboys|Parramatta Eels,2017,Rd 9,9,2,66,2017-04-28,NQ Cowboys,Parramatta Eels,6,26,1300SMILES,https://www.rugbyleagueproject.org/matches/36026
2017|Rd 9|South Sydney Rabbitohs|Manly Sea Eagles,2017,Rd 9,9,3,67,2017-04-28,South Sydney Rabbitohs,Manly Sea Eagles,8,46,Allianz,https://www.rugbyleagueproject.org/matches/36025
2017|Rd 9|Canterbury Bulldogs|Canberra Raiders,2017,Rd 9,9,4,68,2017-04-29,Canterbury Bulldogs,Canberra Raiders,16,10,ANZ,https://www.rugbyleagueproject.org/matches/36028
2017|Rd 9|Gold Coast Titans|Newcastle Knights,2017,Rd 9,9,5,69,2017-04-29,Gold Coast Titans,Newcastle Knights,38,8,Cbus Super,https://www.rugbyleagueproject.org/matches/36027
2017|Rd 9|Wests Tigers|Cronulla Sharks,2017,Rd 9,9,6,70,2017-04-29,Wests Tigers,Cronulla Sharks,16,22,Leichhardt,https://www.rugbyleagueproject.org/matches/36029
2017|Rd 9|New Zealand Warriors|Sydney Roosters,2017,Rd 9,9,7,71,2017-04-30,New Zealand Warriors,Sydney Roosters,14,13,Mt Smart,https://www.rugbyleagueproject.org/matches/36030
2017|Rd 9|St. George Illawarra Dragons|Melbourne Storm,2017,Rd 9,9,8,72,2017-04-30,St. George Illawarra Dragons,Melbourne Storm,22,34,WIN,https://www.rugbyleagueproject.org/matches/36031
2017|Rd 10|Canterbury Bulldogs|NQ Cowboys,2017,Rd 10,10,1,73,2017-05-11,Canterbury Bulldogs,NQ Cowboys,14,30,ANZ,https://www.rugbyleagueproject.org/matches/36043
2017|Rd 10|St. George Illawarra Dragons|Cronulla Sharks,2017,Rd 10,10,2,74,2017-05-12,St. George Illawarra Dragons,Cronulla Sharks,14,18,UOW Jubilee,https://www.rugbyleagueproject.org/matches/36044
2017|Rd 10|Wests Tigers|South Sydney Rabbitohs,2017,Rd 10,10,3,75,2017-05-12,Wests Tigers,South Sydney Rabbitohs,8,28,ANZ,https://www.rugbyleagueproject.org/matches/36045
2017|Rd 10|Manly Sea Eagles|Brisbane Broncos,2017,Rd 10,10,4,76,2017-05-13,Manly Sea Eagles,Brisbane Broncos,14,24,Suncorp,https://www.rugbyleagueproject.org/matches/36048
2017|Rd 10|Melbourne Storm|Gold Coast Titans,2017,Rd 10,10,5,77,2017-05-13,Melbourne Storm,Gold Coast Titans,36,38,Suncorp,https://www.rugbyleagueproject.org/matches/36047
2017|Rd 10|Penrith Panthers|New Zealand Warriors,2017,Rd 10,10,6,78,2017-05-13,Penrith Panthers,New Zealand Warriors,36,28,Pepper Stadium,https://www.rugbyleagueproject.org/matches/36046
2017|Rd 10|Newcastle Knights|Canberra Raiders,2017,Rd 10,10,7,79,2017-05-14,Newcastle Knights,Canberra Raiders,34,20,McD. Jones,https://www.rugbyleagueproject.org/matches/36049
2017|Rd 10|Sydney Roosters|Parramatta Eels,2017,Rd 10,10,8,80,2017-05-14,Sydney Roosters,Parramatta Eels,48,10,Allianz,https://www.rugbyleagueproject.org/matches/36050
2017|Rd 11|Cronulla Sharks|NQ Cowboys,2017,Rd 11,11,1,81,2017-05-18,Cronulla Sharks,NQ Cowboys,18,14,Southern Cross,https://www.rugbyleagueproject.org/matches/36065
2017|Rd 11|Brisbane Broncos|Wests Tigers,2017,Rd 11,11,2,82,2017-05-19,Brisbane Broncos,Wests Tigers,36,0,Suncorp,https://www.rugbyleagueproject.org/matches/36067
2017|Rd 11|New Zealand Warriors|St. George Illawarra Dragons,2017,Rd 11,11,3,83,2017-05-19,New Zealand Warriors,St. George Illawarra Dragons,14,30,FMG,https://www.rugbyleagueproject.org/matches/36066
2017|Rd 11|Gold Coast Titans|Manly Sea Eagles,2017,Rd 11,11,4,84,2017-05-20,Gold Coast Titans,Manly Sea Eagles,10,30,Cbus Super,https://www.rugbyleagueproject.org/matches/36068
2017|Rd 11|Parramatta Eels|Canberra Raiders,2017,Rd 11,11,5,85,2017-05-20,Parramatta Eels,Canberra Raiders,16,22,ANZ,https://www.rugbyleagueproject.org/matches/36069
2017|Rd 11|Canterbury Bulldogs|Sydney Roosters,2017,Rd 11,11,6,86,2017-05-21,Canterbury Bulldogs,Sydney Roosters,18,24,ANZ,https://www.rugbyleagueproject.org/matches/36071
2017|Rd 11|Newcastle Knights|Penrith Panthers,2017,Rd 11,11,7,87,2017-05-21,Newcastle Knights,Penrith Panthers,20,30,McD. Jones,https://www.rugbyleagueproject.org/matches/36070
2017|Rd 11|South Sydney Rabbitohs|Melbourne Storm,2017,Rd 11,11,8,88,2017-05-21,South Sydney Rabbitohs,Melbourne Storm,6,14,nib Stadium,https://www.rugbyleagueproject.org/matches/36072
2017|Rd 12|South Sydney Rabbitohs|Parramatta Eels,2017,Rd 12,12,1,89,2017-05-26,South Sydney Rabbitohs,Parramatta Eels,16,22,ANZ,https://www.rugbyleagueproject.org/matches/36080
2017|Rd 12|Cronulla Sharks|Canterbury Bulldogs,2017,Rd 12,12,2,90,2017-05-27,Cronulla Sharks,Canterbury Bulldogs,9,8,Southern Cross,https://www.rugbyleagueproject.org/matches/36082
2017|Rd 12|New Zealand Warriors|Brisbane Broncos,2017,Rd 12,12,3,91,2017-05-27,New Zealand Warriors,Brisbane Broncos,28,10,Mt Smart,https://www.rugbyleagueproject.org/matches/36081
2017|Rd 12|Canberra Raiders|Sydney Roosters,2017,Rd 12,12,4,92,2017-05-28,Canberra Raiders,Sydney Roosters,24,16,GIO,https://www.rugbyleagueproject.org/matches/36083
2017|Rd 13|Melbourne Storm|Newcastle Knights,2017,Rd 13,13,1,93,2017-06-02,Melbourne Storm,Newcastle Knights,40,12,AAMI,https://www.rugbyleagueproject.org/matches/36098
2017|Rd 13|Parramatta Eels|New Zealand Warriors,2017,Rd 13,13,2,94,2017-06-02,Parramatta Eels,New Zealand Warriors,32,24,ANZ,https://www.rugbyleagueproject.org/matches/36099
2017|Rd 13|NQ Cowboys|Gold Coast Titans,2017,Rd 13,13,3,95,2017-06-03,NQ Cowboys,Gold Coast Titans,20,8,1300SMILES,https://www.rugbyleagueproject.org/matches/36102
2017|Rd 13|St. George Illawarra Dragons|Wests Tigers,2017,Rd 13,13,4,96,2017-06-03,St. George Illawarra Dragons,Wests Tigers,16,12,ANZ,https://www.rugbyleagueproject.org/matches/36100
2017|Rd 13|Sydney Roosters|Brisbane Broncos,2017,Rd 13,13,5,97,2017-06-03,Sydney Roosters,Brisbane Broncos,18,16,Allianz,https://www.rugbyleagueproject.org/matches/36101
2017|Rd 13|Canterbury Bulldogs|Penrith Panthers,2017,Rd 13,13,6,98,2017-06-04,Canterbury Bulldogs,Penrith Panthers,0,38,ANZ,https://www.rugbyleagueproject.org/matches/36104
2017|Rd 13|Manly Sea Eagles|Canberra Raiders,2017,Rd 13,13,7,99,2017-06-04,Manly Sea Eagles,Canberra Raiders,21,20,Lottoland,https://www.rugbyleagueproject.org/matches/36103
2017|Rd 14|Cronulla Sharks|Melbourne Storm,2017,Rd 14,14,1,100,2017-06-08,Cronulla Sharks,Melbourne Storm,13,18,Southern Cross,https://www.rugbyleagueproject.org/matches/36111
2017|Rd 14|Brisbane Broncos|South Sydney Rabbitohs,2017,Rd 14,14,2,101,2017-06-09,Brisbane Broncos,South Sydney Rabbitohs,24,18,Suncorp,https://www.rugbyleagueproject.org/matches/36113
2017|Rd 14|Manly Sea Eagles|Newcastle Knights,2017,Rd 14,14,3,102,2017-06-09,Manly Sea Eagles,Newcastle Knights,18,14,Lottoland,https://www.rugbyleagueproject.org/matches/36112
2017|Rd 14|Gold Coast Titans|New Zealand Warriors,2017,Rd 14,14,4,103,2017-06-10,Gold Coast Titans,New Zealand Warriors,12,34,Cbus Super,https://www.rugbyleagueproject.org/matches/36114
2017|Rd 14|Parramatta Eels|NQ Cowboys,2017,Rd 14,14,5,104,2017-06-10,Parramatta Eels,NQ Cowboys,6,32,TIO,https://www.rugbyleagueproject.org/matches/36116
2017|Rd 14|Penrith Panthers|Canberra Raiders,2017,Rd 14,14,6,105,2017-06-10,Penrith Panthers,Canberra Raiders,24,20,Carrington,https://www.rugbyleagueproject.org/matches/36115
2017|Rd 14|Wests Tigers|Sydney Roosters,2017,Rd 14,14,7,106,2017-06-11,Wests Tigers,Sydney Roosters,18,40,Campbelltown,https://www.rugbyleagueproject.org/matches/36117
2017|Rd 14|Canterbury Bulldogs|St. George Illawarra Dragons,2017,Rd 14,14,8,107,2017-06-12,Canterbury Bulldogs,St. George Illawarra Dragons,16,2,ANZ,https://www.rugbyleagueproject.org/matches/36118
2017|Rd 15|South Sydney Rabbitohs|Gold Coast Titans,2017,Rd 15,15,1,108,2017-06-16,South Sydney Rabbitohs,Gold Coast Titans,36,20,ANZ,https://www.rugbyleagueproject.org/matches/36119
2017|Rd 15|Cronulla Sharks|Wests Tigers,2017,Rd 15,15,2,109,2017-06-17,Cronulla Sharks,Wests Tigers,24,22,Southern Cross,https://www.rugbyleagueproject.org/matches/36121
2017|Rd 15|Melbourne Storm|NQ Cowboys,2017,Rd 15,15,3,110,2017-06-17,Melbourne Storm,NQ Cowboys,23,22,AAMI,https://www.rugbyleagueproject.org/matches/36120
2017|Rd 15|Parramatta Eels|St. George Illawarra Dragons,2017,Rd 15,15,4,111,2017-06-18,Parramatta Eels,St. George Illawarra Dragons,24,10,ANZ,https://www.rugbyleagueproject.org/matches/36122
2017|Rd 16|New Zealand Warriors|Canterbury Bulldogs,2017,Rd 16,16,1,112,2017-06-23,New Zealand Warriors,Canterbury Bulldogs,21,14,Mt Smart,https://www.rugbyleagueproject.org/matches/36134
2017|Rd 16|Wests Tigers|Gold Coast Titans,2017,Rd 16,16,2,113,2017-06-23,Wests Tigers,Gold Coast Titans,14,26,Campbelltown,https://www.rugbyleagueproject.org/matches/36135
2017|Rd 16|Canberra Raiders|Brisbane Broncos,2017,Rd 16,16,3,114,2017-06-24,Canberra Raiders,Brisbane Broncos,20,30,GIO,https://www.rugbyleagueproject.org/matches/36137
2017|Rd 16|NQ Cowboys|Penrith Panthers,2017,Rd 16,16,4,115,2017-06-24,NQ Cowboys,Penrith Panthers,14,12,1300SMILES,https://www.rugbyleagueproject.org/matches/36136
2017|Rd 16|Sydney Roosters|Melbourne Storm,2017,Rd 16,16,5,116,2017-06-24,Sydney Roosters,Melbourne Storm,25,24,Adelaide,https://www.rugbyleagueproject.org/matches/36138
2017|Rd 16|Cronulla Sharks|Manly Sea Eagles,2017,Rd 16,16,6,117,2017-06-25,Cronulla Sharks,Manly Sea Eagles,18,35,Southern Cross,https://www.rugbyleagueproject.org/matches/36140
2017|Rd 16|St. George Illawarra Dragons|Newcastle Knights,2017,Rd 16,16,7,118,2017-06-25,St. George Illawarra Dragons,Newcastle Knights,32,28,UOW Jubilee,https://www.rugbyleagueproject.org/matches/36139
2017|Rd 17|Parramatta Eels|Canterbury Bulldogs,2017,Rd 17,17,1,119,2017-06-29,Parramatta Eels,Canterbury Bulldogs,13,12,ANZ,https://www.rugbyleagueproject.org/matches/36147
2017|Rd 17|Brisbane Broncos|Melbourne Storm,2017,Rd 17,17,2,120,2017-06-30,Brisbane Broncos,Melbourne Storm,12,42,Suncorp,https://www.rugbyleagueproject.org/matches/36149
2017|Rd 17|Gold Coast Titans|St. George Illawarra Dragons,2017,Rd 17,17,3,121,2017-06-30,Gold Coast Titans,St. George Illawarra Dragons,20,10,Cbus Super,https://www.rugbyleagueproject.org/matches/36148
2017|Rd 17|Canberra Raiders|NQ Cowboys,2017,Rd 17,17,4,122,2017-07-01,Canberra Raiders,NQ Cowboys,18,31,GIO,https://www.rugbyleagueproject.org/matches/36152
2017|Rd 17|Manly Sea Eagles|New Zealand Warriors,2017,Rd 17,17,5,123,2017-07-01,Manly Sea Eagles,New Zealand Warriors,26,22,nib Stadium,https://www.rugbyleagueproject.org/matches/36151
2017|Rd 17|Sydney Roosters|Cronulla Sharks,2017,Rd 17,17,6,124,2017-07-01,Sydney Roosters,Cronulla Sharks,12,44,Central Coast,https://www.rugbyleagueproject.org/matches/36150
2017|Rd 17|Newcastle Knights|Wests Tigers,2017,Rd 17,17,7,125,2017-07-02,Newcastle Knights,Wests Tigers,12,33,McD. Jones,https://www.rugbyleagueproject.org/matches/36153
2017|Rd 17|South Sydney Rabbitohs|Penrith Panthers,2017,Rd 17,17,8,126,2017-07-02,South Sydney Rabbitohs,Penrith Panthers,42,14,ANZ,https://www.rugbyleagueproject.org/matches/36154
2017|Rd 18|Sydney Roosters|South Sydney Rabbitohs,2017,Rd 18,18,1,127,2017-07-07,Sydney Roosters,South Sydney Rabbitohs,14,12,Allianz,https://www.rugbyleagueproject.org/matches/36161
2017|Rd 18|Melbourne Storm|Parramatta Eels,2017,Rd 18,18,2,128,2017-07-08,Melbourne Storm,Parramatta Eels,6,22,AAMI,https://www.rugbyleagueproject.org/matches/36163
2017|Rd 18|Penrith Panthers|Manly Sea Eagles,2017,Rd 18,18,3,129,2017-07-08,Penrith Panthers,Manly Sea Eagles,16,8,Pepper Stadium,https://www.rugbyleagueproject.org/matches/36162
2017|Rd 18|Canterbury Bulldogs|Newcastle Knights,2017,Rd 18,18,4,130,2017-07-09,Canterbury Bulldogs,Newcastle Knights,20,18,Belmore,https://www.rugbyleagueproject.org/matches/36164
2017|Rd 19|Canberra Raiders|St. George Illawarra Dragons,2017,Rd 19,19,1,131,2017-07-14,Canberra Raiders,St. George Illawarra Dragons,18,14,GIO,https://www.rugbyleagueproject.org/matches/36182
2017|Rd 19|New Zealand Warriors|Penrith Panthers,2017,Rd 19,19,2,132,2017-07-14,New Zealand Warriors,Penrith Panthers,22,34,Mt Smart,https://www.rugbyleagueproject.org/matches/36181
2017|Rd 19|Gold Coast Titans|Cronulla Sharks,2017,Rd 19,19,3,133,2017-07-15,Gold Coast Titans,Cronulla Sharks,30,10,Cbus Super,https://www.rugbyleagueproject.org/matches/36184
2017|Rd 19|Newcastle Knights|Brisbane Broncos,2017,Rd 19,19,4,134,2017-07-15,Newcastle Knights,Brisbane Broncos,22,34,McD. Jones,https://www.rugbyleagueproject.org/matches/36183
2017|Rd 19|Manly Sea Eagles|Wests Tigers,2017,Rd 19,19,5,135,2017-07-16,Manly Sea Eagles,Wests Tigers,28,16,Lottoland,https://www.rugbyleagueproject.org/matches/36185
2017|Rd 19|South Sydney Rabbitohs|NQ Cowboys,2017,Rd 19,19,6,136,2017-07-16,South Sydney Rabbitohs,NQ Cowboys,10,23,Barlow Park,https://www.rugbyleagueproject.org/matches/36186
2017|Rd 20|Brisbane Broncos|Canterbury Bulldogs,2017,Rd 20,20,1,137,2017-07-20,Brisbane Broncos,Canterbury Bulldogs,42,12,Suncorp,https://www.rugbyleagueproject.org/matches/36200
2017|Rd 20|Cronulla Sharks|South Sydney Rabbitohs,2017,Rd 20,20,2,138,2017-07-21,Cronulla Sharks,South Sydney Rabbitohs,26,12,Southern Cross,https://www.rugbyleagueproject.org/matches/36202
2017|Rd 20|Sydney Roosters|Newcastle Knights,2017,Rd 20,20,3,139,2017-07-21,Sydney Roosters,Newcastle Knights,28,4,Allianz,https://www.rugbyleagueproject.org/matches/36201
2017|Rd 20|Canberra Raiders|Melbourne Storm,2017,Rd 20,20,4,140,2017-07-22,Canberra Raiders,Melbourne Storm,14,20,GIO,https://www.rugbyleagueproject.org/matches/36204
2017|Rd 20|NQ Cowboys|New Zealand Warriors,2017,Rd 20,20,5,141,2017-07-22,NQ Cowboys,New Zealand Warriors,24,12,1300SMILES,https://www.rugbyleagueproject.org/matches/36205
2017|Rd 20|Penrith Panthers|Gold Coast Titans,2017,Rd 20,20,6,142,2017-07-22,Penrith Panthers,Gold Coast Titans,24,16,Pepper Stadium,https://www.rugbyleagueproject.org/matches/36203
2017|Rd 20|St. George Illawarra Dragons|Manly Sea Eagles,2017,Rd 20,20,7,143,2017-07-23,St. George Illawarra Dragons,Manly Sea Eagles,52,22,WIN,https://www.rugbyleagueproject.org/matches/36206
2017|Rd 20|Wests Tigers|Parramatta Eels,2017,Rd 20,20,8,144,2017-07-23,Wests Tigers,Parramatta Eels,16,17,ANZ,https://www.rugbyleagueproject.org/matches/36207
2017|Rd 21|Penrith Panthers|Canterbury Bulldogs,2017,Rd 21,21,1,145,2017-07-27,Penrith Panthers,Canterbury Bulldogs,16,8,Pepper Stadium,https://www.rugbyleagueproject.org/matches/36214
2017|Rd 21|New Zealand Warriors|Cronulla Sharks,2017,Rd 21,21,2,146,2017-07-28,New Zealand Warriors,Cronulla Sharks,12,26,Mt Smart,https://www.rugbyleagueproject.org/matches/36215
2017|Rd 21|Parramatta Eels|Brisbane Broncos,2017,Rd 21,21,3,147,2017-07-28,Parramatta Eels,Brisbane Broncos,28,14,ANZ,https://www.rugbyleagueproject.org/matches/36216
2017|Rd 21|Newcastle Knights|St. George Illawarra Dragons,2017,Rd 21,21,4,148,2017-07-29,Newcastle Knights,St. George Illawarra Dragons,21,14,McD. Jones,https://www.rugbyleagueproject.org/matches/36217
2017|Rd 21|South Sydney Rabbitohs|Canberra Raiders,2017,Rd 21,21,5,149,2017-07-29,South Sydney Rabbitohs,Canberra Raiders,18,32,ANZ,https://www.rugbyleagueproject.org/matches/36218
2017|Rd 21|Sydney Roosters|NQ Cowboys,2017,Rd 21,21,6,150,2017-07-29,Sydney Roosters,NQ Cowboys,22,16,Allianz,https://www.rugbyleagueproject.org/matches/36219
2017|Rd 21|Gold Coast Titans|Wests Tigers,2017,Rd 21,21,7,151,2017-07-30,Gold Coast Titans,Wests Tigers,4,26,Cbus Super,https://www.rugbyleagueproject.org/matches/36221
2017|Rd 21|Melbourne Storm|Manly Sea Eagles,2017,Rd 21,21,8,152,2017-07-30,Melbourne Storm,Manly Sea Eagles,40,6,AAMI,https://www.rugbyleagueproject.org/matches/36220
2017|Rd 22|Canterbury Bulldogs|Parramatta Eels,2017,Rd 22,22,1,153,2017-08-03,Canterbury Bulldogs,Parramatta Eels,4,20,ANZ,https://www.rugbyleagueproject.org/matches/36222
2017|Rd 22|NQ Cowboys|Melbourne Storm,2017,Rd 22,22,2,154,2017-08-04,NQ Cowboys,Melbourne Storm,8,26,1300SMILES,https://www.rugbyleagueproject.org/matches/36224
2017|Rd 22|St. George Illawarra Dragons|South Sydney Rabbitohs,2017,Rd 22,22,3,155,2017-08-04,St. George Illawarra Dragons,South Sydney Rabbitohs,24,26,SCG,https://www.rugbyleagueproject.org/matches/36223
2017|Rd 22|Cronulla Sharks|Canberra Raiders,2017,Rd 22,22,4,156,2017-08-05,Cronulla Sharks,Canberra Raiders,12,30,Southern Cross,https://www.rugbyleagueproject.org/matches/36227
2017|Rd 22|Gold Coast Titans|Brisbane Broncos,2017,Rd 22,22,5,157,2017-08-05,Gold Coast Titans,Brisbane Broncos,0,54,Cbus Super,https://www.rugbyleagueproject.org/matches/36226
2017|Rd 22|Newcastle Knights|New Zealand Warriors,2017,Rd 22,22,6,158,2017-08-05,Newcastle Knights,New Zealand Warriors,26,10,McD. Jones,https://www.rugbyleagueproject.org/matches/36225
2017|Rd 22|Manly Sea Eagles|Sydney Roosters,2017,Rd 22,22,7,159,2017-08-06,Manly Sea Eagles,Sydney Roosters,36,18,Lottoland,https://www.rugbyleagueproject.org/matches/36228
2017|Rd 22|Penrith Panthers|Wests Tigers,2017,Rd 22,22,8,160,2017-08-06,Penrith Panthers,Wests Tigers,28,14,Pepper Stadium,https://www.rugbyleagueproject.org/matches/36229
2017|Rd 23|South Sydney Rabbitohs|Canterbury Bulldogs,2017,Rd 23,23,1,161,2017-08-10,South Sydney Rabbitohs,Canterbury Bulldogs,28,14,ANZ,https://www.rugbyleagueproject.org/matches/36292
2017|Rd 23|Brisbane Broncos|Cronulla Sharks,2017,Rd 23,23,2,162,2017-08-11,Brisbane Broncos,Cronulla Sharks,32,10,Suncorp,https://www.rugbyleagueproject.org/matches/36294
2017|Rd 23|Parramatta Eels|Newcastle Knights,2017,Rd 23,23,3,163,2017-08-11,Parramatta Eels,Newcastle Knights,10,29,ANZ,https://www.rugbyleagueproject.org/matches/36293
2017|Rd 23|Melbourne Storm|Sydney Roosters,2017,Rd 23,23,4,164,2017-08-12,Melbourne Storm,Sydney Roosters,16,13,AAMI,https://www.rugbyleagueproject.org/matches/36296
2017|Rd 23|Penrith Panthers|NQ Cowboys,2017,Rd 23,23,5,165,2017-08-12,Penrith Panthers,NQ Cowboys,24,16,Pepper Stadium,https://www.rugbyleagueproject.org/matches/36297
2017|Rd 23|St. George Illawarra Dragons|Gold Coast Titans,2017,Rd 23,23,6,166,2017-08-12,St. George Illawarra Dragons,Gold Coast Titans,42,16,UOW Jubilee,https://www.rugbyleagueproject.org/matches/36295
2017|Rd 23|New Zealand Warriors|Canberra Raiders,2017,Rd 23,23,7,167,2017-08-13,New Zealand Warriors,Canberra Raiders,16,36,Mt Smart,https://www.rugbyleagueproject.org/matches/36298
2017|Rd 23|Wests Tigers|Manly Sea Eagles,2017,Rd 23,23,8,168,2017-08-13,Wests Tigers,Manly Sea Eagles,30,26,Leichhardt,https://www.rugbyleagueproject.org/matches/36299
2017|Rd 24|Parramatta Eels|Gold Coast Titans,2017,Rd 24,24,1,169,2017-08-17,Parramatta Eels,Gold Coast Titans,30,8,ANZ,https://www.rugbyleagueproject.org/matches/36233
2017|Rd 24|Brisbane Broncos|St. George Illawarra Dragons,2017,Rd 24,24,2,170,2017-08-18,Brisbane Broncos,St. George Illawarra Dragons,24,12,Suncorp,https://www.rugbyleagueproject.org/matches/36301
2017|Rd 24|South Sydney Rabbitohs|New Zealand Warriors,2017,Rd 24,24,3,171,2017-08-18,South Sydney Rabbitohs,New Zealand Warriors,36,18,ANZ,https://www.rugbyleagueproject.org/matches/36300
2017|Rd 24|NQ Cowboys|Cronulla Sharks,2017,Rd 24,24,4,172,2017-08-19,NQ Cowboys,Cronulla Sharks,16,26,1300SMILES,https://www.rugbyleagueproject.org/matches/36304
2017|Rd 24|Newcastle Knights|Melbourne Storm,2017,Rd 24,24,5,173,2017-08-19,Newcastle Knights,Melbourne Storm,12,44,McD. Jones,https://www.rugbyleagueproject.org/matches/36302
2017|Rd 24|Sydney Roosters|Wests Tigers,2017,Rd 24,24,6,174,2017-08-19,Sydney Roosters,Wests Tigers,22,18,Allianz,https://www.rugbyleagueproject.org/matches/36303
2017|Rd 24|Canberra Raiders|Penrith Panthers,2017,Rd 24,24,7,175,2017-08-20,Canberra Raiders,Penrith Panthers,22,26,GIO,https://www.rugbyleagueproject.org/matches/36305
2017|Rd 24|Canterbury Bulldogs|Manly Sea Eagles,2017,Rd 24,24,8,176,2017-08-20,Canterbury Bulldogs,Manly Sea Eagles,30,16,ANZ,https://www.rugbyleagueproject.org/matches/36306
2017|Rd 25|Brisbane Broncos|Parramatta Eels,2017,Rd 25,25,1,177,2017-08-24,Brisbane Broncos,Parramatta Eels,34,52,Suncorp,https://www.rugbyleagueproject.org/matches/36307
2017|Rd 25|Canberra Raiders|Newcastle Knights,2017,Rd 25,25,2,178,2017-08-25,Canberra Raiders,Newcastle Knights,46,28,GIO,https://www.rugbyleagueproject.org/matches/36308
2017|Rd 25|Wests Tigers|NQ Cowboys,2017,Rd 25,25,3,179,2017-08-25,Wests Tigers,NQ Cowboys,14,22,Campbelltown,https://www.rugbyleagueproject.org/matches/36309
2017|Rd 25|Cronulla Sharks|Sydney Roosters,2017,Rd 25,25,4,180,2017-08-26,Cronulla Sharks,Sydney Roosters,14,16,Southern Cross,https://www.rugbyleagueproject.org/matches/36312
2017|Rd 25|Gold Coast Titans|Canterbury Bulldogs,2017,Rd 25,25,5,181,2017-08-26,Gold Coast Titans,Canterbury Bulldogs,14,26,Cbus Super,https://www.rugbyleagueproject.org/matches/36310
2017|Rd 25|Melbourne Storm|South Sydney Rabbitohs,2017,Rd 25,25,6,182,2017-08-26,Melbourne Storm,South Sydney Rabbitohs,64,6,AAMI,https://www.rugbyleagueproject.org/matches/36311
2017|Rd 25|New Zealand Warriors|Manly Sea Eagles,2017,Rd 25,25,7,183,2017-08-27,New Zealand Warriors,Manly Sea Eagles,21,22,Mt Smart,https://www.rugbyleagueproject.org/matches/36313
2017|Rd 25|Penrith Panthers|St. George Illawarra Dragons,2017,Rd 25,25,8,184,2017-08-27,Penrith Panthers,St. George Illawarra Dragons,14,16,Pepper Stadium,https://www.rugbyleagueproject.org/matches/36314
2017|Rd 26|NQ Cowboys|Brisbane Broncos,2017,Rd 26,26,1,185,2017-08-31,NQ Cowboys,Brisbane Broncos,10,20,1300SMILES,https://www.rugbyleagueproject.org/matches/36315
2017|Rd 26|Parramatta Eels|South Sydney Rabbitohs,2017,Rd 26,26,2,186,2017-09-01,Parramatta Eels,South Sydney Rabbitohs,22,16,ANZ,https://www.rugbyleagueproject.org/matches/36316
2017|Rd 26|Manly Sea Eagles|Penrith Panthers,2017,Rd 26,26,3,187,2017-09-02,Manly Sea Eagles,Penrith Panthers,28,12,Lottoland,https://www.rugbyleagueproject.org/matches/36318
2017|Rd 26|Melbourne Storm|Canberra Raiders,2017,Rd 26,26,4,188,2017-09-02,Melbourne Storm,Canberra Raiders,32,6,AAMI,https://www.rugbyleagueproject.org/matches/36319
2017|Rd 26|Sydney Roosters|Gold Coast Titans,2017,Rd 26,26,5,189,2017-09-02,Sydney Roosters,Gold Coast Titans,20,16,Allianz,https://www.rugbyleagueproject.org/matches/36317
2017|Rd 26|Newcastle Knights|Cronulla Sharks,2017,Rd 26,26,6,190,2017-09-03,Newcastle Knights,Cronulla Sharks,18,26,McD. Jones,https://www.rugbyleagueproject.org/matches/36320
2017|Rd 26|St. George Illawarra Dragons|Canterbury Bulldogs,2017,Rd 26,26,7,191,2017-09-03,St. George Illawarra Dragons,Canterbury Bulldogs,20,26,ANZ,https://www.rugbyleagueproject.org/matches/36321
2017|Rd 26|Wests Tigers|New Zealand Warriors,2017,Rd 26,26,8,192,2017-09-03,Wests Tigers,New Zealand Warriors,28,16,Leichhardt,https://www.rugbyleagueproject.org/matches/36322
2017|Qualif Final|Sydney Roosters|Brisbane Broncos,2017,Qualif Final,27,1,193,2017-09-08,Sydney Roosters,Brisbane Broncos,24,22,Allianz,https://www.rugbyleagueproject.org/matches/36373
2017|Qualif Final|Manly Sea Eagles|Penrith Panthers,2017,Qualif Final,27,2,194,2017-09-09,Manly Sea Eagles,Penrith Panthers,10,22,Allianz,https://www.rugbyleagueproject.org/matches/36375
2017|Qualif Final|Melbourne Storm|Parramatta Eels,2017,Qualif Final,27,3,195,2017-09-09,Melbourne Storm,Parramatta Eels,18,16,AAMI,https://www.rugbyleagueproject.org/matches/36374
2017|Qualif Final|Cronulla Sharks|NQ Cowboys,2017,Qualif Final,27,4,196,2017-09-10,Cronulla Sharks,NQ Cowboys,14,15,Allianz,https://www.rugbyleagueproject.org/matches/36376
2017|Semi Final|Brisbane Broncos|Penrith Panthers,2017,Semi Final,28,1,197,2017-09-15,Brisbane Broncos,Penrith Panthers,13,6,Suncorp,https://www.rugbyleagueproject.org/matches/36381
2017|Semi Final|Parramatta Eels|NQ Cowboys,2017,Semi Final,28,2,198,2017-09-16,Parramatta Eels,NQ Cowboys,16,24,ANZ,https://www.rugbyleagueproject.org/matches/36382
2017|Prelim Final|Melbourne Storm|Brisbane Broncos,2017,Prelim Final,29,1,199,2017-09-22,Melbourne Storm,Brisbane Broncos,30,0,AAMI,https://www.rugbyleagueproject.org/matches/36383
2017|Prelim Final|Sydney Roosters|NQ Cowboys,2017,Prelim Final,29,2,200,2017-09-23,Sydney Roosters,NQ Cowboys,16,29,Allianz,https://www.rugbyleagueproject.org/matches/36384
2017|Grand Final|Melbourne Storm|NQ Cowboys,2017,Grand Final,30,1,201,2017-10-01,Melbourne Storm,NQ Cowboys,34,6,ANZ,https://www.rugbyleagueproject.org/matches/36398
2018|Rd 1|St. George Illawarra Dragons|Brisbane Broncos,2018,Rd 1,1,1,1,2018-03-08,St. George Illawarra Dragons,Brisbane Broncos,34,12,Jubilee Stadium,https://www.rugbyleagueproject.org/matches/36522
2018|Rd 1|NQ Cowboys|Cronulla Sharks,2018,Rd 1,1,2,2,2018-03-09,NQ Cowboys,Cronulla Sharks,20,14,1300SMILES,https://www.rugbyleagueproject.org/matches/36524
2018|Rd 1|Newcastle Knights|Manly Sea Eagles,2018,Rd 1,1,3,3,2018-03-09,Newcastle Knights,Manly Sea Eagles,19,18,McD. Jones,https://www.rugbyleagueproject.org/matches/36523
2018|Rd 1|Canterbury Bulldogs|Melbourne Storm,2018,Rd 1,1,4,4,2018-03-10,Canterbury Bulldogs,Melbourne Storm,18,36,Optus Stadium,https://www.rugbyleagueproject.org/matches/36527
2018|Rd 1|South Sydney Rabbitohs|New Zealand Warriors,2018,Rd 1,1,5,5,2018-03-10,South Sydney Rabbitohs,New Zealand Warriors,20,32,Optus Stadium,https://www.rugbyleagueproject.org/matches/36526
2018|Rd 1|Wests Tigers|Sydney Roosters,2018,Rd 1,1,6,6,2018-03-10,Wests Tigers,Sydney Roosters,10,8,ANZ,https://www.rugbyleagueproject.org/matches/36525
2018|Rd 1|Gold Coast Titans|Canberra Raiders,2018,Rd 1,1,7,7,2018-03-11,Gold Coast Titans,Canberra Raiders,30,28,Cbus Super,https://www.rugbyleagueproject.org/matches/36529
2018|Rd 1|Penrith Panthers|Parramatta Eels,2018,Rd 1,1,8,8,2018-03-11,Penrith Panthers,Parramatta Eels,24,14,Panthers Stadium,https://www.rugbyleagueproject.org/matches/36528
2018|Rd 2|Cronulla Sharks|St. George Illawarra Dragons,2018,Rd 2,2,1,9,2018-03-15,Cronulla Sharks,St. George Illawarra Dragons,16,20,Southern Cross,https://www.rugbyleagueproject.org/matches/36530
2018|Rd 2|Brisbane Broncos|NQ Cowboys,2018,Rd 2,2,2,10,2018-03-16,Brisbane Broncos,NQ Cowboys,24,20,Suncorp,https://www.rugbyleagueproject.org/matches/36532
2018|Rd 2|Sydney Roosters|Canterbury Bulldogs,2018,Rd 2,2,3,11,2018-03-16,Sydney Roosters,Canterbury Bulldogs,30,12,Allianz,https://www.rugbyleagueproject.org/matches/36531
2018|Rd 2|Melbourne Storm|Wests Tigers,2018,Rd 2,2,4,12,2018-03-17,Melbourne Storm,Wests Tigers,8,10,AAMI,https://www.rugbyleagueproject.org/matches/36535
2018|Rd 2|New Zealand Warriors|Gold Coast Titans,2018,Rd 2,2,5,13,2018-03-17,New Zealand Warriors,Gold Coast Titans,20,8,Mt Smart,https://www.rugbyleagueproject.org/matches/36533
2018|Rd 2|Penrith Panthers|South Sydney Rabbitohs,2018,Rd 2,2,6,14,2018-03-17,Penrith Panthers,South Sydney Rabbitohs,18,14,Panthers Stadium,https://www.rugbyleagueproject.org/matches/36534
2018|Rd 2|Canberra Raiders|Newcastle Knights,2018,Rd 2,2,7,15,2018-03-18,Canberra Raiders,Newcastle Knights,28,30,GIO,https://www.rugbyleagueproject.org/matches/36537
2018|Rd 2|Manly Sea Eagles|Parramatta Eels,2018,Rd 2,2,8,16,2018-03-18,Manly Sea Eagles,Parramatta Eels,54,0,Lottoland,https://www.rugbyleagueproject.org/matches/36536
2018|Rd 3|Melbourne Storm|NQ Cowboys,2018,Rd 3,3,1,17,2018-03-22,Melbourne Storm,NQ Cowboys,30,14,AAMI,https://www.rugbyleagueproject.org/matches/36538
2018|Rd 3|Canterbury Bulldogs|Penrith Panthers,2018,Rd 3,3,2,18,2018-03-23,Canterbury Bulldogs,Penrith Panthers,20,18,ANZ,https://www.rugbyleagueproject.org/matches/36539
2018|Rd 3|Wests Tigers|Brisbane Broncos,2018,Rd 3,3,3,19,2018-03-23,Wests Tigers,Brisbane Broncos,7,9,Campbelltown,https://www.rugbyleagueproject.org/matches/36540
2018|Rd 3|Canberra Raiders|New Zealand Warriors,2018,Rd 3,3,4,20,2018-03-24,Canberra Raiders,New Zealand Warriors,19,20,GIO,https://www.rugbyleagueproject.org/matches/36541
2018|Rd 3|Parramatta Eels|Cronulla Sharks,2018,Rd 3,3,5,21,2018-03-24,Parramatta Eels,Cronulla Sharks,4,14,ANZ,https://www.rugbyleagueproject.org/matches/36543
2018|Rd 3|South Sydney Rabbitohs|Manly Sea Eagles,2018,Rd 3,3,6,22,2018-03-24,South Sydney Rabbitohs,Manly Sea Eagles,34,6,ANZ,https://www.rugbyleagueproject.org/matches/36542
2018|Rd 3|Gold Coast Titans|St. George Illawarra Dragons,2018,Rd 3,3,7,23,2018-03-25,Gold Coast Titans,St. George Illawarra Dragons,8,54,Clive Berghofer,https://www.rugbyleagueproject.org/matches/36544
2018|Rd 3|Sydney Roosters|Newcastle Knights,2018,Rd 3,3,8,24,2018-03-25,Sydney Roosters,Newcastle Knights,38,8,Allianz,https://www.rugbyleagueproject.org/matches/36545
2018|Rd 4|NQ Cowboys|Penrith Panthers,2018,Rd 4,4,1,25,2018-03-29,NQ Cowboys,Penrith Panthers,14,33,1300SMILES,https://www.rugbyleagueproject.org/matches/36546
2018|Rd 4|Cronulla Sharks|Melbourne Storm,2018,Rd 4,4,2,26,2018-03-30,Cronulla Sharks,Melbourne Storm,14,4,Southern Cross,https://www.rugbyleagueproject.org/matches/36548
2018|Rd 4|South Sydney Rabbitohs|Canterbury Bulldogs,2018,Rd 4,4,3,27,2018-03-30,South Sydney Rabbitohs,Canterbury Bulldogs,20,16,ANZ,https://www.rugbyleagueproject.org/matches/36547
2018|Rd 4|Manly Sea Eagles|Canberra Raiders,2018,Rd 4,4,4,28,2018-03-31,Manly Sea Eagles,Canberra Raiders,32,16,Lottoland,https://www.rugbyleagueproject.org/matches/36550
2018|Rd 4|Sydney Roosters|New Zealand Warriors,2018,Rd 4,4,5,29,2018-03-31,Sydney Roosters,New Zealand Warriors,6,30,Allianz,https://www.rugbyleagueproject.org/matches/36549
2018|Rd 4|Brisbane Broncos|Gold Coast Titans,2018,Rd 4,4,6,30,2018-04-01,Brisbane Broncos,Gold Coast Titans,14,26,Suncorp,https://www.rugbyleagueproject.org/matches/36552
2018|Rd 4|St. George Illawarra Dragons|Newcastle Knights,2018,Rd 4,4,7,31,2018-04-01,St. George Illawarra Dragons,Newcastle Knights,30,12,WIN,https://www.rugbyleagueproject.org/matches/36551
2018|Rd 4|Wests Tigers|Parramatta Eels,2018,Rd 4,4,8,32,2018-04-02,Wests Tigers,Parramatta Eels,30,20,ANZ,https://www.rugbyleagueproject.org/matches/36553
2018|Rd 5|Canberra Raiders|Canterbury Bulldogs,2018,Rd 5,5,1,33,2018-04-05,Canberra Raiders,Canterbury Bulldogs,26,10,GIO,https://www.rugbyleagueproject.org/matches/36554
2018|Rd 5|Cronulla Sharks|Sydney Roosters,2018,Rd 5,5,2,34,2018-04-06,Cronulla Sharks,Sydney Roosters,10,28,Southern Cross,https://www.rugbyleagueproject.org/matches/36555
2018|Rd 5|St. George Illawarra Dragons|South Sydney Rabbitohs,2018,Rd 5,5,3,35,2018-04-06,St. George Illawarra Dragons,South Sydney Rabbitohs,16,12,Jubilee Stadium,https://www.rugbyleagueproject.org/matches/36556
2018|Rd 5|New Zealand Warriors|NQ Cowboys,2018,Rd 5,5,4,36,2018-04-07,New Zealand Warriors,NQ Cowboys,22,12,Mt Smart,https://www.rugbyleagueproject.org/matches/36558
2018|Rd 5|Newcastle Knights|Brisbane Broncos,2018,Rd 5,5,5,37,2018-04-07,Newcastle Knights,Brisbane Broncos,15,10,McD. Jones,https://www.rugbyleagueproject.org/matches/36559
2018|Rd 5|Wests Tigers|Melbourne Storm,2018,Rd 5,5,6,38,2018-04-07,Wests Tigers,Melbourne Storm,11,10,Mt Smart,https://www.rugbyleagueproject.org/matches/36557
2018|Rd 5|Gold Coast Titans|Manly Sea Eagles,2018,Rd 5,5,7,39,2018-04-08,Gold Coast Titans,Manly Sea Eagles,32,20,Marley Brown,https://www.rugbyleagueproject.org/matches/36560
2018|Rd 5|Parramatta Eels|Penrith Panthers,2018,Rd 5,5,8,40,2018-04-08,Parramatta Eels,Penrith Panthers,6,12,ANZ,https://www.rugbyleagueproject.org/matches/36561
2018|Rd 6|Sydney Roosters|South Sydney Rabbitohs,2018,Rd 6,6,1,41,2018-04-12,Sydney Roosters,South Sydney Rabbitohs,14,26,Allianz,https://www.rugbyleagueproject.org/matches/36562
2018|Rd 6|Melbourne Storm|Newcastle Knights,2018,Rd 6,6,2,42,2018-04-13,Melbourne Storm,Newcastle Knights,40,14,AAMI,https://www.rugbyleagueproject.org/matches/36563
2018|Rd 6|St. George Illawarra Dragons|Cronulla Sharks,2018,Rd 6,6,3,43,2018-04-13,St. George Illawarra Dragons,Cronulla Sharks,40,20,WIN,https://www.rugbyleagueproject.org/matches/36564
2018|Rd 6|Canberra Raiders|Parramatta Eels,2018,Rd 6,6,4,44,2018-04-14,Canberra Raiders,Parramatta Eels,18,2,GIO,https://www.rugbyleagueproject.org/matches/36567
2018|Rd 6|NQ Cowboys|Canterbury Bulldogs,2018,Rd 6,6,5,45,2018-04-14,NQ Cowboys,Canterbury Bulldogs,10,27,1300SMILES,https://www.rugbyleagueproject.org/matches/36566
2018|Rd 6|New Zealand Warriors|Brisbane Broncos,2018,Rd 6,6,6,46,2018-04-14,New Zealand Warriors,Brisbane Broncos,18,27,Mt Smart,https://www.rugbyleagueproject.org/matches/36565
2018|Rd 6|Manly Sea Eagles|Wests Tigers,2018,Rd 6,6,7,47,2018-04-15,Manly Sea Eagles,Wests Tigers,12,38,Lottoland,https://www.rugbyleagueproject.org/matches/36569
2018|Rd 6|Penrith Panthers|Gold Coast Titans,2018,Rd 6,6,8,48,2018-04-15,Penrith Panthers,Gold Coast Titans,35,12,Panthers Stadium,https://www.rugbyleagueproject.org/matches/36568
2018|Rd 7|Canterbury Bulldogs|Sydney Roosters,2018,Rd 7,7,1,49,2018-04-19,Canterbury Bulldogs,Sydney Roosters,0,6,ANZ,https://www.rugbyleagueproject.org/matches/36570
2018|Rd 7|Brisbane Broncos|Melbourne Storm,2018,Rd 7,7,2,50,2018-04-20,Brisbane Broncos,Melbourne Storm,20,34,Suncorp,https://www.rugbyleagueproject.org/matches/36572
2018|Rd 7|New Zealand Warriors|St. George Illawarra Dragons,2018,Rd 7,7,3,51,2018-04-20,New Zealand Warriors,St. George Illawarra Dragons,20,12,Mt Smart,https://www.rugbyleagueproject.org/matches/36571
2018|Rd 7|NQ Cowboys|Gold Coast Titans,2018,Rd 7,7,4,52,2018-04-21,NQ Cowboys,Gold Coast Titans,26,14,1300SMILES,https://www.rugbyleagueproject.org/matches/36575
2018|Rd 7|South Sydney Rabbitohs|Canberra Raiders,2018,Rd 7,7,5,53,2018-04-21,South Sydney Rabbitohs,Canberra Raiders,42,22,Central Coast,https://www.rugbyleagueproject.org/matches/36573
2018|Rd 7|Wests Tigers|Newcastle Knights,2018,Rd 7,7,6,54,2018-04-21,Wests Tigers,Newcastle Knights,20,22,Scully,https://www.rugbyleagueproject.org/matches/36574
2018|Rd 7|Cronulla Sharks|Penrith Panthers,2018,Rd 7,7,7,55,2018-04-22,Cronulla Sharks,Penrith Panthers,26,22,Southern Cross,https://www.rugbyleagueproject.org/matches/36577
2018|Rd 7|Parramatta Eels|Manly Sea Eagles,2018,Rd 7,7,8,56,2018-04-22,Parramatta Eels,Manly Sea Eagles,44,10,ANZ,https://www.rugbyleagueproject.org/matches/36576
2018|Rd 8|Melbourne Storm|New Zealand Warriors,2018,Rd 8,8,1,57,2018-04-25,Melbourne Storm,New Zealand Warriors,50,10,AAMI,https://www.rugbyleagueproject.org/matches/36579
2018|Rd 8|St. George Illawarra Dragons|Sydney Roosters,2018,Rd 8,8,2,58,2018-04-25,St. George Illawarra Dragons,Sydney Roosters,24,8,Allianz,https://www.rugbyleagueproject.org/matches/36578
2018|Rd 8|South Sydney Rabbitohs|Brisbane Broncos,2018,Rd 8,8,3,59,2018-04-26,South Sydney Rabbitohs,Brisbane Broncos,20,24,ANZ,https://www.rugbyleagueproject.org/matches/36580
2018|Rd 8|Manly Sea Eagles|Newcastle Knights,2018,Rd 8,8,4,60,2018-04-27,Manly Sea Eagles,Newcastle Knights,12,18,Lottoland,https://www.rugbyleagueproject.org/matches/36581
2018|Rd 8|Penrith Panthers|Canterbury Bulldogs,2018,Rd 8,8,5,61,2018-04-27,Penrith Panthers,Canterbury Bulldogs,22,14,Panthers Stadium,https://www.rugbyleagueproject.org/matches/36582
2018|Rd 8|Gold Coast Titans|Cronulla Sharks,2018,Rd 8,8,6,62,2018-04-28,Gold Coast Titans,Cronulla Sharks,9,10,Cbus Super,https://www.rugbyleagueproject.org/matches/36583
2018|Rd 8|NQ Cowboys|Canberra Raiders,2018,Rd 8,8,7,63,2018-04-28,NQ Cowboys,Canberra Raiders,8,18,1300SMILES,https://www.rugbyleagueproject.org/matches/36584
2018|Rd 8|Parramatta Eels|Wests Tigers,2018,Rd 8,8,8,64,2018-04-29,Parramatta Eels,Wests Tigers,24,22,ANZ,https://www.rugbyleagueproject.org/matches/36585
2018|Rd 9|Brisbane Broncos|Canterbury Bulldogs,2018,Rd 9,9,1,65,2018-05-03,Brisbane Broncos,Canterbury Bulldogs,22,20,Suncorp,https://www.rugbyleagueproject.org/matches/36586
2018|Rd 9|Newcastle Knights|South Sydney Rabbitohs,2018,Rd 9,9,2,66,2018-05-04,Newcastle Knights,South Sydney Rabbitohs,18,36,McD. Jones,https://www.rugbyleagueproject.org/matches/36587
2018|Rd 9|Penrith Panthers|NQ Cowboys,2018,Rd 9,9,3,67,2018-05-04,Penrith Panthers,NQ Cowboys,20,26,Carrington,https://www.rugbyleagueproject.org/matches/36588
2018|Rd 9|Canberra Raiders|Gold Coast Titans,2018,Rd 9,9,4,68,2018-05-05,Canberra Raiders,Gold Coast Titans,32,18,GIO,https://www.rugbyleagueproject.org/matches/36589
2018|Rd 9|Cronulla Sharks|Parramatta Eels,2018,Rd 9,9,5,69,2018-05-05,Cronulla Sharks,Parramatta Eels,22,20,Southern Cross,https://www.rugbyleagueproject.org/matches/36591
2018|Rd 9|New Zealand Warriors|Wests Tigers,2018,Rd 9,9,6,70,2018-05-05,New Zealand Warriors,Wests Tigers,26,4,Mt Smart,https://www.rugbyleagueproject.org/matches/36590
2018|Rd 9|St. George Illawarra Dragons|Melbourne Storm,2018,Rd 9,9,7,71,2018-05-06,St. George Illawarra Dragons,Melbourne Storm,34,14,Jubilee Stadium,https://www.rugbyleagueproject.org/matches/36592
2018|Rd 9|Sydney Roosters|Manly Sea Eagles,2018,Rd 9,9,8,72,2018-05-06,Sydney Roosters,Manly Sea Eagles,22,20,Allianz,https://www.rugbyleagueproject.org/matches/36593
2018|Rd 10|Wests Tigers|NQ Cowboys,2018,Rd 10,10,1,73,2018-05-10,Wests Tigers,NQ Cowboys,20,12,Leichhardt,https://www.rugbyleagueproject.org/matches/36594
2018|Rd 10|Canterbury Bulldogs|Parramatta Eels,2018,Rd 10,10,2,74,2018-05-11,Canterbury Bulldogs,Parramatta Eels,20,12,ANZ,https://www.rugbyleagueproject.org/matches/36596
2018|Rd 10|Newcastle Knights|Penrith Panthers,2018,Rd 10,10,3,75,2018-05-11,Newcastle Knights,Penrith Panthers,18,29,McD. Jones,https://www.rugbyleagueproject.org/matches/36595
2018|Rd 10|Manly Sea Eagles|Brisbane Broncos,2018,Rd 10,10,4,76,2018-05-12,Manly Sea Eagles,Brisbane Broncos,38,24,Suncorp,https://www.rugbyleagueproject.org/matches/36599
2018|Rd 10|Melbourne Storm|Gold Coast Titans,2018,Rd 10,10,5,77,2018-05-12,Melbourne Storm,Gold Coast Titans,28,14,Suncorp,https://www.rugbyleagueproject.org/matches/36598
2018|Rd 10|New Zealand Warriors|Sydney Roosters,2018,Rd 10,10,6,78,2018-05-12,New Zealand Warriors,Sydney Roosters,0,32,Mt Smart,https://www.rugbyleagueproject.org/matches/36597
2018|Rd 10|Canberra Raiders|Cronulla Sharks,2018,Rd 10,10,7,79,2018-05-13,Canberra Raiders,Cronulla Sharks,16,24,GIO,https://www.rugbyleagueproject.org/matches/36601
2018|Rd 10|South Sydney Rabbitohs|St. George Illawarra Dragons,2018,Rd 10,10,8,80,2018-05-13,South Sydney Rabbitohs,St. George Illawarra Dragons,24,10,ANZ,https://www.rugbyleagueproject.org/matches/36600
2018|Rd 11|Penrith Panthers|Wests Tigers,2018,Rd 11,11,1,81,2018-05-17,Penrith Panthers,Wests Tigers,16,2,Panthers Stadium,https://www.rugbyleagueproject.org/matches/36602
2018|Rd 11|Brisbane Broncos|Sydney Roosters,2018,Rd 11,11,2,82,2018-05-18,Brisbane Broncos,Sydney Roosters,28,22,Suncorp,https://www.rugbyleagueproject.org/matches/36604
2018|Rd 11|Parramatta Eels|New Zealand Warriors,2018,Rd 11,11,3,83,2018-05-18,Parramatta Eels,New Zealand Warriors,14,24,ANZ,https://www.rugbyleagueproject.org/matches/36603
2018|Rd 11|Gold Coast Titans|Newcastle Knights,2018,Rd 11,11,4,84,2018-05-19,Gold Coast Titans,Newcastle Knights,33,26,Cbus Super,https://www.rugbyleagueproject.org/matches/36605
2018|Rd 11|Melbourne Storm|Manly Sea Eagles,2018,Rd 11,11,5,85,2018-05-19,Melbourne Storm,Manly Sea Eagles,4,24,AAMI,https://www.rugbyleagueproject.org/matches/36607
2018|Rd 11|NQ Cowboys|South Sydney Rabbitohs,2018,Rd 11,11,6,86,2018-05-19,NQ Cowboys,South Sydney Rabbitohs,19,20,1300SMILES,https://www.rugbyleagueproject.org/matches/36606
2018|Rd 11|Cronulla Sharks|Canterbury Bulldogs,2018,Rd 11,11,7,87,2018-05-20,Cronulla Sharks,Canterbury Bulldogs,22,16,Southern Cross,https://www.rugbyleagueproject.org/matches/36609
2018|Rd 11|St. George Illawarra Dragons|Canberra Raiders,2018,Rd 11,11,8,88,2018-05-20,St. George Illawarra Dragons,Canberra Raiders,25,18,Glen Willow,https://www.rugbyleagueproject.org/matches/36608
2018|Rd 12|Brisbane Broncos|Parramatta Eels,2018,Rd 12,12,1,89,2018-05-24,Brisbane Broncos,Parramatta Eels,18,10,Suncorp,https://www.rugbyleagueproject.org/matches/36610
2018|Rd 12|Canberra Raiders|Manly Sea Eagles,2018,Rd 12,12,2,90,2018-05-25,Canberra Raiders,Manly Sea Eagles,21,20,GIO,https://www.rugbyleagueproject.org/matches/36611
2018|Rd 12|NQ Cowboys|Melbourne Storm,2018,Rd 12,12,3,91,2018-05-25,NQ Cowboys,Melbourne Storm,6,7,1300SMILES,https://www.rugbyleagueproject.org/matches/36612
2018|Rd 12|New Zealand Warriors|South Sydney Rabbitohs,2018,Rd 12,12,4,92,2018-05-26,New Zealand Warriors,South Sydney Rabbitohs,10,30,Mt Smart,https://www.rugbyleagueproject.org/matches/36614
2018|Rd 12|Penrith Panthers|St. George Illawarra Dragons,2018,Rd 12,12,5,93,2018-05-26,Penrith Panthers,St. George Illawarra Dragons,28,2,Panthers Stadium,https://www.rugbyleagueproject.org/matches/36615
2018|Rd 12|Sydney Roosters|Gold Coast Titans,2018,Rd 12,12,6,94,2018-05-26,Sydney Roosters,Gold Coast Titans,34,14,Central Coast,https://www.rugbyleagueproject.org/matches/36613
2018|Rd 12|Newcastle Knights|Cronulla Sharks,2018,Rd 12,12,7,95,2018-05-27,Newcastle Knights,Cronulla Sharks,10,48,McD. Jones,https://www.rugbyleagueproject.org/matches/36616
2018|Rd 12|Wests Tigers|Canterbury Bulldogs,2018,Rd 12,12,8,96,2018-05-27,Wests Tigers,Canterbury Bulldogs,14,10,ANZ,https://www.rugbyleagueproject.org/matches/36617
2018|Rd 13|Manly Sea Eagles|NQ Cowboys,2018,Rd 13,13,1,97,2018-05-31,Manly Sea Eagles,NQ Cowboys,12,26,Lottoland,https://www.rugbyleagueproject.org/matches/36618
2018|Rd 13|South Sydney Rabbitohs|Cronulla Sharks,2018,Rd 13,13,2,98,2018-06-01,South Sydney Rabbitohs,Cronulla Sharks,22,14,ANZ,https://www.rugbyleagueproject.org/matches/36619
2018|Rd 13|Parramatta Eels|Newcastle Knights,2018,Rd 13,13,3,99,2018-06-02,Parramatta Eels,Newcastle Knights,4,30,ANZ,https://www.rugbyleagueproject.org/matches/36620
2018|Rd 13|Sydney Roosters|Wests Tigers,2018,Rd 13,13,4,100,2018-06-03,Sydney Roosters,Wests Tigers,16,14,Allianz,https://www.rugbyleagueproject.org/matches/36621
2018|Rd 14|Canberra Raiders|Penrith Panthers,2018,Rd 14,14,1,101,2018-06-08,Canberra Raiders,Penrith Panthers,22,23,GIO,https://www.rugbyleagueproject.org/matches/36622
2018|Rd 14|Gold Coast Titans|South Sydney Rabbitohs,2018,Rd 14,14,2,102,2018-06-08,Gold Coast Titans,South Sydney Rabbitohs,16,18,Cbus Super,https://www.rugbyleagueproject.org/matches/36623
2018|Rd 14|Manly Sea Eagles|New Zealand Warriors,2018,Rd 14,14,3,103,2018-06-09,Manly Sea Eagles,New Zealand Warriors,14,34,RL Park,https://www.rugbyleagueproject.org/matches/36624
2018|Rd 14|Newcastle Knights|Sydney Roosters,2018,Rd 14,14,4,104,2018-06-09,Newcastle Knights,Sydney Roosters,16,18,McD. Jones,https://www.rugbyleagueproject.org/matches/36625
2018|Rd 14|Parramatta Eels|NQ Cowboys,2018,Rd 14,14,5,105,2018-06-09,Parramatta Eels,NQ Cowboys,20,14,TIO,https://www.rugbyleagueproject.org/matches/36626
2018|Rd 14|Cronulla Sharks|Wests Tigers,2018,Rd 14,14,6,106,2018-06-10,Cronulla Sharks,Wests Tigers,24,16,Southern Cross,https://www.rugbyleagueproject.org/matches/36627
2018|Rd 14|Melbourne Storm|Brisbane Broncos,2018,Rd 14,14,7,107,2018-06-10,Melbourne Storm,Brisbane Broncos,32,16,AAMI,https://www.rugbyleagueproject.org/matches/36628
2018|Rd 14|Canterbury Bulldogs|St. George Illawarra Dragons,2018,Rd 14,14,8,108,2018-06-11,Canterbury Bulldogs,St. George Illawarra Dragons,16,18,ANZ,https://www.rugbyleagueproject.org/matches/36629
2018|Rd 15|Parramatta Eels|South Sydney Rabbitohs,2018,Rd 15,15,1,109,2018-06-14,Parramatta Eels,South Sydney Rabbitohs,24,42,ANZ,https://www.rugbyleagueproject.org/matches/36630
2018|Rd 15|NQ Cowboys|New Zealand Warriors,2018,Rd 15,15,2,110,2018-06-15,NQ Cowboys,New Zealand Warriors,16,23,1300SMILES,https://www.rugbyleagueproject.org/matches/36631
2018|Rd 15|Sydney Roosters|Penrith Panthers,2018,Rd 15,15,3,111,2018-06-15,Sydney Roosters,Penrith Panthers,32,6,Allianz,https://www.rugbyleagueproject.org/matches/36632
2018|Rd 15|Canterbury Bulldogs|Gold Coast Titans,2018,Rd 15,15,4,112,2018-06-16,Canterbury Bulldogs,Gold Coast Titans,10,32,Belmore,https://www.rugbyleagueproject.org/matches/36633
2018|Rd 15|Cronulla Sharks|Brisbane Broncos,2018,Rd 15,15,5,113,2018-06-16,Cronulla Sharks,Brisbane Broncos,16,20,Southern Cross,https://www.rugbyleagueproject.org/matches/36635
2018|Rd 15|St. George Illawarra Dragons|Manly Sea Eagles,2018,Rd 15,15,6,114,2018-06-16,St. George Illawarra Dragons,Manly Sea Eagles,32,8,WIN,https://www.rugbyleagueproject.org/matches/36634
2018|Rd 15|Newcastle Knights|Melbourne Storm,2018,Rd 15,15,7,115,2018-06-17,Newcastle Knights,Melbourne Storm,10,28,McD. Jones,https://www.rugbyleagueproject.org/matches/36636
2018|Rd 15|Wests Tigers|Canberra Raiders,2018,Rd 15,15,8,116,2018-06-17,Wests Tigers,Canberra Raiders,12,48,Campbelltown,https://www.rugbyleagueproject.org/matches/36637
2018|Rd 16|St. George Illawarra Dragons|Parramatta Eels,2018,Rd 16,16,1,117,2018-06-28,St. George Illawarra Dragons,Parramatta Eels,20,18,WIN,https://www.rugbyleagueproject.org/matches/36638
2018|Rd 16|New Zealand Warriors|Cronulla Sharks,2018,Rd 16,16,2,118,2018-06-29,New Zealand Warriors,Cronulla Sharks,15,18,Mt Smart,https://www.rugbyleagueproject.org/matches/36639
2018|Rd 16|Sydney Roosters|Melbourne Storm,2018,Rd 16,16,3,119,2018-06-29,Sydney Roosters,Melbourne Storm,8,9,Adelaide,https://www.rugbyleagueproject.org/matches/36640
2018|Rd 16|Brisbane Broncos|Canberra Raiders,2018,Rd 16,16,4,120,2018-06-30,Brisbane Broncos,Canberra Raiders,26,22,Suncorp,https://www.rugbyleagueproject.org/matches/36643
2018|Rd 16|Newcastle Knights|Canterbury Bulldogs,2018,Rd 16,16,5,121,2018-06-30,Newcastle Knights,Canterbury Bulldogs,16,36,McD. Jones,https://www.rugbyleagueproject.org/matches/36642
2018|Rd 16|Penrith Panthers|Manly Sea Eagles,2018,Rd 16,16,6,122,2018-06-30,Penrith Panthers,Manly Sea Eagles,10,18,Panthers Stadium,https://www.rugbyleagueproject.org/matches/36641
2018|Rd 16|South Sydney Rabbitohs|NQ Cowboys,2018,Rd 16,16,7,123,2018-07-01,South Sydney Rabbitohs,NQ Cowboys,21,20,Barlow Park,https://www.rugbyleagueproject.org/matches/36645
2018|Rd 16|Wests Tigers|Gold Coast Titans,2018,Rd 16,16,8,124,2018-07-01,Wests Tigers,Gold Coast Titans,12,30,Leichhardt,https://www.rugbyleagueproject.org/matches/36644
2018|Rd 17|Melbourne Storm|St. George Illawarra Dragons,2018,Rd 17,17,1,125,2018-07-05,Melbourne Storm,St. George Illawarra Dragons,52,30,AAMI,https://www.rugbyleagueproject.org/matches/36646
2018|Rd 17|Penrith Panthers|New Zealand Warriors,2018,Rd 17,17,2,126,2018-07-06,Penrith Panthers,New Zealand Warriors,36,4,Panthers Stadium,https://www.rugbyleagueproject.org/matches/36647
2018|Rd 17|Canterbury Bulldogs|Canberra Raiders,2018,Rd 17,17,3,127,2018-07-07,Canterbury Bulldogs,Canberra Raiders,28,32,Belmore,https://www.rugbyleagueproject.org/matches/36648
2018|Rd 17|Gold Coast Titans|Brisbane Broncos,2018,Rd 17,17,4,128,2018-07-08,Gold Coast Titans,Brisbane Broncos,0,34,Cbus Super,https://www.rugbyleagueproject.org/matches/36649
2018|Rd 18|Newcastle Knights|Parramatta Eels,2018,Rd 18,18,1,129,2018-07-13,Newcastle Knights,Parramatta Eels,18,16,McD. Jones,https://www.rugbyleagueproject.org/matches/36651
2018|Rd 18|Penrith Panthers|Cronulla Sharks,2018,Rd 18,18,2,130,2018-07-13,Penrith Panthers,Cronulla Sharks,12,24,Panthers Stadium,https://www.rugbyleagueproject.org/matches/36650
2018|Rd 18|Canberra Raiders|NQ Cowboys,2018,Rd 18,18,3,131,2018-07-14,Canberra Raiders,NQ Cowboys,38,12,GIO,https://www.rugbyleagueproject.org/matches/36654
2018|Rd 18|Canterbury Bulldogs|South Sydney Rabbitohs,2018,Rd 18,18,4,132,2018-07-14,Canterbury Bulldogs,South Sydney Rabbitohs,6,24,ANZ,https://www.rugbyleagueproject.org/matches/36652
2018|Rd 18|Manly Sea Eagles|Melbourne Storm,2018,Rd 18,18,5,133,2018-07-14,Manly Sea Eagles,Melbourne Storm,13,14,Lottoland,https://www.rugbyleagueproject.org/matches/36653
2018|Rd 18|Brisbane Broncos|New Zealand Warriors,2018,Rd 18,18,6,134,2018-07-15,Brisbane Broncos,New Zealand Warriors,6,26,Suncorp,https://www.rugbyleagueproject.org/matches/36655
2018|Rd 18|Gold Coast Titans|Sydney Roosters,2018,Rd 18,18,7,135,2018-07-15,Gold Coast Titans,Sydney Roosters,12,20,Cbus Super,https://www.rugbyleagueproject.org/matches/36657
2018|Rd 18|St. George Illawarra Dragons|Wests Tigers,2018,Rd 18,18,8,136,2018-07-15,St. George Illawarra Dragons,Wests Tigers,16,20,Jubilee Stadium,https://www.rugbyleagueproject.org/matches/36656
2018|Rd 19|Parramatta Eels|Canterbury Bulldogs,2018,Rd 19,19,1,137,2018-07-19,Parramatta Eels,Canterbury Bulldogs,14,8,ANZ,https://www.rugbyleagueproject.org/matches/36658
2018|Rd 19|Brisbane Broncos|Penrith Panthers,2018,Rd 19,19,2,138,2018-07-20,Brisbane Broncos,Penrith Panthers,50,18,Suncorp,https://www.rugbyleagueproject.org/matches/36660
2018|Rd 19|Cronulla Sharks|Canberra Raiders,2018,Rd 19,19,3,139,2018-07-20,Cronulla Sharks,Canberra Raiders,28,24,Southern Cross,https://www.rugbyleagueproject.org/matches/36659
2018|Rd 19|NQ Cowboys|St. George Illawarra Dragons,2018,Rd 19,19,4,140,2018-07-21,NQ Cowboys,St. George Illawarra Dragons,10,24,1300SMILES,https://www.rugbyleagueproject.org/matches/36663
2018|Rd 19|Newcastle Knights|Gold Coast Titans,2018,Rd 19,19,5,141,2018-07-21,Newcastle Knights,Gold Coast Titans,30,24,McD. Jones,https://www.rugbyleagueproject.org/matches/36661
2018|Rd 19|Wests Tigers|South Sydney Rabbitohs,2018,Rd 19,19,6,142,2018-07-21,Wests Tigers,South Sydney Rabbitohs,22,6,ANZ,https://www.rugbyleagueproject.org/matches/36662
2018|Rd 19|Manly Sea Eagles|Sydney Roosters,2018,Rd 19,19,7,143,2018-07-22,Manly Sea Eagles,Sydney Roosters,24,56,Lottoland,https://www.rugbyleagueproject.org/matches/36665
2018|Rd 19|New Zealand Warriors|Melbourne Storm,2018,Rd 19,19,8,144,2018-07-22,New Zealand Warriors,Melbourne Storm,6,12,Mt Smart,https://www.rugbyleagueproject.org/matches/36664
2018|Rd 20|Brisbane Broncos|Cronulla Sharks,2018,Rd 20,20,1,145,2018-07-26,Brisbane Broncos,Cronulla Sharks,12,10,Suncorp,https://www.rugbyleagueproject.org/matches/36666
2018|Rd 20|Canterbury Bulldogs|Wests Tigers,2018,Rd 20,20,2,146,2018-07-27,Canterbury Bulldogs,Wests Tigers,16,4,ANZ,https://www.rugbyleagueproject.org/matches/36668
2018|Rd 20|NQ Cowboys|Newcastle Knights,2018,Rd 20,20,3,147,2018-07-27,NQ Cowboys,Newcastle Knights,20,18,1300SMILES,https://www.rugbyleagueproject.org/matches/36667
2018|Rd 20|Manly Sea Eagles|Penrith Panthers,2018,Rd 20,20,4,148,2018-07-28,Manly Sea Eagles,Penrith Panthers,24,28,Lottoland,https://www.rugbyleagueproject.org/matches/36669
2018|Rd 20|Melbourne Storm|Canberra Raiders,2018,Rd 20,20,5,149,2018-07-28,Melbourne Storm,Canberra Raiders,44,10,AAMI,https://www.rugbyleagueproject.org/matches/36671
2018|Rd 20|South Sydney Rabbitohs|Parramatta Eels,2018,Rd 20,20,6,150,2018-07-28,South Sydney Rabbitohs,Parramatta Eels,26,20,ANZ,https://www.rugbyleagueproject.org/matches/36670
2018|Rd 20|Gold Coast Titans|New Zealand Warriors,2018,Rd 20,20,7,151,2018-07-29,Gold Coast Titans,New Zealand Warriors,36,12,Cbus Super,https://www.rugbyleagueproject.org/matches/36672
2018|Rd 20|Sydney Roosters|St. George Illawarra Dragons,2018,Rd 20,20,8,152,2018-07-29,Sydney Roosters,St. George Illawarra Dragons,36,18,Allianz,https://www.rugbyleagueproject.org/matches/36673
2018|Rd 21|Canterbury Bulldogs|Brisbane Broncos,2018,Rd 21,21,1,153,2018-08-02,Canterbury Bulldogs,Brisbane Broncos,36,22,ANZ,https://www.rugbyleagueproject.org/matches/36674
2018|Rd 21|Newcastle Knights|Wests Tigers,2018,Rd 21,21,2,154,2018-08-03,Newcastle Knights,Wests Tigers,16,25,McD. Jones,https://www.rugbyleagueproject.org/matches/36675
2018|Rd 21|South Sydney Rabbitohs|Melbourne Storm,2018,Rd 21,21,3,155,2018-08-03,South Sydney Rabbitohs,Melbourne Storm,30,20,ANZ,https://www.rugbyleagueproject.org/matches/36676
2018|Rd 21|Parramatta Eels|Gold Coast Titans,2018,Rd 21,21,4,156,2018-08-04,Parramatta Eels,Gold Coast Titans,28,12,ANZ,https://www.rugbyleagueproject.org/matches/36678
2018|Rd 21|St. George Illawarra Dragons|New Zealand Warriors,2018,Rd 21,21,5,157,2018-08-04,St. George Illawarra Dragons,New Zealand Warriors,12,18,WIN,https://www.rugbyleagueproject.org/matches/36677
2018|Rd 21|Sydney Roosters|NQ Cowboys,2018,Rd 21,21,6,158,2018-08-04,Sydney Roosters,NQ Cowboys,26,20,Allianz,https://www.rugbyleagueproject.org/matches/36679
2018|Rd 21|Cronulla Sharks|Manly Sea Eagles,2018,Rd 21,21,7,159,2018-08-05,Cronulla Sharks,Manly Sea Eagles,32,33,Southern Cross,https://www.rugbyleagueproject.org/matches/36680
2018|Rd 21|Penrith Panthers|Canberra Raiders,2018,Rd 21,21,8,160,2018-08-05,Penrith Panthers,Canberra Raiders,40,31,Panthers Stadium,https://www.rugbyleagueproject.org/matches/36681
2018|Rd 22|NQ Cowboys|Brisbane Broncos,2018,Rd 22,22,1,161,2018-08-09,NQ Cowboys,Brisbane Broncos,34,30,1300SMILES,https://www.rugbyleagueproject.org/matches/36682
2018|Rd 22|New Zealand Warriors|Newcastle Knights,2018,Rd 22,22,2,162,2018-08-10,New Zealand Warriors,Newcastle Knights,20,4,Mt Smart,https://www.rugbyleagueproject.org/matches/36683
2018|Rd 22|South Sydney Rabbitohs|Sydney Roosters,2018,Rd 22,22,3,163,2018-08-10,South Sydney Rabbitohs,Sydney Roosters,14,18,ANZ,https://www.rugbyleagueproject.org/matches/36684
2018|Rd 22|Gold Coast Titans|Penrith Panthers,2018,Rd 22,22,4,164,2018-08-11,Gold Coast Titans,Penrith Panthers,16,17,Cbus Super,https://www.rugbyleagueproject.org/matches/36685
2018|Rd 22|Manly Sea Eagles|Canterbury Bulldogs,2018,Rd 22,22,5,165,2018-08-11,Manly Sea Eagles,Canterbury Bulldogs,18,6,Lottoland,https://www.rugbyleagueproject.org/matches/36686
2018|Rd 22|Parramatta Eels|St. George Illawarra Dragons,2018,Rd 22,22,6,166,2018-08-11,Parramatta Eels,St. George Illawarra Dragons,40,4,ANZ,https://www.rugbyleagueproject.org/matches/36687
2018|Rd 22|Canberra Raiders|Wests Tigers,2018,Rd 22,22,7,167,2018-08-12,Canberra Raiders,Wests Tigers,20,22,GIO,https://www.rugbyleagueproject.org/matches/36688
2018|Rd 22|Melbourne Storm|Cronulla Sharks,2018,Rd 22,22,8,168,2018-08-12,Melbourne Storm,Cronulla Sharks,14,17,AAMI,https://www.rugbyleagueproject.org/matches/36689
2018|Rd 23|Brisbane Broncos|South Sydney Rabbitohs,2018,Rd 23,23,1,169,2018-08-16,Brisbane Broncos,South Sydney Rabbitohs,38,18,Suncorp,https://www.rugbyleagueproject.org/matches/36690
2018|Rd 23|Manly Sea Eagles|Gold Coast Titans,2018,Rd 23,23,2,170,2018-08-17,Manly Sea Eagles,Gold Coast Titans,34,42,Lottoland,https://www.rugbyleagueproject.org/matches/36691
2018|Rd 23|Melbourne Storm|Parramatta Eels,2018,Rd 23,23,3,171,2018-08-17,Melbourne Storm,Parramatta Eels,20,4,AAMI,https://www.rugbyleagueproject.org/matches/36692
2018|Rd 23|Cronulla Sharks|NQ Cowboys,2018,Rd 23,23,4,172,2018-08-18,Cronulla Sharks,NQ Cowboys,28,16,Southern Cross,https://www.rugbyleagueproject.org/matches/36695
2018|Rd 23|Penrith Panthers|Newcastle Knights,2018,Rd 23,23,5,173,2018-08-18,Penrith Panthers,Newcastle Knights,12,20,Panthers Stadium,https://www.rugbyleagueproject.org/matches/36693
2018|Rd 23|Wests Tigers|St. George Illawarra Dragons,2018,Rd 23,23,6,174,2018-08-18,Wests Tigers,St. George Illawarra Dragons,10,20,Leichhardt,https://www.rugbyleagueproject.org/matches/36694
2018|Rd 23|Canberra Raiders|Sydney Roosters,2018,Rd 23,23,7,175,2018-08-19,Canberra Raiders,Sydney Roosters,14,12,GIO,https://www.rugbyleagueproject.org/matches/36697
2018|Rd 23|Canterbury Bulldogs|New Zealand Warriors,2018,Rd 23,23,8,176,2018-08-19,Canterbury Bulldogs,New Zealand Warriors,27,26,ANZ,https://www.rugbyleagueproject.org/matches/36696
2018|Rd 24|Wests Tigers|Manly Sea Eagles,2018,Rd 24,24,1,177,2018-08-23,Wests Tigers,Manly Sea Eagles,22,20,Campbelltown,https://www.rugbyleagueproject.org/matches/36698
2018|Rd 24|NQ Cowboys|Parramatta Eels,2018,Rd 24,24,2,178,2018-08-24,NQ Cowboys,Parramatta Eels,44,6,1300SMILES,https://www.rugbyleagueproject.org/matches/36700
2018|Rd 24|New Zealand Warriors|Penrith Panthers,2018,Rd 24,24,3,179,2018-08-24,New Zealand Warriors,Penrith Panthers,36,16,Mt Smart,https://www.rugbyleagueproject.org/matches/36699
2018|Rd 24|Canberra Raiders|South Sydney Rabbitohs,2018,Rd 24,24,4,180,2018-08-25,Canberra Raiders,South Sydney Rabbitohs,24,12,GIO,https://www.rugbyleagueproject.org/matches/36701
2018|Rd 24|Gold Coast Titans|Melbourne Storm,2018,Rd 24,24,5,181,2018-08-25,Gold Coast Titans,Melbourne Storm,8,10,Cbus Super,https://www.rugbyleagueproject.org/matches/36702
2018|Rd 24|Sydney Roosters|Brisbane Broncos,2018,Rd 24,24,6,182,2018-08-25,Sydney Roosters,Brisbane Broncos,8,22,Allianz,https://www.rugbyleagueproject.org/matches/36703
2018|Rd 24|Cronulla Sharks|Newcastle Knights,2018,Rd 24,24,7,183,2018-08-26,Cronulla Sharks,Newcastle Knights,38,12,Southern Cross,https://www.rugbyleagueproject.org/matches/36704
2018|Rd 24|St. George Illawarra Dragons|Canterbury Bulldogs,2018,Rd 24,24,8,184,2018-08-26,St. George Illawarra Dragons,Canterbury Bulldogs,0,38,Jubilee Stadium,https://www.rugbyleagueproject.org/matches/36705
2018|Rd 25|South Sydney Rabbitohs|Wests Tigers,2018,Rd 25,25,1,185,2018-08-30,South Sydney Rabbitohs,Wests Tigers,51,10,ANZ,https://www.rugbyleagueproject.org/matches/36706
2018|Rd 25|Melbourne Storm|Penrith Panthers,2018,Rd 25,25,2,186,2018-08-31,Melbourne Storm,Penrith Panthers,16,22,AAMI,https://www.rugbyleagueproject.org/matches/36708
2018|Rd 25|New Zealand Warriors|Canberra Raiders,2018,Rd 25,25,3,187,2018-08-31,New Zealand Warriors,Canberra Raiders,20,16,Mt Smart,https://www.rugbyleagueproject.org/matches/36707
2018|Rd 25|Gold Coast Titans|NQ Cowboys,2018,Rd 25,25,4,188,2018-09-01,Gold Coast Titans,NQ Cowboys,26,30,Cbus Super,https://www.rugbyleagueproject.org/matches/36710
2018|Rd 25|Newcastle Knights|St. George Illawarra Dragons,2018,Rd 25,25,5,189,2018-09-01,Newcastle Knights,St. George Illawarra Dragons,14,24,McD. Jones,https://www.rugbyleagueproject.org/matches/36709
2018|Rd 25|Parramatta Eels|Sydney Roosters,2018,Rd 25,25,6,190,2018-09-01,Parramatta Eels,Sydney Roosters,10,44,ANZ,https://www.rugbyleagueproject.org/matches/36711
2018|Rd 25|Brisbane Broncos|Manly Sea Eagles,2018,Rd 25,25,7,191,2018-09-02,Brisbane Broncos,Manly Sea Eagles,48,16,Suncorp,https://www.rugbyleagueproject.org/matches/36713
2018|Rd 25|Canterbury Bulldogs|Cronulla Sharks,2018,Rd 25,25,8,192,2018-09-02,Canterbury Bulldogs,Cronulla Sharks,18,30,ANZ,https://www.rugbyleagueproject.org/matches/36712
2018|Qualif Final|Melbourne Storm|South Sydney Rabbitohs,2018,Qualif Final,26,1,193,2018-09-07,Melbourne Storm,South Sydney Rabbitohs,29,28,AAMI,https://www.rugbyleagueproject.org/matches/38339
2018|Qualif Final|Penrith Panthers|New Zealand Warriors,2018,Qualif Final,26,2,194,2018-09-08,Penrith Panthers,New Zealand Warriors,27,12,ANZ,https://www.rugbyleagueproject.org/matches/38340
2018|Qualif Final|Sydney Roosters|Cronulla Sharks,2018,Qualif Final,26,3,195,2018-09-08,Sydney Roosters,Cronulla Sharks,21,12,Allianz,https://www.rugbyleagueproject.org/matches/38341
2018|Qualif Final|Brisbane Broncos|St. George Illawarra Dragons,2018,Qualif Final,26,4,196,2018-09-09,Brisbane Broncos,St. George Illawarra Dragons,18,48,Suncorp,https://www.rugbyleagueproject.org/matches/38342
2018|Semi Final|Cronulla Sharks|Penrith Panthers,2018,Semi Final,27,1,197,2018-09-14,Cronulla Sharks,Penrith Panthers,21,20,Allianz,https://www.rugbyleagueproject.org/matches/38343
2018|Semi Final|South Sydney Rabbitohs|St. George Illawarra Dragons,2018,Semi Final,27,2,198,2018-09-15,South Sydney Rabbitohs,St. George Illawarra Dragons,13,12,ANZ,https://www.rugbyleagueproject.org/matches/38344
2018|Prelim Final|Melbourne Storm|Cronulla Sharks,2018,Prelim Final,28,1,199,2018-09-21,Melbourne Storm,Cronulla Sharks,22,6,AAMI,https://www.rugbyleagueproject.org/matches/38345
2018|Prelim Final|Sydney Roosters|South Sydney Rabbitohs,2018,Prelim Final,28,2,200,2018-09-22,Sydney Roosters,South Sydney Rabbitohs,12,4,Allianz,https://www.rugbyleagueproject.org/matches/38346
2018|Grand Final|Sydney Roosters|Melbourne Storm,2018,Grand Final,29,1,201,2018-09-30,Sydney Roosters,Melbourne Storm,21,6,ANZ,https://www.rugbyleagueproject.org/matches/38347
2019|Rd 1|Melbourne Storm|Brisbane Broncos,2019,Rd 1,1,1,1,2019-03-14,Melbourne Storm,Brisbane Broncos,22,12,AAMI,https://www.rugbyleagueproject.org/matches/38454
2019|Rd 1|Newcastle Knights|Cronulla Sharks,2019,Rd 1,1,2,2,2019-03-15,Newcastle Knights,Cronulla Sharks,14,8,McD. Jones,https://www.rugbyleagueproject.org/matches/38455
2019|Rd 1|Sydney Roosters|South Sydney Rabbitohs,2019,Rd 1,1,3,3,2019-03-15,Sydney Roosters,South Sydney Rabbitohs,16,26,SCG,https://www.rugbyleagueproject.org/matches/38456
2019|Rd 1|NQ Cowboys|St. George Illawarra Dragons,2019,Rd 1,1,4,4,2019-03-16,NQ Cowboys,St. George Illawarra Dragons,24,12,1300SMILES,https://www.rugbyleagueproject.org/matches/38459
2019|Rd 1|New Zealand Warriors|Canterbury Bulldogs,2019,Rd 1,1,5,5,2019-03-16,New Zealand Warriors,Canterbury Bulldogs,40,6,Mt Smart,https://www.rugbyleagueproject.org/matches/38457
2019|Rd 1|Wests Tigers|Manly Sea Eagles,2019,Rd 1,1,6,6,2019-03-16,Wests Tigers,Manly Sea Eagles,20,6,Leichhardt,https://www.rugbyleagueproject.org/matches/38458
2019|Rd 1|Gold Coast Titans|Canberra Raiders,2019,Rd 1,1,7,7,2019-03-17,Gold Coast Titans,Canberra Raiders,0,21,Cbus Super,https://www.rugbyleagueproject.org/matches/38461
2019|Rd 1|Penrith Panthers|Parramatta Eels,2019,Rd 1,1,8,8,2019-03-17,Penrith Panthers,Parramatta Eels,12,20,Panthers Stadium,https://www.rugbyleagueproject.org/matches/38460
2019|Rd 2|St. George Illawarra Dragons|South Sydney Rabbitohs,2019,Rd 2,2,1,9,2019-03-21,St. George Illawarra Dragons,South Sydney Rabbitohs,18,34,Netstrata,https://www.rugbyleagueproject.org/matches/38462
2019|Rd 2|Brisbane Broncos|NQ Cowboys,2019,Rd 2,2,2,10,2019-03-22,Brisbane Broncos,NQ Cowboys,29,10,Suncorp,https://www.rugbyleagueproject.org/matches/38464
2019|Rd 2|Canberra Raiders|Melbourne Storm,2019,Rd 2,2,3,11,2019-03-22,Canberra Raiders,Melbourne Storm,10,22,GIO,https://www.rugbyleagueproject.org/matches/38463
2019|Rd 2|Cronulla Sharks|Gold Coast Titans,2019,Rd 2,2,4,12,2019-03-23,Cronulla Sharks,Gold Coast Titans,20,6,Shark Park,https://www.rugbyleagueproject.org/matches/38465
2019|Rd 2|Manly Sea Eagles|Sydney Roosters,2019,Rd 2,2,5,13,2019-03-23,Manly Sea Eagles,Sydney Roosters,18,26,Lottoland,https://www.rugbyleagueproject.org/matches/38467
2019|Rd 2|Newcastle Knights|Penrith Panthers,2019,Rd 2,2,6,14,2019-03-23,Newcastle Knights,Penrith Panthers,14,16,McD. Jones,https://www.rugbyleagueproject.org/matches/38466
2019|Rd 2|Canterbury Bulldogs|Parramatta Eels,2019,Rd 2,2,7,15,2019-03-24,Canterbury Bulldogs,Parramatta Eels,16,36,ANZ,https://www.rugbyleagueproject.org/matches/38468
2019|Rd 2|Wests Tigers|New Zealand Warriors,2019,Rd 2,2,8,16,2019-03-24,Wests Tigers,New Zealand Warriors,34,6,Campbelltown,https://www.rugbyleagueproject.org/matches/38469
2019|Rd 3|Brisbane Broncos|St. George Illawarra Dragons,2019,Rd 3,3,1,17,2019-03-28,Brisbane Broncos,St. George Illawarra Dragons,24,25,Suncorp,https://www.rugbyleagueproject.org/matches/38470
2019|Rd 3|Canberra Raiders|Newcastle Knights,2019,Rd 3,3,2,18,2019-03-29,Canberra Raiders,Newcastle Knights,17,10,GIO,https://www.rugbyleagueproject.org/matches/38471
2019|Rd 3|Parramatta Eels|Sydney Roosters,2019,Rd 3,3,3,19,2019-03-29,Parramatta Eels,Sydney Roosters,18,32,ANZ,https://www.rugbyleagueproject.org/matches/38472
2019|Rd 3|Manly Sea Eagles|New Zealand Warriors,2019,Rd 3,3,4,20,2019-03-30,Manly Sea Eagles,New Zealand Warriors,46,12,AMI Stadium,https://www.rugbyleagueproject.org/matches/38473
2019|Rd 3|NQ Cowboys|Cronulla Sharks,2019,Rd 3,3,5,21,2019-03-30,NQ Cowboys,Cronulla Sharks,16,42,1300SMILES,https://www.rugbyleagueproject.org/matches/38474
2019|Rd 3|Penrith Panthers|Melbourne Storm,2019,Rd 3,3,6,22,2019-03-30,Penrith Panthers,Melbourne Storm,2,32,Carrington,https://www.rugbyleagueproject.org/matches/38475
2019|Rd 3|South Sydney Rabbitohs|Gold Coast Titans,2019,Rd 3,3,7,23,2019-03-31,South Sydney Rabbitohs,Gold Coast Titans,28,20,ANZ,https://www.rugbyleagueproject.org/matches/38477
2019|Rd 3|Wests Tigers|Canterbury Bulldogs,2019,Rd 3,3,8,24,2019-03-31,Wests Tigers,Canterbury Bulldogs,8,22,Campbelltown,https://www.rugbyleagueproject.org/matches/38476
2019|Rd 4|Sydney Roosters|Brisbane Broncos,2019,Rd 4,4,1,25,2019-04-04,Sydney Roosters,Brisbane Broncos,36,4,SCG,https://www.rugbyleagueproject.org/matches/38478
2019|Rd 4|New Zealand Warriors|Gold Coast Titans,2019,Rd 4,4,2,26,2019-04-05,New Zealand Warriors,Gold Coast Titans,26,10,Mt Smart,https://www.rugbyleagueproject.org/matches/38479
2019|Rd 4|Penrith Panthers|Wests Tigers,2019,Rd 4,4,3,27,2019-04-05,Penrith Panthers,Wests Tigers,9,8,Panthers Stadium,https://www.rugbyleagueproject.org/matches/38480
2019|Rd 4|Manly Sea Eagles|South Sydney Rabbitohs,2019,Rd 4,4,4,28,2019-04-06,Manly Sea Eagles,South Sydney Rabbitohs,13,12,Lottoland,https://www.rugbyleagueproject.org/matches/38481
2019|Rd 4|NQ Cowboys|Canberra Raiders,2019,Rd 4,4,5,29,2019-04-06,NQ Cowboys,Canberra Raiders,12,30,1300SMILES,https://www.rugbyleagueproject.org/matches/38482
2019|Rd 4|Parramatta Eels|Cronulla Sharks,2019,Rd 4,4,6,30,2019-04-06,Parramatta Eels,Cronulla Sharks,24,12,ANZ,https://www.rugbyleagueproject.org/matches/38483
2019|Rd 4|Melbourne Storm|Canterbury Bulldogs,2019,Rd 4,4,7,31,2019-04-07,Melbourne Storm,Canterbury Bulldogs,18,16,AAMI,https://www.rugbyleagueproject.org/matches/38484
2019|Rd 4|Newcastle Knights|St. George Illawarra Dragons,2019,Rd 4,4,8,32,2019-04-07,Newcastle Knights,St. George Illawarra Dragons,12,13,McD. Jones,https://www.rugbyleagueproject.org/matches/38485
2019|Rd 5|Brisbane Broncos|Wests Tigers,2019,Rd 5,5,1,33,2019-04-11,Brisbane Broncos,Wests Tigers,16,22,Suncorp,https://www.rugbyleagueproject.org/matches/38486
2019|Rd 5|Gold Coast Titans|Penrith Panthers,2019,Rd 5,5,2,34,2019-04-12,Gold Coast Titans,Penrith Panthers,30,24,Cbus Super,https://www.rugbyleagueproject.org/matches/38487
2019|Rd 5|NQ Cowboys|Melbourne Storm,2019,Rd 5,5,3,35,2019-04-12,NQ Cowboys,Melbourne Storm,12,18,1300SMILES,https://www.rugbyleagueproject.org/matches/38488
2019|Rd 5|Cronulla Sharks|Sydney Roosters,2019,Rd 5,5,4,36,2019-04-13,Cronulla Sharks,Sydney Roosters,16,30,Pointsbet,https://www.rugbyleagueproject.org/matches/38491
2019|Rd 5|Newcastle Knights|Manly Sea Eagles,2019,Rd 5,5,5,37,2019-04-13,Newcastle Knights,Manly Sea Eagles,18,26,McD. Jones,https://www.rugbyleagueproject.org/matches/38490
2019|Rd 5|South Sydney Rabbitohs|New Zealand Warriors,2019,Rd 5,5,6,38,2019-04-13,South Sydney Rabbitohs,New Zealand Warriors,28,24,Sunshine Coast,https://www.rugbyleagueproject.org/matches/38489
2019|Rd 5|Canberra Raiders|Parramatta Eels,2019,Rd 5,5,7,39,2019-04-14,Canberra Raiders,Parramatta Eels,19,0,GIO,https://www.rugbyleagueproject.org/matches/38493
2019|Rd 5|St. George Illawarra Dragons|Canterbury Bulldogs,2019,Rd 5,5,8,40,2019-04-14,St. George Illawarra Dragons,Canterbury Bulldogs,40,4,Netstrata,https://www.rugbyleagueproject.org/matches/38492
2019|Rd 6|Cronulla Sharks|Penrith Panthers,2019,Rd 6,6,1,41,2019-04-18,Cronulla Sharks,Penrith Panthers,24,20,Pointsbet,https://www.rugbyleagueproject.org/matches/38494
2019|Rd 6|Canterbury Bulldogs|South Sydney Rabbitohs,2019,Rd 6,6,2,42,2019-04-19,Canterbury Bulldogs,South Sydney Rabbitohs,6,14,ANZ,https://www.rugbyleagueproject.org/matches/38495
2019|Rd 6|Melbourne Storm|Sydney Roosters,2019,Rd 6,6,3,43,2019-04-19,Melbourne Storm,Sydney Roosters,20,21,AAMI,https://www.rugbyleagueproject.org/matches/38496
2019|Rd 6|New Zealand Warriors|NQ Cowboys,2019,Rd 6,6,4,44,2019-04-20,New Zealand Warriors,NQ Cowboys,10,17,Mt Smart,https://www.rugbyleagueproject.org/matches/38497
2019|Rd 6|St. George Illawarra Dragons|Manly Sea Eagles,2019,Rd 6,6,5,45,2019-04-20,St. George Illawarra Dragons,Manly Sea Eagles,12,10,WIN,https://www.rugbyleagueproject.org/matches/38498
2019|Rd 6|Canberra Raiders|Brisbane Broncos,2019,Rd 6,6,6,46,2019-04-21,Canberra Raiders,Brisbane Broncos,26,22,GIO,https://www.rugbyleagueproject.org/matches/38500
2019|Rd 6|Gold Coast Titans|Newcastle Knights,2019,Rd 6,6,7,47,2019-04-21,Gold Coast Titans,Newcastle Knights,38,14,Cbus Super,https://www.rugbyleagueproject.org/matches/38499
2019|Rd 6|Parramatta Eels|Wests Tigers,2019,Rd 6,6,8,48,2019-04-22,Parramatta Eels,Wests Tigers,51,6,Bankwest,https://www.rugbyleagueproject.org/matches/38501
2019|Rd 7|Melbourne Storm|New Zealand Warriors,2019,Rd 7,7,1,49,2019-04-25,Melbourne Storm,New Zealand Warriors,13,12,AAMI,https://www.rugbyleagueproject.org/matches/38503
2019|Rd 7|Sydney Roosters|St. George Illawarra Dragons,2019,Rd 7,7,2,50,2019-04-25,Sydney Roosters,St. George Illawarra Dragons,20,10,SCG,https://www.rugbyleagueproject.org/matches/38502
2019|Rd 7|Canterbury Bulldogs|NQ Cowboys,2019,Rd 7,7,3,51,2019-04-26,Canterbury Bulldogs,NQ Cowboys,24,12,ANZ,https://www.rugbyleagueproject.org/matches/38504
2019|Rd 7|Penrith Panthers|South Sydney Rabbitohs,2019,Rd 7,7,4,52,2019-04-26,Penrith Panthers,South Sydney Rabbitohs,18,22,Panthers Stadium,https://www.rugbyleagueproject.org/matches/38505
2019|Rd 7|Brisbane Broncos|Cronulla Sharks,2019,Rd 7,7,5,53,2019-04-27,Brisbane Broncos,Cronulla Sharks,29,6,Suncorp,https://www.rugbyleagueproject.org/matches/38507
2019|Rd 7|Wests Tigers|Gold Coast Titans,2019,Rd 7,7,6,54,2019-04-27,Wests Tigers,Gold Coast Titans,30,14,Scully,https://www.rugbyleagueproject.org/matches/38506
2019|Rd 7|Manly Sea Eagles|Canberra Raiders,2019,Rd 7,7,7,55,2019-04-28,Manly Sea Eagles,Canberra Raiders,24,20,Lottoland,https://www.rugbyleagueproject.org/matches/38508
2019|Rd 7|Newcastle Knights|Parramatta Eels,2019,Rd 7,7,8,56,2019-04-28,Newcastle Knights,Parramatta Eels,28,14,McD. Jones,https://www.rugbyleagueproject.org/matches/38509
2019|Rd 8|South Sydney Rabbitohs|Brisbane Broncos,2019,Rd 8,8,1,57,2019-05-02,South Sydney Rabbitohs,Brisbane Broncos,38,6,ANZ,https://www.rugbyleagueproject.org/matches/38510
2019|Rd 8|Cronulla Sharks|Melbourne Storm,2019,Rd 8,8,2,58,2019-05-03,Cronulla Sharks,Melbourne Storm,20,18,Pointsbet,https://www.rugbyleagueproject.org/matches/38512
2019|Rd 8|NQ Cowboys|Gold Coast Titans,2019,Rd 8,8,3,59,2019-05-03,NQ Cowboys,Gold Coast Titans,28,14,1300SMILES,https://www.rugbyleagueproject.org/matches/38511
2019|Rd 8|Canberra Raiders|Penrith Panthers,2019,Rd 8,8,4,60,2019-05-04,Canberra Raiders,Penrith Panthers,30,12,McDonalds Park,https://www.rugbyleagueproject.org/matches/38513
2019|Rd 8|Manly Sea Eagles|Canterbury Bulldogs,2019,Rd 8,8,5,61,2019-05-04,Manly Sea Eagles,Canterbury Bulldogs,18,10,Lottoland,https://www.rugbyleagueproject.org/matches/38514
2019|Rd 8|Sydney Roosters|Wests Tigers,2019,Rd 8,8,6,62,2019-05-04,Sydney Roosters,Wests Tigers,42,12,SCG,https://www.rugbyleagueproject.org/matches/38515
2019|Rd 8|New Zealand Warriors|Newcastle Knights,2019,Rd 8,8,7,63,2019-05-05,New Zealand Warriors,Newcastle Knights,18,36,Mt Smart,https://www.rugbyleagueproject.org/matches/38516
2019|Rd 8|Parramatta Eels|St. George Illawarra Dragons,2019,Rd 8,8,8,64,2019-05-05,Parramatta Eels,St. George Illawarra Dragons,32,18,Bankwest,https://www.rugbyleagueproject.org/matches/38517
2019|Rd 9|Gold Coast Titans|Cronulla Sharks,2019,Rd 9,9,1,65,2019-05-09,Gold Coast Titans,Cronulla Sharks,18,26,Suncorp,https://www.rugbyleagueproject.org/matches/38518
2019|Rd 9|Manly Sea Eagles|Brisbane Broncos,2019,Rd 9,9,2,66,2019-05-10,Manly Sea Eagles,Brisbane Broncos,10,26,Suncorp,https://www.rugbyleagueproject.org/matches/38520
2019|Rd 9|Wests Tigers|Penrith Panthers,2019,Rd 9,9,3,67,2019-05-10,Wests Tigers,Penrith Panthers,30,4,Suncorp,https://www.rugbyleagueproject.org/matches/38519
2019|Rd 9|Canterbury Bulldogs|Newcastle Knights,2019,Rd 9,9,4,68,2019-05-11,Canterbury Bulldogs,Newcastle Knights,10,22,Suncorp,https://www.rugbyleagueproject.org/matches/38521
2019|Rd 9|Melbourne Storm|Parramatta Eels,2019,Rd 9,9,5,69,2019-05-11,Melbourne Storm,Parramatta Eels,64,10,Suncorp,https://www.rugbyleagueproject.org/matches/38523
2019|Rd 9|New Zealand Warriors|St. George Illawarra Dragons,2019,Rd 9,9,6,70,2019-05-11,New Zealand Warriors,St. George Illawarra Dragons,26,18,Suncorp,https://www.rugbyleagueproject.org/matches/38522
2019|Rd 9|South Sydney Rabbitohs|NQ Cowboys,2019,Rd 9,9,7,71,2019-05-12,South Sydney Rabbitohs,NQ Cowboys,32,16,Suncorp,https://www.rugbyleagueproject.org/matches/38525
2019|Rd 9|Sydney Roosters|Canberra Raiders,2019,Rd 9,9,8,72,2019-05-12,Sydney Roosters,Canberra Raiders,30,24,Suncorp,https://www.rugbyleagueproject.org/matches/38524
2019|Rd 10|Melbourne Storm|Wests Tigers,2019,Rd 10,10,1,73,2019-05-16,Melbourne Storm,Wests Tigers,24,22,AAMI,https://www.rugbyleagueproject.org/matches/38526
2019|Rd 10|Brisbane Broncos|Sydney Roosters,2019,Rd 10,10,2,74,2019-05-17,Brisbane Broncos,Sydney Roosters,15,10,Suncorp,https://www.rugbyleagueproject.org/matches/38528
2019|Rd 10|Penrith Panthers|New Zealand Warriors,2019,Rd 10,10,3,75,2019-05-17,Penrith Panthers,New Zealand Warriors,10,30,Panthers Stadium,https://www.rugbyleagueproject.org/matches/38527
2019|Rd 10|Canberra Raiders|South Sydney Rabbitohs,2019,Rd 10,10,4,76,2019-05-18,Canberra Raiders,South Sydney Rabbitohs,12,16,GIO,https://www.rugbyleagueproject.org/matches/38531
2019|Rd 10|Gold Coast Titans|Canterbury Bulldogs,2019,Rd 10,10,5,77,2019-05-18,Gold Coast Titans,Canterbury Bulldogs,16,22,Cbus Super,https://www.rugbyleagueproject.org/matches/38529
2019|Rd 10|NQ Cowboys|Parramatta Eels,2019,Rd 10,10,6,78,2019-05-18,NQ Cowboys,Parramatta Eels,17,10,1300SMILES,https://www.rugbyleagueproject.org/matches/38530
2019|Rd 10|Cronulla Sharks|Manly Sea Eagles,2019,Rd 10,10,7,79,2019-05-19,Cronulla Sharks,Manly Sea Eagles,14,24,Pointsbet,https://www.rugbyleagueproject.org/matches/38533
2019|Rd 10|St. George Illawarra Dragons|Newcastle Knights,2019,Rd 10,10,8,80,2019-05-19,St. George Illawarra Dragons,Newcastle Knights,12,45,Glen Willow,https://www.rugbyleagueproject.org/matches/38532
2019|Rd 11|Parramatta Eels|Penrith Panthers,2019,Rd 11,11,1,81,2019-05-23,Parramatta Eels,Penrith Panthers,10,16,Bankwest,https://www.rugbyleagueproject.org/matches/38534
2019|Rd 11|Manly Sea Eagles|Gold Coast Titans,2019,Rd 11,11,2,82,2019-05-24,Manly Sea Eagles,Gold Coast Titans,18,36,Lottoland,https://www.rugbyleagueproject.org/matches/38535
2019|Rd 11|Newcastle Knights|Sydney Roosters,2019,Rd 11,11,3,83,2019-05-24,Newcastle Knights,Sydney Roosters,38,12,McD. Jones,https://www.rugbyleagueproject.org/matches/38536
2019|Rd 11|Canberra Raiders|NQ Cowboys,2019,Rd 11,11,4,84,2019-05-25,Canberra Raiders,NQ Cowboys,16,22,GIO,https://www.rugbyleagueproject.org/matches/38537
2019|Rd 11|New Zealand Warriors|Brisbane Broncos,2019,Rd 11,11,5,85,2019-05-25,New Zealand Warriors,Brisbane Broncos,2,8,Mt Smart,https://www.rugbyleagueproject.org/matches/38538
2019|Rd 11|South Sydney Rabbitohs|Wests Tigers,2019,Rd 11,11,6,86,2019-05-25,South Sydney Rabbitohs,Wests Tigers,32,16,ANZ,https://www.rugbyleagueproject.org/matches/38539
2019|Rd 11|Canterbury Bulldogs|Melbourne Storm,2019,Rd 11,11,7,87,2019-05-26,Canterbury Bulldogs,Melbourne Storm,6,28,Belmore,https://www.rugbyleagueproject.org/matches/38540
2019|Rd 11|St. George Illawarra Dragons|Cronulla Sharks,2019,Rd 11,11,8,88,2019-05-26,St. George Illawarra Dragons,Cronulla Sharks,9,22,WIN,https://www.rugbyleagueproject.org/matches/38541
2019|Rd 12|Penrith Panthers|Manly Sea Eagles,2019,Rd 12,12,1,89,2019-05-30,Penrith Panthers,Manly Sea Eagles,15,12,Panthers Stadium,https://www.rugbyleagueproject.org/matches/38542
2019|Rd 12|Parramatta Eels|South Sydney Rabbitohs,2019,Rd 12,12,2,90,2019-05-31,Parramatta Eels,South Sydney Rabbitohs,26,14,Bankwest,https://www.rugbyleagueproject.org/matches/38543
2019|Rd 12|Canterbury Bulldogs|Canberra Raiders,2019,Rd 12,12,3,91,2019-06-01,Canterbury Bulldogs,Canberra Raiders,10,12,ANZ,https://www.rugbyleagueproject.org/matches/38544
2019|Rd 12|Gold Coast Titans|NQ Cowboys,2019,Rd 12,12,4,92,2019-06-02,Gold Coast Titans,NQ Cowboys,4,6,Cbus Super,https://www.rugbyleagueproject.org/matches/38545
2019|Rd 13|South Sydney Rabbitohs|Newcastle Knights,2019,Rd 13,13,1,93,2019-06-07,South Sydney Rabbitohs,Newcastle Knights,12,20,ANZ,https://www.rugbyleagueproject.org/matches/38547
2019|Rd 13|Wests Tigers|Canberra Raiders,2019,Rd 13,13,2,94,2019-06-07,Wests Tigers,Canberra Raiders,0,28,Bankwest,https://www.rugbyleagueproject.org/matches/38548
2019|Rd 13|Cronulla Sharks|Parramatta Eels,2019,Rd 13,13,3,95,2019-06-08,Cronulla Sharks,Parramatta Eels,42,22,Pointsbet,https://www.rugbyleagueproject.org/matches/38550
2019|Rd 13|NQ Cowboys|Manly Sea Eagles,2019,Rd 13,13,4,96,2019-06-08,NQ Cowboys,Manly Sea Eagles,20,22,1300SMILES,https://www.rugbyleagueproject.org/matches/38551
2019|Rd 13|New Zealand Warriors|Melbourne Storm,2019,Rd 13,13,5,97,2019-06-08,New Zealand Warriors,Melbourne Storm,10,32,Mt Smart,https://www.rugbyleagueproject.org/matches/38549
2019|Rd 13|Brisbane Broncos|Gold Coast Titans,2019,Rd 13,13,6,98,2019-06-09,Brisbane Broncos,Gold Coast Titans,18,26,Suncorp,https://www.rugbyleagueproject.org/matches/38552
2019|Rd 13|Penrith Panthers|Sydney Roosters,2019,Rd 13,13,7,99,2019-06-09,Penrith Panthers,Sydney Roosters,19,10,Panthers Stadium,https://www.rugbyleagueproject.org/matches/38553
2019|Rd 13|Canterbury Bulldogs|St. George Illawarra Dragons,2019,Rd 13,13,8,100,2019-06-10,Canterbury Bulldogs,St. George Illawarra Dragons,12,36,ANZ,https://www.rugbyleagueproject.org/matches/38554
2019|Rd 14|Canberra Raiders|Cronulla Sharks,2019,Rd 14,14,1,101,2019-06-13,Canberra Raiders,Cronulla Sharks,22,20,GIO,https://www.rugbyleagueproject.org/matches/38555
2019|Rd 14|Gold Coast Titans|New Zealand Warriors,2019,Rd 14,14,2,102,2019-06-14,Gold Coast Titans,New Zealand Warriors,20,24,Cbus Super,https://www.rugbyleagueproject.org/matches/38556
2019|Rd 14|NQ Cowboys|Wests Tigers,2019,Rd 14,14,3,103,2019-06-14,NQ Cowboys,Wests Tigers,26,27,1300SMILES,https://www.rugbyleagueproject.org/matches/38557
2019|Rd 14|Melbourne Storm|Newcastle Knights,2019,Rd 14,14,4,104,2019-06-15,Melbourne Storm,Newcastle Knights,34,4,AAMI,https://www.rugbyleagueproject.org/matches/38558
2019|Rd 14|Parramatta Eels|Brisbane Broncos,2019,Rd 14,14,5,105,2019-06-15,Parramatta Eels,Brisbane Broncos,38,10,Bankwest,https://www.rugbyleagueproject.org/matches/38560
2019|Rd 14|South Sydney Rabbitohs|Penrith Panthers,2019,Rd 14,14,6,106,2019-06-15,South Sydney Rabbitohs,Penrith Panthers,18,19,ANZ,https://www.rugbyleagueproject.org/matches/38559
2019|Rd 14|Manly Sea Eagles|St. George Illawarra Dragons,2019,Rd 14,14,7,107,2019-06-16,Manly Sea Eagles,St. George Illawarra Dragons,34,14,Lottoland,https://www.rugbyleagueproject.org/matches/38561
2019|Rd 14|Sydney Roosters|Canterbury Bulldogs,2019,Rd 14,14,8,108,2019-06-16,Sydney Roosters,Canterbury Bulldogs,38,12,SCG,https://www.rugbyleagueproject.org/matches/38562
2019|Rd 15|Wests Tigers|South Sydney Rabbitohs,2019,Rd 15,15,1,109,2019-06-27,Wests Tigers,South Sydney Rabbitohs,14,9,Bankwest,https://www.rugbyleagueproject.org/matches/38564
2019|Rd 15|St. George Illawarra Dragons|NQ Cowboys,2019,Rd 15,15,2,110,2019-06-28,St. George Illawarra Dragons,NQ Cowboys,22,14,WIN,https://www.rugbyleagueproject.org/matches/38565
2019|Rd 15|Sydney Roosters|Melbourne Storm,2019,Rd 15,15,3,111,2019-06-28,Sydney Roosters,Melbourne Storm,12,14,Adelaide,https://www.rugbyleagueproject.org/matches/38587
2019|Rd 15|Gold Coast Titans|Manly Sea Eagles,2019,Rd 15,15,4,112,2019-06-29,Gold Coast Titans,Manly Sea Eagles,12,30,Cbus Super,https://www.rugbyleagueproject.org/matches/38566
2019|Rd 15|Newcastle Knights|Brisbane Broncos,2019,Rd 15,15,5,113,2019-06-29,Newcastle Knights,Brisbane Broncos,26,12,McD. Jones,https://www.rugbyleagueproject.org/matches/38567
2019|Rd 15|Parramatta Eels|Canberra Raiders,2019,Rd 15,15,6,114,2019-06-29,Parramatta Eels,Canberra Raiders,22,16,TIO,https://www.rugbyleagueproject.org/matches/38568
2019|Rd 15|Canterbury Bulldogs|Cronulla Sharks,2019,Rd 15,15,7,115,2019-06-30,Canterbury Bulldogs,Cronulla Sharks,14,12,ANZ,https://www.rugbyleagueproject.org/matches/38570
2019|Rd 15|New Zealand Warriors|Penrith Panthers,2019,Rd 15,15,8,116,2019-06-30,New Zealand Warriors,Penrith Panthers,18,19,Mt Smart,https://www.rugbyleagueproject.org/matches/38569
2019|Rd 16|St. George Illawarra Dragons|Melbourne Storm,2019,Rd 16,16,1,117,2019-07-04,St. George Illawarra Dragons,Melbourne Storm,14,16,WIN,https://www.rugbyleagueproject.org/matches/38571
2019|Rd 16|Wests Tigers|Sydney Roosters,2019,Rd 16,16,2,118,2019-07-05,Wests Tigers,Sydney Roosters,16,24,Bankwest,https://www.rugbyleagueproject.org/matches/38572
2019|Rd 16|Newcastle Knights|New Zealand Warriors,2019,Rd 16,16,3,119,2019-07-06,Newcastle Knights,New Zealand Warriors,20,24,McD. Jones,https://www.rugbyleagueproject.org/matches/38573
2019|Rd 16|Cronulla Sharks|Brisbane Broncos,2019,Rd 16,16,4,120,2019-07-07,Cronulla Sharks,Brisbane Broncos,22,24,Pointsbet,https://www.rugbyleagueproject.org/matches/38574
2019|Rd 17|Newcastle Knights|Canterbury Bulldogs,2019,Rd 17,17,1,121,2019-07-12,Newcastle Knights,Canterbury Bulldogs,14,20,McD. Jones,https://www.rugbyleagueproject.org/matches/38577
2019|Rd 17|Penrith Panthers|Gold Coast Titans,2019,Rd 17,17,2,122,2019-07-12,Penrith Panthers,Gold Coast Titans,24,2,Panthers Stadium,https://www.rugbyleagueproject.org/matches/38576
2019|Rd 17|Brisbane Broncos|New Zealand Warriors,2019,Rd 17,17,3,123,2019-07-13,Brisbane Broncos,New Zealand Warriors,18,18,Suncorp,https://www.rugbyleagueproject.org/matches/38579
2019|Rd 17|Melbourne Storm|Cronulla Sharks,2019,Rd 17,17,4,124,2019-07-13,Melbourne Storm,Cronulla Sharks,40,16,AAMI,https://www.rugbyleagueproject.org/matches/38580
2019|Rd 17|South Sydney Rabbitohs|Manly Sea Eagles,2019,Rd 17,17,5,125,2019-07-13,South Sydney Rabbitohs,Manly Sea Eagles,21,20,ANZ,https://www.rugbyleagueproject.org/matches/38578
2019|Rd 17|St. George Illawarra Dragons|Canberra Raiders,2019,Rd 17,17,6,126,2019-07-14,St. George Illawarra Dragons,Canberra Raiders,14,36,WIN,https://www.rugbyleagueproject.org/matches/38583
2019|Rd 17|Sydney Roosters|NQ Cowboys,2019,Rd 17,17,7,127,2019-07-14,Sydney Roosters,NQ Cowboys,12,15,Central Coast,https://www.rugbyleagueproject.org/matches/38581
2019|Rd 17|Wests Tigers|Parramatta Eels,2019,Rd 17,17,8,128,2019-07-14,Wests Tigers,Parramatta Eels,18,30,Bankwest,https://www.rugbyleagueproject.org/matches/38582
2019|Rd 18|Brisbane Broncos|Canterbury Bulldogs,2019,Rd 18,18,1,129,2019-07-18,Brisbane Broncos,Canterbury Bulldogs,28,6,Suncorp,https://www.rugbyleagueproject.org/matches/38584
2019|Rd 18|New Zealand Warriors|Cronulla Sharks,2019,Rd 18,18,2,130,2019-07-19,New Zealand Warriors,Cronulla Sharks,19,18,Westpac,https://www.rugbyleagueproject.org/matches/38585
2019|Rd 18|Penrith Panthers|St. George Illawarra Dragons,2019,Rd 18,18,3,131,2019-07-19,Penrith Panthers,St. George Illawarra Dragons,40,18,Panthers Stadium,https://www.rugbyleagueproject.org/matches/38586
2019|Rd 18|Canberra Raiders|Wests Tigers,2019,Rd 18,18,4,132,2019-07-20,Canberra Raiders,Wests Tigers,20,12,GIO,https://www.rugbyleagueproject.org/matches/38610
2019|Rd 18|NQ Cowboys|South Sydney Rabbitohs,2019,Rd 18,18,5,133,2019-07-20,NQ Cowboys,South Sydney Rabbitohs,18,30,1300SMILES,https://www.rugbyleagueproject.org/matches/38611
2019|Rd 18|Sydney Roosters|Newcastle Knights,2019,Rd 18,18,6,134,2019-07-20,Sydney Roosters,Newcastle Knights,48,10,SCG,https://www.rugbyleagueproject.org/matches/38609
2019|Rd 18|Gold Coast Titans|Melbourne Storm,2019,Rd 18,18,7,135,2019-07-21,Gold Coast Titans,Melbourne Storm,18,38,Cbus Super,https://www.rugbyleagueproject.org/matches/38612
2019|Rd 18|Manly Sea Eagles|Parramatta Eels,2019,Rd 18,18,8,136,2019-07-21,Manly Sea Eagles,Parramatta Eels,36,24,Lottoland,https://www.rugbyleagueproject.org/matches/38637
2019|Rd 19|Cronulla Sharks|NQ Cowboys,2019,Rd 19,19,1,137,2019-07-25,Cronulla Sharks,NQ Cowboys,16,14,Pointsbet,https://www.rugbyleagueproject.org/matches/38638
2019|Rd 19|Newcastle Knights|Wests Tigers,2019,Rd 19,19,2,138,2019-07-26,Newcastle Knights,Wests Tigers,26,28,McD. Jones,https://www.rugbyleagueproject.org/matches/38639
2019|Rd 19|South Sydney Rabbitohs|St. George Illawarra Dragons,2019,Rd 19,19,3,139,2019-07-26,South Sydney Rabbitohs,St. George Illawarra Dragons,20,16,ANZ,https://www.rugbyleagueproject.org/matches/38640
2019|Rd 19|Gold Coast Titans|Brisbane Broncos,2019,Rd 19,19,4,140,2019-07-27,Gold Coast Titans,Brisbane Broncos,12,34,Cbus Super,https://www.rugbyleagueproject.org/matches/38642
2019|Rd 19|Melbourne Storm|Manly Sea Eagles,2019,Rd 19,19,5,141,2019-07-27,Melbourne Storm,Manly Sea Eagles,10,11,AAMI,https://www.rugbyleagueproject.org/matches/38643
2019|Rd 19|Parramatta Eels|New Zealand Warriors,2019,Rd 19,19,6,142,2019-07-27,Parramatta Eels,New Zealand Warriors,24,22,Bankwest,https://www.rugbyleagueproject.org/matches/38641
2019|Rd 19|Canterbury Bulldogs|Sydney Roosters,2019,Rd 19,19,7,143,2019-07-28,Canterbury Bulldogs,Sydney Roosters,12,20,ANZ,https://www.rugbyleagueproject.org/matches/38644
2019|Rd 19|Penrith Panthers|Canberra Raiders,2019,Rd 19,19,8,144,2019-07-28,Penrith Panthers,Canberra Raiders,18,30,Panthers Stadium,https://www.rugbyleagueproject.org/matches/38645
2019|Rd 20|Wests Tigers|NQ Cowboys,2019,Rd 20,20,1,145,2019-08-01,Wests Tigers,NQ Cowboys,28,4,Leichhardt,https://www.rugbyleagueproject.org/matches/38646
2019|Rd 20|Brisbane Broncos|Melbourne Storm,2019,Rd 20,20,2,146,2019-08-02,Brisbane Broncos,Melbourne Storm,4,40,Suncorp,https://www.rugbyleagueproject.org/matches/38648
2019|Rd 20|New Zealand Warriors|Canberra Raiders,2019,Rd 20,20,3,147,2019-08-02,New Zealand Warriors,Canberra Raiders,12,46,Mt Smart,https://www.rugbyleagueproject.org/matches/38647
2019|Rd 20|Canterbury Bulldogs|Penrith Panthers,2019,Rd 20,20,4,148,2019-08-03,Canterbury Bulldogs,Penrith Panthers,16,8,Bankwest,https://www.rugbyleagueproject.org/matches/38650
2019|Rd 20|Cronulla Sharks|South Sydney Rabbitohs,2019,Rd 20,20,5,149,2019-08-03,Cronulla Sharks,South Sydney Rabbitohs,39,24,Pointsbet,https://www.rugbyleagueproject.org/matches/38651
2019|Rd 20|Manly Sea Eagles|Newcastle Knights,2019,Rd 20,20,6,150,2019-08-03,Manly Sea Eagles,Newcastle Knights,30,6,Lottoland,https://www.rugbyleagueproject.org/matches/38649
2019|Rd 20|St. George Illawarra Dragons|Parramatta Eels,2019,Rd 20,20,7,151,2019-08-04,St. George Illawarra Dragons,Parramatta Eels,4,12,Netstrata,https://www.rugbyleagueproject.org/matches/38652
2019|Rd 20|Sydney Roosters|Gold Coast Titans,2019,Rd 20,20,8,152,2019-08-04,Sydney Roosters,Gold Coast Titans,58,6,SCG,https://www.rugbyleagueproject.org/matches/38664
2019|Rd 21|NQ Cowboys|Brisbane Broncos,2019,Rd 21,21,1,153,2019-08-08,NQ Cowboys,Brisbane Broncos,14,18,1300SMILES,https://www.rugbyleagueproject.org/matches/38653
2019|Rd 21|New Zealand Warriors|Manly Sea Eagles,2019,Rd 21,21,2,154,2019-08-09,New Zealand Warriors,Manly Sea Eagles,24,16,Mt Smart,https://www.rugbyleagueproject.org/matches/38654
2019|Rd 21|Penrith Panthers|Cronulla Sharks,2019,Rd 21,21,3,155,2019-08-09,Penrith Panthers,Cronulla Sharks,26,20,Panthers Stadium,https://www.rugbyleagueproject.org/matches/38655
2019|Rd 21|Canterbury Bulldogs|Wests Tigers,2019,Rd 21,21,4,156,2019-08-10,Canterbury Bulldogs,Wests Tigers,18,16,ANZ,https://www.rugbyleagueproject.org/matches/38658
2019|Rd 21|Parramatta Eels|Newcastle Knights,2019,Rd 21,21,5,157,2019-08-10,Parramatta Eels,Newcastle Knights,20,14,Bankwest,https://www.rugbyleagueproject.org/matches/38657
2019|Rd 21|St. George Illawarra Dragons|Gold Coast Titans,2019,Rd 21,21,6,158,2019-08-10,St. George Illawarra Dragons,Gold Coast Titans,40,28,Netstrata,https://www.rugbyleagueproject.org/matches/38656
2019|Rd 21|Canberra Raiders|Sydney Roosters,2019,Rd 21,21,7,159,2019-08-11,Canberra Raiders,Sydney Roosters,18,22,GIO,https://www.rugbyleagueproject.org/matches/38659
2019|Rd 21|South Sydney Rabbitohs|Melbourne Storm,2019,Rd 21,21,8,160,2019-08-11,South Sydney Rabbitohs,Melbourne Storm,16,26,Central Coast,https://www.rugbyleagueproject.org/matches/38660
2019|Rd 22|Manly Sea Eagles|Wests Tigers,2019,Rd 22,22,1,161,2019-08-15,Manly Sea Eagles,Wests Tigers,32,12,Lottoland,https://www.rugbyleagueproject.org/matches/38661
2019|Rd 22|Brisbane Broncos|Penrith Panthers,2019,Rd 22,22,2,162,2019-08-16,Brisbane Broncos,Penrith Panthers,24,12,Suncorp,https://www.rugbyleagueproject.org/matches/38663
2019|Rd 22|Gold Coast Titans|Parramatta Eels,2019,Rd 22,22,3,163,2019-08-16,Gold Coast Titans,Parramatta Eels,12,36,Cbus Super,https://www.rugbyleagueproject.org/matches/38662
2019|Rd 22|Melbourne Storm|Canberra Raiders,2019,Rd 22,22,4,164,2019-08-17,Melbourne Storm,Canberra Raiders,18,22,AAMI,https://www.rugbyleagueproject.org/matches/38678
2019|Rd 22|Newcastle Knights|NQ Cowboys,2019,Rd 22,22,5,165,2019-08-17,Newcastle Knights,NQ Cowboys,42,6,McD. Jones,https://www.rugbyleagueproject.org/matches/38677
2019|Rd 22|South Sydney Rabbitohs|Canterbury Bulldogs,2019,Rd 22,22,6,166,2019-08-17,South Sydney Rabbitohs,Canterbury Bulldogs,6,14,ANZ,https://www.rugbyleagueproject.org/matches/38679
2019|Rd 22|Cronulla Sharks|St. George Illawarra Dragons,2019,Rd 22,22,7,167,2019-08-18,Cronulla Sharks,St. George Illawarra Dragons,18,12,Pointsbet,https://www.rugbyleagueproject.org/matches/38680
2019|Rd 22|Sydney Roosters|New Zealand Warriors,2019,Rd 22,22,8,168,2019-08-18,Sydney Roosters,New Zealand Warriors,42,6,SCG,https://www.rugbyleagueproject.org/matches/38886
2019|Rd 23|Parramatta Eels|Canterbury Bulldogs,2019,Rd 23,23,1,169,2019-08-22,Parramatta Eels,Canterbury Bulldogs,6,12,Bankwest,https://www.rugbyleagueproject.org/matches/38681
2019|Rd 23|Brisbane Broncos|South Sydney Rabbitohs,2019,Rd 23,23,2,170,2019-08-23,Brisbane Broncos,South Sydney Rabbitohs,20,22,Suncorp,https://www.rugbyleagueproject.org/matches/38683
2019|Rd 23|NQ Cowboys|Penrith Panthers,2019,Rd 23,23,3,171,2019-08-23,NQ Cowboys,Penrith Panthers,24,10,1300SMILES,https://www.rugbyleagueproject.org/matches/38682
2019|Rd 23|Cronulla Sharks|New Zealand Warriors,2019,Rd 23,23,4,172,2019-08-24,Cronulla Sharks,New Zealand Warriors,42,16,Pointsbet,https://www.rugbyleagueproject.org/matches/38684
2019|Rd 23|St. George Illawarra Dragons|Sydney Roosters,2019,Rd 23,23,5,173,2019-08-24,St. George Illawarra Dragons,Sydney Roosters,12,34,Netstrata,https://www.rugbyleagueproject.org/matches/38686
2019|Rd 23|Wests Tigers|Newcastle Knights,2019,Rd 23,23,6,174,2019-08-24,Wests Tigers,Newcastle Knights,46,4,Campbelltown,https://www.rugbyleagueproject.org/matches/38685
2019|Rd 23|Canberra Raiders|Manly Sea Eagles,2019,Rd 23,23,7,175,2019-08-25,Canberra Raiders,Manly Sea Eagles,14,18,GIO,https://www.rugbyleagueproject.org/matches/38688
2019|Rd 23|Melbourne Storm|Gold Coast Titans,2019,Rd 23,23,8,176,2019-08-25,Melbourne Storm,Gold Coast Titans,24,8,AAMI,https://www.rugbyleagueproject.org/matches/38687
2019|Rd 24|NQ Cowboys|Canterbury Bulldogs,2019,Rd 24,24,1,177,2019-08-29,NQ Cowboys,Canterbury Bulldogs,15,8,1300SMILES,https://www.rugbyleagueproject.org/matches/38689
2019|Rd 24|Brisbane Broncos|Parramatta Eels,2019,Rd 24,24,2,178,2019-08-30,Brisbane Broncos,Parramatta Eels,17,16,Suncorp,https://www.rugbyleagueproject.org/matches/38691
2019|Rd 24|New Zealand Warriors|South Sydney Rabbitohs,2019,Rd 24,24,3,179,2019-08-30,New Zealand Warriors,South Sydney Rabbitohs,10,31,Mt Smart,https://www.rugbyleagueproject.org/matches/38690
2019|Rd 24|Manly Sea Eagles|Melbourne Storm,2019,Rd 24,24,4,180,2019-08-31,Manly Sea Eagles,Melbourne Storm,6,36,Lottoland,https://www.rugbyleagueproject.org/matches/38693
2019|Rd 24|Newcastle Knights|Gold Coast Titans,2019,Rd 24,24,5,181,2019-08-31,Newcastle Knights,Gold Coast Titans,38,4,McD. Jones,https://www.rugbyleagueproject.org/matches/38692
2019|Rd 24|Sydney Roosters|Penrith Panthers,2019,Rd 24,24,6,182,2019-08-31,Sydney Roosters,Penrith Panthers,22,6,SCG,https://www.rugbyleagueproject.org/matches/38694
2019|Rd 24|Cronulla Sharks|Canberra Raiders,2019,Rd 24,24,7,183,2019-09-01,Cronulla Sharks,Canberra Raiders,14,15,Pointsbet,https://www.rugbyleagueproject.org/matches/38695
2019|Rd 24|St. George Illawarra Dragons|Wests Tigers,2019,Rd 24,24,8,184,2019-09-01,St. George Illawarra Dragons,Wests Tigers,14,42,SCG,https://www.rugbyleagueproject.org/matches/38696
2019|Rd 25|South Sydney Rabbitohs|Sydney Roosters,2019,Rd 25,25,1,185,2019-09-05,South Sydney Rabbitohs,Sydney Roosters,16,10,ANZ,https://www.rugbyleagueproject.org/matches/38697
2019|Rd 25|Melbourne Storm|NQ Cowboys,2019,Rd 25,25,2,186,2019-09-06,Melbourne Storm,NQ Cowboys,24,16,AAMI,https://www.rugbyleagueproject.org/matches/38699
2019|Rd 25|Parramatta Eels|Manly Sea Eagles,2019,Rd 25,25,3,187,2019-09-06,Parramatta Eels,Manly Sea Eagles,32,16,Bankwest,https://www.rugbyleagueproject.org/matches/38698
2019|Rd 25|Canberra Raiders|New Zealand Warriors,2019,Rd 25,25,4,188,2019-09-07,Canberra Raiders,New Zealand Warriors,20,24,GIO,https://www.rugbyleagueproject.org/matches/38700
2019|Rd 25|Canterbury Bulldogs|Brisbane Broncos,2019,Rd 25,25,5,189,2019-09-07,Canterbury Bulldogs,Brisbane Broncos,30,14,ANZ,https://www.rugbyleagueproject.org/matches/38701
2019|Rd 25|Gold Coast Titans|St. George Illawarra Dragons,2019,Rd 25,25,6,190,2019-09-07,Gold Coast Titans,St. George Illawarra Dragons,16,24,Cbus Super,https://www.rugbyleagueproject.org/matches/38702
2019|Rd 25|Penrith Panthers|Newcastle Knights,2019,Rd 25,25,7,191,2019-09-08,Penrith Panthers,Newcastle Knights,54,10,Panthers Stadium,https://www.rugbyleagueproject.org/matches/38704
2019|Rd 25|Wests Tigers|Cronulla Sharks,2019,Rd 25,25,8,192,2019-09-08,Wests Tigers,Cronulla Sharks,8,25,Leichhardt,https://www.rugbyleagueproject.org/matches/38703
2019|Qualif Final|Sydney Roosters|South Sydney Rabbitohs,2019,Qualif Final,26,1,193,2019-09-13,Sydney Roosters,South Sydney Rabbitohs,30,6,SCG,https://www.rugbyleagueproject.org/matches/39917
2019|Qualif Final|Manly Sea Eagles|Cronulla Sharks,2019,Qualif Final,26,2,194,2019-09-14,Manly Sea Eagles,Cronulla Sharks,28,16,Lottoland,https://www.rugbyleagueproject.org/matches/39919
2019|Qualif Final|Melbourne Storm|Canberra Raiders,2019,Qualif Final,26,3,195,2019-09-14,Melbourne Storm,Canberra Raiders,10,12,AAMI,https://www.rugbyleagueproject.org/matches/39918
2019|Qualif Final|Parramatta Eels|Brisbane Broncos,2019,Qualif Final,26,4,196,2019-09-15,Parramatta Eels,Brisbane Broncos,58,0,Bankwest,https://www.rugbyleagueproject.org/matches/39920
2019|Semi Final|South Sydney Rabbitohs|Manly Sea Eagles,2019,Semi Final,27,1,197,2019-09-20,South Sydney Rabbitohs,Manly Sea Eagles,34,26,ANZ,https://www.rugbyleagueproject.org/matches/39943
2019|Semi Final|Melbourne Storm|Parramatta Eels,2019,Semi Final,27,2,198,2019-09-21,Melbourne Storm,Parramatta Eels,32,0,AAMI,https://www.rugbyleagueproject.org/matches/39944
2019|Prelim Final|Canberra Raiders|South Sydney Rabbitohs,2019,Prelim Final,28,1,199,2019-09-27,Canberra Raiders,South Sydney Rabbitohs,16,10,GIO,https://www.rugbyleagueproject.org/matches/39991
2019|Prelim Final|Sydney Roosters|Melbourne Storm,2019,Prelim Final,28,2,200,2019-09-28,Sydney Roosters,Melbourne Storm,14,6,SCG,https://www.rugbyleagueproject.org/matches/39992
2019|Grand Final|Sydney Roosters|Canberra Raiders,2019,Grand Final,29,1,201,2019-10-06,Sydney Roosters,Canberra Raiders,14,8,ANZ,https://www.rugbyleagueproject.org/matches/39999
2020|Rd 1|Parramatta Eels|Canterbury Bulldogs,2020,Rd 1,1,1,1,2020-03-12,Parramatta Eels,Canterbury Bulldogs,8,2,Bankwest,https://www.rugbyleagueproject.org/matches/40159
2020|Rd 1|Canberra Raiders|Gold Coast Titans,2020,Rd 1,1,2,2,2020-03-13,Canberra Raiders,Gold Coast Titans,24,6,GIO,https://www.rugbyleagueproject.org/matches/40160
2020|Rd 1|NQ Cowboys|Brisbane Broncos,2020,Rd 1,1,3,3,2020-03-13,NQ Cowboys,Brisbane Broncos,21,28,QLD C. Bank,https://www.rugbyleagueproject.org/matches/40161
2020|Rd 1|Newcastle Knights|New Zealand Warriors,2020,Rd 1,1,4,4,2020-03-14,Newcastle Knights,New Zealand Warriors,20,0,McD. Jones,https://www.rugbyleagueproject.org/matches/40162
2020|Rd 1|Penrith Panthers|Sydney Roosters,2020,Rd 1,1,5,5,2020-03-14,Penrith Panthers,Sydney Roosters,20,14,Panthers Stadium,https://www.rugbyleagueproject.org/matches/40164
2020|Rd 1|South Sydney Rabbitohs|Cronulla Sharks,2020,Rd 1,1,6,6,2020-03-14,South Sydney Rabbitohs,Cronulla Sharks,22,18,ANZ,https://www.rugbyleagueproject.org/matches/40163
2020|Rd 1|Manly Sea Eagles|Melbourne Storm,2020,Rd 1,1,7,7,2020-03-15,Manly Sea Eagles,Melbourne Storm,4,18,Lottoland,https://www.rugbyleagueproject.org/matches/40165
2020|Rd 1|St. George Illawarra Dragons|Wests Tigers,2020,Rd 1,1,8,8,2020-03-15,St. George Illawarra Dragons,Wests Tigers,14,24,WIN,https://www.rugbyleagueproject.org/matches/40166
2020|Rd 2|Canterbury Bulldogs|NQ Cowboys,2020,Rd 2,2,1,9,2020-03-19,Canterbury Bulldogs,NQ Cowboys,16,24,ANZ,https://www.rugbyleagueproject.org/matches/40167
2020|Rd 2|Brisbane Broncos|South Sydney Rabbitohs,2020,Rd 2,2,2,10,2020-03-20,Brisbane Broncos,South Sydney Rabbitohs,22,18,Suncorp,https://www.rugbyleagueproject.org/matches/40169
2020|Rd 2|St. George Illawarra Dragons|Penrith Panthers,2020,Rd 2,2,3,11,2020-03-20,St. George Illawarra Dragons,Penrith Panthers,28,32,Netstrata,https://www.rugbyleagueproject.org/matches/40168
2020|Rd 2|Cronulla Sharks|Melbourne Storm,2020,Rd 2,2,4,12,2020-03-21,Cronulla Sharks,Melbourne Storm,10,12,Netstrata,https://www.rugbyleagueproject.org/matches/40172
2020|Rd 2|New Zealand Warriors|Canberra Raiders,2020,Rd 2,2,5,13,2020-03-21,New Zealand Warriors,Canberra Raiders,6,20,Cbus Super,https://www.rugbyleagueproject.org/matches/40170
2020|Rd 2|Sydney Roosters|Manly Sea Eagles,2020,Rd 2,2,6,14,2020-03-21,Sydney Roosters,Manly Sea Eagles,8,9,Leichhardt,https://www.rugbyleagueproject.org/matches/40171
2020|Rd 2|Gold Coast Titans|Parramatta Eels,2020,Rd 2,2,7,15,2020-03-22,Gold Coast Titans,Parramatta Eels,6,46,Cbus Super,https://www.rugbyleagueproject.org/matches/40174
2020|Rd 2|Wests Tigers|Newcastle Knights,2020,Rd 2,2,8,16,2020-03-22,Wests Tigers,Newcastle Knights,24,42,Leichhardt,https://www.rugbyleagueproject.org/matches/40173
2020|Rd 3|Brisbane Broncos|Parramatta Eels,2020,Rd 3,3,1,17,2020-05-28,Brisbane Broncos,Parramatta Eels,6,34,Suncorp,https://www.rugbyleagueproject.org/matches/40175
2020|Rd 3|NQ Cowboys|Gold Coast Titans,2020,Rd 3,3,2,18,2020-05-29,NQ Cowboys,Gold Coast Titans,36,6,QLD C. Bank,https://www.rugbyleagueproject.org/matches/40176
2020|Rd 3|Sydney Roosters|South Sydney Rabbitohs,2020,Rd 3,3,3,19,2020-05-29,Sydney Roosters,South Sydney Rabbitohs,28,12,Bankwest,https://www.rugbyleagueproject.org/matches/40177
2020|Rd 3|Cronulla Sharks|Wests Tigers,2020,Rd 3,3,4,20,2020-05-30,Cronulla Sharks,Wests Tigers,16,28,Bankwest,https://www.rugbyleagueproject.org/matches/40179
2020|Rd 3|Melbourne Storm|Canberra Raiders,2020,Rd 3,3,5,21,2020-05-30,Melbourne Storm,Canberra Raiders,6,22,AAMI,https://www.rugbyleagueproject.org/matches/40180
2020|Rd 3|New Zealand Warriors|St. George Illawarra Dragons,2020,Rd 3,3,6,22,2020-05-30,New Zealand Warriors,St. George Illawarra Dragons,18,0,Central Coast,https://www.rugbyleagueproject.org/matches/40178
2020|Rd 3|Manly Sea Eagles|Canterbury Bulldogs,2020,Rd 3,3,7,23,2020-05-31,Manly Sea Eagles,Canterbury Bulldogs,32,6,Central Coast,https://www.rugbyleagueproject.org/matches/40182
2020|Rd 3|Penrith Panthers|Newcastle Knights,2020,Rd 3,3,8,24,2020-05-31,Penrith Panthers,Newcastle Knights,14,14,Campbelltown,https://www.rugbyleagueproject.org/matches/40181
2020|Rd 4|Brisbane Broncos|Sydney Roosters,2020,Rd 4,4,1,25,2020-06-04,Brisbane Broncos,Sydney Roosters,0,59,Suncorp,https://www.rugbyleagueproject.org/matches/40183
2020|Rd 4|Melbourne Storm|South Sydney Rabbitohs,2020,Rd 4,4,2,26,2020-06-05,Melbourne Storm,South Sydney Rabbitohs,22,8,AAMI,https://www.rugbyleagueproject.org/matches/40185
2020|Rd 4|Penrith Panthers|New Zealand Warriors,2020,Rd 4,4,3,27,2020-06-05,Penrith Panthers,New Zealand Warriors,26,0,Campbelltown,https://www.rugbyleagueproject.org/matches/40184
2020|Rd 4|NQ Cowboys|Cronulla Sharks,2020,Rd 4,4,4,28,2020-06-06,NQ Cowboys,Cronulla Sharks,16,26,QLD C. Bank,https://www.rugbyleagueproject.org/matches/40187
2020|Rd 4|Parramatta Eels|Manly Sea Eagles,2020,Rd 4,4,5,29,2020-06-06,Parramatta Eels,Manly Sea Eagles,19,16,Bankwest,https://www.rugbyleagueproject.org/matches/40186
2020|Rd 4|Canberra Raiders|Newcastle Knights,2020,Rd 4,4,6,30,2020-06-07,Canberra Raiders,Newcastle Knights,18,34,Campbelltown,https://www.rugbyleagueproject.org/matches/40188
2020|Rd 4|Gold Coast Titans|Wests Tigers,2020,Rd 4,4,7,31,2020-06-07,Gold Coast Titans,Wests Tigers,28,23,Suncorp,https://www.rugbyleagueproject.org/matches/40189
2020|Rd 4|Canterbury Bulldogs|St. George Illawarra Dragons,2020,Rd 4,4,8,32,2020-06-08,Canterbury Bulldogs,St. George Illawarra Dragons,22,2,Bankwest,https://www.rugbyleagueproject.org/matches/40258
2020|Rd 5|Manly Sea Eagles|Brisbane Broncos,2020,Rd 5,5,1,33,2020-06-11,Manly Sea Eagles,Brisbane Broncos,20,18,Central Coast,https://www.rugbyleagueproject.org/matches/40190
2020|Rd 5|New Zealand Warriors|NQ Cowboys,2020,Rd 5,5,2,34,2020-06-12,New Zealand Warriors,NQ Cowboys,37,26,Central Coast,https://www.rugbyleagueproject.org/matches/40191
2020|Rd 5|Parramatta Eels|Penrith Panthers,2020,Rd 5,5,3,35,2020-06-12,Parramatta Eels,Penrith Panthers,16,10,Bankwest,https://www.rugbyleagueproject.org/matches/40192
2020|Rd 5|Newcastle Knights|Melbourne Storm,2020,Rd 5,5,4,36,2020-06-13,Newcastle Knights,Melbourne Storm,12,26,Central Coast,https://www.rugbyleagueproject.org/matches/40263
2020|Rd 5|South Sydney Rabbitohs|Gold Coast Titans,2020,Rd 5,5,5,37,2020-06-13,South Sydney Rabbitohs,Gold Coast Titans,32,12,Bankwest,https://www.rugbyleagueproject.org/matches/40193
2020|Rd 5|Wests Tigers|Canberra Raiders,2020,Rd 5,5,6,38,2020-06-13,Wests Tigers,Canberra Raiders,6,14,Campbelltown,https://www.rugbyleagueproject.org/matches/40195
2020|Rd 5|St. George Illawarra Dragons|Cronulla Sharks,2020,Rd 5,5,7,39,2020-06-14,St. George Illawarra Dragons,Cronulla Sharks,30,16,Campbelltown,https://www.rugbyleagueproject.org/matches/40197
2020|Rd 5|Canterbury Bulldogs|Sydney Roosters,2020,Rd 5,5,8,40,2020-06-15,Canterbury Bulldogs,Sydney Roosters,6,42,Bankwest,https://www.rugbyleagueproject.org/matches/40196
2020|Rd 6|Newcastle Knights|Brisbane Broncos,2020,Rd 6,6,1,41,2020-06-18,Newcastle Knights,Brisbane Broncos,27,6,Central Coast,https://www.rugbyleagueproject.org/matches/40194
2020|Rd 6|Penrith Panthers|Melbourne Storm,2020,Rd 6,6,2,42,2020-06-19,Penrith Panthers,Melbourne Storm,21,14,Campbelltown,https://www.rugbyleagueproject.org/matches/40199
2020|Rd 6|South Sydney Rabbitohs|New Zealand Warriors,2020,Rd 6,6,3,43,2020-06-19,South Sydney Rabbitohs,New Zealand Warriors,40,12,Bankwest,https://www.rugbyleagueproject.org/matches/40198
2020|Rd 6|Gold Coast Titans|St. George Illawarra Dragons,2020,Rd 6,6,4,44,2020-06-20,Gold Coast Titans,St. George Illawarra Dragons,8,20,Suncorp,https://www.rugbyleagueproject.org/matches/40200
2020|Rd 6|Sydney Roosters|Parramatta Eels,2020,Rd 6,6,5,45,2020-06-20,Sydney Roosters,Parramatta Eels,24,10,Bankwest,https://www.rugbyleagueproject.org/matches/40202
2020|Rd 6|Wests Tigers|NQ Cowboys,2020,Rd 6,6,6,46,2020-06-20,Wests Tigers,NQ Cowboys,36,20,Campbelltown,https://www.rugbyleagueproject.org/matches/40201
2020|Rd 6|Canberra Raiders|Manly Sea Eagles,2020,Rd 6,6,7,47,2020-06-21,Canberra Raiders,Manly Sea Eagles,6,14,Campbelltown,https://www.rugbyleagueproject.org/matches/40203
2020|Rd 6|Cronulla Sharks|Canterbury Bulldogs,2020,Rd 6,6,8,48,2020-06-21,Cronulla Sharks,Canterbury Bulldogs,20,18,Bankwest,https://www.rugbyleagueproject.org/matches/40204
2020|Rd 7|Penrith Panthers|South Sydney Rabbitohs,2020,Rd 7,7,1,49,2020-06-25,Penrith Panthers,South Sydney Rabbitohs,20,12,Netstrata,https://www.rugbyleagueproject.org/matches/40205
2020|Rd 7|Melbourne Storm|New Zealand Warriors,2020,Rd 7,7,2,50,2020-06-26,Melbourne Storm,New Zealand Warriors,50,6,Netstrata,https://www.rugbyleagueproject.org/matches/40206
2020|Rd 7|Sydney Roosters|St. George Illawarra Dragons,2020,Rd 7,7,3,51,2020-06-26,Sydney Roosters,St. George Illawarra Dragons,26,12,Bankwest,https://www.rugbyleagueproject.org/matches/40207
2020|Rd 7|Brisbane Broncos|Gold Coast Titans,2020,Rd 7,7,4,52,2020-06-27,Brisbane Broncos,Gold Coast Titans,12,30,Suncorp,https://www.rugbyleagueproject.org/matches/40209
2020|Rd 7|NQ Cowboys|Newcastle Knights,2020,Rd 7,7,5,53,2020-06-27,NQ Cowboys,Newcastle Knights,32,20,QLD C. Bank,https://www.rugbyleagueproject.org/matches/40208
2020|Rd 7|Parramatta Eels|Canberra Raiders,2020,Rd 7,7,6,54,2020-06-27,Parramatta Eels,Canberra Raiders,25,24,Bankwest,https://www.rugbyleagueproject.org/matches/40210
2020|Rd 7|Canterbury Bulldogs|Wests Tigers,2020,Rd 7,7,7,55,2020-06-28,Canterbury Bulldogs,Wests Tigers,6,34,Bankwest,https://www.rugbyleagueproject.org/matches/40212
2020|Rd 7|Manly Sea Eagles|Cronulla Sharks,2020,Rd 7,7,8,56,2020-06-28,Manly Sea Eagles,Cronulla Sharks,22,40,Central Coast,https://www.rugbyleagueproject.org/matches/40211
2020|Rd 8|Melbourne Storm|Sydney Roosters,2020,Rd 8,8,1,57,2020-07-02,Melbourne Storm,Sydney Roosters,27,25,Suncorp,https://www.rugbyleagueproject.org/matches/40213
2020|Rd 8|Canberra Raiders|St. George Illawarra Dragons,2020,Rd 8,8,2,58,2020-07-03,Canberra Raiders,St. George Illawarra Dragons,22,16,GIO,https://www.rugbyleagueproject.org/matches/40214
2020|Rd 8|Parramatta Eels|NQ Cowboys,2020,Rd 8,8,3,59,2020-07-03,Parramatta Eels,NQ Cowboys,42,4,Bankwest,https://www.rugbyleagueproject.org/matches/40215
2020|Rd 8|Gold Coast Titans|Cronulla Sharks,2020,Rd 8,8,4,60,2020-07-04,Gold Coast Titans,Cronulla Sharks,10,40,Cbus Super,https://www.rugbyleagueproject.org/matches/40216
2020|Rd 8|New Zealand Warriors|Brisbane Broncos,2020,Rd 8,8,5,61,2020-07-04,New Zealand Warriors,Brisbane Broncos,26,16,Central Coast,https://www.rugbyleagueproject.org/matches/40217
2020|Rd 8|Wests Tigers|Penrith Panthers,2020,Rd 8,8,6,62,2020-07-04,Wests Tigers,Penrith Panthers,12,19,Bankwest,https://www.rugbyleagueproject.org/matches/40218
2020|Rd 8|Canterbury Bulldogs|South Sydney Rabbitohs,2020,Rd 8,8,7,63,2020-07-05,Canterbury Bulldogs,South Sydney Rabbitohs,10,26,Bankwest,https://www.rugbyleagueproject.org/matches/40220
2020|Rd 8|Manly Sea Eagles|Newcastle Knights,2020,Rd 8,8,8,64,2020-07-05,Manly Sea Eagles,Newcastle Knights,12,14,Lottoland,https://www.rugbyleagueproject.org/matches/40219
2020|Rd 9|NQ Cowboys|Sydney Roosters,2020,Rd 9,9,1,65,2020-07-09,NQ Cowboys,Sydney Roosters,16,42,QLD C. Bank,https://www.rugbyleagueproject.org/matches/40221
2020|Rd 9|Gold Coast Titans|New Zealand Warriors,2020,Rd 9,9,2,66,2020-07-10,Gold Coast Titans,New Zealand Warriors,16,12,Cbus Super,https://www.rugbyleagueproject.org/matches/40222
2020|Rd 9|South Sydney Rabbitohs|Wests Tigers,2020,Rd 9,9,3,67,2020-07-10,South Sydney Rabbitohs,Wests Tigers,18,10,Bankwest,https://www.rugbyleagueproject.org/matches/40223
2020|Rd 9|Brisbane Broncos|Canterbury Bulldogs,2020,Rd 9,9,4,68,2020-07-11,Brisbane Broncos,Canterbury Bulldogs,26,8,Suncorp,https://www.rugbyleagueproject.org/matches/40225
2020|Rd 9|Canberra Raiders|Melbourne Storm,2020,Rd 9,9,5,69,2020-07-11,Canberra Raiders,Melbourne Storm,14,20,GIO,https://www.rugbyleagueproject.org/matches/40226
2020|Rd 9|Cronulla Sharks|Penrith Panthers,2020,Rd 9,9,6,70,2020-07-11,Cronulla Sharks,Penrith Panthers,24,56,Netstrata,https://www.rugbyleagueproject.org/matches/40224
2020|Rd 9|Newcastle Knights|Parramatta Eels,2020,Rd 9,9,7,71,2020-07-12,Newcastle Knights,Parramatta Eels,4,10,McD. Jones,https://www.rugbyleagueproject.org/matches/40227
2020|Rd 9|St. George Illawarra Dragons|Manly Sea Eagles,2020,Rd 9,9,8,72,2020-07-12,St. George Illawarra Dragons,Manly Sea Eagles,34,4,Netstrata,https://www.rugbyleagueproject.org/matches/40228
2020|Rd 10|Sydney Roosters|Canberra Raiders,2020,Rd 10,10,1,73,2020-07-16,Sydney Roosters,Canberra Raiders,20,24,SCG,https://www.rugbyleagueproject.org/matches/40229
2020|Rd 10|Melbourne Storm|Gold Coast Titans,2020,Rd 10,10,2,74,2020-07-17,Melbourne Storm,Gold Coast Titans,42,6,Sunshine Coast,https://www.rugbyleagueproject.org/matches/40230
2020|Rd 10|Wests Tigers|Brisbane Broncos,2020,Rd 10,10,3,75,2020-07-17,Wests Tigers,Brisbane Broncos,48,0,Leichhardt,https://www.rugbyleagueproject.org/matches/40231
2020|Rd 10|Manly Sea Eagles|Parramatta Eels,2020,Rd 10,10,4,76,2020-07-18,Manly Sea Eagles,Parramatta Eels,22,18,Lottoland,https://www.rugbyleagueproject.org/matches/40234
2020|Rd 10|South Sydney Rabbitohs|Newcastle Knights,2020,Rd 10,10,5,77,2020-07-18,South Sydney Rabbitohs,Newcastle Knights,18,20,Bankwest,https://www.rugbyleagueproject.org/matches/40233
2020|Rd 10|St. George Illawarra Dragons|Canterbury Bulldogs,2020,Rd 10,10,6,78,2020-07-18,St. George Illawarra Dragons,Canterbury Bulldogs,28,22,WIN,https://www.rugbyleagueproject.org/matches/40232
2020|Rd 10|New Zealand Warriors|Cronulla Sharks,2020,Rd 10,10,7,79,2020-07-19,New Zealand Warriors,Cronulla Sharks,10,46,Central Coast,https://www.rugbyleagueproject.org/matches/40235
2020|Rd 10|Penrith Panthers|NQ Cowboys,2020,Rd 10,10,8,80,2020-07-19,Penrith Panthers,NQ Cowboys,22,10,Panthers Stadium,https://www.rugbyleagueproject.org/matches/40236
2020|Rd 11|Parramatta Eels|Wests Tigers,2020,Rd 11,11,1,81,2020-07-23,Parramatta Eels,Wests Tigers,26,16,Bankwest,https://www.rugbyleagueproject.org/matches/40237
2020|Rd 11|Brisbane Broncos|Melbourne Storm,2020,Rd 11,11,2,82,2020-07-24,Brisbane Broncos,Melbourne Storm,8,46,Suncorp,https://www.rugbyleagueproject.org/matches/40239
2020|Rd 11|NQ Cowboys|Manly Sea Eagles,2020,Rd 11,11,3,83,2020-07-24,NQ Cowboys,Manly Sea Eagles,12,24,QLD C. Bank,https://www.rugbyleagueproject.org/matches/40238
2020|Rd 11|Canberra Raiders|South Sydney Rabbitohs,2020,Rd 11,11,4,84,2020-07-25,Canberra Raiders,South Sydney Rabbitohs,18,12,GIO,https://www.rugbyleagueproject.org/matches/40242
2020|Rd 11|Cronulla Sharks|St. George Illawarra Dragons,2020,Rd 11,11,5,85,2020-07-25,Cronulla Sharks,St. George Illawarra Dragons,28,24,Netstrata,https://www.rugbyleagueproject.org/matches/40241
2020|Rd 11|New Zealand Warriors|Sydney Roosters,2020,Rd 11,11,6,86,2020-07-25,New Zealand Warriors,Sydney Roosters,10,18,Central Coast,https://www.rugbyleagueproject.org/matches/40240
2020|Rd 11|Gold Coast Titans|Penrith Panthers,2020,Rd 11,11,7,87,2020-07-26,Gold Coast Titans,Penrith Panthers,14,22,Cbus Super,https://www.rugbyleagueproject.org/matches/40244
2020|Rd 11|Newcastle Knights|Canterbury Bulldogs,2020,Rd 11,11,8,88,2020-07-26,Newcastle Knights,Canterbury Bulldogs,12,18,McD. Jones,https://www.rugbyleagueproject.org/matches/40243
2020|Rd 12|St. George Illawarra Dragons|South Sydney Rabbitohs,2020,Rd 12,12,1,89,2020-07-30,St. George Illawarra Dragons,South Sydney Rabbitohs,24,32,Netstrata,https://www.rugbyleagueproject.org/matches/40248
2020|Rd 12|Brisbane Broncos|Cronulla Sharks,2020,Rd 12,12,2,90,2020-07-31,Brisbane Broncos,Cronulla Sharks,26,36,Suncorp,https://www.rugbyleagueproject.org/matches/40250
2020|Rd 12|Wests Tigers|New Zealand Warriors,2020,Rd 12,12,3,91,2020-07-31,Wests Tigers,New Zealand Warriors,20,26,SCG,https://www.rugbyleagueproject.org/matches/40249
2020|Rd 12|Manly Sea Eagles|Penrith Panthers,2020,Rd 12,12,4,92,2020-08-01,Manly Sea Eagles,Penrith Panthers,12,42,Lottoland,https://www.rugbyleagueproject.org/matches/40253
2020|Rd 12|NQ Cowboys|Canberra Raiders,2020,Rd 12,12,5,93,2020-08-01,NQ Cowboys,Canberra Raiders,12,14,QLD C. Bank,https://www.rugbyleagueproject.org/matches/40252
2020|Rd 12|Sydney Roosters|Gold Coast Titans,2020,Rd 12,12,6,94,2020-08-01,Sydney Roosters,Gold Coast Titans,18,12,SCG,https://www.rugbyleagueproject.org/matches/40251
2020|Rd 12|Canterbury Bulldogs|Parramatta Eels,2020,Rd 12,12,7,95,2020-08-02,Canterbury Bulldogs,Parramatta Eels,16,18,ANZ,https://www.rugbyleagueproject.org/matches/40254
2020|Rd 12|Melbourne Storm|Newcastle Knights,2020,Rd 12,12,8,96,2020-08-02,Melbourne Storm,Newcastle Knights,26,16,Sunshine Coast,https://www.rugbyleagueproject.org/matches/40255
2020|Rd 13|St. George Illawarra Dragons|Sydney Roosters,2020,Rd 13,13,1,97,2020-08-06,St. George Illawarra Dragons,Sydney Roosters,16,24,WIN,https://www.rugbyleagueproject.org/matches/44795
2020|Rd 13|Manly Sea Eagles|New Zealand Warriors,2020,Rd 13,13,2,98,2020-08-07,Manly Sea Eagles,New Zealand Warriors,22,26,Lottoland,https://www.rugbyleagueproject.org/matches/44796
2020|Rd 13|South Sydney Rabbitohs|Brisbane Broncos,2020,Rd 13,13,3,99,2020-08-07,South Sydney Rabbitohs,Brisbane Broncos,28,10,ANZ,https://www.rugbyleagueproject.org/matches/44797
2020|Rd 13|Melbourne Storm|Canterbury Bulldogs,2020,Rd 13,13,4,100,2020-08-08,Melbourne Storm,Canterbury Bulldogs,41,10,Sunshine Coast,https://www.rugbyleagueproject.org/matches/44798
2020|Rd 13|Newcastle Knights|Wests Tigers,2020,Rd 13,13,5,101,2020-08-08,Newcastle Knights,Wests Tigers,44,4,McD. Jones,https://www.rugbyleagueproject.org/matches/44799
2020|Rd 13|Penrith Panthers|Canberra Raiders,2020,Rd 13,13,6,102,2020-08-08,Penrith Panthers,Canberra Raiders,28,12,Panthers Stadium,https://www.rugbyleagueproject.org/matches/44800
2020|Rd 13|Cronulla Sharks|Parramatta Eels,2020,Rd 13,13,7,103,2020-08-09,Cronulla Sharks,Parramatta Eels,12,14,Netstrata,https://www.rugbyleagueproject.org/matches/44802
2020|Rd 13|Gold Coast Titans|NQ Cowboys,2020,Rd 13,13,8,104,2020-08-09,Gold Coast Titans,NQ Cowboys,30,10,Cbus Super,https://www.rugbyleagueproject.org/matches/44801
2020|Rd 14|Sydney Roosters|Melbourne Storm,2020,Rd 14,14,1,105,2020-08-13,Sydney Roosters,Melbourne Storm,6,24,SCG,https://www.rugbyleagueproject.org/matches/44810
2020|Rd 14|New Zealand Warriors|Penrith Panthers,2020,Rd 14,14,2,106,2020-08-14,New Zealand Warriors,Penrith Panthers,12,18,Central Coast,https://www.rugbyleagueproject.org/matches/44815
2020|Rd 14|Parramatta Eels|St. George Illawarra Dragons,2020,Rd 14,14,3,107,2020-08-14,Parramatta Eels,St. George Illawarra Dragons,12,14,Bankwest,https://www.rugbyleagueproject.org/matches/44812
2020|Rd 14|Canberra Raiders|Brisbane Broncos,2020,Rd 14,14,4,108,2020-08-15,Canberra Raiders,Brisbane Broncos,36,8,GIO,https://www.rugbyleagueproject.org/matches/44814
2020|Rd 14|Cronulla Sharks|Gold Coast Titans,2020,Rd 14,14,5,109,2020-08-15,Cronulla Sharks,Gold Coast Titans,30,18,Netstrata,https://www.rugbyleagueproject.org/matches/44811
2020|Rd 14|NQ Cowboys|South Sydney Rabbitohs,2020,Rd 14,14,6,110,2020-08-15,NQ Cowboys,South Sydney Rabbitohs,30,31,QLD C. Bank,https://www.rugbyleagueproject.org/matches/44813
2020|Rd 14|Newcastle Knights|Manly Sea Eagles,2020,Rd 14,14,7,111,2020-08-16,Newcastle Knights,Manly Sea Eagles,26,24,McD. Jones,https://www.rugbyleagueproject.org/matches/44816
2020|Rd 14|Wests Tigers|Canterbury Bulldogs,2020,Rd 14,14,8,112,2020-08-16,Wests Tigers,Canterbury Bulldogs,29,28,Bankwest,https://www.rugbyleagueproject.org/matches/44817
2020|Rd 15|Parramatta Eels|Melbourne Storm,2020,Rd 15,15,1,113,2020-08-20,Parramatta Eels,Melbourne Storm,14,0,Bankwest,https://www.rugbyleagueproject.org/matches/44822
2020|Rd 15|Brisbane Broncos|St. George Illawarra Dragons,2020,Rd 15,15,2,114,2020-08-21,Brisbane Broncos,St. George Illawarra Dragons,24,28,Suncorp,https://www.rugbyleagueproject.org/matches/44824
2020|Rd 15|Penrith Panthers|Cronulla Sharks,2020,Rd 15,15,3,115,2020-08-21,Penrith Panthers,Cronulla Sharks,38,12,Panthers Stadium,https://www.rugbyleagueproject.org/matches/44823
2020|Rd 15|Gold Coast Titans|Canberra Raiders,2020,Rd 15,15,4,116,2020-08-22,Gold Coast Titans,Canberra Raiders,16,36,Cbus Super,https://www.rugbyleagueproject.org/matches/44825
2020|Rd 15|South Sydney Rabbitohs|Manly Sea Eagles,2020,Rd 15,15,5,117,2020-08-22,South Sydney Rabbitohs,Manly Sea Eagles,56,16,ANZ,https://www.rugbyleagueproject.org/matches/44827
2020|Rd 15|Wests Tigers|Sydney Roosters,2020,Rd 15,15,6,118,2020-08-22,Wests Tigers,Sydney Roosters,16,38,Leichhardt,https://www.rugbyleagueproject.org/matches/44826
2020|Rd 15|Canterbury Bulldogs|New Zealand Warriors,2020,Rd 15,15,7,119,2020-08-23,Canterbury Bulldogs,New Zealand Warriors,14,20,ANZ,https://www.rugbyleagueproject.org/matches/44828
2020|Rd 15|Newcastle Knights|NQ Cowboys,2020,Rd 15,15,8,120,2020-08-23,Newcastle Knights,NQ Cowboys,12,0,McD. Jones,https://www.rugbyleagueproject.org/matches/44829
2020|Rd 16|Parramatta Eels|South Sydney Rabbitohs,2020,Rd 16,16,1,121,2020-08-27,Parramatta Eels,South Sydney Rabbitohs,0,38,Bankwest,https://www.rugbyleagueproject.org/matches/44830
2020|Rd 16|St. George Illawarra Dragons|Gold Coast Titans,2020,Rd 16,16,2,122,2020-08-28,St. George Illawarra Dragons,Gold Coast Titans,10,14,Netstrata,https://www.rugbyleagueproject.org/matches/44831
2020|Rd 16|Sydney Roosters|Brisbane Broncos,2020,Rd 16,16,3,123,2020-08-28,Sydney Roosters,Brisbane Broncos,58,12,SCG,https://www.rugbyleagueproject.org/matches/44832
2020|Rd 16|Cronulla Sharks|NQ Cowboys,2020,Rd 16,16,4,124,2020-08-29,Cronulla Sharks,NQ Cowboys,28,12,Netstrata,https://www.rugbyleagueproject.org/matches/44834
2020|Rd 16|New Zealand Warriors|Newcastle Knights,2020,Rd 16,16,5,125,2020-08-29,New Zealand Warriors,Newcastle Knights,36,6,Scully,https://www.rugbyleagueproject.org/matches/44833
2020|Rd 16|Penrith Panthers|Wests Tigers,2020,Rd 16,16,6,126,2020-08-29,Penrith Panthers,Wests Tigers,30,6,Panthers Stadium,https://www.rugbyleagueproject.org/matches/44835
2020|Rd 16|Canberra Raiders|Canterbury Bulldogs,2020,Rd 16,16,7,127,2020-08-30,Canberra Raiders,Canterbury Bulldogs,34,20,GIO,https://www.rugbyleagueproject.org/matches/44837
2020|Rd 16|Melbourne Storm|Manly Sea Eagles,2020,Rd 16,16,8,128,2020-08-30,Melbourne Storm,Manly Sea Eagles,30,6,Sunshine Coast,https://www.rugbyleagueproject.org/matches/44836
2020|Rd 17|Brisbane Broncos|Penrith Panthers,2020,Rd 17,17,1,129,2020-09-03,Brisbane Broncos,Penrith Panthers,12,25,Suncorp,https://www.rugbyleagueproject.org/matches/44838
2020|Rd 17|Newcastle Knights|Cronulla Sharks,2020,Rd 17,17,2,130,2020-09-04,Newcastle Knights,Cronulla Sharks,38,10,McD. Jones,https://www.rugbyleagueproject.org/matches/44839
2020|Rd 17|South Sydney Rabbitohs|Melbourne Storm,2020,Rd 17,17,3,131,2020-09-04,South Sydney Rabbitohs,Melbourne Storm,16,22,ANZ,https://www.rugbyleagueproject.org/matches/44840
2020|Rd 17|Canberra Raiders|Sydney Roosters,2020,Rd 17,17,4,132,2020-09-05,Canberra Raiders,Sydney Roosters,6,18,GIO,https://www.rugbyleagueproject.org/matches/44843
2020|Rd 17|Canterbury Bulldogs|Gold Coast Titans,2020,Rd 17,17,5,133,2020-09-05,Canterbury Bulldogs,Gold Coast Titans,14,18,ANZ,https://www.rugbyleagueproject.org/matches/44841
2020|Rd 17|Manly Sea Eagles|Wests Tigers,2020,Rd 17,17,6,134,2020-09-05,Manly Sea Eagles,Wests Tigers,32,34,Lottoland,https://www.rugbyleagueproject.org/matches/44842
2020|Rd 17|NQ Cowboys|St. George Illawarra Dragons,2020,Rd 17,17,7,135,2020-09-06,NQ Cowboys,St. George Illawarra Dragons,23,22,QLD C. Bank,https://www.rugbyleagueproject.org/matches/44845
2020|Rd 17|New Zealand Warriors|Parramatta Eels,2020,Rd 17,17,8,136,2020-09-06,New Zealand Warriors,Parramatta Eels,18,24,Central Coast,https://www.rugbyleagueproject.org/matches/44844
2020|Rd 18|Wests Tigers|South Sydney Rabbitohs,2020,Rd 18,18,1,137,2020-09-10,Wests Tigers,South Sydney Rabbitohs,24,26,Bankwest,https://www.rugbyleagueproject.org/matches/44846
2020|Rd 18|Canterbury Bulldogs|Manly Sea Eagles,2020,Rd 18,18,2,138,2020-09-11,Canterbury Bulldogs,Manly Sea Eagles,20,32,ANZ,https://www.rugbyleagueproject.org/matches/44847
2020|Rd 18|Penrith Panthers|Parramatta Eels,2020,Rd 18,18,3,139,2020-09-11,Penrith Panthers,Parramatta Eels,20,2,Panthers Stadium,https://www.rugbyleagueproject.org/matches/44848
2020|Rd 18|Gold Coast Titans|Brisbane Broncos,2020,Rd 18,18,4,140,2020-09-12,Gold Coast Titans,Brisbane Broncos,18,6,Cbus Super,https://www.rugbyleagueproject.org/matches/44850
2020|Rd 18|St. George Illawarra Dragons|Canberra Raiders,2020,Rd 18,18,5,141,2020-09-12,St. George Illawarra Dragons,Canberra Raiders,8,37,WIN,https://www.rugbyleagueproject.org/matches/44849
2020|Rd 18|Sydney Roosters|Newcastle Knights,2020,Rd 18,18,6,142,2020-09-12,Sydney Roosters,Newcastle Knights,42,12,SCG,https://www.rugbyleagueproject.org/matches/44851
2020|Rd 18|Cronulla Sharks|New Zealand Warriors,2020,Rd 18,18,7,143,2020-09-13,Cronulla Sharks,New Zealand Warriors,22,14,Netstrata,https://www.rugbyleagueproject.org/matches/44853
2020|Rd 18|Melbourne Storm|NQ Cowboys,2020,Rd 18,18,8,144,2020-09-13,Melbourne Storm,NQ Cowboys,36,20,Sunshine Coast,https://www.rugbyleagueproject.org/matches/44852
2020|Rd 19|South Sydney Rabbitohs|Canterbury Bulldogs,2020,Rd 19,19,1,145,2020-09-17,South Sydney Rabbitohs,Canterbury Bulldogs,16,26,ANZ,https://www.rugbyleagueproject.org/matches/44854
2020|Rd 19|NQ Cowboys|Penrith Panthers,2020,Rd 19,19,2,146,2020-09-18,NQ Cowboys,Penrith Panthers,12,32,QLD C. Bank,https://www.rugbyleagueproject.org/matches/44855
2020|Rd 19|Parramatta Eels|Brisbane Broncos,2020,Rd 19,19,3,147,2020-09-18,Parramatta Eels,Brisbane Broncos,26,12,Bankwest,https://www.rugbyleagueproject.org/matches/44856
2020|Rd 19|Manly Sea Eagles|Gold Coast Titans,2020,Rd 19,19,4,148,2020-09-19,Manly Sea Eagles,Gold Coast Titans,24,42,Lottoland,https://www.rugbyleagueproject.org/matches/44857
2020|Rd 19|Melbourne Storm|Wests Tigers,2020,Rd 19,19,5,149,2020-09-19,Melbourne Storm,Wests Tigers,50,22,Sunshine Coast,https://www.rugbyleagueproject.org/matches/44858
2020|Rd 19|Sydney Roosters|Cronulla Sharks,2020,Rd 19,19,6,150,2020-09-19,Sydney Roosters,Cronulla Sharks,34,18,SCG,https://www.rugbyleagueproject.org/matches/44859
2020|Rd 19|Canberra Raiders|New Zealand Warriors,2020,Rd 19,19,7,151,2020-09-20,Canberra Raiders,New Zealand Warriors,26,14,GIO,https://www.rugbyleagueproject.org/matches/44860
2020|Rd 19|Newcastle Knights|St. George Illawarra Dragons,2020,Rd 19,19,8,152,2020-09-20,Newcastle Knights,St. George Illawarra Dragons,42,18,McD. Jones,https://www.rugbyleagueproject.org/matches/44861
2020|Rd 20|Brisbane Broncos|NQ Cowboys,2020,Rd 20,20,1,153,2020-09-24,Brisbane Broncos,NQ Cowboys,16,32,Suncorp,https://www.rugbyleagueproject.org/matches/44862
2020|Rd 20|Gold Coast Titans|Newcastle Knights,2020,Rd 20,20,2,154,2020-09-25,Gold Coast Titans,Newcastle Knights,36,6,Cbus Super,https://www.rugbyleagueproject.org/matches/44863
2020|Rd 20|South Sydney Rabbitohs|Sydney Roosters,2020,Rd 20,20,3,155,2020-09-25,South Sydney Rabbitohs,Sydney Roosters,60,8,ANZ,https://www.rugbyleagueproject.org/matches/44864
2020|Rd 20|Canterbury Bulldogs|Penrith Panthers,2020,Rd 20,20,4,156,2020-09-26,Canterbury Bulldogs,Penrith Panthers,0,42,ANZ,https://www.rugbyleagueproject.org/matches/44865
2020|Rd 20|Cronulla Sharks|Canberra Raiders,2020,Rd 20,20,5,157,2020-09-26,Cronulla Sharks,Canberra Raiders,28,38,Netstrata,https://www.rugbyleagueproject.org/matches/44866
2020|Rd 20|Wests Tigers|Parramatta Eels,2020,Rd 20,20,6,158,2020-09-26,Wests Tigers,Parramatta Eels,24,28,Bankwest,https://www.rugbyleagueproject.org/matches/44867
2020|Rd 20|New Zealand Warriors|Manly Sea Eagles,2020,Rd 20,20,7,159,2020-09-27,New Zealand Warriors,Manly Sea Eagles,40,28,Central Coast,https://www.rugbyleagueproject.org/matches/44868
2020|Rd 20|St. George Illawarra Dragons|Melbourne Storm,2020,Rd 20,20,8,160,2020-09-27,St. George Illawarra Dragons,Melbourne Storm,30,22,Netstrata,https://www.rugbyleagueproject.org/matches/44869
2020|Qualif Final|Penrith Panthers|Sydney Roosters,2020,Qualif Final,21,1,161,2020-10-02,Penrith Panthers,Sydney Roosters,29,28,Panthers Stadium,https://www.rugbyleagueproject.org/matches/44918
2020|Qualif Final|Canberra Raiders|Cronulla Sharks,2020,Qualif Final,21,2,162,2020-10-03,Canberra Raiders,Cronulla Sharks,32,20,GIO,https://www.rugbyleagueproject.org/matches/44919
2020|Qualif Final|Melbourne Storm|Parramatta Eels,2020,Qualif Final,21,3,163,2020-10-03,Melbourne Storm,Parramatta Eels,36,24,Suncorp,https://www.rugbyleagueproject.org/matches/44920
2020|Qualif Final|South Sydney Rabbitohs|Newcastle Knights,2020,Qualif Final,21,4,164,2020-10-04,South Sydney Rabbitohs,Newcastle Knights,46,20,ANZ,https://www.rugbyleagueproject.org/matches/44921
2020|Semi Final|Sydney Roosters|Canberra Raiders,2020,Semi Final,22,1,165,2020-10-09,Sydney Roosters,Canberra Raiders,18,22,SCG,https://www.rugbyleagueproject.org/matches/44931
2020|Semi Final|Parramatta Eels|South Sydney Rabbitohs,2020,Semi Final,22,2,166,2020-10-10,Parramatta Eels,South Sydney Rabbitohs,24,38,Bankwest,https://www.rugbyleagueproject.org/matches/44932
2020|Prelim Final|Melbourne Storm|Canberra Raiders,2020,Prelim Final,23,1,167,2020-10-16,Melbourne Storm,Canberra Raiders,30,10,Suncorp,https://www.rugbyleagueproject.org/matches/44935
2020|Prelim Final|Penrith Panthers|South Sydney Rabbitohs,2020,Prelim Final,23,2,168,2020-10-17,Penrith Panthers,South Sydney Rabbitohs,20,16,ANZ,https://www.rugbyleagueproject.org/matches/44936
2020|Grand Final|Penrith Panthers|Melbourne Storm,2020,Grand Final,24,1,169,2020-10-25,Penrith Panthers,Melbourne Storm,20,26,ANZ,https://www.rugbyleagueproject.org/matches/44946
2021|Rd 1|Melbourne Storm|South Sydney Rabbitohs,2021,Rd 1,1,1,1,2021-03-11,Melbourne Storm,South Sydney Rabbitohs,26,18,AAMI,https://www.rugbyleagueproject.org/matches/45027
2021|Rd 1|Brisbane Broncos|Parramatta Eels,2021,Rd 1,1,2,2,2021-03-12,Brisbane Broncos,Parramatta Eels,16,24,Suncorp,https://www.rugbyleagueproject.org/matches/45029
2021|Rd 1|Newcastle Knights|Canterbury Bulldogs,2021,Rd 1,1,3,3,2021-03-12,Newcastle Knights,Canterbury Bulldogs,32,16,McD. Jones,https://www.rugbyleagueproject.org/matches/45028
2021|Rd 1|New Zealand Warriors|Gold Coast Titans,2021,Rd 1,1,4,4,2021-03-13,New Zealand Warriors,Gold Coast Titans,19,6,Central Coast,https://www.rugbyleagueproject.org/matches/45030
2021|Rd 1|Penrith Panthers|NQ Cowboys,2021,Rd 1,1,5,5,2021-03-13,Penrith Panthers,NQ Cowboys,24,0,BlueBet,https://www.rugbyleagueproject.org/matches/45032
2021|Rd 1|Sydney Roosters|Manly Sea Eagles,2021,Rd 1,1,6,6,2021-03-13,Sydney Roosters,Manly Sea Eagles,46,4,SCG,https://www.rugbyleagueproject.org/matches/45031
2021|Rd 1|Canberra Raiders|Wests Tigers,2021,Rd 1,1,7,7,2021-03-14,Canberra Raiders,Wests Tigers,30,12,GIO,https://www.rugbyleagueproject.org/matches/45033
2021|Rd 1|St. George Illawarra Dragons|Cronulla Sharks,2021,Rd 1,1,8,8,2021-03-14,St. George Illawarra Dragons,Cronulla Sharks,18,32,Netstrata,https://www.rugbyleagueproject.org/matches/45034
2021|Rd 2|Parramatta Eels|Melbourne Storm,2021,Rd 2,2,1,9,2021-03-18,Parramatta Eels,Melbourne Storm,16,12,Bankwest,https://www.rugbyleagueproject.org/matches/45035
2021|Rd 2|Gold Coast Titans|Brisbane Broncos,2021,Rd 2,2,2,10,2021-03-19,Gold Coast Titans,Brisbane Broncos,28,16,Cbus Super,https://www.rugbyleagueproject.org/matches/45037
2021|Rd 2|New Zealand Warriors|Newcastle Knights,2021,Rd 2,2,3,11,2021-03-19,New Zealand Warriors,Newcastle Knights,16,20,Central Coast,https://www.rugbyleagueproject.org/matches/45036
2021|Rd 2|Canterbury Bulldogs|Penrith Panthers,2021,Rd 2,2,4,12,2021-03-20,Canterbury Bulldogs,Penrith Panthers,0,28,Bankwest,https://www.rugbyleagueproject.org/matches/45038
2021|Rd 2|Manly Sea Eagles|South Sydney Rabbitohs,2021,Rd 2,2,5,13,2021-03-20,Manly Sea Eagles,South Sydney Rabbitohs,12,26,Lottoland,https://www.rugbyleagueproject.org/matches/45039
2021|Rd 2|NQ Cowboys|St. George Illawarra Dragons,2021,Rd 2,2,6,14,2021-03-20,NQ Cowboys,St. George Illawarra Dragons,18,25,QLD C. Bank,https://www.rugbyleagueproject.org/matches/45040
2021|Rd 2|Cronulla Sharks|Canberra Raiders,2021,Rd 2,2,7,15,2021-03-21,Cronulla Sharks,Canberra Raiders,10,12,Netstrata,https://www.rugbyleagueproject.org/matches/45042
2021|Rd 2|Wests Tigers|Sydney Roosters,2021,Rd 2,2,8,16,2021-03-21,Wests Tigers,Sydney Roosters,6,40,Campbelltown,https://www.rugbyleagueproject.org/matches/45041
2021|Rd 3|Penrith Panthers|Melbourne Storm,2021,Rd 3,3,1,17,2021-03-25,Penrith Panthers,Melbourne Storm,12,10,BlueBet,https://www.rugbyleagueproject.org/matches/45043
2021|Rd 3|South Sydney Rabbitohs|Sydney Roosters,2021,Rd 3,3,2,18,2021-03-26,South Sydney Rabbitohs,Sydney Roosters,26,16,ANZ,https://www.rugbyleagueproject.org/matches/45045
2021|Rd 3|St. George Illawarra Dragons|Manly Sea Eagles,2021,Rd 3,3,3,19,2021-03-26,St. George Illawarra Dragons,Manly Sea Eagles,38,12,WIN,https://www.rugbyleagueproject.org/matches/45044
2021|Rd 3|Brisbane Broncos|Canterbury Bulldogs,2021,Rd 3,3,4,20,2021-03-27,Brisbane Broncos,Canterbury Bulldogs,24,0,Suncorp,https://www.rugbyleagueproject.org/matches/45047
2021|Rd 3|Canberra Raiders|New Zealand Warriors,2021,Rd 3,3,5,21,2021-03-27,Canberra Raiders,New Zealand Warriors,31,34,GIO,https://www.rugbyleagueproject.org/matches/45046
2021|Rd 3|Parramatta Eels|Cronulla Sharks,2021,Rd 3,3,6,22,2021-03-27,Parramatta Eels,Cronulla Sharks,28,4,Bankwest,https://www.rugbyleagueproject.org/matches/45048
2021|Rd 3|NQ Cowboys|Gold Coast Titans,2021,Rd 3,3,7,23,2021-03-28,NQ Cowboys,Gold Coast Titans,8,44,QLD C. Bank,https://www.rugbyleagueproject.org/matches/45050
2021|Rd 3|Newcastle Knights|Wests Tigers,2021,Rd 3,3,8,24,2021-03-28,Newcastle Knights,Wests Tigers,20,24,McD. Jones,https://www.rugbyleagueproject.org/matches/45049
2021|Rd 4|Manly Sea Eagles|Penrith Panthers,2021,Rd 4,4,1,25,2021-04-01,Manly Sea Eagles,Penrith Panthers,6,46,Lottoland,https://www.rugbyleagueproject.org/matches/45051
2021|Rd 4|Canterbury Bulldogs|South Sydney Rabbitohs,2021,Rd 4,4,2,26,2021-04-02,Canterbury Bulldogs,South Sydney Rabbitohs,0,38,ANZ,https://www.rugbyleagueproject.org/matches/45052
2021|Rd 4|Melbourne Storm|Brisbane Broncos,2021,Rd 4,4,3,27,2021-04-02,Melbourne Storm,Brisbane Broncos,40,6,AAMI,https://www.rugbyleagueproject.org/matches/45053
2021|Rd 4|Cronulla Sharks|NQ Cowboys,2021,Rd 4,4,4,28,2021-04-03,Cronulla Sharks,NQ Cowboys,48,10,Netstrata,https://www.rugbyleagueproject.org/matches/45055
2021|Rd 4|Gold Coast Titans|Canberra Raiders,2021,Rd 4,4,5,29,2021-04-03,Gold Coast Titans,Canberra Raiders,4,20,Netstrata,https://www.rugbyleagueproject.org/matches/45054
2021|Rd 4|Newcastle Knights|St. George Illawarra Dragons,2021,Rd 4,4,6,30,2021-04-04,Newcastle Knights,St. George Illawarra Dragons,13,22,McD. Jones,https://www.rugbyleagueproject.org/matches/45056
2021|Rd 4|Sydney Roosters|New Zealand Warriors,2021,Rd 4,4,7,31,2021-04-04,Sydney Roosters,New Zealand Warriors,32,12,SCG,https://www.rugbyleagueproject.org/matches/45057
2021|Rd 4|Wests Tigers|Parramatta Eels,2021,Rd 4,4,8,32,2021-04-05,Wests Tigers,Parramatta Eels,22,36,ANZ,https://www.rugbyleagueproject.org/matches/45058
2021|Rd 5|South Sydney Rabbitohs|Brisbane Broncos,2021,Rd 5,5,1,33,2021-04-08,South Sydney Rabbitohs,Brisbane Broncos,35,6,ANZ,https://www.rugbyleagueproject.org/matches/45059
2021|Rd 5|New Zealand Warriors|Manly Sea Eagles,2021,Rd 5,5,2,34,2021-04-09,New Zealand Warriors,Manly Sea Eagles,12,13,Central Coast,https://www.rugbyleagueproject.org/matches/45060
2021|Rd 5|Penrith Panthers|Canberra Raiders,2021,Rd 5,5,3,35,2021-04-09,Penrith Panthers,Canberra Raiders,30,10,BlueBet,https://www.rugbyleagueproject.org/matches/45061
2021|Rd 5|Canterbury Bulldogs|Melbourne Storm,2021,Rd 5,5,4,36,2021-04-10,Canterbury Bulldogs,Melbourne Storm,18,52,ANZ,https://www.rugbyleagueproject.org/matches/45063
2021|Rd 5|Gold Coast Titans|Newcastle Knights,2021,Rd 5,5,5,37,2021-04-10,Gold Coast Titans,Newcastle Knights,42,16,Cbus Super,https://www.rugbyleagueproject.org/matches/45062
2021|Rd 5|Sydney Roosters|Cronulla Sharks,2021,Rd 5,5,6,38,2021-04-10,Sydney Roosters,Cronulla Sharks,26,18,SCG,https://www.rugbyleagueproject.org/matches/45064
2021|Rd 5|Parramatta Eels|St. George Illawarra Dragons,2021,Rd 5,5,7,39,2021-04-11,Parramatta Eels,St. George Illawarra Dragons,12,26,Bankwest,https://www.rugbyleagueproject.org/matches/45066
2021|Rd 5|Wests Tigers|NQ Cowboys,2021,Rd 5,5,8,40,2021-04-11,Wests Tigers,NQ Cowboys,30,34,Leichhardt,https://www.rugbyleagueproject.org/matches/45065
2021|Rd 6|Brisbane Broncos|Penrith Panthers,2021,Rd 6,6,1,41,2021-04-15,Brisbane Broncos,Penrith Panthers,12,20,Suncorp,https://www.rugbyleagueproject.org/matches/45067
2021|Rd 6|Melbourne Storm|Sydney Roosters,2021,Rd 6,6,2,42,2021-04-16,Melbourne Storm,Sydney Roosters,20,4,AAMI,https://www.rugbyleagueproject.org/matches/45069
2021|Rd 6|Newcastle Knights|Cronulla Sharks,2021,Rd 6,6,3,43,2021-04-16,Newcastle Knights,Cronulla Sharks,26,22,McD. Jones,https://www.rugbyleagueproject.org/matches/45068
2021|Rd 6|Canberra Raiders|Parramatta Eels,2021,Rd 6,6,4,44,2021-04-17,Canberra Raiders,Parramatta Eels,10,35,GIO,https://www.rugbyleagueproject.org/matches/45072
2021|Rd 6|Manly Sea Eagles|Gold Coast Titans,2021,Rd 6,6,5,45,2021-04-17,Manly Sea Eagles,Gold Coast Titans,36,0,Glen Willow,https://www.rugbyleagueproject.org/matches/45070
2021|Rd 6|South Sydney Rabbitohs|Wests Tigers,2021,Rd 6,6,6,46,2021-04-17,South Sydney Rabbitohs,Wests Tigers,18,14,ANZ,https://www.rugbyleagueproject.org/matches/45071
2021|Rd 6|NQ Cowboys|Canterbury Bulldogs,2021,Rd 6,6,7,47,2021-04-18,NQ Cowboys,Canterbury Bulldogs,30,18,QLD C. Bank,https://www.rugbyleagueproject.org/matches/45074
2021|Rd 6|St. George Illawarra Dragons|New Zealand Warriors,2021,Rd 6,6,8,48,2021-04-18,St. George Illawarra Dragons,New Zealand Warriors,14,20,Netstrata,https://www.rugbyleagueproject.org/matches/45073
2021|Rd 7|Penrith Panthers|Newcastle Knights,2021,Rd 7,7,1,49,2021-04-22,Penrith Panthers,Newcastle Knights,24,6,BlueBet,https://www.rugbyleagueproject.org/matches/45075
2021|Rd 7|Gold Coast Titans|South Sydney Rabbitohs,2021,Rd 7,7,2,50,2021-04-23,Gold Coast Titans,South Sydney Rabbitohs,30,40,Cbus Super,https://www.rugbyleagueproject.org/matches/45076
2021|Rd 7|Parramatta Eels|Brisbane Broncos,2021,Rd 7,7,3,51,2021-04-23,Parramatta Eels,Brisbane Broncos,46,6,TIO,https://www.rugbyleagueproject.org/matches/45077
2021|Rd 7|Cronulla Sharks|Canterbury Bulldogs,2021,Rd 7,7,4,52,2021-04-24,Cronulla Sharks,Canterbury Bulldogs,12,18,Netstrata,https://www.rugbyleagueproject.org/matches/45078
2021|Rd 7|NQ Cowboys|Canberra Raiders,2021,Rd 7,7,5,53,2021-04-24,NQ Cowboys,Canberra Raiders,26,24,QLD C. Bank,https://www.rugbyleagueproject.org/matches/45079
2021|Rd 7|Melbourne Storm|New Zealand Warriors,2021,Rd 7,7,6,54,2021-04-25,Melbourne Storm,New Zealand Warriors,42,20,AAMI,https://www.rugbyleagueproject.org/matches/45082
2021|Rd 7|Sydney Roosters|St. George Illawarra Dragons,2021,Rd 7,7,7,55,2021-04-25,Sydney Roosters,St. George Illawarra Dragons,34,10,SCG,https://www.rugbyleagueproject.org/matches/45081
2021|Rd 7|Wests Tigers|Manly Sea Eagles,2021,Rd 7,7,8,56,2021-04-25,Wests Tigers,Manly Sea Eagles,6,40,Bankwest,https://www.rugbyleagueproject.org/matches/45080
2021|Rd 8|Canberra Raiders|South Sydney Rabbitohs,2021,Rd 8,8,1,57,2021-04-29,Canberra Raiders,South Sydney Rabbitohs,20,34,GIO,https://www.rugbyleagueproject.org/matches/45083
2021|Rd 8|Brisbane Broncos|Gold Coast Titans,2021,Rd 8,8,2,58,2021-04-30,Brisbane Broncos,Gold Coast Titans,36,28,Suncorp,https://www.rugbyleagueproject.org/matches/45085
2021|Rd 8|Melbourne Storm|Cronulla Sharks,2021,Rd 8,8,3,59,2021-04-30,Melbourne Storm,Cronulla Sharks,40,14,AAMI,https://www.rugbyleagueproject.org/matches/45084
2021|Rd 8|Canterbury Bulldogs|Parramatta Eels,2021,Rd 8,8,4,60,2021-05-01,Canterbury Bulldogs,Parramatta Eels,10,32,ANZ,https://www.rugbyleagueproject.org/matches/45087
2021|Rd 8|Newcastle Knights|Sydney Roosters,2021,Rd 8,8,5,61,2021-05-01,Newcastle Knights,Sydney Roosters,4,38,McD. Jones,https://www.rugbyleagueproject.org/matches/45088
2021|Rd 8|Penrith Panthers|Manly Sea Eagles,2021,Rd 8,8,6,62,2021-05-01,Penrith Panthers,Manly Sea Eagles,28,16,Carrington,https://www.rugbyleagueproject.org/matches/45086
2021|Rd 8|New Zealand Warriors|NQ Cowboys,2021,Rd 8,8,7,63,2021-05-02,New Zealand Warriors,NQ Cowboys,24,20,Central Coast,https://www.rugbyleagueproject.org/matches/45089
2021|Rd 8|St. George Illawarra Dragons|Wests Tigers,2021,Rd 8,8,8,64,2021-05-02,St. George Illawarra Dragons,Wests Tigers,8,16,WIN,https://www.rugbyleagueproject.org/matches/45090
2021|Rd 9|South Sydney Rabbitohs|Melbourne Storm,2021,Rd 9,9,1,65,2021-05-06,South Sydney Rabbitohs,Melbourne Storm,0,50,ANZ,https://www.rugbyleagueproject.org/matches/45091
2021|Rd 9|Parramatta Eels|Sydney Roosters,2021,Rd 9,9,2,66,2021-05-07,Parramatta Eels,Sydney Roosters,31,18,Bankwest,https://www.rugbyleagueproject.org/matches/45093
2021|Rd 9|Penrith Panthers|Cronulla Sharks,2021,Rd 9,9,3,67,2021-05-07,Penrith Panthers,Cronulla Sharks,48,0,BlueBet,https://www.rugbyleagueproject.org/matches/45092
2021|Rd 9|Canberra Raiders|Newcastle Knights,2021,Rd 9,9,4,68,2021-05-08,Canberra Raiders,Newcastle Knights,16,24,McDonalds Park,https://www.rugbyleagueproject.org/matches/45094
2021|Rd 9|NQ Cowboys|Brisbane Broncos,2021,Rd 9,9,5,69,2021-05-08,NQ Cowboys,Brisbane Broncos,19,18,QLD C. Bank,https://www.rugbyleagueproject.org/matches/45096
2021|Rd 9|Wests Tigers|Gold Coast Titans,2021,Rd 9,9,6,70,2021-05-08,Wests Tigers,Gold Coast Titans,28,36,Campbelltown,https://www.rugbyleagueproject.org/matches/45095
2021|Rd 9|Manly Sea Eagles|New Zealand Warriors,2021,Rd 9,9,7,71,2021-05-09,Manly Sea Eagles,New Zealand Warriors,38,32,Lottoland,https://www.rugbyleagueproject.org/matches/45097
2021|Rd 9|St. George Illawarra Dragons|Canterbury Bulldogs,2021,Rd 9,9,8,72,2021-05-09,St. George Illawarra Dragons,Canterbury Bulldogs,32,12,Netstrata,https://www.rugbyleagueproject.org/matches/45098
2021|Rd 10|Manly Sea Eagles|Brisbane Broncos,2021,Rd 10,10,1,73,2021-05-14,Manly Sea Eagles,Brisbane Broncos,50,6,Suncorp,https://www.rugbyleagueproject.org/matches/45100
2021|Rd 10|Wests Tigers|Newcastle Knights,2021,Rd 10,10,2,74,2021-05-14,Wests Tigers,Newcastle Knights,36,18,Suncorp,https://www.rugbyleagueproject.org/matches/45099
2021|Rd 10|Canterbury Bulldogs|Canberra Raiders,2021,Rd 10,10,3,75,2021-05-15,Canterbury Bulldogs,Canberra Raiders,18,20,Suncorp,https://www.rugbyleagueproject.org/matches/45101
2021|Rd 10|Cronulla Sharks|South Sydney Rabbitohs,2021,Rd 10,10,4,76,2021-05-15,Cronulla Sharks,South Sydney Rabbitohs,22,32,Suncorp,https://www.rugbyleagueproject.org/matches/45102
2021|Rd 10|Sydney Roosters|NQ Cowboys,2021,Rd 10,10,5,77,2021-05-15,Sydney Roosters,NQ Cowboys,30,16,Suncorp,https://www.rugbyleagueproject.org/matches/45103
2021|Rd 10|Gold Coast Titans|Penrith Panthers,2021,Rd 10,10,6,78,2021-05-16,Gold Coast Titans,Penrith Panthers,12,48,Suncorp,https://www.rugbyleagueproject.org/matches/45106
2021|Rd 10|Melbourne Storm|St. George Illawarra Dragons,2021,Rd 10,10,7,79,2021-05-16,Melbourne Storm,St. George Illawarra Dragons,44,18,Suncorp,https://www.rugbyleagueproject.org/matches/45105
2021|Rd 10|New Zealand Warriors|Parramatta Eels,2021,Rd 10,10,8,80,2021-05-16,New Zealand Warriors,Parramatta Eels,18,34,Suncorp,https://www.rugbyleagueproject.org/matches/45104
2021|Rd 11|NQ Cowboys|Newcastle Knights,2021,Rd 11,11,1,81,2021-05-20,NQ Cowboys,Newcastle Knights,36,20,QLD C. Bank,https://www.rugbyleagueproject.org/matches/45107
2021|Rd 11|Cronulla Sharks|St. George Illawarra Dragons,2021,Rd 11,11,2,82,2021-05-21,Cronulla Sharks,St. George Illawarra Dragons,13,12,Netstrata,https://www.rugbyleagueproject.org/matches/45109
2021|Rd 11|New Zealand Warriors|Wests Tigers,2021,Rd 11,11,3,83,2021-05-21,New Zealand Warriors,Wests Tigers,30,26,Central Coast,https://www.rugbyleagueproject.org/matches/45108
2021|Rd 11|Canberra Raiders|Melbourne Storm,2021,Rd 11,11,4,84,2021-05-22,Canberra Raiders,Melbourne Storm,10,34,GIO,https://www.rugbyleagueproject.org/matches/45112
2021|Rd 11|Gold Coast Titans|Canterbury Bulldogs,2021,Rd 11,11,5,85,2021-05-22,Gold Coast Titans,Canterbury Bulldogs,30,20,Cbus Super,https://www.rugbyleagueproject.org/matches/45110
2021|Rd 11|Sydney Roosters|Brisbane Broncos,2021,Rd 11,11,6,86,2021-05-22,Sydney Roosters,Brisbane Broncos,16,34,SCG,https://www.rugbyleagueproject.org/matches/45111
2021|Rd 11|Parramatta Eels|Manly Sea Eagles,2021,Rd 11,11,7,87,2021-05-23,Parramatta Eels,Manly Sea Eagles,6,28,Bankwest,https://www.rugbyleagueproject.org/matches/45114
2021|Rd 11|South Sydney Rabbitohs|Penrith Panthers,2021,Rd 11,11,8,88,2021-05-23,South Sydney Rabbitohs,Penrith Panthers,12,56,Apex Oval,https://www.rugbyleagueproject.org/matches/45113
2021|Rd 12|Brisbane Broncos|Melbourne Storm,2021,Rd 12,12,1,89,2021-05-27,Brisbane Broncos,Melbourne Storm,12,40,Suncorp,https://www.rugbyleagueproject.org/matches/45115
2021|Rd 12|NQ Cowboys|New Zealand Warriors,2021,Rd 12,12,2,90,2021-05-28,NQ Cowboys,New Zealand Warriors,29,28,QLD C. Bank,https://www.rugbyleagueproject.org/matches/45116
2021|Rd 12|Wests Tigers|St. George Illawarra Dragons,2021,Rd 12,12,3,91,2021-05-28,Wests Tigers,St. George Illawarra Dragons,34,18,Bankwest,https://www.rugbyleagueproject.org/matches/45117
2021|Rd 12|Penrith Panthers|Canterbury Bulldogs,2021,Rd 12,12,4,92,2021-05-29,Penrith Panthers,Canterbury Bulldogs,30,4,BlueBet,https://www.rugbyleagueproject.org/matches/45118
2021|Rd 12|South Sydney Rabbitohs|Parramatta Eels,2021,Rd 12,12,5,93,2021-05-29,South Sydney Rabbitohs,Parramatta Eels,38,20,ANZ,https://www.rugbyleagueproject.org/matches/45119
2021|Rd 12|Sydney Roosters|Canberra Raiders,2021,Rd 12,12,6,94,2021-05-29,Sydney Roosters,Canberra Raiders,44,16,Central Coast,https://www.rugbyleagueproject.org/matches/45120
2021|Rd 12|Cronulla Sharks|Gold Coast Titans,2021,Rd 12,12,7,95,2021-05-30,Cronulla Sharks,Gold Coast Titans,38,10,BCU Stadium,https://www.rugbyleagueproject.org/matches/45121
2021|Rd 12|Newcastle Knights|Manly Sea Eagles,2021,Rd 12,12,8,96,2021-05-30,Newcastle Knights,Manly Sea Eagles,18,10,McD. Jones,https://www.rugbyleagueproject.org/matches/45122
2021|Rd 13|St. George Illawarra Dragons|Brisbane Broncos,2021,Rd 13,13,1,97,2021-06-03,St. George Illawarra Dragons,Brisbane Broncos,52,24,Netstrata,https://www.rugbyleagueproject.org/matches/45123
2021|Rd 13|Wests Tigers|Penrith Panthers,2021,Rd 13,13,2,98,2021-06-04,Wests Tigers,Penrith Panthers,26,6,Leichhardt,https://www.rugbyleagueproject.org/matches/45124
2021|Rd 13|Melbourne Storm|Gold Coast Titans,2021,Rd 13,13,3,99,2021-06-05,Melbourne Storm,Gold Coast Titans,20,14,Sunshine Coast,https://www.rugbyleagueproject.org/matches/45125
2021|Rd 13|Newcastle Knights|Parramatta Eels,2021,Rd 13,13,4,100,2021-06-06,Newcastle Knights,Parramatta Eels,4,40,McD. Jones,https://www.rugbyleagueproject.org/matches/45126
2021|Rd 14|Cronulla Sharks|Penrith Panthers,2021,Rd 14,14,1,101,2021-06-11,Cronulla Sharks,Penrith Panthers,19,18,Netstrata,https://www.rugbyleagueproject.org/matches/45128
2021|Rd 14|Manly Sea Eagles|NQ Cowboys,2021,Rd 14,14,2,102,2021-06-11,Manly Sea Eagles,NQ Cowboys,50,18,4 Pines,https://www.rugbyleagueproject.org/matches/45127
2021|Rd 14|Canberra Raiders|Brisbane Broncos,2021,Rd 14,14,3,103,2021-06-12,Canberra Raiders,Brisbane Broncos,38,16,GIO,https://www.rugbyleagueproject.org/matches/45131
2021|Rd 14|Gold Coast Titans|Sydney Roosters,2021,Rd 14,14,4,104,2021-06-12,Gold Coast Titans,Sydney Roosters,34,35,Cbus Super,https://www.rugbyleagueproject.org/matches/45129
2021|Rd 14|South Sydney Rabbitohs|Newcastle Knights,2021,Rd 14,14,5,105,2021-06-12,South Sydney Rabbitohs,Newcastle Knights,24,10,ANZ,https://www.rugbyleagueproject.org/matches/45130
2021|Rd 14|New Zealand Warriors|Melbourne Storm,2021,Rd 14,14,6,106,2021-06-13,New Zealand Warriors,Melbourne Storm,16,42,Central Coast,https://www.rugbyleagueproject.org/matches/45132
2021|Rd 14|Parramatta Eels|Wests Tigers,2021,Rd 14,14,7,107,2021-06-13,Parramatta Eels,Wests Tigers,40,12,Bankwest,https://www.rugbyleagueproject.org/matches/45133
2021|Rd 14|Canterbury Bulldogs|St. George Illawarra Dragons,2021,Rd 14,14,8,108,2021-06-14,Canterbury Bulldogs,St. George Illawarra Dragons,28,6,ANZ,https://www.rugbyleagueproject.org/matches/45134
2021|Rd 15|Brisbane Broncos|South Sydney Rabbitohs,2021,Rd 15,15,1,109,2021-06-17,Brisbane Broncos,South Sydney Rabbitohs,0,46,Suncorp,https://www.rugbyleagueproject.org/matches/45135
2021|Rd 15|NQ Cowboys|Cronulla Sharks,2021,Rd 15,15,2,110,2021-06-18,NQ Cowboys,Cronulla Sharks,24,26,QLD C. Bank,https://www.rugbyleagueproject.org/matches/45136
2021|Rd 15|Penrith Panthers|Sydney Roosters,2021,Rd 15,15,3,111,2021-06-18,Penrith Panthers,Sydney Roosters,38,12,BlueBet,https://www.rugbyleagueproject.org/matches/45137
2021|Rd 15|Melbourne Storm|Wests Tigers,2021,Rd 15,15,4,112,2021-06-19,Melbourne Storm,Wests Tigers,66,16,Sunshine Coast,https://www.rugbyleagueproject.org/matches/45140
2021|Rd 15|Newcastle Knights|New Zealand Warriors,2021,Rd 15,15,5,113,2021-06-19,Newcastle Knights,New Zealand Warriors,10,6,McD. Jones,https://www.rugbyleagueproject.org/matches/45138
2021|Rd 15|St. George Illawarra Dragons|Canberra Raiders,2021,Rd 15,15,6,114,2021-06-19,St. George Illawarra Dragons,Canberra Raiders,22,20,WIN,https://www.rugbyleagueproject.org/matches/45139
2021|Rd 15|Gold Coast Titans|Manly Sea Eagles,2021,Rd 15,15,7,115,2021-06-20,Gold Coast Titans,Manly Sea Eagles,24,56,Cbus Super,https://www.rugbyleagueproject.org/matches/45142
2021|Rd 15|Parramatta Eels|Canterbury Bulldogs,2021,Rd 15,15,8,116,2021-06-20,Parramatta Eels,Canterbury Bulldogs,36,10,Bankwest,https://www.rugbyleagueproject.org/matches/45141
2021|Rd 16|Sydney Roosters|Melbourne Storm,2021,Rd 16,16,1,117,2021-07-01,Sydney Roosters,Melbourne Storm,0,46,McD. Jones,https://www.rugbyleagueproject.org/matches/45143
2021|Rd 16|New Zealand Warriors|St. George Illawarra Dragons,2021,Rd 16,16,2,118,2021-07-02,New Zealand Warriors,St. George Illawarra Dragons,18,19,Central Coast,https://www.rugbyleagueproject.org/matches/45144
2021|Rd 16|Penrith Panthers|Parramatta Eels,2021,Rd 16,16,3,119,2021-07-02,Penrith Panthers,Parramatta Eels,13,12,BlueBet,https://www.rugbyleagueproject.org/matches/45145
2021|Rd 16|Canberra Raiders|Gold Coast Titans,2021,Rd 16,16,4,120,2021-07-03,Canberra Raiders,Gold Coast Titans,6,44,GIO,https://www.rugbyleagueproject.org/matches/45147
2021|Rd 16|Canterbury Bulldogs|Manly Sea Eagles,2021,Rd 16,16,5,121,2021-07-03,Canterbury Bulldogs,Manly Sea Eagles,0,66,Bankwest,https://www.rugbyleagueproject.org/matches/45146
2021|Rd 16|Newcastle Knights|NQ Cowboys,2021,Rd 16,16,6,122,2021-07-03,Newcastle Knights,NQ Cowboys,38,0,McD. Jones,https://www.rugbyleagueproject.org/matches/45148
2021|Rd 16|Brisbane Broncos|Cronulla Sharks,2021,Rd 16,16,7,123,2021-07-04,Brisbane Broncos,Cronulla Sharks,26,18,Suncorp,https://www.rugbyleagueproject.org/matches/45149
2021|Rd 16|Wests Tigers|South Sydney Rabbitohs,2021,Rd 16,16,8,124,2021-07-04,Wests Tigers,South Sydney Rabbitohs,22,38,Leichhardt,https://www.rugbyleagueproject.org/matches/45150
2021|Rd 17|Manly Sea Eagles|Canberra Raiders,2021,Rd 17,17,1,125,2021-07-08,Manly Sea Eagles,Canberra Raiders,16,30,4 Pines,https://www.rugbyleagueproject.org/matches/45151
2021|Rd 17|South Sydney Rabbitohs|NQ Cowboys,2021,Rd 17,17,2,126,2021-07-09,South Sydney Rabbitohs,NQ Cowboys,46,18,McD. Jones,https://www.rugbyleagueproject.org/matches/45152
2021|Rd 17|Canterbury Bulldogs|Sydney Roosters,2021,Rd 17,17,3,127,2021-07-10,Canterbury Bulldogs,Sydney Roosters,16,22,Bankwest,https://www.rugbyleagueproject.org/matches/45153
2021|Rd 17|Cronulla Sharks|New Zealand Warriors,2021,Rd 17,17,4,128,2021-07-11,Cronulla Sharks,New Zealand Warriors,20,12,Netstrata,https://www.rugbyleagueproject.org/matches/45154
2021|Rd 18|Gold Coast Titans|Parramatta Eels,2021,Rd 18,18,1,129,2021-07-16,Gold Coast Titans,Parramatta Eels,8,26,Cbus Super,https://www.rugbyleagueproject.org/matches/45155
2021|Rd 18|Manly Sea Eagles|St. George Illawarra Dragons,2021,Rd 18,18,2,130,2021-07-16,Manly Sea Eagles,St. George Illawarra Dragons,32,18,Cbus Super,https://www.rugbyleagueproject.org/matches/45156
2021|Rd 18|Canberra Raiders|Cronulla Sharks,2021,Rd 18,18,3,131,2021-07-17,Canberra Raiders,Cronulla Sharks,34,18,Cbus Super,https://www.rugbyleagueproject.org/matches/45157
2021|Rd 18|Melbourne Storm|Newcastle Knights,2021,Rd 18,18,4,132,2021-07-17,Melbourne Storm,Newcastle Knights,48,4,Cbus Super,https://www.rugbyleagueproject.org/matches/45158
2021|Rd 18|NQ Cowboys|Sydney Roosters,2021,Rd 18,18,5,133,2021-07-17,NQ Cowboys,Sydney Roosters,18,34,QLD C. Bank,https://www.rugbyleagueproject.org/matches/45159
2021|Rd 18|Brisbane Broncos|Wests Tigers,2021,Rd 18,18,6,134,2021-07-18,Brisbane Broncos,Wests Tigers,24,42,Suncorp,https://www.rugbyleagueproject.org/matches/45161
2021|Rd 18|New Zealand Warriors|Penrith Panthers,2021,Rd 18,18,7,135,2021-07-18,New Zealand Warriors,Penrith Panthers,16,30,Suncorp,https://www.rugbyleagueproject.org/matches/45160
2021|Rd 18|South Sydney Rabbitohs|Canterbury Bulldogs,2021,Rd 18,18,8,136,2021-07-18,South Sydney Rabbitohs,Canterbury Bulldogs,32,24,Cbus Super,https://www.rugbyleagueproject.org/matches/45162
2021|Rd 19|Parramatta Eels|Canberra Raiders,2021,Rd 19,19,1,137,2021-07-22,Parramatta Eels,Canberra Raiders,10,12,Cbus Super,https://www.rugbyleagueproject.org/matches/45163
2021|Rd 19|NQ Cowboys|Melbourne Storm,2021,Rd 19,19,2,138,2021-07-23,NQ Cowboys,Melbourne Storm,16,20,QLD C. Bank,https://www.rugbyleagueproject.org/matches/45165
2021|Rd 19|Sydney Roosters|Newcastle Knights,2021,Rd 19,19,3,139,2021-07-23,Sydney Roosters,Newcastle Knights,28,8,Sunshine Coast,https://www.rugbyleagueproject.org/matches/45164
2021|Rd 19|Manly Sea Eagles|Wests Tigers,2021,Rd 19,19,4,140,2021-07-24,Manly Sea Eagles,Wests Tigers,44,24,Suncorp,https://www.rugbyleagueproject.org/matches/45167
2021|Rd 19|Penrith Panthers|Brisbane Broncos,2021,Rd 19,19,5,141,2021-07-24,Penrith Panthers,Brisbane Broncos,18,12,Suncorp,https://www.rugbyleagueproject.org/matches/45168
2021|Rd 19|South Sydney Rabbitohs|New Zealand Warriors,2021,Rd 19,19,6,142,2021-07-24,South Sydney Rabbitohs,New Zealand Warriors,60,22,Sunshine Coast,https://www.rugbyleagueproject.org/matches/45166
2021|Rd 19|Canterbury Bulldogs|Cronulla Sharks,2021,Rd 19,19,7,143,2021-07-25,Canterbury Bulldogs,Cronulla Sharks,24,44,Cbus Super,https://www.rugbyleagueproject.org/matches/45170
2021|Rd 19|St. George Illawarra Dragons|Gold Coast Titans,2021,Rd 19,19,8,144,2021-07-25,St. George Illawarra Dragons,Gold Coast Titans,10,32,Cbus Super,https://www.rugbyleagueproject.org/matches/45169
2021|Rd 20|Sydney Roosters|Parramatta Eels,2021,Rd 20,20,1,145,2021-07-29,Sydney Roosters,Parramatta Eels,28,0,BB Print Stadium,https://www.rugbyleagueproject.org/matches/45171
2021|Rd 20|Brisbane Broncos|NQ Cowboys,2021,Rd 20,20,2,146,2021-07-30,Brisbane Broncos,NQ Cowboys,37,18,Suncorp,https://www.rugbyleagueproject.org/matches/45173
2021|Rd 20|Wests Tigers|New Zealand Warriors,2021,Rd 20,20,3,147,2021-07-30,Wests Tigers,New Zealand Warriors,16,18,Suncorp,https://www.rugbyleagueproject.org/matches/45172
2021|Rd 20|Melbourne Storm|Penrith Panthers,2021,Rd 20,20,4,148,2021-08-01,Melbourne Storm,Penrith Panthers,37,10,Suncorp,https://www.rugbyleagueproject.org/matches/45176
2021|Rd 20|Newcastle Knights|Canberra Raiders,2021,Rd 20,20,5,149,2021-08-01,Newcastle Knights,Canberra Raiders,34,24,Suncorp,https://www.rugbyleagueproject.org/matches/45175
2021|Rd 20|St. George Illawarra Dragons|South Sydney Rabbitohs,2021,Rd 20,20,6,150,2021-08-01,St. George Illawarra Dragons,South Sydney Rabbitohs,14,50,Suncorp,https://www.rugbyleagueproject.org/matches/45174
2021|Rd 20|Canterbury Bulldogs|Gold Coast Titans,2021,Rd 20,20,7,151,2021-08-02,Canterbury Bulldogs,Gold Coast Titans,6,34,Cbus Super,https://www.rugbyleagueproject.org/matches/45177
2021|Rd 20|Cronulla Sharks|Manly Sea Eagles,2021,Rd 20,20,8,152,2021-08-02,Cronulla Sharks,Manly Sea Eagles,22,40,Suncorp,https://www.rugbyleagueproject.org/matches/45178
2021|Rd 21|Newcastle Knights|Brisbane Broncos,2021,Rd 21,21,1,153,2021-08-05,Newcastle Knights,Brisbane Broncos,28,20,Suncorp,https://www.rugbyleagueproject.org/matches/45179
2021|Rd 21|Canberra Raiders|St. George Illawarra Dragons,2021,Rd 21,21,2,154,2021-08-06,Canberra Raiders,St. George Illawarra Dragons,20,12,Cbus Super,https://www.rugbyleagueproject.org/matches/45180
2021|Rd 21|Parramatta Eels|South Sydney Rabbitohs,2021,Rd 21,21,3,155,2021-08-06,Parramatta Eels,South Sydney Rabbitohs,12,40,Cbus Super,https://www.rugbyleagueproject.org/matches/45181
2021|Rd 21|Manly Sea Eagles|Melbourne Storm,2021,Rd 21,21,4,156,2021-08-07,Manly Sea Eagles,Melbourne Storm,18,28,Suncorp,https://www.rugbyleagueproject.org/matches/45184
2021|Rd 21|New Zealand Warriors|Cronulla Sharks,2021,Rd 21,21,5,157,2021-08-07,New Zealand Warriors,Cronulla Sharks,18,16,Cbus Super,https://www.rugbyleagueproject.org/matches/45182
2021|Rd 21|Sydney Roosters|Penrith Panthers,2021,Rd 21,21,6,158,2021-08-07,Sydney Roosters,Penrith Panthers,14,20,Suncorp,https://www.rugbyleagueproject.org/matches/45183
2021|Rd 21|Canterbury Bulldogs|Wests Tigers,2021,Rd 21,21,7,159,2021-08-08,Canterbury Bulldogs,Wests Tigers,16,28,Cbus Super,https://www.rugbyleagueproject.org/matches/45185
2021|Rd 21|Gold Coast Titans|NQ Cowboys,2021,Rd 21,21,8,160,2021-08-08,Gold Coast Titans,NQ Cowboys,36,14,Cbus Super,https://www.rugbyleagueproject.org/matches/45186
2021|Rd 22|Melbourne Storm|Canberra Raiders,2021,Rd 22,22,1,161,2021-08-12,Melbourne Storm,Canberra Raiders,26,16,Sunshine Coast,https://www.rugbyleagueproject.org/matches/45187
2021|Rd 22|Brisbane Broncos|Sydney Roosters,2021,Rd 22,22,2,162,2021-08-13,Brisbane Broncos,Sydney Roosters,20,21,Suncorp,https://www.rugbyleagueproject.org/matches/45189
2021|Rd 22|St. George Illawarra Dragons|Penrith Panthers,2021,Rd 22,22,3,163,2021-08-13,St. George Illawarra Dragons,Penrith Panthers,16,34,Suncorp,https://www.rugbyleagueproject.org/matches/45188
2021|Rd 22|Manly Sea Eagles|Parramatta Eels,2021,Rd 22,22,4,164,2021-08-14,Manly Sea Eagles,Parramatta Eels,56,10,Sunshine Coast,https://www.rugbyleagueproject.org/matches/45191
2021|Rd 22|NQ Cowboys|Wests Tigers,2021,Rd 22,22,5,165,2021-08-14,NQ Cowboys,Wests Tigers,16,24,QLD C. Bank,https://www.rugbyleagueproject.org/matches/45192
2021|Rd 22|South Sydney Rabbitohs|Gold Coast Titans,2021,Rd 22,22,6,166,2021-08-14,South Sydney Rabbitohs,Gold Coast Titans,36,6,Cbus Super,https://www.rugbyleagueproject.org/matches/45190
2021|Rd 22|Cronulla Sharks|Newcastle Knights,2021,Rd 22,22,7,167,2021-08-15,Cronulla Sharks,Newcastle Knights,14,16,Moreton Daily,https://www.rugbyleagueproject.org/matches/45194
2021|Rd 22|New Zealand Warriors|Canterbury Bulldogs,2021,Rd 22,22,8,168,2021-08-15,New Zealand Warriors,Canterbury Bulldogs,24,10,Moreton Daily,https://www.rugbyleagueproject.org/matches/45193
2021|Rd 23|Gold Coast Titans|Melbourne Storm,2021,Rd 23,23,1,169,2021-08-19,Gold Coast Titans,Melbourne Storm,20,34,Cbus Super,https://www.rugbyleagueproject.org/matches/45195
2021|Rd 23|Canberra Raiders|Manly Sea Eagles,2021,Rd 23,23,2,170,2021-08-20,Canberra Raiders,Manly Sea Eagles,18,19,Suncorp,https://www.rugbyleagueproject.org/matches/45196
2021|Rd 23|Penrith Panthers|South Sydney Rabbitohs,2021,Rd 23,23,3,171,2021-08-20,Penrith Panthers,South Sydney Rabbitohs,25,12,Suncorp,https://www.rugbyleagueproject.org/matches/45197
2021|Rd 23|Canterbury Bulldogs|Newcastle Knights,2021,Rd 23,23,4,172,2021-08-21,Canterbury Bulldogs,Newcastle Knights,16,22,Cbus Super,https://www.rugbyleagueproject.org/matches/45199
2021|Rd 23|Parramatta Eels|NQ Cowboys,2021,Rd 23,23,5,173,2021-08-21,Parramatta Eels,NQ Cowboys,32,16,Cbus Super,https://www.rugbyleagueproject.org/matches/45200
2021|Rd 23|Wests Tigers|Cronulla Sharks,2021,Rd 23,23,6,174,2021-08-21,Wests Tigers,Cronulla Sharks,20,50,Browne Park,https://www.rugbyleagueproject.org/matches/45198
2021|Rd 23|Brisbane Broncos|New Zealand Warriors,2021,Rd 23,23,7,175,2021-08-22,Brisbane Broncos,New Zealand Warriors,24,22,Suncorp,https://www.rugbyleagueproject.org/matches/45202
2021|Rd 23|St. George Illawarra Dragons|Sydney Roosters,2021,Rd 23,23,8,176,2021-08-22,St. George Illawarra Dragons,Sydney Roosters,22,40,Clive Berghofer,https://www.rugbyleagueproject.org/matches/45201
2021|Rd 24|Newcastle Knights|Gold Coast Titans,2021,Rd 24,24,1,177,2021-08-26,Newcastle Knights,Gold Coast Titans,15,14,Sunshine Coast,https://www.rugbyleagueproject.org/matches/45203
2021|Rd 24|New Zealand Warriors|Canberra Raiders,2021,Rd 24,24,2,178,2021-08-27,New Zealand Warriors,Canberra Raiders,16,28,BB Print Stadium,https://www.rugbyleagueproject.org/matches/45204
2021|Rd 24|Sydney Roosters|South Sydney Rabbitohs,2021,Rd 24,24,3,179,2021-08-27,Sydney Roosters,South Sydney Rabbitohs,12,54,Suncorp,https://www.rugbyleagueproject.org/matches/45205
2021|Rd 24|Cronulla Sharks|Brisbane Broncos,2021,Rd 24,24,4,180,2021-08-28,Cronulla Sharks,Brisbane Broncos,24,16,Suncorp,https://www.rugbyleagueproject.org/matches/45207
2021|Rd 24|Melbourne Storm|Parramatta Eels,2021,Rd 24,24,5,181,2021-08-28,Melbourne Storm,Parramatta Eels,10,22,Suncorp,https://www.rugbyleagueproject.org/matches/45208
2021|Rd 24|St. George Illawarra Dragons|NQ Cowboys,2021,Rd 24,24,6,182,2021-08-28,St. George Illawarra Dragons,NQ Cowboys,26,38,Browne Park,https://www.rugbyleagueproject.org/matches/45206
2021|Rd 24|Manly Sea Eagles|Canterbury Bulldogs,2021,Rd 24,24,7,183,2021-08-29,Manly Sea Eagles,Canterbury Bulldogs,36,18,Moreton Daily,https://www.rugbyleagueproject.org/matches/45209
2021|Rd 24|Penrith Panthers|Wests Tigers,2021,Rd 24,24,8,184,2021-08-29,Penrith Panthers,Wests Tigers,30,16,Moreton Daily,https://www.rugbyleagueproject.org/matches/45210
2021|Rd 25|Canberra Raiders|Sydney Roosters,2021,Rd 25,25,1,185,2021-09-02,Canberra Raiders,Sydney Roosters,16,40,BB Print Stadium,https://www.rugbyleagueproject.org/matches/45211
2021|Rd 25|Cronulla Sharks|Melbourne Storm,2021,Rd 25,25,2,186,2021-09-03,Cronulla Sharks,Melbourne Storm,16,28,Cbus Super,https://www.rugbyleagueproject.org/matches/45212
2021|Rd 25|Parramatta Eels|Penrith Panthers,2021,Rd 25,25,3,187,2021-09-03,Parramatta Eels,Penrith Panthers,6,40,Cbus Super,https://www.rugbyleagueproject.org/matches/45213
2021|Rd 25|Brisbane Broncos|Newcastle Knights,2021,Rd 25,25,4,188,2021-09-04,Brisbane Broncos,Newcastle Knights,35,22,Suncorp,https://www.rugbyleagueproject.org/matches/45215
2021|Rd 25|NQ Cowboys|Manly Sea Eagles,2021,Rd 25,25,5,189,2021-09-04,NQ Cowboys,Manly Sea Eagles,18,46,QLD C. Bank,https://www.rugbyleagueproject.org/matches/45216
2021|Rd 25|South Sydney Rabbitohs|St. George Illawarra Dragons,2021,Rd 25,25,6,190,2021-09-04,South Sydney Rabbitohs,St. George Illawarra Dragons,20,16,Sunshine Coast,https://www.rugbyleagueproject.org/matches/45214
2021|Rd 25|Gold Coast Titans|New Zealand Warriors,2021,Rd 25,25,7,191,2021-09-05,Gold Coast Titans,New Zealand Warriors,44,0,Cbus Super,https://www.rugbyleagueproject.org/matches/45217
2021|Rd 25|Wests Tigers|Canterbury Bulldogs,2021,Rd 25,25,8,192,2021-09-05,Wests Tigers,Canterbury Bulldogs,0,38,Moreton Daily,https://www.rugbyleagueproject.org/matches/45218
2021|Qualifier|Melbourne Storm|Manly Sea Eagles,2021,Qualifier,26,1,193,2021-09-10,Melbourne Storm,Manly Sea Eagles,40,12,Sunshine Coast,https://www.rugbyleagueproject.org/matches/45419
2021|Qualifier|Penrith Panthers|South Sydney Rabbitohs,2021,Qualifier,26,2,194,2021-09-11,Penrith Panthers,South Sydney Rabbitohs,10,16,QLD C. Bank,https://www.rugbyleagueproject.org/matches/45421
2021|Qualifier|Sydney Roosters|Gold Coast Titans,2021,Qualifier,26,3,195,2021-09-11,Sydney Roosters,Gold Coast Titans,25,24,QLD C. Bank,https://www.rugbyleagueproject.org/matches/45420
2021|Qualifier|Parramatta Eels|Newcastle Knights,2021,Qualifier,26,4,196,2021-09-12,Parramatta Eels,Newcastle Knights,28,20,Browne Park,https://www.rugbyleagueproject.org/matches/45422
2021|Semi Final|Manly Sea Eagles|Sydney Roosters,2021,Semi Final,27,1,197,2021-09-17,Manly Sea Eagles,Sydney Roosters,42,6,BB Print Stadium,https://www.rugbyleagueproject.org/matches/45423
2021|Semi Final|Penrith Panthers|Parramatta Eels,2021,Semi Final,27,2,198,2021-09-18,Penrith Panthers,Parramatta Eels,8,6,BB Print Stadium,https://www.rugbyleagueproject.org/matches/45424
2021|Prelim Final|South Sydney Rabbitohs|Manly Sea Eagles,2021,Prelim Final,28,1,199,2021-09-24,South Sydney Rabbitohs,Manly Sea Eagles,36,16,Suncorp,https://www.rugbyleagueproject.org/matches/45425
2021|Prelim Final|Melbourne Storm|Penrith Panthers,2021,Prelim Final,28,2,200,2021-09-25,Melbourne Storm,Penrith Panthers,6,10,Suncorp,https://www.rugbyleagueproject.org/matches/45426
2021|Grand Final|Penrith Panthers|South Sydney Rabbitohs,2021,Grand Final,29,1,201,2021-10-03,Penrith Panthers,South Sydney Rabbitohs,14,12,Suncorp,https://www.rugbyleagueproject.org/matches/45427
2022|Rd 1|Penrith Panthers|Manly Sea Eagles,2022,Rd 1,1,1,1,2022-03-10,Penrith Panthers,Manly Sea Eagles,28,6,BlueBet,https://www.rugbyleagueproject.org/matches/45787
2022|Rd 1|Brisbane Broncos|South Sydney Rabbitohs,2022,Rd 1,1,2,2,2022-03-11,Brisbane Broncos,South Sydney Rabbitohs,11,4,Suncorp,https://www.rugbyleagueproject.org/matches/45789
2022|Rd 1|Canberra Raiders|Cronulla Sharks,2022,Rd 1,1,3,3,2022-03-11,Canberra Raiders,Cronulla Sharks,24,19,GIO,https://www.rugbyleagueproject.org/matches/45788
2022|Rd 1|New Zealand Warriors|St. George Illawarra Dragons,2022,Rd 1,1,4,4,2022-03-12,New Zealand Warriors,St. George Illawarra Dragons,16,28,Sunshine Coast,https://www.rugbyleagueproject.org/matches/45791
2022|Rd 1|Sydney Roosters|Newcastle Knights,2022,Rd 1,1,5,5,2022-03-12,Sydney Roosters,Newcastle Knights,6,20,SCG,https://www.rugbyleagueproject.org/matches/45790
2022|Rd 1|Wests Tigers|Melbourne Storm,2022,Rd 1,1,6,6,2022-03-12,Wests Tigers,Melbourne Storm,16,26,CommBank,https://www.rugbyleagueproject.org/matches/45792
2022|Rd 1|NQ Cowboys|Canterbury Bulldogs,2022,Rd 1,1,7,7,2022-03-13,NQ Cowboys,Canterbury Bulldogs,4,6,QLD C. Bank,https://www.rugbyleagueproject.org/matches/45794
2022|Rd 1|Parramatta Eels|Gold Coast Titans,2022,Rd 1,1,8,8,2022-03-13,Parramatta Eels,Gold Coast Titans,32,28,CommBank,https://www.rugbyleagueproject.org/matches/45793
2022|Rd 2|Melbourne Storm|South Sydney Rabbitohs,2022,Rd 2,2,1,9,2022-03-17,Melbourne Storm,South Sydney Rabbitohs,15,14,AAMI,https://www.rugbyleagueproject.org/matches/45907
2022|Rd 2|St. George Illawarra Dragons|Penrith Panthers,2022,Rd 2,2,2,10,2022-03-18,St. George Illawarra Dragons,Penrith Panthers,16,20,Netstrata,https://www.rugbyleagueproject.org/matches/45908
2022|Rd 2|Sydney Roosters|Manly Sea Eagles,2022,Rd 2,2,3,11,2022-03-18,Sydney Roosters,Manly Sea Eagles,26,12,SCG,https://www.rugbyleagueproject.org/matches/45909
2022|Rd 2|Cronulla Sharks|Parramatta Eels,2022,Rd 2,2,4,12,2022-03-19,Cronulla Sharks,Parramatta Eels,18,16,Pointsbet,https://www.rugbyleagueproject.org/matches/45911
2022|Rd 2|Gold Coast Titans|New Zealand Warriors,2022,Rd 2,2,5,13,2022-03-19,Gold Coast Titans,New Zealand Warriors,20,18,Cbus Super,https://www.rugbyleagueproject.org/matches/45910
2022|Rd 2|NQ Cowboys|Canberra Raiders,2022,Rd 2,2,6,14,2022-03-19,NQ Cowboys,Canberra Raiders,26,6,QLD C. Bank,https://www.rugbyleagueproject.org/matches/45912
2022|Rd 2|Canterbury Bulldogs|Brisbane Broncos,2022,Rd 2,2,7,15,2022-03-20,Canterbury Bulldogs,Brisbane Broncos,10,16,Accor,https://www.rugbyleagueproject.org/matches/45914
2022|Rd 2|Newcastle Knights|Wests Tigers,2022,Rd 2,2,8,16,2022-03-20,Newcastle Knights,Wests Tigers,26,4,McD. Jones,https://www.rugbyleagueproject.org/matches/45913
2022|Rd 3|St. George Illawarra Dragons|Cronulla Sharks,2022,Rd 3,3,1,17,2022-03-24,St. George Illawarra Dragons,Cronulla Sharks,12,36,WIN,https://www.rugbyleagueproject.org/matches/46060
2022|Rd 3|South Sydney Rabbitohs|Sydney Roosters,2022,Rd 3,3,2,18,2022-03-25,South Sydney Rabbitohs,Sydney Roosters,28,16,Accor,https://www.rugbyleagueproject.org/matches/46062
2022|Rd 3|Wests Tigers|New Zealand Warriors,2022,Rd 3,3,3,19,2022-03-25,Wests Tigers,New Zealand Warriors,12,16,Campbelltown,https://www.rugbyleagueproject.org/matches/46061
2022|Rd 3|Canberra Raiders|Gold Coast Titans,2022,Rd 3,3,4,20,2022-03-26,Canberra Raiders,Gold Coast Titans,24,22,GIO,https://www.rugbyleagueproject.org/matches/46065
2022|Rd 3|Melbourne Storm|Parramatta Eels,2022,Rd 3,3,5,21,2022-03-26,Melbourne Storm,Parramatta Eels,24,28,AAMI,https://www.rugbyleagueproject.org/matches/46064
2022|Rd 3|Penrith Panthers|Newcastle Knights,2022,Rd 3,3,6,22,2022-03-26,Penrith Panthers,Newcastle Knights,38,20,Carrington,https://www.rugbyleagueproject.org/matches/46063
2022|Rd 3|Brisbane Broncos|NQ Cowboys,2022,Rd 3,3,7,23,2022-03-27,Brisbane Broncos,NQ Cowboys,12,38,Suncorp,https://www.rugbyleagueproject.org/matches/46066
2022|Rd 3|Manly Sea Eagles|Canterbury Bulldogs,2022,Rd 3,3,8,24,2022-03-27,Manly Sea Eagles,Canterbury Bulldogs,13,12,4 Pines,https://www.rugbyleagueproject.org/matches/46067
2022|Rd 4|Gold Coast Titans|Wests Tigers,2022,Rd 4,4,1,25,2022-03-31,Gold Coast Titans,Wests Tigers,8,6,Cbus Super,https://www.rugbyleagueproject.org/matches/46084
2022|Rd 4|Cronulla Sharks|Newcastle Knights,2022,Rd 4,4,2,26,2022-04-01,Cronulla Sharks,Newcastle Knights,18,0,Pointsbet,https://www.rugbyleagueproject.org/matches/46085
2022|Rd 4|Penrith Panthers|South Sydney Rabbitohs,2022,Rd 4,4,3,27,2022-04-01,Penrith Panthers,South Sydney Rabbitohs,26,12,BlueBet,https://www.rugbyleagueproject.org/matches/46086
2022|Rd 4|Manly Sea Eagles|Canberra Raiders,2022,Rd 4,4,4,28,2022-04-02,Manly Sea Eagles,Canberra Raiders,25,6,Glen Willow,https://www.rugbyleagueproject.org/matches/46088
2022|Rd 4|NQ Cowboys|Sydney Roosters,2022,Rd 4,4,5,29,2022-04-02,NQ Cowboys,Sydney Roosters,4,28,QLD C. Bank,https://www.rugbyleagueproject.org/matches/46089
2022|Rd 4|New Zealand Warriors|Brisbane Broncos,2022,Rd 4,4,6,30,2022-04-02,New Zealand Warriors,Brisbane Broncos,20,6,Moreton Daily,https://www.rugbyleagueproject.org/matches/46087
2022|Rd 4|Melbourne Storm|Canterbury Bulldogs,2022,Rd 4,4,7,31,2022-04-03,Melbourne Storm,Canterbury Bulldogs,44,0,AAMI,https://www.rugbyleagueproject.org/matches/46090
2022|Rd 4|Parramatta Eels|St. George Illawarra Dragons,2022,Rd 4,4,8,32,2022-04-03,Parramatta Eels,St. George Illawarra Dragons,48,14,CommBank,https://www.rugbyleagueproject.org/matches/46091
2022|Rd 5|Newcastle Knights|Manly Sea Eagles,2022,Rd 5,5,1,33,2022-04-07,Newcastle Knights,Manly Sea Eagles,6,30,McD. Jones,https://www.rugbyleagueproject.org/matches/46094
2022|Rd 5|Brisbane Broncos|Sydney Roosters,2022,Rd 5,5,2,34,2022-04-08,Brisbane Broncos,Sydney Roosters,20,24,Suncorp,https://www.rugbyleagueproject.org/matches/46096
2022|Rd 5|New Zealand Warriors|NQ Cowboys,2022,Rd 5,5,3,35,2022-04-08,New Zealand Warriors,NQ Cowboys,25,24,Moreton Daily,https://www.rugbyleagueproject.org/matches/46095
2022|Rd 5|Canberra Raiders|Melbourne Storm,2022,Rd 5,5,4,36,2022-04-09,Canberra Raiders,Melbourne Storm,16,30,McDonalds Park,https://www.rugbyleagueproject.org/matches/46097
2022|Rd 5|Gold Coast Titans|Parramatta Eels,2022,Rd 5,5,5,37,2022-04-09,Gold Coast Titans,Parramatta Eels,20,26,Cbus Super,https://www.rugbyleagueproject.org/matches/46099
2022|Rd 5|South Sydney Rabbitohs|St. George Illawarra Dragons,2022,Rd 5,5,6,38,2022-04-09,South Sydney Rabbitohs,St. George Illawarra Dragons,24,12,Accor,https://www.rugbyleagueproject.org/matches/46098
2022|Rd 5|Canterbury Bulldogs|Penrith Panthers,2022,Rd 5,5,7,39,2022-04-10,Canterbury Bulldogs,Penrith Panthers,12,32,CommBank,https://www.rugbyleagueproject.org/matches/46101
2022|Rd 5|Cronulla Sharks|Wests Tigers,2022,Rd 5,5,8,40,2022-04-10,Cronulla Sharks,Wests Tigers,30,4,Pointsbet,https://www.rugbyleagueproject.org/matches/46100
2022|Rd 6|Canberra Raiders|NQ Cowboys,2022,Rd 6,6,1,41,2022-04-14,Canberra Raiders,NQ Cowboys,12,18,GIO,https://www.rugbyleagueproject.org/matches/46104
2022|Rd 6|Penrith Panthers|Brisbane Broncos,2022,Rd 6,6,2,42,2022-04-15,Penrith Panthers,Brisbane Broncos,40,12,BlueBet,https://www.rugbyleagueproject.org/matches/46327
2022|Rd 6|South Sydney Rabbitohs|Canterbury Bulldogs,2022,Rd 6,6,3,43,2022-04-15,South Sydney Rabbitohs,Canterbury Bulldogs,36,16,Accor,https://www.rugbyleagueproject.org/matches/46326
2022|Rd 6|Manly Sea Eagles|Gold Coast Titans,2022,Rd 6,6,4,44,2022-04-16,Manly Sea Eagles,Gold Coast Titans,26,18,4 Pines,https://www.rugbyleagueproject.org/matches/46328
2022|Rd 6|Melbourne Storm|Cronulla Sharks,2022,Rd 6,6,5,45,2022-04-16,Melbourne Storm,Cronulla Sharks,34,18,AAMI,https://www.rugbyleagueproject.org/matches/46329
2022|Rd 6|St. George Illawarra Dragons|Newcastle Knights,2022,Rd 6,6,6,46,2022-04-17,St. George Illawarra Dragons,Newcastle Knights,21,16,WIN,https://www.rugbyleagueproject.org/matches/46331
2022|Rd 6|Sydney Roosters|New Zealand Warriors,2022,Rd 6,6,7,47,2022-04-17,Sydney Roosters,New Zealand Warriors,22,14,SCG,https://www.rugbyleagueproject.org/matches/46330
2022|Rd 6|Parramatta Eels|Wests Tigers,2022,Rd 6,6,8,48,2022-04-18,Parramatta Eels,Wests Tigers,20,21,CommBank,https://www.rugbyleagueproject.org/matches/46332
2022|Rd 7|Cronulla Sharks|Manly Sea Eagles,2022,Rd 7,7,1,49,2022-04-21,Cronulla Sharks,Manly Sea Eagles,34,22,Pointsbet,https://www.rugbyleagueproject.org/matches/47051
2022|Rd 7|Brisbane Broncos|Canterbury Bulldogs,2022,Rd 7,7,2,50,2022-04-22,Brisbane Broncos,Canterbury Bulldogs,34,14,Suncorp,https://www.rugbyleagueproject.org/matches/47052
2022|Rd 7|NQ Cowboys|Gold Coast Titans,2022,Rd 7,7,3,51,2022-04-23,NQ Cowboys,Gold Coast Titans,30,4,QLD C. Bank,https://www.rugbyleagueproject.org/matches/47053
2022|Rd 7|Wests Tigers|South Sydney Rabbitohs,2022,Rd 7,7,4,52,2022-04-23,Wests Tigers,South Sydney Rabbitohs,23,22,CommBank,https://www.rugbyleagueproject.org/matches/47054
2022|Rd 7|Newcastle Knights|Parramatta Eels,2022,Rd 7,7,5,53,2022-04-24,Newcastle Knights,Parramatta Eels,2,39,McD. Jones,https://www.rugbyleagueproject.org/matches/47055
2022|Rd 7|Penrith Panthers|Canberra Raiders,2022,Rd 7,7,6,54,2022-04-24,Penrith Panthers,Canberra Raiders,36,6,BlueBet,https://www.rugbyleagueproject.org/matches/47056
2022|Rd 7|Melbourne Storm|New Zealand Warriors,2022,Rd 7,7,7,55,2022-04-25,Melbourne Storm,New Zealand Warriors,70,10,AAMI,https://www.rugbyleagueproject.org/matches/47058
2022|Rd 7|St. George Illawarra Dragons|Sydney Roosters,2022,Rd 7,7,8,56,2022-04-25,St. George Illawarra Dragons,Sydney Roosters,14,12,SCG,https://www.rugbyleagueproject.org/matches/47057
2022|Rd 8|Brisbane Broncos|Cronulla Sharks,2022,Rd 8,8,1,57,2022-04-28,Brisbane Broncos,Cronulla Sharks,16,7,Suncorp,https://www.rugbyleagueproject.org/matches/48790
2022|Rd 8|Gold Coast Titans|Penrith Panthers,2022,Rd 8,8,2,58,2022-04-29,Gold Coast Titans,Penrith Panthers,4,18,Cbus Super,https://www.rugbyleagueproject.org/matches/48791
2022|Rd 8|South Sydney Rabbitohs|Manly Sea Eagles,2022,Rd 8,8,3,59,2022-04-29,South Sydney Rabbitohs,Manly Sea Eagles,40,22,Central Coast,https://www.rugbyleagueproject.org/matches/48792
2022|Rd 8|Canterbury Bulldogs|Sydney Roosters,2022,Rd 8,8,4,60,2022-04-30,Canterbury Bulldogs,Sydney Roosters,16,12,Accor,https://www.rugbyleagueproject.org/matches/48794
2022|Rd 8|New Zealand Warriors|Canberra Raiders,2022,Rd 8,8,5,61,2022-04-30,New Zealand Warriors,Canberra Raiders,21,20,Moreton Daily,https://www.rugbyleagueproject.org/matches/48793
2022|Rd 8|Parramatta Eels|NQ Cowboys,2022,Rd 8,8,6,62,2022-04-30,Parramatta Eels,NQ Cowboys,4,35,TIO,https://www.rugbyleagueproject.org/matches/48795
2022|Rd 8|Newcastle Knights|Melbourne Storm,2022,Rd 8,8,7,63,2022-05-01,Newcastle Knights,Melbourne Storm,2,50,McD. Jones,https://www.rugbyleagueproject.org/matches/48796
2022|Rd 8|St. George Illawarra Dragons|Wests Tigers,2022,Rd 8,8,8,64,2022-05-01,St. George Illawarra Dragons,Wests Tigers,12,6,WIN,https://www.rugbyleagueproject.org/matches/48797
2022|Rd 9|South Sydney Rabbitohs|Brisbane Broncos,2022,Rd 9,9,1,65,2022-05-05,South Sydney Rabbitohs,Brisbane Broncos,12,32,Accor,https://www.rugbyleagueproject.org/matches/48836
2022|Rd 9|Canberra Raiders|Canterbury Bulldogs,2022,Rd 9,9,2,66,2022-05-06,Canberra Raiders,Canterbury Bulldogs,14,4,GIO,https://www.rugbyleagueproject.org/matches/48837
2022|Rd 9|Penrith Panthers|Parramatta Eels,2022,Rd 9,9,3,67,2022-05-06,Penrith Panthers,Parramatta Eels,20,22,BlueBet,https://www.rugbyleagueproject.org/matches/48838
2022|Rd 9|Manly Sea Eagles|Wests Tigers,2022,Rd 9,9,4,68,2022-05-07,Manly Sea Eagles,Wests Tigers,36,22,4 Pines,https://www.rugbyleagueproject.org/matches/48839
2022|Rd 9|NQ Cowboys|Newcastle Knights,2022,Rd 9,9,5,69,2022-05-07,NQ Cowboys,Newcastle Knights,36,16,QLD C. Bank,https://www.rugbyleagueproject.org/matches/48841
2022|Rd 9|Sydney Roosters|Gold Coast Titans,2022,Rd 9,9,6,70,2022-05-07,Sydney Roosters,Gold Coast Titans,44,16,BB Print Stadium,https://www.rugbyleagueproject.org/matches/48840
2022|Rd 9|Cronulla Sharks|New Zealand Warriors,2022,Rd 9,9,7,71,2022-05-08,Cronulla Sharks,New Zealand Warriors,29,10,Pointsbet,https://www.rugbyleagueproject.org/matches/48843
2022|Rd 9|Melbourne Storm|St. George Illawarra Dragons,2022,Rd 9,9,8,72,2022-05-08,Melbourne Storm,St. George Illawarra Dragons,42,6,AAMI,https://www.rugbyleagueproject.org/matches/48842
2022|Rd 10|Canterbury Bulldogs|Newcastle Knights,2022,Rd 10,10,1,73,2022-05-13,Canterbury Bulldogs,Newcastle Knights,6,16,Suncorp,https://www.rugbyleagueproject.org/matches/48845
2022|Rd 10|Manly Sea Eagles|Brisbane Broncos,2022,Rd 10,10,2,74,2022-05-13,Manly Sea Eagles,Brisbane Broncos,0,38,Suncorp,https://www.rugbyleagueproject.org/matches/48846
2022|Rd 10|Gold Coast Titans|St. George Illawarra Dragons,2022,Rd 10,10,3,75,2022-05-14,Gold Coast Titans,St. George Illawarra Dragons,20,16,Suncorp,https://www.rugbyleagueproject.org/matches/48848
2022|Rd 10|Melbourne Storm|Penrith Panthers,2022,Rd 10,10,4,76,2022-05-14,Melbourne Storm,Penrith Panthers,6,32,Suncorp,https://www.rugbyleagueproject.org/matches/48849
2022|Rd 10|New Zealand Warriors|South Sydney Rabbitohs,2022,Rd 10,10,5,77,2022-05-14,New Zealand Warriors,South Sydney Rabbitohs,30,32,Suncorp,https://www.rugbyleagueproject.org/matches/48847
2022|Rd 10|Cronulla Sharks|Canberra Raiders,2022,Rd 10,10,6,78,2022-05-15,Cronulla Sharks,Canberra Raiders,10,30,Suncorp,https://www.rugbyleagueproject.org/matches/48850
2022|Rd 10|Sydney Roosters|Parramatta Eels,2022,Rd 10,10,7,79,2022-05-15,Sydney Roosters,Parramatta Eels,31,24,Suncorp,https://www.rugbyleagueproject.org/matches/48851
2022|Rd 10|Wests Tigers|NQ Cowboys,2022,Rd 10,10,8,80,2022-05-15,Wests Tigers,NQ Cowboys,12,36,Suncorp,https://www.rugbyleagueproject.org/matches/48852
2022|Rd 11|Newcastle Knights|Brisbane Broncos,2022,Rd 11,11,1,81,2022-05-19,Newcastle Knights,Brisbane Broncos,12,36,McD. Jones,https://www.rugbyleagueproject.org/matches/48912
2022|Rd 11|Parramatta Eels|Manly Sea Eagles,2022,Rd 11,11,2,82,2022-05-20,Parramatta Eels,Manly Sea Eagles,22,20,CommBank,https://www.rugbyleagueproject.org/matches/48914
2022|Rd 11|Wests Tigers|Canterbury Bulldogs,2022,Rd 11,11,3,83,2022-05-20,Wests Tigers,Canterbury Bulldogs,36,22,Leichhardt,https://www.rugbyleagueproject.org/matches/48913
2022|Rd 11|NQ Cowboys|Melbourne Storm,2022,Rd 11,11,4,84,2022-05-21,NQ Cowboys,Melbourne Storm,36,6,QLD C. Bank,https://www.rugbyleagueproject.org/matches/48916
2022|Rd 11|St. George Illawarra Dragons|New Zealand Warriors,2022,Rd 11,11,5,85,2022-05-21,St. George Illawarra Dragons,New Zealand Warriors,24,18,Netstrata,https://www.rugbyleagueproject.org/matches/48915
2022|Rd 11|Sydney Roosters|Penrith Panthers,2022,Rd 11,11,6,86,2022-05-21,Sydney Roosters,Penrith Panthers,12,32,SCG,https://www.rugbyleagueproject.org/matches/48917
2022|Rd 11|Gold Coast Titans|Cronulla Sharks,2022,Rd 11,11,7,87,2022-05-22,Gold Coast Titans,Cronulla Sharks,18,25,Cbus Super,https://www.rugbyleagueproject.org/matches/48919
2022|Rd 11|South Sydney Rabbitohs|Canberra Raiders,2022,Rd 11,11,8,88,2022-05-22,South Sydney Rabbitohs,Canberra Raiders,12,32,Apex Oval,https://www.rugbyleagueproject.org/matches/48918
2022|Rd 12|Melbourne Storm|Manly Sea Eagles,2022,Rd 12,12,1,89,2022-05-26,Melbourne Storm,Manly Sea Eagles,28,8,AAMI,https://www.rugbyleagueproject.org/matches/49011
2022|Rd 12|Brisbane Broncos|Gold Coast Titans,2022,Rd 12,12,2,90,2022-05-27,Brisbane Broncos,Gold Coast Titans,35,24,Suncorp,https://www.rugbyleagueproject.org/matches/49013
2022|Rd 12|Penrith Panthers|NQ Cowboys,2022,Rd 12,12,3,91,2022-05-27,Penrith Panthers,NQ Cowboys,22,0,BlueBet,https://www.rugbyleagueproject.org/matches/49012
2022|Rd 12|Cronulla Sharks|Sydney Roosters,2022,Rd 12,12,4,92,2022-05-28,Cronulla Sharks,Sydney Roosters,16,36,Pointsbet,https://www.rugbyleagueproject.org/matches/49016
2022|Rd 12|New Zealand Warriors|Newcastle Knights,2022,Rd 12,12,5,93,2022-05-28,New Zealand Warriors,Newcastle Knights,16,24,Moreton Daily,https://www.rugbyleagueproject.org/matches/49014
2022|Rd 12|South Sydney Rabbitohs|Wests Tigers,2022,Rd 12,12,6,94,2022-05-28,South Sydney Rabbitohs,Wests Tigers,44,18,Accor,https://www.rugbyleagueproject.org/matches/49015
2022|Rd 12|Canberra Raiders|Parramatta Eels,2022,Rd 12,12,7,95,2022-05-29,Canberra Raiders,Parramatta Eels,20,28,GIO,https://www.rugbyleagueproject.org/matches/49018
2022|Rd 12|Canterbury Bulldogs|St. George Illawarra Dragons,2022,Rd 12,12,8,96,2022-05-29,Canterbury Bulldogs,St. George Illawarra Dragons,24,34,Belmore,https://www.rugbyleagueproject.org/matches/49017
2022|Rd 13|Gold Coast Titans|NQ Cowboys,2022,Rd 13,13,1,97,2022-06-02,Gold Coast Titans,NQ Cowboys,6,32,Cbus Super,https://www.rugbyleagueproject.org/matches/49516
2022|Rd 13|Penrith Panthers|Canterbury Bulldogs,2022,Rd 13,13,2,98,2022-06-03,Penrith Panthers,Canterbury Bulldogs,30,18,BlueBet,https://www.rugbyleagueproject.org/matches/49517
2022|Rd 13|Manly Sea Eagles|New Zealand Warriors,2022,Rd 13,13,3,99,2022-06-04,Manly Sea Eagles,New Zealand Warriors,44,12,4 Pines,https://www.rugbyleagueproject.org/matches/49518
2022|Rd 13|Canberra Raiders|Sydney Roosters,2022,Rd 13,13,4,100,2022-06-05,Canberra Raiders,Sydney Roosters,22,16,GIO,https://www.rugbyleagueproject.org/matches/49519
2022|Rd 14|NQ Cowboys|St. George Illawarra Dragons,2022,Rd 14,14,1,101,2022-06-10,NQ Cowboys,St. George Illawarra Dragons,31,12,QLD C. Bank,https://www.rugbyleagueproject.org/matches/49574
2022|Rd 14|Brisbane Broncos|Canberra Raiders,2022,Rd 14,14,2,102,2022-06-11,Brisbane Broncos,Canberra Raiders,24,18,Suncorp,https://www.rugbyleagueproject.org/matches/49577
2022|Rd 14|Gold Coast Titans|South Sydney Rabbitohs,2022,Rd 14,14,3,103,2022-06-11,Gold Coast Titans,South Sydney Rabbitohs,16,30,Cbus Super,https://www.rugbyleagueproject.org/matches/49575
2022|Rd 14|Sydney Roosters|Melbourne Storm,2022,Rd 14,14,4,104,2022-06-11,Sydney Roosters,Melbourne Storm,18,26,SCG,https://www.rugbyleagueproject.org/matches/49576
2022|Rd 14|New Zealand Warriors|Cronulla Sharks,2022,Rd 14,14,5,105,2022-06-12,New Zealand Warriors,Cronulla Sharks,16,38,Moreton Daily,https://www.rugbyleagueproject.org/matches/49580
2022|Rd 14|Newcastle Knights|Penrith Panthers,2022,Rd 14,14,6,106,2022-06-12,Newcastle Knights,Penrith Panthers,6,42,McD. Jones,https://www.rugbyleagueproject.org/matches/49579
2022|Rd 14|Wests Tigers|Manly Sea Eagles,2022,Rd 14,14,7,107,2022-06-12,Wests Tigers,Manly Sea Eagles,4,30,Campbelltown,https://www.rugbyleagueproject.org/matches/49578
2022|Rd 14|Canterbury Bulldogs|Parramatta Eels,2022,Rd 14,14,8,108,2022-06-13,Canterbury Bulldogs,Parramatta Eels,34,4,Accor,https://www.rugbyleagueproject.org/matches/49581
2022|Rd 15|St. George Illawarra Dragons|South Sydney Rabbitohs,2022,Rd 15,15,1,109,2022-06-16,St. George Illawarra Dragons,South Sydney Rabbitohs,32,12,WIN,https://www.rugbyleagueproject.org/matches/51443
2022|Rd 15|Manly Sea Eagles|NQ Cowboys,2022,Rd 15,15,2,110,2022-06-17,Manly Sea Eagles,NQ Cowboys,26,28,4 Pines,https://www.rugbyleagueproject.org/matches/51444
2022|Rd 15|Melbourne Storm|Brisbane Broncos,2022,Rd 15,15,3,111,2022-06-17,Melbourne Storm,Brisbane Broncos,32,20,AAMI,https://www.rugbyleagueproject.org/matches/51445
2022|Rd 15|Cronulla Sharks|Gold Coast Titans,2022,Rd 15,15,4,112,2022-06-18,Cronulla Sharks,Gold Coast Titans,18,10,C.ex Coffs,https://www.rugbyleagueproject.org/matches/51446
2022|Rd 15|New Zealand Warriors|Penrith Panthers,2022,Rd 15,15,5,113,2022-06-18,New Zealand Warriors,Penrith Panthers,6,40,Moreton Daily,https://www.rugbyleagueproject.org/matches/51447
2022|Rd 15|Parramatta Eels|Sydney Roosters,2022,Rd 15,15,6,114,2022-06-18,Parramatta Eels,Sydney Roosters,26,16,CommBank,https://www.rugbyleagueproject.org/matches/51448
2022|Rd 15|Canberra Raiders|Newcastle Knights,2022,Rd 15,15,7,115,2022-06-19,Canberra Raiders,Newcastle Knights,20,18,GIO,https://www.rugbyleagueproject.org/matches/51449
2022|Rd 15|Canterbury Bulldogs|Wests Tigers,2022,Rd 15,15,8,116,2022-06-19,Canterbury Bulldogs,Wests Tigers,36,12,CommBank,https://www.rugbyleagueproject.org/matches/51450
2022|Rd 16|Manly Sea Eagles|Melbourne Storm,2022,Rd 16,16,1,117,2022-06-30,Manly Sea Eagles,Melbourne Storm,36,30,4 Pines,https://www.rugbyleagueproject.org/matches/51487
2022|Rd 16|Newcastle Knights|Gold Coast Titans,2022,Rd 16,16,2,118,2022-07-01,Newcastle Knights,Gold Coast Titans,38,12,McD. Jones,https://www.rugbyleagueproject.org/matches/51488
2022|Rd 16|Penrith Panthers|Sydney Roosters,2022,Rd 16,16,3,119,2022-07-01,Penrith Panthers,Sydney Roosters,26,18,BlueBet,https://www.rugbyleagueproject.org/matches/51489
2022|Rd 16|Canterbury Bulldogs|Cronulla Sharks,2022,Rd 16,16,4,120,2022-07-02,Canterbury Bulldogs,Cronulla Sharks,6,18,CommBank,https://www.rugbyleagueproject.org/matches/51490
2022|Rd 16|NQ Cowboys|Brisbane Broncos,2022,Rd 16,16,5,121,2022-07-02,NQ Cowboys,Brisbane Broncos,40,26,QLD C. Bank,https://www.rugbyleagueproject.org/matches/51491
2022|Rd 16|South Sydney Rabbitohs|Parramatta Eels,2022,Rd 16,16,6,122,2022-07-02,South Sydney Rabbitohs,Parramatta Eels,30,12,Accor,https://www.rugbyleagueproject.org/matches/51492
2022|Rd 16|New Zealand Warriors|Wests Tigers,2022,Rd 16,16,7,123,2022-07-03,New Zealand Warriors,Wests Tigers,22,2,Mt Smart,https://www.rugbyleagueproject.org/matches/51493
2022|Rd 16|St. George Illawarra Dragons|Canberra Raiders,2022,Rd 16,16,8,124,2022-07-03,St. George Illawarra Dragons,Canberra Raiders,12,10,WIN,https://www.rugbyleagueproject.org/matches/51494
2022|Rd 17|Cronulla Sharks|Melbourne Storm,2022,Rd 17,17,1,125,2022-07-07,Cronulla Sharks,Melbourne Storm,28,6,Pointsbet,https://www.rugbyleagueproject.org/matches/51530
2022|Rd 17|Newcastle Knights|South Sydney Rabbitohs,2022,Rd 17,17,2,126,2022-07-08,Newcastle Knights,South Sydney Rabbitohs,28,40,McD. Jones,https://www.rugbyleagueproject.org/matches/51531
2022|Rd 17|Wests Tigers|Parramatta Eels,2022,Rd 17,17,3,127,2022-07-09,Wests Tigers,Parramatta Eels,20,28,Leichhardt,https://www.rugbyleagueproject.org/matches/51532
2022|Rd 17|Brisbane Broncos|St. George Illawarra Dragons,2022,Rd 17,17,4,128,2022-07-10,Brisbane Broncos,St. George Illawarra Dragons,32,18,Suncorp,https://www.rugbyleagueproject.org/matches/51533
2022|Rd 18|NQ Cowboys|Cronulla Sharks,2022,Rd 18,18,1,129,2022-07-15,NQ Cowboys,Cronulla Sharks,12,26,QLD C. Bank,https://www.rugbyleagueproject.org/matches/51554
2022|Rd 18|Parramatta Eels|New Zealand Warriors,2022,Rd 18,18,2,130,2022-07-15,Parramatta Eels,New Zealand Warriors,28,18,CommBank,https://www.rugbyleagueproject.org/matches/51555
2022|Rd 18|Gold Coast Titans|Brisbane Broncos,2022,Rd 18,18,3,131,2022-07-16,Gold Coast Titans,Brisbane Broncos,12,16,Cbus Super,https://www.rugbyleagueproject.org/matches/51558
2022|Rd 18|Manly Sea Eagles|Newcastle Knights,2022,Rd 18,18,4,132,2022-07-16,Manly Sea Eagles,Newcastle Knights,42,12,4 Pines,https://www.rugbyleagueproject.org/matches/51557
2022|Rd 18|Sydney Roosters|St. George Illawarra Dragons,2022,Rd 18,18,5,133,2022-07-16,Sydney Roosters,St. George Illawarra Dragons,54,26,Central Coast,https://www.rugbyleagueproject.org/matches/51556
2022|Rd 18|Canterbury Bulldogs|South Sydney Rabbitohs,2022,Rd 18,18,6,134,2022-07-17,Canterbury Bulldogs,South Sydney Rabbitohs,28,36,Accor,https://www.rugbyleagueproject.org/matches/51561
2022|Rd 18|Melbourne Storm|Canberra Raiders,2022,Rd 18,18,7,135,2022-07-17,Melbourne Storm,Canberra Raiders,16,20,AAMI,https://www.rugbyleagueproject.org/matches/51560
2022|Rd 18|Wests Tigers|Penrith Panthers,2022,Rd 18,18,8,136,2022-07-17,Wests Tigers,Penrith Panthers,16,18,CommBank,https://www.rugbyleagueproject.org/matches/51559
2022|Rd 19|Parramatta Eels|Brisbane Broncos,2022,Rd 19,19,1,137,2022-07-21,Parramatta Eels,Brisbane Broncos,14,36,CommBank,https://www.rugbyleagueproject.org/matches/51562
2022|Rd 19|Newcastle Knights|Sydney Roosters,2022,Rd 19,19,2,138,2022-07-22,Newcastle Knights,Sydney Roosters,12,42,McD. Jones,https://www.rugbyleagueproject.org/matches/51564
2022|Rd 19|St. George Illawarra Dragons|Manly Sea Eagles,2022,Rd 19,19,3,139,2022-07-22,St. George Illawarra Dragons,Manly Sea Eagles,20,6,Netstrata,https://www.rugbyleagueproject.org/matches/51563
2022|Rd 19|Canberra Raiders|New Zealand Warriors,2022,Rd 19,19,4,140,2022-07-23,Canberra Raiders,New Zealand Warriors,26,14,GIO,https://www.rugbyleagueproject.org/matches/51565
2022|Rd 19|Penrith Panthers|Cronulla Sharks,2022,Rd 19,19,5,141,2022-07-23,Penrith Panthers,Cronulla Sharks,20,10,BlueBet,https://www.rugbyleagueproject.org/matches/51566
2022|Rd 19|South Sydney Rabbitohs|Melbourne Storm,2022,Rd 19,19,6,142,2022-07-23,South Sydney Rabbitohs,Melbourne Storm,24,12,Accor,https://www.rugbyleagueproject.org/matches/51567
2022|Rd 19|Canterbury Bulldogs|Gold Coast Titans,2022,Rd 19,19,7,143,2022-07-24,Canterbury Bulldogs,Gold Coast Titans,36,26,CommBank,https://www.rugbyleagueproject.org/matches/51568
2022|Rd 19|NQ Cowboys|Wests Tigers,2022,Rd 19,19,8,144,2022-07-24,NQ Cowboys,Wests Tigers,27,26,QLD C. Bank,https://www.rugbyleagueproject.org/matches/51569
2022|Rd 20|Manly Sea Eagles|Sydney Roosters,2022,Rd 20,20,1,145,2022-07-28,Manly Sea Eagles,Sydney Roosters,10,20,4 Pines,https://www.rugbyleagueproject.org/matches/51905
2022|Rd 20|New Zealand Warriors|Melbourne Storm,2022,Rd 20,20,2,146,2022-07-29,New Zealand Warriors,Melbourne Storm,12,24,Mt Smart,https://www.rugbyleagueproject.org/matches/51906
2022|Rd 20|Parramatta Eels|Penrith Panthers,2022,Rd 20,20,3,147,2022-07-29,Parramatta Eels,Penrith Panthers,34,10,CommBank,https://www.rugbyleagueproject.org/matches/51907
2022|Rd 20|Brisbane Broncos|Wests Tigers,2022,Rd 20,20,4,148,2022-07-30,Brisbane Broncos,Wests Tigers,18,32,Suncorp,https://www.rugbyleagueproject.org/matches/51910
2022|Rd 20|Cronulla Sharks|South Sydney Rabbitohs,2022,Rd 20,20,5,149,2022-07-30,Cronulla Sharks,South Sydney Rabbitohs,21,20,Pointsbet,https://www.rugbyleagueproject.org/matches/51909
2022|Rd 20|Gold Coast Titans|Canberra Raiders,2022,Rd 20,20,6,150,2022-07-30,Gold Coast Titans,Canberra Raiders,24,36,Cbus Super,https://www.rugbyleagueproject.org/matches/51908
2022|Rd 20|Newcastle Knights|Canterbury Bulldogs,2022,Rd 20,20,7,151,2022-07-31,Newcastle Knights,Canterbury Bulldogs,10,24,McD. Jones,https://www.rugbyleagueproject.org/matches/51911
2022|Rd 20|St. George Illawarra Dragons|NQ Cowboys,2022,Rd 20,20,8,152,2022-07-31,St. George Illawarra Dragons,NQ Cowboys,8,34,Netstrata,https://www.rugbyleagueproject.org/matches/51912
2022|Rd 21|Sydney Roosters|Brisbane Broncos,2022,Rd 21,21,1,153,2022-08-04,Sydney Roosters,Brisbane Broncos,34,16,SCG,https://www.rugbyleagueproject.org/matches/51931
2022|Rd 21|Manly Sea Eagles|Parramatta Eels,2022,Rd 21,21,2,154,2022-08-05,Manly Sea Eagles,Parramatta Eels,20,36,4 Pines,https://www.rugbyleagueproject.org/matches/51933
2022|Rd 21|Melbourne Storm|Gold Coast Titans,2022,Rd 21,21,3,155,2022-08-05,Melbourne Storm,Gold Coast Titans,32,14,AAMI,https://www.rugbyleagueproject.org/matches/51932
2022|Rd 21|Canberra Raiders|Penrith Panthers,2022,Rd 21,21,4,156,2022-08-06,Canberra Raiders,Penrith Panthers,6,26,GIO,https://www.rugbyleagueproject.org/matches/51935
2022|Rd 21|Cronulla Sharks|St. George Illawarra Dragons,2022,Rd 21,21,5,157,2022-08-06,Cronulla Sharks,St. George Illawarra Dragons,24,18,Pointsbet,https://www.rugbyleagueproject.org/matches/51936
2022|Rd 21|South Sydney Rabbitohs|New Zealand Warriors,2022,Rd 21,21,6,158,2022-08-06,South Sydney Rabbitohs,New Zealand Warriors,48,10,Sunshine Coast,https://www.rugbyleagueproject.org/matches/51934
2022|Rd 21|Canterbury Bulldogs|NQ Cowboys,2022,Rd 21,21,7,159,2022-08-07,Canterbury Bulldogs,NQ Cowboys,14,28,Salter,https://www.rugbyleagueproject.org/matches/51937
2022|Rd 21|Wests Tigers|Newcastle Knights,2022,Rd 21,21,8,160,2022-08-07,Wests Tigers,Newcastle Knights,10,14,Campbelltown,https://www.rugbyleagueproject.org/matches/51938
2022|Rd 22|Penrith Panthers|Melbourne Storm,2022,Rd 22,22,1,161,2022-08-11,Penrith Panthers,Melbourne Storm,0,16,BlueBet,https://www.rugbyleagueproject.org/matches/51958
2022|Rd 22|New Zealand Warriors|Canterbury Bulldogs,2022,Rd 22,22,2,162,2022-08-12,New Zealand Warriors,Canterbury Bulldogs,42,18,Mt Smart,https://www.rugbyleagueproject.org/matches/51959
2022|Rd 22|Parramatta Eels|South Sydney Rabbitohs,2022,Rd 22,22,3,163,2022-08-12,Parramatta Eels,South Sydney Rabbitohs,0,26,CommBank,https://www.rugbyleagueproject.org/matches/51960
2022|Rd 22|Brisbane Broncos|Newcastle Knights,2022,Rd 22,22,4,164,2022-08-13,Brisbane Broncos,Newcastle Knights,28,10,Suncorp,https://www.rugbyleagueproject.org/matches/51963
2022|Rd 22|Sydney Roosters|NQ Cowboys,2022,Rd 22,22,5,165,2022-08-13,Sydney Roosters,NQ Cowboys,32,18,SCG,https://www.rugbyleagueproject.org/matches/51961
2022|Rd 22|Wests Tigers|Cronulla Sharks,2022,Rd 22,22,6,166,2022-08-13,Wests Tigers,Cronulla Sharks,12,36,Scully,https://www.rugbyleagueproject.org/matches/51962
2022|Rd 22|Canberra Raiders|St. George Illawarra Dragons,2022,Rd 22,22,7,167,2022-08-14,Canberra Raiders,St. George Illawarra Dragons,24,22,GIO,https://www.rugbyleagueproject.org/matches/51964
2022|Rd 22|Gold Coast Titans|Manly Sea Eagles,2022,Rd 22,22,8,168,2022-08-14,Gold Coast Titans,Manly Sea Eagles,44,24,Cbus Super,https://www.rugbyleagueproject.org/matches/51965
2022|Rd 23|South Sydney Rabbitohs|Penrith Panthers,2022,Rd 23,23,1,169,2022-08-18,South Sydney Rabbitohs,Penrith Panthers,22,26,Accor,https://www.rugbyleagueproject.org/matches/52623
2022|Rd 23|Brisbane Broncos|Melbourne Storm,2022,Rd 23,23,2,170,2022-08-19,Brisbane Broncos,Melbourne Storm,12,60,Suncorp,https://www.rugbyleagueproject.org/matches/52625
2022|Rd 23|NQ Cowboys|New Zealand Warriors,2022,Rd 23,23,3,171,2022-08-19,NQ Cowboys,New Zealand Warriors,48,4,QLD C. Bank,https://www.rugbyleagueproject.org/matches/52624
2022|Rd 23|Manly Sea Eagles|Cronulla Sharks,2022,Rd 23,23,4,172,2022-08-20,Manly Sea Eagles,Cronulla Sharks,6,40,4 Pines,https://www.rugbyleagueproject.org/matches/52627
2022|Rd 23|Parramatta Eels|Canterbury Bulldogs,2022,Rd 23,23,5,173,2022-08-20,Parramatta Eels,Canterbury Bulldogs,42,6,CommBank,https://www.rugbyleagueproject.org/matches/52626
2022|Rd 23|Sydney Roosters|Wests Tigers,2022,Rd 23,23,6,174,2022-08-20,Sydney Roosters,Wests Tigers,72,6,SCG,https://www.rugbyleagueproject.org/matches/52628
2022|Rd 23|Newcastle Knights|Canberra Raiders,2022,Rd 23,23,7,175,2022-08-21,Newcastle Knights,Canberra Raiders,22,28,McD. Jones,https://www.rugbyleagueproject.org/matches/52643
2022|Rd 23|St. George Illawarra Dragons|Gold Coast Titans,2022,Rd 23,23,8,176,2022-08-21,St. George Illawarra Dragons,Gold Coast Titans,46,26,WIN,https://www.rugbyleagueproject.org/matches/52641
2022|Rd 24|Brisbane Broncos|Parramatta Eels,2022,Rd 24,24,1,177,2022-08-25,Brisbane Broncos,Parramatta Eels,6,53,Suncorp,https://www.rugbyleagueproject.org/matches/52945
2022|Rd 24|Melbourne Storm|Sydney Roosters,2022,Rd 24,24,2,178,2022-08-26,Melbourne Storm,Sydney Roosters,14,18,AAMI,https://www.rugbyleagueproject.org/matches/52947
2022|Rd 24|Penrith Panthers|New Zealand Warriors,2022,Rd 24,24,3,179,2022-08-26,Penrith Panthers,New Zealand Warriors,46,12,BlueBet,https://www.rugbyleagueproject.org/matches/52946
2022|Rd 24|Canberra Raiders|Manly Sea Eagles,2022,Rd 24,24,4,180,2022-08-27,Canberra Raiders,Manly Sea Eagles,48,6,GIO,https://www.rugbyleagueproject.org/matches/52948
2022|Rd 24|Cronulla Sharks|Canterbury Bulldogs,2022,Rd 24,24,5,181,2022-08-27,Cronulla Sharks,Canterbury Bulldogs,16,0,Pointsbet,https://www.rugbyleagueproject.org/matches/52949
2022|Rd 24|South Sydney Rabbitohs|NQ Cowboys,2022,Rd 24,24,6,182,2022-08-27,South Sydney Rabbitohs,NQ Cowboys,20,10,Accor,https://www.rugbyleagueproject.org/matches/52950
2022|Rd 24|Gold Coast Titans|Newcastle Knights,2022,Rd 24,24,7,183,2022-08-28,Gold Coast Titans,Newcastle Knights,36,26,Cbus Super,https://www.rugbyleagueproject.org/matches/52952
2022|Rd 24|Wests Tigers|St. George Illawarra Dragons,2022,Rd 24,24,8,184,2022-08-28,Wests Tigers,St. George Illawarra Dragons,22,24,CommBank,https://www.rugbyleagueproject.org/matches/52951
2022|Rd 25|Parramatta Eels|Melbourne Storm,2022,Rd 25,25,1,185,2022-09-01,Parramatta Eels,Melbourne Storm,22,14,CommBank,https://www.rugbyleagueproject.org/matches/53695
2022|Rd 25|Canterbury Bulldogs|Manly Sea Eagles,2022,Rd 25,25,2,186,2022-09-02,Canterbury Bulldogs,Manly Sea Eagles,21,20,Accor,https://www.rugbyleagueproject.org/matches/53696
2022|Rd 25|Sydney Roosters|South Sydney Rabbitohs,2022,Rd 25,25,3,187,2022-09-02,Sydney Roosters,South Sydney Rabbitohs,26,16,Allianz,https://www.rugbyleagueproject.org/matches/53697
2022|Rd 25|NQ Cowboys|Penrith Panthers,2022,Rd 25,25,4,188,2022-09-03,NQ Cowboys,Penrith Panthers,38,8,QLD C. Bank,https://www.rugbyleagueproject.org/matches/53700
2022|Rd 25|New Zealand Warriors|Gold Coast Titans,2022,Rd 25,25,5,189,2022-09-03,New Zealand Warriors,Gold Coast Titans,26,27,Mt Smart,https://www.rugbyleagueproject.org/matches/53698
2022|Rd 25|St. George Illawarra Dragons|Brisbane Broncos,2022,Rd 25,25,6,190,2022-09-03,St. George Illawarra Dragons,Brisbane Broncos,22,12,Netstrata,https://www.rugbyleagueproject.org/matches/53699
2022|Rd 25|Newcastle Knights|Cronulla Sharks,2022,Rd 25,25,7,191,2022-09-04,Newcastle Knights,Cronulla Sharks,16,38,McD. Jones,https://www.rugbyleagueproject.org/matches/53701
2022|Rd 25|Wests Tigers|Canberra Raiders,2022,Rd 25,25,8,192,2022-09-04,Wests Tigers,Canberra Raiders,10,56,Leichhardt,https://www.rugbyleagueproject.org/matches/53702
2022|Qualif Final|Penrith Panthers|Parramatta Eels,2022,Qualif Final,26,1,193,2022-09-09,Penrith Panthers,Parramatta Eels,27,8,BlueBet,https://www.rugbyleagueproject.org/matches/53725
2022|Qualif Final|Cronulla Sharks|NQ Cowboys,2022,Qualif Final,26,2,194,2022-09-10,Cronulla Sharks,NQ Cowboys,30,32,Pointsbet,https://www.rugbyleagueproject.org/matches/53727
2022|Qualif Final|Melbourne Storm|Canberra Raiders,2022,Qualif Final,26,3,195,2022-09-10,Melbourne Storm,Canberra Raiders,20,28,AAMI,https://www.rugbyleagueproject.org/matches/53726
2022|Qualif Final|Sydney Roosters|South Sydney Rabbitohs,2022,Qualif Final,26,4,196,2022-09-11,Sydney Roosters,South Sydney Rabbitohs,14,30,Allianz,https://www.rugbyleagueproject.org/matches/53728
2022|Semi Final|Parramatta Eels|Canberra Raiders,2022,Semi Final,27,1,197,2022-09-16,Parramatta Eels,Canberra Raiders,40,4,CommBank,https://www.rugbyleagueproject.org/matches/53742
2022|Semi Final|Cronulla Sharks|South Sydney Rabbitohs,2022,Semi Final,27,2,198,2022-09-17,Cronulla Sharks,South Sydney Rabbitohs,12,38,Allianz,https://www.rugbyleagueproject.org/matches/53743
2022|Prelim Final|NQ Cowboys|Parramatta Eels,2022,Prelim Final,28,1,199,2022-09-23,NQ Cowboys,Parramatta Eels,20,24,QLD C. Bank,https://www.rugbyleagueproject.org/matches/53766
2022|Prelim Final|Penrith Panthers|South Sydney Rabbitohs,2022,Prelim Final,28,2,200,2022-09-24,Penrith Panthers,South Sydney Rabbitohs,32,12,Accor,https://www.rugbyleagueproject.org/matches/53767
2022|Grand Final|Penrith Panthers|Parramatta Eels,2022,Grand Final,29,1,201,2022-10-02,Penrith Panthers,Parramatta Eels,28,12,Accor,https://www.rugbyleagueproject.org/matches/53775
2023|Rd 1|Parramatta Eels|Melbourne Storm,2023,Rd 1,1,1,1,2023-03-02,Parramatta Eels,Melbourne Storm,12,16,CommBank,https://www.rugbyleagueproject.org/matches/54376
2023|Rd 1|New Zealand Warriors|Newcastle Knights,2023,Rd 1,1,2,2,2023-03-03,New Zealand Warriors,Newcastle Knights,20,12,Sky Stadium,https://www.rugbyleagueproject.org/matches/54377
2023|Rd 1|Penrith Panthers|Brisbane Broncos,2023,Rd 1,1,3,3,2023-03-03,Penrith Panthers,Brisbane Broncos,12,13,BlueBet,https://www.rugbyleagueproject.org/matches/54378
2023|Rd 1|Cronulla Sharks|South Sydney Rabbitohs,2023,Rd 1,1,4,4,2023-03-04,Cronulla Sharks,South Sydney Rabbitohs,18,27,Pointsbet,https://www.rugbyleagueproject.org/matches/54381
2023|Rd 1|Manly Sea Eagles|Canterbury Bulldogs,2023,Rd 1,1,5,5,2023-03-04,Manly Sea Eagles,Canterbury Bulldogs,31,6,4 Pines,https://www.rugbyleagueproject.org/matches/54379
2023|Rd 1|NQ Cowboys|Canberra Raiders,2023,Rd 1,1,6,6,2023-03-04,NQ Cowboys,Canberra Raiders,19,18,QLD C. Bank,https://www.rugbyleagueproject.org/matches/54380
2023|Rd 1|Dolphins|Sydney Roosters,2023,Rd 1,1,7,7,2023-03-05,Dolphins,Sydney Roosters,28,18,Suncorp,https://www.rugbyleagueproject.org/matches/54382
2023|Rd 1|Wests Tigers|Gold Coast Titans,2023,Rd 1,1,8,8,2023-03-05,Wests Tigers,Gold Coast Titans,10,22,Leichhardt,https://www.rugbyleagueproject.org/matches/54383
2023|Rd 2|Penrith Panthers|South Sydney Rabbitohs,2023,Rd 2,2,1,9,2023-03-09,Penrith Panthers,South Sydney Rabbitohs,16,10,BlueBet,https://www.rugbyleagueproject.org/matches/54384
2023|Rd 2|Brisbane Broncos|NQ Cowboys,2023,Rd 2,2,2,10,2023-03-10,Brisbane Broncos,NQ Cowboys,28,16,Suncorp,https://www.rugbyleagueproject.org/matches/54386
2023|Rd 2|Parramatta Eels|Cronulla Sharks,2023,Rd 2,2,3,11,2023-03-10,Parramatta Eels,Cronulla Sharks,26,30,CommBank,https://www.rugbyleagueproject.org/matches/54385
2023|Rd 2|Dolphins|Canberra Raiders,2023,Rd 2,2,4,12,2023-03-11,Dolphins,Canberra Raiders,20,14,Kayo,https://www.rugbyleagueproject.org/matches/54388
2023|Rd 2|Melbourne Storm|Canterbury Bulldogs,2023,Rd 2,2,5,13,2023-03-11,Melbourne Storm,Canterbury Bulldogs,12,26,AAMI,https://www.rugbyleagueproject.org/matches/54389
2023|Rd 2|Sydney Roosters|New Zealand Warriors,2023,Rd 2,2,6,14,2023-03-11,Sydney Roosters,New Zealand Warriors,20,12,Allianz,https://www.rugbyleagueproject.org/matches/54387
2023|Rd 2|St. George Illawarra Dragons|Gold Coast Titans,2023,Rd 2,2,7,15,2023-03-12,St. George Illawarra Dragons,Gold Coast Titans,32,18,Netstrata,https://www.rugbyleagueproject.org/matches/54391
2023|Rd 2|Wests Tigers|Newcastle Knights,2023,Rd 2,2,8,16,2023-03-12,Wests Tigers,Newcastle Knights,12,14,Leichhardt,https://www.rugbyleagueproject.org/matches/54390
2023|Rd 3|Manly Sea Eagles|Parramatta Eels,2023,Rd 3,3,1,17,2023-03-16,Manly Sea Eagles,Parramatta Eels,34,30,4 Pines,https://www.rugbyleagueproject.org/matches/54392
2023|Rd 3|Newcastle Knights|Dolphins,2023,Rd 3,3,2,18,2023-03-17,Newcastle Knights,Dolphins,20,36,McD. Jones,https://www.rugbyleagueproject.org/matches/54393
2023|Rd 3|Sydney Roosters|South Sydney Rabbitohs,2023,Rd 3,3,3,19,2023-03-17,Sydney Roosters,South Sydney Rabbitohs,20,18,Allianz,https://www.rugbyleagueproject.org/matches/54394
2023|Rd 3|Brisbane Broncos|St. George Illawarra Dragons,2023,Rd 3,3,4,20,2023-03-18,Brisbane Broncos,St. George Illawarra Dragons,40,18,Suncorp,https://www.rugbyleagueproject.org/matches/54397
2023|Rd 3|Gold Coast Titans|Melbourne Storm,2023,Rd 3,3,5,21,2023-03-18,Gold Coast Titans,Melbourne Storm,38,34,Cbus Super,https://www.rugbyleagueproject.org/matches/54395
2023|Rd 3|NQ Cowboys|New Zealand Warriors,2023,Rd 3,3,6,22,2023-03-18,NQ Cowboys,New Zealand Warriors,12,26,QLD C. Bank,https://www.rugbyleagueproject.org/matches/54396
2023|Rd 3|Canberra Raiders|Cronulla Sharks,2023,Rd 3,3,7,23,2023-03-19,Canberra Raiders,Cronulla Sharks,24,20,GIO,https://www.rugbyleagueproject.org/matches/54399
2023|Rd 3|Canterbury Bulldogs|Wests Tigers,2023,Rd 3,3,8,24,2023-03-19,Canterbury Bulldogs,Wests Tigers,26,22,Belmore,https://www.rugbyleagueproject.org/matches/54398
2023|Rd 4|Parramatta Eels|Penrith Panthers,2023,Rd 4,4,1,25,2023-03-23,Parramatta Eels,Penrith Panthers,17,16,CommBank,https://www.rugbyleagueproject.org/matches/54400
2023|Rd 4|Dolphins|Brisbane Broncos,2023,Rd 4,4,2,26,2023-03-24,Dolphins,Brisbane Broncos,12,18,Suncorp,https://www.rugbyleagueproject.org/matches/54402
2023|Rd 4|Melbourne Storm|Wests Tigers,2023,Rd 4,4,3,27,2023-03-24,Melbourne Storm,Wests Tigers,24,12,AAMI,https://www.rugbyleagueproject.org/matches/54401
2023|Rd 4|NQ Cowboys|Gold Coast Titans,2023,Rd 4,4,4,28,2023-03-25,NQ Cowboys,Gold Coast Titans,24,12,QLD C. Bank,https://www.rugbyleagueproject.org/matches/54403
2023|Rd 4|South Sydney Rabbitohs|Manly Sea Eagles,2023,Rd 4,4,5,29,2023-03-25,South Sydney Rabbitohs,Manly Sea Eagles,13,12,Accor,https://www.rugbyleagueproject.org/matches/54407
2023|Rd 4|New Zealand Warriors|Canterbury Bulldogs,2023,Rd 4,4,6,30,2023-03-26,New Zealand Warriors,Canterbury Bulldogs,16,14,Mt Smart,https://www.rugbyleagueproject.org/matches/54404
2023|Rd 4|Newcastle Knights|Canberra Raiders,2023,Rd 4,4,7,31,2023-03-26,Newcastle Knights,Canberra Raiders,24,14,McD. Jones,https://www.rugbyleagueproject.org/matches/54405
2023|Rd 4|St. George Illawarra Dragons|Cronulla Sharks,2023,Rd 4,4,8,32,2023-03-26,St. George Illawarra Dragons,Cronulla Sharks,8,40,Netstrata,https://www.rugbyleagueproject.org/matches/54406
2023|Rd 5|Sydney Roosters|Parramatta Eels,2023,Rd 5,5,1,33,2023-03-30,Sydney Roosters,Parramatta Eels,28,20,Allianz,https://www.rugbyleagueproject.org/matches/54408
2023|Rd 5|Canberra Raiders|Penrith Panthers,2023,Rd 5,5,2,34,2023-03-31,Canberra Raiders,Penrith Panthers,12,53,GIO,https://www.rugbyleagueproject.org/matches/54409
2023|Rd 5|South Sydney Rabbitohs|Melbourne Storm,2023,Rd 5,5,3,35,2023-03-31,South Sydney Rabbitohs,Melbourne Storm,10,18,Accor,https://www.rugbyleagueproject.org/matches/54410
2023|Rd 5|Brisbane Broncos|Wests Tigers,2023,Rd 5,5,4,36,2023-04-01,Brisbane Broncos,Wests Tigers,46,12,Suncorp,https://www.rugbyleagueproject.org/matches/54413
2023|Rd 5|Manly Sea Eagles|Newcastle Knights,2023,Rd 5,5,5,37,2023-04-01,Manly Sea Eagles,Newcastle Knights,32,32,Glen Willow,https://www.rugbyleagueproject.org/matches/54411
2023|Rd 5|St. George Illawarra Dragons|Dolphins,2023,Rd 5,5,6,38,2023-04-01,St. George Illawarra Dragons,Dolphins,38,12,WIN,https://www.rugbyleagueproject.org/matches/54412
2023|Rd 5|Canterbury Bulldogs|NQ Cowboys,2023,Rd 5,5,7,39,2023-04-02,Canterbury Bulldogs,NQ Cowboys,15,14,Accor,https://www.rugbyleagueproject.org/matches/54415
2023|Rd 5|Cronulla Sharks|New Zealand Warriors,2023,Rd 5,5,8,40,2023-04-02,Cronulla Sharks,New Zealand Warriors,30,32,Pointsbet,https://www.rugbyleagueproject.org/matches/54414
2023|Rd 6|Melbourne Storm|Sydney Roosters,2023,Rd 6,6,1,41,2023-04-06,Melbourne Storm,Sydney Roosters,28,8,AAMI,https://www.rugbyleagueproject.org/matches/54416
2023|Rd 6|Canterbury Bulldogs|South Sydney Rabbitohs,2023,Rd 6,6,2,42,2023-04-07,Canterbury Bulldogs,South Sydney Rabbitohs,16,50,Accor,https://www.rugbyleagueproject.org/matches/54417
2023|Rd 6|NQ Cowboys|Dolphins,2023,Rd 6,6,3,43,2023-04-07,NQ Cowboys,Dolphins,22,32,QLD C. Bank,https://www.rugbyleagueproject.org/matches/54418
2023|Rd 6|Brisbane Broncos|Canberra Raiders,2023,Rd 6,6,4,44,2023-04-08,Brisbane Broncos,Canberra Raiders,14,20,Suncorp,https://www.rugbyleagueproject.org/matches/54420
2023|Rd 6|Penrith Panthers|Manly Sea Eagles,2023,Rd 6,6,5,45,2023-04-08,Penrith Panthers,Manly Sea Eagles,44,12,BlueBet,https://www.rugbyleagueproject.org/matches/54419
2023|Rd 6|Gold Coast Titans|St. George Illawarra Dragons,2023,Rd 6,6,6,46,2023-04-09,Gold Coast Titans,St. George Illawarra Dragons,20,18,Cbus Super,https://www.rugbyleagueproject.org/matches/54421
2023|Rd 6|Newcastle Knights|New Zealand Warriors,2023,Rd 6,6,7,47,2023-04-09,Newcastle Knights,New Zealand Warriors,34,24,McD. Jones,https://www.rugbyleagueproject.org/matches/54422
2023|Rd 6|Wests Tigers|Parramatta Eels,2023,Rd 6,6,8,48,2023-04-10,Wests Tigers,Parramatta Eels,22,28,Accor,https://www.rugbyleagueproject.org/matches/54423
2023|Rd 7|Dolphins|South Sydney Rabbitohs,2023,Rd 7,7,1,49,2023-04-13,Dolphins,South Sydney Rabbitohs,14,36,Suncorp,https://www.rugbyleagueproject.org/matches/54424
2023|Rd 7|Cronulla Sharks|Sydney Roosters,2023,Rd 7,7,2,50,2023-04-14,Cronulla Sharks,Sydney Roosters,22,12,Pointsbet,https://www.rugbyleagueproject.org/matches/54425
2023|Rd 7|Manly Sea Eagles|Melbourne Storm,2023,Rd 7,7,3,51,2023-04-14,Manly Sea Eagles,Melbourne Storm,18,8,4 Pines,https://www.rugbyleagueproject.org/matches/54426
2023|Rd 7|Gold Coast Titans|Brisbane Broncos,2023,Rd 7,7,4,52,2023-04-15,Gold Coast Titans,Brisbane Broncos,26,43,Cbus Super,https://www.rugbyleagueproject.org/matches/54429
2023|Rd 7|New Zealand Warriors|NQ Cowboys,2023,Rd 7,7,5,53,2023-04-15,New Zealand Warriors,NQ Cowboys,22,14,Mt Smart,https://www.rugbyleagueproject.org/matches/54427
2023|Rd 7|Newcastle Knights|Penrith Panthers,2023,Rd 7,7,6,54,2023-04-15,Newcastle Knights,Penrith Panthers,15,16,McD. Jones,https://www.rugbyleagueproject.org/matches/54428
2023|Rd 7|Canberra Raiders|St. George Illawarra Dragons,2023,Rd 7,7,7,55,2023-04-16,Canberra Raiders,St. George Illawarra Dragons,20,14,GIO,https://www.rugbyleagueproject.org/matches/54430
2023|Rd 7|Parramatta Eels|Canterbury Bulldogs,2023,Rd 7,7,8,56,2023-04-16,Parramatta Eels,Canterbury Bulldogs,30,4,CommBank,https://www.rugbyleagueproject.org/matches/54431
2023|Rd 8|South Sydney Rabbitohs|Penrith Panthers,2023,Rd 8,8,1,57,2023-04-20,South Sydney Rabbitohs,Penrith Panthers,20,18,Accor,https://www.rugbyleagueproject.org/matches/54439
2023|Rd 8|Parramatta Eels|Brisbane Broncos,2023,Rd 8,8,2,58,2023-04-21,Parramatta Eels,Brisbane Broncos,16,26,TIO,https://www.rugbyleagueproject.org/matches/54432
2023|Rd 8|Canterbury Bulldogs|Cronulla Sharks,2023,Rd 8,8,3,59,2023-04-22,Canterbury Bulldogs,Cronulla Sharks,20,33,Accor,https://www.rugbyleagueproject.org/matches/54433
2023|Rd 8|NQ Cowboys|Newcastle Knights,2023,Rd 8,8,4,60,2023-04-22,NQ Cowboys,Newcastle Knights,18,16,QLD C. Bank,https://www.rugbyleagueproject.org/matches/54434
2023|Rd 8|Dolphins|Gold Coast Titans,2023,Rd 8,8,5,61,2023-04-23,Dolphins,Gold Coast Titans,28,26,Suncorp,https://www.rugbyleagueproject.org/matches/54435
2023|Rd 8|Wests Tigers|Manly Sea Eagles,2023,Rd 8,8,6,62,2023-04-23,Wests Tigers,Manly Sea Eagles,16,22,Campbelltown,https://www.rugbyleagueproject.org/matches/54436
2023|Rd 8|Melbourne Storm|New Zealand Warriors,2023,Rd 8,8,7,63,2023-04-25,Melbourne Storm,New Zealand Warriors,30,22,AAMI,https://www.rugbyleagueproject.org/matches/54438
2023|Rd 8|Sydney Roosters|St. George Illawarra Dragons,2023,Rd 8,8,8,64,2023-04-25,Sydney Roosters,St. George Illawarra Dragons,27,26,Allianz,https://www.rugbyleagueproject.org/matches/54437
2023|Rd 9|Cronulla Sharks|NQ Cowboys,2023,Rd 9,9,1,65,2023-04-27,Cronulla Sharks,NQ Cowboys,44,6,Pointsbet,https://www.rugbyleagueproject.org/matches/54440
2023|Rd 9|Brisbane Broncos|South Sydney Rabbitohs,2023,Rd 9,9,2,66,2023-04-28,Brisbane Broncos,South Sydney Rabbitohs,6,32,Suncorp,https://www.rugbyleagueproject.org/matches/54442
2023|Rd 9|Parramatta Eels|Newcastle Knights,2023,Rd 9,9,3,67,2023-04-28,Parramatta Eels,Newcastle Knights,43,12,CommBank,https://www.rugbyleagueproject.org/matches/54441
2023|Rd 9|Canberra Raiders|Dolphins,2023,Rd 9,9,4,68,2023-04-29,Canberra Raiders,Dolphins,31,30,McDonalds Park,https://www.rugbyleagueproject.org/matches/54443
2023|Rd 9|Manly Sea Eagles|Gold Coast Titans,2023,Rd 9,9,5,69,2023-04-29,Manly Sea Eagles,Gold Coast Titans,10,26,4 Pines,https://www.rugbyleagueproject.org/matches/54444
2023|Rd 9|Penrith Panthers|Wests Tigers,2023,Rd 9,9,6,70,2023-04-29,Penrith Panthers,Wests Tigers,8,12,Carrington,https://www.rugbyleagueproject.org/matches/54445
2023|Rd 9|New Zealand Warriors|Sydney Roosters,2023,Rd 9,9,7,71,2023-04-30,New Zealand Warriors,Sydney Roosters,0,14,Mt Smart,https://www.rugbyleagueproject.org/matches/54446
2023|Rd 9|St. George Illawarra Dragons|Canterbury Bulldogs,2023,Rd 9,9,8,72,2023-04-30,St. George Illawarra Dragons,Canterbury Bulldogs,16,18,WIN,https://www.rugbyleagueproject.org/matches/54447
2023|Rd 10|Canterbury Bulldogs|Canberra Raiders,2023,Rd 10,10,1,73,2023-05-05,Canterbury Bulldogs,Canberra Raiders,30,34,Suncorp,https://www.rugbyleagueproject.org/matches/54448
2023|Rd 10|Manly Sea Eagles|Brisbane Broncos,2023,Rd 10,10,2,74,2023-05-05,Manly Sea Eagles,Brisbane Broncos,6,32,Suncorp,https://www.rugbyleagueproject.org/matches/54449
2023|Rd 10|Cronulla Sharks|Dolphins,2023,Rd 10,10,3,75,2023-05-06,Cronulla Sharks,Dolphins,16,36,Suncorp,https://www.rugbyleagueproject.org/matches/54451
2023|Rd 10|Melbourne Storm|South Sydney Rabbitohs,2023,Rd 10,10,4,76,2023-05-06,Melbourne Storm,South Sydney Rabbitohs,12,28,Suncorp,https://www.rugbyleagueproject.org/matches/54452
2023|Rd 10|New Zealand Warriors|Penrith Panthers,2023,Rd 10,10,5,77,2023-05-06,New Zealand Warriors,Penrith Panthers,6,18,Suncorp,https://www.rugbyleagueproject.org/matches/54450
2023|Rd 10|Gold Coast Titans|Parramatta Eels,2023,Rd 10,10,6,78,2023-05-07,Gold Coast Titans,Parramatta Eels,26,24,Suncorp,https://www.rugbyleagueproject.org/matches/54455
2023|Rd 10|Sydney Roosters|NQ Cowboys,2023,Rd 10,10,7,79,2023-05-07,Sydney Roosters,NQ Cowboys,6,20,Suncorp,https://www.rugbyleagueproject.org/matches/54454
2023|Rd 10|Wests Tigers|St. George Illawarra Dragons,2023,Rd 10,10,8,80,2023-05-07,Wests Tigers,St. George Illawarra Dragons,18,16,Suncorp,https://www.rugbyleagueproject.org/matches/54453
2023|Rd 11|Melbourne Storm|Brisbane Broncos,2023,Rd 11,11,1,81,2023-05-11,Melbourne Storm,Brisbane Broncos,24,16,AAMI,https://www.rugbyleagueproject.org/matches/54456
2023|Rd 11|Canterbury Bulldogs|New Zealand Warriors,2023,Rd 11,11,2,82,2023-05-12,Canterbury Bulldogs,New Zealand Warriors,12,24,Accor,https://www.rugbyleagueproject.org/matches/54457
2023|Rd 11|Penrith Panthers|Sydney Roosters,2023,Rd 11,11,3,83,2023-05-12,Penrith Panthers,Sydney Roosters,48,4,BlueBet,https://www.rugbyleagueproject.org/matches/54458
2023|Rd 11|Canberra Raiders|Parramatta Eels,2023,Rd 11,11,4,84,2023-05-13,Canberra Raiders,Parramatta Eels,26,18,GIO,https://www.rugbyleagueproject.org/matches/54461
2023|Rd 11|NQ Cowboys|St. George Illawarra Dragons,2023,Rd 11,11,5,85,2023-05-13,NQ Cowboys,St. George Illawarra Dragons,42,22,QLD C. Bank,https://www.rugbyleagueproject.org/matches/54460
2023|Rd 11|South Sydney Rabbitohs|Wests Tigers,2023,Rd 11,11,6,86,2023-05-13,South Sydney Rabbitohs,Wests Tigers,20,0,Accor,https://www.rugbyleagueproject.org/matches/54459
2023|Rd 11|Manly Sea Eagles|Cronulla Sharks,2023,Rd 11,11,7,87,2023-05-14,Manly Sea Eagles,Cronulla Sharks,14,20,4 Pines,https://www.rugbyleagueproject.org/matches/54463
2023|Rd 11|Newcastle Knights|Gold Coast Titans,2023,Rd 11,11,8,88,2023-05-14,Newcastle Knights,Gold Coast Titans,46,26,McD. Jones,https://www.rugbyleagueproject.org/matches/54462
2023|Rd 12|Brisbane Broncos|Penrith Panthers,2023,Rd 12,12,1,89,2023-05-18,Brisbane Broncos,Penrith Panthers,4,15,Suncorp,https://www.rugbyleagueproject.org/matches/54464
2023|Rd 12|South Sydney Rabbitohs|Parramatta Eels,2023,Rd 12,12,2,90,2023-05-19,South Sydney Rabbitohs,Parramatta Eels,16,36,Allianz,https://www.rugbyleagueproject.org/matches/54466
2023|Rd 12|St. George Illawarra Dragons|Sydney Roosters,2023,Rd 12,12,3,91,2023-05-19,St. George Illawarra Dragons,Sydney Roosters,24,22,Netstrata,https://www.rugbyleagueproject.org/matches/54465
2023|Rd 12|Cronulla Sharks|Newcastle Knights,2023,Rd 12,12,4,92,2023-05-20,Cronulla Sharks,Newcastle Knights,26,6,C.ex Coffs,https://www.rugbyleagueproject.org/matches/54467
2023|Rd 12|Dolphins|Melbourne Storm,2023,Rd 12,12,5,93,2023-05-20,Dolphins,Melbourne Storm,16,24,Suncorp,https://www.rugbyleagueproject.org/matches/54469
2023|Rd 12|Wests Tigers|NQ Cowboys,2023,Rd 12,12,6,94,2023-05-20,Wests Tigers,NQ Cowboys,66,18,Leichhardt,https://www.rugbyleagueproject.org/matches/54468
2023|Rd 12|Canberra Raiders|Manly Sea Eagles,2023,Rd 12,12,7,95,2023-05-21,Canberra Raiders,Manly Sea Eagles,14,42,GIO,https://www.rugbyleagueproject.org/matches/54471
2023|Rd 12|Canterbury Bulldogs|Gold Coast Titans,2023,Rd 12,12,8,96,2023-05-21,Canterbury Bulldogs,Gold Coast Titans,20,18,Accor,https://www.rugbyleagueproject.org/matches/54470
2023|Rd 13|Dolphins|St. George Illawarra Dragons,2023,Rd 13,13,1,97,2023-05-25,Dolphins,St. George Illawarra Dragons,26,12,Kayo,https://www.rugbyleagueproject.org/matches/54472
2023|Rd 13|Parramatta Eels|NQ Cowboys,2023,Rd 13,13,2,98,2023-05-26,Parramatta Eels,NQ Cowboys,24,16,CommBank,https://www.rugbyleagueproject.org/matches/54473
2023|Rd 13|New Zealand Warriors|Brisbane Broncos,2023,Rd 13,13,3,99,2023-05-27,New Zealand Warriors,Brisbane Broncos,22,26,McLean Park,https://www.rugbyleagueproject.org/matches/54474
2023|Rd 13|South Sydney Rabbitohs|Canberra Raiders,2023,Rd 13,13,4,100,2023-05-27,South Sydney Rabbitohs,Canberra Raiders,26,33,Accor,https://www.rugbyleagueproject.org/matches/54475
2023|Rd 13|Newcastle Knights|Manly Sea Eagles,2023,Rd 13,13,5,101,2023-05-28,Newcastle Knights,Manly Sea Eagles,28,18,McD. Jones,https://www.rugbyleagueproject.org/matches/54476
2023|Rd 14|Wests Tigers|Canberra Raiders,2023,Rd 14,14,1,102,2023-06-02,Wests Tigers,Canberra Raiders,19,20,Campbelltown,https://www.rugbyleagueproject.org/matches/54477
2023|Rd 14|Cronulla Sharks|Brisbane Broncos,2023,Rd 14,14,2,103,2023-06-03,Cronulla Sharks,Brisbane Broncos,12,20,Pointsbet,https://www.rugbyleagueproject.org/matches/54480
2023|Rd 14|Gold Coast Titans|South Sydney Rabbitohs,2023,Rd 14,14,3,104,2023-06-03,Gold Coast Titans,South Sydney Rabbitohs,28,46,Cbus Super,https://www.rugbyleagueproject.org/matches/54479
2023|Rd 14|New Zealand Warriors|Dolphins,2023,Rd 14,14,4,105,2023-06-03,New Zealand Warriors,Dolphins,30,8,Go Media,https://www.rugbyleagueproject.org/matches/54478
2023|Rd 14|NQ Cowboys|Melbourne Storm,2023,Rd 14,14,5,106,2023-06-04,NQ Cowboys,Melbourne Storm,45,20,QLD C. Bank,https://www.rugbyleagueproject.org/matches/54482
2023|Rd 14|Penrith Panthers|St. George Illawarra Dragons,2023,Rd 14,14,6,107,2023-06-04,Penrith Panthers,St. George Illawarra Dragons,26,18,BlueBet,https://www.rugbyleagueproject.org/matches/54483
2023|Rd 14|Sydney Roosters|Canterbury Bulldogs,2023,Rd 14,14,7,108,2023-06-04,Sydney Roosters,Canterbury Bulldogs,25,24,Industree,https://www.rugbyleagueproject.org/matches/54481
2023|Rd 15|Gold Coast Titans|Wests Tigers,2023,Rd 15,15,1,109,2023-06-08,Gold Coast Titans,Wests Tigers,28,12,Cbus Super,https://www.rugbyleagueproject.org/matches/54484
2023|Rd 15|Canberra Raiders|New Zealand Warriors,2023,Rd 15,15,2,110,2023-06-09,Canberra Raiders,New Zealand Warriors,14,36,GIO,https://www.rugbyleagueproject.org/matches/54485
2023|Rd 15|Manly Sea Eagles|Dolphins,2023,Rd 15,15,3,111,2023-06-09,Manly Sea Eagles,Dolphins,58,18,4 Pines,https://www.rugbyleagueproject.org/matches/54486
2023|Rd 15|Brisbane Broncos|Newcastle Knights,2023,Rd 15,15,4,112,2023-06-10,Brisbane Broncos,Newcastle Knights,24,20,Suncorp,https://www.rugbyleagueproject.org/matches/54488
2023|Rd 15|St. George Illawarra Dragons|South Sydney Rabbitohs,2023,Rd 15,15,5,113,2023-06-10,St. George Illawarra Dragons,South Sydney Rabbitohs,36,30,Netstrata,https://www.rugbyleagueproject.org/matches/54487
2023|Rd 15|Sydney Roosters|Penrith Panthers,2023,Rd 15,15,6,114,2023-06-10,Sydney Roosters,Penrith Panthers,6,30,Allianz,https://www.rugbyleagueproject.org/matches/54489
2023|Rd 15|Melbourne Storm|Cronulla Sharks,2023,Rd 15,15,7,115,2023-06-11,Melbourne Storm,Cronulla Sharks,54,10,AAMI,https://www.rugbyleagueproject.org/matches/54490
2023|Rd 15|Canterbury Bulldogs|Parramatta Eels,2023,Rd 15,15,8,116,2023-06-12,Canterbury Bulldogs,Parramatta Eels,12,34,Accor,https://www.rugbyleagueproject.org/matches/54491
2023|Rd 16|NQ Cowboys|Penrith Panthers,2023,Rd 16,16,1,117,2023-06-16,NQ Cowboys,Penrith Panthers,27,23,QLD C. Bank,https://www.rugbyleagueproject.org/matches/54492
2023|Rd 16|Newcastle Knights|Sydney Roosters,2023,Rd 16,16,2,118,2023-06-17,Newcastle Knights,Sydney Roosters,16,18,McD. Jones,https://www.rugbyleagueproject.org/matches/54493
2023|Rd 16|Parramatta Eels|Manly Sea Eagles,2023,Rd 16,16,3,119,2023-06-17,Parramatta Eels,Manly Sea Eagles,34,4,CommBank,https://www.rugbyleagueproject.org/matches/54494
2023|Rd 16|Wests Tigers|Melbourne Storm,2023,Rd 16,16,4,120,2023-06-17,Wests Tigers,Melbourne Storm,6,28,Campbelltown,https://www.rugbyleagueproject.org/matches/54495
2023|Rd 16|Cronulla Sharks|Canterbury Bulldogs,2023,Rd 16,16,5,121,2023-06-18,Cronulla Sharks,Canterbury Bulldogs,48,10,Pointsbet,https://www.rugbyleagueproject.org/matches/54496
2023|Rd 17|St. George Illawarra Dragons|New Zealand Warriors,2023,Rd 17,17,1,122,2023-06-23,St. George Illawarra Dragons,New Zealand Warriors,18,48,WIN,https://www.rugbyleagueproject.org/matches/54497
2023|Rd 17|Dolphins|Parramatta Eels,2023,Rd 17,17,2,123,2023-06-24,Dolphins,Parramatta Eels,20,48,Sunshine Coast,https://www.rugbyleagueproject.org/matches/54498
2023|Rd 17|Melbourne Storm|Manly Sea Eagles,2023,Rd 17,17,3,124,2023-06-24,Melbourne Storm,Manly Sea Eagles,24,6,AAMI,https://www.rugbyleagueproject.org/matches/54500
2023|Rd 17|Penrith Panthers|Newcastle Knights,2023,Rd 17,17,4,125,2023-06-24,Penrith Panthers,Newcastle Knights,20,12,BlueBet,https://www.rugbyleagueproject.org/matches/54499
2023|Rd 17|Brisbane Broncos|Gold Coast Titans,2023,Rd 17,17,5,126,2023-06-25,Brisbane Broncos,Gold Coast Titans,12,18,Suncorp,https://www.rugbyleagueproject.org/matches/54501
2023|Rd 17|South Sydney Rabbitohs|NQ Cowboys,2023,Rd 17,17,6,127,2023-06-25,South Sydney Rabbitohs,NQ Cowboys,6,31,Accor,https://www.rugbyleagueproject.org/matches/54502
2023|Rd 17|Sydney Roosters|Canberra Raiders,2023,Rd 17,17,7,128,2023-06-25,Sydney Roosters,Canberra Raiders,18,20,Allianz,https://www.rugbyleagueproject.org/matches/54503
2023|Rd 18|Cronulla Sharks|St. George Illawarra Dragons,2023,Rd 18,18,1,129,2023-06-29,Cronulla Sharks,St. George Illawarra Dragons,52,16,Pointsbet,https://www.rugbyleagueproject.org/matches/54504
2023|Rd 18|Melbourne Storm|Penrith Panthers,2023,Rd 18,18,2,130,2023-06-30,Melbourne Storm,Penrith Panthers,16,34,Marvel Stadium,https://www.rugbyleagueproject.org/matches/54506
2023|Rd 18|New Zealand Warriors|South Sydney Rabbitohs,2023,Rd 18,18,3,131,2023-06-30,New Zealand Warriors,South Sydney Rabbitohs,6,28,Go Media,https://www.rugbyleagueproject.org/matches/54505
2023|Rd 18|Brisbane Broncos|Dolphins,2023,Rd 18,18,4,132,2023-07-01,Brisbane Broncos,Dolphins,24,16,The Gabba,https://www.rugbyleagueproject.org/matches/54509
2023|Rd 18|Canberra Raiders|Gold Coast Titans,2023,Rd 18,18,5,133,2023-07-01,Canberra Raiders,Gold Coast Titans,26,22,GIO,https://www.rugbyleagueproject.org/matches/54507
2023|Rd 18|NQ Cowboys|Wests Tigers,2023,Rd 18,18,6,134,2023-07-01,NQ Cowboys,Wests Tigers,74,0,QLD C. Bank,https://www.rugbyleagueproject.org/matches/54508
2023|Rd 18|Canterbury Bulldogs|Newcastle Knights,2023,Rd 18,18,7,135,2023-07-02,Canterbury Bulldogs,Newcastle Knights,0,66,Accor,https://www.rugbyleagueproject.org/matches/54510
2023|Rd 18|Manly Sea Eagles|Sydney Roosters,2023,Rd 18,18,8,136,2023-07-02,Manly Sea Eagles,Sydney Roosters,18,16,4 Pines,https://www.rugbyleagueproject.org/matches/54511
2023|Rd 19|Wests Tigers|Cronulla Sharks,2023,Rd 19,19,1,137,2023-07-06,Wests Tigers,Cronulla Sharks,12,36,CommBank,https://www.rugbyleagueproject.org/matches/54512
2023|Rd 19|St. George Illawarra Dragons|Canberra Raiders,2023,Rd 19,19,2,138,2023-07-07,St. George Illawarra Dragons,Canberra Raiders,26,36,WIN,https://www.rugbyleagueproject.org/matches/54513
2023|Rd 19|Parramatta Eels|New Zealand Warriors,2023,Rd 19,19,3,139,2023-07-08,Parramatta Eels,New Zealand Warriors,10,46,CommBank,https://www.rugbyleagueproject.org/matches/54514
2023|Rd 19|South Sydney Rabbitohs|Canterbury Bulldogs,2023,Rd 19,19,4,140,2023-07-08,South Sydney Rabbitohs,Canterbury Bulldogs,32,36,Accor,https://www.rugbyleagueproject.org/matches/54515
2023|Rd 19|Gold Coast Titans|Dolphins,2023,Rd 19,19,5,141,2023-07-09,Gold Coast Titans,Dolphins,21,23,Cbus Super,https://www.rugbyleagueproject.org/matches/54516
2023|Rd 20|Newcastle Knights|Wests Tigers,2023,Rd 20,20,1,142,2023-07-14,Newcastle Knights,Wests Tigers,34,18,McD. Jones,https://www.rugbyleagueproject.org/matches/54517
2023|Rd 20|Canterbury Bulldogs|Brisbane Broncos,2023,Rd 20,20,2,143,2023-07-15,Canterbury Bulldogs,Brisbane Broncos,24,44,Belmore,https://www.rugbyleagueproject.org/matches/54518
2023|Rd 20|Manly Sea Eagles|NQ Cowboys,2023,Rd 20,20,3,144,2023-07-15,Manly Sea Eagles,NQ Cowboys,8,19,4 Pines,https://www.rugbyleagueproject.org/matches/54519
2023|Rd 20|Sydney Roosters|Melbourne Storm,2023,Rd 20,20,4,145,2023-07-15,Sydney Roosters,Melbourne Storm,16,30,SCG,https://www.rugbyleagueproject.org/matches/54520
2023|Rd 20|Dolphins|Penrith Panthers,2023,Rd 20,20,5,146,2023-07-16,Dolphins,Penrith Panthers,14,24,Kayo,https://www.rugbyleagueproject.org/matches/54522
2023|Rd 20|New Zealand Warriors|Cronulla Sharks,2023,Rd 20,20,6,147,2023-07-16,New Zealand Warriors,Cronulla Sharks,44,12,Go Media,https://www.rugbyleagueproject.org/matches/54521
2023|Rd 20|Parramatta Eels|Gold Coast Titans,2023,Rd 20,20,7,148,2023-07-16,Parramatta Eels,Gold Coast Titans,25,24,CommBank,https://www.rugbyleagueproject.org/matches/54523
2023|Rd 21|St. George Illawarra Dragons|Wests Tigers,2023,Rd 21,21,1,149,2023-07-20,St. George Illawarra Dragons,Wests Tigers,18,14,WIN,https://www.rugbyleagueproject.org/matches/54524
2023|Rd 21|New Zealand Warriors|Canberra Raiders,2023,Rd 21,21,2,150,2023-07-21,New Zealand Warriors,Canberra Raiders,21,20,Go Media,https://www.rugbyleagueproject.org/matches/54525
2023|Rd 21|South Sydney Rabbitohs|Brisbane Broncos,2023,Rd 21,21,3,151,2023-07-21,South Sydney Rabbitohs,Brisbane Broncos,20,36,Sunshine Coast,https://www.rugbyleagueproject.org/matches/54526
2023|Rd 21|Gold Coast Titans|Sydney Roosters,2023,Rd 21,21,4,152,2023-07-22,Gold Coast Titans,Sydney Roosters,18,36,Cbus Super,https://www.rugbyleagueproject.org/matches/54527
2023|Rd 21|NQ Cowboys|Parramatta Eels,2023,Rd 21,21,5,153,2023-07-22,NQ Cowboys,Parramatta Eels,24,16,QLD C. Bank,https://www.rugbyleagueproject.org/matches/54529
2023|Rd 21|Newcastle Knights|Melbourne Storm,2023,Rd 21,21,6,154,2023-07-22,Newcastle Knights,Melbourne Storm,26,18,McD. Jones,https://www.rugbyleagueproject.org/matches/54528
2023|Rd 21|Cronulla Sharks|Manly Sea Eagles,2023,Rd 21,21,7,155,2023-07-23,Cronulla Sharks,Manly Sea Eagles,26,30,Pointsbet,https://www.rugbyleagueproject.org/matches/54531
2023|Rd 21|Penrith Panthers|Canterbury Bulldogs,2023,Rd 21,21,8,156,2023-07-23,Penrith Panthers,Canterbury Bulldogs,44,18,BlueBet,https://www.rugbyleagueproject.org/matches/54530
2023|Rd 22|Brisbane Broncos|Sydney Roosters,2023,Rd 22,22,1,157,2023-07-27,Brisbane Broncos,Sydney Roosters,32,10,The Gabba,https://www.rugbyleagueproject.org/matches/54532
2023|Rd 22|Melbourne Storm|Parramatta Eels,2023,Rd 22,22,2,158,2023-07-28,Melbourne Storm,Parramatta Eels,46,16,Marvel Stadium,https://www.rugbyleagueproject.org/matches/54534
2023|Rd 22|Wests Tigers|South Sydney Rabbitohs,2023,Rd 22,22,3,159,2023-07-28,Wests Tigers,South Sydney Rabbitohs,18,32,Scully,https://www.rugbyleagueproject.org/matches/54533
2023|Rd 22|Canberra Raiders|Newcastle Knights,2023,Rd 22,22,4,160,2023-07-29,Canberra Raiders,Newcastle Knights,6,28,GIO,https://www.rugbyleagueproject.org/matches/54535
2023|Rd 22|Penrith Panthers|Cronulla Sharks,2023,Rd 22,22,5,161,2023-07-29,Penrith Panthers,Cronulla Sharks,28,0,BlueBet,https://www.rugbyleagueproject.org/matches/54537
2023|Rd 22|St. George Illawarra Dragons|Manly Sea Eagles,2023,Rd 22,22,6,162,2023-07-29,St. George Illawarra Dragons,Manly Sea Eagles,18,24,WIN,https://www.rugbyleagueproject.org/matches/54536
2023|Rd 22|Canterbury Bulldogs|Dolphins,2023,Rd 22,22,7,163,2023-07-30,Canterbury Bulldogs,Dolphins,23,22,Salter,https://www.rugbyleagueproject.org/matches/54538
2023|Rd 22|Gold Coast Titans|NQ Cowboys,2023,Rd 22,22,8,164,2023-07-30,Gold Coast Titans,NQ Cowboys,22,13,Cbus Super,https://www.rugbyleagueproject.org/matches/54539
2023|Rd 23|Sydney Roosters|Manly Sea Eagles,2023,Rd 23,23,1,165,2023-08-03,Sydney Roosters,Manly Sea Eagles,26,16,SCG,https://www.rugbyleagueproject.org/matches/54540
2023|Rd 23|Gold Coast Titans|New Zealand Warriors,2023,Rd 23,23,2,166,2023-08-04,Gold Coast Titans,New Zealand Warriors,18,28,Cbus Super,https://www.rugbyleagueproject.org/matches/54541
2023|Rd 23|Penrith Panthers|Melbourne Storm,2023,Rd 23,23,3,167,2023-08-04,Penrith Panthers,Melbourne Storm,26,6,BlueBet,https://www.rugbyleagueproject.org/matches/54542
2023|Rd 23|Dolphins|Newcastle Knights,2023,Rd 23,23,4,168,2023-08-05,Dolphins,Newcastle Knights,28,30,Optus Stadium,https://www.rugbyleagueproject.org/matches/54544
2023|Rd 23|NQ Cowboys|Brisbane Broncos,2023,Rd 23,23,5,169,2023-08-05,NQ Cowboys,Brisbane Broncos,14,30,QLD C. Bank,https://www.rugbyleagueproject.org/matches/54543
2023|Rd 23|South Sydney Rabbitohs|Cronulla Sharks,2023,Rd 23,23,6,170,2023-08-05,South Sydney Rabbitohs,Cronulla Sharks,16,26,Optus Stadium,https://www.rugbyleagueproject.org/matches/54545
2023|Rd 23|Canberra Raiders|Wests Tigers,2023,Rd 23,23,7,171,2023-08-06,Canberra Raiders,Wests Tigers,22,18,GIO,https://www.rugbyleagueproject.org/matches/54547
2023|Rd 23|Parramatta Eels|St. George Illawarra Dragons,2023,Rd 23,23,8,172,2023-08-06,Parramatta Eels,St. George Illawarra Dragons,26,20,CommBank,https://www.rugbyleagueproject.org/matches/54546
2023|Rd 24|Manly Sea Eagles|Penrith Panthers,2023,Rd 24,24,1,173,2023-08-10,Manly Sea Eagles,Penrith Panthers,12,24,4 Pines,https://www.rugbyleagueproject.org/matches/54548
2023|Rd 24|Brisbane Broncos|Parramatta Eels,2023,Rd 24,24,2,174,2023-08-11,Brisbane Broncos,Parramatta Eels,54,10,The Gabba,https://www.rugbyleagueproject.org/matches/54550
2023|Rd 24|Cronulla Sharks|Gold Coast Titans,2023,Rd 24,24,3,175,2023-08-11,Cronulla Sharks,Gold Coast Titans,36,6,Pointsbet,https://www.rugbyleagueproject.org/matches/54549
2023|Rd 24|South Sydney Rabbitohs|St. George Illawarra Dragons,2023,Rd 24,24,4,176,2023-08-12,South Sydney Rabbitohs,St. George Illawarra Dragons,26,14,Barlow Park,https://www.rugbyleagueproject.org/matches/54551
2023|Rd 24|Sydney Roosters|Dolphins,2023,Rd 24,24,5,177,2023-08-12,Sydney Roosters,Dolphins,30,14,Allianz,https://www.rugbyleagueproject.org/matches/54553
2023|Rd 24|Wests Tigers|New Zealand Warriors,2023,Rd 24,24,6,178,2023-08-12,Wests Tigers,New Zealand Warriors,22,30,FMG Stadium,https://www.rugbyleagueproject.org/matches/54552
2023|Rd 24|Melbourne Storm|Canberra Raiders,2023,Rd 24,24,7,179,2023-08-13,Melbourne Storm,Canberra Raiders,48,2,AAMI,https://www.rugbyleagueproject.org/matches/54554
2023|Rd 24|Newcastle Knights|Canterbury Bulldogs,2023,Rd 24,24,8,180,2023-08-13,Newcastle Knights,Canterbury Bulldogs,42,6,McD. Jones,https://www.rugbyleagueproject.org/matches/54555
2023|Rd 25|NQ Cowboys|Cronulla Sharks,2023,Rd 25,25,1,181,2023-08-17,NQ Cowboys,Cronulla Sharks,12,32,QLD C. Bank,https://www.rugbyleagueproject.org/matches/54556
2023|Rd 25|New Zealand Warriors|Manly Sea Eagles,2023,Rd 25,25,2,182,2023-08-18,New Zealand Warriors,Manly Sea Eagles,29,22,Daniel Anderson,https://www.rugbyleagueproject.org/matches/54557
2023|Rd 25|Parramatta Eels|Sydney Roosters,2023,Rd 25,25,3,183,2023-08-18,Parramatta Eels,Sydney Roosters,12,34,CommBank,https://www.rugbyleagueproject.org/matches/54558
2023|Rd 25|Gold Coast Titans|Penrith Panthers,2023,Rd 25,25,4,184,2023-08-19,Gold Coast Titans,Penrith Panthers,14,40,Cbus Super,https://www.rugbyleagueproject.org/matches/54560
2023|Rd 25|St. George Illawarra Dragons|Melbourne Storm,2023,Rd 25,25,5,185,2023-08-19,St. George Illawarra Dragons,Melbourne Storm,28,38,WIN,https://www.rugbyleagueproject.org/matches/54561
2023|Rd 25|Wests Tigers|Dolphins,2023,Rd 25,25,6,186,2023-08-19,Wests Tigers,Dolphins,24,23,CommBank,https://www.rugbyleagueproject.org/matches/54559
2023|Rd 25|Canberra Raiders|Canterbury Bulldogs,2023,Rd 25,25,7,187,2023-08-20,Canberra Raiders,Canterbury Bulldogs,36,24,GIO,https://www.rugbyleagueproject.org/matches/54563
2023|Rd 25|Newcastle Knights|South Sydney Rabbitohs,2023,Rd 25,25,8,188,2023-08-20,Newcastle Knights,South Sydney Rabbitohs,29,10,McD. Jones,https://www.rugbyleagueproject.org/matches/54562
2023|Rd 26|Penrith Panthers|Parramatta Eels,2023,Rd 26,26,1,189,2023-08-24,Penrith Panthers,Parramatta Eels,18,32,BlueBet,https://www.rugbyleagueproject.org/matches/54564
2023|Rd 26|Dolphins|NQ Cowboys,2023,Rd 26,26,2,190,2023-08-25,Dolphins,NQ Cowboys,10,34,Suncorp,https://www.rugbyleagueproject.org/matches/54566
2023|Rd 26|New Zealand Warriors|St. George Illawarra Dragons,2023,Rd 26,26,3,191,2023-08-25,New Zealand Warriors,St. George Illawarra Dragons,18,6,Go Media,https://www.rugbyleagueproject.org/matches/54565
2023|Rd 26|Canberra Raiders|Brisbane Broncos,2023,Rd 26,26,4,192,2023-08-26,Canberra Raiders,Brisbane Broncos,18,29,GIO,https://www.rugbyleagueproject.org/matches/54569
2023|Rd 26|Melbourne Storm|Gold Coast Titans,2023,Rd 26,26,5,193,2023-08-26,Melbourne Storm,Gold Coast Titans,37,16,AAMI,https://www.rugbyleagueproject.org/matches/54567
2023|Rd 26|Sydney Roosters|Wests Tigers,2023,Rd 26,26,6,194,2023-08-26,Sydney Roosters,Wests Tigers,32,8,Allianz,https://www.rugbyleagueproject.org/matches/54568
2023|Rd 26|Canterbury Bulldogs|Manly Sea Eagles,2023,Rd 26,26,7,195,2023-08-27,Canterbury Bulldogs,Manly Sea Eagles,24,42,Accor,https://www.rugbyleagueproject.org/matches/54570
2023|Rd 26|Newcastle Knights|Cronulla Sharks,2023,Rd 26,26,8,196,2023-08-27,Newcastle Knights,Cronulla Sharks,32,6,McD. Jones,https://www.rugbyleagueproject.org/matches/54571
2023|Rd 27|Brisbane Broncos|Melbourne Storm,2023,Rd 27,27,1,197,2023-08-31,Brisbane Broncos,Melbourne Storm,22,32,Suncorp,https://www.rugbyleagueproject.org/matches/54572
2023|Rd 27|Manly Sea Eagles|Wests Tigers,2023,Rd 27,27,2,198,2023-09-01,Manly Sea Eagles,Wests Tigers,54,12,4 Pines,https://www.rugbyleagueproject.org/matches/54573
2023|Rd 27|South Sydney Rabbitohs|Sydney Roosters,2023,Rd 27,27,3,199,2023-09-01,South Sydney Rabbitohs,Sydney Roosters,12,26,Accor,https://www.rugbyleagueproject.org/matches/54574
2023|Rd 27|Dolphins|New Zealand Warriors,2023,Rd 27,27,4,200,2023-09-02,Dolphins,New Zealand Warriors,34,10,Suncorp,https://www.rugbyleagueproject.org/matches/54575
2023|Rd 27|Penrith Panthers|NQ Cowboys,2023,Rd 27,27,5,201,2023-09-02,Penrith Panthers,NQ Cowboys,44,12,BlueBet,https://www.rugbyleagueproject.org/matches/54576
2023|Rd 27|St. George Illawarra Dragons|Newcastle Knights,2023,Rd 27,27,6,202,2023-09-02,St. George Illawarra Dragons,Newcastle Knights,12,32,Netstrata,https://www.rugbyleagueproject.org/matches/54577
2023|Rd 27|Cronulla Sharks|Canberra Raiders,2023,Rd 27,27,7,203,2023-09-03,Cronulla Sharks,Canberra Raiders,24,6,Pointsbet,https://www.rugbyleagueproject.org/matches/54579
2023|Rd 27|Gold Coast Titans|Canterbury Bulldogs,2023,Rd 27,27,8,204,2023-09-03,Gold Coast Titans,Canterbury Bulldogs,34,30,Cbus Super,https://www.rugbyleagueproject.org/matches/54578
2023|Qualif Final|Brisbane Broncos|Melbourne Storm,2023,Qualif Final,28,1,205,2023-09-08,Brisbane Broncos,Melbourne Storm,26,0,Suncorp,https://www.rugbyleagueproject.org/matches/58411
2023|Elim Qualif|Cronulla Sharks|Sydney Roosters,2023,Elim Qualif,29,1,206,2023-09-09,Cronulla Sharks,Sydney Roosters,12,13,Pointsbet,https://www.rugbyleagueproject.org/matches/58413
2023|Qualif Final|Penrith Panthers|New Zealand Warriors,2023,Qualif Final,30,1,207,2023-09-09,Penrith Panthers,New Zealand Warriors,32,6,BlueBet,https://www.rugbyleagueproject.org/matches/58412
2023|Elim Qualif|Newcastle Knights|Canberra Raiders,2023,Elim Qualif,31,1,208,2023-09-10,Newcastle Knights,Canberra Raiders,30,28,McD. Jones,https://www.rugbyleagueproject.org/matches/58414
2023|Semi Final|Melbourne Storm|Sydney Roosters,2023,Semi Final,32,1,209,2023-09-15,Melbourne Storm,Sydney Roosters,18,13,AAMI,https://www.rugbyleagueproject.org/matches/58454
2023|Semi Final|New Zealand Warriors|Newcastle Knights,2023,Semi Final,32,2,210,2023-09-16,New Zealand Warriors,Newcastle Knights,40,10,Go Media,https://www.rugbyleagueproject.org/matches/58455
2023|Prelim Final|Penrith Panthers|Melbourne Storm,2023,Prelim Final,33,1,211,2023-09-22,Penrith Panthers,Melbourne Storm,38,4,Accor,https://www.rugbyleagueproject.org/matches/58456
2023|Prelim Final|Brisbane Broncos|New Zealand Warriors,2023,Prelim Final,33,2,212,2023-09-23,Brisbane Broncos,New Zealand Warriors,42,12,Suncorp,https://www.rugbyleagueproject.org/matches/58457
2023|Grand Final|Penrith Panthers|Brisbane Broncos,2023,Grand Final,34,1,213,2023-10-01,Penrith Panthers,Brisbane Broncos,26,24,Accor,https://www.rugbyleagueproject.org/matches/58463
2024|Rd 1|Manly Sea Eagles|South Sydney Rabbitohs,2024,Rd 1,1,1,1,2024-03-02,Manly Sea Eagles,South Sydney Rabbitohs,36,24,Allegiant,https://www.rugbyleagueproject.org/matches/62004
2024|Rd 1|Sydney Roosters|Brisbane Broncos,2024,Rd 1,1,2,2,2024-03-02,Sydney Roosters,Brisbane Broncos,20,10,Allegiant,https://www.rugbyleagueproject.org/matches/62005
2024|Rd 1|Newcastle Knights|Canberra Raiders,2024,Rd 1,1,3,3,2024-03-07,Newcastle Knights,Canberra Raiders,12,28,McD. Jones,https://www.rugbyleagueproject.org/matches/62006
2024|Rd 1|Melbourne Storm|Penrith Panthers,2024,Rd 1,1,4,4,2024-03-08,Melbourne Storm,Penrith Panthers,8,0,AAMI,https://www.rugbyleagueproject.org/matches/62008
2024|Rd 1|New Zealand Warriors|Cronulla Sharks,2024,Rd 1,1,5,5,2024-03-08,New Zealand Warriors,Cronulla Sharks,12,16,Go Media,https://www.rugbyleagueproject.org/matches/62007
2024|Rd 1|Gold Coast Titans|St. George Illawarra Dragons,2024,Rd 1,1,6,6,2024-03-09,Gold Coast Titans,St. George Illawarra Dragons,4,28,Cbus Super,https://www.rugbyleagueproject.org/matches/62010
2024|Rd 1|Parramatta Eels|Canterbury Bulldogs,2024,Rd 1,1,7,7,2024-03-09,Parramatta Eels,Canterbury Bulldogs,26,8,CommBank,https://www.rugbyleagueproject.org/matches/62009
2024|Rd 1|Dolphins|NQ Cowboys,2024,Rd 1,1,8,8,2024-03-10,Dolphins,NQ Cowboys,18,43,Suncorp,https://www.rugbyleagueproject.org/matches/62011
2024|Rd 2|Brisbane Broncos|South Sydney Rabbitohs,2024,Rd 2,2,1,9,2024-03-14,Brisbane Broncos,South Sydney Rabbitohs,28,18,Suncorp,https://www.rugbyleagueproject.org/matches/62012
2024|Rd 2|Cronulla Sharks|Canterbury Bulldogs,2024,Rd 2,2,2,10,2024-03-15,Cronulla Sharks,Canterbury Bulldogs,25,6,Sharks,https://www.rugbyleagueproject.org/matches/62013
2024|Rd 2|Penrith Panthers|Parramatta Eels,2024,Rd 2,2,3,11,2024-03-15,Penrith Panthers,Parramatta Eels,26,18,BlueBet,https://www.rugbyleagueproject.org/matches/62014
2024|Rd 2|Canberra Raiders|Wests Tigers,2024,Rd 2,2,4,12,2024-03-16,Canberra Raiders,Wests Tigers,32,12,GIO,https://www.rugbyleagueproject.org/matches/62015
2024|Rd 2|Melbourne Storm|New Zealand Warriors,2024,Rd 2,2,5,13,2024-03-16,Melbourne Storm,New Zealand Warriors,30,26,AAMI,https://www.rugbyleagueproject.org/matches/62017
2024|Rd 2|NQ Cowboys|Newcastle Knights,2024,Rd 2,2,6,14,2024-03-16,NQ Cowboys,Newcastle Knights,21,20,QLD C. Bank,https://www.rugbyleagueproject.org/matches/62016
2024|Rd 2|Dolphins|St. George Illawarra Dragons,2024,Rd 2,2,7,15,2024-03-17,Dolphins,St. George Illawarra Dragons,38,0,Kayo,https://www.rugbyleagueproject.org/matches/62019
2024|Rd 2|Manly Sea Eagles|Sydney Roosters,2024,Rd 2,2,8,16,2024-03-17,Manly Sea Eagles,Sydney Roosters,21,14,4 Pines,https://www.rugbyleagueproject.org/matches/62018
2024|Rd 3|Penrith Panthers|Brisbane Broncos,2024,Rd 3,3,1,17,2024-03-21,Penrith Panthers,Brisbane Broncos,34,12,BlueBet,https://www.rugbyleagueproject.org/matches/62020
2024|Rd 3|New Zealand Warriors|Canberra Raiders,2024,Rd 3,3,2,18,2024-03-22,New Zealand Warriors,Canberra Raiders,18,10,Apollo,https://www.rugbyleagueproject.org/matches/62021
2024|Rd 3|Sydney Roosters|South Sydney Rabbitohs,2024,Rd 3,3,3,19,2024-03-22,Sydney Roosters,South Sydney Rabbitohs,48,6,Allianz,https://www.rugbyleagueproject.org/matches/62022
2024|Rd 3|Canterbury Bulldogs|Gold Coast Titans,2024,Rd 3,3,4,20,2024-03-23,Canterbury Bulldogs,Gold Coast Titans,32,0,Belmore,https://www.rugbyleagueproject.org/matches/62023
2024|Rd 3|St. George Illawarra Dragons|NQ Cowboys,2024,Rd 3,3,5,21,2024-03-23,St. George Illawarra Dragons,NQ Cowboys,24,46,Netstrata,https://www.rugbyleagueproject.org/matches/62024
2024|Rd 3|Wests Tigers|Cronulla Sharks,2024,Rd 3,3,6,22,2024-03-23,Wests Tigers,Cronulla Sharks,32,6,Leichhardt,https://www.rugbyleagueproject.org/matches/62025
2024|Rd 3|Newcastle Knights|Melbourne Storm,2024,Rd 3,3,7,23,2024-03-24,Newcastle Knights,Melbourne Storm,14,12,McD. Jones,https://www.rugbyleagueproject.org/matches/62027
2024|Rd 3|Parramatta Eels|Manly Sea Eagles,2024,Rd 3,3,8,24,2024-03-24,Parramatta Eels,Manly Sea Eagles,28,24,CommBank,https://www.rugbyleagueproject.org/matches/62026
2024|Rd 4|Sydney Roosters|Penrith Panthers,2024,Rd 4,4,1,25,2024-03-28,Sydney Roosters,Penrith Panthers,16,22,Allianz,https://www.rugbyleagueproject.org/matches/62028
2024|Rd 4|Brisbane Broncos|NQ Cowboys,2024,Rd 4,4,2,26,2024-03-29,Brisbane Broncos,NQ Cowboys,38,12,Suncorp,https://www.rugbyleagueproject.org/matches/62030
2024|Rd 4|South Sydney Rabbitohs|Canterbury Bulldogs,2024,Rd 4,4,3,27,2024-03-29,South Sydney Rabbitohs,Canterbury Bulldogs,20,16,Accor,https://www.rugbyleagueproject.org/matches/62029
2024|Rd 4|Gold Coast Titans|Dolphins,2024,Rd 4,4,4,28,2024-03-30,Gold Coast Titans,Dolphins,14,30,Cbus Super,https://www.rugbyleagueproject.org/matches/62032
2024|Rd 4|St. George Illawarra Dragons|Manly Sea Eagles,2024,Rd 4,4,5,29,2024-03-30,St. George Illawarra Dragons,Manly Sea Eagles,20,12,WIN,https://www.rugbyleagueproject.org/matches/62031
2024|Rd 4|Cronulla Sharks|Canberra Raiders,2024,Rd 4,4,6,30,2024-03-31,Cronulla Sharks,Canberra Raiders,36,22,Sharks,https://www.rugbyleagueproject.org/matches/62034
2024|Rd 4|New Zealand Warriors|Newcastle Knights,2024,Rd 4,4,7,31,2024-03-31,New Zealand Warriors,Newcastle Knights,20,12,Go Media,https://www.rugbyleagueproject.org/matches/62033
2024|Rd 4|Parramatta Eels|Wests Tigers,2024,Rd 4,4,8,32,2024-04-01,Parramatta Eels,Wests Tigers,16,17,CommBank,https://www.rugbyleagueproject.org/matches/62035
2024|Rd 5|Melbourne Storm|Brisbane Broncos,2024,Rd 5,5,1,33,2024-04-04,Melbourne Storm,Brisbane Broncos,34,32,AAMI,https://www.rugbyleagueproject.org/matches/62036
2024|Rd 5|Canterbury Bulldogs|Sydney Roosters,2024,Rd 5,5,2,34,2024-04-05,Canterbury Bulldogs,Sydney Roosters,30,26,Accor,https://www.rugbyleagueproject.org/matches/62037
2024|Rd 5|Newcastle Knights|St. George Illawarra Dragons,2024,Rd 5,5,3,35,2024-04-05,Newcastle Knights,St. George Illawarra Dragons,30,10,McD. Jones,https://www.rugbyleagueproject.org/matches/62038
2024|Rd 5|Dolphins|Wests Tigers,2024,Rd 5,5,4,36,2024-04-06,Dolphins,Wests Tigers,26,16,Suncorp,https://www.rugbyleagueproject.org/matches/62041
2024|Rd 5|Manly Sea Eagles|Penrith Panthers,2024,Rd 5,5,5,37,2024-04-06,Manly Sea Eagles,Penrith Panthers,32,18,4 Pines,https://www.rugbyleagueproject.org/matches/62040
2024|Rd 5|South Sydney Rabbitohs|New Zealand Warriors,2024,Rd 5,5,6,38,2024-04-06,South Sydney Rabbitohs,New Zealand Warriors,4,34,Accor,https://www.rugbyleagueproject.org/matches/62039
2024|Rd 5|Canberra Raiders|Parramatta Eels,2024,Rd 5,5,7,39,2024-04-07,Canberra Raiders,Parramatta Eels,41,8,GIO,https://www.rugbyleagueproject.org/matches/62043
2024|Rd 5|NQ Cowboys|Gold Coast Titans,2024,Rd 5,5,8,40,2024-04-07,NQ Cowboys,Gold Coast Titans,35,22,QLD C. Bank,https://www.rugbyleagueproject.org/matches/62042
2024|Rd 6|Newcastle Knights|Sydney Roosters,2024,Rd 6,6,1,41,2024-04-11,Newcastle Knights,Sydney Roosters,20,22,McD. Jones,https://www.rugbyleagueproject.org/matches/62044
2024|Rd 6|Brisbane Broncos|Dolphins,2024,Rd 6,6,2,42,2024-04-12,Brisbane Broncos,Dolphins,28,14,Suncorp,https://www.rugbyleagueproject.org/matches/62046
2024|Rd 6|Melbourne Storm|Canterbury Bulldogs,2024,Rd 6,6,3,43,2024-04-12,Melbourne Storm,Canterbury Bulldogs,16,14,AAMI,https://www.rugbyleagueproject.org/matches/62045
2024|Rd 6|New Zealand Warriors|Manly Sea Eagles,2024,Rd 6,6,4,44,2024-04-13,New Zealand Warriors,Manly Sea Eagles,22,22,Go Media,https://www.rugbyleagueproject.org/matches/62047
2024|Rd 6|Parramatta Eels|NQ Cowboys,2024,Rd 6,6,5,45,2024-04-13,Parramatta Eels,NQ Cowboys,27,20,CommBank,https://www.rugbyleagueproject.org/matches/62048
2024|Rd 6|South Sydney Rabbitohs|Cronulla Sharks,2024,Rd 6,6,6,46,2024-04-13,South Sydney Rabbitohs,Cronulla Sharks,22,34,Accor,https://www.rugbyleagueproject.org/matches/62049
2024|Rd 6|Canberra Raiders|Gold Coast Titans,2024,Rd 6,6,7,47,2024-04-14,Canberra Raiders,Gold Coast Titans,21,20,GIO,https://www.rugbyleagueproject.org/matches/62051
2024|Rd 6|Wests Tigers|St. George Illawarra Dragons,2024,Rd 6,6,8,48,2024-04-14,Wests Tigers,St. George Illawarra Dragons,12,24,Campbelltown,https://www.rugbyleagueproject.org/matches/62050
2024|Rd 7|Sydney Roosters|Melbourne Storm,2024,Rd 7,7,1,49,2024-04-18,Sydney Roosters,Melbourne Storm,12,18,Allianz,https://www.rugbyleagueproject.org/matches/62052
2024|Rd 7|Parramatta Eels|Dolphins,2024,Rd 7,7,2,50,2024-04-19,Parramatta Eels,Dolphins,16,44,TIO,https://www.rugbyleagueproject.org/matches/62054
2024|Rd 7|St. George Illawarra Dragons|New Zealand Warriors,2024,Rd 7,7,3,51,2024-04-19,St. George Illawarra Dragons,New Zealand Warriors,30,12,WIN,https://www.rugbyleagueproject.org/matches/62053
2024|Rd 7|Brisbane Broncos|Canberra Raiders,2024,Rd 7,7,4,52,2024-04-20,Brisbane Broncos,Canberra Raiders,34,10,Suncorp,https://www.rugbyleagueproject.org/matches/62057
2024|Rd 7|Gold Coast Titans|Manly Sea Eagles,2024,Rd 7,7,5,53,2024-04-20,Gold Coast Titans,Manly Sea Eagles,30,34,Cbus Super,https://www.rugbyleagueproject.org/matches/62056
2024|Rd 7|Penrith Panthers|Wests Tigers,2024,Rd 7,7,6,54,2024-04-20,Penrith Panthers,Wests Tigers,22,6,Carrington,https://www.rugbyleagueproject.org/matches/62055
2024|Rd 7|Canterbury Bulldogs|Newcastle Knights,2024,Rd 7,7,7,55,2024-04-21,Canterbury Bulldogs,Newcastle Knights,36,12,Accor,https://www.rugbyleagueproject.org/matches/62058
2024|Rd 7|Cronulla Sharks|NQ Cowboys,2024,Rd 7,7,8,56,2024-04-21,Cronulla Sharks,NQ Cowboys,42,6,Sharks,https://www.rugbyleagueproject.org/matches/62059
2024|Rd 8|Melbourne Storm|South Sydney Rabbitohs,2024,Rd 8,8,1,57,2024-04-25,Melbourne Storm,South Sydney Rabbitohs,54,20,AAMI,https://www.rugbyleagueproject.org/matches/62062
2024|Rd 8|New Zealand Warriors|Gold Coast Titans,2024,Rd 8,8,2,58,2024-04-25,New Zealand Warriors,Gold Coast Titans,24,27,Go Media,https://www.rugbyleagueproject.org/matches/62060
2024|Rd 8|St. George Illawarra Dragons|Sydney Roosters,2024,Rd 8,8,3,59,2024-04-25,St. George Illawarra Dragons,Sydney Roosters,18,60,Allianz,https://www.rugbyleagueproject.org/matches/62061
2024|Rd 8|Manly Sea Eagles|Parramatta Eels,2024,Rd 8,8,4,60,2024-04-26,Manly Sea Eagles,Parramatta Eels,32,18,4 Pines,https://www.rugbyleagueproject.org/matches/62063
2024|Rd 8|NQ Cowboys|Penrith Panthers,2024,Rd 8,8,5,61,2024-04-27,NQ Cowboys,Penrith Panthers,20,26,QLD C. Bank,https://www.rugbyleagueproject.org/matches/62065
2024|Rd 8|Wests Tigers|Brisbane Broncos,2024,Rd 8,8,6,62,2024-04-27,Wests Tigers,Brisbane Broncos,10,34,Campbelltown,https://www.rugbyleagueproject.org/matches/62064
2024|Rd 8|Canberra Raiders|Cronulla Sharks,2024,Rd 8,8,7,63,2024-04-28,Canberra Raiders,Cronulla Sharks,0,40,GIO,https://www.rugbyleagueproject.org/matches/62067
2024|Rd 8|Dolphins|Newcastle Knights,2024,Rd 8,8,8,64,2024-04-28,Dolphins,Newcastle Knights,14,18,Suncorp,https://www.rugbyleagueproject.org/matches/62066
2024|Rd 9|South Sydney Rabbitohs|Penrith Panthers,2024,Rd 9,9,1,65,2024-05-02,South Sydney Rabbitohs,Penrith Panthers,12,42,Accor,https://www.rugbyleagueproject.org/matches/62068
2024|Rd 9|Brisbane Broncos|Sydney Roosters,2024,Rd 9,9,2,66,2024-05-03,Brisbane Broncos,Sydney Roosters,18,40,Suncorp,https://www.rugbyleagueproject.org/matches/62070
2024|Rd 9|Manly Sea Eagles|Canberra Raiders,2024,Rd 9,9,3,67,2024-05-03,Manly Sea Eagles,Canberra Raiders,24,26,4 Pines,https://www.rugbyleagueproject.org/matches/62069
2024|Rd 9|Canterbury Bulldogs|Wests Tigers,2024,Rd 9,9,4,68,2024-05-04,Canterbury Bulldogs,Wests Tigers,22,14,Accor,https://www.rugbyleagueproject.org/matches/62071
2024|Rd 9|Gold Coast Titans|Melbourne Storm,2024,Rd 9,9,5,69,2024-05-04,Gold Coast Titans,Melbourne Storm,20,22,Cbus Super,https://www.rugbyleagueproject.org/matches/62072
2024|Rd 9|NQ Cowboys|Dolphins,2024,Rd 9,9,6,70,2024-05-04,NQ Cowboys,Dolphins,26,28,QLD C. Bank,https://www.rugbyleagueproject.org/matches/62073
2024|Rd 9|Cronulla Sharks|St. George Illawarra Dragons,2024,Rd 9,9,7,71,2024-05-05,Cronulla Sharks,St. George Illawarra Dragons,20,10,Sharks,https://www.rugbyleagueproject.org/matches/62075
2024|Rd 9|Newcastle Knights|New Zealand Warriors,2024,Rd 9,9,8,72,2024-05-05,Newcastle Knights,New Zealand Warriors,14,8,McD. Jones,https://www.rugbyleagueproject.org/matches/62074
2024|Rd 10|Dolphins|Manly Sea Eagles,2024,Rd 10,10,1,73,2024-05-09,Dolphins,Manly Sea Eagles,30,24,Suncorp,https://www.rugbyleagueproject.org/matches/62076
2024|Rd 10|Parramatta Eels|Brisbane Broncos,2024,Rd 10,10,2,74,2024-05-10,Parramatta Eels,Brisbane Broncos,14,30,CommBank,https://www.rugbyleagueproject.org/matches/62078
2024|Rd 10|Penrith Panthers|Canterbury Bulldogs,2024,Rd 10,10,3,75,2024-05-10,Penrith Panthers,Canterbury Bulldogs,16,10,BlueBet,https://www.rugbyleagueproject.org/matches/62077
2024|Rd 10|Melbourne Storm|Cronulla Sharks,2024,Rd 10,10,4,76,2024-05-11,Melbourne Storm,Cronulla Sharks,18,25,AAMI,https://www.rugbyleagueproject.org/matches/62081
2024|Rd 10|St. George Illawarra Dragons|South Sydney Rabbitohs,2024,Rd 10,10,5,77,2024-05-11,St. George Illawarra Dragons,South Sydney Rabbitohs,28,14,Netstrata,https://www.rugbyleagueproject.org/matches/62080
2024|Rd 10|Wests Tigers|Newcastle Knights,2024,Rd 10,10,6,78,2024-05-11,Wests Tigers,Newcastle Knights,14,20,Scully,https://www.rugbyleagueproject.org/matches/62079
2024|Rd 10|Gold Coast Titans|NQ Cowboys,2024,Rd 10,10,7,79,2024-05-12,Gold Coast Titans,NQ Cowboys,20,18,Cbus Super,https://www.rugbyleagueproject.org/matches/62083
2024|Rd 10|Sydney Roosters|New Zealand Warriors,2024,Rd 10,10,8,80,2024-05-12,Sydney Roosters,New Zealand Warriors,38,18,Allianz,https://www.rugbyleagueproject.org/matches/62082
2024|Rd 11|Canberra Raiders|Canterbury Bulldogs,2024,Rd 11,11,1,81,2024-05-17,Canberra Raiders,Canterbury Bulldogs,24,20,Suncorp,https://www.rugbyleagueproject.org/matches/62084
2024|Rd 11|Manly Sea Eagles|Brisbane Broncos,2024,Rd 11,11,2,82,2024-05-17,Manly Sea Eagles,Brisbane Broncos,12,13,Suncorp,https://www.rugbyleagueproject.org/matches/62085
2024|Rd 11|Cronulla Sharks|Sydney Roosters,2024,Rd 11,11,3,83,2024-05-18,Cronulla Sharks,Sydney Roosters,38,30,Suncorp,https://www.rugbyleagueproject.org/matches/62087
2024|Rd 11|Gold Coast Titans|Newcastle Knights,2024,Rd 11,11,4,84,2024-05-18,Gold Coast Titans,Newcastle Knights,24,28,Suncorp,https://www.rugbyleagueproject.org/matches/62086
2024|Rd 11|South Sydney Rabbitohs|NQ Cowboys,2024,Rd 11,11,5,85,2024-05-18,South Sydney Rabbitohs,NQ Cowboys,22,28,Suncorp,https://www.rugbyleagueproject.org/matches/62088
2024|Rd 11|Melbourne Storm|Parramatta Eels,2024,Rd 11,11,6,86,2024-05-19,Melbourne Storm,Parramatta Eels,48,16,Suncorp,https://www.rugbyleagueproject.org/matches/62090
2024|Rd 11|New Zealand Warriors|Penrith Panthers,2024,Rd 11,11,7,87,2024-05-19,New Zealand Warriors,Penrith Panthers,22,20,Suncorp,https://www.rugbyleagueproject.org/matches/62089
2024|Rd 11|Wests Tigers|Dolphins,2024,Rd 11,11,8,88,2024-05-19,Wests Tigers,Dolphins,12,24,Suncorp,https://www.rugbyleagueproject.org/matches/62091
2024|Rd 12|Canterbury Bulldogs|St. George Illawarra Dragons,2024,Rd 12,12,1,89,2024-05-23,Canterbury Bulldogs,St. George Illawarra Dragons,44,12,Accor,https://www.rugbyleagueproject.org/matches/62092
2024|Rd 12|Manly Sea Eagles|Melbourne Storm,2024,Rd 12,12,2,90,2024-05-24,Manly Sea Eagles,Melbourne Storm,26,20,4 Pines,https://www.rugbyleagueproject.org/matches/62094
2024|Rd 12|NQ Cowboys|Wests Tigers,2024,Rd 12,12,3,91,2024-05-24,NQ Cowboys,Wests Tigers,42,28,QLD C. Bank,https://www.rugbyleagueproject.org/matches/62093
2024|Rd 12|Canberra Raiders|Sydney Roosters,2024,Rd 12,12,4,92,2024-05-25,Canberra Raiders,Sydney Roosters,16,44,GIO,https://www.rugbyleagueproject.org/matches/62095
2024|Rd 12|Cronulla Sharks|Penrith Panthers,2024,Rd 12,12,5,93,2024-05-25,Cronulla Sharks,Penrith Panthers,0,42,Sharks,https://www.rugbyleagueproject.org/matches/62096
2024|Rd 12|South Sydney Rabbitohs|Parramatta Eels,2024,Rd 12,12,6,94,2024-05-25,South Sydney Rabbitohs,Parramatta Eels,42,26,Accor,https://www.rugbyleagueproject.org/matches/62097
2024|Rd 12|Brisbane Broncos|Gold Coast Titans,2024,Rd 12,12,7,95,2024-05-26,Brisbane Broncos,Gold Coast Titans,34,36,Suncorp,https://www.rugbyleagueproject.org/matches/62098
2024|Rd 12|New Zealand Warriors|Dolphins,2024,Rd 12,12,8,96,2024-05-26,New Zealand Warriors,Dolphins,24,20,Go Media,https://www.rugbyleagueproject.org/matches/62099
2024|Rd 13|Parramatta Eels|Cronulla Sharks,2024,Rd 13,13,1,97,2024-05-30,Parramatta Eels,Cronulla Sharks,34,22,CommBank,https://www.rugbyleagueproject.org/matches/62100
2024|Rd 13|Newcastle Knights|Canterbury Bulldogs,2024,Rd 13,13,2,98,2024-05-31,Newcastle Knights,Canterbury Bulldogs,2,32,McD. Jones,https://www.rugbyleagueproject.org/matches/62101
2024|Rd 13|Dolphins|Canberra Raiders,2024,Rd 13,13,3,99,2024-06-01,Dolphins,Canberra Raiders,25,26,Kayo,https://www.rugbyleagueproject.org/matches/62103
2024|Rd 13|Penrith Panthers|St. George Illawarra Dragons,2024,Rd 13,13,4,100,2024-06-01,Penrith Panthers,St. George Illawarra Dragons,10,22,BlueBet,https://www.rugbyleagueproject.org/matches/62102
2024|Rd 13|Sydney Roosters|NQ Cowboys,2024,Rd 13,13,5,101,2024-06-02,Sydney Roosters,NQ Cowboys,16,18,Allianz,https://www.rugbyleagueproject.org/matches/62104
2024|Rd 14|St. George Illawarra Dragons|Wests Tigers,2024,Rd 14,14,1,102,2024-06-07,St. George Illawarra Dragons,Wests Tigers,56,14,WIN,https://www.rugbyleagueproject.org/matches/62105
2024|Rd 14|Brisbane Broncos|Cronulla Sharks,2024,Rd 14,14,2,103,2024-06-08,Brisbane Broncos,Cronulla Sharks,12,22,Suncorp,https://www.rugbyleagueproject.org/matches/62108
2024|Rd 14|Gold Coast Titans|South Sydney Rabbitohs,2024,Rd 14,14,3,104,2024-06-08,Gold Coast Titans,South Sydney Rabbitohs,12,46,Cbus Super,https://www.rugbyleagueproject.org/matches/62106
2024|Rd 14|NQ Cowboys|New Zealand Warriors,2024,Rd 14,14,4,105,2024-06-08,NQ Cowboys,New Zealand Warriors,12,42,QLD C. Bank,https://www.rugbyleagueproject.org/matches/62107
2024|Rd 14|Melbourne Storm|Newcastle Knights,2024,Rd 14,14,5,106,2024-06-09,Melbourne Storm,Newcastle Knights,36,28,AAMI,https://www.rugbyleagueproject.org/matches/62109
2024|Rd 14|Penrith Panthers|Manly Sea Eagles,2024,Rd 14,14,6,107,2024-06-09,Penrith Panthers,Manly Sea Eagles,32,22,BlueBet,https://www.rugbyleagueproject.org/matches/62110
2024|Rd 14|Canterbury Bulldogs|Parramatta Eels,2024,Rd 14,14,7,108,2024-06-10,Canterbury Bulldogs,Parramatta Eels,22,18,Accor,https://www.rugbyleagueproject.org/matches/62111
2024|Rd 15|Cronulla Sharks|Dolphins,2024,Rd 15,15,1,109,2024-06-13,Cronulla Sharks,Dolphins,28,30,Sharks,https://www.rugbyleagueproject.org/matches/62112
2024|Rd 15|Canberra Raiders|NQ Cowboys,2024,Rd 15,15,2,110,2024-06-14,Canberra Raiders,NQ Cowboys,16,34,GIO,https://www.rugbyleagueproject.org/matches/62113
2024|Rd 15|South Sydney Rabbitohs|Brisbane Broncos,2024,Rd 15,15,3,111,2024-06-14,South Sydney Rabbitohs,Brisbane Broncos,22,12,Accor,https://www.rugbyleagueproject.org/matches/62114
2024|Rd 15|New Zealand Warriors|Melbourne Storm,2024,Rd 15,15,4,112,2024-06-15,New Zealand Warriors,Melbourne Storm,24,38,Go Media,https://www.rugbyleagueproject.org/matches/62116
2024|Rd 15|Parramatta Eels|Sydney Roosters,2024,Rd 15,15,5,113,2024-06-15,Parramatta Eels,Sydney Roosters,18,28,CommBank,https://www.rugbyleagueproject.org/matches/62117
2024|Rd 15|Wests Tigers|Gold Coast Titans,2024,Rd 15,15,6,114,2024-06-15,Wests Tigers,Gold Coast Titans,18,10,Leichhardt,https://www.rugbyleagueproject.org/matches/62115
2024|Rd 15|Manly Sea Eagles|St. George Illawarra Dragons,2024,Rd 15,15,7,115,2024-06-16,Manly Sea Eagles,St. George Illawarra Dragons,30,14,4 Pines,https://www.rugbyleagueproject.org/matches/62118
2024|Rd 15|Newcastle Knights|Penrith Panthers,2024,Rd 15,15,8,116,2024-06-16,Newcastle Knights,Penrith Panthers,18,26,McD. Jones,https://www.rugbyleagueproject.org/matches/62119
2024|Rd 16|Dolphins|Melbourne Storm,2024,Rd 16,16,1,117,2024-06-21,Dolphins,Melbourne Storm,24,30,Suncorp,https://www.rugbyleagueproject.org/matches/62120
2024|Rd 16|Gold Coast Titans|New Zealand Warriors,2024,Rd 16,16,2,118,2024-06-22,Gold Coast Titans,New Zealand Warriors,66,6,Cbus Super,https://www.rugbyleagueproject.org/matches/62121
2024|Rd 16|South Sydney Rabbitohs|Manly Sea Eagles,2024,Rd 16,16,3,119,2024-06-22,South Sydney Rabbitohs,Manly Sea Eagles,14,0,Accor,https://www.rugbyleagueproject.org/matches/62123
2024|Rd 16|Sydney Roosters|Canterbury Bulldogs,2024,Rd 16,16,4,120,2024-06-22,Sydney Roosters,Canterbury Bulldogs,26,8,Industree,https://www.rugbyleagueproject.org/matches/62122
2024|Rd 16|Wests Tigers|Canberra Raiders,2024,Rd 16,16,5,121,2024-06-23,Wests Tigers,Canberra Raiders,48,24,Campbelltown,https://www.rugbyleagueproject.org/matches/62124
2024|Rd 17|Canterbury Bulldogs|Cronulla Sharks,2024,Rd 17,17,1,122,2024-06-28,Canterbury Bulldogs,Cronulla Sharks,15,14,Accor,https://www.rugbyleagueproject.org/matches/62125
2024|Rd 17|Melbourne Storm|Canberra Raiders,2024,Rd 17,17,2,123,2024-06-29,Melbourne Storm,Canberra Raiders,16,6,AAMI,https://www.rugbyleagueproject.org/matches/62128
2024|Rd 17|New Zealand Warriors|Brisbane Broncos,2024,Rd 17,17,3,124,2024-06-29,New Zealand Warriors,Brisbane Broncos,32,16,Go Media,https://www.rugbyleagueproject.org/matches/62126
2024|Rd 17|Newcastle Knights|Parramatta Eels,2024,Rd 17,17,4,125,2024-06-29,Newcastle Knights,Parramatta Eels,34,26,McD. Jones,https://www.rugbyleagueproject.org/matches/62127
2024|Rd 17|Penrith Panthers|NQ Cowboys,2024,Rd 17,17,5,126,2024-06-30,Penrith Panthers,NQ Cowboys,6,16,BlueBet,https://www.rugbyleagueproject.org/matches/62130
2024|Rd 17|St. George Illawarra Dragons|Dolphins,2024,Rd 17,17,6,127,2024-06-30,St. George Illawarra Dragons,Dolphins,26,6,Netstrata,https://www.rugbyleagueproject.org/matches/62129
2024|Rd 17|Sydney Roosters|Wests Tigers,2024,Rd 17,17,7,128,2024-06-30,Sydney Roosters,Wests Tigers,40,6,Allianz,https://www.rugbyleagueproject.org/matches/62131
2024|Rd 18|Parramatta Eels|South Sydney Rabbitohs,2024,Rd 18,18,1,129,2024-07-04,Parramatta Eels,South Sydney Rabbitohs,16,32,CommBank,https://www.rugbyleagueproject.org/matches/62132
2024|Rd 18|Brisbane Broncos|Penrith Panthers,2024,Rd 18,18,2,130,2024-07-05,Brisbane Broncos,Penrith Panthers,6,14,Suncorp,https://www.rugbyleagueproject.org/matches/62134
2024|Rd 18|Cronulla Sharks|Gold Coast Titans,2024,Rd 18,18,3,131,2024-07-05,Cronulla Sharks,Gold Coast Titans,16,20,C.ex Coffs,https://www.rugbyleagueproject.org/matches/62133
2024|Rd 18|Canterbury Bulldogs|New Zealand Warriors,2024,Rd 18,18,4,132,2024-07-06,Canterbury Bulldogs,New Zealand Warriors,13,12,Accor,https://www.rugbyleagueproject.org/matches/62135
2024|Rd 18|NQ Cowboys|Manly Sea Eagles,2024,Rd 18,18,5,133,2024-07-06,NQ Cowboys,Manly Sea Eagles,20,21,QLD C. Bank,https://www.rugbyleagueproject.org/matches/62137
2024|Rd 18|Wests Tigers|Melbourne Storm,2024,Rd 18,18,6,134,2024-07-06,Wests Tigers,Melbourne Storm,28,40,Leichhardt,https://www.rugbyleagueproject.org/matches/62136
2024|Rd 18|Canberra Raiders|Newcastle Knights,2024,Rd 18,18,7,135,2024-07-07,Canberra Raiders,Newcastle Knights,12,16,GIO,https://www.rugbyleagueproject.org/matches/62139
2024|Rd 18|Sydney Roosters|St. George Illawarra Dragons,2024,Rd 18,18,8,136,2024-07-07,Sydney Roosters,St. George Illawarra Dragons,42,12,Allianz,https://www.rugbyleagueproject.org/matches/62138
2024|Rd 19|Dolphins|South Sydney Rabbitohs,2024,Rd 19,19,1,137,2024-07-11,Dolphins,South Sydney Rabbitohs,36,28,Kayo,https://www.rugbyleagueproject.org/matches/62140
2024|Rd 19|Cronulla Sharks|Wests Tigers,2024,Rd 19,19,2,138,2024-07-12,Cronulla Sharks,Wests Tigers,58,6,Sharks,https://www.rugbyleagueproject.org/matches/62141
2024|Rd 19|Brisbane Broncos|St. George Illawarra Dragons,2024,Rd 19,19,3,139,2024-07-13,Brisbane Broncos,St. George Illawarra Dragons,26,30,Suncorp,https://www.rugbyleagueproject.org/matches/62143
2024|Rd 19|Gold Coast Titans|Parramatta Eels,2024,Rd 19,19,4,140,2024-07-13,Gold Coast Titans,Parramatta Eels,24,16,Cbus Super,https://www.rugbyleagueproject.org/matches/62142
2024|Rd 19|Manly Sea Eagles|Newcastle Knights,2024,Rd 19,19,5,141,2024-07-14,Manly Sea Eagles,Newcastle Knights,44,6,4 Pines,https://www.rugbyleagueproject.org/matches/62144
2024|Rd 20|Canberra Raiders|New Zealand Warriors,2024,Rd 20,20,1,142,2024-07-19,Canberra Raiders,New Zealand Warriors,20,18,GIO,https://www.rugbyleagueproject.org/matches/62145
2024|Rd 20|Melbourne Storm|Sydney Roosters,2024,Rd 20,20,2,143,2024-07-20,Melbourne Storm,Sydney Roosters,24,8,AAMI,https://www.rugbyleagueproject.org/matches/62148
2024|Rd 20|Newcastle Knights|Brisbane Broncos,2024,Rd 20,20,3,144,2024-07-20,Newcastle Knights,Brisbane Broncos,14,30,McD. Jones,https://www.rugbyleagueproject.org/matches/62147
2024|Rd 20|South Sydney Rabbitohs|Wests Tigers,2024,Rd 20,20,4,145,2024-07-20,South Sydney Rabbitohs,Wests Tigers,42,28,Industree,https://www.rugbyleagueproject.org/matches/62146
2024|Rd 20|Manly Sea Eagles|Gold Coast Titans,2024,Rd 20,20,5,146,2024-07-21,Manly Sea Eagles,Gold Coast Titans,38,8,4 Pines,https://www.rugbyleagueproject.org/matches/62150
2024|Rd 20|NQ Cowboys|Canterbury Bulldogs,2024,Rd 20,20,6,147,2024-07-21,NQ Cowboys,Canterbury Bulldogs,20,18,QLD C. Bank,https://www.rugbyleagueproject.org/matches/62151
2024|Rd 20|Penrith Panthers|Dolphins,2024,Rd 20,20,7,148,2024-07-21,Penrith Panthers,Dolphins,28,26,BlueBet,https://www.rugbyleagueproject.org/matches/62149
2024|Rd 21|New Zealand Warriors|Wests Tigers,2024,Rd 21,21,1,149,2024-07-26,New Zealand Warriors,Wests Tigers,28,16,Go Media,https://www.rugbyleagueproject.org/matches/62152
2024|Rd 21|Parramatta Eels|Melbourne Storm,2024,Rd 21,21,2,150,2024-07-26,Parramatta Eels,Melbourne Storm,14,32,CommBank,https://www.rugbyleagueproject.org/matches/62153
2024|Rd 21|Brisbane Broncos|Canterbury Bulldogs,2024,Rd 21,21,3,151,2024-07-27,Brisbane Broncos,Canterbury Bulldogs,16,41,Suncorp,https://www.rugbyleagueproject.org/matches/62154
2024|Rd 21|NQ Cowboys|Cronulla Sharks,2024,Rd 21,21,4,152,2024-07-27,NQ Cowboys,Cronulla Sharks,30,22,QLD C. Bank,https://www.rugbyleagueproject.org/matches/62155
2024|Rd 21|Sydney Roosters|Manly Sea Eagles,2024,Rd 21,21,5,153,2024-07-27,Sydney Roosters,Manly Sea Eagles,34,30,Allianz,https://www.rugbyleagueproject.org/matches/62156
2024|Rd 21|Canberra Raiders|South Sydney Rabbitohs,2024,Rd 21,21,6,154,2024-07-28,Canberra Raiders,South Sydney Rabbitohs,32,12,GIO,https://www.rugbyleagueproject.org/matches/62159
2024|Rd 21|Dolphins|Gold Coast Titans,2024,Rd 21,21,7,155,2024-07-28,Dolphins,Gold Coast Titans,14,21,Suncorp,https://www.rugbyleagueproject.org/matches/62158
2024|Rd 21|St. George Illawarra Dragons|Penrith Panthers,2024,Rd 21,21,8,156,2024-07-28,St. George Illawarra Dragons,Penrith Panthers,10,46,WIN,https://www.rugbyleagueproject.org/matches/62157
2024|Rd 22|Wests Tigers|NQ Cowboys,2024,Rd 22,22,1,157,2024-08-01,Wests Tigers,NQ Cowboys,30,48,Leichhardt,https://www.rugbyleagueproject.org/matches/62160
2024|Rd 22|Dolphins|Sydney Roosters,2024,Rd 22,22,2,158,2024-08-02,Dolphins,Sydney Roosters,34,40,HBF,https://www.rugbyleagueproject.org/matches/62162
2024|Rd 22|New Zealand Warriors|Parramatta Eels,2024,Rd 22,22,3,159,2024-08-02,New Zealand Warriors,Parramatta Eels,20,30,Go Media,https://www.rugbyleagueproject.org/matches/62161
2024|Rd 22|Cronulla Sharks|South Sydney Rabbitohs,2024,Rd 22,22,4,160,2024-08-03,Cronulla Sharks,South Sydney Rabbitohs,20,6,Sharks,https://www.rugbyleagueproject.org/matches/62165
2024|Rd 22|Gold Coast Titans|Brisbane Broncos,2024,Rd 22,22,5,161,2024-08-03,Gold Coast Titans,Brisbane Broncos,46,18,Cbus Super,https://www.rugbyleagueproject.org/matches/62163
2024|Rd 22|Melbourne Storm|St. George Illawarra Dragons,2024,Rd 22,22,6,162,2024-08-03,Melbourne Storm,St. George Illawarra Dragons,16,18,AAMI,https://www.rugbyleagueproject.org/matches/62164
2024|Rd 22|Canterbury Bulldogs|Canberra Raiders,2024,Rd 22,22,7,163,2024-08-04,Canterbury Bulldogs,Canberra Raiders,22,18,Belmore,https://www.rugbyleagueproject.org/matches/62167
2024|Rd 22|Penrith Panthers|Newcastle Knights,2024,Rd 22,22,8,164,2024-08-04,Penrith Panthers,Newcastle Knights,22,14,BlueBet,https://www.rugbyleagueproject.org/matches/62166
2024|Rd 23|South Sydney Rabbitohs|Melbourne Storm,2024,Rd 23,23,1,165,2024-08-08,South Sydney Rabbitohs,Melbourne Storm,16,28,Accor,https://www.rugbyleagueproject.org/matches/62168
2024|Rd 23|Gold Coast Titans|Cronulla Sharks,2024,Rd 23,23,2,166,2024-08-09,Gold Coast Titans,Cronulla Sharks,0,44,Cbus Super,https://www.rugbyleagueproject.org/matches/62169
2024|Rd 23|Parramatta Eels|Penrith Panthers,2024,Rd 23,23,3,167,2024-08-09,Parramatta Eels,Penrith Panthers,34,36,CommBank,https://www.rugbyleagueproject.org/matches/62170
2024|Rd 23|Canberra Raiders|Manly Sea Eagles,2024,Rd 23,23,4,168,2024-08-10,Canberra Raiders,Manly Sea Eagles,24,46,GIO,https://www.rugbyleagueproject.org/matches/62171
2024|Rd 23|NQ Cowboys|Brisbane Broncos,2024,Rd 23,23,5,169,2024-08-10,NQ Cowboys,Brisbane Broncos,18,42,QLD C. Bank,https://www.rugbyleagueproject.org/matches/62172
2024|Rd 23|St. George Illawarra Dragons|Canterbury Bulldogs,2024,Rd 23,23,6,170,2024-08-10,St. George Illawarra Dragons,Canterbury Bulldogs,10,28,Netstrata,https://www.rugbyleagueproject.org/matches/62173
2024|Rd 23|Dolphins|New Zealand Warriors,2024,Rd 23,23,7,171,2024-08-11,Dolphins,New Zealand Warriors,34,32,Suncorp,https://www.rugbyleagueproject.org/matches/62174
2024|Rd 23|Newcastle Knights|Wests Tigers,2024,Rd 23,23,8,172,2024-08-11,Newcastle Knights,Wests Tigers,34,18,McD. Jones,https://www.rugbyleagueproject.org/matches/62175
2024|Rd 24|Penrith Panthers|Melbourne Storm,2024,Rd 24,24,1,173,2024-08-15,Penrith Panthers,Melbourne Storm,22,24,BlueBet,https://www.rugbyleagueproject.org/matches/62176
2024|Rd 24|Manly Sea Eagles|New Zealand Warriors,2024,Rd 24,24,2,174,2024-08-16,Manly Sea Eagles,New Zealand Warriors,24,10,4 Pines,https://www.rugbyleagueproject.org/matches/62177
2024|Rd 24|Sydney Roosters|Parramatta Eels,2024,Rd 24,24,3,175,2024-08-16,Sydney Roosters,Parramatta Eels,38,14,Allianz,https://www.rugbyleagueproject.org/matches/62178
2024|Rd 24|Canterbury Bulldogs|Dolphins,2024,Rd 24,24,4,176,2024-08-17,Canterbury Bulldogs,Dolphins,30,10,Salter,https://www.rugbyleagueproject.org/matches/62179
2024|Rd 24|NQ Cowboys|Canberra Raiders,2024,Rd 24,24,5,177,2024-08-17,NQ Cowboys,Canberra Raiders,42,4,QLD C. Bank,https://www.rugbyleagueproject.org/matches/62180
2024|Rd 24|Wests Tigers|South Sydney Rabbitohs,2024,Rd 24,24,6,178,2024-08-17,Wests Tigers,South Sydney Rabbitohs,18,16,Campbelltown,https://www.rugbyleagueproject.org/matches/62181
2024|Rd 24|Cronulla Sharks|Newcastle Knights,2024,Rd 24,24,7,179,2024-08-18,Cronulla Sharks,Newcastle Knights,19,18,Sharks,https://www.rugbyleagueproject.org/matches/62183
2024|Rd 24|St. George Illawarra Dragons|Gold Coast Titans,2024,Rd 24,24,8,180,2024-08-18,St. George Illawarra Dragons,Gold Coast Titans,32,16,WIN,https://www.rugbyleagueproject.org/matches/62182
2024|Rd 25|Wests Tigers|Manly Sea Eagles,2024,Rd 25,25,1,181,2024-08-22,Wests Tigers,Manly Sea Eagles,34,26,Leichhardt,https://www.rugbyleagueproject.org/matches/62184
2024|Rd 25|Brisbane Broncos|Parramatta Eels,2024,Rd 25,25,2,182,2024-08-23,Brisbane Broncos,Parramatta Eels,30,24,Suncorp,https://www.rugbyleagueproject.org/matches/62186
2024|Rd 25|New Zealand Warriors|Canterbury Bulldogs,2024,Rd 25,25,3,183,2024-08-23,New Zealand Warriors,Canterbury Bulldogs,18,34,Shaun Johnson,https://www.rugbyleagueproject.org/matches/62185
2024|Rd 25|Canberra Raiders|Penrith Panthers,2024,Rd 25,25,4,184,2024-08-24,Canberra Raiders,Penrith Panthers,22,18,GIO,https://www.rugbyleagueproject.org/matches/62187
2024|Rd 25|Melbourne Storm|Dolphins,2024,Rd 25,25,5,185,2024-08-24,Melbourne Storm,Dolphins,48,6,AAMI,https://www.rugbyleagueproject.org/matches/62188
2024|Rd 25|South Sydney Rabbitohs|Newcastle Knights,2024,Rd 25,25,6,186,2024-08-24,South Sydney Rabbitohs,Newcastle Knights,16,36,Accor,https://www.rugbyleagueproject.org/matches/62189
2024|Rd 25|Gold Coast Titans|Sydney Roosters,2024,Rd 25,25,7,187,2024-08-25,Gold Coast Titans,Sydney Roosters,22,48,Cbus Super,https://www.rugbyleagueproject.org/matches/62190
2024|Rd 25|St. George Illawarra Dragons|Cronulla Sharks,2024,Rd 25,25,8,188,2024-08-25,St. George Illawarra Dragons,Cronulla Sharks,10,38,WIN,https://www.rugbyleagueproject.org/matches/62191
2024|Rd 26|NQ Cowboys|Melbourne Storm,2024,Rd 26,26,1,189,2024-08-29,NQ Cowboys,Melbourne Storm,38,30,QLD C. Bank,https://www.rugbyleagueproject.org/matches/62192
2024|Rd 26|Canterbury Bulldogs|Manly Sea Eagles,2024,Rd 26,26,2,190,2024-08-30,Canterbury Bulldogs,Manly Sea Eagles,22,34,Accor,https://www.rugbyleagueproject.org/matches/62193
2024|Rd 26|Penrith Panthers|South Sydney Rabbitohs,2024,Rd 26,26,3,191,2024-08-30,Penrith Panthers,South Sydney Rabbitohs,34,12,BlueBet,https://www.rugbyleagueproject.org/matches/62194
2024|Rd 26|Cronulla Sharks|New Zealand Warriors,2024,Rd 26,26,4,192,2024-08-31,Cronulla Sharks,New Zealand Warriors,28,30,Sharks,https://www.rugbyleagueproject.org/matches/62197
2024|Rd 26|Dolphins|Brisbane Broncos,2024,Rd 26,26,5,193,2024-08-31,Dolphins,Brisbane Broncos,40,6,Suncorp,https://www.rugbyleagueproject.org/matches/62196
2024|Rd 26|Parramatta Eels|St. George Illawarra Dragons,2024,Rd 26,26,6,194,2024-08-31,Parramatta Eels,St. George Illawarra Dragons,44,40,CommBank,https://www.rugbyleagueproject.org/matches/62195
2024|Rd 26|Newcastle Knights|Gold Coast Titans,2024,Rd 26,26,7,195,2024-09-01,Newcastle Knights,Gold Coast Titans,36,14,McD. Jones,https://www.rugbyleagueproject.org/matches/62198
2024|Rd 26|Sydney Roosters|Canberra Raiders,2024,Rd 26,26,8,196,2024-09-01,Sydney Roosters,Canberra Raiders,12,14,Allianz,https://www.rugbyleagueproject.org/matches/62199
2024|Rd 27|Brisbane Broncos|Melbourne Storm,2024,Rd 27,27,1,197,2024-09-05,Brisbane Broncos,Melbourne Storm,12,50,Suncorp,https://www.rugbyleagueproject.org/matches/62200
2024|Rd 27|South Sydney Rabbitohs|Sydney Roosters,2024,Rd 27,27,2,198,2024-09-06,South Sydney Rabbitohs,Sydney Roosters,28,36,Accor,https://www.rugbyleagueproject.org/matches/62202
2024|Rd 27|Wests Tigers|Parramatta Eels,2024,Rd 27,27,3,199,2024-09-06,Wests Tigers,Parramatta Eels,26,60,Campbelltown,https://www.rugbyleagueproject.org/matches/62201
2024|Rd 27|Canterbury Bulldogs|NQ Cowboys,2024,Rd 27,27,4,200,2024-09-07,Canterbury Bulldogs,NQ Cowboys,6,44,Accor,https://www.rugbyleagueproject.org/matches/62204
2024|Rd 27|Penrith Panthers|Gold Coast Titans,2024,Rd 27,27,5,201,2024-09-07,Penrith Panthers,Gold Coast Titans,18,12,BlueBet,https://www.rugbyleagueproject.org/matches/62205
2024|Rd 27|St. George Illawarra Dragons|Canberra Raiders,2024,Rd 27,27,6,202,2024-09-07,St. George Illawarra Dragons,Canberra Raiders,24,26,Netstrata,https://www.rugbyleagueproject.org/matches/62203
2024|Rd 27|Manly Sea Eagles|Cronulla Sharks,2024,Rd 27,27,7,203,2024-09-08,Manly Sea Eagles,Cronulla Sharks,20,40,4 Pines,https://www.rugbyleagueproject.org/matches/62206
2024|Rd 27|Newcastle Knights|Dolphins,2024,Rd 27,27,8,204,2024-09-08,Newcastle Knights,Dolphins,14,6,McD. Jones,https://www.rugbyleagueproject.org/matches/62207
2024|Qualif Final|Penrith Panthers|Sydney Roosters,2024,Qualif Final,28,1,205,2024-09-13,Penrith Panthers,Sydney Roosters,30,10,BlueBet,https://www.rugbyleagueproject.org/matches/103108
2024|Qualif Final|Melbourne Storm|Cronulla Sharks,2024,Qualif Final,28,2,206,2024-09-14,Melbourne Storm,Cronulla Sharks,37,10,AAMI,https://www.rugbyleagueproject.org/matches/103107
2024|Elim Final|NQ Cowboys|Newcastle Knights,2024,Elim Final,29,1,207,2024-09-14,NQ Cowboys,Newcastle Knights,28,16,QLD C. Bank,https://www.rugbyleagueproject.org/matches/103110
2024|Elim Final|Canterbury Bulldogs|Manly Sea Eagles,2024,Elim Final,29,2,208,2024-09-15,Canterbury Bulldogs,Manly Sea Eagles,22,24,Accor,https://www.rugbyleagueproject.org/matches/103109
2024|Semi Final|Cronulla Sharks|NQ Cowboys,2024,Semi Final,30,1,209,2024-09-20,Cronulla Sharks,NQ Cowboys,26,18,Allianz,https://www.rugbyleagueproject.org/matches/103120
2024|Semi Final|Sydney Roosters|Manly Sea Eagles,2024,Semi Final,30,2,210,2024-09-21,Sydney Roosters,Manly Sea Eagles,40,16,Allianz,https://www.rugbyleagueproject.org/matches/103121
2024|Prelim Final|Melbourne Storm|Sydney Roosters,2024,Prelim Final,31,1,211,2024-09-27,Melbourne Storm,Sydney Roosters,48,18,AAMI,https://www.rugbyleagueproject.org/matches/103129
2024|Prelim Final|Penrith Panthers|Cronulla Sharks,2024,Prelim Final,31,2,212,2024-09-28,Penrith Panthers,Cronulla Sharks,26,6,Accor,https://www.rugbyleagueproject.org/matches/103136
2024|Grand Final|Melbourne Storm|Penrith Panthers,2024,Grand Final,32,1,213,2024-10-06,Melbourne Storm,Penrith Panthers,6,14,Accor,https://www.rugbyleagueproject.org/matches/103131
2025|Rd 1|Canberra Raiders|New Zealand Warriors,2025,Rd 1,1,1,1,2025-03-01,Canberra Raiders,New Zealand Warriors,30,8,Allegiant,https://www.rugbyleagueproject.org/matches/103171
2025|Rd 1|Penrith Panthers|Cronulla Sharks,2025,Rd 1,1,2,2,2025-03-01,Penrith Panthers,Cronulla Sharks,28,22,Allegiant,https://www.rugbyleagueproject.org/matches/103172
2025|Rd 1|Sydney Roosters|Brisbane Broncos,2025,Rd 1,1,3,3,2025-03-06,Sydney Roosters,Brisbane Broncos,14,50,Allianz,https://www.rugbyleagueproject.org/matches/109354
2025|Rd 1|South Sydney Rabbitohs|Dolphins,2025,Rd 1,1,4,4,2025-03-07,South Sydney Rabbitohs,Dolphins,16,14,CommBank,https://www.rugbyleagueproject.org/matches/109356
2025|Rd 1|Wests Tigers|Newcastle Knights,2025,Rd 1,1,5,5,2025-03-07,Wests Tigers,Newcastle Knights,8,10,Campbelltown,https://www.rugbyleagueproject.org/matches/109355
2025|Rd 1|Manly Sea Eagles|NQ Cowboys,2025,Rd 1,1,6,6,2025-03-08,Manly Sea Eagles,NQ Cowboys,42,12,4 Pines,https://www.rugbyleagueproject.org/matches/109358
2025|Rd 1|St. George Illawarra Dragons|Canterbury Bulldogs,2025,Rd 1,1,7,7,2025-03-08,St. George Illawarra Dragons,Canterbury Bulldogs,20,28,Netstrata,https://www.rugbyleagueproject.org/matches/109357
2025|Rd 1|Melbourne Storm|Parramatta Eels,2025,Rd 1,1,8,8,2025-03-09,Melbourne Storm,Parramatta Eels,56,18,AAMI,https://www.rugbyleagueproject.org/matches/109359
2025|Rd 2|Newcastle Knights|Dolphins,2025,Rd 2,2,1,9,2025-03-13,Newcastle Knights,Dolphins,26,12,McD. Jones,https://www.rugbyleagueproject.org/matches/113574
2025|Rd 2|New Zealand Warriors|Manly Sea Eagles,2025,Rd 2,2,2,10,2025-03-14,New Zealand Warriors,Manly Sea Eagles,36,16,Go Media,https://www.rugbyleagueproject.org/matches/113575
2025|Rd 2|Penrith Panthers|Sydney Roosters,2025,Rd 2,2,3,11,2025-03-14,Penrith Panthers,Sydney Roosters,32,38,CommBank,https://www.rugbyleagueproject.org/matches/113576
2025|Rd 2|Canberra Raiders|Brisbane Broncos,2025,Rd 2,2,4,12,2025-03-15,Canberra Raiders,Brisbane Broncos,32,22,GIO,https://www.rugbyleagueproject.org/matches/113579
2025|Rd 2|NQ Cowboys|Cronulla Sharks,2025,Rd 2,2,5,13,2025-03-15,NQ Cowboys,Cronulla Sharks,12,36,QLD C. Bank,https://www.rugbyleagueproject.org/matches/113578
2025|Rd 2|St. George Illawarra Dragons|South Sydney Rabbitohs,2025,Rd 2,2,6,14,2025-03-15,St. George Illawarra Dragons,South Sydney Rabbitohs,24,25,WIN,https://www.rugbyleagueproject.org/matches/113577
2025|Rd 2|Canterbury Bulldogs|Gold Coast Titans,2025,Rd 2,2,7,15,2025-03-16,Canterbury Bulldogs,Gold Coast Titans,40,24,Belmore,https://www.rugbyleagueproject.org/matches/113581
2025|Rd 2|Parramatta Eels|Wests Tigers,2025,Rd 2,2,8,16,2025-03-16,Parramatta Eels,Wests Tigers,6,32,CommBank,https://www.rugbyleagueproject.org/matches/113580
2025|Rd 3|Melbourne Storm|Penrith Panthers,2025,Rd 3,3,1,17,2025-03-20,Melbourne Storm,Penrith Panthers,30,24,AAMI,https://www.rugbyleagueproject.org/matches/113594
2025|Rd 3|Brisbane Broncos|NQ Cowboys,2025,Rd 3,3,2,18,2025-03-21,Brisbane Broncos,NQ Cowboys,26,16,Suncorp,https://www.rugbyleagueproject.org/matches/113596
2025|Rd 3|New Zealand Warriors|Sydney Roosters,2025,Rd 3,3,3,19,2025-03-21,New Zealand Warriors,Sydney Roosters,14,6,Go Media,https://www.rugbyleagueproject.org/matches/113595
2025|Rd 3|Cronulla Sharks|South Sydney Rabbitohs,2025,Rd 3,3,4,20,2025-03-22,Cronulla Sharks,South Sydney Rabbitohs,27,12,Sharks,https://www.rugbyleagueproject.org/matches/113597
2025|Rd 3|Dolphins|Wests Tigers,2025,Rd 3,3,5,21,2025-03-22,Dolphins,Wests Tigers,18,30,Kayo,https://www.rugbyleagueproject.org/matches/113598
2025|Rd 3|Gold Coast Titans|Newcastle Knights,2025,Rd 3,3,6,22,2025-03-22,Gold Coast Titans,Newcastle Knights,26,6,Cbus Super,https://www.rugbyleagueproject.org/matches/113599
2025|Rd 3|Manly Sea Eagles|Canberra Raiders,2025,Rd 3,3,7,23,2025-03-23,Manly Sea Eagles,Canberra Raiders,40,12,4 Pines,https://www.rugbyleagueproject.org/matches/113601
2025|Rd 3|Parramatta Eels|Canterbury Bulldogs,2025,Rd 3,3,8,24,2025-03-23,Parramatta Eels,Canterbury Bulldogs,8,16,CommBank,https://www.rugbyleagueproject.org/matches/113600
2025|Rd 4|South Sydney Rabbitohs|Penrith Panthers,2025,Rd 4,4,1,25,2025-03-27,South Sydney Rabbitohs,Penrith Panthers,28,18,Accor,https://www.rugbyleagueproject.org/matches/113626
2025|Rd 4|Dolphins|Brisbane Broncos,2025,Rd 4,4,2,26,2025-03-28,Dolphins,Brisbane Broncos,12,20,Suncorp,https://www.rugbyleagueproject.org/matches/113646
2025|Rd 4|Sydney Roosters|Gold Coast Titans,2025,Rd 4,4,3,27,2025-03-28,Sydney Roosters,Gold Coast Titans,12,30,Allianz,https://www.rugbyleagueproject.org/matches/113627
2025|Rd 4|Cronulla Sharks|Canterbury Bulldogs,2025,Rd 4,4,4,28,2025-03-29,Cronulla Sharks,Canterbury Bulldogs,6,20,Sharks,https://www.rugbyleagueproject.org/matches/113649
2025|Rd 4|NQ Cowboys|Canberra Raiders,2025,Rd 4,4,5,29,2025-03-29,NQ Cowboys,Canberra Raiders,30,20,QLD C. Bank,https://www.rugbyleagueproject.org/matches/113648
2025|Rd 4|St. George Illawarra Dragons|Melbourne Storm,2025,Rd 4,4,6,30,2025-03-29,St. George Illawarra Dragons,Melbourne Storm,14,8,Jubilee,https://www.rugbyleagueproject.org/matches/113647
2025|Rd 4|Manly Sea Eagles|Parramatta Eels,2025,Rd 4,4,7,31,2025-03-30,Manly Sea Eagles,Parramatta Eels,26,12,4 Pines,https://www.rugbyleagueproject.org/matches/113650
2025|Rd 4|Wests Tigers|New Zealand Warriors,2025,Rd 4,4,8,32,2025-03-30,Wests Tigers,New Zealand Warriors,24,26,Campbelltown,https://www.rugbyleagueproject.org/matches/113651
2025|Rd 5|Canberra Raiders|Cronulla Sharks,2025,Rd 5,5,1,33,2025-04-03,Canberra Raiders,Cronulla Sharks,24,20,GIO,https://www.rugbyleagueproject.org/matches/113652
2025|Rd 5|Penrith Panthers|NQ Cowboys,2025,Rd 5,5,2,34,2025-04-04,Penrith Panthers,NQ Cowboys,18,22,CommBank,https://www.rugbyleagueproject.org/matches/113653
2025|Rd 5|South Sydney Rabbitohs|Sydney Roosters,2025,Rd 5,5,3,35,2025-04-04,South Sydney Rabbitohs,Sydney Roosters,20,14,Accor,https://www.rugbyleagueproject.org/matches/113664
2025|Rd 5|Brisbane Broncos|Wests Tigers,2025,Rd 5,5,4,36,2025-04-05,Brisbane Broncos,Wests Tigers,46,24,Suncorp,https://www.rugbyleagueproject.org/matches/113667
2025|Rd 5|Gold Coast Titans|Dolphins,2025,Rd 5,5,5,37,2025-04-05,Gold Coast Titans,Dolphins,10,36,Cbus Super,https://www.rugbyleagueproject.org/matches/113666
2025|Rd 5|Parramatta Eels|St. George Illawarra Dragons,2025,Rd 5,5,6,38,2025-04-05,Parramatta Eels,St. George Illawarra Dragons,23,22,CommBank,https://www.rugbyleagueproject.org/matches/113665
2025|Rd 5|Canterbury Bulldogs|Newcastle Knights,2025,Rd 5,5,7,39,2025-04-06,Canterbury Bulldogs,Newcastle Knights,20,0,Accor,https://www.rugbyleagueproject.org/matches/113669
2025|Rd 5|Manly Sea Eagles|Melbourne Storm,2025,Rd 5,5,8,40,2025-04-06,Manly Sea Eagles,Melbourne Storm,24,48,4 Pines,https://www.rugbyleagueproject.org/matches/113668
2025|Rd 6|Dolphins|Penrith Panthers,2025,Rd 6,6,1,41,2025-04-10,Dolphins,Penrith Panthers,30,12,Suncorp,https://www.rugbyleagueproject.org/matches/113670
2025|Rd 6|Brisbane Broncos|Sydney Roosters,2025,Rd 6,6,2,42,2025-04-11,Brisbane Broncos,Sydney Roosters,16,26,Suncorp,https://www.rugbyleagueproject.org/matches/113672
2025|Rd 6|St. George Illawarra Dragons|Gold Coast Titans,2025,Rd 6,6,3,43,2025-04-11,St. George Illawarra Dragons,Gold Coast Titans,38,16,WIN,https://www.rugbyleagueproject.org/matches/113671
2025|Rd 6|Cronulla Sharks|Manly Sea Eagles,2025,Rd 6,6,4,44,2025-04-12,Cronulla Sharks,Manly Sea Eagles,24,18,Optus Stadium,https://www.rugbyleagueproject.org/matches/113673
2025|Rd 6|Parramatta Eels|Canberra Raiders,2025,Rd 6,6,5,45,2025-04-12,Parramatta Eels,Canberra Raiders,12,50,TIO,https://www.rugbyleagueproject.org/matches/113675
2025|Rd 6|South Sydney Rabbitohs|NQ Cowboys,2025,Rd 6,6,6,46,2025-04-12,South Sydney Rabbitohs,NQ Cowboys,16,24,Optus Stadium,https://www.rugbyleagueproject.org/matches/113674
2025|Rd 6|Melbourne Storm|New Zealand Warriors,2025,Rd 6,6,7,47,2025-04-13,Melbourne Storm,New Zealand Warriors,42,14,AAMI,https://www.rugbyleagueproject.org/matches/113676
2025|Rd 6|Newcastle Knights|Wests Tigers,2025,Rd 6,6,8,48,2025-04-13,Newcastle Knights,Wests Tigers,4,20,McD. Jones,https://www.rugbyleagueproject.org/matches/113677
2025|Rd 7|Manly Sea Eagles|St. George Illawarra Dragons,2025,Rd 7,7,1,49,2025-04-17,Manly Sea Eagles,St. George Illawarra Dragons,18,20,4 Pines,https://www.rugbyleagueproject.org/matches/113678
2025|Rd 7|Canterbury Bulldogs|South Sydney Rabbitohs,2025,Rd 7,7,2,50,2025-04-18,Canterbury Bulldogs,South Sydney Rabbitohs,32,0,Accor,https://www.rugbyleagueproject.org/matches/113679
2025|Rd 7|Dolphins|Melbourne Storm,2025,Rd 7,7,3,51,2025-04-18,Dolphins,Melbourne Storm,42,22,Suncorp,https://www.rugbyleagueproject.org/matches/113680
2025|Rd 7|New Zealand Warriors|Brisbane Broncos,2025,Rd 7,7,4,52,2025-04-19,New Zealand Warriors,Brisbane Broncos,20,18,Go Media,https://www.rugbyleagueproject.org/matches/113681
2025|Rd 7|Sydney Roosters|Penrith Panthers,2025,Rd 7,7,5,53,2025-04-19,Sydney Roosters,Penrith Panthers,12,40,Allianz,https://www.rugbyleagueproject.org/matches/113682
2025|Rd 7|Gold Coast Titans|Canberra Raiders,2025,Rd 7,7,6,54,2025-04-20,Gold Coast Titans,Canberra Raiders,20,30,Cbus Super,https://www.rugbyleagueproject.org/matches/113683
2025|Rd 7|Newcastle Knights|Cronulla Sharks,2025,Rd 7,7,7,55,2025-04-20,Newcastle Knights,Cronulla Sharks,14,34,McD. Jones,https://www.rugbyleagueproject.org/matches/113684
2025|Rd 7|Wests Tigers|Parramatta Eels,2025,Rd 7,7,8,56,2025-04-21,Wests Tigers,Parramatta Eels,22,38,CommBank,https://www.rugbyleagueproject.org/matches/113685
2025|Rd 8|Brisbane Broncos|Canterbury Bulldogs,2025,Rd 8,8,1,57,2025-04-24,Brisbane Broncos,Canterbury Bulldogs,42,18,Suncorp,https://www.rugbyleagueproject.org/matches/113686
2025|Rd 8|Melbourne Storm|South Sydney Rabbitohs,2025,Rd 8,8,2,58,2025-04-25,Melbourne Storm,South Sydney Rabbitohs,24,16,AAMI,https://www.rugbyleagueproject.org/matches/113689
2025|Rd 8|New Zealand Warriors|Newcastle Knights,2025,Rd 8,8,3,59,2025-04-25,New Zealand Warriors,Newcastle Knights,26,12,Apollo,https://www.rugbyleagueproject.org/matches/113688
2025|Rd 8|Sydney Roosters|St. George Illawarra Dragons,2025,Rd 8,8,4,60,2025-04-25,Sydney Roosters,St. George Illawarra Dragons,46,18,Allianz,https://www.rugbyleagueproject.org/matches/113687
2025|Rd 8|NQ Cowboys|Gold Coast Titans,2025,Rd 8,8,5,61,2025-04-26,NQ Cowboys,Gold Coast Titans,50,18,QLD C. Bank,https://www.rugbyleagueproject.org/matches/113690
2025|Rd 8|Penrith Panthers|Manly Sea Eagles,2025,Rd 8,8,6,62,2025-04-26,Penrith Panthers,Manly Sea Eagles,10,26,CommBank,https://www.rugbyleagueproject.org/matches/113691
2025|Rd 8|Canberra Raiders|Dolphins,2025,Rd 8,8,7,63,2025-04-27,Canberra Raiders,Dolphins,40,28,GIO,https://www.rugbyleagueproject.org/matches/113692
2025|Rd 8|Wests Tigers|Cronulla Sharks,2025,Rd 8,8,8,64,2025-04-27,Wests Tigers,Cronulla Sharks,20,18,Leichhardt,https://www.rugbyleagueproject.org/matches/113693
2025|Rd 9|Cronulla Sharks|Parramatta Eels,2025,Rd 9,9,1,65,2025-05-02,Cronulla Sharks,Parramatta Eels,28,18,Suncorp,https://www.rugbyleagueproject.org/matches/113694
2025|Rd 9|Sydney Roosters|Dolphins,2025,Rd 9,9,2,66,2025-05-02,Sydney Roosters,Dolphins,36,26,Suncorp,https://www.rugbyleagueproject.org/matches/113695
2025|Rd 9|New Zealand Warriors|NQ Cowboys,2025,Rd 9,9,3,67,2025-05-03,New Zealand Warriors,NQ Cowboys,30,26,Suncorp,https://www.rugbyleagueproject.org/matches/113697
2025|Rd 9|South Sydney Rabbitohs|Newcastle Knights,2025,Rd 9,9,4,68,2025-05-03,South Sydney Rabbitohs,Newcastle Knights,4,30,Suncorp,https://www.rugbyleagueproject.org/matches/113696
2025|Rd 9|Wests Tigers|St. George Illawarra Dragons,2025,Rd 9,9,5,69,2025-05-03,Wests Tigers,St. George Illawarra Dragons,34,28,Suncorp,https://www.rugbyleagueproject.org/matches/113698
2025|Rd 9|Gold Coast Titans|Canterbury Bulldogs,2025,Rd 9,9,6,70,2025-05-04,Gold Coast Titans,Canterbury Bulldogs,18,38,Suncorp,https://www.rugbyleagueproject.org/matches/113699
2025|Rd 9|Melbourne Storm|Canberra Raiders,2025,Rd 9,9,7,71,2025-05-04,Melbourne Storm,Canberra Raiders,18,20,Suncorp,https://www.rugbyleagueproject.org/matches/113701
2025|Rd 9|Penrith Panthers|Brisbane Broncos,2025,Rd 9,9,8,72,2025-05-04,Penrith Panthers,Brisbane Broncos,32,8,Suncorp,https://www.rugbyleagueproject.org/matches/113700
2025|Rd 10|Parramatta Eels|Dolphins,2025,Rd 10,10,1,73,2025-05-08,Parramatta Eels,Dolphins,16,20,CommBank,https://www.rugbyleagueproject.org/matches/113702
2025|Rd 10|Newcastle Knights|Gold Coast Titans,2025,Rd 10,10,2,74,2025-05-09,Newcastle Knights,Gold Coast Titans,20,24,McD. Jones,https://www.rugbyleagueproject.org/matches/113703
2025|Rd 10|South Sydney Rabbitohs|Brisbane Broncos,2025,Rd 10,10,3,75,2025-05-09,South Sydney Rabbitohs,Brisbane Broncos,22,14,Accor,https://www.rugbyleagueproject.org/matches/113704
2025|Rd 10|Canberra Raiders|Canterbury Bulldogs,2025,Rd 10,10,4,76,2025-05-10,Canberra Raiders,Canterbury Bulldogs,20,32,GIO,https://www.rugbyleagueproject.org/matches/113705
2025|Rd 10|NQ Cowboys|Penrith Panthers,2025,Rd 10,10,5,77,2025-05-10,NQ Cowboys,Penrith Panthers,30,30,QLD C. Bank,https://www.rugbyleagueproject.org/matches/113707
2025|Rd 10|St. George Illawarra Dragons|New Zealand Warriors,2025,Rd 10,10,6,78,2025-05-10,St. George Illawarra Dragons,New Zealand Warriors,14,15,WIN,https://www.rugbyleagueproject.org/matches/113706
2025|Rd 10|Manly Sea Eagles|Cronulla Sharks,2025,Rd 10,10,7,79,2025-05-11,Manly Sea Eagles,Cronulla Sharks,14,30,4 Pines,https://www.rugbyleagueproject.org/matches/113709
2025|Rd 10|Melbourne Storm|Wests Tigers,2025,Rd 10,10,8,80,2025-05-11,Melbourne Storm,Wests Tigers,64,0,AAMI,https://www.rugbyleagueproject.org/matches/113708
2025|Rd 11|Canterbury Bulldogs|Sydney Roosters,2025,Rd 11,11,1,81,2025-05-16,Canterbury Bulldogs,Sydney Roosters,24,20,Accor,https://www.rugbyleagueproject.org/matches/113711
2025|Rd 11|Newcastle Knights|Parramatta Eels,2025,Rd 11,11,2,82,2025-05-16,Newcastle Knights,Parramatta Eels,6,28,McD. Jones,https://www.rugbyleagueproject.org/matches/113710
2025|Rd 11|Cronulla Sharks|Melbourne Storm,2025,Rd 11,11,3,83,2025-05-17,Cronulla Sharks,Melbourne Storm,31,26,Sharks,https://www.rugbyleagueproject.org/matches/113714
2025|Rd 11|Dolphins|New Zealand Warriors,2025,Rd 11,11,4,84,2025-05-17,Dolphins,New Zealand Warriors,12,16,Suncorp,https://www.rugbyleagueproject.org/matches/113712
2025|Rd 11|NQ Cowboys|Manly Sea Eagles,2025,Rd 11,11,5,85,2025-05-17,NQ Cowboys,Manly Sea Eagles,6,24,QLD C. Bank,https://www.rugbyleagueproject.org/matches/113713
2025|Rd 11|Brisbane Broncos|St. George Illawarra Dragons,2025,Rd 11,11,6,86,2025-05-18,Brisbane Broncos,St. George Illawarra Dragons,26,30,Suncorp,https://www.rugbyleagueproject.org/matches/113715
2025|Rd 11|Canberra Raiders|Gold Coast Titans,2025,Rd 11,11,7,87,2025-05-18,Canberra Raiders,Gold Coast Titans,40,24,GIO,https://www.rugbyleagueproject.org/matches/113716
2025|Rd 11|Wests Tigers|South Sydney Rabbitohs,2025,Rd 11,11,8,88,2025-05-18,Wests Tigers,South Sydney Rabbitohs,12,22,Campbelltown,https://www.rugbyleagueproject.org/matches/113717
2025|Rd 12|Canterbury Bulldogs|Dolphins,2025,Rd 12,12,1,89,2025-05-22,Canterbury Bulldogs,Dolphins,8,44,Accor,https://www.rugbyleagueproject.org/matches/113718
2025|Rd 12|Parramatta Eels|Manly Sea Eagles,2025,Rd 12,12,2,90,2025-05-23,Parramatta Eels,Manly Sea Eagles,30,10,CommBank,https://www.rugbyleagueproject.org/matches/113719
2025|Rd 12|Penrith Panthers|Newcastle Knights,2025,Rd 12,12,3,91,2025-05-24,Penrith Panthers,Newcastle Knights,6,25,Carrington,https://www.rugbyleagueproject.org/matches/113720
2025|Rd 12|Sydney Roosters|Cronulla Sharks,2025,Rd 12,12,4,92,2025-05-24,Sydney Roosters,Cronulla Sharks,42,16,Industree,https://www.rugbyleagueproject.org/matches/113721
2025|Rd 12|New Zealand Warriors|Canberra Raiders,2025,Rd 12,12,5,93,2025-05-25,New Zealand Warriors,Canberra Raiders,10,16,Go Media,https://www.rugbyleagueproject.org/matches/113722
2025|Rd 13|St. George Illawarra Dragons|Newcastle Knights,2025,Rd 13,13,1,94,2025-05-30,St. George Illawarra Dragons,Newcastle Knights,20,6,Jubilee,https://www.rugbyleagueproject.org/matches/113723
2025|Rd 13|Gold Coast Titans|Melbourne Storm,2025,Rd 13,13,2,95,2025-05-31,Gold Coast Titans,Melbourne Storm,16,28,Cbus Super,https://www.rugbyleagueproject.org/matches/113724
2025|Rd 13|Manly Sea Eagles|Brisbane Broncos,2025,Rd 13,13,3,96,2025-05-31,Manly Sea Eagles,Brisbane Broncos,34,6,4 Pines,https://www.rugbyleagueproject.org/matches/113726
2025|Rd 13|NQ Cowboys|Wests Tigers,2025,Rd 13,13,4,97,2025-05-31,NQ Cowboys,Wests Tigers,32,28,QLD C. Bank,https://www.rugbyleagueproject.org/matches/113725
2025|Rd 13|Penrith Panthers|Parramatta Eels,2025,Rd 13,13,5,98,2025-06-01,Penrith Panthers,Parramatta Eels,18,10,CommBank,https://www.rugbyleagueproject.org/matches/113728
2025|Rd 13|South Sydney Rabbitohs|New Zealand Warriors,2025,Rd 13,13,6,99,2025-06-01,South Sydney Rabbitohs,New Zealand Warriors,30,36,Accor,https://www.rugbyleagueproject.org/matches/113727
2025|Rd 13|Sydney Roosters|Canberra Raiders,2025,Rd 13,13,7,100,2025-06-01,Sydney Roosters,Canberra Raiders,24,26,Allianz,https://www.rugbyleagueproject.org/matches/113729
2025|Rd 14|Newcastle Knights|Manly Sea Eagles,2025,Rd 14,14,1,101,2025-06-05,Newcastle Knights,Manly Sea Eagles,26,22,McD. Jones,https://www.rugbyleagueproject.org/matches/113730
2025|Rd 14|Dolphins|St. George Illawarra Dragons,2025,Rd 14,14,2,102,2025-06-06,Dolphins,St. George Illawarra Dragons,56,6,Suncorp,https://www.rugbyleagueproject.org/matches/113732
2025|Rd 14|Melbourne Storm|NQ Cowboys,2025,Rd 14,14,3,103,2025-06-06,Melbourne Storm,NQ Cowboys,38,14,AAMI,https://www.rugbyleagueproject.org/matches/113731
2025|Rd 14|Brisbane Broncos|Gold Coast Titans,2025,Rd 14,14,4,104,2025-06-07,Brisbane Broncos,Gold Coast Titans,44,14,Suncorp,https://www.rugbyleagueproject.org/matches/113734
2025|Rd 14|Cronulla Sharks|New Zealand Warriors,2025,Rd 14,14,5,105,2025-06-07,Cronulla Sharks,New Zealand Warriors,10,40,Sharks,https://www.rugbyleagueproject.org/matches/113733
2025|Rd 14|Canberra Raiders|South Sydney Rabbitohs,2025,Rd 14,14,6,106,2025-06-08,Canberra Raiders,South Sydney Rabbitohs,36,12,GIO,https://www.rugbyleagueproject.org/matches/113735
2025|Rd 14|Wests Tigers|Penrith Panthers,2025,Rd 14,14,7,107,2025-06-08,Wests Tigers,Penrith Panthers,14,18,CommBank,https://www.rugbyleagueproject.org/matches/113736
2025|Rd 14|Canterbury Bulldogs|Parramatta Eels,2025,Rd 14,14,8,108,2025-06-09,Canterbury Bulldogs,Parramatta Eels,30,12,Accor,https://www.rugbyleagueproject.org/matches/113737
2025|Rd 15|Cronulla Sharks|St. George Illawarra Dragons,2025,Rd 15,15,1,109,2025-06-12,Cronulla Sharks,St. George Illawarra Dragons,30,18,Sharks,https://www.rugbyleagueproject.org/matches/113738
2025|Rd 15|Gold Coast Titans|Manly Sea Eagles,2025,Rd 15,15,2,110,2025-06-13,Gold Coast Titans,Manly Sea Eagles,28,8,Cbus Super,https://www.rugbyleagueproject.org/matches/113739
2025|Rd 15|NQ Cowboys|Dolphins,2025,Rd 15,15,3,111,2025-06-14,NQ Cowboys,Dolphins,4,58,QLD C. Bank,https://www.rugbyleagueproject.org/matches/113741
2025|Rd 15|Newcastle Knights|Sydney Roosters,2025,Rd 15,15,4,112,2025-06-14,Newcastle Knights,Sydney Roosters,8,12,McD. Jones,https://www.rugbyleagueproject.org/matches/113740
2025|Rd 15|South Sydney Rabbitohs|Canterbury Bulldogs,2025,Rd 15,15,5,113,2025-06-15,South Sydney Rabbitohs,Canterbury Bulldogs,18,24,Accor,https://www.rugbyleagueproject.org/matches/113742
2025|Rd 16|Wests Tigers|Canberra Raiders,2025,Rd 16,16,1,114,2025-06-20,Wests Tigers,Canberra Raiders,12,16,Campbelltown,https://www.rugbyleagueproject.org/matches/113743
2025|Rd 16|Dolphins|Newcastle Knights,2025,Rd 16,16,2,115,2025-06-21,Dolphins,Newcastle Knights,20,26,HBF,https://www.rugbyleagueproject.org/matches/113745
2025|Rd 16|New Zealand Warriors|Penrith Panthers,2025,Rd 16,16,3,116,2025-06-21,New Zealand Warriors,Penrith Panthers,18,28,Go Media,https://www.rugbyleagueproject.org/matches/113744
2025|Rd 16|South Sydney Rabbitohs|Melbourne Storm,2025,Rd 16,16,4,117,2025-06-21,South Sydney Rabbitohs,Melbourne Storm,24,25,Accor,https://www.rugbyleagueproject.org/matches/113746
2025|Rd 16|Brisbane Broncos|Cronulla Sharks,2025,Rd 16,16,5,118,2025-06-22,Brisbane Broncos,Cronulla Sharks,34,28,Suncorp,https://www.rugbyleagueproject.org/matches/113747
2025|Rd 16|Parramatta Eels|Gold Coast Titans,2025,Rd 16,16,6,119,2025-06-22,Parramatta Eels,Gold Coast Titans,36,20,CommBank,https://www.rugbyleagueproject.org/matches/113749
2025|Rd 16|Sydney Roosters|NQ Cowboys,2025,Rd 16,16,7,120,2025-06-22,Sydney Roosters,NQ Cowboys,42,8,Allianz,https://www.rugbyleagueproject.org/matches/113748
2025|Rd 17|Penrith Panthers|Canterbury Bulldogs,2025,Rd 17,17,1,121,2025-06-26,Penrith Panthers,Canterbury Bulldogs,8,6,CommBank,https://www.rugbyleagueproject.org/matches/113750
2025|Rd 17|Manly Sea Eagles|Wests Tigers,2025,Rd 17,17,2,122,2025-06-27,Manly Sea Eagles,Wests Tigers,28,10,4 Pines,https://www.rugbyleagueproject.org/matches/113751
2025|Rd 17|Newcastle Knights|Canberra Raiders,2025,Rd 17,17,3,123,2025-06-27,Newcastle Knights,Canberra Raiders,18,22,McD. Jones,https://www.rugbyleagueproject.org/matches/113752
2025|Rd 17|Brisbane Broncos|New Zealand Warriors,2025,Rd 17,17,4,124,2025-06-28,Brisbane Broncos,New Zealand Warriors,26,12,Suncorp,https://www.rugbyleagueproject.org/matches/113753
2025|Rd 17|Dolphins|South Sydney Rabbitohs,2025,Rd 17,17,5,125,2025-06-28,Dolphins,South Sydney Rabbitohs,50,28,Suncorp,https://www.rugbyleagueproject.org/matches/113755
2025|Rd 17|St. George Illawarra Dragons|Parramatta Eels,2025,Rd 17,17,6,126,2025-06-28,St. George Illawarra Dragons,Parramatta Eels,34,20,WIN,https://www.rugbyleagueproject.org/matches/113754
2025|Rd 17|Gold Coast Titans|NQ Cowboys,2025,Rd 17,17,7,127,2025-06-29,Gold Coast Titans,NQ Cowboys,24,30,Cbus Super,https://www.rugbyleagueproject.org/matches/113757
2025|Rd 17|Melbourne Storm|Cronulla Sharks,2025,Rd 17,17,8,128,2025-06-29,Melbourne Storm,Cronulla Sharks,30,6,AAMI,https://www.rugbyleagueproject.org/matches/113756
2025|Rd 18|Canterbury Bulldogs|Brisbane Broncos,2025,Rd 18,18,1,129,2025-07-04,Canterbury Bulldogs,Brisbane Broncos,18,22,Accor,https://www.rugbyleagueproject.org/matches/113758
2025|Rd 18|Canberra Raiders|St. George Illawarra Dragons,2025,Rd 18,18,2,130,2025-07-05,Canberra Raiders,St. George Illawarra Dragons,28,24,GIO,https://www.rugbyleagueproject.org/matches/113759
2025|Rd 18|NQ Cowboys|Melbourne Storm,2025,Rd 18,18,3,131,2025-07-05,NQ Cowboys,Melbourne Storm,20,26,QLD C. Bank,https://www.rugbyleagueproject.org/matches/113760
2025|Rd 18|Manly Sea Eagles|South Sydney Rabbitohs,2025,Rd 18,18,4,132,2025-07-06,Manly Sea Eagles,South Sydney Rabbitohs,30,12,4 Pines,https://www.rugbyleagueproject.org/matches/113762
2025|Rd 18|Sydney Roosters|Wests Tigers,2025,Rd 18,18,5,133,2025-07-06,Sydney Roosters,Wests Tigers,28,30,Allianz,https://www.rugbyleagueproject.org/matches/113761
2025|Rd 19|Cronulla Sharks|Dolphins,2025,Rd 19,19,1,134,2025-07-11,Cronulla Sharks,Dolphins,24,12,Sharks,https://www.rugbyleagueproject.org/matches/113763
2025|Rd 19|NQ Cowboys|Canterbury Bulldogs,2025,Rd 19,19,2,135,2025-07-12,NQ Cowboys,Canterbury Bulldogs,8,12,QLD C. Bank,https://www.rugbyleagueproject.org/matches/113766
2025|Rd 19|Newcastle Knights|Melbourne Storm,2025,Rd 19,19,3,136,2025-07-12,Newcastle Knights,Melbourne Storm,14,32,McD. Jones,https://www.rugbyleagueproject.org/matches/113764
2025|Rd 19|St. George Illawarra Dragons|Sydney Roosters,2025,Rd 19,19,4,137,2025-07-12,St. George Illawarra Dragons,Sydney Roosters,24,31,Jubilee,https://www.rugbyleagueproject.org/matches/113765
2025|Rd 19|Gold Coast Titans|Brisbane Broncos,2025,Rd 19,19,5,138,2025-07-13,Gold Coast Titans,Brisbane Broncos,14,26,Cbus Super,https://www.rugbyleagueproject.org/matches/113769
2025|Rd 19|New Zealand Warriors|Wests Tigers,2025,Rd 19,19,6,139,2025-07-13,New Zealand Warriors,Wests Tigers,34,14,Go Media,https://www.rugbyleagueproject.org/matches/113767
2025|Rd 19|Parramatta Eels|Penrith Panthers,2025,Rd 19,19,7,140,2025-07-13,Parramatta Eels,Penrith Panthers,10,32,CommBank,https://www.rugbyleagueproject.org/matches/113768
2025|Rd 20|Dolphins|NQ Cowboys,2025,Rd 20,20,1,141,2025-07-17,Dolphins,NQ Cowboys,43,24,Suncorp,https://www.rugbyleagueproject.org/matches/113770
2025|Rd 20|Cronulla Sharks|Sydney Roosters,2025,Rd 20,20,2,142,2025-07-18,Cronulla Sharks,Sydney Roosters,31,18,Sharks,https://www.rugbyleagueproject.org/matches/113771
2025|Rd 20|Penrith Panthers|South Sydney Rabbitohs,2025,Rd 20,20,3,143,2025-07-18,Penrith Panthers,South Sydney Rabbitohs,30,10,CommBank,https://www.rugbyleagueproject.org/matches/113772
2025|Rd 20|Canberra Raiders|Parramatta Eels,2025,Rd 20,20,4,144,2025-07-19,Canberra Raiders,Parramatta Eels,40,16,GIO,https://www.rugbyleagueproject.org/matches/113773
2025|Rd 20|Canterbury Bulldogs|St. George Illawarra Dragons,2025,Rd 20,20,5,145,2025-07-19,Canterbury Bulldogs,St. George Illawarra Dragons,20,18,Accor,https://www.rugbyleagueproject.org/matches/113774
2025|Rd 20|Melbourne Storm|Manly Sea Eagles,2025,Rd 20,20,6,146,2025-07-19,Melbourne Storm,Manly Sea Eagles,16,18,AAMI,https://www.rugbyleagueproject.org/matches/113775
2025|Rd 20|Newcastle Knights|New Zealand Warriors,2025,Rd 20,20,7,147,2025-07-20,Newcastle Knights,New Zealand Warriors,15,20,McD. Jones,https://www.rugbyleagueproject.org/matches/113777
2025|Rd 20|Wests Tigers|Gold Coast Titans,2025,Rd 20,20,8,148,2025-07-20,Wests Tigers,Gold Coast Titans,21,20,Leichhardt,https://www.rugbyleagueproject.org/matches/113776
2025|Rd 21|Sydney Roosters|Melbourne Storm,2025,Rd 21,21,1,149,2025-07-24,Sydney Roosters,Melbourne Storm,30,34,Allianz,https://www.rugbyleagueproject.org/matches/113778
2025|Rd 21|Brisbane Broncos|Parramatta Eels,2025,Rd 21,21,2,150,2025-07-25,Brisbane Broncos,Parramatta Eels,20,22,Suncorp,https://www.rugbyleagueproject.org/matches/113780
2025|Rd 21|NQ Cowboys|St. George Illawarra Dragons,2025,Rd 21,21,3,151,2025-07-25,NQ Cowboys,St. George Illawarra Dragons,38,32,QLD C. Bank,https://www.rugbyleagueproject.org/matches/113779
2025|Rd 21|New Zealand Warriors|Gold Coast Titans,2025,Rd 21,21,4,152,2025-07-26,New Zealand Warriors,Gold Coast Titans,16,24,Go Media,https://www.rugbyleagueproject.org/matches/113781
2025|Rd 21|Penrith Panthers|Wests Tigers,2025,Rd 21,21,5,153,2025-07-26,Penrith Panthers,Wests Tigers,36,2,CommBank,https://www.rugbyleagueproject.org/matches/113782
2025|Rd 21|South Sydney Rabbitohs|Cronulla Sharks,2025,Rd 21,21,6,154,2025-07-26,South Sydney Rabbitohs,Cronulla Sharks,12,14,polytec,https://www.rugbyleagueproject.org/matches/113783
2025|Rd 21|Canberra Raiders|Newcastle Knights,2025,Rd 21,21,7,155,2025-07-27,Canberra Raiders,Newcastle Knights,44,18,GIO,https://www.rugbyleagueproject.org/matches/113784
2025|Rd 21|Canterbury Bulldogs|Manly Sea Eagles,2025,Rd 21,21,8,156,2025-07-27,Canterbury Bulldogs,Manly Sea Eagles,42,4,Allianz,https://www.rugbyleagueproject.org/matches/113785
2025|Rd 22|Parramatta Eels|Melbourne Storm,2025,Rd 22,22,1,157,2025-07-31,Parramatta Eels,Melbourne Storm,10,16,CommBank,https://www.rugbyleagueproject.org/matches/113786
2025|Rd 22|Brisbane Broncos|South Sydney Rabbitohs,2025,Rd 22,22,2,158,2025-08-01,Brisbane Broncos,South Sydney Rabbitohs,60,14,Suncorp,https://www.rugbyleagueproject.org/matches/113788
2025|Rd 22|New Zealand Warriors|Dolphins,2025,Rd 22,22,3,159,2025-08-01,New Zealand Warriors,Dolphins,18,20,Go Media,https://www.rugbyleagueproject.org/matches/113787
2025|Rd 22|Gold Coast Titans|Penrith Panthers,2025,Rd 22,22,4,160,2025-08-02,Gold Coast Titans,Penrith Panthers,26,30,Cbus Super,https://www.rugbyleagueproject.org/matches/113789
2025|Rd 22|Manly Sea Eagles|Sydney Roosters,2025,Rd 22,22,5,161,2025-08-02,Manly Sea Eagles,Sydney Roosters,4,20,4 Pines,https://www.rugbyleagueproject.org/matches/113791
2025|Rd 22|St. George Illawarra Dragons|Canberra Raiders,2025,Rd 22,22,6,162,2025-08-02,St. George Illawarra Dragons,Canberra Raiders,18,12,WIN,https://www.rugbyleagueproject.org/matches/113790
2025|Rd 22|Cronulla Sharks|NQ Cowboys,2025,Rd 22,22,7,163,2025-08-03,Cronulla Sharks,NQ Cowboys,32,12,Sharks,https://www.rugbyleagueproject.org/matches/113793
2025|Rd 22|Wests Tigers|Canterbury Bulldogs,2025,Rd 22,22,8,164,2025-08-03,Wests Tigers,Canterbury Bulldogs,28,14,CommBank,https://www.rugbyleagueproject.org/matches/113792
2025|Rd 23|Melbourne Storm|Brisbane Broncos,2025,Rd 23,23,1,165,2025-08-07,Melbourne Storm,Brisbane Broncos,22,2,AAMI,https://www.rugbyleagueproject.org/matches/113794
2025|Rd 23|Canberra Raiders|Manly Sea Eagles,2025,Rd 23,23,2,166,2025-08-08,Canberra Raiders,Manly Sea Eagles,28,12,GIO,https://www.rugbyleagueproject.org/matches/113796
2025|Rd 23|Newcastle Knights|Penrith Panthers,2025,Rd 23,23,3,167,2025-08-08,Newcastle Knights,Penrith Panthers,12,48,McD. Jones,https://www.rugbyleagueproject.org/matches/113795
2025|Rd 23|Canterbury Bulldogs|New Zealand Warriors,2025,Rd 23,23,4,168,2025-08-09,Canterbury Bulldogs,New Zealand Warriors,32,14,Accor,https://www.rugbyleagueproject.org/matches/113799
2025|Rd 23|Dolphins|Sydney Roosters,2025,Rd 23,23,5,169,2025-08-09,Dolphins,Sydney Roosters,12,64,Suncorp,https://www.rugbyleagueproject.org/matches/113798
2025|Rd 23|St. George Illawarra Dragons|Cronulla Sharks,2025,Rd 23,23,6,170,2025-08-09,St. George Illawarra Dragons,Cronulla Sharks,22,14,Jubilee,https://www.rugbyleagueproject.org/matches/113797
2025|Rd 23|Gold Coast Titans|South Sydney Rabbitohs,2025,Rd 23,23,7,171,2025-08-10,Gold Coast Titans,South Sydney Rabbitohs,18,20,Cbus Super,https://www.rugbyleagueproject.org/matches/113800
2025|Rd 23|Parramatta Eels|NQ Cowboys,2025,Rd 23,23,8,172,2025-08-10,Parramatta Eels,NQ Cowboys,19,18,CommBank,https://www.rugbyleagueproject.org/matches/113801
2025|Rd 24|Penrith Panthers|Melbourne Storm,2025,Rd 24,24,1,173,2025-08-14,Penrith Panthers,Melbourne Storm,18,22,CommBank,https://www.rugbyleagueproject.org/matches/113802
2025|Rd 24|New Zealand Warriors|St. George Illawarra Dragons,2025,Rd 24,24,2,174,2025-08-15,New Zealand Warriors,St. George Illawarra Dragons,14,10,Go Media,https://www.rugbyleagueproject.org/matches/113803
2025|Rd 24|Sydney Roosters|Canterbury Bulldogs,2025,Rd 24,24,3,175,2025-08-15,Sydney Roosters,Canterbury Bulldogs,32,12,Allianz,https://www.rugbyleagueproject.org/matches/113804
2025|Rd 24|Brisbane Broncos|Dolphins,2025,Rd 24,24,4,176,2025-08-16,Brisbane Broncos,Dolphins,38,28,Suncorp,https://www.rugbyleagueproject.org/matches/113806
2025|Rd 24|Cronulla Sharks|Gold Coast Titans,2025,Rd 24,24,5,177,2025-08-16,Cronulla Sharks,Gold Coast Titans,54,22,Sharks,https://www.rugbyleagueproject.org/matches/113805
2025|Rd 24|South Sydney Rabbitohs|Parramatta Eels,2025,Rd 24,24,6,178,2025-08-16,South Sydney Rabbitohs,Parramatta Eels,20,16,Allianz,https://www.rugbyleagueproject.org/matches/113807
2025|Rd 24|NQ Cowboys|Newcastle Knights,2025,Rd 24,24,7,179,2025-08-17,NQ Cowboys,Newcastle Knights,38,4,QLD C. Bank,https://www.rugbyleagueproject.org/matches/113809
2025|Rd 24|Wests Tigers|Manly Sea Eagles,2025,Rd 24,24,8,180,2025-08-17,Wests Tigers,Manly Sea Eagles,26,12,Allianz,https://www.rugbyleagueproject.org/matches/113808
2025|Rd 25|South Sydney Rabbitohs|St. George Illawarra Dragons,2025,Rd 25,25,1,181,2025-08-21,South Sydney Rabbitohs,St. George Illawarra Dragons,40,0,Accor,https://www.rugbyleagueproject.org/matches/113810
2025|Rd 25|Melbourne Storm|Canterbury Bulldogs,2025,Rd 25,25,2,182,2025-08-22,Melbourne Storm,Canterbury Bulldogs,20,14,AAMI,https://www.rugbyleagueproject.org/matches/113812
2025|Rd 25|Penrith Panthers|Canberra Raiders,2025,Rd 25,25,3,183,2025-08-22,Penrith Panthers,Canberra Raiders,16,20,Glen Willow,https://www.rugbyleagueproject.org/matches/113811
2025|Rd 25|Gold Coast Titans|New Zealand Warriors,2025,Rd 25,25,4,184,2025-08-23,Gold Coast Titans,New Zealand Warriors,18,32,Cbus Super,https://www.rugbyleagueproject.org/matches/113814
2025|Rd 25|Manly Sea Eagles|Dolphins,2025,Rd 25,25,5,185,2025-08-23,Manly Sea Eagles,Dolphins,58,30,4 Pines,https://www.rugbyleagueproject.org/matches/113813
2025|Rd 25|Parramatta Eels|Sydney Roosters,2025,Rd 25,25,6,186,2025-08-23,Parramatta Eels,Sydney Roosters,30,10,CommBank,https://www.rugbyleagueproject.org/matches/113815
2025|Rd 25|Newcastle Knights|Brisbane Broncos,2025,Rd 25,25,7,187,2025-08-24,Newcastle Knights,Brisbane Broncos,12,46,McD. Jones,https://www.rugbyleagueproject.org/matches/113816
2025|Rd 25|Wests Tigers|NQ Cowboys,2025,Rd 25,25,8,188,2025-08-24,Wests Tigers,NQ Cowboys,28,34,Leichhardt,https://www.rugbyleagueproject.org/matches/113817
2025|Rd 26|Canterbury Bulldogs|Penrith Panthers,2025,Rd 26,26,1,189,2025-08-28,Canterbury Bulldogs,Penrith Panthers,28,4,Accor,https://www.rugbyleagueproject.org/matches/113818
2025|Rd 26|Melbourne Storm|Sydney Roosters,2025,Rd 26,26,2,190,2025-08-29,Melbourne Storm,Sydney Roosters,10,40,AAMI,https://www.rugbyleagueproject.org/matches/113820
2025|Rd 26|New Zealand Warriors|Parramatta Eels,2025,Rd 26,26,3,191,2025-08-29,New Zealand Warriors,Parramatta Eels,22,26,Go Media,https://www.rugbyleagueproject.org/matches/113819
2025|Rd 26|Canberra Raiders|Wests Tigers,2025,Rd 26,26,4,192,2025-08-30,Canberra Raiders,Wests Tigers,24,10,GIO,https://www.rugbyleagueproject.org/matches/113821
2025|Rd 26|NQ Cowboys|Brisbane Broncos,2025,Rd 26,26,5,193,2025-08-30,NQ Cowboys,Brisbane Broncos,30,38,QLD C. Bank,https://www.rugbyleagueproject.org/matches/113823
2025|Rd 26|St. George Illawarra Dragons|Manly Sea Eagles,2025,Rd 26,26,6,194,2025-08-30,St. George Illawarra Dragons,Manly Sea Eagles,24,40,Jubilee,https://www.rugbyleagueproject.org/matches/113822
2025|Rd 26|Cronulla Sharks|Newcastle Knights,2025,Rd 26,26,7,195,2025-08-31,Cronulla Sharks,Newcastle Knights,40,16,Sharks,https://www.rugbyleagueproject.org/matches/113824
2025|Rd 26|Dolphins|Gold Coast Titans,2025,Rd 26,26,8,196,2025-08-31,Dolphins,Gold Coast Titans,36,30,Suncorp,https://www.rugbyleagueproject.org/matches/113825
2025|Rd 27|Brisbane Broncos|Melbourne Storm,2025,Rd 27,27,1,197,2025-09-04,Brisbane Broncos,Melbourne Storm,30,14,Suncorp,https://www.rugbyleagueproject.org/matches/113826
2025|Rd 27|Manly Sea Eagles|New Zealand Warriors,2025,Rd 27,27,2,198,2025-09-05,Manly Sea Eagles,New Zealand Warriors,27,26,4 Pines,https://www.rugbyleagueproject.org/matches/113827
2025|Rd 27|Sydney Roosters|South Sydney Rabbitohs,2025,Rd 27,27,3,199,2025-09-05,Sydney Roosters,South Sydney Rabbitohs,36,6,Allianz,https://www.rugbyleagueproject.org/matches/113828
2025|Rd 27|Canterbury Bulldogs|Cronulla Sharks,2025,Rd 27,27,4,200,2025-09-06,Canterbury Bulldogs,Cronulla Sharks,6,24,Accor,https://www.rugbyleagueproject.org/matches/113831
2025|Rd 27|Gold Coast Titans|Wests Tigers,2025,Rd 27,27,5,201,2025-09-06,Gold Coast Titans,Wests Tigers,36,28,Cbus Super,https://www.rugbyleagueproject.org/matches/113830
2025|Rd 27|St. George Illawarra Dragons|Penrith Panthers,2025,Rd 27,27,6,202,2025-09-06,St. George Illawarra Dragons,Penrith Panthers,20,40,WIN,https://www.rugbyleagueproject.org/matches/113829
2025|Rd 27|Dolphins|Canberra Raiders,2025,Rd 27,27,7,203,2025-09-07,Dolphins,Canberra Raiders,62,24,Kayo,https://www.rugbyleagueproject.org/matches/113832
2025|Rd 27|Parramatta Eels|Newcastle Knights,2025,Rd 27,27,8,204,2025-09-07,Parramatta Eels,Newcastle Knights,66,10,CommBank,https://www.rugbyleagueproject.org/matches/113833
2025|Qualif Final|Melbourne Storm|Canterbury Bulldogs,2025,Qualif Final,28,1,205,2025-09-12,Melbourne Storm,Canterbury Bulldogs,26,18,AAMI,https://www.rugbyleagueproject.org/matches/113921
2025|Elim Final|Cronulla Sharks|Sydney Roosters,2025,Elim Final,29,1,206,2025-09-13,Cronulla Sharks,Sydney Roosters,20,10,Sharks,https://www.rugbyleagueproject.org/matches/113922
2025|Elim Final|New Zealand Warriors|Penrith Panthers,2025,Elim Final,29,2,207,2025-09-13,New Zealand Warriors,Penrith Panthers,8,24,Go Media,https://www.rugbyleagueproject.org/matches/113923
2025|Qualif Final|Canberra Raiders|Brisbane Broncos,2025,Qualif Final,30,1,208,2025-09-14,Canberra Raiders,Brisbane Broncos,28,29,GIO,https://www.rugbyleagueproject.org/matches/113918
2025|Semi Final|Canberra Raiders|Cronulla Sharks,2025,Semi Final,31,1,209,2025-09-20,Canberra Raiders,Cronulla Sharks,12,32,GIO,https://www.rugbyleagueproject.org/matches/113924
2025|Semi Final|Canterbury Bulldogs|Penrith Panthers,2025,Semi Final,31,2,210,2025-09-21,Canterbury Bulldogs,Penrith Panthers,26,46,Accor,https://www.rugbyleagueproject.org/matches/113925
2025|Prelim Final|Melbourne Storm|Cronulla Sharks,2025,Prelim Final,32,1,211,2025-09-26,Melbourne Storm,Cronulla Sharks,22,14,AAMI,https://www.rugbyleagueproject.org/matches/113927
2025|Prelim Final|Brisbane Broncos|Penrith Panthers,2025,Prelim Final,32,2,212,2025-09-28,Brisbane Broncos,Penrith Panthers,16,14,Suncorp,https://www.rugbyleagueproject.org/matches/113926
2025|Grand Final|Melbourne Storm|Brisbane Broncos,2025,Grand Final,33,1,213,2025-10-05,Melbourne Storm,Brisbane Broncos,22,26,Accor,https://www.rugbyleagueproject.org/matches/113928
2026|Rd 1|Canterbury Bulldogs|St. George Illawarra Dragons,2026,Rd 1,1,1,1,2026-02-28,Canterbury Bulldogs,St. George Illawarra Dragons,15,14,Allegiant,https://www.rugbyleagueproject.org/matches/120008
2026|Rd 1|Newcastle Knights|NQ Cowboys,2026,Rd 1,1,2,2,2026-02-28,Newcastle Knights,NQ Cowboys,28,18,Allegiant,https://www.rugbyleagueproject.org/matches/120009
2026|Rd 1|Melbourne Storm|Parramatta Eels,2026,Rd 1,1,3,3,2026-03-05,Melbourne Storm,Parramatta Eels,52,4,AAMI,https://www.rugbyleagueproject.org/matches/120404
2026|Rd 1|Brisbane Broncos|Penrith Panthers,2026,Rd 1,1,4,4,2026-03-06,Brisbane Broncos,Penrith Panthers,0,26,Suncorp,https://www.rugbyleagueproject.org/matches/120406
2026|Rd 1|New Zealand Warriors|Sydney Roosters,2026,Rd 1,1,5,5,2026-03-06,New Zealand Warriors,Sydney Roosters,42,18,Go Media,https://www.rugbyleagueproject.org/matches/120405
2026|Rd 1|Cronulla Sharks|Gold Coast Titans,2026,Rd 1,1,6,6,2026-03-07,Cronulla Sharks,Gold Coast Titans,50,10,Ocean Protect,https://www.rugbyleagueproject.org/matches/120407
2026|Rd 1|Manly Sea Eagles|Canberra Raiders,2026,Rd 1,1,7,7,2026-03-07,Manly Sea Eagles,Canberra Raiders,28,29,4 Pines,https://www.rugbyleagueproject.org/matches/120408
2026|Rd 1|Dolphins|South Sydney Rabbitohs,2026,Rd 1,1,8,8,2026-03-08,Dolphins,South Sydney Rabbitohs,30,40,Suncorp,https://www.rugbyleagueproject.org/matches/120409
