match_key,odds_tip,user_tip,home_odds,away_odds,home_odds_open,away_odds_open,home_odds_close,away_odds_close
1998|Rd 1|Adelaide Rams|NQ Cowboys,,,,,,,,
1998|Rd 1|Auckland Warriors|South Sydney Rabbitohs,,,,,,,,
1998|Rd 1|Brisbane Broncos|Manly Sea Eagles,,,,,,,,
1998|Rd 1|Balmain Tigers|Gold Coast Titans,,,,,,,,
1998|Rd 1|Cronulla Sharks|Sydney Roosters,,,,,,,,
1998|Rd 1|Illawarra Steelers|Melbourne Storm,,,,,,,,
1998|Rd 1|Parramatta Eels|Penrith Panthers,,,,,,,,
1998|Rd 1|Canterbury Bulldogs|Canberra Raiders,,,,,,,,
1998|Rd 1|North Sydney Bears|Newcastle Knights,,,,,,,,
1998|Rd 1|St. George Dragons|Western Suburbs Magpies,,,,,,,,
1998|Rd 2|Sydney Roosters|North Sydney Bears,,,,,,,,
1998|Rd 2|Gold Coast Titans|Parramatta Eels,,,,,,,,
1998|Rd 2|NQ Cowboys|Balmain Tigers,,,,,,,,
1998|Rd 2|Newcastle Knights|Auckland Warriors,,,,,,,,
1998|Rd 2|Penrith Panthers|Canberra Raiders,,,,,,,,
1998|Rd 2|Canterbury Bulldogs|Brisbane Broncos,,,,,,,,
1998|Rd 2|Manly Sea Eagles|Adelaide Rams,,,,,,,,
1998|Rd 2|South Sydney Rabbitohs|Illawarra Steelers,,,,,,,,
1998|Rd 2|St. George Dragons|Cronulla Sharks,,,,,,,,
1998|Rd 2|Western Suburbs Magpies|Melbourne Storm,,,,,,,,
1998|Rd 3|Adelaide Rams|Canterbury Bulldogs,,,,,,,,
1998|Rd 3|Auckland Warriors|Sydney Roosters,,,,,,,,
1998|Rd 3|Balmain Tigers|Manly Sea Eagles,,,,,,,,
1998|Rd 3|Brisbane Broncos|Penrith Panthers,,,,,,,,
1998|Rd 3|Cronulla Sharks|Melbourne Storm,,,,,,,,
1998|Rd 3|Illawarra Steelers|Newcastle Knights,,,,,,,,
1998|Rd 3|Canberra Raiders|Gold Coast Titans,,,,,,,,
1998|Rd 3|North Sydney Bears|St. George Dragons,,,,,,,,
1998|Rd 3|Parramatta Eels|NQ Cowboys,,,,,,,,
1998|Rd 3|Western Suburbs Magpies|South Sydney Rabbitohs,,,,,,,,
1998|Rd 4|Manly Sea Eagles|Parramatta Eels,,,,,,,,
1998|Rd 4|Melbourne Storm|North Sydney Bears,,,,,,,,
1998|Rd 4|Sydney Roosters|Illawarra Steelers,,,,,,,,
1998|Rd 4|NQ Cowboys|Canberra Raiders,,,,,,,,
1998|Rd 4|South Sydney Rabbitohs|Cronulla Sharks,,,,,,,,
1998|Rd 4|St. George Dragons|Auckland Warriors,,,,,,,,
1998|Rd 4|Canterbury Bulldogs|Balmain Tigers,,,,,,,,
1998|Rd 4|Gold Coast Titans|Brisbane Broncos,,,,,,,,
1998|Rd 4|Newcastle Knights|Western Suburbs Magpies,,,,,,,,
1998|Rd 4|Penrith Panthers|Adelaide Rams,,,,,,,,
1998|Rd 5|Adelaide Rams|Gold Coast Titans,,,,,,,,
1998|Rd 5|Western Suburbs Magpies|Sydney Roosters,,,,,,,,
1998|Rd 5|Auckland Warriors|Melbourne Storm,,,,,,,,
1998|Rd 5|Newcastle Knights|Cronulla Sharks,,,,,,,,
1998|Rd 5|Balmain Tigers|Penrith Panthers,,,,,,,,
1998|Rd 5|Illawarra Steelers|St. George Dragons,,,,,,,,
1998|Rd 5|Parramatta Eels|Canterbury Bulldogs,,,,,,,,
1998|Rd 5|Brisbane Broncos|NQ Cowboys,,,,,,,,
1998|Rd 5|Canberra Raiders|Manly Sea Eagles,,,,,,,,
1998|Rd 5|North Sydney Bears|South Sydney Rabbitohs,,,,,,,,
1998|Rd 6|Manly Sea Eagles|Brisbane Broncos,,,,,,,,
1998|Rd 6|Sydney Roosters|Adelaide Rams,,,,,,,,
1998|Rd 6|Canberra Raiders|Illawarra Steelers,,,,,,,,
1998|Rd 6|Cronulla Sharks|Balmain Tigers,,,,,,,,
1998|Rd 6|NQ Cowboys|Newcastle Knights,,,,,,,,
1998|Rd 6|Canterbury Bulldogs|Gold Coast Titans,,,,,,,,
1998|Rd 6|North Sydney Bears|Auckland Warriors,,,,,,,,
1998|Rd 6|Parramatta Eels|Melbourne Storm,,,,,,,,
1998|Rd 6|Penrith Panthers|St. George Dragons,,,,,,,,
1998|Rd 6|South Sydney Rabbitohs|Western Suburbs Magpies,,,,,,,,
1998|Rd 7|Adelaide Rams|Cronulla Sharks,,,,,,,,
1998|Rd 7|Balmain Tigers|Canterbury Bulldogs,,,,,,,,
1998|Rd 7|Melbourne Storm|Penrith Panthers,,,,,,,,
1998|Rd 7|NQ Cowboys|Sydney Roosters,,,,,,,,
1998|Rd 7|Auckland Warriors|Newcastle Knights,,,,,,,,
1998|Rd 7|Brisbane Broncos|North Sydney Bears,,,,,,,,
1998|Rd 7|Gold Coast Titans|Canberra Raiders,,,,,,,,
1998|Rd 7|Illawarra Steelers|Parramatta Eels,,,,,,,,
1998|Rd 7|Manly Sea Eagles|South Sydney Rabbitohs,,,,,,,,
1998|Rd 7|Western Suburbs Magpies|St. George Dragons,,,,,,,,
1998|Rd 8|Canberra Raiders|Balmain Tigers,,,,,,,,
1998|Rd 8|Melbourne Storm|Western Suburbs Magpies,,,,,,,,
1998|Rd 8|Newcastle Knights|Brisbane Broncos,,,,,,,,
1998|Rd 8|Cronulla Sharks|NQ Cowboys,,,,,,,,
1998|Rd 8|Parramatta Eels|Gold Coast Titans,,,,,,,,
1998|Rd 8|Penrith Panthers|Illawarra Steelers,,,,,,,,
1998|Rd 8|Sydney Roosters|Auckland Warriors,,,,,,,,
1998|Rd 8|Canterbury Bulldogs|Adelaide Rams,,,,,,,,
1998|Rd 8|North Sydney Bears|Manly Sea Eagles,,,,,,,,
1998|Rd 8|St. George Dragons|South Sydney Rabbitohs,,,,,,,,
1998|Rd 9|Adelaide Rams|Canberra Raiders,,,,,,,,
1998|Rd 9|Auckland Warriors|Cronulla Sharks,,,,,,,,
1998|Rd 9|Balmain Tigers|Parramatta Eels,,,,,,,,
1998|Rd 9|Melbourne Storm|St. George Dragons,,,,,,,,
1998|Rd 9|Gold Coast Titans|Penrith Panthers,,,,,,,,
1998|Rd 9|Illawarra Steelers|Western Suburbs Magpies,,,,,,,,
1998|Rd 9|NQ Cowboys|Canterbury Bulldogs,,,,,,,,
1998|Rd 9|Brisbane Broncos|Sydney Roosters,,,,,,,,
1998|Rd 9|Manly Sea Eagles|Newcastle Knights,,,,,,,,
1998|Rd 9|South Sydney Rabbitohs|North Sydney Bears,,,,,,,,
1998|Rd 10|Newcastle Knights|North Sydney Bears,,,,,,,,
1998|Rd 10|South Sydney Rabbitohs|Melbourne Storm,,,,,,,,
1998|Rd 10|Canterbury Bulldogs|Auckland Warriors,,,,,,,,
1998|Rd 10|Cronulla Sharks|Brisbane Broncos,,,,,,,,
1998|Rd 10|Parramatta Eels|Adelaide Rams,,,,,,,,
1998|Rd 10|St. George Dragons|Illawarra Steelers,,,,,,,,
1998|Rd 10|Canberra Raiders|NQ Cowboys,,,,,,,,
1998|Rd 10|Penrith Panthers|Balmain Tigers,,,,,,,,
1998|Rd 10|Sydney Roosters|Manly Sea Eagles,,,,,,,,
1998|Rd 10|Western Suburbs Magpies|Gold Coast Titans,,,,,,,,
1998|Rd 11|Adelaide Rams|Penrith Panthers,,,,,,,,
1998|Rd 11|Balmain Tigers|Western Suburbs Magpies,,,,,,,,
1998|Rd 11|Gold Coast Titans|St. George Dragons,,,,,,,,
1998|Rd 11|NQ Cowboys|Parramatta Eels,,,,,,,,
1998|Rd 11|Auckland Warriors|Canberra Raiders,,,,,,,,
1998|Rd 11|Brisbane Broncos|Canterbury Bulldogs,,,,,,,,
1998|Rd 11|Manly Sea Eagles|Cronulla Sharks,,,,,,,,
1998|Rd 11|Melbourne Storm|Illawarra Steelers,,,,,,,,
1998|Rd 11|Newcastle Knights|South Sydney Rabbitohs,,,,,,,,
1998|Rd 11|North Sydney Bears|Sydney Roosters,,,,,,,,
1998|Rd 12|Penrith Panthers|NQ Cowboys,,,,,,,,
1998|Rd 12|Sydney Roosters|Newcastle Knights,,,,,,,,
1998|Rd 12|Cronulla Sharks|North Sydney Bears,,,,,,,,
1998|Rd 12|Parramatta Eels|Auckland Warriors,,,,,,,,
1998|Rd 12|St. George Dragons|Balmain Tigers,,,,,,,,
1998|Rd 12|Canberra Raiders|Brisbane Broncos,,,,,,,,
1998|Rd 12|Canterbury Bulldogs|Manly Sea Eagles,,,,,,,,
1998|Rd 12|Illawarra Steelers|South Sydney Rabbitohs,,,,,,,,
1998|Rd 12|Melbourne Storm|Gold Coast Titans,,,,,,,,
1998|Rd 12|Western Suburbs Magpies|Adelaide Rams,,,,,,,,
1998|Rd 13|Adelaide Rams|St. George Dragons,,,,,,,,
1998|Rd 13|Cronulla Sharks|Newcastle Knights,,,,,,,,
1998|Rd 13|Gold Coast Titans|Illawarra Steelers,,,,,,,,
1998|Rd 13|NQ Cowboys|Western Suburbs Magpies,,,,,,,,
1998|Rd 13|Auckland Warriors|Penrith Panthers,,,,,,,,
1998|Rd 13|Balmain Tigers|Melbourne Storm,,,,,,,,
1998|Rd 13|Brisbane Broncos|Parramatta Eels,,,,,,,,
1998|Rd 13|Canterbury Bulldogs|North Sydney Bears,,,,,,,,
1998|Rd 13|South Sydney Rabbitohs|Sydney Roosters,,,,,,,,
1998|Rd 13|Manly Sea Eagles|Canberra Raiders,,,,,,,,
1998|Rd 14|Sydney Roosters|Cronulla Sharks,,,,,,,,
1998|Rd 14|Melbourne Storm|Adelaide Rams,,,,,,,,
1998|Rd 14|Parramatta Eels|Manly Sea Eagles,,,,,,,,
1998|Rd 14|Penrith Panthers|Brisbane Broncos,,,,,,,,
1998|Rd 14|Western Suburbs Magpies|Auckland Warriors,,,,,,,,
1998|Rd 14|Illawarra Steelers|Balmain Tigers,,,,,,,,
1998|Rd 14|Newcastle Knights|Canterbury Bulldogs,,,,,,,,
1998|Rd 14|North Sydney Bears|Canberra Raiders,,,,,,,,
1998|Rd 14|South Sydney Rabbitohs|Gold Coast Titans,,,,,,,,
1998|Rd 14|St. George Dragons|NQ Cowboys,,,,,,,,
1998|Rd 15|Adelaide Rams|Illawarra Steelers,,,,,,,,
1998|Rd 15|Cronulla Sharks|South Sydney Rabbitohs,,,,,,,,
1998|Rd 15|Gold Coast Titans|Balmain Tigers,,,,,,,,
1998|Rd 15|NQ Cowboys|Melbourne Storm,,,,,,,,
1998|Rd 15|Parramatta Eels|North Sydney Bears,,,,,,,,
1998|Rd 15|Auckland Warriors|St. George Dragons,,,,,,,,
1998|Rd 15|Brisbane Broncos|Western Suburbs Magpies,,,,,,,,
1998|Rd 15|Canberra Raiders|Newcastle Knights,,,,,,,,
1998|Rd 15|Canterbury Bulldogs|Sydney Roosters,,,,,,,,
1998|Rd 15|Manly Sea Eagles|Penrith Panthers,,,,,,,,
1998|Rd 16|St. George Dragons|Brisbane Broncos,,,,,,,,
1998|Rd 16|Cronulla Sharks|Canterbury Bulldogs,,,,,,,,
1998|Rd 16|Gold Coast Titans|Adelaide Rams,,,,,,,,
1998|Rd 16|Melbourne Storm|Auckland Warriors,,,,,,,,
1998|Rd 16|Western Suburbs Magpies|Manly Sea Eagles,,,,,,,,
1998|Rd 16|Balmain Tigers|South Sydney Rabbitohs,,,,,,,,
1998|Rd 16|Illawarra Steelers|NQ Cowboys,,,,,,,,
1998|Rd 16|Newcastle Knights|Parramatta Eels,,,,,,,,
1998|Rd 16|North Sydney Bears|Penrith Panthers,,,,,,,,
1998|Rd 16|Sydney Roosters|Canberra Raiders,,,,,,,,
1998|Rd 17|Adelaide Rams|Balmain Tigers,,,,,,,,
1998|Rd 17|Brisbane Broncos|Melbourne Storm,,,,,,,,
1998|Rd 17|Auckland Warriors|Illawarra Steelers,,,,,,,,
1998|Rd 17|NQ Cowboys|Gold Coast Titans,,,,,,,,
1998|Rd 17|Penrith Panthers|Newcastle Knights,,,,,,,,
1998|Rd 17|South Sydney Rabbitohs|Canterbury Bulldogs,,,,,,,,
1998|Rd 17|Canberra Raiders|Cronulla Sharks,,,,,,,,
1998|Rd 17|Manly Sea Eagles|St. George Dragons,,,,,,,,
1998|Rd 17|North Sydney Bears|Western Suburbs Magpies,,,,,,,,
1998|Rd 17|Sydney Roosters|Parramatta Eels,,,,,,,,
1998|Rd 18|Melbourne Storm|Manly Sea Eagles,,,,,,,,
1998|Rd 18|Parramatta Eels|Cronulla Sharks,,,,,,,,
1998|Rd 18|Balmain Tigers|NQ Cowboys,,,,,,,,
1998|Rd 18|Gold Coast Titans|Auckland Warriors,,,,,,,,
1998|Rd 18|Penrith Panthers|Sydney Roosters,,,,,,,,
1998|Rd 18|Canberra Raiders|Canterbury Bulldogs,,,,,,,,
1998|Rd 18|Illawarra Steelers|Brisbane Broncos,,,,,,,,
1998|Rd 18|South Sydney Rabbitohs|Adelaide Rams,,,,,,,,
1998|Rd 18|St. George Dragons|North Sydney Bears,,,,,,,,
1998|Rd 18|Western Suburbs Magpies|Newcastle Knights,,,,,,,,
1998|Rd 19|Auckland Warriors|Balmain Tigers,,,,,,,,
1998|Rd 19|North Sydney Bears|Melbourne Storm,,,,,,,,
1998|Rd 19|Canterbury Bulldogs|Parramatta Eels,,,,,,,,
1998|Rd 19|Cronulla Sharks|Penrith Panthers,,,,,,,,
1998|Rd 19|Manly Sea Eagles|Illawarra Steelers,,,,,,,,
1998|Rd 19|NQ Cowboys|Adelaide Rams,,,,,,,,
1998|Rd 19|Brisbane Broncos|Gold Coast Titans,,,,,,,,
1998|Rd 19|Canberra Raiders|South Sydney Rabbitohs,,,,,,,,
1998|Rd 19|Newcastle Knights|St. George Dragons,,,,,,,,
1998|Rd 19|Sydney Roosters|Western Suburbs Magpies,,,,,,,,
1998|Rd 20|Melbourne Storm|Newcastle Knights,,,,,,,,
1998|Rd 20|Balmain Tigers|Brisbane Broncos,,,,,,,,
1998|Rd 20|Gold Coast Titans|Manly Sea Eagles,,,,,,,,
1998|Rd 20|Illawarra Steelers|North Sydney Bears,,,,,,,,
1998|Rd 20|NQ Cowboys|South Sydney Rabbitohs,,,,,,,,
1998|Rd 20|Western Suburbs Magpies|Cronulla Sharks,,,,,,,,
1998|Rd 20|Adelaide Rams|Auckland Warriors,,,,,,,,
1998|Rd 20|Parramatta Eels|Canberra Raiders,,,,,,,,
1998|Rd 20|Penrith Panthers|Canterbury Bulldogs,,,,,,,,
1998|Rd 20|St. George Dragons|Sydney Roosters,,,,,,,,
1998|Rd 21|Auckland Warriors|NQ Cowboys,,,,,,,,
1998|Rd 21|Cronulla Sharks|St. George Dragons,,,,,,,,
1998|Rd 21|Brisbane Broncos|Adelaide Rams,,,,,,,,
1998|Rd 21|Gold Coast Titans|North Sydney Bears,,,,,,,,
1998|Rd 21|Newcastle Knights|Illawarra Steelers,,,,,,,,
1998|Rd 21|South Sydney Rabbitohs|Parramatta Eels,,,,,,,,
1998|Rd 21|Canberra Raiders|Penrith Panthers,,,,,,,,
1998|Rd 21|Canterbury Bulldogs|Western Suburbs Magpies,,,,,,,,
1998|Rd 21|Manly Sea Eagles|Balmain Tigers,,,,,,,,
1998|Rd 21|Sydney Roosters|Melbourne Storm,,,,,,,,
1998|Rd 22|Adelaide Rams|Manly Sea Eagles,,,,,,,,
1998|Rd 22|Melbourne Storm|Cronulla Sharks,,,,,,,,
1998|Rd 22|NQ Cowboys|Brisbane Broncos,,,,,,,,
1998|Rd 22|North Sydney Bears|Balmain Tigers,,,,,,,,
1998|Rd 22|Penrith Panthers|Parramatta Eels,,,,,,,,
1998|Rd 22|Western Suburbs Magpies|Canberra Raiders,,,,,,,,
1998|Rd 22|Illawarra Steelers|Sydney Roosters,,,,,,,,
1998|Rd 22|Newcastle Knights|Gold Coast Titans,,,,,,,,
1998|Rd 22|South Sydney Rabbitohs|Auckland Warriors,,,,,,,,
1998|Rd 22|St. George Dragons|Canterbury Bulldogs,,,,,,,,
1998|Rd 23|Canberra Raiders|St. George Dragons,,,,,,,,
1998|Rd 23|Penrith Panthers|South Sydney Rabbitohs,,,,,,,,
1998|Rd 23|Adelaide Rams|North Sydney Bears,,,,,,,,
1998|Rd 23|Canterbury Bulldogs|Melbourne Storm,,,,,,,,
1998|Rd 23|Cronulla Sharks|Illawarra Steelers,,,,,,,,
1998|Rd 23|Balmain Tigers|Newcastle Knights,,,,,,,,
1998|Rd 23|Brisbane Broncos|Auckland Warriors,,,,,,,,
1998|Rd 23|Manly Sea Eagles|NQ Cowboys,,,,,,,,
1998|Rd 23|Parramatta Eels|Western Suburbs Magpies,,,,,,,,
1998|Rd 23|Sydney Roosters|Gold Coast Titans,,,,,,,,
1998|Rd 24|Melbourne Storm|Canberra Raiders,,,,,,,,
1998|Rd 24|Balmain Tigers|Sydney Roosters,,,,,,,,
1998|Rd 24|Gold Coast Titans|Cronulla Sharks,,,,,,,,
1998|Rd 24|Newcastle Knights|Adelaide Rams,,,,,,,,
1998|Rd 24|Auckland Warriors|Manly Sea Eagles,,,,,,,,
1998|Rd 24|Illawarra Steelers|Canterbury Bulldogs,,,,,,,,
1998|Rd 24|North Sydney Bears|NQ Cowboys,,,,,,,,
1998|Rd 24|South Sydney Rabbitohs|Brisbane Broncos,,,,,,,,
1998|Rd 24|St. George Dragons|Parramatta Eels,,,,,,,,
1998|Rd 24|Western Suburbs Magpies|Penrith Panthers,,,,,,,,
1998|Elim Prelim Final|Canterbury Bulldogs|Newcastle Knights,,,,,,,,
1998|Grand Final|Brisbane Broncos|Canterbury Bulldogs,,,,,,,,
1998|Major Prelim Semi|Parramatta Eels|North Sydney Bears,,,,,,,,
1998|Major Prelim Semi|Melbourne Storm|Sydney Roosters,,,,,,,,
1998|Major Semi|Newcastle Knights|Sydney Roosters,,,,,,,,
1998|Minor Prelim Semi|Canberra Raiders|Manly Sea Eagles,,,,,,,,
1998|Minor Prelim Semi|St. George Dragons|Canterbury Bulldogs,,,,,,,,
1998|Minor Semi|North Sydney Bears|Canterbury Bulldogs,,,,,,,,
1998|Prelim Final|Brisbane Broncos|Sydney Roosters,,,,,,,,
1998|Elim Prelim Final|Brisbane Broncos|Melbourne Storm,,,,,,,,
1998|Major Semi|Brisbane Broncos|Parramatta Eels,,,,,,,,
1998|Minor Semi|Melbourne Storm|Canberra Raiders,,,,,,,,
1998|Prelim Final|Canterbury Bulldogs|Parramatta Eels,,,,,,,,
1999|Rd 1|Canberra Raiders|Brisbane Broncos,,,,,,,,
1999|Rd 1|Melbourne Storm|Penrith Panthers,,,,,,,,
1999|Rd 1|Manly Sea Eagles|Newcastle Knights,,,,,,,,
1999|Rd 1|Parramatta Eels|St. George Illawarra Dragons,,,,,,,,
1999|Rd 1|Cronulla Sharks|Balmain Tigers,,,,,,,,
1999|Rd 1|North Sydney Bears|Western Suburbs Magpies,,,,,,,,
1999|Rd 1|South Sydney Rabbitohs|Canterbury Bulldogs,,,,,,,,
1999|Rd 1|Sydney Roosters|Auckland Warriors,,,,,,,,
1999|Rd 2|Newcastle Knights|Parramatta Eels,,,,,,,,
1999|Rd 2|Auckland Warriors|North Sydney Bears,,,,,,,,
1999|Rd 2|Balmain Tigers|Melbourne Storm,,,,,,,,
1999|Rd 2|Penrith Panthers|NQ Cowboys,,,,,,,,
1999|Rd 2|Brisbane Broncos|Cronulla Sharks,,,,,,,,
1999|Rd 2|St. George Illawarra Dragons|Canterbury Bulldogs,,,,,,,,
1999|Rd 2|Sydney Roosters|Manly Sea Eagles,,,,,,,,
1999|Rd 2|South Sydney Rabbitohs|Canberra Raiders,,,,,,,,
1999|Rd 3|Parramatta Eels|Sydney Roosters,,,,,,,,
1999|Rd 3|Balmain Tigers|NQ Cowboys,,,,,,,,
1999|Rd 3|Canberra Raiders|St. George Illawarra Dragons,,,,,,,,
1999|Rd 3|Cronulla Sharks|South Sydney Rabbitohs,,,,,,,,
1999|Rd 3|Brisbane Broncos|Melbourne Storm,,,,,,,,
1999|Rd 3|Canterbury Bulldogs|Newcastle Knights,,,,,,,,
1999|Rd 3|Manly Sea Eagles|Auckland Warriors,,,,,,,,
1999|Rd 3|Penrith Panthers|Western Suburbs Magpies,,,,,,,,
1999|Rd 4|Melbourne Storm|Canterbury Bulldogs,,,,,,,,
1999|Rd 4|Cronulla Sharks|Brisbane Broncos,,,,,,,,
1999|Rd 4|Parramatta Eels|Balmain Tigers,,,,,,,,
1999|Rd 4|South Sydney Rabbitohs|St. George Illawarra Dragons,,,,,,,,
1999|Rd 4|Auckland Warriors|Sydney Roosters,,,,,,,,
1999|Rd 4|Canberra Raiders|Western Suburbs Magpies,,,,,,,,
1999|Rd 4|Newcastle Knights|Manly Sea Eagles,,,,,,,,
1999|Rd 4|North Sydney Bears|NQ Cowboys,,,,,,,,
1999|Rd 5|Canterbury Bulldogs|Brisbane Broncos,,,,,,,,
1999|Rd 5|Balmain Tigers|Auckland Warriors,,,,,,,,
1999|Rd 5|Manly Sea Eagles|South Sydney Rabbitohs,,,,,,,,
1999|Rd 5|NQ Cowboys|Sydney Roosters,,,,,,,,
1999|Rd 5|Melbourne Storm|Cronulla Sharks,,,,,,,,
1999|Rd 5|Penrith Panthers|Parramatta Eels,,,,,,,,
1999|Rd 5|St. George Illawarra Dragons|North Sydney Bears,,,,,,,,
1999|Rd 5|Western Suburbs Magpies|Newcastle Knights,,,,,,,,
1999|Rd 6|Auckland Warriors|Melbourne Storm,,,,,,,,
1999|Rd 6|Sydney Roosters|Parramatta Eels,,,,,,,,
1999|Rd 6|Balmain Tigers|North Sydney Bears,,,,,,,,
1999|Rd 6|Cronulla Sharks|Canterbury Bulldogs,,,,,,,,
1999|Rd 6|NQ Cowboys|Penrith Panthers,,,,,,,,
1999|Rd 6|Brisbane Broncos|South Sydney Rabbitohs,,,,,,,,
1999|Rd 6|Canberra Raiders|Manly Sea Eagles,,,,,,,,
1999|Rd 6|Newcastle Knights|St. George Illawarra Dragons,,,,,,,,
1999|Rd 7|Sydney Roosters|North Sydney Bears,,,,,,,,
1999|Rd 7|Parramatta Eels|Melbourne Storm,,,,,,,,
1999|Rd 7|Penrith Panthers|Cronulla Sharks,,,,,,,,
1999|Rd 7|South Sydney Rabbitohs|Western Suburbs Magpies,,,,,,,,
1999|Rd 7|Auckland Warriors|NQ Cowboys,,,,,,,,
1999|Rd 7|Balmain Tigers|Manly Sea Eagles,,,,,,,,
1999|Rd 7|Newcastle Knights|Brisbane Broncos,,,,,,,,
1999|Rd 7|St. George Illawarra Dragons|Canberra Raiders,,,,,,,,
1999|Rd 8|Manly Sea Eagles|Parramatta Eels,,,,,,,,
1999|Rd 8|Melbourne Storm|South Sydney Rabbitohs,,,,,,,,
1999|Rd 8|Penrith Panthers|North Sydney Bears,,,,,,,,
1999|Rd 8|Balmain Tigers|Western Suburbs Magpies,,,,,,,,
1999|Rd 8|Canberra Raiders|Newcastle Knights,,,,,,,,
1999|Rd 8|Cronulla Sharks|St. George Illawarra Dragons,,,,,,,,
1999|Rd 8|NQ Cowboys|Brisbane Broncos,,,,,,,,
1999|Rd 8|Sydney Roosters|Canterbury Bulldogs,,,,,,,,
1999|Rd 9|Parramatta Eels|Newcastle Knights,,,,,,,,
1999|Rd 9|NQ Cowboys|Balmain Tigers,,,,,,,,
1999|Rd 9|St. George Illawarra Dragons|Sydney Roosters,,,,,,,,
1999|Rd 9|Western Suburbs Magpies|Canterbury Bulldogs,,,,,,,,
1999|Rd 9|Auckland Warriors|South Sydney Rabbitohs,,,,,,,,
1999|Rd 9|Manly Sea Eagles|Penrith Panthers,,,,,,,,
1999|Rd 9|Melbourne Storm|Brisbane Broncos,,,,,,,,
1999|Rd 9|North Sydney Bears|Canberra Raiders,,,,,,,,
1999|Rd 10|South Sydney Rabbitohs|Cronulla Sharks,,,,,,,,
1999|Rd 10|Manly Sea Eagles|NQ Cowboys,,,,,,,,
1999|Rd 10|Parramatta Eels|Auckland Warriors,,,,,,,,
1999|Rd 10|Penrith Panthers|St. George Illawarra Dragons,,,,,,,,
1999|Rd 10|Western Suburbs Magpies|Melbourne Storm,,,,,,,,
1999|Rd 10|Brisbane Broncos|Sydney Roosters,,,,,,,,
1999|Rd 10|Canberra Raiders|Canterbury Bulldogs,,,,,,,,
1999|Rd 10|Newcastle Knights|North Sydney Bears,,,,,,,,
1999|Rd 11|St. George Illawarra Dragons|Cronulla Sharks,,,,,,,,
1999|Rd 11|Canterbury Bulldogs|North Sydney Bears,,,,,,,,
1999|Rd 11|Melbourne Storm|Manly Sea Eagles,,,,,,,,
1999|Rd 11|NQ Cowboys|Parramatta Eels,,,,,,,,
1999|Rd 11|Auckland Warriors|Canberra Raiders,,,,,,,,
1999|Rd 11|Balmain Tigers|Brisbane Broncos,,,,,,,,
1999|Rd 11|Penrith Panthers|Newcastle Knights,,,,,,,,
1999|Rd 11|Sydney Roosters|Western Suburbs Magpies,,,,,,,,
1999|Rd 12|Parramatta Eels|Canberra Raiders,,,,,,,,
1999|Rd 12|St. George Illawarra Dragons|Balmain Tigers,,,,,,,,
1999|Rd 12|Western Suburbs Magpies|Penrith Panthers,,,,,,,,
1999|Rd 12|Canterbury Bulldogs|Auckland Warriors,,,,,,,,
1999|Rd 12|Cronulla Sharks|North Sydney Bears,,,,,,,,
1999|Rd 12|South Sydney Rabbitohs|Newcastle Knights,,,,,,,,
1999|Rd 13|Melbourne Storm|St. George Illawarra Dragons,,,,,,,,
1999|Rd 13|Brisbane Broncos|Western Suburbs Magpies,,,,,,,,
1999|Rd 13|Canterbury Bulldogs|Manly Sea Eagles,,,,,,,,
1999|Rd 13|NQ Cowboys|South Sydney Rabbitohs,,,,,,,,
1999|Rd 13|Auckland Warriors|Parramatta Eels,,,,,,,,
1999|Rd 13|Newcastle Knights|Cronulla Sharks,,,,,,,,
1999|Rd 13|North Sydney Bears|Balmain Tigers,,,,,,,,
1999|Rd 13|Sydney Roosters|Canberra Raiders,,,,,,,,
1999|Rd 14|Canberra Raiders|Melbourne Storm,,,,,,,,
1999|Rd 14|Brisbane Broncos|Penrith Panthers,,,,,,,,
1999|Rd 14|NQ Cowboys|Cronulla Sharks,,,,,,,,
1999|Rd 14|Canterbury Bulldogs|South Sydney Rabbitohs,,,,,,,,
1999|Rd 14|Manly Sea Eagles|Sydney Roosters,,,,,,,,
1999|Rd 14|Western Suburbs Magpies|Balmain Tigers,,,,,,,,
1999|Rd 15|Parramatta Eels|Canterbury Bulldogs,,,,,,,,
1999|Rd 15|Newcastle Knights|Melbourne Storm,,,,,,,,
1999|Rd 15|Penrith Panthers|Auckland Warriors,,,,,,,,
1999|Rd 15|Western Suburbs Magpies|South Sydney Rabbitohs,,,,,,,,
1999|Rd 15|Manly Sea Eagles|Canberra Raiders,,,,,,,,
1999|Rd 15|St. George Illawarra Dragons|NQ Cowboys,,,,,,,,
1999|Rd 15|Sydney Roosters|Cronulla Sharks,,,,,,,,
1999|Rd 15|North Sydney Bears|Brisbane Broncos,,,,,,,,
1999|Rd 16|Melbourne Storm|Sydney Roosters,,,,,,,,
1999|Rd 16|Auckland Warriors|Canterbury Bulldogs,,,,,,,,
1999|Rd 16|Canberra Raiders|Parramatta Eels,,,,,,,,
1999|Rd 16|Cronulla Sharks|Manly Sea Eagles,,,,,,,,
1999|Rd 16|Balmain Tigers|Penrith Panthers,,,,,,,,
1999|Rd 16|Newcastle Knights|NQ Cowboys,,,,,,,,
1999|Rd 16|South Sydney Rabbitohs|North Sydney Bears,,,,,,,,
1999|Rd 16|St. George Illawarra Dragons|Western Suburbs Magpies,,,,,,,,
1999|Rd 17|Parramatta Eels|Cronulla Sharks,,,,,,,,
1999|Rd 17|Auckland Warriors|Balmain Tigers,,,,,,,,
1999|Rd 17|Penrith Panthers|Brisbane Broncos,,,,,,,,
1999|Rd 17|Sydney Roosters|NQ Cowboys,,,,,,,,
1999|Rd 17|Canterbury Bulldogs|Canberra Raiders,,,,,,,,
1999|Rd 17|Manly Sea Eagles|Melbourne Storm,,,,,,,,
1999|Rd 17|Newcastle Knights|Western Suburbs Magpies,,,,,,,,
1999|Rd 17|North Sydney Bears|St. George Illawarra Dragons,,,,,,,,
1999|Rd 18|Melbourne Storm|Parramatta Eels,,,,,,,,
1999|Rd 18|NQ Cowboys|Manly Sea Eagles,,,,,,,,
1999|Rd 18|Penrith Panthers|South Sydney Rabbitohs,,,,,,,,
1999|Rd 18|Western Suburbs Magpies|Sydney Roosters,,,,,,,,
1999|Rd 18|Brisbane Broncos|Balmain Tigers,,,,,,,,
1999|Rd 18|Canberra Raiders|Auckland Warriors,,,,,,,,
1999|Rd 18|Canterbury Bulldogs|Cronulla Sharks,,,,,,,,
1999|Rd 18|North Sydney Bears|Newcastle Knights,,,,,,,,
1999|Rd 19|Cronulla Sharks|Canberra Raiders,,,,,,,,
1999|Rd 19|Brisbane Broncos|Auckland Warriors,,,,,,,,
1999|Rd 19|Canterbury Bulldogs|Melbourne Storm,,,,,,,,
1999|Rd 19|Parramatta Eels|NQ Cowboys,,,,,,,,
1999|Rd 19|Manly Sea Eagles|Western Suburbs Magpies,,,,,,,,
1999|Rd 19|North Sydney Bears|Sydney Roosters,,,,,,,,
1999|Rd 19|South Sydney Rabbitohs|Balmain Tigers,,,,,,,,
1999|Rd 19|St. George Illawarra Dragons|Penrith Panthers,,,,,,,,
1999|Rd 20|Auckland Warriors|Cronulla Sharks,,,,,,,,
1999|Rd 20|Melbourne Storm|Canberra Raiders,,,,,,,,
1999|Rd 20|Balmain Tigers|St. George Illawarra Dragons,,,,,,,,
1999|Rd 20|NQ Cowboys|Canterbury Bulldogs,,,,,,,,
1999|Rd 20|South Sydney Rabbitohs|Brisbane Broncos,,,,,,,,
1999|Rd 20|Newcastle Knights|Penrith Panthers,,,,,,,,
1999|Rd 20|North Sydney Bears|Manly Sea Eagles,,,,,,,,
1999|Rd 20|Western Suburbs Magpies|Parramatta Eels,,,,,,,,
1999|Rd 21|Brisbane Broncos|St. George Illawarra Dragons,,,,,,,,
1999|Rd 21|Balmain Tigers|Newcastle Knights,,,,,,,,
1999|Rd 21|Canberra Raiders|NQ Cowboys,,,,,,,,
1999|Rd 21|Western Suburbs Magpies|Canterbury Bulldogs,,,,,,,,
1999|Rd 21|Cronulla Sharks|Melbourne Storm,,,,,,,,
1999|Rd 21|North Sydney Bears|Parramatta Eels,,,,,,,,
1999|Rd 21|South Sydney Rabbitohs|Auckland Warriors,,,,,,,,
1999|Rd 21|Sydney Roosters|Penrith Panthers,,,,,,,,
1999|Rd 22|Brisbane Broncos|Newcastle Knights,,,,,,,,
1999|Rd 22|Balmain Tigers|Sydney Roosters,,,,,,,,
1999|Rd 22|Cronulla Sharks|NQ Cowboys,,,,,,,,
1999|Rd 22|Penrith Panthers|Manly Sea Eagles,,,,,,,,
1999|Rd 22|Canterbury Bulldogs|North Sydney Bears,,,,,,,,
1999|Rd 22|Melbourne Storm|Auckland Warriors,,,,,,,,
1999|Rd 22|St. George Illawarra Dragons|South Sydney Rabbitohs,,,,,,,,
1999|Rd 22|Western Suburbs Magpies|Canberra Raiders,,,,,,,,
1999|Rd 23|Auckland Warriors|St. George Illawarra Dragons,,,,,,,,
1999|Rd 23|Sydney Roosters|Brisbane Broncos,,,,,,,,
1999|Rd 23|Canberra Raiders|North Sydney Bears,,,,,,,,
1999|Rd 23|Cronulla Sharks|Western Suburbs Magpies,,,,,,,,
1999|Rd 23|NQ Cowboys|Melbourne Storm,,,,,,,,
1999|Rd 23|Manly Sea Eagles|Balmain Tigers,,,,,,,,
1999|Rd 23|Newcastle Knights|South Sydney Rabbitohs,,,,,,,,
1999|Rd 23|Parramatta Eels|Penrith Panthers,,,,,,,,
1999|Rd 24|St. George Illawarra Dragons|Newcastle Knights,,,,,,,,
1999|Rd 24|Balmain Tigers|Parramatta Eels,,,,,,,,
1999|Rd 24|NQ Cowboys|Auckland Warriors,,,,,,,,
1999|Rd 24|North Sydney Bears|Cronulla Sharks,,,,,,,,
1999|Rd 24|Canterbury Bulldogs|Penrith Panthers,,,,,,,,
1999|Rd 24|Manly Sea Eagles|Brisbane Broncos,,,,,,,,
1999|Rd 24|Melbourne Storm|Western Suburbs Magpies,,,,,,,,
1999|Rd 24|South Sydney Rabbitohs|Sydney Roosters,,,,,,,,
1999|Rd 25|Brisbane Broncos|Parramatta Eels,,,,,,,,
1999|Rd 25|Auckland Warriors|Newcastle Knights,,,,,,,,
1999|Rd 25|Canterbury Bulldogs|Balmain Tigers,,,,,,,,
1999|Rd 25|South Sydney Rabbitohs|Manly Sea Eagles,,,,,,,,
1999|Rd 25|North Sydney Bears|Melbourne Storm,,,,,,,,
1999|Rd 25|Penrith Panthers|Canberra Raiders,,,,,,,,
1999|Rd 25|Sydney Roosters|St. George Illawarra Dragons,,,,,,,,
1999|Rd 25|Western Suburbs Magpies|NQ Cowboys,,,,,,,,
1999|Rd 26|Brisbane Broncos|Canterbury Bulldogs,,,,,,,,
1999|Rd 26|Cronulla Sharks|Penrith Panthers,,,,,,,,
1999|Rd 26|NQ Cowboys|North Sydney Bears,,,,,,,,
1999|Rd 26|St. George Illawarra Dragons|Manly Sea Eagles,,,,,,,,
1999|Rd 26|Canberra Raiders|Balmain Tigers,,,,,,,,
1999|Rd 26|Newcastle Knights|Sydney Roosters,,,,,,,,
1999|Rd 26|Parramatta Eels|South Sydney Rabbitohs,,,,,,,,
1999|Rd 26|Western Suburbs Magpies|Auckland Warriors,,,,,,,,
1999|Grand Final|Melbourne Storm|St. George Illawarra Dragons,,,,,,,,
1999|Prelim Final|Melbourne Storm|Parramatta Eels,,,,,,,,
1999|Qualif Final|Sydney Roosters|Canterbury Bulldogs,,,,,,,,
1999|Semi Final|St. George Illawarra Dragons|Sydney Roosters,,,,,,,,
1999|Prelim Final|St. George Illawarra Dragons|Cronulla Sharks,,,,,,,,
1999|Qualif Final|Melbourne Storm|St. George Illawarra Dragons,,,,,,,,
1999|Semi Final|Melbourne Storm|Canterbury Bulldogs,,,,,,,,
1999|Qualif Final|Parramatta Eels|Newcastle Knights,,,,,,,,
1999|Qualif Final|Cronulla Sharks|Brisbane Broncos,,,,,,,,
2000|Rd 1|St. George Illawarra Dragons|Cronulla Sharks,,,,,,,,
2000|Rd 1|Sydney Roosters|Parramatta Eels,,,,,,,,
2000|Rd 1|Auckland Warriors|Melbourne Storm,,,,,,,,
2000|Rd 1|Northern Eagles|Newcastle Knights,,,,,,,,
2000|Rd 1|Wests Tigers|Brisbane Broncos,,,,,,,,
2000|Rd 1|Canberra Raiders|Canterbury Bulldogs,,,,,,,,
2000|Rd 1|Penrith Panthers|NQ Cowboys,,,,,,,,
2000|Rd 2|Parramatta Eels|Brisbane Broncos,,,,,,,,
2000|Rd 2|Cronulla Sharks|Sydney Roosters,,,,,,,,
2000|Rd 2|Newcastle Knights|Melbourne Storm,,,,,,,,
2000|Rd 2|St. George Illawarra Dragons|NQ Cowboys,,,,,,,,
2000|Rd 2|Canberra Raiders|Northern Eagles,,,,,,,,
2000|Rd 2|Canterbury Bulldogs|Penrith Panthers,,,,,,,,
2000|Rd 2|Wests Tigers|Auckland Warriors,,,,,,,,
2000|Rd 3|St. George Illawarra Dragons|Canterbury Bulldogs,,,,,,,,
2000|Rd 3|Canberra Raiders|Melbourne Storm,,,,,,,,
2000|Rd 3|Parramatta Eels|Cronulla Sharks,,,,,,,,
2000|Rd 3|Sydney Roosters|NQ Cowboys,,,,,,,,
2000|Rd 3|Auckland Warriors|Brisbane Broncos,,,,,,,,
2000|Rd 3|Newcastle Knights|Wests Tigers,,,,,,,,
2000|Rd 3|Northern Eagles|Penrith Panthers,,,,,,,,
2000|Rd 4|Sydney Roosters|Canterbury Bulldogs,,,,,,,,
2000|Rd 4|Auckland Warriors|Newcastle Knights,,,,,,,,
2000|Rd 4|Cronulla Sharks|Brisbane Broncos,,,,,,,,
2000|Rd 4|Northern Eagles|St. George Illawarra Dragons,,,,,,,,
2000|Rd 4|Penrith Panthers|Melbourne Storm,,,,,,,,
2000|Rd 4|Wests Tigers|Canberra Raiders,,,,,,,,
2000|Rd 4|Parramatta Eels|NQ Cowboys,,,,,,,,
2000|Rd 5|Melbourne Storm|St. George Illawarra Dragons,,,,,,,,
2000|Rd 5|Brisbane Broncos|Newcastle Knights,,,,,,,,
2000|Rd 5|Canterbury Bulldogs|Parramatta Eels,,,,,,,,
2000|Rd 5|NQ Cowboys|Cronulla Sharks,,,,,,,,
2000|Rd 5|Sydney Roosters|Northern Eagles,,,,,,,,
2000|Rd 5|Wests Tigers|Penrith Panthers,,,,,,,,
2000|Rd 5|Canberra Raiders|Auckland Warriors,,,,,,,,
2000|Rd 6|Melbourne Storm|Sydney Roosters,,,,,,,,
2000|Rd 6|NQ Cowboys|Brisbane Broncos,,,,,,,,
2000|Rd 6|Parramatta Eels|Northern Eagles,,,,,,,,
2000|Rd 6|Penrith Panthers|Auckland Warriors,,,,,,,,
2000|Rd 6|Newcastle Knights|Canberra Raiders,,,,,,,,
2000|Rd 6|St. George Illawarra Dragons|Wests Tigers,,,,,,,,
2000|Rd 6|Cronulla Sharks|Canterbury Bulldogs,,,,,,,,
2000|Rd 7|Brisbane Broncos|Canberra Raiders,,,,,,,,
2000|Rd 7|Auckland Warriors|St. George Illawarra Dragons,,,,,,,,
2000|Rd 7|Melbourne Storm|Parramatta Eels,,,,,,,,
2000|Rd 7|Northern Eagles|Cronulla Sharks,,,,,,,,
2000|Rd 7|Canterbury Bulldogs|NQ Cowboys,,,,,,,,
2000|Rd 7|Penrith Panthers|Newcastle Knights,,,,,,,,
2000|Rd 7|Sydney Roosters|Wests Tigers,,,,,,,,
2000|Rd 8|Newcastle Knights|St. George Illawarra Dragons,,,,,,,,
2000|Rd 8|Canberra Raiders|Penrith Panthers,,,,,,,,
2000|Rd 8|Cronulla Sharks|Melbourne Storm,,,,,,,,
2000|Rd 8|NQ Cowboys|Northern Eagles,,,,,,,,
2000|Rd 8|Auckland Warriors|Sydney Roosters,,,,,,,,
2000|Rd 8|Brisbane Broncos|Canterbury Bulldogs,,,,,,,,
2000|Rd 8|Wests Tigers|Parramatta Eels,,,,,,,,
2000|Rd 9|Penrith Panthers|Brisbane Broncos,,,,,,,,
2000|Rd 9|Cronulla Sharks|Wests Tigers,,,,,,,,
2000|Rd 9|Melbourne Storm|NQ Cowboys,,,,,,,,
2000|Rd 9|Parramatta Eels|Auckland Warriors,,,,,,,,
2000|Rd 9|Canterbury Bulldogs|Northern Eagles,,,,,,,,
2000|Rd 9|St. George Illawarra Dragons|Canberra Raiders,,,,,,,,
2000|Rd 9|Sydney Roosters|Newcastle Knights,,,,,,,,
2000|Rd 10|Brisbane Broncos|Melbourne Storm,,,,,,,,
2000|Rd 10|Canterbury Bulldogs|Auckland Warriors,,,,,,,,
2000|Rd 10|Northern Eagles|Wests Tigers,,,,,,,,
2000|Rd 10|Parramatta Eels|Penrith Panthers,,,,,,,,
2000|Rd 10|Canberra Raiders|Cronulla Sharks,,,,,,,,
2000|Rd 10|Newcastle Knights|NQ Cowboys,,,,,,,,
2000|Rd 10|St. George Illawarra Dragons|Sydney Roosters,,,,,,,,
2000|Rd 11|Cronulla Sharks|Newcastle Knights,,,,,,,,
2000|Rd 11|Melbourne Storm|Northern Eagles,,,,,,,,
2000|Rd 11|NQ Cowboys|Auckland Warriors,,,,,,,,
2000|Rd 11|Penrith Panthers|Sydney Roosters,,,,,,,,
2000|Rd 11|Brisbane Broncos|St. George Illawarra Dragons,,,,,,,,
2000|Rd 11|Canberra Raiders|Parramatta Eels,,,,,,,,
2000|Rd 11|Wests Tigers|Canterbury Bulldogs,,,,,,,,
2000|Rd 12|St. George Illawarra Dragons|Penrith Panthers,,,,,,,,
2000|Rd 12|Wests Tigers|NQ Cowboys,,,,,,,,
2000|Rd 12|Newcastle Knights|Parramatta Eels,,,,,,,,
2000|Rd 12|Northern Eagles|Brisbane Broncos,,,,,,,,
2000|Rd 12|Auckland Warriors|Cronulla Sharks,,,,,,,,
2000|Rd 12|Sydney Roosters|Canberra Raiders,,,,,,,,
2000|Rd 12|Canterbury Bulldogs|Melbourne Storm,,,,,,,,
2000|Rd 13|Brisbane Broncos|Parramatta Eels,,,,,,,,
2000|Rd 13|Auckland Warriors|Wests Tigers,,,,,,,,
2000|Rd 13|NQ Cowboys|St. George Illawarra Dragons,,,,,,,,
2000|Rd 13|Northern Eagles|Canberra Raiders,,,,,,,,
2000|Rd 13|Melbourne Storm|Newcastle Knights,,,,,,,,
2000|Rd 13|Penrith Panthers|Canterbury Bulldogs,,,,,,,,
2000|Rd 13|Sydney Roosters|Cronulla Sharks,,,,,,,,
2000|Rd 14|Parramatta Eels|Melbourne Storm,,,,,,,,
2000|Rd 14|Cronulla Sharks|Northern Eagles,,,,,,,,
2000|Rd 14|NQ Cowboys|Canterbury Bulldogs,,,,,,,,
2000|Rd 14|St. George Illawarra Dragons|Auckland Warriors,,,,,,,,
2000|Rd 14|Newcastle Knights|Penrith Panthers,,,,,,,,
2000|Rd 14|Wests Tigers|Sydney Roosters,,,,,,,,
2000|Rd 14|Canberra Raiders|Brisbane Broncos,,,,,,,,
2000|Rd 15|Melbourne Storm|Wests Tigers,,,,,,,,
2000|Rd 15|Canberra Raiders|NQ Cowboys,,,,,,,,
2000|Rd 15|Canterbury Bulldogs|Newcastle Knights,,,,,,,,
2000|Rd 15|Northern Eagles|Auckland Warriors,,,,,,,,
2000|Rd 15|Brisbane Broncos|Sydney Roosters,,,,,,,,
2000|Rd 15|Cronulla Sharks|Penrith Panthers,,,,,,,,
2000|Rd 15|Parramatta Eels|St. George Illawarra Dragons,,,,,,,,
2000|Rd 16|Penrith Panthers|Parramatta Eels,,,,,,,,
2000|Rd 16|Auckland Warriors|Canterbury Bulldogs,,,,,,,,
2000|Rd 16|Cronulla Sharks|Canberra Raiders,,,,,,,,
2000|Rd 16|Sydney Roosters|St. George Illawarra Dragons,,,,,,,,
2000|Rd 16|Melbourne Storm|Brisbane Broncos,,,,,,,,
2000|Rd 16|NQ Cowboys|Newcastle Knights,,,,,,,,
2000|Rd 16|Wests Tigers|Northern Eagles,,,,,,,,
2000|Rd 17|Brisbane Broncos|Cronulla Sharks,,,,,,,,
2000|Rd 17|Melbourne Storm|Penrith Panthers,,,,,,,,
2000|Rd 17|NQ Cowboys|Parramatta Eels,,,,,,,,
2000|Rd 17|Newcastle Knights|Auckland Warriors,,,,,,,,
2000|Rd 17|Canberra Raiders|Wests Tigers,,,,,,,,
2000|Rd 17|Canterbury Bulldogs|Sydney Roosters,,,,,,,,
2000|Rd 17|St. George Illawarra Dragons|Northern Eagles,,,,,,,,
2000|Rd 18|Parramatta Eels|Canterbury Bulldogs,,,,,,,,
2000|Rd 18|Auckland Warriors|Canberra Raiders,,,,,,,,
2000|Rd 18|Cronulla Sharks|NQ Cowboys,,,,,,,,
2000|Rd 18|Newcastle Knights|Brisbane Broncos,,,,,,,,
2000|Rd 18|Northern Eagles|Sydney Roosters,,,,,,,,
2000|Rd 18|Penrith Panthers|Wests Tigers,,,,,,,,
2000|Rd 18|St. George Illawarra Dragons|Melbourne Storm,,,,,,,,
2000|Rd 19|Wests Tigers|St. George Illawarra Dragons,,,,,,,,
2000|Rd 19|Auckland Warriors|Penrith Panthers,,,,,,,,
2000|Rd 19|Brisbane Broncos|NQ Cowboys,,,,,,,,
2000|Rd 19|Canberra Raiders|Newcastle Knights,,,,,,,,
2000|Rd 19|Northern Eagles|Parramatta Eels,,,,,,,,
2000|Rd 19|Sydney Roosters|Melbourne Storm,,,,,,,,
2000|Rd 19|Canterbury Bulldogs|Cronulla Sharks,,,,,,,,
2000|Rd 20|Parramatta Eels|Sydney Roosters,,,,,,,,
2000|Rd 20|Canterbury Bulldogs|Canberra Raiders,,,,,,,,
2000|Rd 20|NQ Cowboys|Penrith Panthers,,,,,,,,
2000|Rd 20|Newcastle Knights|Northern Eagles,,,,,,,,
2000|Rd 20|Brisbane Broncos|Wests Tigers,,,,,,,,
2000|Rd 20|Cronulla Sharks|St. George Illawarra Dragons,,,,,,,,
2000|Rd 20|Melbourne Storm|Auckland Warriors,,,,,,,,
2000|Rd 21|Canterbury Bulldogs|Brisbane Broncos,,,,,,,,
2000|Rd 21|Melbourne Storm|Cronulla Sharks,,,,,,,,
2000|Rd 21|Penrith Panthers|Canberra Raiders,,,,,,,,
2000|Rd 21|Sydney Roosters|Auckland Warriors,,,,,,,,
2000|Rd 21|Northern Eagles|NQ Cowboys,,,,,,,,
2000|Rd 21|Parramatta Eels|Wests Tigers,,,,,,,,
2000|Rd 21|St. George Illawarra Dragons|Newcastle Knights,,,,,,,,
2000|Rd 22|Auckland Warriors|Parramatta Eels,,,,,,,,
2000|Rd 22|Newcastle Knights|Sydney Roosters,,,,,,,,
2000|Rd 22|Canberra Raiders|St. George Illawarra Dragons,,,,,,,,
2000|Rd 22|NQ Cowboys|Melbourne Storm,,,,,,,,
2000|Rd 22|Wests Tigers|Cronulla Sharks,,,,,,,,
2000|Rd 22|Brisbane Broncos|Penrith Panthers,,,,,,,,
2000|Rd 22|Northern Eagles|Canterbury Bulldogs,,,,,,,,
2000|Rd 23|Parramatta Eels|Newcastle Knights,,,,,,,,
2000|Rd 23|Cronulla Sharks|Auckland Warriors,,,,,,,,
2000|Rd 23|Melbourne Storm|Canterbury Bulldogs,,,,,,,,
2000|Rd 23|Penrith Panthers|St. George Illawarra Dragons,,,,,,,,
2000|Rd 23|Brisbane Broncos|Northern Eagles,,,,,,,,
2000|Rd 23|Canberra Raiders|Sydney Roosters,,,,,,,,
2000|Rd 23|NQ Cowboys|Wests Tigers,,,,,,,,
2000|Rd 24|Newcastle Knights|Cronulla Sharks,,,,,,,,
2000|Rd 24|Auckland Warriors|NQ Cowboys,,,,,,,,
2000|Rd 24|Northern Eagles|Melbourne Storm,,,,,,,,
2000|Rd 24|Parramatta Eels|Canberra Raiders,,,,,,,,
2000|Rd 24|Canterbury Bulldogs|Wests Tigers,,,,,,,,
2000|Rd 24|St. George Illawarra Dragons|Brisbane Broncos,,,,,,,,
2000|Rd 24|Sydney Roosters|Penrith Panthers,,,,,,,,
2000|Rd 25|Melbourne Storm|Canberra Raiders,,,,,,,,
2000|Rd 25|Brisbane Broncos|Auckland Warriors,,,,,,,,
2000|Rd 25|NQ Cowboys|Sydney Roosters,,,,,,,,
2000|Rd 25|Penrith Panthers|Northern Eagles,,,,,,,,
2000|Rd 25|Canterbury Bulldogs|St. George Illawarra Dragons,,,,,,,,
2000|Rd 25|Cronulla Sharks|Parramatta Eels,,,,,,,,
2000|Rd 25|Wests Tigers|Newcastle Knights,,,,,,,,
2000|Rd 26|Sydney Roosters|Brisbane Broncos,,,,,,,,
2000|Rd 26|NQ Cowboys|Canberra Raiders,,,,,,,,
2000|Rd 26|St. George Illawarra Dragons|Parramatta Eels,,,,,,,,
2000|Rd 26|Wests Tigers|Melbourne Storm,,,,,,,,
2000|Rd 26|Auckland Warriors|Northern Eagles,,,,,,,,
2000|Rd 26|Newcastle Knights|Canterbury Bulldogs,,,,,,,,
2000|Rd 26|Penrith Panthers|Cronulla Sharks,,,,,,,,
2000|Grand Final|Brisbane Broncos|Sydney Roosters,,,,,,,,
2000|Prelim Final|Sydney Roosters|Newcastle Knights,,,,,,,,
2000|Qualif Final|Canberra Raiders|Penrith Panthers,,,,,,,,
2000|Semi Final|Parramatta Eels|Penrith Panthers,,,,,,,,
2000|Prelim Final|Brisbane Broncos|Parramatta Eels,,,,,,,,
2000|Qualif Final|Newcastle Knights|Melbourne Storm,,,,,,,,
2000|Semi Final|Sydney Roosters|Canberra Raiders,,,,,,,,
2000|Qualif Final|Sydney Roosters|Parramatta Eels,,,,,,,,
2000|Qualif Final|Brisbane Broncos|Cronulla Sharks,,,,,,,,
2001|Rd 1|NQ Cowboys|Brisbane Broncos,,,,,,,,
2001|Rd 1|Penrith Panthers|Parramatta Eels,,,,,,,,
2001|Rd 1|Wests Tigers|Sydney Roosters,,,,,,,,
2001|Rd 1|Cronulla Sharks|St. George Illawarra Dragons,,,,,,,,
2001|Rd 1|Melbourne Storm|Canterbury Bulldogs,,,,,,,,
2001|Rd 1|New Zealand Warriors|Canberra Raiders,,,,,,,,
2001|Rd 1|Newcastle Knights|Northern Eagles,,,,,,,,
2001|Rd 2|Sydney Roosters|Newcastle Knights,,,,,,,,
2001|Rd 2|Brisbane Broncos|Penrith Panthers,,,,,,,,
2001|Rd 2|Melbourne Storm|NQ Cowboys,,,,,,,,
2001|Rd 2|Parramatta Eels|Cronulla Sharks,,,,,,,,
2001|Rd 2|Canberra Raiders|Canterbury Bulldogs,,,,,,,,
2001|Rd 2|Northern Eagles|New Zealand Warriors,,,,,,,,
2001|Rd 2|St. George Illawarra Dragons|Wests Tigers,,,,,,,,
2001|Rd 3|Parramatta Eels|Brisbane Broncos,,,,,,,,
2001|Rd 3|Cronulla Sharks|Canberra Raiders,,,,,,,,
2001|Rd 3|NQ Cowboys|Sydney Roosters,,,,,,,,
2001|Rd 3|St. George Illawarra Dragons|Melbourne Storm,,,,,,,,
2001|Rd 3|Canterbury Bulldogs|Newcastle Knights,,,,,,,,
2001|Rd 3|Penrith Panthers|Northern Eagles,,,,,,,,
2001|Rd 3|Wests Tigers|New Zealand Warriors,,,,,,,,
2001|Rd 4|New Zealand Warriors|St. George Illawarra Dragons,,,,,,,,
2001|Rd 4|Newcastle Knights|Parramatta Eels,,,,,,,,
2001|Rd 4|Brisbane Broncos|Wests Tigers,,,,,,,,
2001|Rd 4|Canterbury Bulldogs|Northern Eagles,,,,,,,,
2001|Rd 4|NQ Cowboys|Penrith Panthers,,,,,,,,
2001|Rd 4|Melbourne Storm|Cronulla Sharks,,,,,,,,
2001|Rd 4|Sydney Roosters|Canberra Raiders,,,,,,,,
2001|Rd 5|Brisbane Broncos|Newcastle Knights,,,,,,,,
2001|Rd 5|Cronulla Sharks|NQ Cowboys,,,,,,,,
2001|Rd 5|Northern Eagles|Sydney Roosters,,,,,,,,
2001|Rd 5|Penrith Panthers|Canterbury Bulldogs,,,,,,,,
2001|Rd 5|Canberra Raiders|St. George Illawarra Dragons,,,,,,,,
2001|Rd 5|Parramatta Eels|New Zealand Warriors,,,,,,,,
2001|Rd 5|Wests Tigers|Melbourne Storm,,,,,,,,
2001|Rd 6|St. George Illawarra Dragons|Northern Eagles,,,,,,,,
2001|Rd 6|NQ Cowboys|Wests Tigers,,,,,,,,
2001|Rd 6|New Zealand Warriors|Brisbane Broncos,,,,,,,,
2001|Rd 6|Penrith Panthers|Cronulla Sharks,,,,,,,,
2001|Rd 6|Canberra Raiders|Parramatta Eels,,,,,,,,
2001|Rd 6|Melbourne Storm|Newcastle Knights,,,,,,,,
2001|Rd 6|Sydney Roosters|Canterbury Bulldogs,,,,,,,,
2001|Rd 7|Canterbury Bulldogs|Brisbane Broncos,,,,,,,,
2001|Rd 7|Newcastle Knights|New Zealand Warriors,,,,,,,,
2001|Rd 7|Parramatta Eels|Melbourne Storm,,,,,,,,
2001|Rd 7|Northern Eagles|Cronulla Sharks,,,,,,,,
2001|Rd 7|St. George Illawarra Dragons|NQ Cowboys,,,,,,,,
2001|Rd 7|Wests Tigers|Canberra Raiders,,,,,,,,
2001|Rd 7|Sydney Roosters|Penrith Panthers,,,,,,,,
2001|Rd 8|Northern Eagles|Wests Tigers,,,,,,,,
2001|Rd 8|Canterbury Bulldogs|New Zealand Warriors,,,,,,,,
2001|Rd 8|Cronulla Sharks|Sydney Roosters,,,,,,,,
2001|Rd 8|NQ Cowboys|Parramatta Eels,,,,,,,,
2001|Rd 8|Brisbane Broncos|Melbourne Storm,,,,,,,,
2001|Rd 8|Canberra Raiders|Newcastle Knights,,,,,,,,
2001|Rd 8|Penrith Panthers|St. George Illawarra Dragons,,,,,,,,
2001|Rd 9|Melbourne Storm|Northern Eagles,,,,,,,,
2001|Rd 9|Sydney Roosters|Brisbane Broncos,,,,,,,,
2001|Rd 9|St. George Illawarra Dragons|Parramatta Eels,,,,,,,,
2001|Rd 9|Wests Tigers|Canterbury Bulldogs,,,,,,,,
2001|Rd 9|Canberra Raiders|NQ Cowboys,,,,,,,,
2001|Rd 9|Newcastle Knights|Cronulla Sharks,,,,,,,,
2001|Rd 9|New Zealand Warriors|Penrith Panthers,,,,,,,,
2001|Rd 10|Parramatta Eels|Canterbury Bulldogs,,,,,,,,
2001|Rd 10|Brisbane Broncos|St. George Illawarra Dragons,,,,,,,,
2001|Rd 10|Cronulla Sharks|New Zealand Warriors,,,,,,,,
2001|Rd 10|Penrith Panthers|Canberra Raiders,,,,,,,,
2001|Rd 10|Melbourne Storm|Sydney Roosters,,,,,,,,
2001|Rd 10|NQ Cowboys|Northern Eagles,,,,,,,,
2001|Rd 10|Newcastle Knights|Wests Tigers,,,,,,,,
2001|Rd 11|Brisbane Broncos|Cronulla Sharks,,,,,,,,
2001|Rd 11|NQ Cowboys|Canterbury Bulldogs,,,,,,,,
2001|Rd 11|Northern Eagles|Canberra Raiders,,,,,,,,
2001|Rd 11|St. George Illawarra Dragons|Newcastle Knights,,,,,,,,
2001|Rd 11|Penrith Panthers|Melbourne Storm,,,,,,,,
2001|Rd 11|Sydney Roosters|New Zealand Warriors,,,,,,,,
2001|Rd 11|Wests Tigers|Parramatta Eels,,,,,,,,
2001|Rd 12|Cronulla Sharks|Canterbury Bulldogs,,,,,,,,
2001|Rd 12|New Zealand Warriors|Melbourne Storm,,,,,,,,
2001|Rd 12|Northern Eagles|Parramatta Eels,,,,,,,,
2001|Rd 12|Wests Tigers|Penrith Panthers,,,,,,,,
2001|Rd 12|Canberra Raiders|Brisbane Broncos,,,,,,,,
2001|Rd 12|Newcastle Knights|NQ Cowboys,,,,,,,,
2001|Rd 12|St. George Illawarra Dragons|Sydney Roosters,,,,,,,,
2001|Rd 13|Parramatta Eels|Sydney Roosters,,,,,,,,
2001|Rd 13|Cronulla Sharks|Wests Tigers,,,,,,,,
2001|Rd 13|Melbourne Storm|Canberra Raiders,,,,,,,,
2001|Rd 13|Penrith Panthers|Newcastle Knights,,,,,,,,
2001|Rd 13|Brisbane Broncos|Northern Eagles,,,,,,,,
2001|Rd 13|Canterbury Bulldogs|St. George Illawarra Dragons,,,,,,,,
2001|Rd 13|NQ Cowboys|New Zealand Warriors,,,,,,,,
2001|Rd 14|St. George Illawarra Dragons|Cronulla Sharks,,,,,,,,
2001|Rd 14|Canberra Raiders|New Zealand Warriors,,,,,,,,
2001|Rd 14|Northern Eagles|Newcastle Knights,,,,,,,,
2001|Rd 14|Sydney Roosters|Wests Tigers,,,,,,,,
2001|Rd 14|Brisbane Broncos|NQ Cowboys,,,,,,,,
2001|Rd 14|Canterbury Bulldogs|Melbourne Storm,,,,,,,,
2001|Rd 14|Parramatta Eels|Penrith Panthers,,,,,,,,
2001|Rd 15|New Zealand Warriors|Northern Eagles,,,,,,,,
2001|Rd 15|Newcastle Knights|Sydney Roosters,,,,,,,,
2001|Rd 15|Canterbury Bulldogs|Canberra Raiders,,,,,,,,
2001|Rd 15|NQ Cowboys|Melbourne Storm,,,,,,,,
2001|Rd 15|Penrith Panthers|Brisbane Broncos,,,,,,,,
2001|Rd 15|Cronulla Sharks|Parramatta Eels,,,,,,,,
2001|Rd 15|Wests Tigers|St. George Illawarra Dragons,,,,,,,,
2001|Rd 16|Brisbane Broncos|Parramatta Eels,,,,,,,,
2001|Rd 16|Canberra Raiders|Cronulla Sharks,,,,,,,,
2001|Rd 16|New Zealand Warriors|Wests Tigers,,,,,,,,
2001|Rd 16|Sydney Roosters|NQ Cowboys,,,,,,,,
2001|Rd 16|Melbourne Storm|St. George Illawarra Dragons,,,,,,,,
2001|Rd 16|Newcastle Knights|Canterbury Bulldogs,,,,,,,,
2001|Rd 16|Northern Eagles|Penrith Panthers,,,,,,,,
2001|Rd 17|Parramatta Eels|Newcastle Knights,,,,,,,,
2001|Rd 17|Cronulla Sharks|Melbourne Storm,,,,,,,,
2001|Rd 17|Penrith Panthers|NQ Cowboys,,,,,,,,
2001|Rd 17|Wests Tigers|Brisbane Broncos,,,,,,,,
2001|Rd 17|Canberra Raiders|Sydney Roosters,,,,,,,,
2001|Rd 17|Northern Eagles|Canterbury Bulldogs,,,,,,,,
2001|Rd 17|St. George Illawarra Dragons|New Zealand Warriors,,,,,,,,
2001|Rd 18|Melbourne Storm|Wests Tigers,,,,,,,,
2001|Rd 18|Newcastle Knights|Brisbane Broncos,,,,,,,,
2001|Rd 18|NQ Cowboys|Cronulla Sharks,,,,,,,,
2001|Rd 18|New Zealand Warriors|Parramatta Eels,,,,,,,,
2001|Rd 18|St. George Illawarra Dragons|Canberra Raiders,,,,,,,,
2001|Rd 18|Canterbury Bulldogs|Penrith Panthers,,,,,,,,
2001|Rd 18|Sydney Roosters|Northern Eagles,,,,,,,,
2001|Rd 19|Cronulla Sharks|Penrith Panthers,,,,,,,,
2001|Rd 19|Northern Eagles|St. George Illawarra Dragons,,,,,,,,
2001|Rd 19|Wests Tigers|NQ Cowboys,,,,,,,,
2001|Rd 19|Brisbane Broncos|New Zealand Warriors,,,,,,,,
2001|Rd 19|Canterbury Bulldogs|Sydney Roosters,,,,,,,,
2001|Rd 19|Newcastle Knights|Melbourne Storm,,,,,,,,
2001|Rd 19|Parramatta Eels|Canberra Raiders,,,,,,,,
2001|Rd 20|Melbourne Storm|Parramatta Eels,,,,,,,,
2001|Rd 20|Cronulla Sharks|Northern Eagles,,,,,,,,
2001|Rd 20|NQ Cowboys|St. George Illawarra Dragons,,,,,,,,
2001|Rd 20|Penrith Panthers|Sydney Roosters,,,,,,,,
2001|Rd 20|Brisbane Broncos|Canterbury Bulldogs,,,,,,,,
2001|Rd 20|Canberra Raiders|Wests Tigers,,,,,,,,
2001|Rd 20|New Zealand Warriors|Newcastle Knights,,,,,,,,
2001|Rd 21|Sydney Roosters|Cronulla Sharks,,,,,,,,
2001|Rd 21|New Zealand Warriors|Canterbury Bulldogs,,,,,,,,
2001|Rd 21|St. George Illawarra Dragons|Penrith Panthers,,,,,,,,
2001|Rd 21|Wests Tigers|Northern Eagles,,,,,,,,
2001|Rd 21|Melbourne Storm|Brisbane Broncos,,,,,,,,
2001|Rd 21|Newcastle Knights|Canberra Raiders,,,,,,,,
2001|Rd 21|Parramatta Eels|NQ Cowboys,,,,,,,,
2001|Rd 22|Parramatta Eels|St. George Illawarra Dragons,,,,,,,,
2001|Rd 22|Canterbury Bulldogs|Wests Tigers,,,,,,,,
2001|Rd 22|NQ Cowboys|Canberra Raiders,,,,,,,,
2001|Rd 22|Northern Eagles|Melbourne Storm,,,,,,,,
2001|Rd 22|Brisbane Broncos|Sydney Roosters,,,,,,,,
2001|Rd 22|Cronulla Sharks|Newcastle Knights,,,,,,,,
2001|Rd 22|Penrith Panthers|New Zealand Warriors,,,,,,,,
2001|Rd 23|Canterbury Bulldogs|Parramatta Eels,,,,,,,,
2001|Rd 23|Canberra Raiders|Penrith Panthers,,,,,,,,
2001|Rd 23|New Zealand Warriors|Cronulla Sharks,,,,,,,,
2001|Rd 23|Wests Tigers|Newcastle Knights,,,,,,,,
2001|Rd 23|Northern Eagles|NQ Cowboys,,,,,,,,
2001|Rd 23|St. George Illawarra Dragons|Brisbane Broncos,,,,,,,,
2001|Rd 23|Sydney Roosters|Melbourne Storm,,,,,,,,
2001|Rd 24|Newcastle Knights|St. George Illawarra Dragons,,,,,,,,
2001|Rd 24|Canterbury Bulldogs|NQ Cowboys,,,,,,,,
2001|Rd 24|New Zealand Warriors|Sydney Roosters,,,,,,,,
2001|Rd 24|Parramatta Eels|Wests Tigers,,,,,,,,
2001|Rd 24|Canberra Raiders|Northern Eagles,,,,,,,,
2001|Rd 24|Cronulla Sharks|Brisbane Broncos,,,,,,,,
2001|Rd 24|Melbourne Storm|Penrith Panthers,,,,,,,,
2001|Rd 25|Canterbury Bulldogs|Cronulla Sharks,,,,,,,,
2001|Rd 25|NQ Cowboys|Newcastle Knights,,,,,,,,
2001|Rd 25|Parramatta Eels|Northern Eagles,,,,,,,,
2001|Rd 25|Penrith Panthers|Wests Tigers,,,,,,,,
2001|Rd 25|Brisbane Broncos|Canberra Raiders,,,,,,,,
2001|Rd 25|Sydney Roosters|St. George Illawarra Dragons,,,,,,,,
2001|Rd 25|Melbourne Storm|New Zealand Warriors,,,,,,,,
2001|Rd 26|St. George Illawarra Dragons|Canterbury Bulldogs,,,,,,,,
2001|Rd 26|Canberra Raiders|Melbourne Storm,,,,,,,,
2001|Rd 26|Newcastle Knights|Penrith Panthers,,,,,,,,
2001|Rd 26|Northern Eagles|Brisbane Broncos,,,,,,,,
2001|Rd 26|New Zealand Warriors|NQ Cowboys,,,,,,,,
2001|Rd 26|Sydney Roosters|Parramatta Eels,,,,,,,,
2001|Rd 26|Wests Tigers|Cronulla Sharks,,,,,,,,
2001|Grand Final|Newcastle Knights|Parramatta Eels,,,,,,,,
2001|Prelim Final|Newcastle Knights|Cronulla Sharks,,,,,,,,
2001|Qualif Final|Cronulla Sharks|Brisbane Broncos,,,,,,,,
2001|Semi Final|Brisbane Broncos|St. George Illawarra Dragons,,,,,,,,
2001|Prelim Final|Parramatta Eels|Brisbane Broncos,,,,,,,,
2001|Qualif Final|Canterbury Bulldogs|St. George Illawarra Dragons,,,,,,,,
2001|Semi Final|Cronulla Sharks|Canterbury Bulldogs,,,,,,,,
2001|Qualif Final|Newcastle Knights|Sydney Roosters,,,,,,,,
2001|Qualif Final|Parramatta Eels|New Zealand Warriors,,,,,,,,
2002|Rd 1|South Sydney Rabbitohs|Sydney Roosters,,,,,,,,
2002|Rd 1|Canterbury Bulldogs|Wests Tigers,,,,,,,,
2002|Rd 1|Melbourne Storm|Canberra Raiders,,,,,,,,
2002|Rd 1|NQ Cowboys|Brisbane Broncos,,,,,,,,
2002|Rd 1|Northern Eagles|Newcastle Knights,,,,,,,,
2002|Rd 1|Parramatta Eels|Penrith Panthers,,,,,,,,
2002|Rd 1|St. George Illawarra Dragons|Cronulla Sharks,,,,,,,,
2002|Rd 2|Brisbane Broncos|Canterbury Bulldogs,,,,,,,,
2002|Rd 2|Canberra Raiders|South Sydney Rabbitohs,,,,,,,,
2002|Rd 2|Cronulla Sharks|Melbourne Storm,,,,,,,,
2002|Rd 2|Newcastle Knights|NQ Cowboys,,,,,,,,
2002|Rd 2|New Zealand Warriors|Sydney Roosters,,,,,,,,
2002|Rd 2|Penrith Panthers|St. George Illawarra Dragons,,,,,,,,
2002|Rd 2|Wests Tigers|Parramatta Eels,,,,,,,,
2002|Rd 3|Sydney Roosters|Brisbane Broncos,,,,,,,,
2002|Rd 3|Cronulla Sharks|Penrith Panthers,,,,,,,,
2002|Rd 3|Melbourne Storm|NQ Cowboys,,,,,,,,
2002|Rd 3|South Sydney Rabbitohs|Northern Eagles,,,,,,,,
2002|Rd 3|Canterbury Bulldogs|St. George Illawarra Dragons,,,,,,,,
2002|Rd 3|Wests Tigers|Canberra Raiders,,,,,,,,
2002|Rd 3|New Zealand Warriors|Newcastle Knights,,,,,,,,
2002|Rd 4|South Sydney Rabbitohs|Canterbury Bulldogs,,,,,,,,
2002|Rd 4|NQ Cowboys|New Zealand Warriors,,,,,,,,
2002|Rd 4|Parramatta Eels|Melbourne Storm,,,,,,,,
2002|Rd 4|Penrith Panthers|Wests Tigers,,,,,,,,
2002|Rd 4|Brisbane Broncos|Cronulla Sharks,,,,,,,,
2002|Rd 4|Newcastle Knights|Canberra Raiders,,,,,,,,
2002|Rd 4|Northern Eagles|Sydney Roosters,,,,,,,,
2002|Rd 5|Sydney Roosters|Newcastle Knights,,,,,,,,
2002|Rd 5|Canberra Raiders|Brisbane Broncos,,,,,,,,
2002|Rd 5|Melbourne Storm|Canterbury Bulldogs,,,,,,,,
2002|Rd 5|NQ Cowboys|South Sydney Rabbitohs,,,,,,,,
2002|Rd 5|Cronulla Sharks|Wests Tigers,,,,,,,,
2002|Rd 5|New Zealand Warriors|Northern Eagles,,,,,,,,
2002|Rd 5|St. George Illawarra Dragons|Parramatta Eels,,,,,,,,
2002|Rd 6|Newcastle Knights|Cronulla Sharks,,,,,,,,
2002|Rd 6|Canterbury Bulldogs|New Zealand Warriors,,,,,,,,
2002|Rd 6|Melbourne Storm|St. George Illawarra Dragons,,,,,,,,
2002|Rd 6|Northern Eagles|Canberra Raiders,,,,,,,,
2002|Rd 6|Brisbane Broncos|Penrith Panthers,,,,,,,,
2002|Rd 6|Sydney Roosters|NQ Cowboys,,,,,,,,
2002|Rd 6|South Sydney Rabbitohs|Parramatta Eels,,,,,,,,
2002|Rd 7|St. George Illawarra Dragons|Sydney Roosters,,,,,,,,
2002|Rd 7|Brisbane Broncos|Newcastle Knights,,,,,,,,
2002|Rd 7|New Zealand Warriors|Melbourne Storm,,,,,,,,
2002|Rd 7|Parramatta Eels|Canberra Raiders,,,,,,,,
2002|Rd 7|Penrith Panthers|NQ Cowboys,,,,,,,,
2002|Rd 7|Cronulla Sharks|Canterbury Bulldogs,,,,,,,,
2002|Rd 7|Wests Tigers|Northern Eagles,,,,,,,,
2002|Rd 8|South Sydney Rabbitohs|Brisbane Broncos,,,,,,,,
2002|Rd 8|Canberra Raiders|Cronulla Sharks,,,,,,,,
2002|Rd 8|Melbourne Storm|Newcastle Knights,,,,,,,,
2002|Rd 8|Sydney Roosters|Penrith Panthers,,,,,,,,
2002|Rd 8|Northern Eagles|St. George Illawarra Dragons,,,,,,,,
2002|Rd 8|Parramatta Eels|NQ Cowboys,,,,,,,,
2002|Rd 8|Wests Tigers|New Zealand Warriors,,,,,,,,
2002|Rd 9|Brisbane Broncos|Northern Eagles,,,,,,,,
2002|Rd 9|NQ Cowboys|Wests Tigers,,,,,,,,
2002|Rd 9|Sydney Roosters|Melbourne Storm,,,,,,,,
2002|Rd 9|Canterbury Bulldogs|Penrith Panthers,,,,,,,,
2002|Rd 9|Cronulla Sharks|Parramatta Eels,,,,,,,,
2002|Rd 9|New Zealand Warriors|South Sydney Rabbitohs,,,,,,,,
2002|Rd 9|St. George Illawarra Dragons|Canberra Raiders,,,,,,,,
2002|Rd 10|Newcastle Knights|New Zealand Warriors,,,,,,,,
2002|Rd 10|Melbourne Storm|Parramatta Eels,,,,,,,,
2002|Rd 10|NQ Cowboys|Penrith Panthers,,,,,,,,
2002|Rd 10|St. George Illawarra Dragons|Wests Tigers,,,,,,,,
2002|Rd 10|Canterbury Bulldogs|Cronulla Sharks,,,,,,,,
2002|Rd 10|South Sydney Rabbitohs|Canberra Raiders,,,,,,,,
2002|Rd 11|Parramatta Eels|Sydney Roosters,,,,,,,,
2002|Rd 11|Melbourne Storm|New Zealand Warriors,,,,,,,,
2002|Rd 11|Northern Eagles|Canterbury Bulldogs,,,,,,,,
2002|Rd 11|Penrith Panthers|Cronulla Sharks,,,,,,,,
2002|Rd 11|Canberra Raiders|NQ Cowboys,,,,,,,,
2002|Rd 11|Newcastle Knights|South Sydney Rabbitohs,,,,,,,,
2002|Rd 11|St. George Illawarra Dragons|Brisbane Broncos,,,,,,,,
2002|Rd 12|Wests Tigers|Brisbane Broncos,,,,,,,,
2002|Rd 12|Canberra Raiders|Northern Eagles,,,,,,,,
2002|Rd 12|NQ Cowboys|St. George Illawarra Dragons,,,,,,,,
2002|Rd 12|Penrith Panthers|Sydney Roosters,,,,,,,,
2002|Rd 12|Canterbury Bulldogs|South Sydney Rabbitohs,,,,,,,,
2002|Rd 12|New Zealand Warriors|Cronulla Sharks,,,,,,,,
2002|Rd 13|Brisbane Broncos|Parramatta Eels,,,,,,,,
2002|Rd 13|Cronulla Sharks|St. George Illawarra Dragons,,,,,,,,
2002|Rd 13|Newcastle Knights|Melbourne Storm,,,,,,,,
2002|Rd 13|Penrith Panthers|Canterbury Bulldogs,,,,,,,,
2002|Rd 13|New Zealand Warriors|NQ Cowboys,,,,,,,,
2002|Rd 13|Northern Eagles|Wests Tigers,,,,,,,,
2002|Rd 13|Sydney Roosters|South Sydney Rabbitohs,,,,,,,,
2002|Rd 14|Parramatta Eels|Newcastle Knights,,,,,,,,
2002|Rd 14|South Sydney Rabbitohs|New Zealand Warriors,,,,,,,,
2002|Rd 14|St. George Illawarra Dragons|Melbourne Storm,,,,,,,,
2002|Rd 14|Wests Tigers|Penrith Panthers,,,,,,,,
2002|Rd 14|Brisbane Broncos|NQ Cowboys,,,,,,,,
2002|Rd 14|Cronulla Sharks|Canberra Raiders,,,,,,,,
2002|Rd 14|Sydney Roosters|Northern Eagles,,,,,,,,
2002|Rd 15|Sydney Roosters|Parramatta Eels,,,,,,,,
2002|Rd 15|Canterbury Bulldogs|Canberra Raiders,,,,,,,,
2002|Rd 15|Melbourne Storm|South Sydney Rabbitohs,,,,,,,,
2002|Rd 15|NQ Cowboys|Cronulla Sharks,,,,,,,,
2002|Rd 15|New Zealand Warriors|St. George Illawarra Dragons,,,,,,,,
2002|Rd 15|Penrith Panthers|Northern Eagles,,,,,,,,
2002|Rd 15|Wests Tigers|Newcastle Knights,,,,,,,,
2002|Rd 16|Parramatta Eels|Canterbury Bulldogs,,,,,,,,
2002|Rd 16|Northern Eagles|Melbourne Storm,,,,,,,,
2002|Rd 16|South Sydney Rabbitohs|Newcastle Knights,,,,,,,,
2002|Rd 16|St. George Illawarra Dragons|NQ Cowboys,,,,,,,,
2002|Rd 16|Brisbane Broncos|New Zealand Warriors,,,,,,,,
2002|Rd 16|Canberra Raiders|Penrith Panthers,,,,,,,,
2002|Rd 16|Wests Tigers|Sydney Roosters,,,,,,,,
2002|Rd 17|Newcastle Knights|Parramatta Eels,,,,,,,,
2002|Rd 17|Canterbury Bulldogs|Northern Eagles,,,,,,,,
2002|Rd 17|Melbourne Storm|Wests Tigers,,,,,,,,
2002|Rd 17|Penrith Panthers|South Sydney Rabbitohs,,,,,,,,
2002|Rd 17|Brisbane Broncos|St. George Illawarra Dragons,,,,,,,,
2002|Rd 17|Cronulla Sharks|New Zealand Warriors,,,,,,,,
2002|Rd 17|Sydney Roosters|Canberra Raiders,,,,,,,,
2002|Rd 18|Melbourne Storm|Sydney Roosters,,,,,,,,
2002|Rd 18|NQ Cowboys|Northern Eagles,,,,,,,,
2002|Rd 18|Penrith Panthers|Brisbane Broncos,,,,,,,,
2002|Rd 18|Canberra Raiders|Newcastle Knights,,,,,,,,
2002|Rd 18|Parramatta Eels|Cronulla Sharks,,,,,,,,
2002|Rd 18|St. George Illawarra Dragons|Canterbury Bulldogs,,,,,,,,
2002|Rd 18|Wests Tigers|South Sydney Rabbitohs,,,,,,,,
2002|Rd 19|Canterbury Bulldogs|Sydney Roosters,,,,,,,,
2002|Rd 19|Brisbane Broncos|Wests Tigers,,,,,,,,
2002|Rd 19|NQ Cowboys|Canberra Raiders,,,,,,,,
2002|Rd 19|South Sydney Rabbitohs|St. George Illawarra Dragons,,,,,,,,
2002|Rd 19|New Zealand Warriors|Parramatta Eels,,,,,,,,
2002|Rd 19|Newcastle Knights|Penrith Panthers,,,,,,,,
2002|Rd 19|Northern Eagles|Cronulla Sharks,,,,,,,,
2002|Rd 20|Parramatta Eels|Brisbane Broncos,,,,,,,,
2002|Rd 20|Canberra Raiders|New Zealand Warriors,,,,,,,,
2002|Rd 20|Cronulla Sharks|South Sydney Rabbitohs,,,,,,,,
2002|Rd 20|Penrith Panthers|Melbourne Storm,,,,,,,,
2002|Rd 20|Newcastle Knights|Canterbury Bulldogs,,,,,,,,
2002|Rd 20|Northern Eagles|NQ Cowboys,,,,,,,,
2002|Rd 20|Wests Tigers|St. George Illawarra Dragons,,,,,,,,
2002|Rd 21|Newcastle Knights|St. George Illawarra Dragons,,,,,,,,
2002|Rd 21|Melbourne Storm|Brisbane Broncos,,,,,,,,
2002|Rd 21|NQ Cowboys|Canterbury Bulldogs,,,,,,,,
2002|Rd 21|Sydney Roosters|Cronulla Sharks,,,,,,,,
2002|Rd 21|Northern Eagles|Parramatta Eels,,,,,,,,
2002|Rd 21|Penrith Panthers|New Zealand Warriors,,,,,,,,
2002|Rd 21|South Sydney Rabbitohs|Wests Tigers,,,,,,,,
2002|Rd 22|Brisbane Broncos|Sydney Roosters,,,,,,,,
2002|Rd 22|NQ Cowboys|Melbourne Storm,,,,,,,,
2002|Rd 22|New Zealand Warriors|Canterbury Bulldogs,,,,,,,,
2002|Rd 22|Parramatta Eels|South Sydney Rabbitohs,,,,,,,,
2002|Rd 22|Canberra Raiders|Wests Tigers,,,,,,,,
2002|Rd 22|Cronulla Sharks|Newcastle Knights,,,,,,,,
2002|Rd 22|St. George Illawarra Dragons|Northern Eagles,,,,,,,,
2002|Rd 23|Canterbury Bulldogs|Parramatta Eels,,,,,,,,
2002|Rd 23|Canberra Raiders|Sydney Roosters,,,,,,,,
2002|Rd 23|Melbourne Storm|Penrith Panthers,,,,,,,,
2002|Rd 23|Newcastle Knights|Northern Eagles,,,,,,,,
2002|Rd 23|New Zealand Warriors|Brisbane Broncos,,,,,,,,
2002|Rd 23|St. George Illawarra Dragons|South Sydney Rabbitohs,,,,,,,,
2002|Rd 23|Wests Tigers|Cronulla Sharks,,,,,,,,
2002|Rd 24|Newcastle Knights|Brisbane Broncos,,,,,,,,
2002|Rd 24|Cronulla Sharks|NQ Cowboys,,,,,,,,
2002|Rd 24|South Sydney Rabbitohs|Penrith Panthers,,,,,,,,
2002|Rd 24|Wests Tigers|Melbourne Storm,,,,,,,,
2002|Rd 24|Canberra Raiders|Canterbury Bulldogs,,,,,,,,
2002|Rd 24|Parramatta Eels|Northern Eagles,,,,,,,,
2002|Rd 24|Sydney Roosters|New Zealand Warriors,,,,,,,,
2002|Rd 25|Canterbury Bulldogs|Melbourne Storm,,,,,,,,
2002|Rd 25|Brisbane Broncos|Canberra Raiders,,,,,,,,
2002|Rd 25|Parramatta Eels|Wests Tigers,,,,,,,,
2002|Rd 25|South Sydney Rabbitohs|NQ Cowboys,,,,,,,,
2002|Rd 25|Northern Eagles|New Zealand Warriors,,,,,,,,
2002|Rd 25|Penrith Panthers|Newcastle Knights,,,,,,,,
2002|Rd 25|Sydney Roosters|St. George Illawarra Dragons,,,,,,,,
2002|Rd 26|Canterbury Bulldogs|Brisbane Broncos,,,,,,,,
2002|Rd 26|New Zealand Warriors|Wests Tigers,,,,,,,,
2002|Rd 26|Canberra Raiders|Melbourne Storm,,,,,,,,
2002|Rd 26|Cronulla Sharks|Sydney Roosters,,,,,,,,
2002|Rd 26|NQ Cowboys|Parramatta Eels,,,,,,,,
2002|Rd 26|Northern Eagles|Penrith Panthers,,,,,,,,
2002|Rd 26|St. George Illawarra Dragons|Newcastle Knights,,,,,,,,
2002|Grand Final|Sydney Roosters|New Zealand Warriors,,,,,,,,
2002|Prelim Final|Sydney Roosters|Brisbane Broncos,,,,,,,,
2002|Qualif Final|Sydney Roosters|Cronulla Sharks,,,,,,,,
2002|Semi Final|Cronulla Sharks|St. George Illawarra Dragons,,,,,,,,
2002|Prelim Final|New Zealand Warriors|Cronulla Sharks,,,,,,,,
2002|Qualif Final|Brisbane Broncos|Parramatta Eels,,,,,,,,
2002|Semi Final|Sydney Roosters|Newcastle Knights,,,,,,,,
2002|Qualif Final|Newcastle Knights|St. George Illawarra Dragons,,,,,,,,
2002|Qualif Final|New Zealand Warriors|Canberra Raiders,,,,,,,,
2003|Rd 1|Sydney Roosters|Parramatta Eels,,,,,,,,
2003|Rd 1|Canterbury Bulldogs|South Sydney Rabbitohs,,,,,,,,
2003|Rd 1|NQ Cowboys|Canberra Raiders,,,,,,,,
2003|Rd 1|Wests Tigers|St. George Illawarra Dragons,,,,,,,,
2003|Rd 1|Cronulla Sharks|Melbourne Storm,,,,,,,,
2003|Rd 1|New Zealand Warriors|Newcastle Knights,,,,,,,,
2003|Rd 1|Penrith Panthers|Brisbane Broncos,,,,,,,,
2003|Rd 2|Newcastle Knights|Sydney Roosters,,,,,,,,
2003|Rd 2|Melbourne Storm|Penrith Panthers,,,,,,,,
2003|Rd 2|NQ Cowboys|Manly Sea Eagles,,,,,,,,
2003|Rd 2|Wests Tigers|Canberra Raiders,,,,,,,,
2003|Rd 2|New Zealand Warriors|Canterbury Bulldogs,,,,,,,,
2003|Rd 2|South Sydney Rabbitohs|Brisbane Broncos,,,,,,,,
2003|Rd 2|St. George Illawarra Dragons|Parramatta Eels,,,,,,,,
2003|Rd 3|Parramatta Eels|Newcastle Knights,,,,,,,,
2003|Rd 3|Canberra Raiders|St. George Illawarra Dragons,,,,,,,,
2003|Rd 3|Manly Sea Eagles|New Zealand Warriors,,,,,,,,
2003|Rd 3|Wests Tigers|Canterbury Bulldogs,,,,,,,,
2003|Rd 3|Brisbane Broncos|Cronulla Sharks,,,,,,,,
2003|Rd 3|Sydney Roosters|Penrith Panthers,,,,,,,,
2003|Rd 3|South Sydney Rabbitohs|NQ Cowboys,,,,,,,,
2003|Rd 4|Canterbury Bulldogs|Parramatta Eels,,,,,,,,
2003|Rd 4|NQ Cowboys|Brisbane Broncos,,,,,,,,
2003|Rd 4|Newcastle Knights|Melbourne Storm,,,,,,,,
2003|Rd 4|Penrith Panthers|Canberra Raiders,,,,,,,,
2003|Rd 4|Cronulla Sharks|Sydney Roosters,,,,,,,,
2003|Rd 4|Manly Sea Eagles|Wests Tigers,,,,,,,,
2003|Rd 4|New Zealand Warriors|South Sydney Rabbitohs,,,,,,,,
2003|Rd 5|Newcastle Knights|Canterbury Bulldogs,,,,,,,,
2003|Rd 5|Melbourne Storm|Cronulla Sharks,,,,,,,,
2003|Rd 5|NQ Cowboys|Sydney Roosters,,,,,,,,
2003|Rd 5|South Sydney Rabbitohs|Wests Tigers,,,,,,,,
2003|Rd 5|Brisbane Broncos|New Zealand Warriors,,,,,,,,
2003|Rd 5|Parramatta Eels|Canberra Raiders,,,,,,,,
2003|Rd 5|St. George Illawarra Dragons|Manly Sea Eagles,,,,,,,,
2003|Rd 6|Sydney Roosters|Brisbane Broncos,,,,,,,,
2003|Rd 6|Canterbury Bulldogs|St. George Illawarra Dragons,,,,,,,,
2003|Rd 6|South Sydney Rabbitohs|Penrith Panthers,,,,,,,,
2003|Rd 6|Wests Tigers|Parramatta Eels,,,,,,,,
2003|Rd 6|Cronulla Sharks|Newcastle Knights,,,,,,,,
2003|Rd 6|Manly Sea Eagles|Melbourne Storm,,,,,,,,
2003|Rd 6|New Zealand Warriors|NQ Cowboys,,,,,,,,
2003|Rd 7|Parramatta Eels|Brisbane Broncos,,,,,,,,
2003|Rd 7|Sydney Roosters|St. George Illawarra Dragons,,,,,,,,
2003|Rd 7|Canberra Raiders|Canterbury Bulldogs,,,,,,,,
2003|Rd 7|NQ Cowboys|Melbourne Storm,,,,,,,,
2003|Rd 7|Newcastle Knights|Wests Tigers,,,,,,,,
2003|Rd 7|Manly Sea Eagles|South Sydney Rabbitohs,,,,,,,,
2003|Rd 7|New Zealand Warriors|Penrith Panthers,,,,,,,,
2003|Rd 8|Canterbury Bulldogs|New Zealand Warriors,,,,,,,,
2003|Rd 8|Parramatta Eels|Sydney Roosters,,,,,,,,
2003|Rd 8|Melbourne Storm|Newcastle Knights,,,,,,,,
2003|Rd 8|Penrith Panthers|Manly Sea Eagles,,,,,,,,
2003|Rd 8|South Sydney Rabbitohs|Canberra Raiders,,,,,,,,
2003|Rd 8|St. George Illawarra Dragons|Cronulla Sharks,,,,,,,,
2003|Rd 8|Wests Tigers|Brisbane Broncos,,,,,,,,
2003|Rd 9|Canterbury Bulldogs|Sydney Roosters,,,,,,,,
2003|Rd 9|Cronulla Sharks|Manly Sea Eagles,,,,,,,,
2003|Rd 9|Melbourne Storm|Canberra Raiders,,,,,,,,
2003|Rd 9|New Zealand Warriors|Parramatta Eels,,,,,,,,
2003|Rd 9|Brisbane Broncos|NQ Cowboys,,,,,,,,
2003|Rd 9|Newcastle Knights|South Sydney Rabbitohs,,,,,,,,
2003|Rd 9|Penrith Panthers|St. George Illawarra Dragons,,,,,,,,
2003|Rd 10|Canberra Raiders|Penrith Panthers,,,,,,,,
2003|Rd 10|NQ Cowboys|Wests Tigers,,,,,,,,
2003|Rd 10|St. George Illawarra Dragons|Canterbury Bulldogs,,,,,,,,
2003|Rd 10|Brisbane Broncos|Melbourne Storm,,,,,,,,
2003|Rd 10|Cronulla Sharks|South Sydney Rabbitohs,,,,,,,,
2003|Rd 10|Manly Sea Eagles|Parramatta Eels,,,,,,,,
2003|Rd 10|Sydney Roosters|Newcastle Knights,,,,,,,,
2003|Rd 11|Canberra Raiders|New Zealand Warriors,,,,,,,,
2003|Rd 11|Canterbury Bulldogs|Brisbane Broncos,,,,,,,,
2003|Rd 11|Manly Sea Eagles|NQ Cowboys,,,,,,,,
2003|Rd 11|Newcastle Knights|Cronulla Sharks,,,,,,,,
2003|Rd 11|Parramatta Eels|Melbourne Storm,,,,,,,,
2003|Rd 11|South Sydney Rabbitohs|St. George Illawarra Dragons,,,,,,,,
2003|Rd 11|Wests Tigers|Penrith Panthers,,,,,,,,
2003|Rd 12|Cronulla Sharks|Canberra Raiders,,,,,,,,
2003|Rd 12|Canterbury Bulldogs|Wests Tigers,,,,,,,,
2003|Rd 12|Parramatta Eels|South Sydney Rabbitohs,,,,,,,,
2003|Rd 12|Penrith Panthers|New Zealand Warriors,,,,,,,,
2003|Rd 12|Brisbane Broncos|Newcastle Knights,,,,,,,,
2003|Rd 12|Melbourne Storm|Sydney Roosters,,,,,,,,
2003|Rd 12|St. George Illawarra Dragons|NQ Cowboys,,,,,,,,
2003|Rd 13|Sydney Roosters|Canterbury Bulldogs,,,,,,,,
2003|Rd 13|Canberra Raiders|Parramatta Eels,,,,,,,,
2003|Rd 13|NQ Cowboys|Penrith Panthers,,,,,,,,
2003|Rd 13|New Zealand Warriors|Cronulla Sharks,,,,,,,,
2003|Rd 13|South Sydney Rabbitohs|Melbourne Storm,,,,,,,,
2003|Rd 13|Wests Tigers|Manly Sea Eagles,,,,,,,,
2003|Rd 14|Newcastle Knights|St. George Illawarra Dragons,,,,,,,,
2003|Rd 14|Cronulla Sharks|Wests Tigers,,,,,,,,
2003|Rd 14|Parramatta Eels|New Zealand Warriors,,,,,,,,
2003|Rd 14|Penrith Panthers|Melbourne Storm,,,,,,,,
2003|Rd 14|Canberra Raiders|Brisbane Broncos,,,,,,,,
2003|Rd 14|Canterbury Bulldogs|Manly Sea Eagles,,,,,,,,
2003|Rd 14|Sydney Roosters|NQ Cowboys,,,,,,,,
2003|Rd 15|Penrith Panthers|Newcastle Knights,,,,,,,,
2003|Rd 15|Manly Sea Eagles|Cronulla Sharks,,,,,,,,
2003|Rd 15|Parramatta Eels|NQ Cowboys,,,,,,,,
2003|Rd 15|St. George Illawarra Dragons|South Sydney Rabbitohs,,,,,,,,
2003|Rd 15|Melbourne Storm|Canterbury Bulldogs,,,,,,,,
2003|Rd 15|New Zealand Warriors|Canberra Raiders,,,,,,,,
2003|Rd 15|Wests Tigers|Sydney Roosters,,,,,,,,
2003|Rd 16|Brisbane Broncos|Sydney Roosters,,,,,,,,
2003|Rd 16|Manly Sea Eagles|St. George Illawarra Dragons,,,,,,,,
2003|Rd 16|Melbourne Storm|Wests Tigers,,,,,,,,
2003|Rd 16|NQ Cowboys|Cronulla Sharks,,,,,,,,
2003|Rd 16|Newcastle Knights|Parramatta Eels,,,,,,,,
2003|Rd 16|Penrith Panthers|Canterbury Bulldogs,,,,,,,,
2003|Rd 16|South Sydney Rabbitohs|New Zealand Warriors,,,,,,,,
2003|Rd 17|St. George Illawarra Dragons|Brisbane Broncos,,,,,,,,
2003|Rd 17|Cronulla Sharks|Penrith Panthers,,,,,,,,
2003|Rd 17|NQ Cowboys|New Zealand Warriors,,,,,,,,
2003|Rd 17|Sydney Roosters|South Sydney Rabbitohs,,,,,,,,
2003|Rd 17|Canberra Raiders|Melbourne Storm,,,,,,,,
2003|Rd 17|Canterbury Bulldogs|Newcastle Knights,,,,,,,,
2003|Rd 17|Parramatta Eels|Manly Sea Eagles,,,,,,,,
2003|Rd 18|Brisbane Broncos|Canterbury Bulldogs,,,,,,,,
2003|Rd 18|Melbourne Storm|NQ Cowboys,,,,,,,,
2003|Rd 18|New Zealand Warriors|Manly Sea Eagles,,,,,,,,
2003|Rd 18|Penrith Panthers|South Sydney Rabbitohs,,,,,,,,
2003|Rd 18|St. George Illawarra Dragons|Canberra Raiders,,,,,,,,
2003|Rd 18|Wests Tigers|Cronulla Sharks,,,,,,,,
2003|Rd 19|Newcastle Knights|Penrith Panthers,,,,,,,,
2003|Rd 19|Canberra Raiders|Wests Tigers,,,,,,,,
2003|Rd 19|Cronulla Sharks|New Zealand Warriors,,,,,,,,
2003|Rd 19|NQ Cowboys|St. George Illawarra Dragons,,,,,,,,
2003|Rd 19|Manly Sea Eagles|Sydney Roosters,,,,,,,,
2003|Rd 19|Melbourne Storm|Brisbane Broncos,,,,,,,,
2003|Rd 19|South Sydney Rabbitohs|Parramatta Eels,,,,,,,,
2003|Rd 20|Brisbane Broncos|Manly Sea Eagles,,,,,,,,
2003|Rd 20|Melbourne Storm|South Sydney Rabbitohs,,,,,,,,
2003|Rd 20|Parramatta Eels|St. George Illawarra Dragons,,,,,,,,
2003|Rd 20|Canberra Raiders|Cronulla Sharks,,,,,,,,
2003|Rd 20|Canterbury Bulldogs|NQ Cowboys,,,,,,,,
2003|Rd 20|Penrith Panthers|Sydney Roosters,,,,,,,,
2003|Rd 20|Wests Tigers|Newcastle Knights,,,,,,,,
2003|Rd 21|Sydney Roosters|Canberra Raiders,,,,,,,,
2003|Rd 21|Cronulla Sharks|Brisbane Broncos,,,,,,,,
2003|Rd 21|New Zealand Warriors|Melbourne Storm,,,,,,,,
2003|Rd 21|Parramatta Eels|Wests Tigers,,,,,,,,
2003|Rd 21|Newcastle Knights|Manly Sea Eagles,,,,,,,,
2003|Rd 21|South Sydney Rabbitohs|Canterbury Bulldogs,,,,,,,,
2003|Rd 21|St. George Illawarra Dragons|Penrith Panthers,,,,,,,,
2003|Rd 22|Brisbane Broncos|Penrith Panthers,,,,,,,,
2003|Rd 22|NQ Cowboys|Newcastle Knights,,,,,,,,
2003|Rd 22|Sydney Roosters|Cronulla Sharks,,,,,,,,
2003|Rd 22|Wests Tigers|South Sydney Rabbitohs,,,,,,,,
2003|Rd 22|Canterbury Bulldogs|Melbourne Storm,,,,,,,,
2003|Rd 22|Manly Sea Eagles|Canberra Raiders,,,,,,,,
2003|Rd 22|St. George Illawarra Dragons|New Zealand Warriors,,,,,,,,
2003|Rd 23|Newcastle Knights|New Zealand Warriors,,,,,,,,
2003|Rd 23|Brisbane Broncos|Wests Tigers,,,,,,,,
2003|Rd 23|Canberra Raiders|NQ Cowboys,,,,,,,,
2003|Rd 23|Cronulla Sharks|St. George Illawarra Dragons,,,,,,,,
2003|Rd 23|Manly Sea Eagles|Canterbury Bulldogs,,,,,,,,
2003|Rd 23|Melbourne Storm|Parramatta Eels,,,,,,,,
2003|Rd 23|South Sydney Rabbitohs|Sydney Roosters,,,,,,,,
2003|Rd 24|St. George Illawarra Dragons|Melbourne Storm,,,,,,,,
2003|Rd 24|NQ Cowboys|South Sydney Rabbitohs,,,,,,,,
2003|Rd 24|Parramatta Eels|Cronulla Sharks,,,,,,,,
2003|Rd 24|Penrith Panthers|Wests Tigers,,,,,,,,
2003|Rd 24|Canberra Raiders|Newcastle Knights,,,,,,,,
2003|Rd 24|New Zealand Warriors|Brisbane Broncos,,,,,,,,
2003|Rd 24|Sydney Roosters|Manly Sea Eagles,,,,,,,,
2003|Rd 25|Canterbury Bulldogs|Canberra Raiders,,,,,,,,
2003|Rd 25|Brisbane Broncos|Parramatta Eels,,,,,,,,
2003|Rd 25|Manly Sea Eagles|Penrith Panthers,,,,,,,,
2003|Rd 25|South Sydney Rabbitohs|Cronulla Sharks,,,,,,,,
2003|Rd 25|St. George Illawarra Dragons|Newcastle Knights,,,,,,,,
2003|Rd 25|Sydney Roosters|New Zealand Warriors,,,,,,,,
2003|Rd 25|Wests Tigers|NQ Cowboys,,,,,,,,
2003|Rd 26|Brisbane Broncos|St. George Illawarra Dragons,,,,,,,,
2003|Rd 26|Cronulla Sharks|Canterbury Bulldogs,,,,,,,,
2003|Rd 26|Melbourne Storm|Manly Sea Eagles,,,,,,,,
2003|Rd 26|New Zealand Warriors|Wests Tigers,,,,,,,,
2003|Rd 26|Canberra Raiders|Sydney Roosters,,,,,,,,
2003|Rd 26|Newcastle Knights|NQ Cowboys,,,,,,,,
2003|Rd 26|Penrith Panthers|Parramatta Eels,,,,,,,,
2003|Grand Final|Penrith Panthers|Sydney Roosters,,,,,,,,
2003|Prelim Final|Sydney Roosters|Canterbury Bulldogs,,,,,,,,
2003|Qualif Final|Canberra Raiders|Melbourne Storm,,,,,,,,
2003|Semi Final|New Zealand Warriors|Canberra Raiders,,,,,,,,
2003|Prelim Final|Penrith Panthers|New Zealand Warriors,,,,,,,,
2003|Qualif Final|Canterbury Bulldogs|New Zealand Warriors,,,,,,,,
2003|Semi Final|Canterbury Bulldogs|Melbourne Storm,,,,,,,,
2003|Qualif Final|Sydney Roosters|Newcastle Knights,,,,,,,,
2003|Qualif Final|Penrith Panthers|Brisbane Broncos,,,,,,,,
2004|Rd 1|Penrith Panthers|Newcastle Knights,,,,,,,,
2004|Rd 1|Canterbury Bulldogs|Parramatta Eels,,,,,,,,
2004|Rd 1|NQ Cowboys|Manly Sea Eagles,,,,,,,,
2004|Rd 1|Wests Tigers|Cronulla Sharks,,,,,,,,
2004|Rd 1|Brisbane Broncos|New Zealand Warriors,,,,,,,,
2004|Rd 1|St. George Illawarra Dragons|Canberra Raiders,,,,,,,,
2004|Rd 1|Sydney Roosters|South Sydney Rabbitohs,,,,,,,,
2004|Rd 2|Canberra Raiders|Penrith Panthers,,,,,,,,
2004|Rd 2|Canterbury Bulldogs|Cronulla Sharks,,,,,,,,
2004|Rd 2|Manly Sea Eagles|Sydney Roosters,,,,,,,,
2004|Rd 2|New Zealand Warriors|St. George Illawarra Dragons,,,,,,,,
2004|Rd 2|Brisbane Broncos|Parramatta Eels,,,,,,,,
2004|Rd 2|Melbourne Storm|Newcastle Knights,,,,,,,,
2004|Rd 2|South Sydney Rabbitohs|Wests Tigers,,,,,,,,
2004|Rd 3|Sydney Roosters|Canterbury Bulldogs,,,,,,,,
2004|Rd 3|Cronulla Sharks|Manly Sea Eagles,,,,,,,,
2004|Rd 3|NQ Cowboys|Canberra Raiders,,,,,,,,
2004|Rd 3|Parramatta Eels|Newcastle Knights,,,,,,,,
2004|Rd 3|Melbourne Storm|St. George Illawarra Dragons,,,,,,,,
2004|Rd 3|New Zealand Warriors|Penrith Panthers,,,,,,,,
2004|Rd 3|Wests Tigers|Brisbane Broncos,,,,,,,,
2004|Rd 4|Penrith Panthers|Sydney Roosters,,,,,,,,
2004|Rd 4|Canberra Raiders|Parramatta Eels,,,,,,,,
2004|Rd 4|NQ Cowboys|Wests Tigers,,,,,,,,
2004|Rd 4|South Sydney Rabbitohs|Cronulla Sharks,,,,,,,,
2004|Rd 4|Brisbane Broncos|Melbourne Storm,,,,,,,,
2004|Rd 4|Manly Sea Eagles|New Zealand Warriors,,,,,,,,
2004|Rd 4|St. George Illawarra Dragons|Newcastle Knights,,,,,,,,
2004|Rd 5|Sydney Roosters|Brisbane Broncos,,,,,,,,
2004|Rd 5|Cronulla Sharks|NQ Cowboys,,,,,,,,
2004|Rd 5|New Zealand Warriors|Newcastle Knights,,,,,,,,
2004|Rd 5|Canterbury Bulldogs|Manly Sea Eagles,,,,,,,,
2004|Rd 5|Penrith Panthers|Melbourne Storm,,,,,,,,
2004|Rd 5|Wests Tigers|St. George Illawarra Dragons,,,,,,,,
2004|Rd 5|Parramatta Eels|South Sydney Rabbitohs,,,,,,,,
2004|Rd 6|Canterbury Bulldogs|New Zealand Warriors,,,,,,,,
2004|Rd 6|Cronulla Sharks|Canberra Raiders,,,,,,,,
2004|Rd 6|Melbourne Storm|South Sydney Rabbitohs,,,,,,,,
2004|Rd 6|NQ Cowboys|Brisbane Broncos,,,,,,,,
2004|Rd 6|Manly Sea Eagles|Parramatta Eels,,,,,,,,
2004|Rd 6|Newcastle Knights|Sydney Roosters,,,,,,,,
2004|Rd 6|St. George Illawarra Dragons|Penrith Panthers,,,,,,,,
2004|Rd 7|Canberra Raiders|Newcastle Knights,,,,,,,,
2004|Rd 7|Melbourne Storm|NQ Cowboys,,,,,,,,
2004|Rd 7|Parramatta Eels|Cronulla Sharks,,,,,,,,
2004|Rd 7|Brisbane Broncos|Penrith Panthers,,,,,,,,
2004|Rd 7|St. George Illawarra Dragons|Sydney Roosters,,,,,,,,
2004|Rd 7|Wests Tigers|Manly Sea Eagles,,,,,,,,
2004|Rd 7|South Sydney Rabbitohs|Canterbury Bulldogs,,,,,,,,
2004|Rd 8|Penrith Panthers|Wests Tigers,,,,,,,,
2004|Rd 8|Cronulla Sharks|St. George Illawarra Dragons,,,,,,,,
2004|Rd 8|Newcastle Knights|South Sydney Rabbitohs,,,,,,,,
2004|Rd 8|Parramatta Eels|NQ Cowboys,,,,,,,,
2004|Rd 8|Canterbury Bulldogs|Brisbane Broncos,,,,,,,,
2004|Rd 8|New Zealand Warriors|Melbourne Storm,,,,,,,,
2004|Rd 8|Sydney Roosters|Canberra Raiders,,,,,,,,
2004|Rd 9|Melbourne Storm|Cronulla Sharks,,,,,,,,
2004|Rd 9|NQ Cowboys|New Zealand Warriors,,,,,,,,
2004|Rd 9|Sydney Roosters|Wests Tigers,,,,,,,,
2004|Rd 9|Canberra Raiders|Brisbane Broncos,,,,,,,,
2004|Rd 9|Manly Sea Eagles|St. George Illawarra Dragons,,,,,,,,
2004|Rd 9|Newcastle Knights|Canterbury Bulldogs,,,,,,,,
2004|Rd 9|Penrith Panthers|South Sydney Rabbitohs,,,,,,,,
2004|Rd 10|Brisbane Broncos|Newcastle Knights,,,,,,,,
2004|Rd 10|Cronulla Sharks|Sydney Roosters,,,,,,,,
2004|Rd 10|South Sydney Rabbitohs|NQ Cowboys,,,,,,,,
2004|Rd 10|St. George Illawarra Dragons|Canterbury Bulldogs,,,,,,,,
2004|Rd 10|New Zealand Warriors|Manly Sea Eagles,,,,,,,,
2004|Rd 10|Parramatta Eels|Melbourne Storm,,,,,,,,
2004|Rd 10|Wests Tigers|Canberra Raiders,,,,,,,,
2004|Rd 11|Parramatta Eels|St. George Illawarra Dragons,,,,,,,,
2004|Rd 11|Canterbury Bulldogs|Wests Tigers,,,,,,,,
2004|Rd 11|Melbourne Storm|Canberra Raiders,,,,,,,,
2004|Rd 11|NQ Cowboys|Penrith Panthers,,,,,,,,
2004|Rd 11|Manly Sea Eagles|Cronulla Sharks,,,,,,,,
2004|Rd 11|South Sydney Rabbitohs|New Zealand Warriors,,,,,,,,
2004|Rd 12|Brisbane Broncos|St. George Illawarra Dragons,,,,,,,,
2004|Rd 12|Canberra Raiders|Manly Sea Eagles,,,,,,,,
2004|Rd 12|Cronulla Sharks|South Sydney Rabbitohs,,,,,,,,
2004|Rd 12|Newcastle Knights|Melbourne Storm,,,,,,,,
2004|Rd 12|Penrith Panthers|Canterbury Bulldogs,,,,,,,,
2004|Rd 12|Sydney Roosters|New Zealand Warriors,,,,,,,,
2004|Rd 12|Wests Tigers|Parramatta Eels,,,,,,,,
2004|Rd 13|Canterbury Bulldogs|Sydney Roosters,,,,,,,,
2004|Rd 13|Melbourne Storm|Wests Tigers,,,,,,,,
2004|Rd 13|Newcastle Knights|Parramatta Eels,,,,,,,,
2004|Rd 13|St. George Illawarra Dragons|NQ Cowboys,,,,,,,,
2004|Rd 13|Brisbane Broncos|Cronulla Sharks,,,,,,,,
2004|Rd 13|Manly Sea Eagles|Penrith Panthers,,,,,,,,
2004|Rd 13|New Zealand Warriors|Canberra Raiders,,,,,,,,
2004|Rd 14|Penrith Panthers|St. George Illawarra Dragons,,,,,,,,
2004|Rd 14|Canberra Raiders|Cronulla Sharks,,,,,,,,
2004|Rd 14|NQ Cowboys|Newcastle Knights,,,,,,,,
2004|Rd 14|South Sydney Rabbitohs|Melbourne Storm,,,,,,,,
2004|Rd 14|Parramatta Eels|Manly Sea Eagles,,,,,,,,
2004|Rd 14|Wests Tigers|New Zealand Warriors,,,,,,,,
2004|Rd 15|Sydney Roosters|Newcastle Knights,,,,,,,,
2004|Rd 15|Canterbury Bulldogs|Canberra Raiders,,,,,,,,
2004|Rd 15|Manly Sea Eagles|South Sydney Rabbitohs,,,,,,,,
2004|Rd 15|Parramatta Eels|Brisbane Broncos,,,,,,,,
2004|Rd 15|Cronulla Sharks|Penrith Panthers,,,,,,,,
2004|Rd 15|New Zealand Warriors|NQ Cowboys,,,,,,,,
2004|Rd 15|St. George Illawarra Dragons|Wests Tigers,,,,,,,,
2004|Rd 16|Wests Tigers|Sydney Roosters,,,,,,,,
2004|Rd 16|Melbourne Storm|New Zealand Warriors,,,,,,,,
2004|Rd 16|NQ Cowboys|Canterbury Bulldogs,,,,,,,,
2004|Rd 16|Penrith Panthers|Parramatta Eels,,,,,,,,
2004|Rd 16|Brisbane Broncos|Canberra Raiders,,,,,,,,
2004|Rd 16|Newcastle Knights|Manly Sea Eagles,,,,,,,,
2004|Rd 16|South Sydney Rabbitohs|St. George Illawarra Dragons,,,,,,,,
2004|Rd 17|Melbourne Storm|Penrith Panthers,,,,,,,,
2004|Rd 17|Canberra Raiders|Wests Tigers,,,,,,,,
2004|Rd 17|New Zealand Warriors|Parramatta Eels,,,,,,,,
2004|Rd 17|Sydney Roosters|NQ Cowboys,,,,,,,,
2004|Rd 17|Brisbane Broncos|South Sydney Rabbitohs,,,,,,,,
2004|Rd 17|Manly Sea Eagles|Canterbury Bulldogs,,,,,,,,
2004|Rd 17|Newcastle Knights|Cronulla Sharks,,,,,,,,
2004|Rd 18|St. George Illawarra Dragons|Brisbane Broncos,,,,,,,,
2004|Rd 18|Canberra Raiders|NQ Cowboys,,,,,,,,
2004|Rd 18|Cronulla Sharks|New Zealand Warriors,,,,,,,,
2004|Rd 18|Parramatta Eels|Sydney Roosters,,,,,,,,
2004|Rd 18|Canterbury Bulldogs|Melbourne Storm,,,,,,,,
2004|Rd 18|Manly Sea Eagles|Wests Tigers,,,,,,,,
2004|Rd 18|South Sydney Rabbitohs|Penrith Panthers,,,,,,,,
2004|Rd 19|Sydney Roosters|St. George Illawarra Dragons,,,,,,,,
2004|Rd 19|NQ Cowboys|Parramatta Eels,,,,,,,,
2004|Rd 19|Penrith Panthers|Canberra Raiders,,,,,,,,
2004|Rd 19|Wests Tigers|Melbourne Storm,,,,,,,,
2004|Rd 19|Cronulla Sharks|Canterbury Bulldogs,,,,,,,,
2004|Rd 19|New Zealand Warriors|South Sydney Rabbitohs,,,,,,,,
2004|Rd 19|Newcastle Knights|Brisbane Broncos,,,,,,,,
2004|Rd 20|Wests Tigers|Canterbury Bulldogs,,,,,,,,
2004|Rd 20|Brisbane Broncos|Manly Sea Eagles,,,,,,,,
2004|Rd 20|Melbourne Storm|Parramatta Eels,,,,,,,,
2004|Rd 20|South Sydney Rabbitohs|Sydney Roosters,,,,,,,,
2004|Rd 20|Canberra Raiders|New Zealand Warriors,,,,,,,,
2004|Rd 20|Newcastle Knights|NQ Cowboys,,,,,,,,
2004|Rd 20|St. George Illawarra Dragons|Cronulla Sharks,,,,,,,,
2004|Rd 21|Canterbury Bulldogs|Penrith Panthers,,,,,,,,
2004|Rd 21|Cronulla Sharks|Brisbane Broncos,,,,,,,,
2004|Rd 21|NQ Cowboys|St. George Illawarra Dragons,,,,,,,,
2004|Rd 21|Parramatta Eels|Wests Tigers,,,,,,,,
2004|Rd 21|Manly Sea Eagles|Canberra Raiders,,,,,,,,
2004|Rd 21|Melbourne Storm|Sydney Roosters,,,,,,,,
2004|Rd 21|South Sydney Rabbitohs|Newcastle Knights,,,,,,,,
2004|Rd 22|St. George Illawarra Dragons|Melbourne Storm,,,,,,,,
2004|Rd 22|New Zealand Warriors|Brisbane Broncos,,,,,,,,
2004|Rd 22|Newcastle Knights|Canberra Raiders,,,,,,,,
2004|Rd 22|Penrith Panthers|Manly Sea Eagles,,,,,,,,
2004|Rd 22|Canterbury Bulldogs|NQ Cowboys,,,,,,,,
2004|Rd 22|Sydney Roosters|Cronulla Sharks,,,,,,,,
2004|Rd 22|Wests Tigers|South Sydney Rabbitohs,,,,,,,,
2004|Rd 23|Sydney Roosters|Penrith Panthers,,,,,,,,
2004|Rd 23|Cronulla Sharks|Parramatta Eels,,,,,,,,
2004|Rd 23|NQ Cowboys|South Sydney Rabbitohs,,,,,,,,
2004|Rd 23|St. George Illawarra Dragons|New Zealand Warriors,,,,,,,,
2004|Rd 23|Brisbane Broncos|Canterbury Bulldogs,,,,,,,,
2004|Rd 23|Canberra Raiders|Melbourne Storm,,,,,,,,
2004|Rd 23|Manly Sea Eagles|Newcastle Knights,,,,,,,,
2004|Rd 24|Newcastle Knights|St. George Illawarra Dragons,,,,,,,,
2004|Rd 24|Brisbane Broncos|Wests Tigers,,,,,,,,
2004|Rd 24|Parramatta Eels|New Zealand Warriors,,,,,,,,
2004|Rd 24|Penrith Panthers|NQ Cowboys,,,,,,,,
2004|Rd 24|Canberra Raiders|Sydney Roosters,,,,,,,,
2004|Rd 24|Melbourne Storm|Canterbury Bulldogs,,,,,,,,
2004|Rd 24|South Sydney Rabbitohs|Manly Sea Eagles,,,,,,,,
2004|Rd 25|Canterbury Bulldogs|Newcastle Knights,,,,,,,,
2004|Rd 25|Cronulla Sharks|Melbourne Storm,,,,,,,,
2004|Rd 25|Parramatta Eels|Penrith Panthers,,,,,,,,
2004|Rd 25|South Sydney Rabbitohs|Brisbane Broncos,,,,,,,,
2004|Rd 25|New Zealand Warriors|Sydney Roosters,,,,,,,,
2004|Rd 25|St. George Illawarra Dragons|Manly Sea Eagles,,,,,,,,
2004|Rd 25|Wests Tigers|NQ Cowboys,,,,,,,,
2004|Rd 26|Penrith Panthers|Brisbane Broncos,,,,,,,,
2004|Rd 26|Canberra Raiders|South Sydney Rabbitohs,,,,,,,,
2004|Rd 26|NQ Cowboys|Cronulla Sharks,,,,,,,,
2004|Rd 26|Newcastle Knights|Wests Tigers,,,,,,,,
2004|Rd 26|Manly Sea Eagles|Melbourne Storm,,,,,,,,
2004|Rd 26|New Zealand Warriors|Canterbury Bulldogs,,,,,,,,
2004|Rd 26|Sydney Roosters|Parramatta Eels,,,,,,,,
2004|Grand Final|Canterbury Bulldogs|Sydney Roosters,,,,,,,,
2004|Prelim Final|Canterbury Bulldogs|Penrith Panthers,,,,,,,,
2004|Qualif Final|Penrith Panthers|St. George Illawarra Dragons,,,,,,,,
2004|Semi Final|NQ Cowboys|Brisbane Broncos,,,,,,,,
2004|Prelim Final|Sydney Roosters|NQ Cowboys,,,,,,,,
2004|Qualif Final|Brisbane Broncos|Melbourne Storm,,,,,,,,
2004|Semi Final|Canterbury Bulldogs|Melbourne Storm,,,,,,,,
2004|Qualif Final|Canterbury Bulldogs|NQ Cowboys,,,,,,,,
2004|Qualif Final|Sydney Roosters|Canberra Raiders,,,,,,,,
2005|Rd 1|Canterbury Bulldogs|St. George Illawarra Dragons,,,,,,,,
2005|Rd 1|Cronulla Sharks|Penrith Panthers,,,,,,,,
2005|Rd 1|Sydney Roosters|South Sydney Rabbitohs,,,,,,,,
2005|Rd 1|Wests Tigers|Parramatta Eels,,,,,,,,
2005|Rd 1|Brisbane Broncos|NQ Cowboys,,,,,,,,
2005|Rd 1|Melbourne Storm|Newcastle Knights,,,,,,,,
2005|Rd 1|New Zealand Warriors|Manly Sea Eagles,,,,,,,,
2005|Rd 2|NQ Cowboys|Canterbury Bulldogs,,,,,,,,
2005|Rd 2|Brisbane Broncos|New Zealand Warriors,,,,,,,,
2005|Rd 2|Canberra Raiders|Newcastle Knights,,,,,,,,
2005|Rd 2|St. George Illawarra Dragons|Melbourne Storm,,,,,,,,
2005|Rd 2|Manly Sea Eagles|Cronulla Sharks,,,,,,,,
2005|Rd 2|Penrith Panthers|Sydney Roosters,,,,,,,,
2005|Rd 2|South Sydney Rabbitohs|Parramatta Eels,,,,,,,,
2005|Rd 3|Sydney Roosters|Brisbane Broncos,,,,,,,,
2005|Rd 3|Parramatta Eels|Cronulla Sharks,,,,,,,,
2005|Rd 3|Penrith Panthers|St. George Illawarra Dragons,,,,,,,,
2005|Rd 3|Canterbury Bulldogs|Wests Tigers,,,,,,,,
2005|Rd 3|Manly Sea Eagles|Melbourne Storm,,,,,,,,
2005|Rd 3|New Zealand Warriors|NQ Cowboys,,,,,,,,
2005|Rd 3|South Sydney Rabbitohs|Canberra Raiders,,,,,,,,
2005|Rd 4|Parramatta Eels|Penrith Panthers,,,,,,,,
2005|Rd 4|Canberra Raiders|St. George Illawarra Dragons,,,,,,,,
2005|Rd 4|Melbourne Storm|Brisbane Broncos,,,,,,,,
2005|Rd 4|NQ Cowboys|Newcastle Knights,,,,,,,,
2005|Rd 4|Cronulla Sharks|Canterbury Bulldogs,,,,,,,,
2005|Rd 4|New Zealand Warriors|South Sydney Rabbitohs,,,,,,,,
2005|Rd 4|Sydney Roosters|Wests Tigers,,,,,,,,
2005|Rd 5|Penrith Panthers|Melbourne Storm,,,,,,,,
2005|Rd 5|Cronulla Sharks|NQ Cowboys,,,,,,,,
2005|Rd 5|St. George Illawarra Dragons|Manly Sea Eagles,,,,,,,,
2005|Rd 5|Wests Tigers|New Zealand Warriors,,,,,,,,
2005|Rd 5|Brisbane Broncos|Parramatta Eels,,,,,,,,
2005|Rd 5|Canberra Raiders|Sydney Roosters,,,,,,,,
2005|Rd 5|South Sydney Rabbitohs|Newcastle Knights,,,,,,,,
2005|Rd 6|Canterbury Bulldogs|Sydney Roosters,,,,,,,,
2005|Rd 6|Melbourne Storm|Parramatta Eels,,,,,,,,
2005|Rd 6|NQ Cowboys|Wests Tigers,,,,,,,,
2005|Rd 6|South Sydney Rabbitohs|Penrith Panthers,,,,,,,,
2005|Rd 6|Manly Sea Eagles|Canberra Raiders,,,,,,,,
2005|Rd 6|Newcastle Knights|New Zealand Warriors,,,,,,,,
2005|Rd 6|St. George Illawarra Dragons|Brisbane Broncos,,,,,,,,
2005|Rd 7|Cronulla Sharks|Brisbane Broncos,,,,,,,,
2005|Rd 7|Parramatta Eels|Wests Tigers,,,,,,,,
2005|Rd 7|Penrith Panthers|NQ Cowboys,,,,,,,,
2005|Rd 7|Canberra Raiders|Melbourne Storm,,,,,,,,
2005|Rd 7|Manly Sea Eagles|South Sydney Rabbitohs,,,,,,,,
2005|Rd 7|Newcastle Knights|Canterbury Bulldogs,,,,,,,,
2005|Rd 7|Sydney Roosters|St. George Illawarra Dragons,,,,,,,,
2005|Rd 8|Brisbane Broncos|Manly Sea Eagles,,,,,,,,
2005|Rd 8|Canterbury Bulldogs|Parramatta Eels,,,,,,,,
2005|Rd 8|Melbourne Storm|Cronulla Sharks,,,,,,,,
2005|Rd 8|NQ Cowboys|Sydney Roosters,,,,,,,,
2005|Rd 8|New Zealand Warriors|Penrith Panthers,,,,,,,,
2005|Rd 8|Newcastle Knights|Canberra Raiders,,,,,,,,
2005|Rd 8|Wests Tigers|St. George Illawarra Dragons,,,,,,,,
2005|Rd 9|Cronulla Sharks|New Zealand Warriors,,,,,,,,
2005|Rd 9|Penrith Panthers|Canberra Raiders,,,,,,,,
2005|Rd 9|St. George Illawarra Dragons|South Sydney Rabbitohs,,,,,,,,
2005|Rd 9|Brisbane Broncos|Canterbury Bulldogs,,,,,,,,
2005|Rd 9|Manly Sea Eagles|Wests Tigers,,,,,,,,
2005|Rd 9|Parramatta Eels|NQ Cowboys,,,,,,,,
2005|Rd 9|Sydney Roosters|Newcastle Knights,,,,,,,,
2005|Rd 10|St. George Illawarra Dragons|Penrith Panthers,,,,,,,,
2005|Rd 10|Canterbury Bulldogs|Manly Sea Eagles,,,,,,,,
2005|Rd 10|NQ Cowboys|Brisbane Broncos,,,,,,,,
2005|Rd 10|South Sydney Rabbitohs|Melbourne Storm,,,,,,,,
2005|Rd 10|Canberra Raiders|Cronulla Sharks,,,,,,,,
2005|Rd 10|New Zealand Warriors|Sydney Roosters,,,,,,,,
2005|Rd 10|Newcastle Knights|Wests Tigers,,,,,,,,
2005|Rd 11|Parramatta Eels|Manly Sea Eagles,,,,,,,,
2005|Rd 11|Melbourne Storm|Canterbury Bulldogs,,,,,,,,
2005|Rd 11|Newcastle Knights|St. George Illawarra Dragons,,,,,,,,
2005|Rd 11|South Sydney Rabbitohs|New Zealand Warriors,,,,,,,,
2005|Rd 11|Penrith Panthers|Cronulla Sharks,,,,,,,,
2005|Rd 11|Wests Tigers|Canberra Raiders,,,,,,,,
2005|Rd 12|Canterbury Bulldogs|NQ Cowboys,,,,,,,,
2005|Rd 12|Brisbane Broncos|South Sydney Rabbitohs,,,,,,,,
2005|Rd 12|Cronulla Sharks|Parramatta Eels,,,,,,,,
2005|Rd 12|Sydney Roosters|Canberra Raiders,,,,,,,,
2005|Rd 12|Manly Sea Eagles|Penrith Panthers,,,,,,,,
2005|Rd 12|Melbourne Storm|St. George Illawarra Dragons,,,,,,,,
2005|Rd 12|New Zealand Warriors|Wests Tigers,,,,,,,,
2005|Rd 13|Sydney Roosters|Manly Sea Eagles,,,,,,,,
2005|Rd 13|Canterbury Bulldogs|South Sydney Rabbitohs,,,,,,,,
2005|Rd 13|NQ Cowboys|Cronulla Sharks,,,,,,,,
2005|Rd 13|St. George Illawarra Dragons|New Zealand Warriors,,,,,,,,
2005|Rd 13|Newcastle Knights|Brisbane Broncos,,,,,,,,
2005|Rd 13|Penrith Panthers|Parramatta Eels,,,,,,,,
2005|Rd 13|Wests Tigers|Melbourne Storm,,,,,,,,
2005|Rd 14|Wests Tigers|Cronulla Sharks,,,,,,,,
2005|Rd 14|Canberra Raiders|Brisbane Broncos,,,,,,,,
2005|Rd 14|Newcastle Knights|Parramatta Eels,,,,,,,,
2005|Rd 14|South Sydney Rabbitohs|Manly Sea Eagles,,,,,,,,
2005|Rd 14|New Zealand Warriors|Melbourne Storm,,,,,,,,
2005|Rd 14|St. George Illawarra Dragons|NQ Cowboys,,,,,,,,
2005|Rd 15|Cronulla Sharks|Sydney Roosters,,,,,,,,
2005|Rd 15|Brisbane Broncos|Wests Tigers,,,,,,,,
2005|Rd 15|Melbourne Storm|Penrith Panthers,,,,,,,,
2005|Rd 15|Parramatta Eels|New Zealand Warriors,,,,,,,,
2005|Rd 15|Canterbury Bulldogs|Canberra Raiders,,,,,,,,
2005|Rd 15|Manly Sea Eagles|Newcastle Knights,,,,,,,,
2005|Rd 15|South Sydney Rabbitohs|St. George Illawarra Dragons,,,,,,,,
2005|Rd 16|Sydney Roosters|Parramatta Eels,,,,,,,,
2005|Rd 16|Canberra Raiders|NQ Cowboys,,,,,,,,
2005|Rd 16|Melbourne Storm|South Sydney Rabbitohs,,,,,,,,
2005|Rd 16|Penrith Panthers|Newcastle Knights,,,,,,,,
2005|Rd 16|Manly Sea Eagles|Canterbury Bulldogs,,,,,,,,
2005|Rd 16|New Zealand Warriors|Brisbane Broncos,,,,,,,,
2005|Rd 16|St. George Illawarra Dragons|Wests Tigers,,,,,,,,
2005|Rd 17|Wests Tigers|Manly Sea Eagles,,,,,,,,
2005|Rd 17|Canterbury Bulldogs|Melbourne Storm,,,,,,,,
2005|Rd 17|NQ Cowboys|New Zealand Warriors,,,,,,,,
2005|Rd 17|Newcastle Knights|Sydney Roosters,,,,,,,,
2005|Rd 17|Brisbane Broncos|Cronulla Sharks,,,,,,,,
2005|Rd 17|Canberra Raiders|Penrith Panthers,,,,,,,,
2005|Rd 17|Parramatta Eels|South Sydney Rabbitohs,,,,,,,,
2005|Rd 18|Parramatta Eels|St. George Illawarra Dragons,,,,,,,,
2005|Rd 18|Melbourne Storm|Canberra Raiders,,,,,,,,
2005|Rd 18|Penrith Panthers|Manly Sea Eagles,,,,,,,,
2005|Rd 18|South Sydney Rabbitohs|Cronulla Sharks,,,,,,,,
2005|Rd 18|New Zealand Warriors|Canterbury Bulldogs,,,,,,,,
2005|Rd 18|Newcastle Knights|NQ Cowboys,,,,,,,,
2005|Rd 18|Wests Tigers|Sydney Roosters,,,,,,,,
2005|Rd 19|Penrith Panthers|Canterbury Bulldogs,,,,,,,,
2005|Rd 19|Cronulla Sharks|Newcastle Knights,,,,,,,,
2005|Rd 19|NQ Cowboys|South Sydney Rabbitohs,,,,,,,,
2005|Rd 19|Sydney Roosters|New Zealand Warriors,,,,,,,,
2005|Rd 19|Brisbane Broncos|Melbourne Storm,,,,,,,,
2005|Rd 19|Canberra Raiders|Parramatta Eels,,,,,,,,
2005|Rd 19|Manly Sea Eagles|St. George Illawarra Dragons,,,,,,,,
2005|Rd 20|Canterbury Bulldogs|Brisbane Broncos,,,,,,,,
2005|Rd 20|NQ Cowboys|Penrith Panthers,,,,,,,,
2005|Rd 20|New Zealand Warriors|Canberra Raiders,,,,,,,,
2005|Rd 20|Parramatta Eels|Newcastle Knights,,,,,,,,
2005|Rd 20|Melbourne Storm|Sydney Roosters,,,,,,,,
2005|Rd 20|St. George Illawarra Dragons|Cronulla Sharks,,,,,,,,
2005|Rd 20|Wests Tigers|South Sydney Rabbitohs,,,,,,,,
2005|Rd 21|St. George Illawarra Dragons|Sydney Roosters,,,,,,,,
2005|Rd 21|Brisbane Broncos|Canberra Raiders,,,,,,,,
2005|Rd 21|Newcastle Knights|Melbourne Storm,,,,,,,,
2005|Rd 21|Penrith Panthers|New Zealand Warriors,,,,,,,,
2005|Rd 21|Cronulla Sharks|Wests Tigers,,,,,,,,
2005|Rd 21|Manly Sea Eagles|NQ Cowboys,,,,,,,,
2005|Rd 21|South Sydney Rabbitohs|Canterbury Bulldogs,,,,,,,,
2005|Rd 22|NQ Cowboys|St. George Illawarra Dragons,,,,,,,,
2005|Rd 22|Canterbury Bulldogs|Newcastle Knights,,,,,,,,
2005|Rd 22|Cronulla Sharks|Melbourne Storm,,,,,,,,
2005|Rd 22|New Zealand Warriors|Parramatta Eels,,,,,,,,
2005|Rd 22|Canberra Raiders|Wests Tigers,,,,,,,,
2005|Rd 22|Manly Sea Eagles|Brisbane Broncos,,,,,,,,
2005|Rd 22|Sydney Roosters|Penrith Panthers,,,,,,,,
2005|Rd 23|Parramatta Eels|Canterbury Bulldogs,,,,,,,,
2005|Rd 23|Canberra Raiders|South Sydney Rabbitohs,,,,,,,,
2005|Rd 23|Melbourne Storm|New Zealand Warriors,,,,,,,,
2005|Rd 23|Sydney Roosters|Cronulla Sharks,,,,,,,,
2005|Rd 23|Brisbane Broncos|St. George Illawarra Dragons,,,,,,,,
2005|Rd 23|Newcastle Knights|Manly Sea Eagles,,,,,,,,
2005|Rd 23|Wests Tigers|NQ Cowboys,,,,,,,,
2005|Rd 24|Wests Tigers|Canterbury Bulldogs,,,,,,,,
2005|Rd 24|NQ Cowboys|Canberra Raiders,,,,,,,,
2005|Rd 24|New Zealand Warriors|Newcastle Knights,,,,,,,,
2005|Rd 24|South Sydney Rabbitohs|Sydney Roosters,,,,,,,,
2005|Rd 24|Cronulla Sharks|Manly Sea Eagles,,,,,,,,
2005|Rd 24|Penrith Panthers|Brisbane Broncos,,,,,,,,
2005|Rd 24|St. George Illawarra Dragons|Parramatta Eels,,,,,,,,
2005|Rd 25|Brisbane Broncos|Sydney Roosters,,,,,,,,
2005|Rd 25|Manly Sea Eagles|New Zealand Warriors,,,,,,,,
2005|Rd 25|Melbourne Storm|Wests Tigers,,,,,,,,
2005|Rd 25|Newcastle Knights|Cronulla Sharks,,,,,,,,
2005|Rd 25|Canterbury Bulldogs|Penrith Panthers,,,,,,,,
2005|Rd 25|Parramatta Eels|Canberra Raiders,,,,,,,,
2005|Rd 25|South Sydney Rabbitohs|NQ Cowboys,,,,,,,,
2005|Rd 26|Parramatta Eels|Brisbane Broncos,,,,,,,,
2005|Rd 26|Canberra Raiders|Manly Sea Eagles,,,,,,,,
2005|Rd 26|Cronulla Sharks|South Sydney Rabbitohs,,,,,,,,
2005|Rd 26|NQ Cowboys|Melbourne Storm,,,,,,,,
2005|Rd 26|St. George Illawarra Dragons|Newcastle Knights,,,,,,,,
2005|Rd 26|Sydney Roosters|Canterbury Bulldogs,,,,,,,,
2005|Rd 26|Wests Tigers|Penrith Panthers,,,,,,,,
2005|Grand Final|Wests Tigers|NQ Cowboys,,,,,,,,
2005|Prelim Final|St. George Illawarra Dragons|Wests Tigers,,,,,,,,
2005|Qualif Final|Wests Tigers|NQ Cowboys,,,,,,,,
2005|Semi Final|Melbourne Storm|NQ Cowboys,,,,,,,,
2005|Prelim Final|Parramatta Eels|NQ Cowboys,,,,,,,,
2005|Qualif Final|Brisbane Broncos|Melbourne Storm,,,,,,,,
2005|Semi Final|Wests Tigers|Brisbane Broncos,,,,,,,,
2005|Qualif Final|St. George Illawarra Dragons|Cronulla Sharks,,,,,,,,
2005|Qualif Final|Parramatta Eels|Manly Sea Eagles,,,,,,,,
2006|Rd 1|Wests Tigers|St. George Illawarra Dragons,,,,,,,,
2006|Rd 1|Canterbury Bulldogs|Penrith Panthers,,,,,,,,
2006|Rd 1|Manly Sea Eagles|Canberra Raiders,,,,,,,,
2006|Rd 1|Newcastle Knights|Parramatta Eels,,,,,,,,
2006|Rd 1|Brisbane Broncos|NQ Cowboys,,,,,,,,
2006|Rd 1|New Zealand Warriors|Melbourne Storm,,,,,,,,
2006|Rd 1|South Sydney Rabbitohs|Sydney Roosters,,,,,,,,
2006|Rd 2|Canterbury Bulldogs|Wests Tigers,,,,,,,,
2006|Rd 2|Cronulla Sharks|Brisbane Broncos,,,,,,,,
2006|Rd 2|NQ Cowboys|Manly Sea Eagles,,,,,,,,
2006|Rd 2|Parramatta Eels|New Zealand Warriors,,,,,,,,
2006|Rd 2|Canberra Raiders|Newcastle Knights,,,,,,,,
2006|Rd 2|St. George Illawarra Dragons|Penrith Panthers,,,,,,,,
2006|Rd 2|Sydney Roosters|Melbourne Storm,,,,,,,,
2006|Rd 3|Newcastle Knights|Canterbury Bulldogs,,,,,,,,
2006|Rd 3|Manly Sea Eagles|Cronulla Sharks,,,,,,,,
2006|Rd 3|NQ Cowboys|Melbourne Storm,,,,,,,,
2006|Rd 3|Wests Tigers|New Zealand Warriors,,,,,,,,
2006|Rd 3|Brisbane Broncos|Parramatta Eels,,,,,,,,
2006|Rd 3|South Sydney Rabbitohs|St. George Illawarra Dragons,,,,,,,,
2006|Rd 3|Sydney Roosters|Canberra Raiders,,,,,,,,
2006|Rd 4|Parramatta Eels|NQ Cowboys,,,,,,,,
2006|Rd 4|Canberra Raiders|Penrith Panthers,,,,,,,,
2006|Rd 4|Cronulla Sharks|South Sydney Rabbitohs,,,,,,,,
2006|Rd 4|Manly Sea Eagles|Sydney Roosters,,,,,,,,
2006|Rd 4|Newcastle Knights|New Zealand Warriors,,,,,,,,
2006|Rd 4|St. George Illawarra Dragons|Brisbane Broncos,,,,,,,,
2006|Rd 4|Wests Tigers|Melbourne Storm,,,,,,,,
2006|Rd 5|NQ Cowboys|Wests Tigers,,,,,,,,
2006|Rd 5|Brisbane Broncos|South Sydney Rabbitohs,,,,,,,,
2006|Rd 5|Cronulla Sharks|Sydney Roosters,,,,,,,,
2006|Rd 5|St. George Illawarra Dragons|Newcastle Knights,,,,,,,,
2006|Rd 5|Canberra Raiders|Canterbury Bulldogs,,,,,,,,
2006|Rd 5|New Zealand Warriors|Manly Sea Eagles,,,,,,,,
2006|Rd 5|Parramatta Eels|Penrith Panthers,,,,,,,,
2006|Rd 6|Sydney Roosters|Brisbane Broncos,,,,,,,,
2006|Rd 6|Canberra Raiders|New Zealand Warriors,,,,,,,,
2006|Rd 6|Manly Sea Eagles|St. George Illawarra Dragons,,,,,,,,
2006|Rd 6|Penrith Panthers|Melbourne Storm,,,,,,,,
2006|Rd 6|Newcastle Knights|NQ Cowboys,,,,,,,,
2006|Rd 6|Wests Tigers|Cronulla Sharks,,,,,,,,
2006|Rd 6|South Sydney Rabbitohs|Canterbury Bulldogs,,,,,,,,
2006|Rd 7|Parramatta Eels|Wests Tigers,,,,,,,,
2006|Rd 7|Cronulla Sharks|NQ Cowboys,,,,,,,,
2006|Rd 7|Melbourne Storm|Newcastle Knights,,,,,,,,
2006|Rd 7|New Zealand Warriors|South Sydney Rabbitohs,,,,,,,,
2006|Rd 7|Brisbane Broncos|Penrith Panthers,,,,,,,,
2006|Rd 7|Canterbury Bulldogs|Manly Sea Eagles,,,,,,,,
2006|Rd 7|St. George Illawarra Dragons|Sydney Roosters,,,,,,,,
2006|Rd 8|Penrith Panthers|Cronulla Sharks,,,,,,,,
2006|Rd 8|Brisbane Broncos|Canberra Raiders,,,,,,,,
2006|Rd 8|Melbourne Storm|St. George Illawarra Dragons,,,,,,,,
2006|Rd 8|NQ Cowboys|Sydney Roosters,,,,,,,,
2006|Rd 8|Manly Sea Eagles|Parramatta Eels,,,,,,,,
2006|Rd 8|New Zealand Warriors|Canterbury Bulldogs,,,,,,,,
2006|Rd 8|South Sydney Rabbitohs|Newcastle Knights,,,,,,,,
2006|Rd 9|NQ Cowboys|Penrith Panthers,,,,,,,,
2006|Rd 9|Parramatta Eels|Canberra Raiders,,,,,,,,
2006|Rd 9|South Sydney Rabbitohs|Melbourne Storm,,,,,,,,
2006|Rd 9|Cronulla Sharks|St. George Illawarra Dragons,,,,,,,,
2006|Rd 9|Newcastle Knights|Brisbane Broncos,,,,,,,,
2006|Rd 9|Sydney Roosters|Canterbury Bulldogs,,,,,,,,
2006|Rd 9|Wests Tigers|Manly Sea Eagles,,,,,,,,
2006|Rd 10|Brisbane Broncos|Manly Sea Eagles,,,,,,,,
2006|Rd 10|Melbourne Storm|NQ Cowboys,,,,,,,,
2006|Rd 10|St. George Illawarra Dragons|New Zealand Warriors,,,,,,,,
2006|Rd 10|Canberra Raiders|Cronulla Sharks,,,,,,,,
2006|Rd 10|Canterbury Bulldogs|Parramatta Eels,,,,,,,,
2006|Rd 10|Penrith Panthers|South Sydney Rabbitohs,,,,,,,,
2006|Rd 10|Wests Tigers|Newcastle Knights,,,,,,,,
2006|Rd 11|Penrith Panthers|Parramatta Eels,,,,,,,,
2006|Rd 11|Manly Sea Eagles|Melbourne Storm,,,,,,,,
2006|Rd 11|New Zealand Warriors|Wests Tigers,,,,,,,,
2006|Rd 11|Newcastle Knights|Canberra Raiders,,,,,,,,
2006|Rd 11|Canterbury Bulldogs|Cronulla Sharks,,,,,,,,
2006|Rd 11|Sydney Roosters|South Sydney Rabbitohs,,,,,,,,
2006|Rd 12|Newcastle Knights|St. George Illawarra Dragons,,,,,,,,
2006|Rd 12|Brisbane Broncos|Canterbury Bulldogs,,,,,,,,
2006|Rd 12|Cronulla Sharks|New Zealand Warriors,,,,,,,,
2006|Rd 12|NQ Cowboys|Canberra Raiders,,,,,,,,
2006|Rd 12|Melbourne Storm|Penrith Panthers,,,,,,,,
2006|Rd 12|Parramatta Eels|Sydney Roosters,,,,,,,,
2006|Rd 12|South Sydney Rabbitohs|Wests Tigers,,,,,,,,
2006|Rd 13|St. George Illawarra Dragons|Parramatta Eels,,,,,,,,
2006|Rd 13|Canberra Raiders|South Sydney Rabbitohs,,,,,,,,
2006|Rd 13|Canterbury Bulldogs|Newcastle Knights,,,,,,,,
2006|Rd 13|Melbourne Storm|Sydney Roosters,,,,,,,,
2006|Rd 13|New Zealand Warriors|Brisbane Broncos,,,,,,,,
2006|Rd 13|Penrith Panthers|Manly Sea Eagles,,,,,,,,
2006|Rd 13|Wests Tigers|NQ Cowboys,,,,,,,,
2006|Rd 14|Manly Sea Eagles|Wests Tigers,,,,,,,,
2006|Rd 14|NQ Cowboys|Cronulla Sharks,,,,,,,,
2006|Rd 14|Penrith Panthers|St. George Illawarra Dragons,,,,,,,,
2006|Rd 14|South Sydney Rabbitohs|Brisbane Broncos,,,,,,,,
2006|Rd 14|Parramatta Eels|Melbourne Storm,,,,,,,,
2006|Rd 14|Sydney Roosters|New Zealand Warriors,,,,,,,,
2006|Rd 14|Canterbury Bulldogs|Canberra Raiders,,,,,,,,
2006|Rd 15|Brisbane Broncos|St. George Illawarra Dragons,,,,,,,,
2006|Rd 15|Cronulla Sharks|Manly Sea Eagles,,,,,,,,
2006|Rd 15|Parramatta Eels|South Sydney Rabbitohs,,,,,,,,
2006|Rd 15|Wests Tigers|Sydney Roosters,,,,,,,,
2006|Rd 15|Canterbury Bulldogs|NQ Cowboys,,,,,,,,
2006|Rd 15|Melbourne Storm|Canberra Raiders,,,,,,,,
2006|Rd 15|New Zealand Warriors|Newcastle Knights,,,,,,,,
2006|Rd 16|Melbourne Storm|Canterbury Bulldogs,,,,,,,,
2006|Rd 16|Newcastle Knights|Cronulla Sharks,,,,,,,,
2006|Rd 16|Penrith Panthers|Wests Tigers,,,,,,,,
2006|Rd 16|St. George Illawarra Dragons|NQ Cowboys,,,,,,,,
2006|Rd 16|Canberra Raiders|Sydney Roosters,,,,,,,,
2006|Rd 16|Manly Sea Eagles|Brisbane Broncos,,,,,,,,
2006|Rd 16|South Sydney Rabbitohs|New Zealand Warriors,,,,,,,,
2006|Rd 17|Manly Sea Eagles|Newcastle Knights,,,,,,,,
2006|Rd 17|Canberra Raiders|Parramatta Eels,,,,,,,,
2006|Rd 17|NQ Cowboys|South Sydney Rabbitohs,,,,,,,,
2006|Rd 17|New Zealand Warriors|Penrith Panthers,,,,,,,,
2006|Rd 17|Brisbane Broncos|Cronulla Sharks,,,,,,,,
2006|Rd 17|Wests Tigers|Canterbury Bulldogs,,,,,,,,
2006|Rd 18|Melbourne Storm|Brisbane Broncos,,,,,,,,
2006|Rd 18|Parramatta Eels|Newcastle Knights,,,,,,,,
2006|Rd 18|Penrith Panthers|Canberra Raiders,,,,,,,,
2006|Rd 18|Sydney Roosters|Manly Sea Eagles,,,,,,,,
2006|Rd 18|Canterbury Bulldogs|New Zealand Warriors,,,,,,,,
2006|Rd 18|Cronulla Sharks|Wests Tigers,,,,,,,,
2006|Rd 18|St. George Illawarra Dragons|South Sydney Rabbitohs,,,,,,,,
2006|Rd 19|St. George Illawarra Dragons|Canterbury Bulldogs,,,,,,,,
2006|Rd 19|New Zealand Warriors|Parramatta Eels,,,,,,,,
2006|Rd 19|Penrith Panthers|NQ Cowboys,,,,,,,,
2006|Rd 19|South Sydney Rabbitohs|Manly Sea Eagles,,,,,,,,
2006|Rd 19|Canberra Raiders|Wests Tigers,,,,,,,,
2006|Rd 19|Newcastle Knights|Melbourne Storm,,,,,,,,
2006|Rd 19|Sydney Roosters|Cronulla Sharks,,,,,,,,
2006|Rd 20|Melbourne Storm|Cronulla Sharks,,,,,,,,
2006|Rd 20|Canterbury Bulldogs|Sydney Roosters,,,,,,,,
2006|Rd 20|NQ Cowboys|Brisbane Broncos,,,,,,,,
2006|Rd 20|Newcastle Knights|South Sydney Rabbitohs,,,,,,,,
2006|Rd 20|Canberra Raiders|St. George Illawarra Dragons,,,,,,,,
2006|Rd 20|Manly Sea Eagles|Penrith Panthers,,,,,,,,
2006|Rd 20|Wests Tigers|Parramatta Eels,,,,,,,,
2006|Rd 21|Cronulla Sharks|Newcastle Knights,,,,,,,,
2006|Rd 21|Parramatta Eels|Manly Sea Eagles,,,,,,,,
2006|Rd 21|Penrith Panthers|New Zealand Warriors,,,,,,,,
2006|Rd 21|South Sydney Rabbitohs|Canberra Raiders,,,,,,,,
2006|Rd 21|Brisbane Broncos|Wests Tigers,,,,,,,,
2006|Rd 21|St. George Illawarra Dragons|Melbourne Storm,,,,,,,,
2006|Rd 21|Sydney Roosters|NQ Cowboys,,,,,,,,
2006|Rd 22|Parramatta Eels|St. George Illawarra Dragons,,,,,,,,
2006|Rd 22|Melbourne Storm|Wests Tigers,,,,,,,,
2006|Rd 22|NQ Cowboys|Canterbury Bulldogs,,,,,,,,
2006|Rd 22|New Zealand Warriors|Cronulla Sharks,,,,,,,,
2006|Rd 22|Canberra Raiders|Brisbane Broncos,,,,,,,,
2006|Rd 22|South Sydney Rabbitohs|Penrith Panthers,,,,,,,,
2006|Rd 22|Sydney Roosters|Newcastle Knights,,,,,,,,
2006|Rd 23|Newcastle Knights|Manly Sea Eagles,,,,,,,,
2006|Rd 23|Cronulla Sharks|Parramatta Eels,,,,,,,,
2006|Rd 23|New Zealand Warriors|NQ Cowboys,,,,,,,,
2006|Rd 23|Penrith Panthers|Sydney Roosters,,,,,,,,
2006|Rd 23|Brisbane Broncos|Melbourne Storm,,,,,,,,
2006|Rd 23|Canterbury Bulldogs|St. George Illawarra Dragons,,,,,,,,
2006|Rd 23|Wests Tigers|Canberra Raiders,,,,,,,,
2006|Rd 24|Canterbury Bulldogs|Brisbane Broncos,,,,,,,,
2006|Rd 24|Cronulla Sharks|Penrith Panthers,,,,,,,,
2006|Rd 24|Melbourne Storm|New Zealand Warriors,,,,,,,,
2006|Rd 24|NQ Cowboys|Newcastle Knights,,,,,,,,
2006|Rd 24|Manly Sea Eagles|South Sydney Rabbitohs,,,,,,,,
2006|Rd 24|St. George Illawarra Dragons|Wests Tigers,,,,,,,,
2006|Rd 24|Sydney Roosters|Parramatta Eels,,,,,,,,
2006|Rd 25|Manly Sea Eagles|Canterbury Bulldogs,,,,,,,,
2006|Rd 25|Canberra Raiders|Melbourne Storm,,,,,,,,
2006|Rd 25|Newcastle Knights|Penrith Panthers,,,,,,,,
2006|Rd 25|St. George Illawarra Dragons|Cronulla Sharks,,,,,,,,
2006|Rd 25|New Zealand Warriors|Sydney Roosters,,,,,,,,
2006|Rd 25|Parramatta Eels|Brisbane Broncos,,,,,,,,
2006|Rd 25|South Sydney Rabbitohs|NQ Cowboys,,,,,,,,
2006|Rd 26|NQ Cowboys|Parramatta Eels,,,,,,,,
2006|Rd 26|Cronulla Sharks|Canberra Raiders,,,,,,,,
2006|Rd 26|Melbourne Storm|Manly Sea Eagles,,,,,,,,
2006|Rd 26|Sydney Roosters|St. George Illawarra Dragons,,,,,,,,
2006|Rd 26|Brisbane Broncos|New Zealand Warriors,,,,,,,,
2006|Rd 26|Penrith Panthers|Canterbury Bulldogs,,,,,,,,
2006|Rd 26|Wests Tigers|South Sydney Rabbitohs,,,,,,,,
2006|Grand Final|Melbourne Storm|Brisbane Broncos,,,,,,,,
2006|Prelim Final|Canterbury Bulldogs|Brisbane Broncos,,,,,,,,
2006|Qualif Final|Newcastle Knights|Manly Sea Eagles,,,,,,,,
2006|Semi Final|St. George Illawarra Dragons|Manly Sea Eagles,,,,,,,,
2006|Prelim Final|Melbourne Storm|St. George Illawarra Dragons,,,,,,,,
2006|Qualif Final|Brisbane Broncos|St. George Illawarra Dragons,,,,,,,,
2006|Semi Final|Brisbane Broncos|Newcastle Knights,,,,,,,,
2006|Qualif Final|Canterbury Bulldogs|Canberra Raiders,,,,,,,,
2006|Qualif Final|Melbourne Storm|Parramatta Eels,,,,,,,,
2007|Rd 1|Brisbane Broncos|NQ Cowboys,,,,,,,,
2007|Rd 1|Melbourne Storm|Wests Tigers,,,,,,,,
2007|Rd 1|Cronulla Sharks|Penrith Panthers,,,,,,,,
2007|Rd 1|Manly Sea Eagles|Canberra Raiders,,,,,,,,
2007|Rd 1|New Zealand Warriors|Parramatta Eels,,,,,,,,
2007|Rd 1|Gold Coast Titans|St. George Illawarra Dragons,,,,,,,,
2007|Rd 1|Newcastle Knights|Canterbury Bulldogs,,,,,,,,
2007|Rd 1|Sydney Roosters|South Sydney Rabbitohs,,,,,,,,
2007|Rd 2|Penrith Panthers|Canterbury Bulldogs,,,,,,,,
2007|Rd 2|St. George Illawarra Dragons|Newcastle Knights,,,,,,,,
2007|Rd 2|Canberra Raiders|Melbourne Storm,,,,,,,,
2007|Rd 2|NQ Cowboys|Sydney Roosters,,,,,,,,
2007|Rd 2|Wests Tigers|Manly Sea Eagles,,,,,,,,
2007|Rd 2|New Zealand Warriors|Brisbane Broncos,,,,,,,,
2007|Rd 2|South Sydney Rabbitohs|Parramatta Eels,,,,,,,,
2007|Rd 2|Gold Coast Titans|Cronulla Sharks,,,,,,,,
2007|Rd 3|Brisbane Broncos|Penrith Panthers,,,,,,,,
2007|Rd 3|Parramatta Eels|Wests Tigers,,,,,,,,
2007|Rd 3|Cronulla Sharks|South Sydney Rabbitohs,,,,,,,,
2007|Rd 3|St. George Illawarra Dragons|NQ Cowboys,,,,,,,,
2007|Rd 3|Canterbury Bulldogs|Gold Coast Titans,,,,,,,,
2007|Rd 3|Melbourne Storm|New Zealand Warriors,,,,,,,,
2007|Rd 3|Sydney Roosters|Manly Sea Eagles,,,,,,,,
2007|Rd 3|Canberra Raiders|Newcastle Knights,,,,,,,,
2007|Rd 4|South Sydney Rabbitohs|Canterbury Bulldogs,,,,,,,,
2007|Rd 4|Sydney Roosters|Brisbane Broncos,,,,,,,,
2007|Rd 4|NQ Cowboys|Wests Tigers,,,,,,,,
2007|Rd 4|Newcastle Knights|Melbourne Storm,,,,,,,,
2007|Rd 4|Parramatta Eels|Canberra Raiders,,,,,,,,
2007|Rd 4|Manly Sea Eagles|New Zealand Warriors,,,,,,,,
2007|Rd 4|Penrith Panthers|Gold Coast Titans,,,,,,,,
2007|Rd 4|Cronulla Sharks|St. George Illawarra Dragons,,,,,,,,
2007|Rd 5|Gold Coast Titans|Brisbane Broncos,,,,,,,,
2007|Rd 5|Penrith Panthers|Parramatta Eels,,,,,,,,
2007|Rd 5|Canterbury Bulldogs|Manly Sea Eagles,,,,,,,,
2007|Rd 5|St. George Illawarra Dragons|Melbourne Storm,,,,,,,,
2007|Rd 5|New Zealand Warriors|NQ Cowboys,,,,,,,,
2007|Rd 5|South Sydney Rabbitohs|Newcastle Knights,,,,,,,,
2007|Rd 5|Wests Tigers|Cronulla Sharks,,,,,,,,
2007|Rd 5|Canberra Raiders|Sydney Roosters,,,,,,,,
2007|Rd 6|Cronulla Sharks|Canberra Raiders,,,,,,,,
2007|Rd 6|Melbourne Storm|Penrith Panthers,,,,,,,,
2007|Rd 6|Manly Sea Eagles|Gold Coast Titans,,,,,,,,
2007|Rd 6|Newcastle Knights|Brisbane Broncos,,,,,,,,
2007|Rd 6|Parramatta Eels|Canterbury Bulldogs,,,,,,,,
2007|Rd 6|NQ Cowboys|South Sydney Rabbitohs,,,,,,,,
2007|Rd 7|Sydney Roosters|St. George Illawarra Dragons,,,,,,,,
2007|Rd 7|Brisbane Broncos|Melbourne Storm,,,,,,,,
2007|Rd 7|Canterbury Bulldogs|Wests Tigers,,,,,,,,
2007|Rd 7|NQ Cowboys|Manly Sea Eagles,,,,,,,,
2007|Rd 7|Penrith Panthers|Canberra Raiders,,,,,,,,
2007|Rd 7|Gold Coast Titans|Parramatta Eels,,,,,,,,
2007|Rd 7|South Sydney Rabbitohs|New Zealand Warriors,,,,,,,,
2007|Rd 7|Newcastle Knights|Cronulla Sharks,,,,,,,,
2007|Rd 8|Brisbane Broncos|South Sydney Rabbitohs,,,,,,,,
2007|Rd 8|St. George Illawarra Dragons|Penrith Panthers,,,,,,,,
2007|Rd 8|New Zealand Warriors|Cronulla Sharks,,,,,,,,
2007|Rd 8|Parramatta Eels|Sydney Roosters,,,,,,,,
2007|Rd 8|Wests Tigers|Melbourne Storm,,,,,,,,
2007|Rd 8|Canberra Raiders|Manly Sea Eagles,,,,,,,,
2007|Rd 8|Canterbury Bulldogs|Newcastle Knights,,,,,,,,
2007|Rd 8|Gold Coast Titans|NQ Cowboys,,,,,,,,
2007|Rd 9|Cronulla Sharks|Brisbane Broncos,,,,,,,,
2007|Rd 9|Manly Sea Eagles|Parramatta Eels,,,,,,,,
2007|Rd 9|NQ Cowboys|Penrith Panthers,,,,,,,,
2007|Rd 9|Newcastle Knights|New Zealand Warriors,,,,,,,,
2007|Rd 9|South Sydney Rabbitohs|Canberra Raiders,,,,,,,,
2007|Rd 9|Sydney Roosters|Gold Coast Titans,,,,,,,,
2007|Rd 9|Wests Tigers|St. George Illawarra Dragons,,,,,,,,
2007|Rd 9|Melbourne Storm|Canterbury Bulldogs,,,,,,,,
2007|Rd 10|St. George Illawarra Dragons|Gold Coast Titans,,,,,,,,
2007|Rd 10|Melbourne Storm|Sydney Roosters,,,,,,,,
2007|Rd 10|Parramatta Eels|NQ Cowboys,,,,,,,,
2007|Rd 10|Canterbury Bulldogs|Cronulla Sharks,,,,,,,,
2007|Rd 10|New Zealand Warriors|Wests Tigers,,,,,,,,
2007|Rd 10|Manly Sea Eagles|Brisbane Broncos,,,,,,,,
2007|Rd 11|Canberra Raiders|St. George Illawarra Dragons,,,,,,,,
2007|Rd 11|Canterbury Bulldogs|NQ Cowboys,,,,,,,,
2007|Rd 11|Cronulla Sharks|Sydney Roosters,,,,,,,,
2007|Rd 11|Gold Coast Titans|South Sydney Rabbitohs,,,,,,,,
2007|Rd 11|Manly Sea Eagles|Melbourne Storm,,,,,,,,
2007|Rd 11|Brisbane Broncos|Newcastle Knights,,,,,,,,
2007|Rd 11|Penrith Panthers|Wests Tigers,,,,,,,,
2007|Rd 11|Parramatta Eels|New Zealand Warriors,,,,,,,,
2007|Rd 12|Penrith Panthers|Manly Sea Eagles,,,,,,,,
2007|Rd 12|St. George Illawarra Dragons|Brisbane Broncos,,,,,,,,
2007|Rd 12|Melbourne Storm|South Sydney Rabbitohs,,,,,,,,
2007|Rd 12|NQ Cowboys|Cronulla Sharks,,,,,,,,
2007|Rd 12|Sydney Roosters|Newcastle Knights,,,,,,,,
2007|Rd 12|Gold Coast Titans|Canberra Raiders,,,,,,,,
2007|Rd 12|New Zealand Warriors|Canterbury Bulldogs,,,,,,,,
2007|Rd 12|Wests Tigers|Parramatta Eels,,,,,,,,
2007|Rd 13|South Sydney Rabbitohs|Penrith Panthers,,,,,,,,
2007|Rd 13|Canberra Raiders|Parramatta Eels,,,,,,,,
2007|Rd 13|Sydney Roosters|NQ Cowboys,,,,,,,,
2007|Rd 13|New Zealand Warriors|Melbourne Storm,,,,,,,,
2007|Rd 13|Newcastle Knights|Wests Tigers,,,,,,,,
2007|Rd 13|St. George Illawarra Dragons|Cronulla Sharks,,,,,,,,
2007|Rd 14|Canterbury Bulldogs|Brisbane Broncos,,,,,,,,
2007|Rd 14|Manly Sea Eagles|South Sydney Rabbitohs,,,,,,,,
2007|Rd 14|Cronulla Sharks|New Zealand Warriors,,,,,,,,
2007|Rd 14|NQ Cowboys|Melbourne Storm,,,,,,,,
2007|Rd 14|Penrith Panthers|Sydney Roosters,,,,,,,,
2007|Rd 14|Parramatta Eels|St. George Illawarra Dragons,,,,,,,,
2007|Rd 14|Wests Tigers|Gold Coast Titans,,,,,,,,
2007|Rd 14|Newcastle Knights|Canberra Raiders,,,,,,,,
2007|Rd 15|Manly Sea Eagles|Canterbury Bulldogs,,,,,,,,
2007|Rd 15|New Zealand Warriors|Penrith Panthers,,,,,,,,
2007|Rd 15|Canberra Raiders|NQ Cowboys,,,,,,,,
2007|Rd 15|Gold Coast Titans|Newcastle Knights,,,,,,,,
2007|Rd 15|Sydney Roosters|Parramatta Eels,,,,,,,,
2007|Rd 15|Melbourne Storm|St. George Illawarra Dragons,,,,,,,,
2007|Rd 15|South Sydney Rabbitohs|Cronulla Sharks,,,,,,,,
2007|Rd 15|Brisbane Broncos|Wests Tigers,,,,,,,,
2007|Rd 16|Newcastle Knights|South Sydney Rabbitohs,,,,,,,,
2007|Rd 16|Gold Coast Titans|New Zealand Warriors,,,,,,,,
2007|Rd 16|Penrith Panthers|Brisbane Broncos,,,,,,,,
2007|Rd 16|Canberra Raiders|Wests Tigers,,,,,,,,
2007|Rd 16|St. George Illawarra Dragons|Manly Sea Eagles,,,,,,,,
2007|Rd 16|Canterbury Bulldogs|Sydney Roosters,,,,,,,,
2007|Rd 17|Brisbane Broncos|Gold Coast Titans,,,,,,,,
2007|Rd 17|Wests Tigers|Penrith Panthers,,,,,,,,
2007|Rd 17|Manly Sea Eagles|Sydney Roosters,,,,,,,,
2007|Rd 17|NQ Cowboys|New Zealand Warriors,,,,,,,,
2007|Rd 17|South Sydney Rabbitohs|Melbourne Storm,,,,,,,,
2007|Rd 17|Cronulla Sharks|Canterbury Bulldogs,,,,,,,,
2007|Rd 17|St. George Illawarra Dragons|Canberra Raiders,,,,,,,,
2007|Rd 17|Parramatta Eels|Newcastle Knights,,,,,,,,
2007|Rd 18|Manly Sea Eagles|Wests Tigers,,,,,,,,
2007|Rd 18|NQ Cowboys|Brisbane Broncos,,,,,,,,
2007|Rd 18|Canterbury Bulldogs|Penrith Panthers,,,,,,,,
2007|Rd 18|Sydney Roosters|Cronulla Sharks,,,,,,,,
2007|Rd 18|Canberra Raiders|Gold Coast Titans,,,,,,,,
2007|Rd 18|New Zealand Warriors|St. George Illawarra Dragons,,,,,,,,
2007|Rd 18|Parramatta Eels|South Sydney Rabbitohs,,,,,,,,
2007|Rd 18|Melbourne Storm|Newcastle Knights,,,,,,,,
2007|Rd 19|Cronulla Sharks|Manly Sea Eagles,,,,,,,,
2007|Rd 19|Gold Coast Titans|Canterbury Bulldogs,,,,,,,,
2007|Rd 19|Melbourne Storm|Canberra Raiders,,,,,,,,
2007|Rd 19|Newcastle Knights|Sydney Roosters,,,,,,,,
2007|Rd 19|Penrith Panthers|St. George Illawarra Dragons,,,,,,,,
2007|Rd 19|South Sydney Rabbitohs|NQ Cowboys,,,,,,,,
2007|Rd 19|Wests Tigers|New Zealand Warriors,,,,,,,,
2007|Rd 19|Brisbane Broncos|Parramatta Eels,,,,,,,,
2007|Rd 20|Canberra Raiders|Penrith Panthers,,,,,,,,
2007|Rd 20|Sydney Roosters|Melbourne Storm,,,,,,,,
2007|Rd 20|New Zealand Warriors|Newcastle Knights,,,,,,,,
2007|Rd 20|South Sydney Rabbitohs|Gold Coast Titans,,,,,,,,
2007|Rd 20|St. George Illawarra Dragons|Canterbury Bulldogs,,,,,,,,
2007|Rd 20|Brisbane Broncos|Cronulla Sharks,,,,,,,,
2007|Rd 20|Parramatta Eels|Manly Sea Eagles,,,,,,,,
2007|Rd 20|Wests Tigers|NQ Cowboys,,,,,,,,
2007|Rd 21|Canterbury Bulldogs|Parramatta Eels,,,,,,,,
2007|Rd 21|Newcastle Knights|St. George Illawarra Dragons,,,,,,,,
2007|Rd 21|Gold Coast Titans|Wests Tigers,,,,,,,,
2007|Rd 21|NQ Cowboys|Canberra Raiders,,,,,,,,
2007|Rd 21|Penrith Panthers|South Sydney Rabbitohs,,,,,,,,
2007|Rd 21|Brisbane Broncos|Manly Sea Eagles,,,,,,,,
2007|Rd 21|Sydney Roosters|New Zealand Warriors,,,,,,,,
2007|Rd 21|Cronulla Sharks|Melbourne Storm,,,,,,,,
2007|Rd 22|Manly Sea Eagles|Newcastle Knights,,,,,,,,
2007|Rd 22|Wests Tigers|Sydney Roosters,,,,,,,,
2007|Rd 22|New Zealand Warriors|Gold Coast Titans,,,,,,,,
2007|Rd 22|Parramatta Eels|Cronulla Sharks,,,,,,,,
2007|Rd 22|St. George Illawarra Dragons|South Sydney Rabbitohs,,,,,,,,
2007|Rd 22|Canterbury Bulldogs|Canberra Raiders,,,,,,,,
2007|Rd 22|Melbourne Storm|Brisbane Broncos,,,,,,,,
2007|Rd 22|Penrith Panthers|NQ Cowboys,,,,,,,,
2007|Rd 23|Brisbane Broncos|Canterbury Bulldogs,,,,,,,,
2007|Rd 23|Melbourne Storm|Parramatta Eels,,,,,,,,
2007|Rd 23|Canberra Raiders|New Zealand Warriors,,,,,,,,
2007|Rd 23|Cronulla Sharks|Wests Tigers,,,,,,,,
2007|Rd 23|NQ Cowboys|St. George Illawarra Dragons,,,,,,,,
2007|Rd 23|Gold Coast Titans|Sydney Roosters,,,,,,,,
2007|Rd 23|Newcastle Knights|Penrith Panthers,,,,,,,,
2007|Rd 23|South Sydney Rabbitohs|Manly Sea Eagles,,,,,,,,
2007|Rd 24|Canterbury Bulldogs|Melbourne Storm,,,,,,,,
2007|Rd 24|Newcastle Knights|NQ Cowboys,,,,,,,,
2007|Rd 24|Cronulla Sharks|Gold Coast Titans,,,,,,,,
2007|Rd 24|Sydney Roosters|Penrith Panthers,,,,,,,,
2007|Rd 24|Brisbane Broncos|Canberra Raiders,,,,,,,,
2007|Rd 24|New Zealand Warriors|Manly Sea Eagles,,,,,,,,
2007|Rd 24|Wests Tigers|South Sydney Rabbitohs,,,,,,,,
2007|Rd 24|St. George Illawarra Dragons|Parramatta Eels,,,,,,,,
2007|Rd 25|NQ Cowboys|Canterbury Bulldogs,,,,,,,,
2007|Rd 25|Wests Tigers|Newcastle Knights,,,,,,,,
2007|Rd 25|Canberra Raiders|Cronulla Sharks,,,,,,,,
2007|Rd 25|Penrith Panthers|New Zealand Warriors,,,,,,,,
2007|Rd 25|South Sydney Rabbitohs|Sydney Roosters,,,,,,,,
2007|Rd 25|Manly Sea Eagles|St. George Illawarra Dragons,,,,,,,,
2007|Rd 25|Melbourne Storm|Gold Coast Titans,,,,,,,,
2007|Rd 25|Parramatta Eels|Brisbane Broncos,,,,,,,,
2007|Grand Final|Melbourne Storm|Manly Sea Eagles,,,,,,,,
2007|Prelim Final|Manly Sea Eagles|NQ Cowboys,,,,,,,,
2007|Qualif Final|New Zealand Warriors|Parramatta Eels,,,,,,,,
2007|Semi Final|Parramatta Eels|Canterbury Bulldogs,,,,,,,,
2007|Prelim Final|Melbourne Storm|Parramatta Eels,,,,,,,,
2007|Qualif Final|Manly Sea Eagles|South Sydney Rabbitohs,,,,,,,,
2007|Semi Final|NQ Cowboys|New Zealand Warriors,,,,,,,,
2007|Qualif Final|NQ Cowboys|Canterbury Bulldogs,,,,,,,,
2007|Qualif Final|Melbourne Storm|Brisbane Broncos,,,,,,,,
2008|Rd 1|Gold Coast Titans|NQ Cowboys,,,,,,,,
2008|Rd 1|South Sydney Rabbitohs|Sydney Roosters,,,,,,,,
2008|Rd 1|Manly Sea Eagles|Cronulla Sharks,,,,,,,,
2008|Rd 1|Newcastle Knights|Canberra Raiders,,,,,,,,
2008|Rd 1|Parramatta Eels|Canterbury Bulldogs,,,,,,,,
2008|Rd 1|Brisbane Broncos|Penrith Panthers,,,,,,,,
2008|Rd 1|Wests Tigers|St. George Illawarra Dragons,,,,,,,,
2008|Rd 1|Melbourne Storm|New Zealand Warriors,,,,,,,,
2008|Rd 2|South Sydney Rabbitohs|Canterbury Bulldogs,,,,,,,,
2008|Rd 2|Sydney Roosters|Brisbane Broncos,,,,,,,,
2008|Rd 2|NQ Cowboys|Wests Tigers,,,,,,,,
2008|Rd 2|Newcastle Knights|Manly Sea Eagles,,,,,,,,
2008|Rd 2|Penrith Panthers|Canberra Raiders,,,,,,,,
2008|Rd 2|Melbourne Storm|Cronulla Sharks,,,,,,,,
2008|Rd 2|New Zealand Warriors|Parramatta Eels,,,,,,,,
2008|Rd 2|St. George Illawarra Dragons|Gold Coast Titans,,,,,,,,
2008|Rd 3|Brisbane Broncos|NQ Cowboys,,,,,,,,
2008|Rd 3|Parramatta Eels|Newcastle Knights,,,,,,,,
2008|Rd 3|Canberra Raiders|St. George Illawarra Dragons,,,,,,,,
2008|Rd 3|Gold Coast Titans|Cronulla Sharks,,,,,,,,
2008|Rd 3|Sydney Roosters|Melbourne Storm,,,,,,,,
2008|Rd 3|Canterbury Bulldogs|Wests Tigers,,,,,,,,
2008|Rd 3|Penrith Panthers|South Sydney Rabbitohs,,,,,,,,
2008|Rd 3|Manly Sea Eagles|New Zealand Warriors,,,,,,,,
2008|Rd 4|Canterbury Bulldogs|Sydney Roosters,,,,,,,,
2008|Rd 4|Melbourne Storm|Brisbane Broncos,,,,,,,,
2008|Rd 4|Gold Coast Titans|Canberra Raiders,,,,,,,,
2008|Rd 4|NQ Cowboys|Parramatta Eels,,,,,,,,
2008|Rd 4|St. George Illawarra Dragons|Cronulla Sharks,,,,,,,,
2008|Rd 4|Manly Sea Eagles|South Sydney Rabbitohs,,,,,,,,
2008|Rd 4|New Zealand Warriors|Newcastle Knights,,,,,,,,
2008|Rd 4|Wests Tigers|Penrith Panthers,,,,,,,,
2008|Rd 5|Melbourne Storm|Manly Sea Eagles,,,,,,,,
2008|Rd 5|Parramatta Eels|Gold Coast Titans,,,,,,,,
2008|Rd 5|Penrith Panthers|Sydney Roosters,,,,,,,,
2008|Rd 5|St. George Illawarra Dragons|NQ Cowboys,,,,,,,,
2008|Rd 5|Canberra Raiders|Wests Tigers,,,,,,,,
2008|Rd 5|New Zealand Warriors|Canterbury Bulldogs,,,,,,,,
2008|Rd 5|Newcastle Knights|Brisbane Broncos,,,,,,,,
2008|Rd 5|South Sydney Rabbitohs|Cronulla Sharks,,,,,,,,
2008|Rd 6|Gold Coast Titans|Brisbane Broncos,,,,,,,,
2008|Rd 6|Parramatta Eels|Manly Sea Eagles,,,,,,,,
2008|Rd 6|Canterbury Bulldogs|St. George Illawarra Dragons,,,,,,,,
2008|Rd 6|Cronulla Sharks|Penrith Panthers,,,,,,,,
2008|Rd 6|NQ Cowboys|New Zealand Warriors,,,,,,,,
2008|Rd 6|Sydney Roosters|Newcastle Knights,,,,,,,,
2008|Rd 6|Wests Tigers|South Sydney Rabbitohs,,,,,,,,
2008|Rd 6|Canberra Raiders|Melbourne Storm,,,,,,,,
2008|Rd 7|Brisbane Broncos|South Sydney Rabbitohs,,,,,,,,
2008|Rd 7|St. George Illawarra Dragons|Sydney Roosters,,,,,,,,
2008|Rd 7|Manly Sea Eagles|Canterbury Bulldogs,,,,,,,,
2008|Rd 7|NQ Cowboys|Melbourne Storm,,,,,,,,
2008|Rd 7|Cronulla Sharks|Wests Tigers,,,,,,,,
2008|Rd 7|Gold Coast Titans|New Zealand Warriors,,,,,,,,
2008|Rd 8|Newcastle Knights|Gold Coast Titans,,,,,,,,
2008|Rd 8|Penrith Panthers|Parramatta Eels,,,,,,,,
2008|Rd 8|Wests Tigers|Brisbane Broncos,,,,,,,,
2008|Rd 8|New Zealand Warriors|Canberra Raiders,,,,,,,,
2008|Rd 8|South Sydney Rabbitohs|NQ Cowboys,,,,,,,,
2008|Rd 9|Canterbury Bulldogs|Penrith Panthers,,,,,,,,
2008|Rd 9|NQ Cowboys|Cronulla Sharks,,,,,,,,
2008|Rd 9|Sydney Roosters|Canberra Raiders,,,,,,,,
2008|Rd 9|Brisbane Broncos|Manly Sea Eagles,,,,,,,,
2008|Rd 9|Parramatta Eels|St. George Illawarra Dragons,,,,,,,,
2008|Rd 9|Melbourne Storm|Newcastle Knights,,,,,,,,
2008|Rd 10|Gold Coast Titans|Canterbury Bulldogs,,,,,,,,
2008|Rd 10|Parramatta Eels|Sydney Roosters,,,,,,,,
2008|Rd 10|Cronulla Sharks|Brisbane Broncos,,,,,,,,
2008|Rd 10|Manly Sea Eagles|NQ Cowboys,,,,,,,,
2008|Rd 10|St. George Illawarra Dragons|Melbourne Storm,,,,,,,,
2008|Rd 10|Newcastle Knights|Wests Tigers,,,,,,,,
2008|Rd 10|Penrith Panthers|New Zealand Warriors,,,,,,,,
2008|Rd 10|Canberra Raiders|South Sydney Rabbitohs,,,,,,,,
2008|Rd 11|Manly Sea Eagles|St. George Illawarra Dragons,,,,,,,,
2008|Rd 11|South Sydney Rabbitohs|Melbourne Storm,,,,,,,,
2008|Rd 11|New Zealand Warriors|Sydney Roosters,,,,,,,,
2008|Rd 11|Wests Tigers|Gold Coast Titans,,,,,,,,
2008|Rd 11|Canterbury Bulldogs|Cronulla Sharks,,,,,,,,
2008|Rd 12|Brisbane Broncos|Parramatta Eels,,,,,,,,
2008|Rd 12|Canberra Raiders|Manly Sea Eagles,,,,,,,,
2008|Rd 12|Melbourne Storm|Canterbury Bulldogs,,,,,,,,
2008|Rd 12|NQ Cowboys|Penrith Panthers,,,,,,,,
2008|Rd 12|Newcastle Knights|New Zealand Warriors,,,,,,,,
2008|Rd 12|Cronulla Sharks|Gold Coast Titans,,,,,,,,
2008|Rd 12|South Sydney Rabbitohs|St. George Illawarra Dragons,,,,,,,,
2008|Rd 12|Sydney Roosters|Wests Tigers,,,,,,,,
2008|Rd 13|New Zealand Warriors|South Sydney Rabbitohs,,,,,,,,
2008|Rd 13|St. George Illawarra Dragons|Brisbane Broncos,,,,,,,,
2008|Rd 13|Canterbury Bulldogs|Newcastle Knights,,,,,,,,
2008|Rd 13|Parramatta Eels|Canberra Raiders,,,,,,,,
2008|Rd 13|Wests Tigers|NQ Cowboys,,,,,,,,
2008|Rd 13|Manly Sea Eagles|Sydney Roosters,,,,,,,,
2008|Rd 13|Penrith Panthers|Cronulla Sharks,,,,,,,,
2008|Rd 13|Gold Coast Titans|Melbourne Storm,,,,,,,,
2008|Rd 14|Sydney Roosters|Penrith Panthers,,,,,,,,
2008|Rd 14|Cronulla Sharks|New Zealand Warriors,,,,,,,,
2008|Rd 14|Canberra Raiders|Brisbane Broncos,,,,,,,,
2008|Rd 14|Wests Tigers|Parramatta Eels,,,,,,,,
2008|Rd 14|NQ Cowboys|Newcastle Knights,,,,,,,,
2008|Rd 15|Brisbane Broncos|Wests Tigers,,,,,,,,
2008|Rd 15|St. George Illawarra Dragons|Penrith Panthers,,,,,,,,
2008|Rd 15|Canterbury Bulldogs|Canberra Raiders,,,,,,,,
2008|Rd 15|Melbourne Storm|NQ Cowboys,,,,,,,,
2008|Rd 15|Cronulla Sharks|Parramatta Eels,,,,,,,,
2008|Rd 15|New Zealand Warriors|Manly Sea Eagles,,,,,,,,
2008|Rd 15|Newcastle Knights|Sydney Roosters,,,,,,,,
2008|Rd 15|South Sydney Rabbitohs|Gold Coast Titans,,,,,,,,
2008|Rd 16|Penrith Panthers|Brisbane Broncos,,,,,,,,
2008|Rd 16|Sydney Roosters|Canterbury Bulldogs,,,,,,,,
2008|Rd 16|Gold Coast Titans|St. George Illawarra Dragons,,,,,,,,
2008|Rd 16|Manly Sea Eagles|Newcastle Knights,,,,,,,,
2008|Rd 16|NQ Cowboys|South Sydney Rabbitohs,,,,,,,,
2008|Rd 16|Parramatta Eels|Melbourne Storm,,,,,,,,
2008|Rd 16|Wests Tigers|New Zealand Warriors,,,,,,,,
2008|Rd 16|Canberra Raiders|Cronulla Sharks,,,,,,,,
2008|Rd 17|Gold Coast Titans|Manly Sea Eagles,,,,,,,,
2008|Rd 17|Newcastle Knights|St. George Illawarra Dragons,,,,,,,,
2008|Rd 17|Melbourne Storm|Canberra Raiders,,,,,,,,
2008|Rd 17|Parramatta Eels|Penrith Panthers,,,,,,,,
2008|Rd 17|Canterbury Bulldogs|South Sydney Rabbitohs,,,,,,,,
2008|Rd 18|Penrith Panthers|Newcastle Knights,,,,,,,,
2008|Rd 18|Sydney Roosters|Gold Coast Titans,,,,,,,,
2008|Rd 18|Cronulla Sharks|Manly Sea Eagles,,,,,,,,
2008|Rd 18|New Zealand Warriors|NQ Cowboys,,,,,,,,
2008|Rd 18|South Sydney Rabbitohs|Parramatta Eels,,,,,,,,
2008|Rd 18|Brisbane Broncos|Canterbury Bulldogs,,,,,,,,
2008|Rd 18|St. George Illawarra Dragons|Canberra Raiders,,,,,,,,
2008|Rd 18|Wests Tigers|Melbourne Storm,,,,,,,,
2008|Rd 19|Manly Sea Eagles|Parramatta Eels,,,,,,,,
2008|Rd 19|NQ Cowboys|Brisbane Broncos,,,,,,,,
2008|Rd 19|Canterbury Bulldogs|New Zealand Warriors,,,,,,,,
2008|Rd 19|Cronulla Sharks|Newcastle Knights,,,,,,,,
2008|Rd 19|Gold Coast Titans|Penrith Panthers,,,,,,,,
2008|Rd 19|Canberra Raiders|Sydney Roosters,,,,,,,,
2008|Rd 19|South Sydney Rabbitohs|Wests Tigers,,,,,,,,
2008|Rd 19|Melbourne Storm|St. George Illawarra Dragons,,,,,,,,
2008|Rd 20|Brisbane Broncos|Cronulla Sharks,,,,,,,,
2008|Rd 20|Parramatta Eels|NQ Cowboys,,,,,,,,
2008|Rd 20|Canberra Raiders|Gold Coast Titans,,,,,,,,
2008|Rd 20|Penrith Panthers|Wests Tigers,,,,,,,,
2008|Rd 20|New Zealand Warriors|Melbourne Storm,,,,,,,,
2008|Rd 20|Newcastle Knights|South Sydney Rabbitohs,,,,,,,,
2008|Rd 20|Sydney Roosters|Manly Sea Eagles,,,,,,,,
2008|Rd 20|St. George Illawarra Dragons|Canterbury Bulldogs,,,,,,,,
2008|Rd 21|Manly Sea Eagles|Penrith Panthers,,,,,,,,
2008|Rd 21|Melbourne Storm|Gold Coast Titans,,,,,,,,
2008|Rd 21|Cronulla Sharks|St. George Illawarra Dragons,,,,,,,,
2008|Rd 21|NQ Cowboys|Sydney Roosters,,,,,,,,
2008|Rd 21|South Sydney Rabbitohs|New Zealand Warriors,,,,,,,,
2008|Rd 21|Brisbane Broncos|Canberra Raiders,,,,,,,,
2008|Rd 21|Wests Tigers|Canterbury Bulldogs,,,,,,,,
2008|Rd 21|Newcastle Knights|Parramatta Eels,,,,,,,,
2008|Rd 22|Manly Sea Eagles|Melbourne Storm,,,,,,,,
2008|Rd 22|St. George Illawarra Dragons|Wests Tigers,,,,,,,,
2008|Rd 22|Canterbury Bulldogs|NQ Cowboys,,,,,,,,
2008|Rd 22|Cronulla Sharks|South Sydney Rabbitohs,,,,,,,,
2008|Rd 22|New Zealand Warriors|Brisbane Broncos,,,,,,,,
2008|Rd 22|Canberra Raiders|Penrith Panthers,,,,,,,,
2008|Rd 22|Sydney Roosters|Parramatta Eels,,,,,,,,
2008|Rd 22|Gold Coast Titans|Newcastle Knights,,,,,,,,
2008|Rd 23|Brisbane Broncos|St. George Illawarra Dragons,,,,,,,,
2008|Rd 23|Melbourne Storm|Sydney Roosters,,,,,,,,
2008|Rd 23|NQ Cowboys|Gold Coast Titans,,,,,,,,
2008|Rd 23|New Zealand Warriors|Cronulla Sharks,,,,,,,,
2008|Rd 23|Penrith Panthers|Canterbury Bulldogs,,,,,,,,
2008|Rd 23|Canberra Raiders|Newcastle Knights,,,,,,,,
2008|Rd 23|South Sydney Rabbitohs|Manly Sea Eagles,,,,,,,,
2008|Rd 23|Parramatta Eels|Wests Tigers,,,,,,,,
2008|Rd 24|Brisbane Broncos|Gold Coast Titans,,,,,,,,
2008|Rd 24|Cronulla Sharks|Sydney Roosters,,,,,,,,
2008|Rd 24|Canterbury Bulldogs|Parramatta Eels,,,,,,,,
2008|Rd 24|Newcastle Knights|NQ Cowboys,,,,,,,,
2008|Rd 24|Wests Tigers|Manly Sea Eagles,,,,,,,,
2008|Rd 24|South Sydney Rabbitohs|Canberra Raiders,,,,,,,,
2008|Rd 24|St. George Illawarra Dragons|New Zealand Warriors,,,,,,,,
2008|Rd 24|Penrith Panthers|Melbourne Storm,,,,,,,,
2008|Rd 25|Sydney Roosters|South Sydney Rabbitohs,,,,,,,,
2008|Rd 25|Wests Tigers|Cronulla Sharks,,,,,,,,
2008|Rd 25|NQ Cowboys|Canberra Raiders,,,,,,,,
2008|Rd 25|Newcastle Knights|Melbourne Storm,,,,,,,,
2008|Rd 25|St. George Illawarra Dragons|Parramatta Eels,,,,,,,,
2008|Rd 25|Canterbury Bulldogs|Brisbane Broncos,,,,,,,,
2008|Rd 25|New Zealand Warriors|Penrith Panthers,,,,,,,,
2008|Rd 25|Manly Sea Eagles|Gold Coast Titans,,,,,,,,
2008|Rd 26|Brisbane Broncos|Newcastle Knights,,,,,,,,
2008|Rd 26|Sydney Roosters|St. George Illawarra Dragons,,,,,,,,
2008|Rd 26|Cronulla Sharks|NQ Cowboys,,,,,,,,
2008|Rd 26|Parramatta Eels|New Zealand Warriors,,,,,,,,
2008|Rd 26|Penrith Panthers|Manly Sea Eagles,,,,,,,,
2008|Rd 26|Canberra Raiders|Canterbury Bulldogs,,,,,,,,
2008|Rd 26|Gold Coast Titans|Wests Tigers,,,,,,,,
2008|Rd 26|Melbourne Storm|South Sydney Rabbitohs,,,,,,,,
2008|Grand Final|Manly Sea Eagles|Melbourne Storm,,,,,,,,
2008|Prelim Final|Cronulla Sharks|Melbourne Storm,,,,,,,,
2008|Qualif Final|Sydney Roosters|Brisbane Broncos,,,,,,,,
2008|Semi Final|New Zealand Warriors|Sydney Roosters,,,,,,,,
2008|Prelim Final|Manly Sea Eagles|New Zealand Warriors,,,,,,,,
2008|Qualif Final|Cronulla Sharks|Canberra Raiders,,,,,,,,
2008|Semi Final|Brisbane Broncos|Melbourne Storm,,,,,,,,
2008|Qualif Final|Manly Sea Eagles|St. George Illawarra Dragons,,,,,,,,
2008|Qualif Final|Melbourne Storm|New Zealand Warriors,,,,,,,,
2009|Rd 1|Wests Tigers|Canberra Raiders,Wests Tigers,Wests Tigers,1.52,2.51,1.52,2.51,1.52,2.51
2009|Rd 1|Sydney Roosters|South Sydney Rabbitohs,Sydney Roosters,Sydney Roosters,1.56,2.41,1.56,2.41,1.56,2.41
2009|Rd 1|Gold Coast Titans|Newcastle Knights,Gold Coast Titans,Gold Coast Titans,1.42,2.85,1.42,2.85,1.42,2.85
2009|Rd 1|Canterbury Bulldogs|Manly Sea Eagles,Manly Sea Eagles,Canterbury Bulldogs,2.52,1.51,2.52,1.51,2.52,1.51
2009|Rd 1|Cronulla Sharks|Penrith Panthers,Cronulla Sharks,Cronulla Sharks,1.42,2.87,1.42,2.87,1.42,2.87
2009|Rd 1|New Zealand Warriors|Parramatta Eels,New Zealand Warriors,New Zealand Warriors,1.4,2.95,1.4,2.95,1.4,2.95
2009|Rd 1|Brisbane Broncos|NQ Cowboys,Brisbane Broncos,Brisbane Broncos,1.69,2.15,1.69,2.15,1.69,2.15
2009|Rd 1|Melbourne Storm|St. George Illawarra Dragons,Melbourne Storm,Melbourne Storm,1.4,2.93,1.4,2.93,1.4,2.93
2009|Rd 2|Cronulla Sharks|Newcastle Knights,Cronulla Sharks,Cronulla Sharks,1.67,2.2,1.67,2.2,1.67,2.2
2009|Rd 2|Manly Sea Eagles|New Zealand Warriors,Manly Sea Eagles,Manly Sea Eagles,1.51,2.51,1.51,2.51,1.51,2.51
2009|Rd 2|Canberra Raiders|Sydney Roosters,Canberra Raiders,Canberra Raiders,1.49,2.58,1.49,2.58,1.49,2.58
2009|Rd 2|NQ Cowboys|Wests Tigers,NQ Cowboys,NQ Cowboys,1.35,3.16,1.35,3.16,1.35,3.16
2009|Rd 2|Penrith Panthers|Canterbury Bulldogs,Canterbury Bulldogs,Penrith Panthers,2.48,1.52,2.48,1.52,2.48,1.52
2009|Rd 2|St. George Illawarra Dragons|Gold Coast Titans,St. George Illawarra Dragons,St. George Illawarra Dragons,1.48,2.62,1.48,2.62,1.48,2.62
2009|Rd 2|Brisbane Broncos|Melbourne Storm,Brisbane Broncos,Brisbane Broncos,1.65,2.21,1.65,2.21,1.65,2.21
2009|Rd 2|South Sydney Rabbitohs|Parramatta Eels,South Sydney Rabbitohs,South Sydney Rabbitohs,1.58,2.36,1.58,2.36,1.58,2.36
2009|Rd 3|Manly Sea Eagles|Penrith Panthers,Manly Sea Eagles,Manly Sea Eagles,1.18,4.5,1.18,4.5,1.18,4.5
2009|Rd 3|St. George Illawarra Dragons|Cronulla Sharks,St. George Illawarra Dragons,St. George Illawarra Dragons,1.39,2.97,1.39,2.97,1.39,2.97
2009|Rd 3|South Sydney Rabbitohs|Newcastle Knights,South Sydney Rabbitohs,South Sydney Rabbitohs,1.51,2.53,1.51,2.53,1.51,2.53
2009|Rd 3|NQ Cowboys|Melbourne Storm,NQ Cowboys,NQ Cowboys,1.78,2.03,1.78,2.03,1.78,2.03
2009|Rd 3|Parramatta Eels|Canberra Raiders,Parramatta Eels,Parramatta Eels,1.36,3.1,1.36,3.1,1.36,3.1
2009|Rd 3|New Zealand Warriors|Brisbane Broncos,New Zealand Warriors,New Zealand Warriors,1.53,2.48,1.53,2.48,1.53,2.48
2009|Rd 3|Gold Coast Titans|Canterbury Bulldogs,Gold Coast Titans,Gold Coast Titans,1.67,2.19,1.67,2.19,1.67,2.19
2009|Rd 3|Wests Tigers|Sydney Roosters,Sydney Roosters,Wests Tigers,2.34,1.59,2.34,1.59,2.34,1.59
2009|Rd 4|Canberra Raiders|NQ Cowboys,NQ Cowboys,Canberra Raiders,2.12,1.73,2.12,1.73,2.12,1.73
2009|Rd 4|Newcastle Knights|Manly Sea Eagles,Manly Sea Eagles,Newcastle Knights,2.47,1.54,2.47,1.54,2.47,1.54
2009|Rd 4|Canterbury Bulldogs|Cronulla Sharks,Canterbury Bulldogs,Canterbury Bulldogs,1.56,2.43,1.56,2.43,1.56,2.43
2009|Rd 4|New Zealand Warriors|South Sydney Rabbitohs,New Zealand Warriors,New Zealand Warriors,1.46,2.71,1.46,2.71,1.46,2.71
2009|Rd 4|Melbourne Storm|Gold Coast Titans,Melbourne Storm,Melbourne Storm,1.19,4.44,1.19,4.44,1.19,4.44
2009|Rd 4|Penrith Panthers|Wests Tigers,Wests Tigers,Penrith Panthers,1.89,1.91,1.89,1.91,1.89,1.91
2009|Rd 4|Brisbane Broncos|St. George Illawarra Dragons,Brisbane Broncos,Brisbane Broncos,1.46,2.67,1.46,2.67,1.46,2.67
2009|Rd 4|Sydney Roosters|Parramatta Eels,Parramatta Eels,Sydney Roosters,2.26,1.64,2.26,1.64,2.26,1.64
2009|Rd 5|Canterbury Bulldogs|South Sydney Rabbitohs,Canterbury Bulldogs,Canterbury Bulldogs,1.88,1.94,1.88,1.94,1.88,1.94
2009|Rd 5|Manly Sea Eagles|Wests Tigers,Manly Sea Eagles,Manly Sea Eagles,1.38,3.04,1.38,3.04,1.38,3.04
2009|Rd 5|Newcastle Knights|New Zealand Warriors,Newcastle Knights,Newcastle Knights,1.62,2.26,1.62,2.26,1.62,2.26
2009|Rd 5|Melbourne Storm|Penrith Panthers,Melbourne Storm,Melbourne Storm,1.23,4.08,1.23,4.08,1.23,4.08
2009|Rd 5|NQ Cowboys|Gold Coast Titans,NQ Cowboys,NQ Cowboys,1.6,2.33,1.6,2.33,1.6,2.33
2009|Rd 5|Cronulla Sharks|Canberra Raiders,Cronulla Sharks,Cronulla Sharks,1.78,2.04,1.78,2.04,1.78,2.04
2009|Rd 5|Parramatta Eels|St. George Illawarra Dragons,St. George Illawarra Dragons,Parramatta Eels,2.58,1.5,2.58,1.5,2.58,1.5
2009|Rd 5|Sydney Roosters|Brisbane Broncos,Brisbane Broncos,Sydney Roosters,2.53,1.52,2.53,1.52,2.53,1.52
2009|Rd 6|Wests Tigers|Melbourne Storm,Melbourne Storm,Wests Tigers,2.78,1.42,2.78,1.42,2.78,1.42
2009|Rd 6|Parramatta Eels|Canterbury Bulldogs,Canterbury Bulldogs,Canterbury Bulldogs,2.49,1.53,2.49,1.53,2.49,1.53
2009|Rd 6|Cronulla Sharks|NQ Cowboys,NQ Cowboys,Cronulla Sharks,2.4,1.55,2.4,1.55,2.4,1.55
2009|Rd 6|New Zealand Warriors|Sydney Roosters,New Zealand Warriors,New Zealand Warriors,1.46,2.63,1.46,2.63,1.46,2.63
2009|Rd 6|South Sydney Rabbitohs|Manly Sea Eagles,Manly Sea Eagles,South Sydney Rabbitohs,2.56,1.5,2.56,1.5,2.56,1.5
2009|Rd 6|St. George Illawarra Dragons|Newcastle Knights,St. George Illawarra Dragons,St. George Illawarra Dragons,1.43,2.78,1.43,2.78,1.43,2.78
2009|Rd 6|Gold Coast Titans|Canberra Raiders,Gold Coast Titans,Gold Coast Titans,1.35,3.13,1.35,3.13,1.35,3.13
2009|Rd 6|Penrith Panthers|Brisbane Broncos,Brisbane Broncos,Penrith Panthers,2.55,1.5,2.55,1.5,2.55,1.5
2009|Rd 7|Penrith Panthers|Gold Coast Titans,Penrith Panthers,Gold Coast Titans,1.75,2.07,1.75,2.07,1.75,2.07
2009|Rd 7|Canberra Raiders|Canterbury Bulldogs,Canberra Raiders,Canterbury Bulldogs,1.74,2.08,1.74,2.08,1.74,2.08
2009|Rd 7|NQ Cowboys|Manly Sea Eagles,NQ Cowboys,NQ Cowboys,1.71,2.13,1.71,2.13,1.71,2.13
2009|Rd 7|Melbourne Storm|New Zealand Warriors,Melbourne Storm,Melbourne Storm,1.44,2.74,1.44,2.74,1.44,2.74
2009|Rd 7|Sydney Roosters|St. George Illawarra Dragons,St. George Illawarra Dragons,Sydney Roosters,2.41,1.56,2.41,1.56,2.41,1.56
2009|Rd 7|Brisbane Broncos|Parramatta Eels,Brisbane Broncos,Brisbane Broncos,1.25,3.8,1.25,3.8,1.25,3.8
2009|Rd 7|South Sydney Rabbitohs|Cronulla Sharks,South Sydney Rabbitohs,South Sydney Rabbitohs,1.54,2.46,1.54,2.46,1.54,2.46
2009|Rd 7|Wests Tigers|Newcastle Knights,Newcastle Knights,Wests Tigers,,,,,,
2009|Rd 8|Canterbury Bulldogs|Wests Tigers,Canterbury Bulldogs,Canterbury Bulldogs,1.49,2.58,1.49,2.58,1.49,2.58
2009|Rd 8|St. George Illawarra Dragons|New Zealand Warriors,St. George Illawarra Dragons,St. George Illawarra Dragons,1.5,2.55,1.5,2.55,1.5,2.55
2009|Rd 8|Canberra Raiders|Penrith Panthers,Canberra Raiders,Canberra Raiders,1.62,2.28,1.62,2.28,1.62,2.28
2009|Rd 8|Newcastle Knights|Brisbane Broncos,Brisbane Broncos,Newcastle Knights,2.63,1.48,2.63,1.48,2.63,1.48
2009|Rd 8|Cronulla Sharks|Sydney Roosters,Sydney Roosters,Cronulla Sharks,2.26,1.63,2.26,1.63,2.26,1.63
2009|Rd 8|Gold Coast Titans|South Sydney Rabbitohs,Gold Coast Titans,Gold Coast Titans,1.46,2.72,1.46,2.72,1.46,2.72
2009|Rd 8|Manly Sea Eagles|Melbourne Storm,Melbourne Storm,Manly Sea Eagles,1.93,1.88,1.93,1.88,1.93,1.88
2009|Rd 8|Parramatta Eels|NQ Cowboys,NQ Cowboys,NQ Cowboys,2.61,1.49,2.61,1.49,2.61,1.49
2009|Rd 9|Sydney Roosters|Melbourne Storm,Melbourne Storm,Sydney Roosters,2.43,1.54,2.43,1.54,2.43,1.54
2009|Rd 9|Brisbane Broncos|Manly Sea Eagles,Brisbane Broncos,Brisbane Broncos,1.51,2.53,1.51,2.53,1.51,2.53
2009|Rd 9|Newcastle Knights|Gold Coast Titans,Newcastle Knights,Newcastle Knights,1.6,2.32,1.6,2.32,1.6,2.32
2009|Rd 9|NQ Cowboys|St. George Illawarra Dragons,NQ Cowboys,NQ Cowboys,1.54,2.43,1.54,2.43,1.54,2.43
2009|Rd 10|Melbourne Storm|Canberra Raiders,Melbourne Storm,Melbourne Storm,1.23,4.18,1.23,4.18,1.23,4.18
2009|Rd 10|Wests Tigers|South Sydney Rabbitohs,Wests Tigers,Wests Tigers,1.78,2.04,1.78,2.04,1.78,2.04
2009|Rd 10|Manly Sea Eagles|Parramatta Eels,Manly Sea Eagles,Manly Sea Eagles,1.4,2.91,1.4,2.91,1.4,2.91
2009|Rd 10|New Zealand Warriors|NQ Cowboys,New Zealand Warriors,New Zealand Warriors,1.47,2.67,1.47,2.67,1.47,2.67
2009|Rd 10|Penrith Panthers|Cronulla Sharks,Penrith Panthers,Penrith Panthers,1.42,2.83,1.42,2.83,1.42,2.83
2009|Rd 10|Sydney Roosters|Newcastle Knights,Newcastle Knights,Newcastle Knights,2.34,1.58,2.34,1.58,2.34,1.58
2009|Rd 10|Brisbane Broncos|Gold Coast Titans,Brisbane Broncos,Brisbane Broncos,1.42,2.85,1.42,2.85,1.42,2.85
2009|Rd 10|St. George Illawarra Dragons|Canterbury Bulldogs,St. George Illawarra Dragons,St. George Illawarra Dragons,1.59,2.33,1.59,2.33,1.59,2.33
2009|Rd 11|NQ Cowboys|Newcastle Knights,NQ Cowboys,NQ Cowboys,1.66,2.21,1.66,2.21,1.66,2.21
2009|Rd 11|Gold Coast Titans|Manly Sea Eagles,Gold Coast Titans,Gold Coast Titans,1.8,2.01,1.8,2.01,1.8,2.01
2009|Rd 11|Canberra Raiders|New Zealand Warriors,Canberra Raiders,Canberra Raiders,1.83,1.98,1.83,1.98,1.83,1.98
2009|Rd 11|Canterbury Bulldogs|Melbourne Storm,Melbourne Storm,Canterbury Bulldogs,2.31,1.61,2.31,1.61,2.31,1.61
2009|Rd 11|Penrith Panthers|Sydney Roosters,Penrith Panthers,Penrith Panthers,1.4,2.94,1.4,2.94,1.4,2.94
2009|Rd 11|Cronulla Sharks|St. George Illawarra Dragons,St. George Illawarra Dragons,St. George Illawarra Dragons,3.01,1.39,3.01,1.39,3.01,1.39
2009|Rd 11|Parramatta Eels|South Sydney Rabbitohs,South Sydney Rabbitohs,South Sydney Rabbitohs,2.88,1.41,2.88,1.41,2.88,1.41
2009|Rd 11|Wests Tigers|Brisbane Broncos,Brisbane Broncos,Brisbane Broncos,3.51,1.29,3.51,1.29,3.51,1.29
2009|Rd 12|South Sydney Rabbitohs|Canberra Raiders,South Sydney Rabbitohs,South Sydney Rabbitohs,1.43,2.78,1.43,2.78,1.43,2.78
2009|Rd 12|Newcastle Knights|Canterbury Bulldogs,Canterbury Bulldogs,Newcastle Knights,2.18,1.68,2.18,1.68,2.18,1.68
2009|Rd 12|New Zealand Warriors|Wests Tigers,New Zealand Warriors,New Zealand Warriors,1.5,2.58,1.5,2.58,1.5,2.58
2009|Rd 12|Parramatta Eels|Cronulla Sharks,Parramatta Eels,Parramatta Eels,1.5,2.57,1.5,2.57,1.5,2.57
2009|Rd 12|St. George Illawarra Dragons|Penrith Panthers,St. George Illawarra Dragons,St. George Illawarra Dragons,1.43,2.84,1.43,2.84,1.43,2.84
2009|Rd 13|Gold Coast Titans|St. George Illawarra Dragons,St. George Illawarra Dragons,Gold Coast Titans,2.03,1.79,2.03,1.79,2.03,1.79
2009|Rd 13|Newcastle Knights|Parramatta Eels,Newcastle Knights,Newcastle Knights,1.26,3.72,1.26,3.72,1.26,3.72
2009|Rd 13|Cronulla Sharks|New Zealand Warriors,New Zealand Warriors,Cronulla Sharks,2.09,1.74,2.09,1.74,2.09,1.74
2009|Rd 13|NQ Cowboys|South Sydney Rabbitohs,NQ Cowboys,NQ Cowboys,1.35,3.21,1.35,3.21,1.35,3.21
2009|Rd 13|Manly Sea Eagles|Sydney Roosters,Manly Sea Eagles,Manly Sea Eagles,1.25,3.87,1.25,3.87,1.25,3.87
2009|Rd 13|Melbourne Storm|Brisbane Broncos,Melbourne Storm,Melbourne Storm,1.48,2.68,1.48,2.68,1.48,2.68
2009|Rd 13|Wests Tigers|Penrith Panthers,Wests Tigers,Wests Tigers,1.83,2.0,1.83,2.0,1.83,2.0
2009|Rd 14|Parramatta Eels|Wests Tigers,Parramatta Eels,Parramatta Eels,1.63,2.27,1.63,2.27,1.63,2.27
2009|Rd 14|St. George Illawarra Dragons|NQ Cowboys,St. George Illawarra Dragons,St. George Illawarra Dragons,1.64,2.25,1.64,2.25,1.64,2.25
2009|Rd 14|Canberra Raiders|Cronulla Sharks,Canberra Raiders,Canberra Raiders,1.4,2.94,1.4,2.94,1.4,2.94
2009|Rd 14|Penrith Panthers|Manly Sea Eagles,Manly Sea Eagles,Penrith Panthers,2.19,1.67,2.19,1.67,2.19,1.67
2009|Rd 14|South Sydney Rabbitohs|Melbourne Storm,Melbourne Storm,South Sydney Rabbitohs,4.23,1.21,4.23,1.21,4.23,1.21
2009|Rd 14|Sydney Roosters|Gold Coast Titans,Gold Coast Titans,Gold Coast Titans,2.22,1.66,2.22,1.66,2.22,1.66
2009|Rd 14|Brisbane Broncos|Canterbury Bulldogs,Canterbury Bulldogs,Brisbane Broncos,2.14,1.7,2.14,1.7,2.14,1.7
2009|Rd 14|New Zealand Warriors|Newcastle Knights,New Zealand Warriors,Newcastle Knights,1.62,2.26,1.62,2.26,1.62,2.26
2009|Rd 15|Cronulla Sharks|Brisbane Broncos,Cronulla Sharks,Brisbane Broncos,1.82,1.99,1.82,1.99,1.82,1.99
2009|Rd 15|Manly Sea Eagles|Canberra Raiders,Manly Sea Eagles,Manly Sea Eagles,1.66,2.21,1.66,2.21,1.66,2.21
2009|Rd 15|Melbourne Storm|Wests Tigers,Melbourne Storm,Melbourne Storm,1.51,2.55,1.51,2.55,1.51,2.55
2009|Rd 15|NQ Cowboys|Sydney Roosters,Sydney Roosters,NQ Cowboys,2.03,1.78,2.03,1.78,2.03,1.78
2009|Rd 15|Canterbury Bulldogs|Penrith Panthers,Canterbury Bulldogs,Canterbury Bulldogs,1.25,3.94,1.25,3.94,1.25,3.94
2009|Rd 16|Newcastle Knights|South Sydney Rabbitohs,Newcastle Knights,Newcastle Knights,1.38,3.02,1.38,3.02,1.38,3.02
2009|Rd 16|Parramatta Eels|Brisbane Broncos,Brisbane Broncos,Brisbane Broncos,2.15,1.7,2.15,1.7,2.15,1.7
2009|Rd 16|Canberra Raiders|Melbourne Storm,Melbourne Storm,Melbourne Storm,2.72,1.45,2.72,1.45,2.72,1.45
2009|Rd 16|Sydney Roosters|Cronulla Sharks,Cronulla Sharks,Sydney Roosters,1.99,1.82,1.99,1.82,1.99,1.82
2009|Rd 16|Gold Coast Titans|New Zealand Warriors,Gold Coast Titans,Gold Coast Titans,1.48,2.59,1.48,2.59,1.48,2.59
2009|Rd 16|Canterbury Bulldogs|NQ Cowboys,Canterbury Bulldogs,Canterbury Bulldogs,1.47,2.64,1.47,2.64,1.47,2.64
2009|Rd 16|Wests Tigers|St. George Illawarra Dragons,St. George Illawarra Dragons,St. George Illawarra Dragons,2.89,1.41,2.89,1.41,2.89,1.41
2009|Rd 17|Manly Sea Eagles|Canterbury Bulldogs,Manly Sea Eagles,Canterbury Bulldogs,1.65,2.22,1.65,2.22,1.65,2.22
2009|Rd 17|Penrith Panthers|Parramatta Eels,Penrith Panthers,Penrith Panthers,1.8,2.01,1.8,2.01,1.8,2.01
2009|Rd 17|Canberra Raiders|Gold Coast Titans,Canberra Raiders,Gold Coast Titans,1.53,2.48,1.53,2.48,1.53,2.48
2009|Rd 17|Melbourne Storm|Newcastle Knights,Melbourne Storm,Melbourne Storm,1.33,3.32,1.33,3.32,1.33,3.32
2009|Rd 17|NQ Cowboys|Cronulla Sharks,NQ Cowboys,NQ Cowboys,1.22,4.14,1.22,4.14,1.22,4.14
2009|Rd 17|South Sydney Rabbitohs|Wests Tigers,South Sydney Rabbitohs,South Sydney Rabbitohs,1.82,2.0,1.82,2.0,1.82,2.0
2009|Rd 17|St. George Illawarra Dragons|Sydney Roosters,St. George Illawarra Dragons,St. George Illawarra Dragons,1.22,4.36,1.22,4.36,1.22,4.36
2009|Rd 17|Brisbane Broncos|New Zealand Warriors,New Zealand Warriors,Brisbane Broncos,,,,,,
2009|Rd 18|Gold Coast Titans|Parramatta Eels,Gold Coast Titans,Gold Coast Titans,1.22,4.17,1.22,4.17,1.22,4.17
2009|Rd 18|St. George Illawarra Dragons|Manly Sea Eagles,St. George Illawarra Dragons,St. George Illawarra Dragons,1.44,2.74,1.44,2.74,1.44,2.74
2009|Rd 18|New Zealand Warriors|Canterbury Bulldogs,New Zealand Warriors,Canterbury Bulldogs,1.42,2.82,1.42,2.82,1.42,2.82
2009|Rd 18|Newcastle Knights|Canberra Raiders,Newcastle Knights,Newcastle Knights,1.46,2.7,1.46,2.7,1.46,2.7
2009|Rd 18|South Sydney Rabbitohs|Penrith Panthers,South Sydney Rabbitohs,South Sydney Rabbitohs,1.53,2.5,1.53,2.5,1.53,2.5
2009|Rd 19|Parramatta Eels|Melbourne Storm,Melbourne Storm,Melbourne Storm,2.39,1.56,2.39,1.56,2.39,1.56
2009|Rd 19|Wests Tigers|NQ Cowboys,Wests Tigers,NQ Cowboys,1.7,2.15,1.7,2.15,1.7,2.15
2009|Rd 19|Sydney Roosters|New Zealand Warriors,Sydney Roosters,Sydney Roosters,1.68,2.19,1.68,2.19,1.68,2.19
2009|Rd 19|Cronulla Sharks|Manly Sea Eagles,Manly Sea Eagles,Manly Sea Eagles,2.6,1.49,2.6,1.49,2.6,1.49
2009|Rd 19|Penrith Panthers|Canberra Raiders,Penrith Panthers,Penrith Panthers,1.78,2.04,1.78,2.04,1.78,2.04
2009|Rd 19|Canterbury Bulldogs|Gold Coast Titans,Canterbury Bulldogs,Canterbury Bulldogs,1.64,2.25,1.64,2.25,1.64,2.25
2009|Rd 19|Brisbane Broncos|South Sydney Rabbitohs,Brisbane Broncos,Brisbane Broncos,1.5,2.59,1.5,2.59,1.5,2.59
2009|Rd 20|South Sydney Rabbitohs|Sydney Roosters,South Sydney Rabbitohs,South Sydney Rabbitohs,1.39,3.01,1.39,3.01,1.39,3.01
2009|Rd 20|Canberra Raiders|Wests Tigers,Canberra Raiders,Canberra Raiders,1.65,2.21,1.65,2.21,1.65,2.21
2009|Rd 20|New Zealand Warriors|St. George Illawarra Dragons,St. George Illawarra Dragons,St. George Illawarra Dragons,2.63,1.48,2.63,1.48,2.63,1.48
2009|Rd 20|Melbourne Storm|Cronulla Sharks,Melbourne Storm,Melbourne Storm,1.27,3.63,1.27,3.63,1.27,3.63
2009|Rd 20|NQ Cowboys|Penrith Panthers,NQ Cowboys,NQ Cowboys,1.37,3.1,1.37,3.1,1.37,3.1
2009|Rd 20|Canterbury Bulldogs|Parramatta Eels,Canterbury Bulldogs,Canterbury Bulldogs,1.27,3.64,1.27,3.64,1.27,3.64
2009|Rd 20|Gold Coast Titans|Brisbane Broncos,Gold Coast Titans,Gold Coast Titans,1.2,4.44,1.2,4.44,1.2,4.44
2009|Rd 20|Manly Sea Eagles|Newcastle Knights,Manly Sea Eagles,Manly Sea Eagles,1.38,3.0,1.38,3.0,1.38,3.0
2009|Rd 21|Wests Tigers|Manly Sea Eagles,Manly Sea Eagles,Wests Tigers,2.74,1.44,2.74,1.44,2.74,1.44
2009|Rd 21|South Sydney Rabbitohs|Canterbury Bulldogs,Canterbury Bulldogs,Canterbury Bulldogs,2.95,1.39,2.95,1.39,2.95,1.39
2009|Rd 21|Cronulla Sharks|Parramatta Eels,Parramatta Eels,Cronulla Sharks,2.77,1.44,2.77,1.44,2.77,1.44
2009|Rd 21|Penrith Panthers|New Zealand Warriors,Penrith Panthers,Penrith Panthers,1.3,3.52,1.3,3.52,1.3,3.52
2009|Rd 21|Canberra Raiders|Brisbane Broncos,Brisbane Broncos,Canberra Raiders,2.21,1.67,2.21,1.67,2.21,1.67
2009|Rd 21|Gold Coast Titans|NQ Cowboys,Gold Coast Titans,Gold Coast Titans,1.48,2.63,1.48,2.63,1.48,2.63
2009|Rd 21|St. George Illawarra Dragons|Melbourne Storm,St. George Illawarra Dragons,St. George Illawarra Dragons,1.5,2.58,1.5,2.58,1.5,2.58
2009|Rd 21|Newcastle Knights|Sydney Roosters,Sydney Roosters,Newcastle Knights,,,,,,
2009|Rd 22|Brisbane Broncos|Cronulla Sharks,Brisbane Broncos,Brisbane Broncos,1.18,4.55,1.18,4.55,1.18,4.55
2009|Rd 22|Parramatta Eels|Newcastle Knights,Parramatta Eels,Parramatta Eels,1.49,2.59,1.49,2.59,1.49,2.59
2009|Rd 22|Sydney Roosters|Wests Tigers,Wests Tigers,Wests Tigers,2.75,1.44,2.75,1.44,2.75,1.44
2009|Rd 22|New Zealand Warriors|Gold Coast Titans,Gold Coast Titans,Gold Coast Titans,2.31,1.61,2.31,1.61,2.31,1.61
2009|Rd 22|Canterbury Bulldogs|Canberra Raiders,Canterbury Bulldogs,Canterbury Bulldogs,1.2,4.33,1.2,4.33,1.2,4.33
2009|Rd 22|Manly Sea Eagles|South Sydney Rabbitohs,Manly Sea Eagles,Manly Sea Eagles,1.23,4.05,1.23,4.05,1.23,4.05
2009|Rd 22|Melbourne Storm|NQ Cowboys,Melbourne Storm,Melbourne Storm,1.43,2.8,1.43,2.8,1.43,2.8
2009|Rd 22|Penrith Panthers|St. George Illawarra Dragons,St. George Illawarra Dragons,St. George Illawarra Dragons,2.75,1.44,2.75,1.44,2.75,1.44
2009|Rd 23|Newcastle Knights|Melbourne Storm,Melbourne Storm,Melbourne Storm,2.09,1.73,2.09,1.73,2.09,1.73
2009|Rd 23|Brisbane Broncos|Penrith Panthers,Brisbane Broncos,Brisbane Broncos,1.55,2.4,1.55,2.4,1.55,2.4
2009|Rd 23|Cronulla Sharks|Wests Tigers,Wests Tigers,Wests Tigers,3.89,1.26,3.89,1.26,3.89,1.26
2009|Rd 23|Canberra Raiders|St. George Illawarra Dragons,St. George Illawarra Dragons,St. George Illawarra Dragons,2.78,1.43,2.78,1.43,2.78,1.43
2009|Rd 23|Parramatta Eels|New Zealand Warriors,Parramatta Eels,Parramatta Eels,1.19,4.44,1.19,4.44,1.19,4.44
2009|Rd 23|Sydney Roosters|Manly Sea Eagles,Manly Sea Eagles,Manly Sea Eagles,4.43,1.2,4.43,1.2,4.43,1.2
2009|Rd 23|NQ Cowboys|Canterbury Bulldogs,NQ Cowboys,NQ Cowboys,1.58,2.36,1.58,2.36,1.58,2.36
2009|Rd 23|South Sydney Rabbitohs|Gold Coast Titans,South Sydney Rabbitohs,South Sydney Rabbitohs,1.84,1.96,1.84,1.96,1.84,1.96
2009|Rd 24|Canterbury Bulldogs|Sydney Roosters,Canterbury Bulldogs,Canterbury Bulldogs,1.12,5.8,1.12,5.8,1.12,5.8
2009|Rd 24|New Zealand Warriors|Canberra Raiders,Canberra Raiders,New Zealand Warriors,1.9,1.9,1.9,1.9,1.9,1.9
2009|Rd 24|Melbourne Storm|Manly Sea Eagles,Manly Sea Eagles,Melbourne Storm,1.94,1.87,1.94,1.87,1.94,1.87
2009|Rd 24|Gold Coast Titans|Cronulla Sharks,Gold Coast Titans,Gold Coast Titans,1.1,6.39,1.1,6.39,1.1,6.39
2009|Rd 24|Penrith Panthers|South Sydney Rabbitohs,Penrith Panthers,Penrith Panthers,1.35,3.08,1.35,3.08,1.35,3.08
2009|Rd 24|Newcastle Knights|NQ Cowboys,Newcastle Knights,Newcastle Knights,1.58,2.38,1.58,2.38,1.58,2.38
2009|Rd 24|St. George Illawarra Dragons|Brisbane Broncos,St. George Illawarra Dragons,St. George Illawarra Dragons,1.28,3.72,1.28,3.72,1.28,3.72
2009|Rd 24|Wests Tigers|Parramatta Eels,Parramatta Eels,Wests Tigers,2.32,1.61,2.32,1.61,2.32,1.61
2009|Rd 25|Canberra Raiders|Newcastle Knights,Canberra Raiders,Canberra Raiders,1.8,2.01,1.8,2.01,1.8,2.01
2009|Rd 25|Canterbury Bulldogs|New Zealand Warriors,Canterbury Bulldogs,Canterbury Bulldogs,1.1,6.48,1.1,6.48,1.1,6.48
2009|Rd 25|Manly Sea Eagles|Cronulla Sharks,Manly Sea Eagles,Manly Sea Eagles,1.06,8.23,1.06,8.23,1.06,8.23
2009|Rd 25|Melbourne Storm|Sydney Roosters,Melbourne Storm,Melbourne Storm,1.08,7.3,1.08,7.3,1.08,7.3
2009|Rd 25|South Sydney Rabbitohs|St. George Illawarra Dragons,St. George Illawarra Dragons,St. George Illawarra Dragons,6.45,1.1,6.45,1.1,6.45,1.1
2009|Rd 25|Gold Coast Titans|Wests Tigers,Gold Coast Titans,Gold Coast Titans,1.35,3.14,1.35,3.14,1.35,3.14
2009|Rd 25|NQ Cowboys|Brisbane Broncos,Brisbane Broncos,NQ Cowboys,2.75,1.44,2.75,1.44,2.75,1.44
2009|Rd 25|Parramatta Eels|Penrith Panthers,Parramatta Eels,Parramatta Eels,1.38,2.99,1.38,2.99,1.38,2.99
2009|Rd 26|Brisbane Broncos|Canberra Raiders,Brisbane Broncos,Brisbane Broncos,1.2,4.29,1.2,4.29,1.2,4.29
2009|Rd 26|Newcastle Knights|Penrith Panthers,Newcastle Knights,Newcastle Knights,1.47,2.67,1.47,2.67,1.47,2.67
2009|Rd 26|Sydney Roosters|NQ Cowboys,NQ Cowboys,NQ Cowboys,2.36,1.6,2.36,1.6,2.36,1.6
2009|Rd 26|Cronulla Sharks|South Sydney Rabbitohs,South Sydney Rabbitohs,South Sydney Rabbitohs,2.13,1.72,2.13,1.72,2.13,1.72
2009|Rd 26|Manly Sea Eagles|Gold Coast Titans,Manly Sea Eagles,Manly Sea Eagles,1.32,3.31,1.32,3.31,1.32,3.31
2009|Rd 26|New Zealand Warriors|Melbourne Storm,Melbourne Storm,Melbourne Storm,3.15,1.35,3.15,1.35,3.15,1.35
2009|Rd 26|St. George Illawarra Dragons|Parramatta Eels,St. George Illawarra Dragons,St. George Illawarra Dragons,1.64,2.25,1.64,2.25,1.64,2.25
2009|Rd 26|Wests Tigers|Canterbury Bulldogs,Canterbury Bulldogs,Canterbury Bulldogs,2.61,1.5,2.61,1.5,2.61,1.5
2009|Grand Final|Melbourne Storm|Parramatta Eels,,,,,,,,
2009|Prelim Final|Canterbury Bulldogs|Parramatta Eels,,,,,,,,
2009|Qualif Final|Melbourne Storm|Manly Sea Eagles,,,,,,,,
2009|Semi Final|Parramatta Eels|Gold Coast Titans,,,,,,,,
2009|Prelim Final|Melbourne Storm|Brisbane Broncos,,,,,,,,
2009|Qualif Final|Canterbury Bulldogs|Newcastle Knights,,,,,,,,
2009|Semi Final|Brisbane Broncos|St. George Illawarra Dragons,,,,,,,,
2009|Qualif Final|Gold Coast Titans|Brisbane Broncos,,,,,,,,
2009|Qualif Final|St. George Illawarra Dragons|Parramatta Eels,,,,,,,,
2010|Rd 1|Wests Tigers|Manly Sea Eagles,Wests Tigers,Wests Tigers,1.73,2.13,1.73,2.13,1.73,2.13
2010|Rd 1|South Sydney Rabbitohs|Sydney Roosters,South Sydney Rabbitohs,South Sydney Rabbitohs,1.5,2.61,1.5,2.61,1.5,2.61
2010|Rd 1|Gold Coast Titans|New Zealand Warriors,Gold Coast Titans,Gold Coast Titans,1.34,3.27,1.34,3.27,1.34,3.27
2010|Rd 1|Cronulla Sharks|Melbourne Storm,Melbourne Storm,Melbourne Storm,2.78,1.44,2.78,1.44,2.78,1.44
2010|Rd 1|Penrith Panthers|Canberra Raiders,Penrith Panthers,Penrith Panthers,1.41,2.97,1.41,2.97,1.41,2.97
2010|Rd 1|Canterbury Bulldogs|Newcastle Knights,Canterbury Bulldogs,Canterbury Bulldogs,1.24,4.05,1.24,4.05,1.24,4.05
2010|Rd 1|Brisbane Broncos|NQ Cowboys,Brisbane Broncos,Brisbane Broncos,1.84,1.95,1.84,1.95,1.84,1.95
2010|Rd 1|Parramatta Eels|St. George Illawarra Dragons,Parramatta Eels,St. George Illawarra Dragons,1.64,2.24,1.64,2.24,1.64,2.24
2010|Rd 2|Canberra Raiders|Brisbane Broncos,Canberra Raiders,Canberra Raiders,1.67,2.21,1.67,2.21,1.67,2.21
2010|Rd 2|Sydney Roosters|Wests Tigers,Wests Tigers,Wests Tigers,2.15,1.69,2.15,1.69,2.15,1.69
2010|Rd 2|Parramatta Eels|Manly Sea Eagles,Parramatta Eels,Parramatta Eels,1.39,3.01,1.39,3.01,1.39,3.01
2010|Rd 2|Newcastle Knights|Melbourne Storm,Melbourne Storm,Newcastle Knights,2.45,1.56,2.45,1.56,2.45,1.56
2010|Rd 2|NQ Cowboys|Penrith Panthers,NQ Cowboys,NQ Cowboys,1.65,2.29,1.65,2.29,1.65,2.29
2010|Rd 2|New Zealand Warriors|Cronulla Sharks,New Zealand Warriors,New Zealand Warriors,1.49,2.67,1.49,2.67,1.49,2.67
2010|Rd 2|South Sydney Rabbitohs|Gold Coast Titans,South Sydney Rabbitohs,Gold Coast Titans,1.73,2.12,1.73,2.12,1.73,2.12
2010|Rd 2|St. George Illawarra Dragons|Canterbury Bulldogs,St. George Illawarra Dragons,St. George Illawarra Dragons,1.52,2.57,1.52,2.57,1.52,2.57
2010|Rd 3|Cronulla Sharks|South Sydney Rabbitohs,South Sydney Rabbitohs,South Sydney Rabbitohs,2.15,1.7,2.15,1.7,2.15,1.7
2010|Rd 3|Canterbury Bulldogs|Sydney Roosters,Sydney Roosters,Canterbury Bulldogs,2.01,1.83,2.01,1.83,2.01,1.83
2010|Rd 3|Brisbane Broncos|New Zealand Warriors,Brisbane Broncos,Brisbane Broncos,1.52,2.54,1.52,2.54,1.52,2.54
2010|Rd 3|Gold Coast Titans|Canberra Raiders,Gold Coast Titans,Gold Coast Titans,1.35,3.23,1.35,3.23,1.35,3.23
2010|Rd 3|Manly Sea Eagles|Newcastle Knights,Manly Sea Eagles,Manly Sea Eagles,1.55,2.48,1.55,2.48,1.55,2.48
2010|Rd 3|Penrith Panthers|Melbourne Storm,Melbourne Storm,Melbourne Storm,2.14,1.72,2.14,1.72,2.14,1.72
2010|Rd 3|St. George Illawarra Dragons|NQ Cowboys,St. George Illawarra Dragons,St. George Illawarra Dragons,1.37,3.12,1.37,3.12,1.37,3.12
2010|Rd 3|Wests Tigers|Parramatta Eels,Parramatta Eels,Wests Tigers,2.5,1.54,2.5,1.54,2.5,1.54
2010|Rd 4|South Sydney Rabbitohs|Canterbury Bulldogs,Canterbury Bulldogs,Canterbury Bulldogs,2.52,1.53,2.52,1.53,2.52,1.53
2010|Rd 4|Newcastle Knights|Penrith Panthers,Newcastle Knights,Newcastle Knights,1.66,2.22,1.66,2.22,1.66,2.22
2010|Rd 4|Canberra Raiders|Wests Tigers,Wests Tigers,Wests Tigers,2.13,1.71,2.13,1.71,2.13,1.71
2010|Rd 4|New Zealand Warriors|Manly Sea Eagles,Manly Sea Eagles,New Zealand Warriors,2.16,1.7,2.16,1.7,2.16,1.7
2010|Rd 4|NQ Cowboys|Gold Coast Titans,NQ Cowboys,NQ Cowboys,1.52,2.51,1.52,2.51,1.52,2.51
2010|Rd 4|Cronulla Sharks|Parramatta Eels,Parramatta Eels,Parramatta Eels,3.96,1.24,3.96,1.24,3.96,1.24
2010|Rd 4|Sydney Roosters|Brisbane Broncos,Sydney Roosters,Sydney Roosters,1.34,3.22,1.34,3.22,1.34,3.22
2010|Rd 4|Melbourne Storm|St. George Illawarra Dragons,Melbourne Storm,St. George Illawarra Dragons,1.72,2.12,1.72,2.12,1.72,2.12
2010|Rd 5|Parramatta Eels|Canberra Raiders,Parramatta Eels,Parramatta Eels,1.33,3.26,1.33,3.26,1.33,3.26
2010|Rd 5|Penrith Panthers|Sydney Roosters,Penrith Panthers,Penrith Panthers,1.83,2.0,1.83,2.0,1.83,2.0
2010|Rd 5|Manly Sea Eagles|Cronulla Sharks,Manly Sea Eagles,Manly Sea Eagles,1.35,3.16,1.35,3.16,1.35,3.16
2010|Rd 5|Canterbury Bulldogs|New Zealand Warriors,Canterbury Bulldogs,Canterbury Bulldogs,1.36,3.11,1.36,3.11,1.36,3.11
2010|Rd 5|NQ Cowboys|Wests Tigers,NQ Cowboys,NQ Cowboys,1.77,2.06,1.77,2.06,1.77,2.06
2010|Rd 5|South Sydney Rabbitohs|Newcastle Knights,South Sydney Rabbitohs,South Sydney Rabbitohs,1.44,2.75,1.44,2.75,1.44,2.75
2010|Rd 5|Gold Coast Titans|Melbourne Storm,Melbourne Storm,Gold Coast Titans,2.6,1.49,2.6,1.49,2.6,1.49
2010|Rd 5|St. George Illawarra Dragons|Brisbane Broncos,St. George Illawarra Dragons,St. George Illawarra Dragons,1.09,6.62,1.09,6.62,1.09,6.62
2010|Rd 6|Melbourne Storm|Manly Sea Eagles,Melbourne Storm,Melbourne Storm,1.37,3.12,1.37,3.12,1.37,3.12
2010|Rd 6|Parramatta Eels|South Sydney Rabbitohs,South Sydney Rabbitohs,South Sydney Rabbitohs,1.99,1.82,1.99,1.82,1.99,1.82
2010|Rd 6|Brisbane Broncos|Cronulla Sharks,Brisbane Broncos,Brisbane Broncos,1.39,3.0,1.39,3.0,1.39,3.0
2010|Rd 6|New Zealand Warriors|Penrith Panthers,New Zealand Warriors,New Zealand Warriors,1.7,2.15,1.7,2.15,1.7,2.15
2010|Rd 6|Sydney Roosters|Canberra Raiders,Sydney Roosters,Sydney Roosters,1.49,2.62,1.49,2.62,1.49,2.62
2010|Rd 6|Newcastle Knights|NQ Cowboys,Newcastle Knights,Newcastle Knights,1.32,3.31,1.32,3.31,1.32,3.31
2010|Rd 6|Gold Coast Titans|St. George Illawarra Dragons,St. George Illawarra Dragons,St. George Illawarra Dragons,2.06,1.76,2.06,1.76,2.06,1.76
2010|Rd 6|Wests Tigers|Canterbury Bulldogs,Wests Tigers,Wests Tigers,1.61,2.3,1.61,2.3,1.61,2.3
2010|Rd 7|Manly Sea Eagles|Gold Coast Titans,Manly Sea Eagles,Manly Sea Eagles,1.24,3.93,1.24,3.93,1.24,3.93
2010|Rd 7|Melbourne Storm|New Zealand Warriors,Melbourne Storm,Melbourne Storm,1.39,3.0,1.39,3.0,1.39,3.0
2010|Rd 7|St. George Illawarra Dragons|Sydney Roosters,St. George Illawarra Dragons,St. George Illawarra Dragons,1.47,2.68,1.47,2.68,1.47,2.68
2010|Rd 7|Canberra Raiders|South Sydney Rabbitohs,Canberra Raiders,South Sydney Rabbitohs,1.77,2.06,1.77,2.06,1.77,2.06
2010|Rd 7|Cronulla Sharks|Newcastle Knights,Newcastle Knights,Newcastle Knights,2.57,1.5,2.57,1.5,2.57,1.5
2010|Rd 7|Penrith Panthers|Wests Tigers,Penrith Panthers,Penrith Panthers,1.47,2.67,1.47,2.67,1.47,2.67
2010|Rd 7|Canterbury Bulldogs|Brisbane Broncos,Canterbury Bulldogs,Canterbury Bulldogs,1.39,2.99,1.39,2.99,1.39,2.99
2010|Rd 7|NQ Cowboys|Parramatta Eels,Parramatta Eels,NQ Cowboys,2.28,1.59,2.28,1.59,2.28,1.59
2010|Rd 8|South Sydney Rabbitohs|Manly Sea Eagles,Manly Sea Eagles,South Sydney Rabbitohs,2.3,1.62,2.3,1.62,2.3,1.62
2010|Rd 8|Wests Tigers|Sydney Roosters,Wests Tigers,Wests Tigers,1.51,2.53,1.51,2.53,1.51,2.53
2010|Rd 8|NQ Cowboys|Melbourne Storm,Melbourne Storm,Melbourne Storm,2.3,1.61,2.3,1.61,2.3,1.61
2010|Rd 8|St. George Illawarra Dragons|Cronulla Sharks,St. George Illawarra Dragons,St. George Illawarra Dragons,1.16,5.07,1.16,5.07,1.16,5.07
2010|Rd 8|Gold Coast Titans|Penrith Panthers,Gold Coast Titans,Gold Coast Titans,1.62,2.28,1.62,2.28,1.62,2.28
2010|Rd 8|New Zealand Warriors|Canberra Raiders,New Zealand Warriors,New Zealand Warriors,1.44,2.75,1.44,2.75,1.44,2.75
2010|Rd 8|Brisbane Broncos|Newcastle Knights,Brisbane Broncos,Brisbane Broncos,1.5,2.58,1.5,2.58,1.5,2.58
2010|Rd 8|Parramatta Eels|Canterbury Bulldogs,Parramatta Eels,Canterbury Bulldogs,1.43,2.82,1.43,2.82,1.43,2.82
2010|Rd 9|Sydney Roosters|NQ Cowboys,Sydney Roosters,Sydney Roosters,1.28,3.61,1.28,3.61,1.28,3.61
2010|Rd 9|Melbourne Storm|Brisbane Broncos,Melbourne Storm,Melbourne Storm,1.2,4.34,1.2,4.34,1.2,4.34
2010|Rd 9|Newcastle Knights|Gold Coast Titans,Gold Coast Titans,Gold Coast Titans,1.92,1.89,1.92,1.89,1.92,1.89
2010|Rd 9|Manly Sea Eagles|St. George Illawarra Dragons,St. George Illawarra Dragons,St. George Illawarra Dragons,2.42,1.56,2.42,1.56,2.42,1.56
2010|Rd 10|Manly Sea Eagles|Parramatta Eels,Manly Sea Eagles,Manly Sea Eagles,1.51,2.54,1.51,2.54,1.51,2.54
2010|Rd 10|Cronulla Sharks|Penrith Panthers,Penrith Panthers,Penrith Panthers,2.68,1.47,2.68,1.47,2.68,1.47
2010|Rd 10|Wests Tigers|South Sydney Rabbitohs,Wests Tigers,Wests Tigers,1.72,2.13,1.72,2.13,1.72,2.13
2010|Rd 10|Canberra Raiders|Melbourne Storm,Melbourne Storm,Melbourne Storm,2.27,1.62,2.27,1.62,2.27,1.62
2010|Rd 10|Sydney Roosters|Newcastle Knights,Sydney Roosters,Sydney Roosters,1.8,2.02,1.8,2.02,1.8,2.02
2010|Rd 10|New Zealand Warriors|NQ Cowboys,New Zealand Warriors,New Zealand Warriors,1.48,2.68,1.48,2.68,1.48,2.68
2010|Rd 10|Brisbane Broncos|Gold Coast Titans,Brisbane Broncos,Gold Coast Titans,1.87,1.95,1.87,1.95,1.87,1.95
2010|Rd 10|Canterbury Bulldogs|St. George Illawarra Dragons,St. George Illawarra Dragons,St. George Illawarra Dragons,2.55,1.51,2.55,1.51,2.55,1.51
2010|Rd 11|Penrith Panthers|Canterbury Bulldogs,Penrith Panthers,Penrith Panthers,1.43,2.82,1.43,2.82,1.43,2.82
2010|Rd 11|St. George Illawarra Dragons|Canberra Raiders,St. George Illawarra Dragons,St. George Illawarra Dragons,1.68,2.17,1.68,2.17,1.68,2.17
2010|Rd 11|New Zealand Warriors|South Sydney Rabbitohs,New Zealand Warriors,South Sydney Rabbitohs,1.73,2.09,1.73,2.09,1.73,2.09
2010|Rd 11|Parramatta Eels|Cronulla Sharks,Parramatta Eels,Parramatta Eels,1.34,3.23,1.34,3.23,1.34,3.23
2010|Rd 11|Newcastle Knights|Wests Tigers,Wests Tigers,Newcastle Knights,2.01,1.82,2.01,1.82,2.01,1.82
2010|Rd 12|Gold Coast Titans|Sydney Roosters,Gold Coast Titans,Gold Coast Titans,1.4,2.87,1.4,2.87,1.4,2.87
2010|Rd 12|South Sydney Rabbitohs|Penrith Panthers,Penrith Panthers,South Sydney Rabbitohs,1.92,1.87,1.92,1.87,1.92,1.87
2010|Rd 12|Melbourne Storm|Canterbury Bulldogs,Melbourne Storm,Melbourne Storm,1.82,2.01,1.82,2.01,1.82,2.01
2010|Rd 12|NQ Cowboys|Manly Sea Eagles,Manly Sea Eagles,Manly Sea Eagles,2.13,1.71,2.13,1.71,2.13,1.71
2010|Rd 12|Cronulla Sharks|Brisbane Broncos,Brisbane Broncos,Brisbane Broncos,2.28,1.61,2.28,1.61,2.28,1.61
2010|Rd 12|St. George Illawarra Dragons|Parramatta Eels,St. George Illawarra Dragons,St. George Illawarra Dragons,1.53,2.46,1.53,2.46,1.53,2.46
2010|Rd 12|Wests Tigers|New Zealand Warriors,Wests Tigers,Wests Tigers,1.43,2.79,1.43,2.79,1.43,2.79
2010|Rd 13|South Sydney Rabbitohs|NQ Cowboys,South Sydney Rabbitohs,South Sydney Rabbitohs,1.41,2.85,1.41,2.85,1.41,2.85
2010|Rd 13|Manly Sea Eagles|Brisbane Broncos,Manly Sea Eagles,Manly Sea Eagles,1.48,2.61,1.48,2.61,1.48,2.61
2010|Rd 13|Canberra Raiders|Gold Coast Titans,Canberra Raiders,Gold Coast Titans,1.6,2.31,1.6,2.31,1.6,2.31
2010|Rd 13|New Zealand Warriors|St. George Illawarra Dragons,St. George Illawarra Dragons,St. George Illawarra Dragons,2.86,1.41,2.86,1.41,2.86,1.41
2010|Rd 13|Sydney Roosters|Cronulla Sharks,Sydney Roosters,Sydney Roosters,1.36,3.1,1.36,3.1,1.36,3.1
2010|Rd 13|Penrith Panthers|Newcastle Knights,Penrith Panthers,Penrith Panthers,1.48,2.59,1.48,2.59,1.48,2.59
2010|Rd 13|Canterbury Bulldogs|Wests Tigers,Wests Tigers,Canterbury Bulldogs,2.15,1.7,2.15,1.7,2.15,1.7
2010|Rd 13|Parramatta Eels|Melbourne Storm,Melbourne Storm,Melbourne Storm,2.14,1.7,2.14,1.7,2.14,1.7
2010|Rd 14|Melbourne Storm|Sydney Roosters,Sydney Roosters,Melbourne Storm,2.36,1.6,2.36,1.6,2.36,1.6
2010|Rd 14|Brisbane Broncos|South Sydney Rabbitohs,Brisbane Broncos,Brisbane Broncos,1.74,2.12,1.74,2.12,1.74,2.12
2010|Rd 14|Newcastle Knights|New Zealand Warriors,Newcastle Knights,Newcastle Knights,1.57,2.41,1.57,2.41,1.57,2.41
2010|Rd 14|NQ Cowboys|Canberra Raiders,Canberra Raiders,NQ Cowboys,2.33,1.6,2.33,1.6,2.33,1.6
2010|Rd 14|Gold Coast Titans|Manly Sea Eagles,Gold Coast Titans,Gold Coast Titans,1.47,2.69,1.47,2.69,1.47,2.69
2010|Rd 15|Newcastle Knights|Parramatta Eels,Parramatta Eels,Newcastle Knights,2.46,1.56,2.46,1.56,2.46,1.56
2010|Rd 15|Wests Tigers|Canberra Raiders,Wests Tigers,Wests Tigers,1.39,3.01,1.39,3.01,1.39,3.01
2010|Rd 15|Cronulla Sharks|St. George Illawarra Dragons,St. George Illawarra Dragons,St. George Illawarra Dragons,3.0,1.4,3.0,1.4,3.0,1.4
2010|Rd 15|Manly Sea Eagles|South Sydney Rabbitohs,Manly Sea Eagles,Manly Sea Eagles,1.59,2.37,1.59,2.37,1.59,2.37
2010|Rd 15|Melbourne Storm|NQ Cowboys,Melbourne Storm,Melbourne Storm,1.44,2.73,1.44,2.73,1.44,2.73
2010|Rd 15|Canterbury Bulldogs|Gold Coast Titans,Gold Coast Titans,Canterbury Bulldogs,2.15,1.71,2.15,1.71,2.15,1.71
2010|Rd 15|Brisbane Broncos|Penrith Panthers,Brisbane Broncos,Brisbane Broncos,1.51,2.58,1.51,2.58,1.51,2.58
2010|Rd 16|Canberra Raiders|Canterbury Bulldogs,Canberra Raiders,Canterbury Bulldogs,1.5,2.61,1.5,2.61,1.5,2.61
2010|Rd 16|Gold Coast Titans|Newcastle Knights,Gold Coast Titans,Gold Coast Titans,1.49,2.63,1.49,2.63,1.49,2.63
2010|Rd 16|Sydney Roosters|New Zealand Warriors,Sydney Roosters,Sydney Roosters,1.81,2.01,1.81,2.01,1.81,2.01
2010|Rd 16|South Sydney Rabbitohs|Melbourne Storm,Melbourne Storm,South Sydney Rabbitohs,2.46,1.55,2.46,1.55,2.46,1.55
2010|Rd 16|NQ Cowboys|Cronulla Sharks,NQ Cowboys,NQ Cowboys,1.47,2.69,1.47,2.69,1.47,2.69
2010|Rd 16|Parramatta Eels|Brisbane Broncos,Parramatta Eels,Parramatta Eels,1.8,2.04,1.8,2.04,1.8,2.04
2010|Rd 16|Penrith Panthers|Manly Sea Eagles,Penrith Panthers,Penrith Panthers,1.44,2.8,1.44,2.8,1.44,2.8
2010|Rd 16|St. George Illawarra Dragons|Wests Tigers,St. George Illawarra Dragons,St. George Illawarra Dragons,1.36,3.16,1.36,3.16,1.36,3.16
2010|Rd 17|St. George Illawarra Dragons|Penrith Panthers,St. George Illawarra Dragons,St. George Illawarra Dragons,1.38,3.04,1.38,3.04,1.38,3.04
2010|Rd 17|Canberra Raiders|Sydney Roosters,Canberra Raiders,Canberra Raiders,1.58,2.37,1.58,2.37,1.58,2.37
2010|Rd 17|New Zealand Warriors|Parramatta Eels,New Zealand Warriors,New Zealand Warriors,1.6,2.31,1.6,2.31,1.6,2.31
2010|Rd 17|Cronulla Sharks|Canterbury Bulldogs,Canterbury Bulldogs,Canterbury Bulldogs,3.01,1.38,3.01,1.38,3.01,1.38
2010|Rd 17|Brisbane Broncos|Wests Tigers,Wests Tigers,Brisbane Broncos,2.44,1.55,2.44,1.55,2.44,1.55
2010|Rd 18|Parramatta Eels|NQ Cowboys,Parramatta Eels,Parramatta Eels,1.42,2.84,1.42,2.84,1.42,2.84
2010|Rd 18|Penrith Panthers|New Zealand Warriors,Penrith Panthers,Penrith Panthers,1.36,3.11,1.36,3.11,1.36,3.11
2010|Rd 18|Newcastle Knights|Cronulla Sharks,Newcastle Knights,Newcastle Knights,1.43,2.84,1.43,2.84,1.43,2.84
2010|Rd 18|Canterbury Bulldogs|Melbourne Storm,Canterbury Bulldogs,Canterbury Bulldogs,1.84,1.98,1.84,1.98,1.84,1.98
2010|Rd 18|Manly Sea Eagles|Canberra Raiders,Manly Sea Eagles,Manly Sea Eagles,1.28,3.69,1.28,3.69,1.28,3.69
2010|Rd 18|Sydney Roosters|South Sydney Rabbitohs,South Sydney Rabbitohs,South Sydney Rabbitohs,1.97,1.84,1.97,1.84,1.97,1.84
2010|Rd 18|Wests Tigers|Gold Coast Titans,Wests Tigers,Wests Tigers,1.55,2.44,1.55,2.44,1.55,2.44
2010|Rd 19|Wests Tigers|NQ Cowboys,Wests Tigers,Wests Tigers,1.26,3.78,1.26,3.78,1.26,3.78
2010|Rd 19|Sydney Roosters|Canterbury Bulldogs,Sydney Roosters,Canterbury Bulldogs,1.7,2.16,1.7,2.16,1.7,2.16
2010|Rd 19|Canberra Raiders|Newcastle Knights,Canberra Raiders,Canberra Raiders,1.51,2.57,1.51,2.57,1.51,2.57
2010|Rd 19|Cronulla Sharks|Manly Sea Eagles,Manly Sea Eagles,Manly Sea Eagles,3.31,1.32,3.31,1.32,3.31,1.32
2010|Rd 19|Penrith Panthers|Parramatta Eels,Penrith Panthers,Penrith Panthers,1.58,2.37,1.58,2.37,1.58,2.37
2010|Rd 19|New Zealand Warriors|Melbourne Storm,New Zealand Warriors,Melbourne Storm,1.71,2.16,1.71,2.16,1.71,2.16
2010|Rd 19|Gold Coast Titans|Brisbane Broncos,Brisbane Broncos,Gold Coast Titans,1.91,1.91,1.91,1.91,1.91,1.91
2010|Rd 19|South Sydney Rabbitohs|St. George Illawarra Dragons,St. George Illawarra Dragons,St. George Illawarra Dragons,2.58,1.51,2.58,1.51,2.58,1.51
2010|Rd 20|Brisbane Broncos|Sydney Roosters,Brisbane Broncos,Brisbane Broncos,1.38,3.0,1.38,3.0,1.38,3.0
2010|Rd 20|Manly Sea Eagles|Wests Tigers,Manly Sea Eagles,Manly Sea Eagles,1.59,2.35,1.59,2.35,1.59,2.35
2010|Rd 20|South Sydney Rabbitohs|New Zealand Warriors,South Sydney Rabbitohs,South Sydney Rabbitohs,1.67,2.2,1.67,2.2,1.67,2.2
2010|Rd 20|Melbourne Storm|Penrith Panthers,Melbourne Storm,Melbourne Storm,1.64,2.27,1.64,2.27,1.64,2.27
2010|Rd 20|NQ Cowboys|Newcastle Knights,NQ Cowboys,NQ Cowboys,1.62,2.28,1.62,2.28,1.62,2.28
2010|Rd 20|Canberra Raiders|Cronulla Sharks,Canberra Raiders,Canberra Raiders,1.33,3.38,1.33,3.38,1.33,3.38
2010|Rd 20|Canterbury Bulldogs|Parramatta Eels,Parramatta Eels,Canterbury Bulldogs,2.47,1.54,2.47,1.54,2.47,1.54
2010|Rd 20|St. George Illawarra Dragons|Gold Coast Titans,St. George Illawarra Dragons,St. George Illawarra Dragons,1.27,3.69,1.27,3.69,1.27,3.69
2010|Rd 21|Newcastle Knights|Manly Sea Eagles,Manly Sea Eagles,Manly Sea Eagles,2.92,1.41,2.92,1.41,2.92,1.41
2010|Rd 21|Brisbane Broncos|St. George Illawarra Dragons,St. George Illawarra Dragons,St. George Illawarra Dragons,2.1,1.76,2.1,1.76,2.1,1.76
2010|Rd 21|Melbourne Storm|Canberra Raiders,Melbourne Storm,Melbourne Storm,1.46,2.74,1.46,2.74,1.46,2.74
2010|Rd 21|New Zealand Warriors|Gold Coast Titans,New Zealand Warriors,New Zealand Warriors,1.56,2.43,1.56,2.43,1.56,2.43
2010|Rd 21|Wests Tigers|Cronulla Sharks,Wests Tigers,Wests Tigers,1.26,3.87,1.26,3.87,1.26,3.87
2010|Rd 21|Parramatta Eels|Sydney Roosters,Parramatta Eels,Parramatta Eels,1.53,2.51,1.53,2.51,1.53,2.51
2010|Rd 21|Canterbury Bulldogs|South Sydney Rabbitohs,South Sydney Rabbitohs,Canterbury Bulldogs,2.25,1.65,2.25,1.65,2.25,1.65
2010|Rd 21|Penrith Panthers|NQ Cowboys,Penrith Panthers,Penrith Panthers,1.23,4.09,1.23,4.09,1.23,4.09
2010|Rd 22|Canberra Raiders|Penrith Panthers,Canberra Raiders,Penrith Panthers,1.82,2.01,1.82,2.01,1.82,2.01
2010|Rd 22|Sydney Roosters|St. George Illawarra Dragons,St. George Illawarra Dragons,St. George Illawarra Dragons,2.02,1.8,2.02,1.8,2.02,1.8
2010|Rd 22|Newcastle Knights|Canterbury Bulldogs,Canterbury Bulldogs,Newcastle Knights,1.94,1.87,1.94,1.87,1.94,1.87
2010|Rd 22|Cronulla Sharks|New Zealand Warriors,New Zealand Warriors,New Zealand Warriors,2.21,1.68,2.21,1.68,2.21,1.68
2010|Rd 22|South Sydney Rabbitohs|Wests Tigers,Wests Tigers,South Sydney Rabbitohs,2.91,1.41,2.91,1.41,2.91,1.41
2010|Rd 22|Manly Sea Eagles|Melbourne Storm,Manly Sea Eagles,Manly Sea Eagles,1.61,2.32,1.61,2.32,1.61,2.32
2010|Rd 22|Gold Coast Titans|Parramatta Eels,Gold Coast Titans,Gold Coast Titans,1.75,2.07,1.75,2.07,1.75,2.07
2010|Rd 22|NQ Cowboys|Brisbane Broncos,Brisbane Broncos,Brisbane Broncos,2.67,1.46,2.67,1.46,2.67,1.46
2010|Rd 23|St. George Illawarra Dragons|Manly Sea Eagles,St. George Illawarra Dragons,St. George Illawarra Dragons,1.45,2.74,1.45,2.74,1.45,2.74
2010|Rd 23|Wests Tigers|Penrith Panthers,Penrith Panthers,Wests Tigers,2.02,1.8,2.02,1.8,2.02,1.8
2010|Rd 23|Melbourne Storm|South Sydney Rabbitohs,Melbourne Storm,Melbourne Storm,1.45,2.74,1.45,2.74,1.45,2.74
2010|Rd 23|New Zealand Warriors|Newcastle Knights,New Zealand Warriors,New Zealand Warriors,1.46,2.72,1.46,2.72,1.46,2.72
2010|Rd 23|Canterbury Bulldogs|Canberra Raiders,Canterbury Bulldogs,Canterbury Bulldogs,1.82,2.0,1.82,2.0,1.82,2.0
2010|Rd 23|Gold Coast Titans|NQ Cowboys,Gold Coast Titans,Gold Coast Titans,1.16,4.87,1.16,4.87,1.16,4.87
2010|Rd 23|Brisbane Broncos|Parramatta Eels,Brisbane Broncos,Brisbane Broncos,1.74,2.1,1.74,2.1,1.74,2.1
2010|Rd 23|Cronulla Sharks|Sydney Roosters,Sydney Roosters,Sydney Roosters,3.29,1.33,3.29,1.33,3.29,1.33
2010|Rd 24|Sydney Roosters|Gold Coast Titans,Sydney Roosters,Gold Coast Titans,1.59,2.34,1.59,2.34,1.59,2.34
2010|Rd 24|Parramatta Eels|Wests Tigers,Parramatta Eels,Parramatta Eels,1.67,2.19,1.67,2.19,1.67,2.19
2010|Rd 24|Canberra Raiders|St. George Illawarra Dragons,St. George Illawarra Dragons,St. George Illawarra Dragons,2.32,1.6,2.32,1.6,2.32,1.6
2010|Rd 24|Melbourne Storm|Cronulla Sharks,Melbourne Storm,Melbourne Storm,1.25,3.78,1.25,3.78,1.25,3.78
2010|Rd 24|NQ Cowboys|Canterbury Bulldogs,Canterbury Bulldogs,Canterbury Bulldogs,2.35,1.58,2.35,1.58,2.35,1.58
2010|Rd 24|Manly Sea Eagles|New Zealand Warriors,Manly Sea Eagles,Manly Sea Eagles,1.47,2.66,1.47,2.66,1.47,2.66
2010|Rd 24|Newcastle Knights|Brisbane Broncos,Brisbane Broncos,Newcastle Knights,1.94,1.85,1.94,1.85,1.94,1.85
2010|Rd 24|Penrith Panthers|South Sydney Rabbitohs,Penrith Panthers,Penrith Panthers,1.5,2.55,1.5,2.55,1.5,2.55
2010|Rd 25|Canterbury Bulldogs|Penrith Panthers,Penrith Panthers,Canterbury Bulldogs,2.59,1.5,2.59,1.5,2.59,1.5
2010|Rd 25|Sydney Roosters|Manly Sea Eagles,Sydney Roosters,Manly Sea Eagles,1.56,2.41,1.56,2.41,1.56,2.41
2010|Rd 25|Wests Tigers|Melbourne Storm,Wests Tigers,Wests Tigers,1.42,2.83,1.42,2.83,1.42,2.83
2010|Rd 25|Canberra Raiders|NQ Cowboys,Canberra Raiders,Canberra Raiders,1.12,5.7,1.12,5.7,1.12,5.7
2010|Rd 25|Newcastle Knights|St. George Illawarra Dragons,St. George Illawarra Dragons,St. George Illawarra Dragons,2.27,1.63,2.27,1.63,2.27,1.63
2010|Rd 25|Cronulla Sharks|Gold Coast Titans,Gold Coast Titans,Gold Coast Titans,2.96,1.39,2.96,1.39,2.96,1.39
2010|Rd 25|South Sydney Rabbitohs|Parramatta Eels,Parramatta Eels,South Sydney Rabbitohs,2.6,1.49,2.6,1.49,2.6,1.49
2010|Rd 25|New Zealand Warriors|Brisbane Broncos,New Zealand Warriors,New Zealand Warriors,1.49,2.61,1.49,2.61,1.49,2.61
2010|Rd 26|St. George Illawarra Dragons|South Sydney Rabbitohs,St. George Illawarra Dragons,St. George Illawarra Dragons,1.58,2.4,1.58,2.4,1.58,2.4
2010|Rd 26|Manly Sea Eagles|Canterbury Bulldogs,Manly Sea Eagles,Manly Sea Eagles,1.45,2.72,1.45,2.72,1.45,2.72
2010|Rd 26|Melbourne Storm|Newcastle Knights,Melbourne Storm,Melbourne Storm,1.08,7.01,1.08,7.01,1.08,7.01
2010|Rd 26|NQ Cowboys|Sydney Roosters,Sydney Roosters,Sydney Roosters,4.03,1.23,4.03,1.23,4.03,1.23
2010|Rd 26|Penrith Panthers|Cronulla Sharks,Penrith Panthers,Penrith Panthers,1.32,3.37,1.32,3.37,1.32,3.37
2010|Rd 26|Parramatta Eels|New Zealand Warriors,Parramatta Eels,Parramatta Eels,1.8,2.01,1.8,2.01,1.8,2.01
2010|Rd 26|Brisbane Broncos|Canberra Raiders,Canberra Raiders,Brisbane Broncos,2.5,1.53,2.5,1.53,2.5,1.53
2010|Rd 26|Gold Coast Titans|Wests Tigers,Gold Coast Titans,Gold Coast Titans,1.56,2.44,1.56,2.44,1.56,2.44
2010|Grand Final|St. George Illawarra Dragons|Sydney Roosters,,,,,,,,
2010|Prelim Final|Gold Coast Titans|Sydney Roosters,,,,,,,,
2010|Qualif Final|Gold Coast Titans|New Zealand Warriors,,,,,,,,
2010|Semi Final|Canberra Raiders|Wests Tigers,,,,,,,,
2010|Prelim Final|St. George Illawarra Dragons|Wests Tigers,,,,,,,,
2010|Qualif Final|Penrith Panthers|Canberra Raiders,,,,,,,,
2010|Semi Final|Sydney Roosters|Penrith Panthers,,,,,,,,
2010|Qualif Final|Wests Tigers|Sydney Roosters,,,,,,,,
2010|Qualif Final|St. George Illawarra Dragons|Manly Sea Eagles,,,,,,,,
2011|Rd 1|Canterbury Bulldogs|Wests Tigers,Wests Tigers,Canterbury Bulldogs,2.12,1.71,2.12,1.71,2.12,1.71
2011|Rd 1|Penrith Panthers|Newcastle Knights,Penrith Panthers,Penrith Panthers,1.67,2.18,1.67,2.18,1.67,2.18
2011|Rd 1|Canberra Raiders|Cronulla Sharks,Canberra Raiders,Canberra Raiders,1.34,3.2,1.34,3.2,1.34,3.2
2011|Rd 1|Gold Coast Titans|St. George Illawarra Dragons,St. George Illawarra Dragons,St. George Illawarra Dragons,2.46,1.54,2.46,1.54,2.46,1.54
2011|Rd 1|Melbourne Storm|Manly Sea Eagles,Melbourne Storm,Melbourne Storm,1.53,2.46,1.53,2.46,1.53,2.46
2011|Rd 1|New Zealand Warriors|Parramatta Eels,New Zealand Warriors,New Zealand Warriors,1.41,2.85,1.41,2.85,1.41,2.85
2011|Rd 1|Brisbane Broncos|NQ Cowboys,Brisbane Broncos,Brisbane Broncos,1.46,2.7,1.46,2.7,1.46,2.7
2011|Rd 1|Sydney Roosters|South Sydney Rabbitohs,Sydney Roosters,Sydney Roosters,1.73,2.08,1.73,2.08,1.73,2.08
2011|Rd 2|Cronulla Sharks|St. George Illawarra Dragons,St. George Illawarra Dragons,St. George Illawarra Dragons,4.85,1.16,4.85,1.16,4.85,1.16
2011|Rd 2|Sydney Roosters|Manly Sea Eagles,Sydney Roosters,Sydney Roosters,1.23,3.89,1.23,3.89,1.23,3.89
2011|Rd 2|South Sydney Rabbitohs|Canterbury Bulldogs,Canterbury Bulldogs,South Sydney Rabbitohs,2.41,1.55,2.41,1.55,2.41,1.55
2011|Rd 2|NQ Cowboys|Newcastle Knights,NQ Cowboys,Newcastle Knights,1.54,2.44,1.54,2.44,1.54,2.44
2011|Rd 2|Wests Tigers|New Zealand Warriors,Wests Tigers,Wests Tigers,1.45,2.71,1.45,2.71,1.45,2.71
2011|Rd 2|Melbourne Storm|Gold Coast Titans,Melbourne Storm,Melbourne Storm,1.46,2.68,1.46,2.68,1.46,2.68
2011|Rd 2|Canberra Raiders|Brisbane Broncos,Canberra Raiders,Canberra Raiders,1.45,2.71,1.45,2.71,1.45,2.71
2011|Rd 2|Parramatta Eels|Penrith Panthers,Parramatta Eels,Parramatta Eels,1.46,2.67,1.46,2.67,1.46,2.67
2011|Rd 3|NQ Cowboys|Melbourne Storm,Melbourne Storm,Melbourne Storm,2.55,1.5,2.55,1.5,2.55,1.5
2011|Rd 3|Manly Sea Eagles|Newcastle Knights,Manly Sea Eagles,Manly Sea Eagles,1.56,2.39,1.56,2.39,1.56,2.39
2011|Rd 3|Canterbury Bulldogs|Sydney Roosters,Sydney Roosters,Canterbury Bulldogs,1.99,1.81,1.99,1.81,1.99,1.81
2011|Rd 3|New Zealand Warriors|St. George Illawarra Dragons,St. George Illawarra Dragons,St. George Illawarra Dragons,2.08,1.74,2.08,1.74,2.08,1.74
2011|Rd 3|Wests Tigers|Canberra Raiders,Wests Tigers,Wests Tigers,1.52,2.49,1.52,2.49,1.52,2.49
2011|Rd 3|Penrith Panthers|Cronulla Sharks,Penrith Panthers,Penrith Panthers,1.42,2.78,1.42,2.78,1.42,2.78
2011|Rd 3|Gold Coast Titans|Brisbane Broncos,Brisbane Broncos,Gold Coast Titans,2.05,1.75,2.05,1.75,2.05,1.75
2011|Rd 3|Parramatta Eels|South Sydney Rabbitohs,Parramatta Eels,Parramatta Eels,1.89,1.91,1.89,1.91,1.89,1.91
2011|Rd 4|Melbourne Storm|Canterbury Bulldogs,Melbourne Storm,Melbourne Storm,1.71,2.11,1.71,2.11,1.71,2.11
2011|Rd 4|Sydney Roosters|Wests Tigers,Sydney Roosters,Sydney Roosters,1.4,2.93,1.4,2.93,1.4,2.93
2011|Rd 4|Newcastle Knights|St. George Illawarra Dragons,St. George Illawarra Dragons,St. George Illawarra Dragons,2.61,1.48,2.61,1.48,2.61,1.48
2011|Rd 4|Cronulla Sharks|New Zealand Warriors,New Zealand Warriors,Cronulla Sharks,2.18,1.66,2.18,1.66,2.18,1.66
2011|Rd 4|Parramatta Eels|NQ Cowboys,Parramatta Eels,Parramatta Eels,1.68,2.15,1.68,2.15,1.68,2.15
2011|Rd 4|Canberra Raiders|Gold Coast Titans,Canberra Raiders,Canberra Raiders,1.31,3.33,1.31,3.33,1.31,3.33
2011|Rd 4|Brisbane Broncos|Penrith Panthers,Brisbane Broncos,Brisbane Broncos,1.36,3.06,1.36,3.06,1.36,3.06
2011|Rd 4|South Sydney Rabbitohs|Manly Sea Eagles,Manly Sea Eagles,South Sydney Rabbitohs,2.14,1.68,2.14,1.68,2.14,1.68
2011|Rd 5|Brisbane Broncos|Newcastle Knights,Brisbane Broncos,Brisbane Broncos,1.61,2.28,1.61,2.28,1.61,2.28
2011|Rd 5|St. George Illawarra Dragons|Canterbury Bulldogs,St. George Illawarra Dragons,St. George Illawarra Dragons,1.51,2.52,1.51,2.52,1.51,2.52
2011|Rd 5|Melbourne Storm|Parramatta Eels,Melbourne Storm,Melbourne Storm,1.29,3.43,1.29,3.43,1.29,3.43
2011|Rd 5|Cronulla Sharks|Manly Sea Eagles,Manly Sea Eagles,Manly Sea Eagles,2.19,1.66,2.19,1.66,2.19,1.66
2011|Rd 5|Penrith Panthers|Canberra Raiders,Penrith Panthers,Penrith Panthers,1.74,2.07,1.74,2.07,1.74,2.07
2011|Rd 5|New Zealand Warriors|Sydney Roosters,Sydney Roosters,New Zealand Warriors,2.25,1.63,2.25,1.63,2.25,1.63
2011|Rd 5|NQ Cowboys|Gold Coast Titans,NQ Cowboys,NQ Cowboys,1.49,2.57,1.49,2.57,1.49,2.57
2011|Rd 5|Wests Tigers|South Sydney Rabbitohs,South Sydney Rabbitohs,Wests Tigers,2.29,1.6,2.29,1.6,2.29,1.6
2011|Rd 6|South Sydney Rabbitohs|St. George Illawarra Dragons,St. George Illawarra Dragons,St. George Illawarra Dragons,2.72,1.44,2.72,1.44,2.72,1.44
2011|Rd 6|Penrith Panthers|Melbourne Storm,Melbourne Storm,Melbourne Storm,2.58,1.49,2.58,1.49,2.58,1.49
2011|Rd 6|Newcastle Knights|Cronulla Sharks,Newcastle Knights,Newcastle Knights,1.4,2.89,1.4,2.89,1.4,2.89
2011|Rd 6|NQ Cowboys|Canberra Raiders,NQ Cowboys,NQ Cowboys,1.52,2.53,1.52,2.53,1.52,2.53
2011|Rd 6|Sydney Roosters|Brisbane Broncos,Sydney Roosters,Sydney Roosters,1.7,2.12,1.7,2.12,1.7,2.12
2011|Rd 6|Manly Sea Eagles|New Zealand Warriors,Manly Sea Eagles,Manly Sea Eagles,1.42,2.82,1.42,2.82,1.42,2.82
2011|Rd 6|Gold Coast Titans|Wests Tigers,Wests Tigers,Gold Coast Titans,2.06,1.75,2.06,1.75,2.06,1.75
2011|Rd 6|Parramatta Eels|Canterbury Bulldogs,Canterbury Bulldogs,Canterbury Bulldogs,2.58,1.49,2.58,1.49,2.58,1.49
2011|Rd 7|Melbourne Storm|New Zealand Warriors,Melbourne Storm,Melbourne Storm,1.24,3.8,1.24,3.8,1.24,3.8
2011|Rd 7|Sydney Roosters|St. George Illawarra Dragons,St. George Illawarra Dragons,St. George Illawarra Dragons,3.02,1.37,3.02,1.37,3.02,1.37
2011|Rd 7|Parramatta Eels|Gold Coast Titans,Gold Coast Titans,Gold Coast Titans,2.12,1.7,2.12,1.7,2.12,1.7
2011|Rd 7|Canberra Raiders|Newcastle Knights,Canberra Raiders,Newcastle Knights,1.6,2.29,1.6,2.29,1.6,2.29
2011|Rd 7|Canterbury Bulldogs|South Sydney Rabbitohs,Canterbury Bulldogs,Canterbury Bulldogs,1.54,2.43,1.54,2.43,1.54,2.43
2011|Rd 7|Cronulla Sharks|NQ Cowboys,Cronulla Sharks,NQ Cowboys,1.72,2.09,1.72,2.09,1.72,2.09
2011|Rd 7|Manly Sea Eagles|Penrith Panthers,Manly Sea Eagles,Manly Sea Eagles,1.35,3.11,1.35,3.11,1.35,3.11
2011|Rd 7|Wests Tigers|Brisbane Broncos,Wests Tigers,Wests Tigers,1.67,2.18,1.67,2.18,1.67,2.18
2011|Rd 8|St. George Illawarra Dragons|Parramatta Eels,St. George Illawarra Dragons,St. George Illawarra Dragons,1.14,5.12,1.14,5.12,1.14,5.12
2011|Rd 8|Canberra Raiders|Wests Tigers,Canberra Raiders,Wests Tigers,1.8,1.99,1.8,1.99,1.8,1.99
2011|Rd 8|New Zealand Warriors|Penrith Panthers,New Zealand Warriors,New Zealand Warriors,1.44,2.72,1.44,2.72,1.44,2.72
2011|Rd 8|Melbourne Storm|Newcastle Knights,Melbourne Storm,Melbourne Storm,1.36,3.06,1.36,3.06,1.36,3.06
2011|Rd 8|NQ Cowboys|Manly Sea Eagles,NQ Cowboys,Manly Sea Eagles,1.79,2.01,1.79,2.01,1.79,2.01
2011|Rd 8|Gold Coast Titans|Sydney Roosters,Gold Coast Titans,Gold Coast Titans,1.71,2.12,1.71,2.12,1.71,2.12
2011|Rd 8|Brisbane Broncos|Canterbury Bulldogs,Brisbane Broncos,Brisbane Broncos,1.7,2.14,1.7,2.14,1.7,2.14
2011|Rd 8|South Sydney Rabbitohs|Cronulla Sharks,South Sydney Rabbitohs,South Sydney Rabbitohs,1.38,3.01,1.38,3.01,1.38,3.01
2011|Rd 9|Manly Sea Eagles|Canberra Raiders,Manly Sea Eagles,Manly Sea Eagles,1.34,3.19,1.34,3.19,1.34,3.19
2011|Rd 9|St. George Illawarra Dragons|NQ Cowboys,St. George Illawarra Dragons,St. George Illawarra Dragons,1.47,2.63,1.47,2.63,1.47,2.63
2011|Rd 9|Gold Coast Titans|New Zealand Warriors,Gold Coast Titans,Gold Coast Titans,1.52,2.49,1.52,2.49,1.52,2.49
2011|Rd 9|Brisbane Broncos|Melbourne Storm,Melbourne Storm,Brisbane Broncos,2.66,1.47,2.66,1.47,2.66,1.47
2011|Rd 10|Gold Coast Titans|Manly Sea Eagles,Manly Sea Eagles,Manly Sea Eagles,2.44,1.54,2.44,1.54,2.44,1.54
2011|Rd 10|Cronulla Sharks|Sydney Roosters,Sydney Roosters,Sydney Roosters,2.64,1.46,2.64,1.46,2.64,1.46
2011|Rd 10|Newcastle Knights|New Zealand Warriors,Newcastle Knights,Newcastle Knights,1.71,2.09,1.71,2.09,1.71,2.09
2011|Rd 10|NQ Cowboys|Parramatta Eels,NQ Cowboys,NQ Cowboys,1.44,2.73,1.44,2.73,1.44,2.73
2011|Rd 10|South Sydney Rabbitohs|Wests Tigers,Wests Tigers,South Sydney Rabbitohs,3.1,1.35,3.1,1.35,3.1,1.35
2011|Rd 10|Melbourne Storm|Canberra Raiders,Melbourne Storm,Melbourne Storm,1.13,5.3,1.13,5.3,1.13,5.3
2011|Rd 10|Canterbury Bulldogs|St. George Illawarra Dragons,St. George Illawarra Dragons,St. George Illawarra Dragons,2.55,1.5,2.55,1.5,2.55,1.5
2011|Rd 10|Penrith Panthers|Brisbane Broncos,Brisbane Broncos,Brisbane Broncos,2.62,1.47,2.62,1.47,2.62,1.47
2011|Rd 11|Parramatta Eels|Cronulla Sharks,Parramatta Eels,Parramatta Eels,1.42,2.85,1.42,2.85,1.42,2.85
2011|Rd 11|Sydney Roosters|Newcastle Knights,Sydney Roosters,Sydney Roosters,1.78,2.04,1.78,2.04,1.78,2.04
2011|Rd 11|New Zealand Warriors|South Sydney Rabbitohs,New Zealand Warriors,New Zealand Warriors,1.37,3.03,1.37,3.03,1.37,3.03
2011|Rd 11|Wests Tigers|Penrith Panthers,Wests Tigers,Wests Tigers,1.33,3.25,1.33,3.25,1.33,3.25
2011|Rd 11|Canberra Raiders|Canterbury Bulldogs,Canterbury Bulldogs,Canterbury Bulldogs,2.46,1.55,2.46,1.55,2.46,1.55
2011|Rd 12|Penrith Panthers|South Sydney Rabbitohs,Penrith Panthers,Penrith Panthers,1.56,2.4,1.56,2.4,1.56,2.4
2011|Rd 12|St. George Illawarra Dragons|Wests Tigers,St. George Illawarra Dragons,St. George Illawarra Dragons,1.46,2.71,1.46,2.71,1.46,2.71
2011|Rd 12|Melbourne Storm|Cronulla Sharks,Melbourne Storm,Melbourne Storm,1.19,4.55,1.19,4.55,1.19,4.55
2011|Rd 12|NQ Cowboys|Sydney Roosters,NQ Cowboys,NQ Cowboys,1.46,2.72,1.46,2.72,1.46,2.72
2011|Rd 12|Newcastle Knights|Parramatta Eels,Newcastle Knights,Newcastle Knights,1.58,2.33,1.58,2.33,1.58,2.33
2011|Rd 12|Canterbury Bulldogs|Gold Coast Titans,Canterbury Bulldogs,Canterbury Bulldogs,1.46,2.7,1.46,2.7,1.46,2.7
2011|Rd 12|Manly Sea Eagles|Brisbane Broncos,Manly Sea Eagles,Manly Sea Eagles,1.5,2.58,1.5,2.58,1.5,2.58
2011|Rd 13|Wests Tigers|Newcastle Knights,Wests Tigers,Wests Tigers,1.31,3.38,1.31,3.38,1.31,3.38
2011|Rd 13|South Sydney Rabbitohs|Melbourne Storm,Melbourne Storm,Melbourne Storm,2.74,1.45,2.74,1.45,2.74,1.45
2011|Rd 13|Canberra Raiders|NQ Cowboys,Canberra Raiders,NQ Cowboys,1.55,2.45,1.55,2.45,1.55,2.45
2011|Rd 13|Canterbury Bulldogs|Manly Sea Eagles,Manly Sea Eagles,Canterbury Bulldogs,2.23,1.64,2.23,1.64,2.23,1.64
2011|Rd 13|Sydney Roosters|New Zealand Warriors,New Zealand Warriors,New Zealand Warriors,2.09,1.74,2.09,1.74,2.09,1.74
2011|Rd 13|Gold Coast Titans|Penrith Panthers,Gold Coast Titans,Gold Coast Titans,1.75,2.08,1.75,2.08,1.75,2.08
2011|Rd 13|Cronulla Sharks|Brisbane Broncos,Brisbane Broncos,Brisbane Broncos,2.69,1.47,2.69,1.47,2.69,1.47
2011|Rd 13|Parramatta Eels|St. George Illawarra Dragons,St. George Illawarra Dragons,St. George Illawarra Dragons,3.75,1.27,3.75,1.27,3.75,1.27
2011|Rd 14|Melbourne Storm|Sydney Roosters,Melbourne Storm,Melbourne Storm,1.7,2.13,1.7,2.13,1.7,2.13
2011|Rd 14|Brisbane Broncos|Canberra Raiders,Canberra Raiders,Brisbane Broncos,1.89,1.91,1.89,1.91,1.89,1.91
2011|Rd 14|New Zealand Warriors|Wests Tigers,New Zealand Warriors,New Zealand Warriors,1.52,2.5,1.52,2.5,1.52,2.5
2011|Rd 14|Manly Sea Eagles|NQ Cowboys,Manly Sea Eagles,Manly Sea Eagles,1.15,4.94,1.15,4.94,1.15,4.94
2011|Rd 14|St. George Illawarra Dragons|Gold Coast Titans,Gold Coast Titans,St. George Illawarra Dragons,1.85,1.94,1.85,1.94,1.85,1.94
2011|Rd 15|Manly Sea Eagles|Parramatta Eels,Manly Sea Eagles,Manly Sea Eagles,1.27,3.74,1.27,3.74,1.27,3.74
2011|Rd 15|Wests Tigers|Melbourne Storm,Wests Tigers,Melbourne Storm,1.68,2.17,1.68,2.17,1.68,2.17
2011|Rd 15|Canterbury Bulldogs|Cronulla Sharks,Canterbury Bulldogs,Canterbury Bulldogs,1.43,2.79,1.43,2.79,1.43,2.79
2011|Rd 15|NQ Cowboys|New Zealand Warriors,NQ Cowboys,NQ Cowboys,1.5,2.56,1.5,2.56,1.5,2.56
2011|Rd 15|Newcastle Knights|Penrith Panthers,Newcastle Knights,Newcastle Knights,1.52,2.52,1.52,2.52,1.52,2.52
2011|Rd 15|Brisbane Broncos|St. George Illawarra Dragons,St. George Illawarra Dragons,St. George Illawarra Dragons,1.9,1.89,1.9,1.89,1.9,1.89
2011|Rd 15|South Sydney Rabbitohs|Gold Coast Titans,South Sydney Rabbitohs,South Sydney Rabbitohs,1.69,2.16,1.69,2.16,1.69,2.16
2011|Rd 16|St. George Illawarra Dragons|Manly Sea Eagles,St. George Illawarra Dragons,St. George Illawarra Dragons,1.61,2.27,1.61,2.27,1.61,2.27
2011|Rd 16|Newcastle Knights|Sydney Roosters,Newcastle Knights,Newcastle Knights,1.63,2.27,1.63,2.27,1.63,2.27
2011|Rd 16|Penrith Panthers|NQ Cowboys,Penrith Panthers,Penrith Panthers,1.66,2.2,1.66,2.2,1.66,2.2
2011|Rd 16|New Zealand Warriors|Melbourne Storm,Melbourne Storm,Melbourne Storm,1.99,1.81,1.99,1.81,1.99,1.81
2011|Rd 16|Canberra Raiders|Parramatta Eels,Canberra Raiders,Canberra Raiders,1.64,2.24,1.64,2.24,1.64,2.24
2011|Rd 16|Gold Coast Titans|Cronulla Sharks,Gold Coast Titans,Gold Coast Titans,1.74,2.09,1.74,2.09,1.74,2.09
2011|Rd 16|South Sydney Rabbitohs|Brisbane Broncos,Brisbane Broncos,Brisbane Broncos,2.6,1.48,2.6,1.48,2.6,1.48
2011|Rd 16|Wests Tigers|Canterbury Bulldogs,Canterbury Bulldogs,Wests Tigers,2.35,1.58,2.35,1.58,2.35,1.58
2011|Rd 17|Sydney Roosters|Canberra Raiders,Canberra Raiders,Sydney Roosters,1.99,1.83,1.99,1.83,1.99,1.83
2011|Rd 17|St. George Illawarra Dragons|Newcastle Knights,St. George Illawarra Dragons,St. George Illawarra Dragons,1.69,2.15,1.69,2.15,1.69,2.15
2011|Rd 17|Cronulla Sharks|South Sydney Rabbitohs,South Sydney Rabbitohs,South Sydney Rabbitohs,2.06,1.78,2.06,1.78,2.06,1.78
2011|Rd 17|Penrith Panthers|Canterbury Bulldogs,Canterbury Bulldogs,Penrith Panthers,2.49,1.55,2.49,1.55,2.49,1.55
2011|Rd 17|Parramatta Eels|Brisbane Broncos,Parramatta Eels,Brisbane Broncos,1.59,2.37,1.59,2.37,1.59,2.37
2011|Rd 18|Newcastle Knights|NQ Cowboys,Newcastle Knights,Newcastle Knights,1.23,3.91,1.23,3.91,1.23,3.91
2011|Rd 18|Manly Sea Eagles|South Sydney Rabbitohs,Manly Sea Eagles,Manly Sea Eagles,1.3,3.45,1.3,3.45,1.3,3.45
2011|Rd 18|Sydney Roosters|Penrith Panthers,Penrith Panthers,Penrith Panthers,2.13,1.71,2.13,1.71,2.13,1.71
2011|Rd 18|Canterbury Bulldogs|Melbourne Storm,Melbourne Storm,Melbourne Storm,2.61,1.5,2.61,1.5,2.61,1.5
2011|Rd 18|Cronulla Sharks|Canberra Raiders,Cronulla Sharks,Cronulla Sharks,1.67,2.2,1.67,2.2,1.67,2.2
2011|Rd 18|Parramatta Eels|Wests Tigers,Wests Tigers,Wests Tigers,2.16,1.69,2.16,1.69,2.16,1.69
2011|Rd 18|New Zealand Warriors|Gold Coast Titans,New Zealand Warriors,New Zealand Warriors,1.3,3.51,1.3,3.51,1.3,3.51
2011|Rd 19|St. George Illawarra Dragons|Cronulla Sharks,St. George Illawarra Dragons,St. George Illawarra Dragons,1.3,3.4,1.3,3.4,1.3,3.4
2011|Rd 19|Newcastle Knights|Manly Sea Eagles,Manly Sea Eagles,Manly Sea Eagles,2.67,1.47,2.67,1.47,2.67,1.47
2011|Rd 19|Canberra Raiders|Melbourne Storm,Melbourne Storm,Melbourne Storm,2.36,1.59,2.36,1.59,2.36,1.59
2011|Rd 19|NQ Cowboys|Wests Tigers,Wests Tigers,NQ Cowboys,2.1,1.72,2.1,1.72,2.1,1.72
2011|Rd 19|Penrith Panthers|Parramatta Eels,Penrith Panthers,Penrith Panthers,1.65,2.24,1.65,2.24,1.65,2.24
2011|Rd 19|South Sydney Rabbitohs|Sydney Roosters,South Sydney Rabbitohs,South Sydney Rabbitohs,1.8,1.99,1.8,1.99,1.8,1.99
2011|Rd 19|Brisbane Broncos|Gold Coast Titans,Brisbane Broncos,Brisbane Broncos,1.21,4.24,1.21,4.24,1.21,4.24
2011|Rd 19|New Zealand Warriors|Canterbury Bulldogs,New Zealand Warriors,New Zealand Warriors,1.47,2.64,1.47,2.64,1.47,2.64
2011|Rd 20|Canberra Raiders|St. George Illawarra Dragons,St. George Illawarra Dragons,St. George Illawarra Dragons,3.06,1.37,3.06,1.37,3.06,1.37
2011|Rd 20|Penrith Panthers|Manly Sea Eagles,Manly Sea Eagles,Manly Sea Eagles,2.65,1.48,2.65,1.48,2.65,1.48
2011|Rd 20|South Sydney Rabbitohs|New Zealand Warriors,New Zealand Warriors,South Sydney Rabbitohs,2.03,1.78,2.03,1.78,2.03,1.78
2011|Rd 20|Cronulla Sharks|Newcastle Knights,Cronulla Sharks,Newcastle Knights,1.75,2.07,1.75,2.07,1.75,2.07
2011|Rd 20|Wests Tigers|Sydney Roosters,Wests Tigers,Wests Tigers,1.45,2.72,1.45,2.72,1.45,2.72
2011|Rd 20|Gold Coast Titans|NQ Cowboys,NQ Cowboys,NQ Cowboys,1.95,1.85,1.95,1.85,1.95,1.85
2011|Rd 20|Canterbury Bulldogs|Parramatta Eels,Parramatta Eels,Canterbury Bulldogs,2.05,1.77,2.05,1.77,2.05,1.77
2011|Rd 20|Melbourne Storm|Brisbane Broncos,Melbourne Storm,Melbourne Storm,1.51,2.54,1.51,2.54,1.51,2.54
2011|Rd 21|Parramatta Eels|Melbourne Storm,Melbourne Storm,Melbourne Storm,2.95,1.4,2.95,1.4,2.95,1.4
2011|Rd 21|St. George Illawarra Dragons|South Sydney Rabbitohs,St. George Illawarra Dragons,St. George Illawarra Dragons,1.16,4.94,1.16,4.94,1.16,4.94
2011|Rd 21|Newcastle Knights|Gold Coast Titans,Newcastle Knights,Newcastle Knights,1.35,3.19,1.35,3.19,1.35,3.19
2011|Rd 21|New Zealand Warriors|Canberra Raiders,New Zealand Warriors,New Zealand Warriors,1.39,2.95,1.39,2.95,1.39,2.95
2011|Rd 21|NQ Cowboys|Penrith Panthers,NQ Cowboys,NQ Cowboys,1.62,2.28,1.62,2.28,1.62,2.28
2011|Rd 21|Sydney Roosters|Canterbury Bulldogs,Sydney Roosters,Sydney Roosters,1.81,2.0,1.81,2.0,1.81,2.0
2011|Rd 21|Brisbane Broncos|Cronulla Sharks,Brisbane Broncos,Brisbane Broncos,1.19,4.49,1.19,4.49,1.19,4.49
2011|Rd 21|Manly Sea Eagles|Wests Tigers,Manly Sea Eagles,Manly Sea Eagles,1.45,2.75,1.45,2.75,1.45,2.75
2011|Rd 22|South Sydney Rabbitohs|Parramatta Eels,South Sydney Rabbitohs,South Sydney Rabbitohs,1.6,2.31,1.6,2.31,1.6,2.31
2011|Rd 22|Manly Sea Eagles|Sydney Roosters,Manly Sea Eagles,Manly Sea Eagles,1.25,3.79,1.25,3.79,1.25,3.79
2011|Rd 22|Newcastle Knights|Canberra Raiders,Newcastle Knights,Newcastle Knights,1.37,3.0,1.37,3.0,1.37,3.0
2011|Rd 22|Brisbane Broncos|New Zealand Warriors,Brisbane Broncos,Brisbane Broncos,1.44,2.71,1.44,2.71,1.44,2.71
2011|Rd 22|Cronulla Sharks|Gold Coast Titans,Cronulla Sharks,Cronulla Sharks,1.32,3.26,1.32,3.26,1.32,3.26
2011|Rd 22|Melbourne Storm|Penrith Panthers,Melbourne Storm,Melbourne Storm,1.17,4.62,1.17,4.62,1.17,4.62
2011|Rd 22|Canterbury Bulldogs|NQ Cowboys,NQ Cowboys,Canterbury Bulldogs,2.0,1.8,2.0,1.8,2.0,1.8
2011|Rd 22|Wests Tigers|St. George Illawarra Dragons,St. George Illawarra Dragons,St. George Illawarra Dragons,2.35,1.57,2.35,1.57,2.35,1.57
2011|Rd 23|Cronulla Sharks|Canterbury Bulldogs,Canterbury Bulldogs,Canterbury Bulldogs,2.19,1.66,2.19,1.66,2.19,1.66
2011|Rd 23|St. George Illawarra Dragons|Sydney Roosters,St. George Illawarra Dragons,St. George Illawarra Dragons,1.12,5.83,1.12,5.83,1.12,5.83
2011|Rd 23|Canberra Raiders|South Sydney Rabbitohs,South Sydney Rabbitohs,South Sydney Rabbitohs,2.22,1.64,2.22,1.64,2.22,1.64
2011|Rd 23|Gold Coast Titans|Melbourne Storm,Melbourne Storm,Melbourne Storm,6.38,1.1,6.38,1.1,6.38,1.1
2011|Rd 23|Parramatta Eels|Manly Sea Eagles,Manly Sea Eagles,Manly Sea Eagles,3.54,1.29,3.54,1.29,3.54,1.29
2011|Rd 23|New Zealand Warriors|Newcastle Knights,New Zealand Warriors,New Zealand Warriors,1.43,2.77,1.43,2.77,1.43,2.77
2011|Rd 23|NQ Cowboys|Brisbane Broncos,Brisbane Broncos,NQ Cowboys,2.03,1.78,2.03,1.78,2.03,1.78
2011|Rd 23|Penrith Panthers|Wests Tigers,Wests Tigers,Penrith Panthers,3.14,1.35,3.14,1.35,3.14,1.35
2011|Rd 24|Newcastle Knights|Brisbane Broncos,Brisbane Broncos,Brisbane Broncos,2.29,1.6,2.29,1.6,2.29,1.6
2011|Rd 24|Wests Tigers|Parramatta Eels,Wests Tigers,Wests Tigers,1.28,3.53,1.28,3.53,1.28,3.53
2011|Rd 24|Manly Sea Eagles|Canterbury Bulldogs,Manly Sea Eagles,Manly Sea Eagles,1.25,3.86,1.25,3.86,1.25,3.86
2011|Rd 24|Penrith Panthers|New Zealand Warriors,New Zealand Warriors,New Zealand Warriors,2.93,1.39,2.93,1.39,2.93,1.39
2011|Rd 24|Sydney Roosters|Cronulla Sharks,Sydney Roosters,Sydney Roosters,1.48,2.66,1.48,2.66,1.48,2.66
2011|Rd 24|Gold Coast Titans|Canberra Raiders,Gold Coast Titans,Gold Coast Titans,1.68,2.17,1.68,2.17,1.68,2.17
2011|Rd 24|Melbourne Storm|St. George Illawarra Dragons,Melbourne Storm,Melbourne Storm,1.64,2.23,1.64,2.23,1.64,2.23
2011|Rd 24|South Sydney Rabbitohs|NQ Cowboys,South Sydney Rabbitohs,South Sydney Rabbitohs,1.65,2.21,1.65,2.21,1.65,2.21
2011|Rd 25|Wests Tigers|Gold Coast Titans,Wests Tigers,Wests Tigers,1.05,7.86,1.05,7.86,1.05,7.86
2011|Rd 25|Brisbane Broncos|South Sydney Rabbitohs,Brisbane Broncos,Brisbane Broncos,1.52,2.52,1.52,2.52,1.52,2.52
2011|Rd 25|St. George Illawarra Dragons|New Zealand Warriors,St. George Illawarra Dragons,St. George Illawarra Dragons,1.47,2.65,1.47,2.65,1.47,2.65
2011|Rd 25|Canberra Raiders|Penrith Panthers,Canberra Raiders,Penrith Panthers,1.53,2.47,1.53,2.47,1.53,2.47
2011|Rd 25|NQ Cowboys|Cronulla Sharks,NQ Cowboys,NQ Cowboys,1.09,6.26,1.09,6.26,1.09,6.26
2011|Rd 25|Canterbury Bulldogs|Newcastle Knights,Canterbury Bulldogs,Canterbury Bulldogs,1.73,2.09,1.73,2.09,1.73,2.09
2011|Rd 25|Manly Sea Eagles|Melbourne Storm,Manly Sea Eagles,Manly Sea Eagles,1.58,2.36,1.58,2.36,1.58,2.36
2011|Rd 25|Parramatta Eels|Sydney Roosters,Parramatta Eels,Parramatta Eels,1.75,2.05,1.75,2.05,1.75,2.05
2011|Rd 26|Sydney Roosters|Melbourne Storm,Melbourne Storm,Melbourne Storm,2.78,1.44,2.78,1.44,2.78,1.44
2011|Rd 26|Brisbane Broncos|Manly Sea Eagles,Brisbane Broncos,Brisbane Broncos,1.21,4.16,1.21,4.16,1.21,4.16
2011|Rd 26|Canterbury Bulldogs|Canberra Raiders,Canterbury Bulldogs,Canterbury Bulldogs,1.29,3.51,1.29,3.51,1.29,3.51
2011|Rd 26|Cronulla Sharks|Wests Tigers,Wests Tigers,Wests Tigers,4.14,1.21,4.14,1.21,4.14,1.21
2011|Rd 26|Gold Coast Titans|Parramatta Eels,Parramatta Eels,Gold Coast Titans,2.01,1.79,2.01,1.79,2.01,1.79
2011|Rd 26|New Zealand Warriors|NQ Cowboys,New Zealand Warriors,New Zealand Warriors,1.44,2.72,1.44,2.72,1.44,2.72
2011|Rd 26|Newcastle Knights|South Sydney Rabbitohs,Newcastle Knights,Newcastle Knights,1.82,1.98,1.82,1.98,1.82,1.98
2011|Rd 26|St. George Illawarra Dragons|Penrith Panthers,St. George Illawarra Dragons,St. George Illawarra Dragons,1.18,4.68,1.18,4.68,1.18,4.68
2011|Grand Final|Manly Sea Eagles|New Zealand Warriors,,,,,,,,
2011|Prelim Final|Manly Sea Eagles|Brisbane Broncos,,,,,,,,
2011|Qualif Final|Wests Tigers|St. George Illawarra Dragons,,,,,,,,
2011|Semi Final|Wests Tigers|New Zealand Warriors,,,,,,,,
2011|Prelim Final|Melbourne Storm|New Zealand Warriors,,,,,,,,
2011|Qualif Final|Brisbane Broncos|New Zealand Warriors,,,,,,,,
2011|Semi Final|Brisbane Broncos|St. George Illawarra Dragons,,,,,,,,
2011|Qualif Final|Manly Sea Eagles|NQ Cowboys,,,,,,,,
2011|Qualif Final|Melbourne Storm|Newcastle Knights,,,,,,,,
2012|Rd 1|South Sydney Rabbitohs|Sydney Roosters,South Sydney Rabbitohs,South Sydney Rabbitohs,1.79,2.05,1.79,2.05,1.79,2.05
2012|Rd 1|Wests Tigers|Cronulla Sharks,Wests Tigers,Wests Tigers,1.45,2.81,1.45,2.81,1.45,2.81
2012|Rd 1|New Zealand Warriors|Manly Sea Eagles,New Zealand Warriors,New Zealand Warriors,1.67,2.23,1.67,2.23,1.67,2.23
2012|Rd 1|NQ Cowboys|Gold Coast Titans,NQ Cowboys,NQ Cowboys,1.48,2.7,1.48,2.7,1.48,2.7
2012|Rd 1|Penrith Panthers|Canterbury Bulldogs,Canterbury Bulldogs,Penrith Panthers,2.02,1.84,2.02,1.84,2.02,1.84
2012|Rd 1|Canberra Raiders|Melbourne Storm,Melbourne Storm,Melbourne Storm,2.44,1.57,2.44,1.57,2.44,1.57
2012|Rd 1|Parramatta Eels|Brisbane Broncos,Brisbane Broncos,Brisbane Broncos,2.43,1.57,2.43,1.57,2.43,1.57
2012|Rd 1|Newcastle Knights|St. George Illawarra Dragons,Newcastle Knights,St. George Illawarra Dragons,1.61,2.37,1.61,2.37,1.61,2.37
2012|Rd 2|Parramatta Eels|New Zealand Warriors,New Zealand Warriors,New Zealand Warriors,2.42,1.56,2.42,1.56,2.42,1.56
2012|Rd 2|Melbourne Storm|South Sydney Rabbitohs,Melbourne Storm,Melbourne Storm,1.43,2.84,1.43,2.84,1.43,2.84
2012|Rd 2|Sydney Roosters|Penrith Panthers,Sydney Roosters,Sydney Roosters,1.52,2.49,1.52,2.49,1.52,2.49
2012|Rd 2|Cronulla Sharks|Newcastle Knights,Newcastle Knights,Newcastle Knights,2.14,1.72,2.14,1.72,2.14,1.72
2012|Rd 2|Canterbury Bulldogs|St. George Illawarra Dragons,St. George Illawarra Dragons,St. George Illawarra Dragons,2.4,1.58,2.4,1.58,2.4,1.58
2012|Rd 2|Gold Coast Titans|Canberra Raiders,Gold Coast Titans,Gold Coast Titans,1.7,2.17,1.7,2.17,1.7,2.17
2012|Rd 2|Brisbane Broncos|NQ Cowboys,Brisbane Broncos,Brisbane Broncos,1.46,2.72,1.46,2.72,1.46,2.72
2012|Rd 2|Manly Sea Eagles|Wests Tigers,Wests Tigers,Manly Sea Eagles,1.99,1.84,1.99,1.84,1.99,1.84
2012|Rd 3|Cronulla Sharks|Manly Sea Eagles,Manly Sea Eagles,Manly Sea Eagles,2.75,1.44,2.75,1.44,2.75,1.44
2012|Rd 3|Penrith Panthers|South Sydney Rabbitohs,Penrith Panthers,Penrith Panthers,1.82,1.97,1.82,1.97,1.82,1.97
2012|Rd 3|Sydney Roosters|Canberra Raiders,Sydney Roosters,Sydney Roosters,1.83,1.97,1.83,1.97,1.83,1.97
2012|Rd 3|New Zealand Warriors|Canterbury Bulldogs,New Zealand Warriors,New Zealand Warriors,1.49,2.58,1.49,2.58,1.49,2.58
2012|Rd 3|NQ Cowboys|Parramatta Eels,NQ Cowboys,NQ Cowboys,1.34,3.26,1.34,3.26,1.34,3.26
2012|Rd 3|Gold Coast Titans|Melbourne Storm,Melbourne Storm,Melbourne Storm,3.01,1.38,3.01,1.38,3.01,1.38
2012|Rd 3|Newcastle Knights|Brisbane Broncos,Brisbane Broncos,Brisbane Broncos,1.92,1.9,1.92,1.9,1.92,1.9
2012|Rd 3|St. George Illawarra Dragons|Wests Tigers,St. George Illawarra Dragons,St. George Illawarra Dragons,1.83,1.99,1.83,1.99,1.83,1.99
2012|Rd 4|Wests Tigers|Canberra Raiders,Wests Tigers,Wests Tigers,1.4,2.99,1.4,2.99,1.4,2.99
2012|Rd 4|Canterbury Bulldogs|Newcastle Knights,Canterbury Bulldogs,Canterbury Bulldogs,1.45,2.75,1.45,2.75,1.45,2.75
2012|Rd 4|Melbourne Storm|Sydney Roosters,Melbourne Storm,Melbourne Storm,1.2,4.38,1.2,4.38,1.2,4.38
2012|Rd 4|NQ Cowboys|Cronulla Sharks,NQ Cowboys,NQ Cowboys,1.42,2.87,1.42,2.87,1.42,2.87
2012|Rd 4|St. George Illawarra Dragons|Manly Sea Eagles,St. George Illawarra Dragons,St. George Illawarra Dragons,1.69,2.18,1.69,2.18,1.69,2.18
2012|Rd 4|New Zealand Warriors|Gold Coast Titans,New Zealand Warriors,New Zealand Warriors,1.21,4.35,1.21,4.35,1.21,4.35
2012|Rd 4|South Sydney Rabbitohs|Brisbane Broncos,Brisbane Broncos,Brisbane Broncos,2.1,1.74,2.1,1.74,2.1,1.74
2012|Rd 4|Parramatta Eels|Penrith Panthers,Penrith Panthers,Penrith Panthers,2.08,1.77,2.08,1.77,2.08,1.77
2012|Rd 5|Canberra Raiders|NQ Cowboys,Canberra Raiders,Canberra Raiders,1.6,2.33,1.6,2.33,1.6,2.33
2012|Rd 5|Wests Tigers|South Sydney Rabbitohs,South Sydney Rabbitohs,Wests Tigers,2.45,1.53,2.45,1.53,2.45,1.53
2012|Rd 5|Gold Coast Titans|Canterbury Bulldogs,Canterbury Bulldogs,Canterbury Bulldogs,2.66,1.46,2.66,1.46,2.66,1.46
2012|Rd 5|Parramatta Eels|Manly Sea Eagles,Manly Sea Eagles,Manly Sea Eagles,2.69,1.45,2.69,1.45,2.69,1.45
2012|Rd 5|Sydney Roosters|New Zealand Warriors,New Zealand Warriors,New Zealand Warriors,3.42,1.3,3.42,1.3,3.42,1.3
2012|Rd 5|Penrith Panthers|Cronulla Sharks,Penrith Panthers,Penrith Panthers,1.72,2.1,1.72,2.1,1.72,2.1
2012|Rd 5|Brisbane Broncos|St. George Illawarra Dragons,Brisbane Broncos,Brisbane Broncos,1.55,2.43,1.55,2.43,1.55,2.43
2012|Rd 5|Melbourne Storm|Newcastle Knights,Melbourne Storm,Melbourne Storm,1.34,3.22,1.34,3.22,1.34,3.22
2012|Rd 6|Manly Sea Eagles|Penrith Panthers,Manly Sea Eagles,Manly Sea Eagles,1.43,2.79,1.43,2.79,1.43,2.79
2012|Rd 6|NQ Cowboys|Melbourne Storm,Melbourne Storm,Melbourne Storm,2.38,1.58,2.38,1.58,2.38,1.58
2012|Rd 6|Newcastle Knights|Parramatta Eels,Newcastle Knights,Newcastle Knights,1.43,2.83,1.43,2.83,1.43,2.83
2012|Rd 6|Canberra Raiders|New Zealand Warriors,New Zealand Warriors,New Zealand Warriors,2.14,1.71,2.14,1.71,2.14,1.71
2012|Rd 6|Cronulla Sharks|St. George Illawarra Dragons,St. George Illawarra Dragons,St. George Illawarra Dragons,2.19,1.67,2.19,1.67,2.19,1.67
2012|Rd 6|Gold Coast Titans|Sydney Roosters,Sydney Roosters,Sydney Roosters,2.11,1.73,2.11,1.73,2.11,1.73
2012|Rd 6|Wests Tigers|Brisbane Broncos,Brisbane Broncos,Brisbane Broncos,2.45,1.55,2.45,1.55,2.45,1.55
2012|Rd 6|South Sydney Rabbitohs|Canterbury Bulldogs,Canterbury Bulldogs,Canterbury Bulldogs,2.19,1.68,2.19,1.68,2.19,1.68
2012|Rd 7|Penrith Panthers|Wests Tigers,Wests Tigers,Penrith Panthers,2.44,1.57,2.44,1.57,2.44,1.57
2012|Rd 7|Cronulla Sharks|Parramatta Eels,Cronulla Sharks,Cronulla Sharks,1.44,2.76,1.44,2.76,1.44,2.76
2012|Rd 7|New Zealand Warriors|South Sydney Rabbitohs,New Zealand Warriors,New Zealand Warriors,1.56,2.42,1.56,2.42,1.56,2.42
2012|Rd 7|Manly Sea Eagles|Gold Coast Titans,Manly Sea Eagles,Manly Sea Eagles,1.19,4.62,1.19,4.62,1.19,4.62
2012|Rd 7|Sydney Roosters|NQ Cowboys,NQ Cowboys,Sydney Roosters,2.25,1.66,2.25,1.66,2.25,1.66
2012|Rd 7|Melbourne Storm|Canterbury Bulldogs,Melbourne Storm,Melbourne Storm,1.25,3.84,1.25,3.84,1.25,3.84
2012|Rd 7|Brisbane Broncos|Canberra Raiders,Brisbane Broncos,Brisbane Broncos,1.33,3.3,1.33,3.3,1.33,3.3
2012|Rd 7|St. George Illawarra Dragons|Newcastle Knights,St. George Illawarra Dragons,St. George Illawarra Dragons,1.56,2.44,1.56,2.44,1.56,2.44
2012|Rd 8|Newcastle Knights|Penrith Panthers,Newcastle Knights,Newcastle Knights,1.31,3.33,1.31,3.33,1.31,3.33
2012|Rd 8|Parramatta Eels|Wests Tigers,Wests Tigers,Wests Tigers,2.77,1.45,2.77,1.45,2.77,1.45
2012|Rd 8|Canberra Raiders|Cronulla Sharks,Cronulla Sharks,Canberra Raiders,1.93,1.9,1.93,1.9,1.93,1.9
2012|Rd 8|South Sydney Rabbitohs|NQ Cowboys,NQ Cowboys,South Sydney Rabbitohs,1.94,1.89,1.94,1.89,1.94,1.89
2012|Rd 8|Brisbane Broncos|Gold Coast Titans,Brisbane Broncos,Brisbane Broncos,1.2,4.48,1.2,4.48,1.2,4.48
2012|Rd 8|Canterbury Bulldogs|Manly Sea Eagles,Manly Sea Eagles,Canterbury Bulldogs,2.02,1.82,2.02,1.82,2.02,1.82
2012|Rd 8|Melbourne Storm|New Zealand Warriors,Melbourne Storm,Melbourne Storm,1.33,3.29,1.33,3.29,1.33,3.29
2012|Rd 8|St. George Illawarra Dragons|Sydney Roosters,St. George Illawarra Dragons,St. George Illawarra Dragons,1.39,2.98,1.39,2.98,1.39,2.98
2012|Rd 9|South Sydney Rabbitohs|Cronulla Sharks,South Sydney Rabbitohs,South Sydney Rabbitohs,1.77,2.06,1.77,2.06,1.77,2.06
2012|Rd 9|Sydney Roosters|Newcastle Knights,Sydney Roosters,Newcastle Knights,1.58,2.38,1.58,2.38,1.58,2.38
2012|Rd 9|Manly Sea Eagles|Canberra Raiders,Manly Sea Eagles,Manly Sea Eagles,1.19,4.54,1.19,4.54,1.19,4.54
2012|Rd 9|Gold Coast Titans|Wests Tigers,Wests Tigers,Wests Tigers,3.47,1.31,3.47,1.31,3.47,1.31
2012|Rd 9|Penrith Panthers|Melbourne Storm,Melbourne Storm,Melbourne Storm,5.72,1.13,5.72,1.13,5.72,1.13
2012|Rd 9|New Zealand Warriors|Brisbane Broncos,Brisbane Broncos,Brisbane Broncos,2.2,1.67,2.2,1.67,2.2,1.67
2012|Rd 9|NQ Cowboys|St. George Illawarra Dragons,NQ Cowboys,St. George Illawarra Dragons,1.61,2.33,1.61,2.33,1.61,2.33
2012|Rd 9|Parramatta Eels|Canterbury Bulldogs,Canterbury Bulldogs,Canterbury Bulldogs,2.75,1.45,2.75,1.45,2.75,1.45
2012|Rd 10|Penrith Panthers|St. George Illawarra Dragons,St. George Illawarra Dragons,St. George Illawarra Dragons,3.24,1.34,3.24,1.34,3.24,1.34
2012|Rd 10|Cronulla Sharks|Melbourne Storm,Melbourne Storm,Melbourne Storm,3.71,1.27,3.71,1.27,3.71,1.27
2012|Rd 10|Canberra Raiders|Parramatta Eels,Canberra Raiders,Canberra Raiders,1.4,2.97,1.4,2.97,1.4,2.97
2012|Rd 10|Newcastle Knights|NQ Cowboys,NQ Cowboys,Newcastle Knights,2.3,1.61,2.3,1.61,2.3,1.61
2012|Rd 10|New Zealand Warriors|Sydney Roosters,New Zealand Warriors,New Zealand Warriors,1.35,3.22,1.35,3.22,1.35,3.22
2012|Rd 10|Canterbury Bulldogs|Gold Coast Titans,Canterbury Bulldogs,Canterbury Bulldogs,1.3,3.53,1.3,3.53,1.3,3.53
2012|Rd 10|Brisbane Broncos|Manly Sea Eagles,Manly Sea Eagles,Brisbane Broncos,1.97,1.85,1.97,1.85,1.97,1.85
2012|Rd 11|Canterbury Bulldogs|Cronulla Sharks,Canterbury Bulldogs,Canterbury Bulldogs,1.42,2.9,1.42,2.9,1.42,2.9
2012|Rd 11|St. George Illawarra Dragons|South Sydney Rabbitohs,South Sydney Rabbitohs,St. George Illawarra Dragons,1.98,1.85,1.98,1.85,1.98,1.85
2012|Rd 11|Manly Sea Eagles|Sydney Roosters,Manly Sea Eagles,Manly Sea Eagles,1.45,2.78,1.45,2.78,1.45,2.78
2012|Rd 11|NQ Cowboys|Penrith Panthers,NQ Cowboys,NQ Cowboys,1.44,2.79,1.44,2.79,1.44,2.79
2012|Rd 11|Wests Tigers|New Zealand Warriors,New Zealand Warriors,Wests Tigers,1.96,1.87,1.96,1.87,1.96,1.87
2012|Rd 12|Sydney Roosters|Canterbury Bulldogs,Canterbury Bulldogs,Canterbury Bulldogs,2.4,1.58,2.4,1.58,2.4,1.58
2012|Rd 12|Wests Tigers|NQ Cowboys,Wests Tigers,Wests Tigers,1.61,2.34,1.61,2.34,1.61,2.34
2012|Rd 12|Penrith Panthers|Manly Sea Eagles,Manly Sea Eagles,Manly Sea Eagles,3.02,1.39,3.02,1.39,3.02,1.39
2012|Rd 12|St. George Illawarra Dragons|Parramatta Eels,St. George Illawarra Dragons,St. George Illawarra Dragons,1.39,3.04,1.39,3.04,1.39,3.04
2012|Rd 12|Newcastle Knights|Gold Coast Titans,Newcastle Knights,Newcastle Knights,1.51,2.57,1.51,2.57,1.51,2.57
2012|Rd 12|Melbourne Storm|Brisbane Broncos,Melbourne Storm,Melbourne Storm,1.42,2.91,1.42,2.91,1.42,2.91
2012|Rd 12|South Sydney Rabbitohs|Canberra Raiders,South Sydney Rabbitohs,South Sydney Rabbitohs,1.24,4.05,1.24,4.05,1.24,4.05
2012|Rd 13|Parramatta Eels|Cronulla Sharks,Cronulla Sharks,Cronulla Sharks,2.71,1.47,2.71,1.47,2.71,1.47
2012|Rd 13|Brisbane Broncos|Newcastle Knights,Brisbane Broncos,Brisbane Broncos,1.17,4.91,1.17,4.91,1.17,4.91
2012|Rd 13|New Zealand Warriors|Melbourne Storm,Melbourne Storm,Melbourne Storm,2.43,1.56,2.43,1.56,2.43,1.56
2012|Rd 13|Canterbury Bulldogs|South Sydney Rabbitohs,South Sydney Rabbitohs,Canterbury Bulldogs,2.01,1.8,2.01,1.8,2.01,1.8
2012|Rd 13|Canberra Raiders|Wests Tigers,Wests Tigers,Wests Tigers,2.73,1.46,2.73,1.46,2.73,1.46
2012|Rd 13|Gold Coast Titans|NQ Cowboys,NQ Cowboys,NQ Cowboys,2.22,1.67,2.22,1.67,2.22,1.67
2012|Rd 13|Manly Sea Eagles|St. George Illawarra Dragons,Manly Sea Eagles,Manly Sea Eagles,1.44,2.79,1.44,2.79,1.44,2.79
2012|Rd 14|Penrith Panthers|New Zealand Warriors,New Zealand Warriors,New Zealand Warriors,2.82,1.44,2.82,1.44,2.82,1.44
2012|Rd 14|Sydney Roosters|Brisbane Broncos,Sydney Roosters,Brisbane Broncos,1.65,2.25,1.65,2.25,1.65,2.25
2012|Rd 14|Cronulla Sharks|Gold Coast Titans,Cronulla Sharks,Cronulla Sharks,1.61,2.33,1.61,2.33,1.61,2.33
2012|Rd 14|Newcastle Knights|Canberra Raiders,Newcastle Knights,Newcastle Knights,1.54,2.5,1.54,2.5,1.54,2.5
2012|Rd 14|Melbourne Storm|Wests Tigers,Wests Tigers,Melbourne Storm,2.77,1.45,2.77,1.45,2.77,1.45
2012|Rd 15|Manly Sea Eagles|Melbourne Storm,Manly Sea Eagles,Melbourne Storm,1.58,2.39,1.58,2.39,1.58,2.39
2012|Rd 15|Wests Tigers|Sydney Roosters,Wests Tigers,Wests Tigers,1.37,3.05,1.37,3.05,1.37,3.05
2012|Rd 15|Gold Coast Titans|Penrith Panthers,Gold Coast Titans,Gold Coast Titans,1.49,2.62,1.49,2.62,1.49,2.62
2012|Rd 15|Parramatta Eels|South Sydney Rabbitohs,South Sydney Rabbitohs,South Sydney Rabbitohs,2.62,1.49,2.62,1.49,2.62,1.49
2012|Rd 15|Cronulla Sharks|New Zealand Warriors,New Zealand Warriors,New Zealand Warriors,2.31,1.63,2.31,1.63,2.31,1.63
2012|Rd 15|NQ Cowboys|Brisbane Broncos,NQ Cowboys,Brisbane Broncos,1.72,2.15,1.72,2.15,1.72,2.15
2012|Rd 15|St. George Illawarra Dragons|Canterbury Bulldogs,Canterbury Bulldogs,St. George Illawarra Dragons,2.27,1.64,2.27,1.64,2.27,1.64
2012|Rd 16|Newcastle Knights|Wests Tigers,Wests Tigers,Wests Tigers,2.79,1.44,2.79,1.44,2.79,1.44
2012|Rd 16|Sydney Roosters|Manly Sea Eagles,Manly Sea Eagles,Manly Sea Eagles,2.57,1.51,2.57,1.51,2.57,1.51
2012|Rd 16|Canterbury Bulldogs|Melbourne Storm,Melbourne Storm,Melbourne Storm,2.21,1.68,2.21,1.68,2.21,1.68
2012|Rd 16|Penrith Panthers|Parramatta Eels,Penrith Panthers,Penrith Panthers,1.67,2.21,1.67,2.21,1.67,2.21
2012|Rd 16|NQ Cowboys|Canberra Raiders,NQ Cowboys,NQ Cowboys,1.25,3.88,1.25,3.88,1.25,3.88
2012|Rd 16|Brisbane Broncos|South Sydney Rabbitohs,Brisbane Broncos,Brisbane Broncos,1.44,2.79,1.44,2.79,1.44,2.79
2012|Rd 16|St. George Illawarra Dragons|Gold Coast Titans,St. George Illawarra Dragons,St. George Illawarra Dragons,1.45,2.78,1.45,2.78,1.45,2.78
2012|Rd 17|Canberra Raiders|St. George Illawarra Dragons,St. George Illawarra Dragons,St. George Illawarra Dragons,2.37,1.59,2.37,1.59,2.37,1.59
2012|Rd 17|South Sydney Rabbitohs|Penrith Panthers,South Sydney Rabbitohs,South Sydney Rabbitohs,1.19,4.64,1.19,4.64,1.19,4.64
2012|Rd 17|New Zealand Warriors|NQ Cowboys,New Zealand Warriors,New Zealand Warriors,1.17,4.86,1.17,4.86,1.17,4.86
2012|Rd 17|Parramatta Eels|Newcastle Knights,Newcastle Knights,Newcastle Knights,2.09,1.75,2.09,1.75,2.09,1.75
2012|Rd 17|Brisbane Broncos|Cronulla Sharks,Brisbane Broncos,Brisbane Broncos,1.56,2.43,1.56,2.43,1.56,2.43
2012|Rd 18|Cronulla Sharks|Sydney Roosters,Cronulla Sharks,Cronulla Sharks,1.5,2.61,1.5,2.61,1.5,2.61
2012|Rd 18|Manly Sea Eagles|Parramatta Eels,Manly Sea Eagles,Manly Sea Eagles,1.13,5.57,1.13,5.57,1.13,5.57
2012|Rd 18|South Sydney Rabbitohs|Newcastle Knights,South Sydney Rabbitohs,South Sydney Rabbitohs,1.25,3.92,1.25,3.92,1.25,3.92
2012|Rd 18|Gold Coast Titans|New Zealand Warriors,New Zealand Warriors,New Zealand Warriors,2.69,1.47,2.69,1.47,2.69,1.47
2012|Rd 18|Melbourne Storm|Canberra Raiders,Melbourne Storm,Melbourne Storm,1.21,4.4,1.21,4.4,1.21,4.4
2012|Rd 18|Wests Tigers|Canterbury Bulldogs,Canterbury Bulldogs,Wests Tigers,2.77,1.45,2.77,1.45,2.77,1.45
2012|Rd 19|Sydney Roosters|South Sydney Rabbitohs,South Sydney Rabbitohs,South Sydney Rabbitohs,3.61,1.29,3.61,1.29,3.61,1.29
2012|Rd 19|St. George Illawarra Dragons|Cronulla Sharks,St. George Illawarra Dragons,St. George Illawarra Dragons,1.63,2.29,1.63,2.29,1.63,2.29
2012|Rd 19|Canberra Raiders|Gold Coast Titans,Canberra Raiders,Canberra Raiders,1.48,2.66,1.48,2.66,1.48,2.66
2012|Rd 19|Wests Tigers|Penrith Panthers,Wests Tigers,Wests Tigers,1.25,3.94,1.25,3.94,1.25,3.94
2012|Rd 19|Melbourne Storm|NQ Cowboys,Melbourne Storm,Melbourne Storm,1.45,2.77,1.45,2.77,1.45,2.77
2012|Rd 19|Newcastle Knights|Manly Sea Eagles,Manly Sea Eagles,Manly Sea Eagles,3.13,1.37,3.13,1.37,3.13,1.37
2012|Rd 19|Brisbane Broncos|New Zealand Warriors,Brisbane Broncos,Brisbane Broncos,1.44,2.79,1.44,2.79,1.44,2.79
2012|Rd 19|Canterbury Bulldogs|Parramatta Eels,Canterbury Bulldogs,Canterbury Bulldogs,1.11,6.54,1.11,6.54,1.11,6.54
2012|Rd 20|NQ Cowboys|Wests Tigers,NQ Cowboys,NQ Cowboys,1.59,2.38,1.59,2.38,1.59,2.38
2012|Rd 20|Penrith Panthers|Sydney Roosters,Penrith Panthers,Penrith Panthers,1.76,2.09,1.76,2.09,1.76,2.09
2012|Rd 20|Cronulla Sharks|Canberra Raiders,Cronulla Sharks,Cronulla Sharks,1.46,2.76,1.46,2.76,1.46,2.76
2012|Rd 20|Parramatta Eels|Melbourne Storm,Melbourne Storm,Melbourne Storm,3.71,1.28,3.71,1.28,3.71,1.28
2012|Rd 20|South Sydney Rabbitohs|St. George Illawarra Dragons,South Sydney Rabbitohs,South Sydney Rabbitohs,1.58,2.39,1.58,2.39,1.58,2.39
2012|Rd 20|New Zealand Warriors|Newcastle Knights,New Zealand Warriors,New Zealand Warriors,1.25,3.88,1.25,3.88,1.25,3.88
2012|Rd 20|Gold Coast Titans|Brisbane Broncos,Brisbane Broncos,Brisbane Broncos,2.76,1.46,2.76,1.46,2.76,1.46
2012|Rd 20|Manly Sea Eagles|Canterbury Bulldogs,Manly Sea Eagles,Manly Sea Eagles,1.71,2.15,1.71,2.15,1.71,2.15
2012|Rd 21|Brisbane Broncos|Parramatta Eels,Brisbane Broncos,Brisbane Broncos,1.28,3.74,1.28,3.74,1.28,3.74
2012|Rd 21|South Sydney Rabbitohs|Wests Tigers,South Sydney Rabbitohs,South Sydney Rabbitohs,1.31,3.51,1.31,3.51,1.31,3.51
2012|Rd 21|Canberra Raiders|Newcastle Knights,Canberra Raiders,Canberra Raiders,1.6,2.37,1.6,2.37,1.6,2.37
2012|Rd 21|Cronulla Sharks|Penrith Panthers,Cronulla Sharks,Cronulla Sharks,1.58,2.44,1.58,2.44,1.58,2.44
2012|Rd 21|Manly Sea Eagles|New Zealand Warriors,Manly Sea Eagles,Manly Sea Eagles,1.47,2.68,1.47,2.68,1.47,2.68
2012|Rd 21|Canterbury Bulldogs|NQ Cowboys,Canterbury Bulldogs,Canterbury Bulldogs,1.58,2.4,1.58,2.4,1.58,2.4
2012|Rd 21|St. George Illawarra Dragons|Melbourne Storm,Melbourne Storm,Melbourne Storm,2.82,1.43,2.82,1.43,2.82,1.43
2012|Rd 21|Sydney Roosters|Gold Coast Titans,Gold Coast Titans,Sydney Roosters,2.22,1.66,2.22,1.66,2.22,1.66
2012|Rd 22|Wests Tigers|Parramatta Eels,Wests Tigers,Wests Tigers,1.53,2.53,1.53,2.53,1.53,2.53
2012|Rd 22|Gold Coast Titans|South Sydney Rabbitohs,South Sydney Rabbitohs,South Sydney Rabbitohs,2.2,1.68,2.2,1.68,2.2,1.68
2012|Rd 22|Canberra Raiders|Brisbane Broncos,Brisbane Broncos,Brisbane Broncos,2.22,1.66,2.22,1.66,2.22,1.66
2012|Rd 22|New Zealand Warriors|Cronulla Sharks,New Zealand Warriors,New Zealand Warriors,1.47,2.7,1.47,2.7,1.47,2.7
2012|Rd 22|NQ Cowboys|Manly Sea Eagles,NQ Cowboys,NQ Cowboys,1.72,2.13,1.72,2.13,1.72,2.13
2012|Rd 22|Newcastle Knights|Canterbury Bulldogs,Canterbury Bulldogs,Canterbury Bulldogs,2.41,1.58,2.41,1.58,2.41,1.58
2012|Rd 22|Melbourne Storm|Penrith Panthers,Melbourne Storm,Melbourne Storm,1.24,4.07,1.24,4.07,1.24,4.07
2012|Rd 22|Sydney Roosters|St. George Illawarra Dragons,St. George Illawarra Dragons,St. George Illawarra Dragons,2.49,1.54,2.49,1.54,2.49,1.54
2012|Rd 23|Newcastle Knights|Cronulla Sharks,Newcastle Knights,Newcastle Knights,1.76,2.07,1.76,2.07,1.76,2.07
2012|Rd 23|Canterbury Bulldogs|Brisbane Broncos,Canterbury Bulldogs,Canterbury Bulldogs,1.31,3.5,1.31,3.5,1.31,3.5
2012|Rd 23|Penrith Panthers|Canberra Raiders,Canberra Raiders,Penrith Panthers,2.04,1.79,2.04,1.79,2.04,1.79
2012|Rd 23|NQ Cowboys|New Zealand Warriors,NQ Cowboys,NQ Cowboys,1.34,3.26,1.34,3.26,1.34,3.26
2012|Rd 23|Wests Tigers|St. George Illawarra Dragons,Wests Tigers,Wests Tigers,1.57,2.41,1.57,2.41,1.57,2.41
2012|Rd 23|Parramatta Eels|Sydney Roosters,Sydney Roosters,Sydney Roosters,1.98,1.84,1.98,1.84,1.98,1.84
2012|Rd 23|Melbourne Storm|Gold Coast Titans,Melbourne Storm,Melbourne Storm,1.32,3.41,1.32,3.41,1.32,3.41
2012|Rd 23|South Sydney Rabbitohs|Manly Sea Eagles,South Sydney Rabbitohs,South Sydney Rabbitohs,1.85,1.98,1.85,1.98,1.85,1.98
2012|Rd 24|St. George Illawarra Dragons|NQ Cowboys,NQ Cowboys,St. George Illawarra Dragons,2.39,1.58,2.39,1.58,2.39,1.58
2012|Rd 24|Manly Sea Eagles|Newcastle Knights,Manly Sea Eagles,Manly Sea Eagles,1.36,3.18,1.36,3.18,1.36,3.18
2012|Rd 24|Gold Coast Titans|Parramatta Eels,Gold Coast Titans,Gold Coast Titans,1.39,3.03,1.39,3.03,1.39,3.03
2012|Rd 24|New Zealand Warriors|Penrith Panthers,New Zealand Warriors,New Zealand Warriors,1.36,3.16,1.36,3.16,1.36,3.16
2012|Rd 24|Cronulla Sharks|South Sydney Rabbitohs,South Sydney Rabbitohs,South Sydney Rabbitohs,2.71,1.47,2.71,1.47,2.71,1.47
2012|Rd 24|Canberra Raiders|Sydney Roosters,Canberra Raiders,Canberra Raiders,1.39,3.01,1.39,3.01,1.39,3.01
2012|Rd 24|Brisbane Broncos|Melbourne Storm,Melbourne Storm,Melbourne Storm,2.38,1.59,2.38,1.59,2.38,1.59
2012|Rd 24|Canterbury Bulldogs|Wests Tigers,Canterbury Bulldogs,Canterbury Bulldogs,1.43,2.86,1.43,2.86,1.43,2.86
2012|Rd 25|Melbourne Storm|Cronulla Sharks,Melbourne Storm,Melbourne Storm,1.35,3.17,1.35,3.17,1.35,3.17
2012|Rd 25|South Sydney Rabbitohs|Parramatta Eels,South Sydney Rabbitohs,South Sydney Rabbitohs,1.16,5.0,1.16,5.0,1.16,5.0
2012|Rd 25|Sydney Roosters|Wests Tigers,Wests Tigers,Wests Tigers,2.48,1.54,2.48,1.54,2.48,1.54
2012|Rd 25|NQ Cowboys|Newcastle Knights,NQ Cowboys,NQ Cowboys,1.31,3.4,1.31,3.4,1.31,3.4
2012|Rd 25|St. George Illawarra Dragons|New Zealand Warriors,St. George Illawarra Dragons,St. George Illawarra Dragons,1.48,2.61,1.48,2.61,1.48,2.61
2012|Rd 25|Penrith Panthers|Gold Coast Titans,Gold Coast Titans,Penrith Panthers,2.4,1.57,2.4,1.57,2.4,1.57
2012|Rd 25|Canberra Raiders|Canterbury Bulldogs,Canterbury Bulldogs,Canterbury Bulldogs,2.5,1.53,2.5,1.53,2.5,1.53
2012|Rd 25|Manly Sea Eagles|Brisbane Broncos,Manly Sea Eagles,Manly Sea Eagles,1.45,2.76,1.45,2.76,1.45,2.76
2012|Rd 26|Parramatta Eels|St. George Illawarra Dragons,St. George Illawarra Dragons,St. George Illawarra Dragons,2.0,1.83,2.0,1.83,2.0,1.83
2012|Rd 26|Cronulla Sharks|NQ Cowboys,Cronulla Sharks,NQ Cowboys,1.51,2.59,1.51,2.59,1.51,2.59
2012|Rd 26|New Zealand Warriors|Canberra Raiders,Canberra Raiders,New Zealand Warriors,2.38,1.59,2.38,1.59,2.38,1.59
2012|Rd 26|Canterbury Bulldogs|Sydney Roosters,Canterbury Bulldogs,Canterbury Bulldogs,1.16,5.12,1.16,5.12,1.16,5.12
2012|Rd 26|Wests Tigers|Melbourne Storm,Melbourne Storm,Melbourne Storm,2.39,1.6,2.39,1.6,2.39,1.6
2012|Rd 26|Gold Coast Titans|Manly Sea Eagles,Manly Sea Eagles,Manly Sea Eagles,4.26,1.22,4.26,1.22,4.26,1.22
2012|Rd 26|Brisbane Broncos|Penrith Panthers,Brisbane Broncos,Brisbane Broncos,1.19,4.54,1.19,4.54,1.19,4.54
2012|Rd 26|Newcastle Knights|South Sydney Rabbitohs,South Sydney Rabbitohs,Newcastle Knights,2.36,1.59,2.36,1.59,2.36,1.59
2012|Grand Final|Canterbury Bulldogs|Melbourne Storm,,,,,,,,
2012|Prelim Final|Melbourne Storm|Manly Sea Eagles,,,,,,,,
2012|Qualif Final|Canterbury Bulldogs|Manly Sea Eagles,,,,,,,,
2012|Semi Final|Manly Sea Eagles|NQ Cowboys,,,,,,,,
2012|Prelim Final|Canterbury Bulldogs|South Sydney Rabbitohs,,,,,,,,
2012|Qualif Final|Melbourne Storm|South Sydney Rabbitohs,,,,,,,,
2012|Semi Final|South Sydney Rabbitohs|Canberra Raiders,,,,,,,,
2012|Qualif Final|NQ Cowboys|Brisbane Broncos,,,,,,,,
2012|Qualif Final|Canberra Raiders|Cronulla Sharks,,,,,,,,
2013|Rd 1|Newcastle Knights|Wests Tigers,Newcastle Knights,Newcastle Knights,1.47,2.69,1.56,2.61,1.47,2.93
2013|Rd 1|Cronulla Sharks|Gold Coast Titans,Cronulla Sharks,Cronulla Sharks,1.54,2.62,1.49,2.82,1.51,2.76
2013|Rd 1|Melbourne Storm|St. George Illawarra Dragons,Melbourne Storm,Melbourne Storm,1.23,4.2,1.28,4.08,1.23,4.73
2013|Rd 1|Penrith Panthers|Canberra Raiders,Canberra Raiders,Penrith Panthers,1.94,1.9,1.88,2.02,2.29,1.7
2013|Rd 1|Canterbury Bulldogs|NQ Cowboys,NQ Cowboys,Canterbury Bulldogs,2.09,1.78,1.89,2.02,2.32,1.68
2013|Rd 1|Parramatta Eels|New Zealand Warriors,Parramatta Eels,New Zealand Warriors,1.78,2.07,1.68,2.32,1.91,2.0
2013|Rd 1|Brisbane Broncos|Manly Sea Eagles,Brisbane Broncos,Brisbane Broncos,1.58,2.44,1.7,2.29,1.54,2.66
2013|Rd 1|Sydney Roosters|South Sydney Rabbitohs,South Sydney Rabbitohs,South Sydney Rabbitohs,2.33,1.61,2.29,1.7,2.49,1.61
2013|Rd 2|South Sydney Rabbitohs|Cronulla Sharks,South Sydney Rabbitohs,South Sydney Rabbitohs,1.29,3.63,1.41,3.18,1.27,4.18
2013|Rd 2|Manly Sea Eagles|Newcastle Knights,Manly Sea Eagles,Manly Sea Eagles,1.69,2.22,1.73,2.24,1.63,2.44
2013|Rd 2|Wests Tigers|Penrith Panthers,Wests Tigers,Wests Tigers,1.68,2.21,1.73,2.24,1.65,2.38
2013|Rd 2|Gold Coast Titans|Canberra Raiders,Gold Coast Titans,Gold Coast Titans,1.43,2.83,1.51,2.75,1.47,2.89
2013|Rd 2|NQ Cowboys|Melbourne Storm,NQ Cowboys,Melbourne Storm,1.86,1.98,2.02,1.88,1.88,2.02
2013|Rd 2|New Zealand Warriors|Sydney Roosters,Sydney Roosters,New Zealand Warriors,2.22,1.68,2.22,1.74,2.47,1.61
2013|Rd 2|St. George Illawarra Dragons|Brisbane Broncos,Brisbane Broncos,St. George Illawarra Dragons,2.14,1.73,2.2,1.75,2.14,1.79
2013|Rd 2|Parramatta Eels|Canterbury Bulldogs,Canterbury Bulldogs,Canterbury Bulldogs,2.28,1.64,2.27,1.71,2.2,1.76
2013|Rd 3|Newcastle Knights|NQ Cowboys,NQ Cowboys,Newcastle Knights,2.3,1.65,2.0,1.91,2.45,1.62
2013|Rd 3|Canberra Raiders|St. George Illawarra Dragons,Canberra Raiders,Canberra Raiders,1.61,2.35,1.66,2.37,1.78,2.17
2013|Rd 3|Penrith Panthers|South Sydney Rabbitohs,South Sydney Rabbitohs,South Sydney Rabbitohs,4.24,1.22,4.34,1.26,4.58,1.24
2013|Rd 3|Cronulla Sharks|New Zealand Warriors,Cronulla Sharks,Cronulla Sharks,1.39,3.03,1.47,2.93,1.37,3.37
2013|Rd 3|Sydney Roosters|Brisbane Broncos,Sydney Roosters,Brisbane Broncos,1.47,2.71,1.61,2.47,1.51,2.76
2013|Rd 3|Gold Coast Titans|Manly Sea Eagles,Manly Sea Eagles,Manly Sea Eagles,2.32,1.61,2.44,1.63,2.44,1.63
2013|Rd 3|Wests Tigers|Parramatta Eels,Wests Tigers,Wests Tigers,1.72,2.16,1.72,2.25,1.81,2.11
2013|Rd 3|Melbourne Storm|Canterbury Bulldogs,Melbourne Storm,Melbourne Storm,1.22,4.32,1.26,4.34,1.24,4.55
2013|Rd 4|Sydney Roosters|Parramatta Eels,Sydney Roosters,Sydney Roosters,1.37,3.13,1.48,2.88,1.36,3.48
2013|Rd 4|New Zealand Warriors|NQ Cowboys,NQ Cowboys,NQ Cowboys,2.79,1.45,3.01,1.44,2.78,1.51
2013|Rd 4|Newcastle Knights|Canberra Raiders,Newcastle Knights,Newcastle Knights,1.36,3.12,1.47,2.93,1.34,3.56
2013|Rd 4|Penrith Panthers|Gold Coast Titans,Gold Coast Titans,Penrith Panthers,2.27,1.65,2.27,1.71,2.26,1.72
2013|Rd 4|Cronulla Sharks|St. George Illawarra Dragons,Cronulla Sharks,Cronulla Sharks,1.33,3.37,1.45,2.97,1.33,3.64
2013|Rd 4|Brisbane Broncos|Melbourne Storm,Melbourne Storm,Melbourne Storm,3.26,1.36,3.48,1.36,3.81,1.31
2013|Rd 4|Canterbury Bulldogs|South Sydney Rabbitohs,South Sydney Rabbitohs,Canterbury Bulldogs,2.0,1.83,2.02,1.88,2.0,1.91
2013|Rd 4|Manly Sea Eagles|Wests Tigers,Manly Sea Eagles,Manly Sea Eagles,1.38,3.15,1.44,3.01,1.36,3.48
2013|Rd 5|Melbourne Storm|Wests Tigers,Melbourne Storm,Melbourne Storm,1.15,5.37,1.17,5.98,1.14,6.69
2013|Rd 5|Canberra Raiders|Sydney Roosters,Sydney Roosters,Canberra Raiders,2.81,1.46,2.76,1.51,3.49,1.35
2013|Rd 5|St. George Illawarra Dragons|Newcastle Knights,Newcastle Knights,St. George Illawarra Dragons,2.25,1.66,2.31,1.69,2.23,1.74
2013|Rd 5|New Zealand Warriors|South Sydney Rabbitohs,South Sydney Rabbitohs,South Sydney Rabbitohs,3.18,1.36,3.39,1.37,3.77,1.32
2013|Rd 5|NQ Cowboys|Penrith Panthers,NQ Cowboys,NQ Cowboys,1.21,4.44,1.29,3.97,1.22,4.82
2013|Rd 5|Parramatta Eels|Cronulla Sharks,Cronulla Sharks,Cronulla Sharks,2.51,1.55,2.62,1.56,2.4,1.65
2013|Rd 5|Gold Coast Titans|Brisbane Broncos,Gold Coast Titans,Gold Coast Titans,1.56,2.41,1.61,2.47,1.57,2.58
2013|Rd 5|Canterbury Bulldogs|Manly Sea Eagles,Manly Sea Eagles,Manly Sea Eagles,2.05,1.8,2.0,1.91,2.05,1.86
2013|Rd 6|Gold Coast Titans|Parramatta Eels,Gold Coast Titans,Gold Coast Titans,1.63,2.32,1.69,2.31,1.58,2.54
2013|Rd 6|Wests Tigers|St. George Illawarra Dragons,St. George Illawarra Dragons,Wests Tigers,2.5,1.55,2.49,1.61,2.52,1.6
2013|Rd 6|Manly Sea Eagles|Cronulla Sharks,Manly Sea Eagles,Manly Sea Eagles,1.19,4.66,1.25,4.42,1.19,5.46
2013|Rd 6|Canberra Raiders|New Zealand Warriors,Canberra Raiders,Canberra Raiders,1.49,2.69,1.44,3.01,1.56,2.62
2013|Rd 6|South Sydney Rabbitohs|Melbourne Storm,South Sydney Rabbitohs,Melbourne Storm,1.84,2.0,2.2,1.75,1.9,2.01
2013|Rd 6|Newcastle Knights|Penrith Panthers,Newcastle Knights,Newcastle Knights,1.15,5.23,1.2,5.23,1.17,5.98
2013|Rd 6|Brisbane Broncos|NQ Cowboys,Brisbane Broncos,Brisbane Broncos,1.8,2.07,2.03,1.88,1.7,2.29
2013|Rd 6|Sydney Roosters|Canterbury Bulldogs,Sydney Roosters,Canterbury Bulldogs,1.62,2.32,1.61,2.47,1.65,2.39
2013|Rd 7|Penrith Panthers|Parramatta Eels,Parramatta Eels,Penrith Panthers,2.21,1.69,1.95,1.95,2.44,1.63
2013|Rd 7|Cronulla Sharks|Canterbury Bulldogs,Canterbury Bulldogs,Canterbury Bulldogs,2.04,1.8,2.0,1.91,2.12,1.81
2013|Rd 7|Gold Coast Titans|Newcastle Knights,Gold Coast Titans,Gold Coast Titans,1.63,2.31,1.81,2.11,1.64,2.42
2013|Rd 7|Wests Tigers|Brisbane Broncos,Brisbane Broncos,Brisbane Broncos,2.67,1.47,2.71,1.53,2.97,1.45
2013|Rd 7|NQ Cowboys|Canberra Raiders,NQ Cowboys,NQ Cowboys,1.25,3.92,1.36,3.44,1.28,4.14
2013|Rd 7|Manly Sea Eagles|South Sydney Rabbitohs,Manly Sea Eagles,Manly Sea Eagles,1.61,2.33,1.75,2.2,1.61,2.49
2013|Rd 7|Melbourne Storm|New Zealand Warriors,Melbourne Storm,Melbourne Storm,1.15,5.34,1.17,5.8,1.15,6.35
2013|Rd 7|Sydney Roosters|St. George Illawarra Dragons,Sydney Roosters,Sydney Roosters,1.32,3.43,1.37,3.39,1.29,3.97
2013|Rd 8|St. George Illawarra Dragons|Manly Sea Eagles,Manly Sea Eagles,Manly Sea Eagles,2.64,1.49,2.75,1.51,2.67,1.54
2013|Rd 8|Sydney Roosters|Penrith Panthers,Sydney Roosters,Sydney Roosters,1.12,5.97,1.16,6.16,1.12,7.55
2013|Rd 8|Newcastle Knights|Cronulla Sharks,Newcastle Knights,Newcastle Knights,1.32,3.48,1.39,3.27,1.36,3.49
2013|Rd 8|New Zealand Warriors|Gold Coast Titans,New Zealand Warriors,New Zealand Warriors,1.48,2.68,1.51,2.75,1.5,2.8
2013|Rd 8|Parramatta Eels|NQ Cowboys,NQ Cowboys,NQ Cowboys,2.92,1.41,3.01,1.44,2.86,1.48
2013|Rd 8|Melbourne Storm|Canberra Raiders,Melbourne Storm,Melbourne Storm,1.13,5.76,1.16,6.16,1.15,6.52
2013|Rd 8|Brisbane Broncos|South Sydney Rabbitohs,South Sydney Rabbitohs,Brisbane Broncos,2.71,1.47,2.36,1.67,2.84,1.49
2013|Rd 8|Canterbury Bulldogs|Wests Tigers,Canterbury Bulldogs,Canterbury Bulldogs,1.17,5.0,1.22,4.97,1.21,5.04
2013|Rd 9|Manly Sea Eagles|Sydney Roosters,Sydney Roosters,Manly Sea Eagles,2.11,1.75,1.91,2.0,2.2,1.75
2013|Rd 9|Penrith Panthers|Melbourne Storm,Melbourne Storm,Melbourne Storm,5.24,1.15,6.16,1.16,6.34,1.15
2013|Rd 9|Gold Coast Titans|St. George Illawarra Dragons,Gold Coast Titans,Gold Coast Titans,1.49,2.67,1.61,2.47,1.45,2.97
2013|Rd 9|Canberra Raiders|Newcastle Knights,Canberra Raiders,Newcastle Knights,1.57,2.4,1.61,2.47,1.59,2.52
2013|Rd 9|Parramatta Eels|Brisbane Broncos,Brisbane Broncos,Brisbane Broncos,2.72,1.47,2.62,1.56,3.14,1.42
2013|Rd 9|New Zealand Warriors|Canterbury Bulldogs,Canterbury Bulldogs,Canterbury Bulldogs,2.52,1.54,2.4,1.65,2.71,1.53
2013|Rd 9|South Sydney Rabbitohs|NQ Cowboys,South Sydney Rabbitohs,South Sydney Rabbitohs,1.29,3.67,1.33,3.69,1.26,4.28
2013|Rd 9|Wests Tigers|Cronulla Sharks,Cronulla Sharks,Wests Tigers,2.65,1.49,2.8,1.5,2.83,1.49
2013|Rd 10|Melbourne Storm|Manly Sea Eagles,Melbourne Storm,Melbourne Storm,1.38,3.07,1.5,2.81,1.35,3.49
2013|Rd 10|Newcastle Knights|Canterbury Bulldogs,Canterbury Bulldogs,Newcastle Knights,2.29,1.64,2.23,1.74,2.62,1.56
2013|Rd 10|Cronulla Sharks|Canberra Raiders,Cronulla Sharks,Cronulla Sharks,1.77,2.09,1.69,2.31,1.99,1.92
2013|Rd 10|NQ Cowboys|Sydney Roosters,Sydney Roosters,NQ Cowboys,2.06,1.78,1.99,1.92,2.11,1.81
2013|Rd 10|Penrith Panthers|New Zealand Warriors,Penrith Panthers,Penrith Panthers,1.73,2.13,1.71,2.28,1.83,2.09
2013|Rd 10|St. George Illawarra Dragons|Parramatta Eels,St. George Illawarra Dragons,St. George Illawarra Dragons,1.41,2.87,1.47,2.93,1.43,3.07
2013|Rd 10|Brisbane Broncos|Gold Coast Titans,Brisbane Broncos,Brisbane Broncos,1.7,2.17,1.56,2.6,1.95,1.95
2013|Rd 10|South Sydney Rabbitohs|Wests Tigers,South Sydney Rabbitohs,South Sydney Rabbitohs,1.06,8.63,1.09,9.16,1.08,10.15
2013|Rd 11|Cronulla Sharks|South Sydney Rabbitohs,South Sydney Rabbitohs,South Sydney Rabbitohs,3.46,1.31,3.44,1.36,3.81,1.31
2013|Rd 11|Parramatta Eels|Gold Coast Titans,Gold Coast Titans,Gold Coast Titans,2.16,1.72,2.09,1.83,2.28,1.71
2013|Rd 11|New Zealand Warriors|Newcastle Knights,Newcastle Knights,Newcastle Knights,2.27,1.65,2.31,1.69,2.45,1.62
2013|Rd 11|Manly Sea Eagles|Canberra Raiders,Manly Sea Eagles,Manly Sea Eagles,1.41,2.85,1.47,2.93,1.46,2.96
2013|Rd 11|Sydney Roosters|Melbourne Storm,Sydney Roosters,Melbourne Storm,1.59,2.38,1.7,2.29,1.58,2.54
2013|Rd 11|St. George Illawarra Dragons|Penrith Panthers,St. George Illawarra Dragons,St. George Illawarra Dragons,1.41,2.91,1.52,2.73,1.42,3.14
2013|Rd 11|Canterbury Bulldogs|Brisbane Broncos,Canterbury Bulldogs,Canterbury Bulldogs,1.53,2.53,1.69,2.31,1.5,2.8
2013|Rd 11|Wests Tigers|NQ Cowboys,NQ Cowboys,NQ Cowboys,3.33,1.33,3.39,1.37,3.15,1.41
2013|Rd 12|Brisbane Broncos|New Zealand Warriors,New Zealand Warriors,Brisbane Broncos,1.91,1.91,1.95,1.95,2.03,1.88
2013|Rd 12|Gold Coast Titans|NQ Cowboys,Gold Coast Titans,Gold Coast Titans,1.28,3.69,1.32,3.73,1.31,3.85
2013|Rd 12|South Sydney Rabbitohs|Newcastle Knights,South Sydney Rabbitohs,South Sydney Rabbitohs,1.4,3.03,1.43,3.1,1.43,3.1
2013|Rd 12|Canterbury Bulldogs|St. George Illawarra Dragons,Canterbury Bulldogs,Canterbury Bulldogs,1.37,3.13,1.34,3.56,1.4,3.22
2013|Rd 13|Canberra Raiders|Brisbane Broncos,Canberra Raiders,Brisbane Broncos,1.37,3.11,1.41,3.18,1.45,3.0
2013|Rd 13|Melbourne Storm|Cronulla Sharks,Melbourne Storm,Melbourne Storm,1.34,3.28,1.34,3.6,1.35,3.54
2013|Rd 13|Penrith Panthers|Wests Tigers,Penrith Panthers,Penrith Panthers,1.24,4.06,1.45,2.97,1.26,4.3
2013|Rd 13|New Zealand Warriors|Manly Sea Eagles,Manly Sea Eagles,Manly Sea Eagles,2.22,1.68,2.29,1.7,2.32,1.68
2013|Rd 13|NQ Cowboys|Canterbury Bulldogs,Canterbury Bulldogs,NQ Cowboys,3.02,1.4,2.18,1.77,3.25,1.4
2013|Rd 13|Newcastle Knights|St. George Illawarra Dragons,Newcastle Knights,Newcastle Knights,1.39,3.02,1.43,3.1,1.38,3.36
2013|Rd 13|Parramatta Eels|Sydney Roosters,Sydney Roosters,Sydney Roosters,5.16,1.17,3.73,1.32,6.34,1.15
2013|Rd 14|Brisbane Broncos|Wests Tigers,Brisbane Broncos,Brisbane Broncos,1.28,3.77,1.32,3.73,1.26,4.38
2013|Rd 14|Sydney Roosters|New Zealand Warriors,Sydney Roosters,Sydney Roosters,1.27,3.81,1.32,3.73,1.29,4.02
2013|Rd 14|Melbourne Storm|Newcastle Knights,Melbourne Storm,Melbourne Storm,1.19,4.77,1.22,4.93,1.24,4.59
2013|Rd 14|South Sydney Rabbitohs|Gold Coast Titans,South Sydney Rabbitohs,South Sydney Rabbitohs,1.32,3.44,1.36,3.44,1.32,3.74
2013|Rd 14|Cronulla Sharks|Parramatta Eels,Cronulla Sharks,Cronulla Sharks,1.15,5.37,1.2,5.23,1.18,5.65
2013|Rd 14|Canberra Raiders|Penrith Panthers,Canberra Raiders,Canberra Raiders,1.24,4.18,1.28,4.1,1.29,4.01
2013|Rd 14|Manly Sea Eagles|Canterbury Bulldogs,Manly Sea Eagles,Manly Sea Eagles,1.69,2.24,1.72,2.25,1.7,2.29
2013|Rd 14|St. George Illawarra Dragons|NQ Cowboys,St. George Illawarra Dragons,St. George Illawarra Dragons,1.51,2.61,1.57,2.58,1.54,2.66
2013|Rd 15|Gold Coast Titans|Melbourne Storm,Gold Coast Titans,Melbourne Storm,1.36,3.2,1.43,3.05,1.36,3.48
2013|Rd 15|Parramatta Eels|South Sydney Rabbitohs,South Sydney Rabbitohs,South Sydney Rabbitohs,3.76,1.28,3.64,1.33,3.76,1.32
2013|Rd 15|Wests Tigers|Canberra Raiders,Canberra Raiders,Canberra Raiders,2.96,1.41,2.8,1.5,3.14,1.42
2013|Rd 15|Canterbury Bulldogs|Sydney Roosters,Canterbury Bulldogs,Canterbury Bulldogs,1.32,3.5,1.42,3.14,1.29,3.99
2013|Rd 16|Sydney Roosters|Manly Sea Eagles,Sydney Roosters,Manly Sea Eagles,1.68,2.23,1.65,2.4,1.64,2.41
2013|Rd 16|NQ Cowboys|Cronulla Sharks,NQ Cowboys,NQ Cowboys,1.47,2.72,1.61,2.49,1.45,2.99
2013|Rd 16|New Zealand Warriors|Brisbane Broncos,New Zealand Warriors,Brisbane Broncos,1.35,3.23,1.38,3.35,1.41,3.18
2013|Rd 16|Newcastle Knights|Gold Coast Titans,Newcastle Knights,Newcastle Knights,1.57,2.44,1.55,2.64,1.58,2.54
2013|Rd 16|Penrith Panthers|St. George Illawarra Dragons,Penrith Panthers,Penrith Panthers,1.65,2.3,1.74,2.22,1.63,2.44
2013|Rd 16|Wests Tigers|Melbourne Storm,Melbourne Storm,Melbourne Storm,2.63,1.51,3.01,1.44,2.59,1.57
2013|Rd 16|South Sydney Rabbitohs|Canberra Raiders,South Sydney Rabbitohs,South Sydney Rabbitohs,1.22,4.31,1.22,4.93,1.25,4.42
2013|Rd 17|Manly Sea Eagles|Parramatta Eels,Manly Sea Eagles,Manly Sea Eagles,1.11,6.62,1.16,6.16,1.1,8.61
2013|Rd 17|South Sydney Rabbitohs|New Zealand Warriors,South Sydney Rabbitohs,South Sydney Rabbitohs,1.3,3.62,1.31,3.81,1.3,3.93
2013|Rd 17|Canterbury Bulldogs|Newcastle Knights,Canterbury Bulldogs,Canterbury Bulldogs,1.5,2.64,1.53,2.71,1.53,2.71
2013|Rd 17|Canberra Raiders|NQ Cowboys,Canberra Raiders,Canberra Raiders,1.62,2.34,1.61,2.49,1.69,2.31
2013|Rd 17|Gold Coast Titans|Penrith Panthers,Gold Coast Titans,Gold Coast Titans,1.8,2.03,1.8,2.13,1.92,1.99
2013|Rd 17|St. George Illawarra Dragons|Sydney Roosters,Sydney Roosters,Sydney Roosters,4.33,1.22,4.46,1.25,4.58,1.24
2013|Rd 17|Cronulla Sharks|Wests Tigers,Cronulla Sharks,Cronulla Sharks,1.51,2.63,1.54,2.66,1.61,2.47
2013|Rd 17|Melbourne Storm|Brisbane Broncos,Melbourne Storm,Melbourne Storm,1.28,3.73,1.31,3.81,1.28,4.14
2013|Rd 18|NQ Cowboys|Manly Sea Eagles,Manly Sea Eagles,Manly Sea Eagles,3.11,1.38,3.01,1.44,3.56,1.34
2013|Rd 18|Canterbury Bulldogs|Melbourne Storm,Canterbury Bulldogs,Melbourne Storm,1.23,4.16,1.29,4.05,1.24,4.61
2013|Rd 18|Parramatta Eels|Penrith Panthers,Penrith Panthers,Penrith Panthers,3.9,1.27,3.18,1.41,3.89,1.3
2013|Rd 18|Brisbane Broncos|Cronulla Sharks,Cronulla Sharks,Brisbane Broncos,2.31,1.64,2.4,1.65,2.32,1.68
2013|Rd 19|South Sydney Rabbitohs|St. George Illawarra Dragons,South Sydney Rabbitohs,South Sydney Rabbitohs,1.12,6.23,1.13,7.38,1.14,6.69
2013|Rd 19|Manly Sea Eagles|Gold Coast Titans,Manly Sea Eagles,Manly Sea Eagles,1.13,5.87,1.23,4.73,1.12,7.61
2013|Rd 19|Penrith Panthers|Newcastle Knights,Newcastle Knights,Penrith Panthers,1.99,1.85,2.0,1.91,2.01,1.9
2013|Rd 19|Sydney Roosters|Cronulla Sharks,Sydney Roosters,Sydney Roosters,1.23,4.26,1.36,3.44,1.25,4.5
2013|Rd 19|Canberra Raiders|Parramatta Eels,Canberra Raiders,Canberra Raiders,1.1,7.0,1.13,7.38,1.13,7.38
2013|Rd 19|Wests Tigers|New Zealand Warriors,New Zealand Warriors,Wests Tigers,2.3,1.64,2.36,1.67,2.51,1.6
2013|Rd 20|Wests Tigers|Manly Sea Eagles,Manly Sea Eagles,Manly Sea Eagles,4.6,1.2,4.77,1.23,4.56,1.24
2013|Rd 20|Newcastle Knights|Sydney Roosters,Sydney Roosters,Newcastle Knights,2.74,1.47,2.84,1.49,2.59,1.57
2013|Rd 20|Cronulla Sharks|Penrith Panthers,Cronulla Sharks,Cronulla Sharks,1.49,2.66,1.57,2.58,1.51,2.77
2013|Rd 20|New Zealand Warriors|Melbourne Storm,Melbourne Storm,Melbourne Storm,2.13,1.74,2.09,1.83,2.29,1.7
2013|Rd 20|Gold Coast Titans|South Sydney Rabbitohs,South Sydney Rabbitohs,South Sydney Rabbitohs,3.07,1.38,3.31,1.38,3.14,1.42
2013|Rd 20|St. George Illawarra Dragons|Canberra Raiders,Canberra Raiders,St. George Illawarra Dragons,2.1,1.77,2.18,1.77,2.04,1.87
2013|Rd 20|Canterbury Bulldogs|Parramatta Eels,Canterbury Bulldogs,Canterbury Bulldogs,1.07,8.88,1.1,8.6,1.08,9.9
2013|Rd 20|NQ Cowboys|Brisbane Broncos,NQ Cowboys,NQ Cowboys,1.47,2.74,1.57,2.58,1.47,2.9
2013|Rd 21|St. George Illawarra Dragons|Canterbury Bulldogs,Canterbury Bulldogs,Canterbury Bulldogs,2.78,1.45,2.75,1.51,2.94,1.46
2013|Rd 21|Gold Coast Titans|Wests Tigers,Gold Coast Titans,Gold Coast Titans,1.63,2.34,1.65,2.4,1.74,2.22
2013|Rd 21|Canberra Raiders|Melbourne Storm,Melbourne Storm,Melbourne Storm,,,,,,
2013|Rd 21|NQ Cowboys|South Sydney Rabbitohs,South Sydney Rabbitohs,South Sydney Rabbitohs,3.26,1.35,3.31,1.38,3.37,1.37
2013|Rd 21|Parramatta Eels|Manly Sea Eagles,Manly Sea Eagles,Manly Sea Eagles,7.88,1.08,8.04,1.11,9.16,1.09
2013|Rd 21|New Zealand Warriors|Cronulla Sharks,New Zealand Warriors,New Zealand Warriors,1.39,3.02,1.48,2.88,1.35,3.52
2013|Rd 21|Newcastle Knights|Brisbane Broncos,Newcastle Knights,Newcastle Knights,1.53,2.54,1.5,2.8,1.54,2.66
2013|Rd 21|Penrith Panthers|Sydney Roosters,Sydney Roosters,Sydney Roosters,4.73,1.19,4.85,1.22,5.2,1.2
2013|Rd 22|Canterbury Bulldogs|Gold Coast Titans,Canterbury Bulldogs,Canterbury Bulldogs,1.14,5.51,1.22,4.85,1.15,6.52
2013|Rd 22|Penrith Panthers|NQ Cowboys,NQ Cowboys,NQ Cowboys,2.63,1.51,2.66,1.54,2.73,1.52
2013|Rd 22|Brisbane Broncos|St. George Illawarra Dragons,Brisbane Broncos,Brisbane Broncos,1.31,3.5,1.38,3.31,1.29,4.05
2013|Rd 22|Manly Sea Eagles|New Zealand Warriors,Manly Sea Eagles,Manly Sea Eagles,1.37,3.1,1.41,3.18,1.37,3.39
2013|Rd 22|Cronulla Sharks|Newcastle Knights,Cronulla Sharks,Cronulla Sharks,1.51,2.64,1.54,2.66,1.57,2.58
2013|Rd 22|Sydney Roosters|Canberra Raiders,Sydney Roosters,Sydney Roosters,1.17,5.04,1.22,4.97,1.19,5.35
2013|Rd 22|Melbourne Storm|South Sydney Rabbitohs,Melbourne Storm,Melbourne Storm,1.33,3.42,1.39,3.27,1.32,3.78
2013|Rd 22|Parramatta Eels|Wests Tigers,Parramatta Eels,Wests Tigers,1.61,2.36,1.95,1.95,1.58,2.56
2013|Rd 23|Wests Tigers|Sydney Roosters,Sydney Roosters,Sydney Roosters,9.9,1.05,10.75,1.07,11.45,1.06
2013|Rd 23|Newcastle Knights|Melbourne Storm,Melbourne Storm,Melbourne Storm,2.68,1.49,2.88,1.48,2.94,1.46
2013|Rd 23|New Zealand Warriors|Penrith Panthers,New Zealand Warriors,New Zealand Warriors,1.14,5.36,1.17,5.98,1.16,6.16
2013|Rd 23|St. George Illawarra Dragons|Cronulla Sharks,Cronulla Sharks,St. George Illawarra Dragons,3.97,1.25,4.05,1.29,4.01,1.29
2013|Rd 23|NQ Cowboys|Gold Coast Titans,NQ Cowboys,NQ Cowboys,1.31,3.47,1.35,3.52,1.35,3.52
2013|Rd 23|Canberra Raiders|Canterbury Bulldogs,Canberra Raiders,Canterbury Bulldogs,1.86,1.99,1.88,2.03,1.9,2.01
2013|Rd 23|Brisbane Broncos|Parramatta Eels,Brisbane Broncos,Brisbane Broncos,1.16,5.24,1.19,5.42,1.18,5.61
2013|Rd 23|South Sydney Rabbitohs|Manly Sea Eagles,Manly Sea Eagles,South Sydney Rabbitohs,2.04,1.82,2.13,1.8,2.0,1.91
2013|Rd 24|Cronulla Sharks|Sydney Roosters,Sydney Roosters,Sydney Roosters,,,,,,
2013|Rd 24|Melbourne Storm|Parramatta Eels,Melbourne Storm,Melbourne Storm,1.03,13.2,1.06,12.5,1.03,20.0
2013|Rd 24|Canberra Raiders|Manly Sea Eagles,Manly Sea Eagles,Manly Sea Eagles,2.88,1.43,2.84,1.49,2.96,1.46
2013|Rd 24|NQ Cowboys|Newcastle Knights,NQ Cowboys,NQ Cowboys,1.57,2.47,1.65,2.4,1.57,2.57
2013|Rd 24|Gold Coast Titans|New Zealand Warriors,New Zealand Warriors,Gold Coast Titans,1.97,1.88,1.87,2.04,2.15,1.79
2013|Rd 24|St. George Illawarra Dragons|Wests Tigers,St. George Illawarra Dragons,St. George Illawarra Dragons,1.42,2.9,1.47,2.93,1.42,3.11
2013|Rd 24|Penrith Panthers|Brisbane Broncos,Brisbane Broncos,Brisbane Broncos,2.1,1.76,2.11,1.81,2.1,1.83
2013|Rd 24|South Sydney Rabbitohs|Canterbury Bulldogs,South Sydney Rabbitohs,South Sydney Rabbitohs,1.36,3.27,1.51,2.75,1.31,3.81
2013|Rd 25|Parramatta Eels|St. George Illawarra Dragons,St. George Illawarra Dragons,St. George Illawarra Dragons,2.22,1.69,2.4,1.65,2.44,1.63
2013|Rd 25|Sydney Roosters|Gold Coast Titans,Sydney Roosters,Sydney Roosters,1.04,10.77,1.05,13.0,1.05,13.0
2013|Rd 25|Cronulla Sharks|NQ Cowboys,Cronulla Sharks,Cronulla Sharks,1.69,2.24,1.53,2.71,1.99,1.92
2013|Rd 25|Manly Sea Eagles|Melbourne Storm,Melbourne Storm,Manly Sea Eagles,2.24,1.67,1.95,1.95,2.37,1.66
2013|Rd 25|Canterbury Bulldogs|Penrith Panthers,Canterbury Bulldogs,Canterbury Bulldogs,1.42,2.95,1.4,3.22,1.5,2.8
2013|Rd 25|New Zealand Warriors|Canberra Raiders,New Zealand Warriors,New Zealand Warriors,1.3,3.6,1.33,3.69,1.32,3.73
2013|Rd 25|Brisbane Broncos|Newcastle Knights,Brisbane Broncos,Brisbane Broncos,1.7,2.17,1.8,2.13,1.79,2.15
2013|Rd 25|Wests Tigers|South Sydney Rabbitohs,South Sydney Rabbitohs,South Sydney Rabbitohs,10.41,1.04,13.0,1.05,14.0,1.05
2013|Rd 26|Canberra Raiders|Cronulla Sharks,Canberra Raiders,Canberra Raiders,1.45,2.79,2.27,1.71,1.55,2.63
2013|Rd 26|Newcastle Knights|Parramatta Eels,Newcastle Knights,Newcastle Knights,1.08,7.61,1.11,8.04,1.13,7.18
2013|Rd 26|Manly Sea Eagles|Penrith Panthers,Manly Sea Eagles,Manly Sea Eagles,1.24,4.01,1.17,5.98,1.34,3.63
2013|Rd 26|NQ Cowboys|Wests Tigers,NQ Cowboys,NQ Cowboys,1.14,5.5,1.15,6.34,1.24,4.61
2013|Rd 26|Melbourne Storm|Gold Coast Titans,Melbourne Storm,Melbourne Storm,1.12,6.12,1.1,8.6,1.17,5.98
2013|Rd 26|St. George Illawarra Dragons|New Zealand Warriors,New Zealand Warriors,St. George Illawarra Dragons,3.8,1.28,3.64,1.33,3.77,1.32
2013|Rd 26|South Sydney Rabbitohs|Sydney Roosters,South Sydney Rabbitohs,South Sydney Rabbitohs,1.51,2.61,1.63,2.44,1.51,2.75
2013|Rd 26|Brisbane Broncos|Canterbury Bulldogs,Canterbury Bulldogs,Canterbury Bulldogs,2.69,1.48,2.53,1.59,2.84,1.49
2013|Grand Final|Sydney Roosters|Manly Sea Eagles,,,,,,,,
2013|Prelim Final|South Sydney Rabbitohs|Manly Sea Eagles,,,,,,,,
2013|Qualif Final|South Sydney Rabbitohs|Melbourne Storm,,,,,,,,
2013|Semi Final|Manly Sea Eagles|Cronulla Sharks,,,,,,,,
2013|Prelim Final|Sydney Roosters|Newcastle Knights,,,,,,,,
2013|Qualif Final|Cronulla Sharks|NQ Cowboys,,,,,,,,
2013|Semi Final|Melbourne Storm|Newcastle Knights,,,,,,,,
2013|Qualif Final|Sydney Roosters|Manly Sea Eagles,,,,,,,,
2013|Qualif Final|Canterbury Bulldogs|Newcastle Knights,,,,,,,,
2014|Rd 1|Cronulla Sharks|Gold Coast Titans,Cronulla Sharks,Cronulla Sharks,1.75,2.1,1.65,2.39,1.97,1.93
2014|Rd 1|Parramatta Eels|New Zealand Warriors,New Zealand Warriors,New Zealand Warriors,2.41,1.58,2.4,1.65,2.51,1.6
2014|Rd 1|St. George Illawarra Dragons|Wests Tigers,St. George Illawarra Dragons,St. George Illawarra Dragons,1.77,2.05,1.85,2.07,1.95,1.95
2014|Rd 1|NQ Cowboys|Canberra Raiders,NQ Cowboys,NQ Cowboys,1.28,3.69,1.35,3.51,1.29,3.97
2014|Rd 1|Manly Sea Eagles|Melbourne Storm,Manly Sea Eagles,Manly Sea Eagles,1.48,2.66,1.57,2.58,1.45,2.99
2014|Rd 1|Penrith Panthers|Newcastle Knights,Penrith Panthers,Penrith Panthers,1.8,2.05,1.74,2.22,1.79,2.15
2014|Rd 1|Canterbury Bulldogs|Brisbane Broncos,Canterbury Bulldogs,Canterbury Bulldogs,1.59,2.39,1.57,2.57,1.63,2.44
2014|Rd 1|South Sydney Rabbitohs|Sydney Roosters,Sydney Roosters,South Sydney Rabbitohs,2.23,1.66,2.26,1.72,2.36,1.67
2014|Rd 2|Canterbury Bulldogs|Cronulla Sharks,Canterbury Bulldogs,Canterbury Bulldogs,1.23,4.14,1.43,3.1,1.29,4.01
2014|Rd 2|Newcastle Knights|Canberra Raiders,Newcastle Knights,Newcastle Knights,1.56,2.45,1.56,2.62,1.63,2.43
2014|Rd 2|Gold Coast Titans|Wests Tigers,Gold Coast Titans,Gold Coast Titans,1.28,3.65,1.38,3.31,1.35,3.51
2014|Rd 2|Sydney Roosters|Parramatta Eels,Sydney Roosters,Sydney Roosters,1.25,3.99,1.31,3.81,1.27,4.22
2014|Rd 2|Melbourne Storm|Penrith Panthers,Melbourne Storm,Melbourne Storm,1.29,3.55,1.42,3.14,1.3,3.89
2014|Rd 2|New Zealand Warriors|St. George Illawarra Dragons,New Zealand Warriors,New Zealand Warriors,1.33,3.4,1.34,3.6,1.45,2.98
2014|Rd 2|Brisbane Broncos|NQ Cowboys,NQ Cowboys,Brisbane Broncos,2.12,1.73,2.13,1.8,2.23,1.74
2014|Rd 2|Manly Sea Eagles|South Sydney Rabbitohs,South Sydney Rabbitohs,Manly Sea Eagles,2.94,1.41,2.66,1.54,3.22,1.4
2014|Rd 3|Melbourne Storm|Newcastle Knights,Melbourne Storm,Melbourne Storm,1.24,3.98,1.31,3.85,1.2,5.16
2014|Rd 3|Canberra Raiders|Gold Coast Titans,Canberra Raiders,Canberra Raiders,1.43,2.82,1.57,2.58,1.43,3.08
2014|Rd 3|Manly Sea Eagles|Parramatta Eels,Manly Sea Eagles,Manly Sea Eagles,1.18,4.55,1.22,4.85,1.28,4.1
2014|Rd 3|NQ Cowboys|New Zealand Warriors,NQ Cowboys,NQ Cowboys,1.34,3.16,1.38,3.31,1.43,3.1
2014|Rd 3|Cronulla Sharks|St. George Illawarra Dragons,St. George Illawarra Dragons,Cronulla Sharks,2.5,1.53,2.36,1.67,2.66,1.54
2014|Rd 3|Penrith Panthers|Canterbury Bulldogs,Penrith Panthers,Canterbury Bulldogs,1.6,2.35,1.66,2.37,1.7,2.29
2014|Rd 3|Brisbane Broncos|Sydney Roosters,Sydney Roosters,Brisbane Broncos,2.69,1.46,2.58,1.57,2.95,1.46
2014|Rd 3|Wests Tigers|South Sydney Rabbitohs,South Sydney Rabbitohs,South Sydney Rabbitohs,4.35,1.2,5.35,1.19,4.81,1.22
2014|Rd 4|Gold Coast Titans|NQ Cowboys,NQ Cowboys,NQ Cowboys,2.37,1.6,2.37,1.66,2.3,1.69
2014|Rd 4|Newcastle Knights|Cronulla Sharks,Newcastle Knights,Newcastle Knights,1.42,2.87,1.48,2.88,1.44,3.02
2014|Rd 4|South Sydney Rabbitohs|Canberra Raiders,South Sydney Rabbitohs,South Sydney Rabbitohs,1.29,3.64,1.4,3.22,1.29,4.01
2014|Rd 4|Canterbury Bulldogs|Melbourne Storm,Melbourne Storm,Melbourne Storm,2.55,1.52,2.62,1.56,2.25,1.72
2014|Rd 4|Parramatta Eels|Penrith Panthers,Penrith Panthers,Penrith Panthers,2.13,1.73,2.18,1.77,2.09,1.83
2014|Rd 4|New Zealand Warriors|Wests Tigers,New Zealand Warriors,New Zealand Warriors,1.47,2.69,1.54,2.66,1.52,2.73
2014|Rd 4|St. George Illawarra Dragons|Brisbane Broncos,St. George Illawarra Dragons,St. George Illawarra Dragons,1.76,2.09,1.77,2.18,1.87,2.04
2014|Rd 4|Sydney Roosters|Manly Sea Eagles,Sydney Roosters,Sydney Roosters,1.45,2.77,1.61,2.49,1.47,2.9
2014|Rd 5|NQ Cowboys|Newcastle Knights,NQ Cowboys,NQ Cowboys,1.46,2.73,1.5,2.8,1.48,2.88
2014|Rd 5|Wests Tigers|Manly Sea Eagles,Manly Sea Eagles,Manly Sea Eagles,2.59,1.5,2.88,1.48,2.66,1.54
2014|Rd 5|Melbourne Storm|Gold Coast Titans,Melbourne Storm,Melbourne Storm,1.25,3.86,1.27,4.26,1.27,4.26
2014|Rd 5|St. George Illawarra Dragons|South Sydney Rabbitohs,South Sydney Rabbitohs,South Sydney Rabbitohs,2.3,1.62,2.3,1.69,2.42,1.64
2014|Rd 5|Penrith Panthers|Canberra Raiders,Penrith Panthers,Penrith Panthers,1.46,2.7,1.52,2.73,1.5,2.8
2014|Rd 5|Cronulla Sharks|New Zealand Warriors,New Zealand Warriors,Cronulla Sharks,2.33,1.61,2.36,1.67,2.19,1.76
2014|Rd 5|Brisbane Broncos|Parramatta Eels,Brisbane Broncos,Brisbane Broncos,1.35,3.16,1.43,3.05,1.35,3.49
2014|Rd 5|Sydney Roosters|Canterbury Bulldogs,Sydney Roosters,Sydney Roosters,1.39,3.0,1.42,3.14,1.43,3.08
2014|Rd 6|Melbourne Storm|St. George Illawarra Dragons,Melbourne Storm,Melbourne Storm,1.32,3.27,1.34,3.56,1.32,3.77
2014|Rd 6|Manly Sea Eagles|Cronulla Sharks,Manly Sea Eagles,Manly Sea Eagles,1.24,3.98,1.3,3.89,1.26,4.38
2014|Rd 6|New Zealand Warriors|Canterbury Bulldogs,Canterbury Bulldogs,Canterbury Bulldogs,2.02,1.8,1.95,1.95,2.04,1.87
2014|Rd 6|Wests Tigers|NQ Cowboys,NQ Cowboys,NQ Cowboys,2.08,1.75,1.95,1.95,2.29,1.7
2014|Rd 6|Parramatta Eels|Sydney Roosters,Sydney Roosters,Sydney Roosters,2.82,1.43,2.88,1.48,2.97,1.45
2014|Rd 6|Canberra Raiders|Newcastle Knights,Canberra Raiders,Canberra Raiders,1.63,2.28,1.91,2.0,1.68,2.34
2014|Rd 6|Gold Coast Titans|Brisbane Broncos,Brisbane Broncos,Gold Coast Titans,2.09,1.74,2.13,1.8,2.2,1.75
2014|Rd 6|Penrith Panthers|South Sydney Rabbitohs,South Sydney Rabbitohs,South Sydney Rabbitohs,2.25,1.64,2.24,1.73,2.26,1.72
2014|Rd 7|Penrith Panthers|Gold Coast Titans,Penrith Panthers,Penrith Panthers,1.63,2.29,1.74,2.22,1.65,2.4
2014|Rd 7|Parramatta Eels|Wests Tigers,Parramatta Eels,Parramatta Eels,1.43,2.81,1.49,2.84,1.46,2.93
2014|Rd 7|Canberra Raiders|Melbourne Storm,Melbourne Storm,Melbourne Storm,2.25,1.64,2.31,1.69,2.32,1.68
2014|Rd 7|Cronulla Sharks|Sydney Roosters,Sydney Roosters,Sydney Roosters,3.05,1.37,2.88,1.48,3.37,1.37
2014|Rd 7|St. George Illawarra Dragons|New Zealand Warriors,St. George Illawarra Dragons,St. George Illawarra Dragons,1.55,2.46,1.65,2.4,1.54,2.66
2014|Rd 7|Manly Sea Eagles|NQ Cowboys,Manly Sea Eagles,Manly Sea Eagles,1.44,2.78,1.4,3.22,1.47,2.91
2014|Rd 7|Newcastle Knights|Brisbane Broncos,Newcastle Knights,Newcastle Knights,1.62,2.3,1.69,2.31,1.66,2.37
2014|Rd 7|South Sydney Rabbitohs|Canterbury Bulldogs,South Sydney Rabbitohs,South Sydney Rabbitohs,1.79,2.06,1.81,2.11,1.83,2.1
2014|Rd 8|Wests Tigers|Gold Coast Titans,Wests Tigers,Wests Tigers,1.77,2.06,1.88,2.02,1.88,2.02
2014|Rd 8|Manly Sea Eagles|Canberra Raiders,Manly Sea Eagles,Manly Sea Eagles,1.42,2.86,1.47,2.93,1.43,3.08
2014|Rd 8|Canterbury Bulldogs|Newcastle Knights,Canterbury Bulldogs,Canterbury Bulldogs,1.4,2.94,1.49,2.84,1.47,2.9
2014|Rd 8|NQ Cowboys|Parramatta Eels,NQ Cowboys,NQ Cowboys,1.47,2.73,1.56,2.62,1.48,2.86
2014|Rd 8|Cronulla Sharks|Penrith Panthers,Cronulla Sharks,Cronulla Sharks,1.74,2.11,1.85,2.07,1.75,2.2
2014|Rd 8|Brisbane Broncos|South Sydney Rabbitohs,South Sydney Rabbitohs,South Sydney Rabbitohs,2.01,1.84,2.13,1.8,2.11,1.81
2014|Rd 8|Melbourne Storm|New Zealand Warriors,Melbourne Storm,Melbourne Storm,1.37,3.1,1.38,3.31,1.4,3.23
2014|Rd 8|St. George Illawarra Dragons|Sydney Roosters,Sydney Roosters,Sydney Roosters,2.86,1.43,3.01,1.44,3.01,1.44
2014|Rd 9|Parramatta Eels|Cronulla Sharks,Parramatta Eels,Parramatta Eels,1.58,2.41,1.7,2.29,1.64,2.41
2014|Rd 9|St. George Illawarra Dragons|Canterbury Bulldogs,Canterbury Bulldogs,Canterbury Bulldogs,2.74,1.45,2.73,1.52,2.64,1.55
2014|Rd 9|Newcastle Knights|Penrith Panthers,Newcastle Knights,Newcastle Knights,1.59,2.36,1.68,2.34,1.56,2.6
2014|Rd 9|Melbourne Storm|Manly Sea Eagles,Melbourne Storm,Melbourne Storm,1.5,2.62,1.49,2.84,1.52,2.72
2014|Rd 9|Gold Coast Titans|South Sydney Rabbitohs,South Sydney Rabbitohs,South Sydney Rabbitohs,2.53,1.53,2.73,1.52,2.43,1.63
2014|Rd 9|New Zealand Warriors|Canberra Raiders,New Zealand Warriors,New Zealand Warriors,1.45,2.73,1.5,2.8,1.48,2.88
2014|Rd 9|NQ Cowboys|Brisbane Broncos,NQ Cowboys,NQ Cowboys,1.74,2.1,1.87,2.04,1.72,2.25
2014|Rd 9|Sydney Roosters|Wests Tigers,Sydney Roosters,Sydney Roosters,1.18,4.77,1.36,3.44,1.18,5.63
2014|Rd 10|Manly Sea Eagles|Newcastle Knights,Manly Sea Eagles,Manly Sea Eagles,1.22,4.28,1.38,3.31,1.27,4.26
2014|Rd 10|Canberra Raiders|Penrith Panthers,Penrith Panthers,Penrith Panthers,2.22,1.67,2.29,1.7,2.2,1.75
2014|Rd 10|Canterbury Bulldogs|New Zealand Warriors,Canterbury Bulldogs,Canterbury Bulldogs,1.73,2.14,1.7,2.29,1.83,2.1
2014|Rd 10|NQ Cowboys|Sydney Roosters,Sydney Roosters,NQ Cowboys,2.0,1.84,2.11,1.81,1.99,1.92
2014|Rd 10|Cronulla Sharks|Wests Tigers,Cronulla Sharks,Cronulla Sharks,1.74,2.12,1.87,2.04,1.71,2.27
2014|Rd 10|Parramatta Eels|St. George Illawarra Dragons,Parramatta Eels,Parramatta Eels,1.54,2.5,1.63,2.44,1.6,2.51
2014|Rd 10|Brisbane Broncos|Gold Coast Titans,Brisbane Broncos,Brisbane Broncos,1.31,3.55,1.45,3.0,1.31,3.82
2014|Rd 10|South Sydney Rabbitohs|Melbourne Storm,South Sydney Rabbitohs,South Sydney Rabbitohs,1.45,2.81,1.49,2.84,1.47,2.91
2014|Rd 11|Cronulla Sharks|South Sydney Rabbitohs,South Sydney Rabbitohs,South Sydney Rabbitohs,3.69,1.28,3.27,1.39,4.22,1.27
2014|Rd 11|Canberra Raiders|NQ Cowboys,Canberra Raiders,NQ Cowboys,1.45,2.72,1.49,2.84,1.51,2.76
2014|Rd 11|Wests Tigers|Brisbane Broncos,Brisbane Broncos,Brisbane Broncos,2.09,1.75,2.2,1.75,2.15,1.79
2014|Rd 11|Gold Coast Titans|New Zealand Warriors,New Zealand Warriors,Gold Coast Titans,3.52,1.3,2.88,1.48,3.85,1.31
2014|Rd 11|Canterbury Bulldogs|Sydney Roosters,Sydney Roosters,Canterbury Bulldogs,2.88,1.42,3.14,1.42,3.06,1.43
2014|Rd 12|South Sydney Rabbitohs|St. George Illawarra Dragons,South Sydney Rabbitohs,South Sydney Rabbitohs,1.17,4.89,1.21,5.04,1.23,4.77
2014|Rd 12|Brisbane Broncos|Manly Sea Eagles,Brisbane Broncos,Manly Sea Eagles,1.83,2.0,2.15,1.79,1.77,2.18
2014|Rd 12|New Zealand Warriors|Newcastle Knights,New Zealand Warriors,New Zealand Warriors,1.35,3.2,1.43,3.05,1.36,3.48
2014|Rd 12|NQ Cowboys|Melbourne Storm,NQ Cowboys,Melbourne Storm,1.18,4.89,1.79,2.15,1.25,4.5
2014|Rd 12|Sydney Roosters|Canberra Raiders,Sydney Roosters,Sydney Roosters,1.16,5.04,1.18,5.61,1.2,5.27
2014|Rd 12|Penrith Panthers|Parramatta Eels,Penrith Panthers,Penrith Panthers,1.45,2.75,1.68,2.34,1.49,2.84
2014|Rd 13|Canberra Raiders|Brisbane Broncos,Brisbane Broncos,Brisbane Broncos,2.37,1.58,2.31,1.69,2.47,1.61
2014|Rd 13|Melbourne Storm|Sydney Roosters,Sydney Roosters,Melbourne Storm,4.01,1.24,3.69,1.33,4.1,1.28
2014|Rd 13|Newcastle Knights|Wests Tigers,Wests Tigers,Newcastle Knights,1.92,1.92,1.91,2.0,1.88,2.02
2014|Rd 13|South Sydney Rabbitohs|New Zealand Warriors,South Sydney Rabbitohs,South Sydney Rabbitohs,1.46,2.69,1.5,2.8,1.51,2.78
2014|Rd 13|St. George Illawarra Dragons|Cronulla Sharks,St. George Illawarra Dragons,St. George Illawarra Dragons,1.38,3.02,1.63,2.44,1.37,3.4
2014|Rd 13|Gold Coast Titans|Penrith Panthers,Penrith Panthers,Gold Coast Titans,2.08,1.77,2.15,1.79,2.09,1.83
2014|Rd 13|Manly Sea Eagles|Canterbury Bulldogs,Manly Sea Eagles,Manly Sea Eagles,1.67,2.24,1.77,2.18,1.63,2.44
2014|Rd 13|Parramatta Eels|NQ Cowboys,NQ Cowboys,NQ Cowboys,2.05,1.78,2.0,1.91,2.05,1.86
2014|Rd 14|Gold Coast Titans|Melbourne Storm,Gold Coast Titans,Melbourne Storm,1.47,2.7,1.43,3.05,1.53,2.71
2014|Rd 14|Canterbury Bulldogs|Parramatta Eels,Canterbury Bulldogs,Canterbury Bulldogs,1.51,2.55,1.6,2.51,1.59,2.52
2014|Rd 14|Sydney Roosters|Newcastle Knights,Sydney Roosters,Sydney Roosters,1.14,5.55,1.21,5.04,1.15,6.52
2014|Rd 14|Penrith Panthers|St. George Illawarra Dragons,Penrith Panthers,Penrith Panthers,1.18,4.83,1.25,4.46,1.2,5.23
2014|Rd 14|South Sydney Rabbitohs|Wests Tigers,South Sydney Rabbitohs,South Sydney Rabbitohs,1.36,3.14,1.36,3.48,1.37,3.41
2014|Rd 15|Newcastle Knights|NQ Cowboys,Newcastle Knights,NQ Cowboys,1.62,2.32,2.07,1.85,1.58,2.55
2014|Rd 15|Gold Coast Titans|St. George Illawarra Dragons,Gold Coast Titans,Gold Coast Titans,1.64,2.27,1.63,2.44,1.72,2.25
2014|Rd 15|Melbourne Storm|Parramatta Eels,Melbourne Storm,Melbourne Storm,1.6,2.36,1.83,2.09,1.65,2.4
2014|Rd 15|Cronulla Sharks|Manly Sea Eagles,Manly Sea Eagles,Manly Sea Eagles,3.13,1.36,4.26,1.27,3.14,1.42
2014|Rd 15|New Zealand Warriors|Brisbane Broncos,New Zealand Warriors,Brisbane Broncos,1.41,2.88,1.61,2.49,1.44,3.01
2014|Rd 15|Canberra Raiders|Canterbury Bulldogs,Canterbury Bulldogs,Canterbury Bulldogs,2.35,1.6,2.44,1.63,2.44,1.63
2014|Rd 16|St. George Illawarra Dragons|Melbourne Storm,Melbourne Storm,Melbourne Storm,2.57,1.51,2.5,1.6,2.68,1.53
2014|Rd 16|Parramatta Eels|Newcastle Knights,Parramatta Eels,Parramatta Eels,1.45,2.75,1.5,2.8,1.53,2.69
2014|Rd 16|New Zealand Warriors|Penrith Panthers,New Zealand Warriors,New Zealand Warriors,1.58,2.4,1.66,2.37,1.65,2.4
2014|Rd 16|NQ Cowboys|South Sydney Rabbitohs,South Sydney Rabbitohs,South Sydney Rabbitohs,2.76,1.45,2.58,1.57,2.96,1.46
2014|Rd 16|Wests Tigers|Canberra Raiders,Wests Tigers,Wests Tigers,1.25,3.9,1.29,4.05,1.28,4.1
2014|Rd 16|Brisbane Broncos|Cronulla Sharks,Brisbane Broncos,Brisbane Broncos,1.21,4.3,1.24,4.65,1.27,4.22
2014|Rd 16|Manly Sea Eagles|Sydney Roosters,Manly Sea Eagles,Manly Sea Eagles,1.81,2.03,1.88,2.02,1.81,2.11
2014|Rd 17|South Sydney Rabbitohs|Gold Coast Titans,South Sydney Rabbitohs,South Sydney Rabbitohs,1.13,5.83,1.17,5.98,1.16,6.1
2014|Rd 17|Wests Tigers|Penrith Panthers,Penrith Panthers,Penrith Panthers,3.11,1.37,3.44,1.36,3.39,1.37
2014|Rd 17|Sydney Roosters|Cronulla Sharks,Sydney Roosters,Sydney Roosters,1.04,9.83,1.1,8.6,1.1,8.7
2014|Rd 17|St. George Illawarra Dragons|NQ Cowboys,St. George Illawarra Dragons,NQ Cowboys,1.26,3.78,1.32,3.73,1.35,3.54
2014|Rd 17|Canterbury Bulldogs|Manly Sea Eagles,Manly Sea Eagles,Canterbury Bulldogs,3.68,1.28,3.7,1.33,4.1,1.28
2014|Rd 18|Penrith Panthers|Brisbane Broncos,Penrith Panthers,Penrith Panthers,1.6,2.36,1.66,2.37,1.68,2.32
2014|Rd 18|Cronulla Sharks|Newcastle Knights,Newcastle Knights,Cronulla Sharks,2.0,1.81,2.13,1.8,1.9,2.01
2014|Rd 18|Gold Coast Titans|Canberra Raiders,Gold Coast Titans,Gold Coast Titans,1.59,2.33,1.63,2.44,1.57,2.58
2014|Rd 18|Melbourne Storm|Canterbury Bulldogs,Melbourne Storm,Melbourne Storm,1.42,2.84,1.65,2.4,1.42,3.11
2014|Rd 18|New Zealand Warriors|Parramatta Eels,New Zealand Warriors,New Zealand Warriors,1.23,4.14,1.32,3.73,1.21,5.0
2014|Rd 18|Manly Sea Eagles|Wests Tigers,Manly Sea Eagles,Manly Sea Eagles,1.22,4.24,1.31,3.81,1.21,5.0
2014|Rd 19|St. George Illawarra Dragons|Manly Sea Eagles,Manly Sea Eagles,Manly Sea Eagles,2.75,1.45,2.93,1.47,2.97,1.45
2014|Rd 19|Wests Tigers|Canterbury Bulldogs,Canterbury Bulldogs,Canterbury Bulldogs,3.06,1.37,3.31,1.38,3.35,1.38
2014|Rd 19|Newcastle Knights|Gold Coast Titans,Newcastle Knights,Newcastle Knights,1.23,4.22,1.33,3.64,1.25,4.5
2014|Rd 19|Brisbane Broncos|New Zealand Warriors,Brisbane Broncos,Brisbane Broncos,1.91,1.9,1.81,2.11,2.03,1.88
2014|Rd 19|Melbourne Storm|Canberra Raiders,Melbourne Storm,Melbourne Storm,1.21,4.27,1.22,4.85,1.2,5.27
2014|Rd 19|Sydney Roosters|Penrith Panthers,Sydney Roosters,Sydney Roosters,1.27,3.66,1.27,4.18,1.32,3.77
2014|Rd 19|Cronulla Sharks|NQ Cowboys,NQ Cowboys,NQ Cowboys,2.43,1.56,2.44,1.63,2.49,1.61
2014|Rd 19|Parramatta Eels|South Sydney Rabbitohs,South Sydney Rabbitohs,South Sydney Rabbitohs,2.75,1.45,2.71,1.53,3.01,1.44
2014|Rd 20|Canberra Raiders|South Sydney Rabbitohs,South Sydney Rabbitohs,South Sydney Rabbitohs,3.49,1.3,3.44,1.36,3.17,1.41
2014|Rd 20|Wests Tigers|St. George Illawarra Dragons,Wests Tigers,Wests Tigers,1.68,2.22,1.75,2.2,1.88,2.02
2014|Rd 20|New Zealand Warriors|Manly Sea Eagles,Manly Sea Eagles,Manly Sea Eagles,2.15,1.72,2.04,1.87,2.43,1.63
2014|Rd 20|Canterbury Bulldogs|NQ Cowboys,Canterbury Bulldogs,Canterbury Bulldogs,1.55,2.46,1.58,2.56,1.58,2.56
2014|Rd 20|Gold Coast Titans|Parramatta Eels,Gold Coast Titans,Gold Coast Titans,1.74,2.11,1.75,2.2,1.84,2.08
2014|Rd 20|Penrith Panthers|Cronulla Sharks,Penrith Panthers,Penrith Panthers,1.27,3.67,1.37,3.39,1.32,3.77
2014|Rd 20|Brisbane Broncos|Melbourne Storm,Brisbane Broncos,Brisbane Broncos,1.82,2.02,1.93,1.97,1.87,2.04
2014|Rd 20|Newcastle Knights|Sydney Roosters,Sydney Roosters,Sydney Roosters,4.21,1.22,3.39,1.37,4.89,1.22
2014|Rd 21|Wests Tigers|Melbourne Storm,Melbourne Storm,Melbourne Storm,3.71,1.27,2.93,1.47,3.97,1.29
2014|Rd 21|South Sydney Rabbitohs|Newcastle Knights,South Sydney Rabbitohs,South Sydney Rabbitohs,1.32,3.38,1.36,3.44,1.37,3.41
2014|Rd 21|Canberra Raiders|New Zealand Warriors,New Zealand Warriors,New Zealand Warriors,2.3,1.62,2.65,1.55,2.34,1.68
2014|Rd 21|Sydney Roosters|St. George Illawarra Dragons,Sydney Roosters,Sydney Roosters,1.36,3.11,1.36,3.48,1.49,2.84
2014|Rd 21|NQ Cowboys|Gold Coast Titans,NQ Cowboys,NQ Cowboys,1.23,4.05,1.28,4.1,1.29,4.01
2014|Rd 21|Cronulla Sharks|Parramatta Eels,Parramatta Eels,Cronulla Sharks,2.12,1.73,2.04,1.87,2.21,1.75
2014|Rd 21|Canterbury Bulldogs|Penrith Panthers,Canterbury Bulldogs,Canterbury Bulldogs,1.44,2.8,1.48,2.88,1.48,2.86
2014|Rd 21|Manly Sea Eagles|Brisbane Broncos,Manly Sea Eagles,Manly Sea Eagles,1.35,3.19,1.35,3.52,1.45,2.98
2014|Rd 22|Sydney Roosters|Gold Coast Titans,Sydney Roosters,Sydney Roosters,1.29,3.57,1.24,4.65,1.3,3.93
2014|Rd 22|St. George Illawarra Dragons|Penrith Panthers,St. George Illawarra Dragons,Penrith Panthers,1.55,2.48,1.65,2.4,1.55,2.65
2014|Rd 22|New Zealand Warriors|Cronulla Sharks,New Zealand Warriors,New Zealand Warriors,1.14,5.55,1.19,5.42,1.18,5.72
2014|Rd 22|Parramatta Eels|Canberra Raiders,Parramatta Eels,Parramatta Eels,1.22,4.23,1.24,4.61,1.3,3.89
2014|Rd 22|NQ Cowboys|Wests Tigers,NQ Cowboys,NQ Cowboys,1.1,6.83,1.17,5.8,1.14,6.62
2014|Rd 22|Newcastle Knights|Melbourne Storm,Melbourne Storm,Melbourne Storm,4.25,1.22,4.58,1.24,4.65,1.24
2014|Rd 22|Brisbane Broncos|Canterbury Bulldogs,Brisbane Broncos,Brisbane Broncos,1.81,2.02,1.77,2.18,1.91,2.0
2014|Rd 22|South Sydney Rabbitohs|Manly Sea Eagles,Manly Sea Eagles,South Sydney Rabbitohs,2.0,1.82,2.18,1.77,1.95,1.95
2014|Rd 23|Penrith Panthers|NQ Cowboys,NQ Cowboys,NQ Cowboys,2.0,1.85,2.04,1.87,2.06,1.85
2014|Rd 23|Gold Coast Titans|Manly Sea Eagles,Manly Sea Eagles,Manly Sea Eagles,3.69,1.28,3.89,1.3,3.64,1.33
2014|Rd 23|Newcastle Knights|New Zealand Warriors,New Zealand Warriors,Newcastle Knights,2.35,1.61,2.44,1.63,2.4,1.65
2014|Rd 23|Wests Tigers|Sydney Roosters,Sydney Roosters,Sydney Roosters,4.32,1.21,4.54,1.24,3.97,1.29
2014|Rd 23|Melbourne Storm|Cronulla Sharks,Melbourne Storm,Melbourne Storm,1.08,7.54,1.11,8.04,1.09,9.36
2014|Rd 23|Canberra Raiders|St. George Illawarra Dragons,St. George Illawarra Dragons,Canberra Raiders,2.22,1.67,2.36,1.67,2.28,1.71
2014|Rd 23|Parramatta Eels|Canterbury Bulldogs,Parramatta Eels,Canterbury Bulldogs,1.81,2.03,1.95,1.95,1.85,2.07
2014|Rd 23|South Sydney Rabbitohs|Brisbane Broncos,South Sydney Rabbitohs,South Sydney Rabbitohs,1.35,3.21,1.38,3.31,1.37,3.42
2014|Rd 24|Penrith Panthers|Melbourne Storm,Melbourne Storm,Melbourne Storm,2.83,1.43,2.66,1.54,3.31,1.38
2014|Rd 24|St. George Illawarra Dragons|Gold Coast Titans,St. George Illawarra Dragons,St. George Illawarra Dragons,1.34,3.27,1.48,2.88,1.33,3.69
2014|Rd 24|Cronulla Sharks|Canberra Raiders,Canberra Raiders,Cronulla Sharks,2.3,1.64,1.68,2.34,2.44,1.63
2014|Rd 24|New Zealand Warriors|Sydney Roosters,Sydney Roosters,Sydney Roosters,2.16,1.71,2.02,1.88,2.24,1.73
2014|Rd 24|South Sydney Rabbitohs|NQ Cowboys,South Sydney Rabbitohs,South Sydney Rabbitohs,1.36,3.21,1.4,3.22,1.39,3.27
2014|Rd 24|Brisbane Broncos|Newcastle Knights,Brisbane Broncos,Brisbane Broncos,1.24,3.92,1.37,3.39,1.3,3.89
2014|Rd 24|Parramatta Eels|Manly Sea Eagles,Manly Sea Eagles,Manly Sea Eagles,2.71,1.49,2.62,1.56,2.87,1.48
2014|Rd 24|Canterbury Bulldogs|Wests Tigers,Canterbury Bulldogs,Canterbury Bulldogs,1.15,5.36,1.19,5.42,1.2,5.17
2014|Rd 25|NQ Cowboys|Cronulla Sharks,NQ Cowboys,NQ Cowboys,1.01,15.26,1.04,16.0,1.03,18.5
2014|Rd 25|Manly Sea Eagles|Penrith Panthers,Manly Sea Eagles,Manly Sea Eagles,1.2,4.53,1.24,4.65,1.21,5.0
2014|Rd 25|New Zealand Warriors|Gold Coast Titans,New Zealand Warriors,New Zealand Warriors,1.13,5.85,1.22,4.85,1.16,6.05
2014|Rd 25|Sydney Roosters|Melbourne Storm,Sydney Roosters,Sydney Roosters,1.55,2.5,1.66,2.37,1.55,2.63
2014|Rd 25|Canberra Raiders|Wests Tigers,Canberra Raiders,Canberra Raiders,1.42,2.91,1.45,2.99,1.5,2.8
2014|Rd 25|Newcastle Knights|Parramatta Eels,Parramatta Eels,Newcastle Knights,2.37,1.61,2.37,1.66,2.38,1.65
2014|Rd 25|Brisbane Broncos|St. George Illawarra Dragons,Brisbane Broncos,Brisbane Broncos,1.42,2.91,1.47,2.93,1.4,3.23
2014|Rd 25|Canterbury Bulldogs|South Sydney Rabbitohs,South Sydney Rabbitohs,South Sydney Rabbitohs,3.43,1.32,2.93,1.47,4.14,1.28
2014|Rd 26|Penrith Panthers|New Zealand Warriors,Penrith Panthers,Penrith Panthers,1.74,2.11,1.87,2.04,1.72,2.26
2014|Rd 26|Gold Coast Titans|Canterbury Bulldogs,Canterbury Bulldogs,Canterbury Bulldogs,3.55,1.3,3.69,1.33,3.69,1.33
2014|Rd 26|Newcastle Knights|St. George Illawarra Dragons,Newcastle Knights,Newcastle Knights,1.56,2.47,1.68,2.34,1.61,2.47
2014|Rd 26|NQ Cowboys|Manly Sea Eagles,NQ Cowboys,NQ Cowboys,1.49,2.67,1.77,2.18,1.47,2.93
2014|Rd 26|Canberra Raiders|Parramatta Eels,Parramatta Eels,Canberra Raiders,2.82,1.43,2.97,1.45,2.93,1.47
2014|Rd 26|Wests Tigers|Cronulla Sharks,Wests Tigers,Wests Tigers,1.41,2.89,1.43,3.05,1.44,3.01
2014|Rd 26|Melbourne Storm|Brisbane Broncos,Melbourne Storm,Melbourne Storm,1.33,3.37,1.38,3.31,1.32,3.73
2014|Rd 26|Sydney Roosters|South Sydney Rabbitohs,Sydney Roosters,Sydney Roosters,1.58,2.43,1.61,2.49,1.64,2.42
2014|Grand Final|South Sydney Rabbitohs|Canterbury Bulldogs,,,,,,,,
2014|Prelim Final|South Sydney Rabbitohs|Sydney Roosters,,,,,,,,
2014|Qualif Final|Manly Sea Eagles|South Sydney Rabbitohs,,,,,,,,
2014|Semi Final|Sydney Roosters|NQ Cowboys,,,,,,,,
2014|Prelim Final|Penrith Panthers|Canterbury Bulldogs,,,,,,,,
2014|Qualif Final|NQ Cowboys|Brisbane Broncos,,,,,,,,
2014|Semi Final|Manly Sea Eagles|Canterbury Bulldogs,,,,,,,,
2014|Qualif Final|Sydney Roosters|Penrith Panthers,,,,,,,,
2014|Qualif Final|Melbourne Storm|Canterbury Bulldogs,,,,,,,,
2015|Rd 1|St. George Illawarra Dragons|Melbourne Storm,Melbourne Storm,Melbourne Storm,2.3,1.66,2.11,1.81,2.5,1.6
2015|Rd 1|Cronulla Sharks|Canberra Raiders,Cronulla Sharks,Cronulla Sharks,1.39,3.06,1.43,3.05,1.41,3.18
2015|Rd 1|Penrith Panthers|Canterbury Bulldogs,Canterbury Bulldogs,Penrith Panthers,2.02,1.85,1.98,1.93,1.97,1.93
2015|Rd 1|NQ Cowboys|Sydney Roosters,NQ Cowboys,NQ Cowboys,1.73,2.17,1.74,2.22,1.79,2.14
2015|Rd 1|Gold Coast Titans|Wests Tigers,Wests Tigers,Gold Coast Titans,2.65,1.5,2.71,1.53,2.58,1.57
2015|Rd 1|Newcastle Knights|New Zealand Warriors,Newcastle Knights,Newcastle Knights,1.74,2.17,2.07,1.85,1.59,2.53
2015|Rd 1|Parramatta Eels|Manly Sea Eagles,Parramatta Eels,Manly Sea Eagles,1.93,1.94,2.04,1.87,1.99,1.92
2015|Rd 1|Brisbane Broncos|South Sydney Rabbitohs,South Sydney Rabbitohs,South Sydney Rabbitohs,2.29,1.66,2.44,1.63,2.43,1.63
2015|Rd 2|Wests Tigers|St. George Illawarra Dragons,Wests Tigers,Wests Tigers,1.53,2.56,1.66,2.37,1.52,2.73
2015|Rd 2|Canberra Raiders|New Zealand Warriors,New Zealand Warriors,Canberra Raiders,2.14,1.75,2.22,1.74,2.14,1.79
2015|Rd 2|South Sydney Rabbitohs|Sydney Roosters,South Sydney Rabbitohs,South Sydney Rabbitohs,1.75,2.14,1.77,2.18,1.72,2.26
2015|Rd 2|NQ Cowboys|Newcastle Knights,NQ Cowboys,NQ Cowboys,1.37,3.22,1.42,3.11,1.42,3.11
2015|Rd 2|Manly Sea Eagles|Melbourne Storm,Melbourne Storm,Manly Sea Eagles,2.3,1.66,2.35,1.67,2.52,1.6
2015|Rd 2|Penrith Panthers|Gold Coast Titans,Penrith Panthers,Penrith Panthers,1.22,4.41,1.24,4.65,1.23,4.69
2015|Rd 2|Cronulla Sharks|Brisbane Broncos,Cronulla Sharks,Brisbane Broncos,1.91,1.93,1.95,1.95,1.97,1.93
2015|Rd 2|Canterbury Bulldogs|Parramatta Eels,Canterbury Bulldogs,Canterbury Bulldogs,1.66,2.29,1.67,2.36,1.71,2.27
2015|Rd 3|Sydney Roosters|Penrith Panthers,Sydney Roosters,Sydney Roosters,1.41,3.07,1.43,3.09,1.37,3.39
2015|Rd 3|Gold Coast Titans|Newcastle Knights,Newcastle Knights,Newcastle Knights,2.27,1.67,2.37,1.66,2.18,1.77
2015|Rd 3|South Sydney Rabbitohs|Wests Tigers,South Sydney Rabbitohs,South Sydney Rabbitohs,1.21,4.47,1.28,4.16,1.28,4.06
2015|Rd 3|Melbourne Storm|Cronulla Sharks,Melbourne Storm,Melbourne Storm,1.3,3.63,1.32,3.75,1.3,3.89
2015|Rd 3|Canberra Raiders|St. George Illawarra Dragons,Canberra Raiders,Canberra Raiders,1.59,2.45,1.56,2.6,1.63,2.44
2015|Rd 3|New Zealand Warriors|Parramatta Eels,New Zealand Warriors,New Zealand Warriors,1.39,3.09,1.41,3.16,1.48,2.87
2015|Rd 3|Brisbane Broncos|NQ Cowboys,NQ Cowboys,Brisbane Broncos,1.99,1.89,1.83,2.09,2.08,1.84
2015|Rd 3|Manly Sea Eagles|Canterbury Bulldogs,Canterbury Bulldogs,Manly Sea Eagles,2.46,1.57,2.12,1.81,2.53,1.59
2015|Rd 4|NQ Cowboys|Melbourne Storm,NQ Cowboys,Melbourne Storm,1.79,2.09,1.83,2.09,1.78,2.16
2015|Rd 4|Sydney Roosters|Canberra Raiders,Sydney Roosters,Sydney Roosters,1.14,5.7,1.22,4.85,1.18,5.54
2015|Rd 4|New Zealand Warriors|Brisbane Broncos,New Zealand Warriors,New Zealand Warriors,1.71,2.21,1.64,2.42,1.75,2.2
2015|Rd 4|St. George Illawarra Dragons|Manly Sea Eagles,Manly Sea Eagles,Manly Sea Eagles,2.43,1.59,2.42,1.64,2.7,1.53
2015|Rd 4|Cronulla Sharks|Gold Coast Titans,Cronulla Sharks,Cronulla Sharks,1.48,2.72,1.51,2.77,1.59,2.53
2015|Rd 4|Newcastle Knights|Penrith Panthers,Newcastle Knights,Newcastle Knights,1.87,2.0,1.95,1.95,1.85,2.06
2015|Rd 4|Parramatta Eels|South Sydney Rabbitohs,South Sydney Rabbitohs,South Sydney Rabbitohs,3.39,1.34,3.27,1.39,3.52,1.35
2015|Rd 4|Wests Tigers|Canterbury Bulldogs,Canterbury Bulldogs,Canterbury Bulldogs,3.39,1.34,3.01,1.44,2.94,1.46
2015|Rd 5|Penrith Panthers|NQ Cowboys,Penrith Panthers,Penrith Panthers,1.59,2.4,1.52,2.73,1.74,2.22
2015|Rd 5|Melbourne Storm|New Zealand Warriors,Melbourne Storm,Melbourne Storm,1.41,2.97,1.43,3.09,1.52,2.74
2015|Rd 5|Parramatta Eels|Wests Tigers,Wests Tigers,Parramatta Eels,1.99,1.85,1.77,2.18,2.22,1.74
2015|Rd 5|Sydney Roosters|Cronulla Sharks,Sydney Roosters,Sydney Roosters,1.19,4.71,1.22,4.85,1.26,4.3
2015|Rd 5|Newcastle Knights|St. George Illawarra Dragons,Newcastle Knights,Newcastle Knights,1.37,3.14,1.46,2.96,1.36,3.44
2015|Rd 5|Manly Sea Eagles|Canberra Raiders,Manly Sea Eagles,Manly Sea Eagles,1.63,2.33,1.53,2.7,1.8,2.13
2015|Rd 5|Gold Coast Titans|Brisbane Broncos,Brisbane Broncos,Brisbane Broncos,2.45,1.56,2.7,1.53,2.65,1.55
2015|Rd 5|Canterbury Bulldogs|South Sydney Rabbitohs,South Sydney Rabbitohs,South Sydney Rabbitohs,2.31,1.64,2.7,1.53,2.22,1.74
2015|Rd 6|South Sydney Rabbitohs|NQ Cowboys,NQ Cowboys,South Sydney Rabbitohs,1.93,1.91,1.79,2.15,2.16,1.78
2015|Rd 6|St. George Illawarra Dragons|Canterbury Bulldogs,St. George Illawarra Dragons,Canterbury Bulldogs,1.87,1.97,2.0,1.91,1.83,2.09
2015|Rd 6|Canberra Raiders|Melbourne Storm,Melbourne Storm,Melbourne Storm,2.4,1.61,2.96,1.46,2.52,1.6
2015|Rd 6|Penrith Panthers|Manly Sea Eagles,Penrith Panthers,Penrith Panthers,1.41,2.93,1.49,2.82,1.41,3.17
2015|Rd 6|New Zealand Warriors|Wests Tigers,New Zealand Warriors,New Zealand Warriors,1.41,2.97,1.42,3.11,1.49,2.84
2015|Rd 6|Parramatta Eels|Gold Coast Titans,Parramatta Eels,Parramatta Eels,1.4,3.02,1.49,2.82,1.51,2.75
2015|Rd 6|Brisbane Broncos|Sydney Roosters,Sydney Roosters,Brisbane Broncos,2.29,1.65,2.06,1.85,2.39,1.65
2015|Rd 6|Cronulla Sharks|Newcastle Knights,Cronulla Sharks,Newcastle Knights,1.75,2.11,1.85,2.06,1.81,2.12
2015|Rd 7|Cronulla Sharks|South Sydney Rabbitohs,South Sydney Rabbitohs,South Sydney Rabbitohs,2.71,1.49,2.27,1.71,2.8,1.5
2015|Rd 7|Newcastle Knights|Parramatta Eels,Newcastle Knights,Newcastle Knights,1.48,2.74,1.46,2.96,1.5,2.8
2015|Rd 7|Wests Tigers|Canberra Raiders,Wests Tigers,Wests Tigers,1.35,3.32,1.42,3.11,1.29,3.97
2015|Rd 7|Melbourne Storm|Sydney Roosters,Sydney Roosters,Melbourne Storm,2.2,1.71,2.04,1.87,2.29,1.7
2015|Rd 7|NQ Cowboys|New Zealand Warriors,NQ Cowboys,NQ Cowboys,1.33,3.42,1.39,3.29,1.32,3.78
2015|Rd 7|Gold Coast Titans|Penrith Panthers,Gold Coast Titans,Penrith Panthers,1.72,2.19,1.98,1.93,1.67,2.35
2015|Rd 7|Canterbury Bulldogs|Manly Sea Eagles,Canterbury Bulldogs,Canterbury Bulldogs,1.67,2.27,1.81,2.11,1.59,2.53
2015|Rd 7|St. George Illawarra Dragons|Brisbane Broncos,Brisbane Broncos,Brisbane Broncos,2.26,1.69,2.23,1.74,2.4,1.65
2015|Rd 8|South Sydney Rabbitohs|Canberra Raiders,South Sydney Rabbitohs,South Sydney Rabbitohs,1.33,3.38,1.23,4.39,1.38,3.32
2015|Rd 8|Penrith Panthers|Cronulla Sharks,Cronulla Sharks,Penrith Panthers,2.18,1.73,1.77,2.11,2.52,1.6
2015|Rd 8|Brisbane Broncos|Parramatta Eels,Brisbane Broncos,Brisbane Broncos,1.36,3.22,1.3,3.73,1.42,3.14
2015|Rd 8|Melbourne Storm|Manly Sea Eagles,Melbourne Storm,Melbourne Storm,1.27,3.83,1.2,4.8,1.33,3.64
2015|Rd 8|Sydney Roosters|St. George Illawarra Dragons,Sydney Roosters,Sydney Roosters,1.42,2.95,1.45,2.85,1.43,3.1
2015|Rd 8|Newcastle Knights|NQ Cowboys,NQ Cowboys,NQ Cowboys,,,,,,
2015|Rd 8|New Zealand Warriors|Gold Coast Titans,New Zealand Warriors,New Zealand Warriors,1.32,3.48,1.33,3.47,1.37,3.4
2015|Rd 8|Canterbury Bulldogs|Wests Tigers,Canterbury Bulldogs,Canterbury Bulldogs,1.7,2.22,1.87,2.04,1.75,2.21
2015|Rd 9|South Sydney Rabbitohs|St. George Illawarra Dragons,South Sydney Rabbitohs,South Sydney Rabbitohs,1.47,2.77,1.57,2.49,1.5,2.8
2015|Rd 9|Parramatta Eels|Melbourne Storm,Melbourne Storm,Melbourne Storm,2.17,1.72,2.25,1.68,2.25,1.68
2015|Rd 9|Manly Sea Eagles|Newcastle Knights,Manly Sea Eagles,Manly Sea Eagles,1.74,2.13,1.71,2.2,1.66,2.3
2015|Rd 9|NQ Cowboys|Canterbury Bulldogs,NQ Cowboys,NQ Cowboys,1.38,3.12,1.38,3.16,1.38,3.16
2015|Rd 9|Cronulla Sharks|New Zealand Warriors,Cronulla Sharks,New Zealand Warriors,1.87,1.98,1.74,2.16,1.74,2.16
2015|Rd 9|Canberra Raiders|Gold Coast Titans,Canberra Raiders,Canberra Raiders,1.57,2.45,1.59,2.45,1.67,2.28
2015|Rd 9|Brisbane Broncos|Penrith Panthers,Brisbane Broncos,Brisbane Broncos,1.32,3.43,1.34,3.39,1.32,3.55
2015|Rd 9|Sydney Roosters|Wests Tigers,Sydney Roosters,Sydney Roosters,1.35,3.27,1.38,3.2,1.38,3.2
2015|Rd 10|Manly Sea Eagles|Penrith Panthers,Manly Sea Eagles,Manly Sea Eagles,1.67,2.28,1.7,2.22,1.63,2.43
2015|Rd 10|Newcastle Knights|Wests Tigers,Newcastle Knights,Newcastle Knights,1.76,2.13,1.75,2.14,1.72,2.25
2015|Rd 10|St. George Illawarra Dragons|Canberra Raiders,St. George Illawarra Dragons,St. George Illawarra Dragons,1.51,2.64,1.54,2.57,1.47,2.9
2015|Rd 10|Melbourne Storm|South Sydney Rabbitohs,Melbourne Storm,Melbourne Storm,1.46,2.78,1.43,2.93,1.43,3.08
2015|Rd 10|Gold Coast Titans|Cronulla Sharks,Gold Coast Titans,Gold Coast Titans,1.68,2.26,1.69,2.24,1.71,2.27
2015|Rd 10|Parramatta Eels|New Zealand Warriors,New Zealand Warriors,New Zealand Warriors,1.98,1.87,2.08,1.79,1.84,2.08
2015|Rd 10|Canterbury Bulldogs|Sydney Roosters,Sydney Roosters,Sydney Roosters,2.52,1.56,2.57,1.54,2.71,1.53
2015|Rd 10|NQ Cowboys|Brisbane Broncos,NQ Cowboys,NQ Cowboys,1.65,2.32,1.65,2.31,1.59,2.53
2015|Rd 11|Newcastle Knights|Brisbane Broncos,Newcastle Knights,Brisbane Broncos,1.53,2.6,1.51,2.65,1.53,2.68
2015|Rd 11|Canberra Raiders|Canterbury Bulldogs,Canberra Raiders,Canberra Raiders,1.45,2.84,1.57,2.49,1.47,2.93
2015|Rd 11|Wests Tigers|NQ Cowboys,Wests Tigers,NQ Cowboys,1.48,2.76,1.49,2.74,1.45,3.0
2015|Rd 11|South Sydney Rabbitohs|Parramatta Eels,South Sydney Rabbitohs,South Sydney Rabbitohs,1.45,2.84,1.48,2.75,1.47,2.93
2015|Rd 12|Sydney Roosters|Melbourne Storm,Sydney Roosters,Sydney Roosters,1.43,2.92,1.53,2.61,1.43,3.1
2015|Rd 12|St. George Illawarra Dragons|Cronulla Sharks,St. George Illawarra Dragons,St. George Illawarra Dragons,1.41,2.96,1.43,2.93,1.35,3.54
2015|Rd 12|New Zealand Warriors|Newcastle Knights,New Zealand Warriors,New Zealand Warriors,1.24,4.09,1.3,3.73,1.29,4.02
2015|Rd 12|NQ Cowboys|Manly Sea Eagles,NQ Cowboys,NQ Cowboys,1.23,4.26,1.31,3.62,1.2,5.31
2015|Rd 12|Canberra Raiders|Brisbane Broncos,Canberra Raiders,Brisbane Broncos,1.75,2.14,1.93,1.93,1.68,2.32
2015|Rd 12|Gold Coast Titans|South Sydney Rabbitohs,South Sydney Rabbitohs,South Sydney Rabbitohs,2.56,1.53,2.65,1.51,2.8,1.5
2015|Rd 12|Penrith Panthers|Parramatta Eels,Penrith Panthers,Penrith Panthers,1.37,3.2,1.34,3.39,1.4,3.22
2015|Rd 13|Parramatta Eels|NQ Cowboys,NQ Cowboys,NQ Cowboys,2.48,1.56,2.69,1.5,2.52,1.6
2015|Rd 13|Canterbury Bulldogs|St. George Illawarra Dragons,Canterbury Bulldogs,Canterbury Bulldogs,1.8,2.1,1.93,1.93,1.71,2.27
2015|Rd 13|Cronulla Sharks|Sydney Roosters,Sydney Roosters,Sydney Roosters,3.62,1.3,3.2,1.38,3.42,1.37
2015|Rd 13|Penrith Panthers|Melbourne Storm,Melbourne Storm,Melbourne Storm,2.25,1.69,2.28,1.67,2.35,1.67
2015|Rd 13|South Sydney Rabbitohs|New Zealand Warriors,South Sydney Rabbitohs,South Sydney Rabbitohs,1.6,2.43,1.61,2.4,1.6,2.51
2015|Rd 13|Newcastle Knights|Canberra Raiders,Canberra Raiders,Newcastle Knights,2.03,1.83,1.98,1.88,2.08,1.84
2015|Rd 13|Brisbane Broncos|Manly Sea Eagles,Brisbane Broncos,Brisbane Broncos,1.43,2.91,1.38,3.16,1.51,2.77
2015|Rd 13|Wests Tigers|Gold Coast Titans,Wests Tigers,Wests Tigers,1.84,2.03,1.69,2.24,1.85,2.07
2015|Rd 14|Melbourne Storm|Parramatta Eels,Parramatta Eels,Melbourne Storm,2.2,1.73,2.08,1.79,2.35,1.67
2015|Rd 14|Gold Coast Titans|Canterbury Bulldogs,Canterbury Bulldogs,Canterbury Bulldogs,2.26,1.68,2.34,1.64,2.45,1.62
2015|Rd 14|New Zealand Warriors|Sydney Roosters,New Zealand Warriors,Sydney Roosters,1.63,2.35,1.64,2.34,1.72,2.26
2015|Rd 14|Wests Tigers|South Sydney Rabbitohs,South Sydney Rabbitohs,South Sydney Rabbitohs,3.62,1.31,3.06,1.4,3.96,1.3
2015|Rd 15|St. George Illawarra Dragons|Sydney Roosters,Sydney Roosters,Sydney Roosters,2.49,1.57,2.63,1.54,2.84,1.49
2015|Rd 15|Melbourne Storm|Brisbane Broncos,Brisbane Broncos,Melbourne Storm,2.31,1.65,2.05,1.81,2.37,1.66
2015|Rd 15|Newcastle Knights|Cronulla Sharks,Newcastle Knights,Newcastle Knights,1.76,2.12,1.81,2.05,1.92,1.99
2015|Rd 15|Canterbury Bulldogs|Penrith Panthers,Canterbury Bulldogs,Canterbury Bulldogs,1.54,2.55,1.45,2.85,1.56,2.59
2015|Rd 15|Gold Coast Titans|New Zealand Warriors,New Zealand Warriors,Gold Coast Titans,2.23,1.69,2.04,1.83,2.45,1.62
2015|Rd 15|Canberra Raiders|NQ Cowboys,Canberra Raiders,NQ Cowboys,1.75,2.14,1.85,2.0,1.83,2.1
2015|Rd 15|Manly Sea Eagles|Wests Tigers,Manly Sea Eagles,Manly Sea Eagles,1.58,2.48,1.47,2.81,1.51,2.76
2015|Rd 16|Canterbury Bulldogs|Melbourne Storm,Canterbury Bulldogs,Melbourne Storm,1.39,3.16,1.52,2.63,1.41,3.18
2015|Rd 16|Wests Tigers|Penrith Panthers,Wests Tigers,Wests Tigers,1.63,2.36,1.79,2.08,1.52,2.73
2015|Rd 16|Sydney Roosters|Gold Coast Titans,Sydney Roosters,Sydney Roosters,1.11,6.52,1.14,6.2,1.1,8.45
2015|Rd 16|Parramatta Eels|St. George Illawarra Dragons,St. George Illawarra Dragons,St. George Illawarra Dragons,2.2,1.71,2.31,1.65,2.45,1.62
2015|Rd 16|NQ Cowboys|Cronulla Sharks,NQ Cowboys,NQ Cowboys,1.5,2.68,1.51,2.67,1.59,2.53
2015|Rd 16|New Zealand Warriors|Canberra Raiders,New Zealand Warriors,New Zealand Warriors,1.5,2.68,1.44,2.91,1.52,2.72
2015|Rd 16|Brisbane Broncos|Newcastle Knights,Brisbane Broncos,Brisbane Broncos,1.17,5.14,1.18,5.31,1.16,6.05
2015|Rd 16|South Sydney Rabbitohs|Manly Sea Eagles,South Sydney Rabbitohs,South Sydney Rabbitohs,1.34,3.42,1.4,3.06,1.33,3.67
2015|Rd 17|Wests Tigers|Parramatta Eels,Parramatta Eels,Wests Tigers,2.91,1.43,2.28,1.67,3.14,1.42
2015|Rd 17|Manly Sea Eagles|Cronulla Sharks,Manly Sea Eagles,Manly Sea Eagles,1.4,3.04,1.5,2.7,1.3,3.89
2015|Rd 17|St. George Illawarra Dragons|NQ Cowboys,St. George Illawarra Dragons,NQ Cowboys,1.74,2.13,1.42,2.99,1.75,2.2
2015|Rd 17|Penrith Panthers|South Sydney Rabbitohs,South Sydney Rabbitohs,South Sydney Rabbitohs,2.53,1.55,2.18,1.72,2.89,1.47
2015|Rd 18|Gold Coast Titans|Manly Sea Eagles,Manly Sea Eagles,Manly Sea Eagles,2.88,1.44,3.16,1.38,2.93,1.47
2015|Rd 18|Cronulla Sharks|St. George Illawarra Dragons,Cronulla Sharks,St. George Illawarra Dragons,1.39,3.12,2.0,1.85,1.34,3.56
2015|Rd 18|New Zealand Warriors|Melbourne Storm,New Zealand Warriors,Melbourne Storm,1.58,2.45,1.47,2.8,1.69,2.31
2015|Rd 18|Canterbury Bulldogs|Brisbane Broncos,Canterbury Bulldogs,Brisbane Broncos,1.59,2.44,1.47,2.8,1.58,2.56
2015|Rd 18|Penrith Panthers|Sydney Roosters,Sydney Roosters,Sydney Roosters,2.79,1.46,2.8,1.47,2.88,1.48
2015|Rd 18|Canberra Raiders|Newcastle Knights,Canberra Raiders,Canberra Raiders,1.4,3.06,1.44,2.92,1.38,3.35
2015|Rd 19|Manly Sea Eagles|NQ Cowboys,Manly Sea Eagles,NQ Cowboys,1.92,1.95,1.83,2.03,1.83,2.1
2015|Rd 19|Brisbane Broncos|Wests Tigers,Brisbane Broncos,Brisbane Broncos,1.15,5.6,1.2,4.8,1.2,5.18
2015|Rd 19|Sydney Roosters|New Zealand Warriors,Sydney Roosters,Sydney Roosters,1.32,3.55,1.32,3.57,1.39,3.27
2015|Rd 19|St. George Illawarra Dragons|South Sydney Rabbitohs,South Sydney Rabbitohs,South Sydney Rabbitohs,2.97,1.42,3.39,1.34,2.78,1.51
2015|Rd 19|Newcastle Knights|Gold Coast Titans,Newcastle Knights,Newcastle Knights,1.5,2.7,1.62,2.38,1.49,2.84
2015|Rd 19|Canberra Raiders|Cronulla Sharks,Canberra Raiders,Canberra Raiders,1.62,2.4,1.62,2.38,1.69,2.31
2015|Rd 19|Melbourne Storm|Penrith Panthers,Melbourne Storm,Melbourne Storm,1.39,3.17,1.47,2.8,1.38,3.31
2015|Rd 19|Parramatta Eels|Canterbury Bulldogs,Canterbury Bulldogs,Canterbury Bulldogs,3.09,1.4,3.39,1.34,3.14,1.42
2015|Rd 20|NQ Cowboys|Parramatta Eels,NQ Cowboys,NQ Cowboys,1.06,9.03,1.11,7.8,1.07,11.25
2015|Rd 20|Canterbury Bulldogs|Cronulla Sharks,Canterbury Bulldogs,Canterbury Bulldogs,1.36,3.28,1.41,3.03,1.34,3.56
2015|Rd 20|Penrith Panthers|Canberra Raiders,Penrith Panthers,Penrith Panthers,1.86,2.01,1.77,2.11,1.83,2.09
2015|Rd 20|South Sydney Rabbitohs|Newcastle Knights,South Sydney Rabbitohs,South Sydney Rabbitohs,1.14,5.8,1.19,5.04,1.19,5.35
2015|Rd 20|Melbourne Storm|St. George Illawarra Dragons,Melbourne Storm,Melbourne Storm,1.5,2.69,1.42,3.01,1.51,2.75
2015|Rd 20|New Zealand Warriors|Manly Sea Eagles,New Zealand Warriors,New Zealand Warriors,1.36,3.28,1.29,3.76,1.5,2.8
2015|Rd 20|Brisbane Broncos|Gold Coast Titans,Brisbane Broncos,Brisbane Broncos,1.11,6.75,1.15,5.88,1.16,6.2
2015|Rd 20|Wests Tigers|Sydney Roosters,Sydney Roosters,Sydney Roosters,6.01,1.13,5.17,1.18,6.41,1.15
2015|Rd 21|Gold Coast Titans|Parramatta Eels,Gold Coast Titans,Gold Coast Titans,1.55,2.56,1.54,2.57,1.63,2.4
2015|Rd 21|South Sydney Rabbitohs|Penrith Panthers,South Sydney Rabbitohs,South Sydney Rabbitohs,1.12,6.09,1.13,6.46,1.16,6.12
2015|Rd 21|St. George Illawarra Dragons|Newcastle Knights,St. George Illawarra Dragons,St. George Illawarra Dragons,1.37,3.2,1.4,3.06,1.38,3.28
2015|Rd 21|Manly Sea Eagles|Brisbane Broncos,Brisbane Broncos,Brisbane Broncos,2.74,1.48,2.77,1.48,2.86,1.48
2015|Rd 21|NQ Cowboys|Canberra Raiders,NQ Cowboys,NQ Cowboys,1.22,4.35,1.23,4.44,1.26,4.34
2015|Rd 21|New Zealand Warriors|Cronulla Sharks,New Zealand Warriors,New Zealand Warriors,1.78,2.11,1.77,2.11,1.69,2.31
2015|Rd 21|Sydney Roosters|Canterbury Bulldogs,Sydney Roosters,Sydney Roosters,1.3,3.75,1.35,3.34,1.31,3.81
2015|Rd 21|Wests Tigers|Melbourne Storm,Melbourne Storm,Melbourne Storm,3.1,1.4,3.17,1.38,3.39,1.37
2015|Rd 22|Canberra Raiders|Wests Tigers,Canberra Raiders,Canberra Raiders,1.44,2.88,1.36,3.1,1.44,2.8
2015|Rd 22|Newcastle Knights|Sydney Roosters,Sydney Roosters,Sydney Roosters,5.89,1.14,5.75,1.14,5.25,1.16
2015|Rd 22|Melbourne Storm|Gold Coast Titans,Melbourne Storm,Melbourne Storm,1.17,5.34,1.14,5.75,1.14,5.75
2015|Rd 22|Parramatta Eels|Penrith Panthers,Penrith Panthers,Penrith Panthers,2.4,1.62,2.4,1.58,2.35,1.6
2015|Rd 22|Cronulla Sharks|NQ Cowboys,NQ Cowboys,NQ Cowboys,2.45,1.58,2.4,1.58,2.35,1.6
2015|Rd 22|New Zealand Warriors|St. George Illawarra Dragons,St. George Illawarra Dragons,New Zealand Warriors,2.28,1.67,1.7,2.18,2.3,1.62
2015|Rd 22|Brisbane Broncos|Canterbury Bulldogs,Brisbane Broncos,Brisbane Broncos,1.45,2.88,1.42,2.9,1.45,2.75
2015|Rd 22|Manly Sea Eagles|South Sydney Rabbitohs,South Sydney Rabbitohs,South Sydney Rabbitohs,2.17,1.75,2.45,1.56,2.1,1.75
2015|Rd 23|Cronulla Sharks|Melbourne Storm,Cronulla Sharks,Melbourne Storm,1.81,2.07,1.72,2.19,1.76,2.19
2015|Rd 23|Canterbury Bulldogs|Gold Coast Titans,Canterbury Bulldogs,Canterbury Bulldogs,1.13,5.99,1.14,6.2,1.14,6.69
2015|Rd 23|Canberra Raiders|Manly Sea Eagles,Manly Sea Eagles,Manly Sea Eagles,2.59,1.53,2.54,1.55,2.57,1.57
2015|Rd 23|Sydney Roosters|Parramatta Eels,Sydney Roosters,Sydney Roosters,1.06,8.87,1.08,8.7,1.07,11.51
2015|Rd 23|Penrith Panthers|New Zealand Warriors,Penrith Panthers,Penrith Panthers,1.36,3.24,1.34,3.45,1.53,2.69
2015|Rd 23|Wests Tigers|Newcastle Knights,Wests Tigers,Wests Tigers,1.41,2.98,1.4,3.06,1.36,3.48
2015|Rd 23|Brisbane Broncos|St. George Illawarra Dragons,Brisbane Broncos,Brisbane Broncos,1.26,3.9,1.26,4.07,1.31,3.81
2015|Rd 23|NQ Cowboys|South Sydney Rabbitohs,NQ Cowboys,NQ Cowboys,1.49,2.7,1.51,2.67,1.48,2.88
2015|Rd 24|Melbourne Storm|Newcastle Knights,Melbourne Storm,Melbourne Storm,1.11,6.4,1.14,6.12,1.14,6.76
2015|Rd 24|Manly Sea Eagles|Parramatta Eels,Manly Sea Eagles,Manly Sea Eagles,1.09,7.42,1.14,6.2,1.12,7.51
2015|Rd 24|Gold Coast Titans|Canberra Raiders,Canberra Raiders,Canberra Raiders,3.01,1.41,2.93,1.43,2.93,1.47
2015|Rd 24|Sydney Roosters|Brisbane Broncos,Sydney Roosters,Sydney Roosters,1.48,2.71,1.51,2.67,1.48,2.88
2015|Rd 24|New Zealand Warriors|NQ Cowboys,NQ Cowboys,NQ Cowboys,4.64,1.2,4.37,1.24,4.93,1.22
2015|Rd 24|Cronulla Sharks|Wests Tigers,Cronulla Sharks,Cronulla Sharks,1.44,2.88,1.37,3.22,1.58,2.56
2015|Rd 24|South Sydney Rabbitohs|Canterbury Bulldogs,South Sydney Rabbitohs,South Sydney Rabbitohs,1.92,1.94,2.09,1.79,1.75,2.2
2015|Rd 24|St. George Illawarra Dragons|Penrith Panthers,St. George Illawarra Dragons,St. George Illawarra Dragons,1.41,3.0,1.43,2.93,1.34,3.56
2015|Rd 25|Canberra Raiders|Penrith Panthers,Canberra Raiders,Canberra Raiders,1.48,2.73,1.52,2.63,1.49,2.83
2015|Rd 25|Gold Coast Titans|St. George Illawarra Dragons,St. George Illawarra Dragons,St. George Illawarra Dragons,3.31,1.36,2.79,1.47,3.92,1.3
2015|Rd 25|Wests Tigers|New Zealand Warriors,Wests Tigers,Wests Tigers,1.29,3.78,1.44,2.91,1.32,3.73
2015|Rd 25|Melbourne Storm|NQ Cowboys,Melbourne Storm,Melbourne Storm,1.73,2.18,1.65,2.31,1.71,2.27
2015|Rd 25|Newcastle Knights|Canterbury Bulldogs,Canterbury Bulldogs,Canterbury Bulldogs,3.06,1.38,3.45,1.34,3.14,1.42
2015|Rd 25|Parramatta Eels|Cronulla Sharks,Cronulla Sharks,Parramatta Eels,2.59,1.53,2.63,1.52,2.52,1.6
2015|Rd 25|Manly Sea Eagles|Sydney Roosters,Sydney Roosters,Sydney Roosters,1.96,1.9,2.09,1.79,1.8,2.13
2015|Rd 25|South Sydney Rabbitohs|Brisbane Broncos,Brisbane Broncos,South Sydney Rabbitohs,2.2,1.71,2.25,1.68,2.34,1.68
2015|Rd 26|Canterbury Bulldogs|New Zealand Warriors,Canterbury Bulldogs,Canterbury Bulldogs,1.07,8.05,1.01,25.5,1.01,25.5
2015|Rd 26|Cronulla Sharks|Manly Sea Eagles,Cronulla Sharks,Manly Sea Eagles,1.46,2.85,1.54,2.57,1.44,3.05
2015|Rd 26|Parramatta Eels|Canberra Raiders,Parramatta Eels,Parramatta Eels,1.57,2.5,1.6,2.42,1.49,2.82
2015|Rd 26|NQ Cowboys|Gold Coast Titans,NQ Cowboys,NQ Cowboys,1.16,5.39,1.21,4.71,1.13,7.28
2015|Rd 26|St. George Illawarra Dragons|Wests Tigers,St. George Illawarra Dragons,St. George Illawarra Dragons,1.75,2.13,1.69,2.24,1.92,1.99
2015|Rd 26|Penrith Panthers|Newcastle Knights,Newcastle Knights,Penrith Panthers,2.68,1.5,2.07,1.8,3.08,1.43
2015|Rd 26|Sydney Roosters|South Sydney Rabbitohs,Sydney Roosters,Sydney Roosters,1.32,3.54,1.37,3.22,1.24,4.61
2015|Rd 26|Brisbane Broncos|Melbourne Storm,Brisbane Broncos,Brisbane Broncos,1.73,2.17,1.83,2.03,1.74,2.22
2015|Grand Final|Brisbane Broncos|NQ Cowboys,,,,,,,,
2015|Prelim Final|Brisbane Broncos|Sydney Roosters,,,,,,,,
2015|Qualif Final|Sydney Roosters|Melbourne Storm,,,,,,,,
2015|Semi Final|Sydney Roosters|Canterbury Bulldogs,,,,,,,,
2015|Prelim Final|Melbourne Storm|NQ Cowboys,,,,,,,,
2015|Qualif Final|Brisbane Broncos|NQ Cowboys,,,,,,,,
2015|Semi Final|NQ Cowboys|Cronulla Sharks,,,,,,,,
2015|Qualif Final|Canterbury Bulldogs|St. George Illawarra Dragons,,,,,,,,
2015|Qualif Final|Cronulla Sharks|South Sydney Rabbitohs,,,,,,,,
2016|Rd 1|Melbourne Storm|St. George Illawarra Dragons,Melbourne Storm,Melbourne Storm,1.4,3.1,1.4,3.2,1.38,3.32
2016|Rd 1|Gold Coast Titans|Newcastle Knights,Gold Coast Titans,Gold Coast Titans,1.88,1.99,2.1,1.78,1.95,1.95
2016|Rd 1|Sydney Roosters|South Sydney Rabbitohs,South Sydney Rabbitohs,Sydney Roosters,2.05,1.81,2.16,1.74,1.95,1.95
2016|Rd 1|NQ Cowboys|Cronulla Sharks,NQ Cowboys,NQ Cowboys,1.41,3.01,1.34,3.42,1.38,3.31
2016|Rd 1|Wests Tigers|New Zealand Warriors,New Zealand Warriors,Wests Tigers,3.1,1.39,3.06,1.4,3.18,1.41
2016|Rd 1|Canberra Raiders|Penrith Panthers,Canberra Raiders,Canberra Raiders,1.56,2.52,1.57,2.48,1.56,2.62
2016|Rd 1|Manly Sea Eagles|Canterbury Bulldogs,Manly Sea Eagles,Manly Sea Eagles,1.6,2.42,1.57,2.48,1.57,2.57
2016|Rd 1|Parramatta Eels|Brisbane Broncos,Brisbane Broncos,Brisbane Broncos,2.61,1.53,2.69,1.5,2.8,1.5
2016|Rd 2|Wests Tigers|Manly Sea Eagles,Manly Sea Eagles,Wests Tigers,2.24,1.7,2.58,1.54,2.35,1.66
2016|Rd 2|Melbourne Storm|Gold Coast Titans,Melbourne Storm,Melbourne Storm,1.22,4.52,1.18,5.33,1.26,4.38
2016|Rd 2|Cronulla Sharks|St. George Illawarra Dragons,Cronulla Sharks,Cronulla Sharks,1.57,2.51,1.52,2.63,1.65,2.39
2016|Rd 2|Parramatta Eels|NQ Cowboys,NQ Cowboys,NQ Cowboys,2.29,1.68,2.47,1.58,2.22,1.74
2016|Rd 2|South Sydney Rabbitohs|Newcastle Knights,South Sydney Rabbitohs,South Sydney Rabbitohs,1.29,3.73,1.3,3.73,1.33,3.69
2016|Rd 2|Canberra Raiders|Sydney Roosters,Canberra Raiders,Sydney Roosters,1.9,1.99,2.03,1.83,1.79,2.15
2016|Rd 2|Brisbane Broncos|New Zealand Warriors,Brisbane Broncos,Brisbane Broncos,1.33,3.45,1.33,3.52,1.36,3.44
2016|Rd 2|Penrith Panthers|Canterbury Bulldogs,Canterbury Bulldogs,Canterbury Bulldogs,2.37,1.63,2.4,1.61,2.3,1.69
2016|Rd 3|Manly Sea Eagles|Cronulla Sharks,Cronulla Sharks,Manly Sea Eagles,1.97,1.9,1.95,1.95,1.93,1.96
2016|Rd 3|St. George Illawarra Dragons|South Sydney Rabbitohs,South Sydney Rabbitohs,South Sydney Rabbitohs,3.01,1.42,3.05,1.41,2.91,1.47
2016|Rd 3|New Zealand Warriors|Melbourne Storm,Melbourne Storm,Melbourne Storm,1.98,1.9,1.81,2.05,2.11,1.81
2016|Rd 3|Gold Coast Titans|Wests Tigers,Wests Tigers,Gold Coast Titans,1.97,1.91,2.16,1.74,1.88,2.02
2016|Rd 3|Penrith Panthers|Brisbane Broncos,Brisbane Broncos,Brisbane Broncos,2.94,1.44,2.75,1.48,2.99,1.45
2016|Rd 3|Newcastle Knights|Canberra Raiders,Canberra Raiders,Canberra Raiders,2.42,1.61,2.2,1.71,2.3,1.69
2016|Rd 3|Canterbury Bulldogs|Parramatta Eels,Canterbury Bulldogs,Canterbury Bulldogs,1.59,2.47,1.63,2.36,1.65,2.38
2016|Rd 3|NQ Cowboys|Sydney Roosters,NQ Cowboys,NQ Cowboys,1.25,4.05,1.25,4.19,1.28,4.14
2016|Rd 4|Cronulla Sharks|Melbourne Storm,Cronulla Sharks,Melbourne Storm,1.8,2.1,1.69,2.24,1.79,2.14
2016|Rd 4|Wests Tigers|Parramatta Eels,Parramatta Eels,Wests Tigers,2.5,1.58,2.57,1.54,2.54,1.58
2016|Rd 4|New Zealand Warriors|Newcastle Knights,New Zealand Warriors,New Zealand Warriors,1.19,4.78,1.24,4.33,1.22,4.9
2016|Rd 4|St. George Illawarra Dragons|Penrith Panthers,St. George Illawarra Dragons,St. George Illawarra Dragons,1.83,2.05,1.8,2.07,1.97,1.93
2016|Rd 4|Sydney Roosters|Manly Sea Eagles,Manly Sea Eagles,Sydney Roosters,2.34,1.65,2.4,1.61,2.2,1.75
2016|Rd 4|Canberra Raiders|Gold Coast Titans,Canberra Raiders,Canberra Raiders,1.53,2.62,1.43,2.97,1.53,2.69
2016|Rd 4|Brisbane Broncos|NQ Cowboys,Brisbane Broncos,Brisbane Broncos,1.65,2.33,1.65,2.31,1.68,2.33
2016|Rd 4|South Sydney Rabbitohs|Canterbury Bulldogs,Canterbury Bulldogs,South Sydney Rabbitohs,2.56,1.55,2.57,1.54,2.78,1.51
2016|Rd 5|Canterbury Bulldogs|Canberra Raiders,Canterbury Bulldogs,Canterbury Bulldogs,1.52,2.63,1.41,3.03,1.56,2.6
2016|Rd 5|Parramatta Eels|Penrith Panthers,Parramatta Eels,Parramatta Eels,1.52,2.65,1.47,2.79,1.58,2.54
2016|Rd 5|Sydney Roosters|New Zealand Warriors,New Zealand Warriors,Sydney Roosters,2.27,1.68,2.34,1.64,2.25,1.72
2016|Rd 5|NQ Cowboys|St. George Illawarra Dragons,NQ Cowboys,NQ Cowboys,1.24,4.16,1.22,4.59,1.28,4.14
2016|Rd 5|Wests Tigers|Cronulla Sharks,Cronulla Sharks,Wests Tigers,2.23,1.7,2.3,1.66,2.12,1.81
2016|Rd 5|Melbourne Storm|Newcastle Knights,Melbourne Storm,Melbourne Storm,1.15,5.6,1.14,6.31,1.2,5.16
2016|Rd 5|Gold Coast Titans|Brisbane Broncos,Brisbane Broncos,Brisbane Broncos,4.41,1.22,4.37,1.23,5.16,1.2
2016|Rd 5|Manly Sea Eagles|South Sydney Rabbitohs,South Sydney Rabbitohs,South Sydney Rabbitohs,2.65,1.53,2.55,1.55,2.53,1.59
2016|Rd 6|Melbourne Storm|Canterbury Bulldogs,Melbourne Storm,Melbourne Storm,1.67,2.3,1.63,2.36,1.66,2.37
2016|Rd 6|Newcastle Knights|Wests Tigers,Wests Tigers,Newcastle Knights,2.07,1.82,2.05,1.81,2.25,1.72
2016|Rd 6|Cronulla Sharks|Gold Coast Titans,Cronulla Sharks,Cronulla Sharks,1.28,3.9,1.27,4.02,1.31,3.81
2016|Rd 6|Penrith Panthers|NQ Cowboys,NQ Cowboys,NQ Cowboys,2.3,1.68,2.26,1.68,2.52,1.6
2016|Rd 6|New Zealand Warriors|Manly Sea Eagles,New Zealand Warriors,New Zealand Warriors,1.46,2.87,1.41,3.02,1.52,2.72
2016|Rd 6|Parramatta Eels|Canberra Raiders,Parramatta Eels,Parramatta Eels,1.6,2.45,1.54,2.57,1.61,2.47
2016|Rd 6|South Sydney Rabbitohs|Sydney Roosters,South Sydney Rabbitohs,South Sydney Rabbitohs,1.48,2.78,1.45,2.85,1.47,2.93
2016|Rd 6|Brisbane Broncos|St. George Illawarra Dragons,Brisbane Broncos,Brisbane Broncos,1.14,5.89,1.18,5.31,1.15,6.52
2016|Rd 7|Sydney Roosters|Penrith Panthers,Penrith Panthers,Sydney Roosters,2.47,1.58,2.42,1.63,2.48,1.61
2016|Rd 7|Wests Tigers|Melbourne Storm,Melbourne Storm,Melbourne Storm,2.62,1.53,2.11,1.77,2.74,1.52
2016|Rd 7|Canberra Raiders|Cronulla Sharks,Cronulla Sharks,Canberra Raiders,2.06,1.81,1.79,2.09,1.97,1.93
2016|Rd 7|Brisbane Broncos|Newcastle Knights,Brisbane Broncos,Brisbane Broncos,1.09,7.6,1.1,7.55,1.11,8.25
2016|Rd 7|Canterbury Bulldogs|New Zealand Warriors,Canterbury Bulldogs,Canterbury Bulldogs,1.9,1.97,1.93,1.93,1.98,1.93
2016|Rd 7|Gold Coast Titans|St. George Illawarra Dragons,Gold Coast Titans,Gold Coast Titans,1.78,2.12,1.77,2.11,1.84,2.08
2016|Rd 7|NQ Cowboys|South Sydney Rabbitohs,NQ Cowboys,NQ Cowboys,1.28,3.83,1.3,3.69,1.28,4.14
2016|Rd 7|Manly Sea Eagles|Parramatta Eels,Parramatta Eels,Manly Sea Eagles,2.22,1.72,2.19,1.72,2.25,1.72
2016|Rd 8|Melbourne Storm|New Zealand Warriors,Melbourne Storm,Melbourne Storm,1.65,2.35,1.63,2.36,1.7,2.29
2016|Rd 8|St. George Illawarra Dragons|Sydney Roosters,Sydney Roosters,Sydney Roosters,2.15,1.76,2.14,1.75,2.12,1.79
2016|Rd 8|Newcastle Knights|Manly Sea Eagles,Manly Sea Eagles,Manly Sea Eagles,2.88,1.45,2.68,1.5,3.08,1.43
2016|Rd 8|Cronulla Sharks|Penrith Panthers,Cronulla Sharks,Cronulla Sharks,1.49,2.7,1.51,2.67,1.5,2.8
2016|Rd 8|NQ Cowboys|Parramatta Eels,NQ Cowboys,NQ Cowboys,1.36,3.35,1.34,3.45,1.34,3.59
2016|Rd 8|Canberra Raiders|Wests Tigers,Canberra Raiders,Canberra Raiders,1.42,2.99,1.41,3.05,1.48,2.88
2016|Rd 8|Canterbury Bulldogs|Gold Coast Titans,Canterbury Bulldogs,Canterbury Bulldogs,1.29,3.69,1.29,3.8,1.3,3.89
2016|Rd 8|Brisbane Broncos|South Sydney Rabbitohs,Brisbane Broncos,Brisbane Broncos,1.18,4.97,1.18,5.19,1.21,5.03
2016|Rd 9|Cronulla Sharks|Brisbane Broncos,Brisbane Broncos,Brisbane Broncos,2.05,1.83,2.12,1.76,2.03,1.88
2016|Rd 9|Gold Coast Titans|Melbourne Storm,Melbourne Storm,Melbourne Storm,2.18,1.75,2.31,1.65,2.11,1.81
2016|Rd 9|New Zealand Warriors|St. George Illawarra Dragons,St. George Illawarra Dragons,New Zealand Warriors,2.41,1.6,1.65,2.31,2.39,1.65
2016|Rd 9|Manly Sea Eagles|NQ Cowboys,NQ Cowboys,NQ Cowboys,3.62,1.31,3.45,1.34,4.05,1.29
2016|Rd 9|Sydney Roosters|Newcastle Knights,Sydney Roosters,Sydney Roosters,1.14,6.0,1.14,6.2,1.15,6.6
2016|Rd 9|Penrith Panthers|Canberra Raiders,Penrith Panthers,Penrith Panthers,1.62,2.39,1.54,2.58,1.67,2.36
2016|Rd 9|Parramatta Eels|Canterbury Bulldogs,Canterbury Bulldogs,Canterbury Bulldogs,2.34,1.67,1.88,1.98,2.36,1.67
2016|Rd 9|South Sydney Rabbitohs|Wests Tigers,South Sydney Rabbitohs,South Sydney Rabbitohs,1.36,3.27,1.4,3.08,1.35,3.52
2016|Rd 10|Gold Coast Titans|Sydney Roosters,Sydney Roosters,Sydney Roosters,2.8,1.47,2.53,1.56,2.85,1.49
2016|Rd 10|Wests Tigers|Canterbury Bulldogs,Canterbury Bulldogs,Canterbury Bulldogs,2.79,1.47,3.29,1.36,3.01,1.44
2016|Rd 10|Newcastle Knights|Cronulla Sharks,Cronulla Sharks,Cronulla Sharks,,,,,,
2016|Rd 10|Manly Sea Eagles|Brisbane Broncos,Brisbane Broncos,Brisbane Broncos,4.82,1.2,4.65,1.21,4.87,1.22
2016|Rd 10|Melbourne Storm|NQ Cowboys,NQ Cowboys,Melbourne Storm,2.88,1.45,2.95,1.43,3.18,1.41
2016|Rd 10|Penrith Panthers|New Zealand Warriors,Penrith Panthers,Penrith Panthers,1.6,2.46,1.59,2.44,1.5,2.8
2016|Rd 10|Parramatta Eels|South Sydney Rabbitohs,Parramatta Eels,Parramatta Eels,1.53,2.64,1.55,2.55,1.54,2.66
2016|Rd 10|St. George Illawarra Dragons|Canberra Raiders,Canberra Raiders,St. George Illawarra Dragons,2.18,1.75,2.31,1.65,2.14,1.79
2016|Rd 11|Parramatta Eels|Melbourne Storm,Melbourne Storm,Melbourne Storm,2.06,1.8,1.83,2.04,1.98,1.93
2016|Rd 11|Canterbury Bulldogs|Sydney Roosters,Canterbury Bulldogs,Canterbury Bulldogs,1.68,2.28,1.56,2.53,1.74,2.22
2016|Rd 11|Penrith Panthers|Gold Coast Titans,Penrith Panthers,Penrith Panthers,1.28,3.82,1.27,3.98,1.29,4.01
2016|Rd 11|Cronulla Sharks|Manly Sea Eagles,Cronulla Sharks,Cronulla Sharks,1.3,3.71,1.32,3.54,1.3,3.89
2016|Rd 11|New Zealand Warriors|Canberra Raiders,New Zealand Warriors,New Zealand Warriors,1.82,2.06,1.78,2.1,1.87,2.04
2016|Rd 11|Wests Tigers|Newcastle Knights,Wests Tigers,Wests Tigers,1.34,3.44,1.36,3.32,1.45,2.97
2016|Rd 11|NQ Cowboys|Brisbane Broncos,NQ Cowboys,NQ Cowboys,1.74,2.19,1.75,2.15,1.68,2.34
2016|Rd 11|South Sydney Rabbitohs|St. George Illawarra Dragons,South Sydney Rabbitohs,South Sydney Rabbitohs,1.36,3.32,1.45,2.88,1.39,3.29
2016|Rd 12|Newcastle Knights|Parramatta Eels,Parramatta Eels,Parramatta Eels,4.22,1.25,3.52,1.33,4.26,1.27
2016|Rd 12|Canberra Raiders|Canterbury Bulldogs,Canberra Raiders,Canterbury Bulldogs,1.47,2.83,1.65,2.31,1.43,3.05
2016|Rd 12|St. George Illawarra Dragons|NQ Cowboys,St. George Illawarra Dragons,NQ Cowboys,1.67,2.3,1.65,2.31,1.63,2.43
2016|Rd 12|Brisbane Broncos|Wests Tigers,Brisbane Broncos,Brisbane Broncos,1.19,4.98,1.24,4.35,1.21,5.07
2016|Rd 13|Canterbury Bulldogs|Cronulla Sharks,Cronulla Sharks,Canterbury Bulldogs,2.44,1.6,1.85,2.0,2.4,1.65
2016|Rd 13|South Sydney Rabbitohs|Gold Coast Titans,South Sydney Rabbitohs,South Sydney Rabbitohs,1.65,2.35,1.56,2.51,1.68,2.32
2016|Rd 13|Sydney Roosters|Wests Tigers,Sydney Roosters,Sydney Roosters,1.72,2.22,1.38,3.19,1.65,2.38
2016|Rd 13|Melbourne Storm|Penrith Panthers,Melbourne Storm,Melbourne Storm,1.45,2.89,1.65,2.31,1.44,3.01
2016|Rd 13|NQ Cowboys|Newcastle Knights,NQ Cowboys,NQ Cowboys,1.06,9.31,1.08,8.67,1.11,8.09
2016|Rd 13|New Zealand Warriors|Brisbane Broncos,Brisbane Broncos,Brisbane Broncos,2.49,1.57,2.77,1.48,2.52,1.6
2016|Rd 13|Canberra Raiders|Manly Sea Eagles,Canberra Raiders,Canberra Raiders,1.44,2.92,1.48,2.75,1.46,2.95
2016|Rd 14|Cronulla Sharks|NQ Cowboys,Cronulla Sharks,NQ Cowboys,1.87,2.0,1.81,2.1,2.08,1.84
2016|Rd 14|St. George Illawarra Dragons|Canterbury Bulldogs,Canterbury Bulldogs,Canterbury Bulldogs,3.21,1.38,3.11,1.4,3.27,1.39
2016|Rd 14|Manly Sea Eagles|Penrith Panthers,Penrith Panthers,Manly Sea Eagles,2.5,1.58,2.9,1.44,2.28,1.71
2016|Rd 14|Sydney Roosters|Melbourne Storm,Melbourne Storm,Melbourne Storm,3.06,1.41,2.93,1.43,2.89,1.47
2016|Rd 14|Parramatta Eels|Gold Coast Titans,Gold Coast Titans,Parramatta Eels,2.23,1.71,2.2,1.71,2.44,1.63
2016|Rd 14|Newcastle Knights|New Zealand Warriors,New Zealand Warriors,New Zealand Warriors,3.8,1.29,3.69,1.3,3.81,1.31
2016|Rd 14|Wests Tigers|South Sydney Rabbitohs,South Sydney Rabbitohs,South Sydney Rabbitohs,2.5,1.57,2.59,1.53,2.52,1.59
2016|Rd 14|Brisbane Broncos|Canberra Raiders,Brisbane Broncos,Brisbane Broncos,1.33,3.5,1.26,4.12,1.34,3.56
2016|Rd 15|Gold Coast Titans|Manly Sea Eagles,Gold Coast Titans,Gold Coast Titans,1.47,2.79,1.45,2.99,1.43,3.05
2016|Rd 15|New Zealand Warriors|Sydney Roosters,New Zealand Warriors,Sydney Roosters,1.39,3.11,1.41,3.05,1.43,3.05
2016|Rd 15|St. George Illawarra Dragons|Melbourne Storm,St. George Illawarra Dragons,Melbourne Storm,1.48,2.76,1.65,2.32,1.4,3.25
2016|Rd 15|South Sydney Rabbitohs|Parramatta Eels,Parramatta Eels,South Sydney Rabbitohs,2.15,1.76,2.27,1.67,2.13,1.8
2016|Rd 16|NQ Cowboys|Manly Sea Eagles,NQ Cowboys,NQ Cowboys,1.16,5.41,1.14,6.23,1.2,5.16
2016|Rd 16|Melbourne Storm|Wests Tigers,Melbourne Storm,Melbourne Storm,1.31,3.63,1.21,4.7,1.32,3.73
2016|Rd 16|Gold Coast Titans|Canberra Raiders,Canberra Raiders,Gold Coast Titans,2.21,1.72,2.07,1.8,2.36,1.67
2016|Rd 16|Canterbury Bulldogs|Brisbane Broncos,Canterbury Bulldogs,Brisbane Broncos,1.84,2.06,1.93,1.93,1.86,2.05
2016|Rd 16|Cronulla Sharks|New Zealand Warriors,Cronulla Sharks,Cronulla Sharks,1.32,3.55,1.31,3.63,1.32,3.77
2016|Rd 16|Newcastle Knights|St. George Illawarra Dragons,St. George Illawarra Dragons,St. George Illawarra Dragons,3.5,1.33,3.3,1.36,3.43,1.36
2016|Rd 16|Penrith Panthers|South Sydney Rabbitohs,Penrith Panthers,Penrith Panthers,1.34,3.42,1.33,3.47,1.35,3.53
2016|Rd 17|Manly Sea Eagles|St. George Illawarra Dragons,Manly Sea Eagles,Manly Sea Eagles,1.71,2.21,1.57,2.48,1.72,2.25
2016|Rd 17|South Sydney Rabbitohs|NQ Cowboys,NQ Cowboys,NQ Cowboys,3.43,1.33,3.45,1.34,3.74,1.32
2016|Rd 17|Canberra Raiders|Newcastle Knights,Canberra Raiders,Canberra Raiders,1.07,8.97,1.11,6.5,1.05,9.0
2016|Rd 17|Cronulla Sharks|Parramatta Eels,Cronulla Sharks,Cronulla Sharks,1.34,3.4,1.3,3.75,1.32,3.73
2016|Rd 17|Wests Tigers|Penrith Panthers,Penrith Panthers,Wests Tigers,2.12,1.77,2.48,1.57,2.11,1.81
2016|Rd 17|New Zealand Warriors|Gold Coast Titans,New Zealand Warriors,New Zealand Warriors,1.3,3.74,1.34,3.39,1.33,3.67
2016|Rd 17|Brisbane Broncos|Melbourne Storm,Brisbane Broncos,Brisbane Broncos,1.6,2.42,1.56,2.53,1.57,2.58
2016|Rd 17|Sydney Roosters|Canterbury Bulldogs,Canterbury Bulldogs,Sydney Roosters,2.58,1.54,2.79,1.47,2.53,1.59
2016|Rd 18|Canberra Raiders|NQ Cowboys,Canberra Raiders,NQ Cowboys,1.29,3.77,1.24,4.33,1.25,4.42
2016|Rd 18|Penrith Panthers|Cronulla Sharks,Penrith Panthers,Cronulla Sharks,1.54,2.58,1.56,2.51,1.53,2.69
2016|Rd 18|Canterbury Bulldogs|Wests Tigers,Canterbury Bulldogs,Canterbury Bulldogs,1.16,5.35,1.22,4.58,1.19,5.54
2016|Rd 18|Parramatta Eels|Sydney Roosters,Sydney Roosters,Parramatta Eels,1.99,1.89,1.69,2.24,2.05,1.86
2016|Rd 19|Sydney Roosters|Cronulla Sharks,Cronulla Sharks,Sydney Roosters,2.61,1.53,2.52,1.56,2.6,1.56
2016|Rd 19|Penrith Panthers|Parramatta Eels,Penrith Panthers,Penrith Panthers,1.29,3.87,1.29,3.78,1.29,3.97
2016|Rd 19|Newcastle Knights|Melbourne Storm,Melbourne Storm,Melbourne Storm,6.35,1.13,7.73,1.1,7.71,1.12
2016|Rd 19|South Sydney Rabbitohs|Brisbane Broncos,Brisbane Broncos,Brisbane Broncos,2.61,1.53,2.87,1.45,2.79,1.5
2016|Rd 19|Manly Sea Eagles|New Zealand Warriors,New Zealand Warriors,Manly Sea Eagles,2.34,1.65,2.11,1.77,2.35,1.67
2016|Rd 19|St. George Illawarra Dragons|Gold Coast Titans,Gold Coast Titans,St. George Illawarra Dragons,2.38,1.63,1.86,1.99,2.4,1.63
2016|Rd 20|South Sydney Rabbitohs|Manly Sea Eagles,Manly Sea Eagles,South Sydney Rabbitohs,2.42,1.61,2.36,1.63,2.42,1.64
2016|Rd 20|St. George Illawarra Dragons|Wests Tigers,Wests Tigers,St. George Illawarra Dragons,2.54,1.56,2.69,1.5,2.62,1.56
2016|Rd 20|Cronulla Sharks|Newcastle Knights,Cronulla Sharks,Cronulla Sharks,1.08,8.4,1.1,7.57,1.11,8.04
2016|Rd 20|Melbourne Storm|Sydney Roosters,Melbourne Storm,Melbourne Storm,1.28,3.86,1.29,3.79,1.29,4.05
2016|Rd 20|Gold Coast Titans|Parramatta Eels,Gold Coast Titans,Gold Coast Titans,1.36,3.32,1.42,2.99,1.34,3.56
2016|Rd 20|Canberra Raiders|New Zealand Warriors,Canberra Raiders,Canberra Raiders,1.41,3.08,1.43,2.93,1.38,3.31
2016|Rd 20|Brisbane Broncos|Penrith Panthers,Brisbane Broncos,Brisbane Broncos,1.29,3.79,1.29,3.79,1.3,3.89
2016|Rd 20|NQ Cowboys|Canterbury Bulldogs,NQ Cowboys,NQ Cowboys,1.42,3.04,1.43,2.93,1.49,2.84
2016|Rd 21|Gold Coast Titans|Cronulla Sharks,Cronulla Sharks,Cronulla Sharks,3.15,1.38,2.91,1.44,3.56,1.34
2016|Rd 21|Manly Sea Eagles|Newcastle Knights,Manly Sea Eagles,Manly Sea Eagles,1.1,7.41,1.11,7.21,1.1,8.87
2016|Rd 21|South Sydney Rabbitohs|Canberra Raiders,Canberra Raiders,Canberra Raiders,3.37,1.35,3.13,1.39,3.48,1.36
2016|Rd 21|NQ Cowboys|Melbourne Storm,Melbourne Storm,NQ Cowboys,2.25,1.7,2.19,1.72,2.36,1.67
2016|Rd 21|Parramatta Eels|Wests Tigers,Wests Tigers,Parramatta Eels,3.42,1.34,3.23,1.37,3.42,1.37
2016|Rd 21|New Zealand Warriors|Penrith Panthers,New Zealand Warriors,New Zealand Warriors,1.61,2.44,1.76,2.12,1.58,2.56
2016|Rd 21|Canterbury Bulldogs|St. George Illawarra Dragons,Canterbury Bulldogs,Canterbury Bulldogs,1.15,5.73,1.15,6.02,1.18,5.74
2016|Rd 21|Sydney Roosters|Brisbane Broncos,Brisbane Broncos,Brisbane Broncos,2.05,1.84,2.03,1.83,2.01,1.9
2016|Rd 22|Penrith Panthers|Sydney Roosters,Penrith Panthers,Penrith Panthers,1.49,2.67,1.51,2.66,1.48,2.88
2016|Rd 22|Wests Tigers|NQ Cowboys,NQ Cowboys,NQ Cowboys,3.52,1.32,2.93,1.43,3.69,1.33
2016|Rd 22|Gold Coast Titans|New Zealand Warriors,Gold Coast Titans,Gold Coast Titans,1.57,2.5,1.53,2.58,1.59,2.52
2016|Rd 22|Melbourne Storm|South Sydney Rabbitohs,Melbourne Storm,Melbourne Storm,1.1,7.21,1.14,6.12,1.08,9.43
2016|Rd 22|Cronulla Sharks|Canberra Raiders,Cronulla Sharks,Cronulla Sharks,1.63,2.36,1.51,2.66,1.71,2.27
2016|Rd 22|Newcastle Knights|Canterbury Bulldogs,Canterbury Bulldogs,Canterbury Bulldogs,5.44,1.16,5.82,1.15,5.16,1.2
2016|Rd 22|Parramatta Eels|Manly Sea Eagles,Manly Sea Eagles,Parramatta Eels,2.64,1.53,2.98,1.42,2.54,1.58
2016|Rd 22|St. George Illawarra Dragons|Brisbane Broncos,Brisbane Broncos,Brisbane Broncos,3.89,1.28,3.77,1.29,5.08,1.21
2016|Rd 23|Canberra Raiders|Melbourne Storm,Melbourne Storm,Melbourne Storm,1.96,1.9,2.11,1.77,2.02,1.88
2016|Rd 23|Sydney Roosters|NQ Cowboys,NQ Cowboys,NQ Cowboys,2.8,1.48,2.85,1.45,2.97,1.45
2016|Rd 23|Newcastle Knights|Penrith Panthers,Penrith Panthers,Penrith Panthers,3.95,1.27,4.94,1.2,4.14,1.28
2016|Rd 23|St. George Illawarra Dragons|Cronulla Sharks,Cronulla Sharks,Cronulla Sharks,3.72,1.3,4.05,1.26,3.81,1.31
2016|Rd 23|New Zealand Warriors|South Sydney Rabbitohs,New Zealand Warriors,New Zealand Warriors,1.35,3.43,1.35,3.34,1.34,3.6
2016|Rd 23|Wests Tigers|Gold Coast Titans,Wests Tigers,Wests Tigers,1.86,2.0,1.83,2.03,2.0,1.91
2016|Rd 23|Brisbane Broncos|Parramatta Eels,Brisbane Broncos,Brisbane Broncos,1.21,4.74,1.23,4.47,1.21,5.0
2016|Rd 23|Canterbury Bulldogs|Manly Sea Eagles,Canterbury Bulldogs,Canterbury Bulldogs,1.47,2.84,1.45,2.85,1.47,2.92
2016|Rd 24|South Sydney Rabbitohs|Cronulla Sharks,Cronulla Sharks,Cronulla Sharks,2.68,1.51,2.95,1.43,2.54,1.58
2016|Rd 24|Sydney Roosters|St. George Illawarra Dragons,Sydney Roosters,Sydney Roosters,1.48,2.79,1.47,2.81,1.47,2.93
2016|Rd 24|Canberra Raiders|Parramatta Eels,Canberra Raiders,Canberra Raiders,1.16,5.4,1.24,4.33,1.16,6.05
2016|Rd 24|NQ Cowboys|New Zealand Warriors,NQ Cowboys,NQ Cowboys,1.25,4.14,1.27,4.02,1.3,3.94
2016|Rd 24|Manly Sea Eagles|Melbourne Storm,Melbourne Storm,Melbourne Storm,3.71,1.3,3.29,1.36,4.08,1.28
2016|Rd 24|Newcastle Knights|Gold Coast Titans,Gold Coast Titans,Gold Coast Titans,4.96,1.19,4.44,1.23,5.71,1.18
2016|Rd 24|Penrith Panthers|Wests Tigers,Penrith Panthers,Penrith Panthers,1.38,3.21,1.35,3.35,1.41,3.15
2016|Rd 24|Brisbane Broncos|Canterbury Bulldogs,Brisbane Broncos,Brisbane Broncos,1.61,2.42,1.45,2.85,1.66,2.37
2016|Rd 25|Parramatta Eels|St. George Illawarra Dragons,Parramatta Eels,Parramatta Eels,1.47,2.82,1.48,2.75,1.5,2.8
2016|Rd 25|Newcastle Knights|South Sydney Rabbitohs,South Sydney Rabbitohs,South Sydney Rabbitohs,4.31,1.23,4.19,1.25,4.01,1.29
2016|Rd 25|New Zealand Warriors|Wests Tigers,New Zealand Warriors,New Zealand Warriors,1.32,3.51,1.27,4.02,1.33,3.67
2016|Rd 25|Cronulla Sharks|Sydney Roosters,Cronulla Sharks,Cronulla Sharks,1.53,2.64,1.53,2.61,1.57,2.57
2016|Rd 25|Gold Coast Titans|Penrith Panthers,Gold Coast Titans,Gold Coast Titans,1.8,2.1,1.74,2.16,1.77,2.18
2016|Rd 25|Manly Sea Eagles|Canberra Raiders,Canberra Raiders,Canberra Raiders,2.84,1.46,2.78,1.47,2.97,1.45
2016|Rd 25|Melbourne Storm|Brisbane Broncos,Melbourne Storm,Melbourne Storm,1.43,3.01,1.46,2.82,1.38,3.35
2016|Rd 25|Canterbury Bulldogs|NQ Cowboys,NQ Cowboys,Canterbury Bulldogs,2.41,1.62,2.36,1.63,2.37,1.66
2016|Rd 26|Penrith Panthers|Manly Sea Eagles,Penrith Panthers,Penrith Panthers,1.16,5.7,1.27,3.97,1.15,6.59
2016|Rd 26|New Zealand Warriors|Parramatta Eels,New Zealand Warriors,New Zealand Warriors,1.59,2.47,1.44,2.91,1.67,2.36
2016|Rd 26|Wests Tigers|Canberra Raiders,Canberra Raiders,Canberra Raiders,2.55,1.56,2.31,1.65,2.68,1.53
2016|Rd 26|Melbourne Storm|Cronulla Sharks,Melbourne Storm,Melbourne Storm,1.54,2.6,1.44,2.91,1.5,2.8
2016|Rd 26|NQ Cowboys|Gold Coast Titans,NQ Cowboys,NQ Cowboys,1.31,3.63,1.27,3.97,1.33,3.69
2016|Rd 26|St. George Illawarra Dragons|Newcastle Knights,St. George Illawarra Dragons,St. George Illawarra Dragons,1.28,3.86,1.32,3.54,1.32,3.71
2016|Rd 26|Canterbury Bulldogs|South Sydney Rabbitohs,Canterbury Bulldogs,Canterbury Bulldogs,1.68,2.28,1.58,2.47,1.7,2.29
2016|Rd 26|Brisbane Broncos|Sydney Roosters,Brisbane Broncos,Brisbane Broncos,1.18,5.09,1.22,4.51,1.19,5.42
2016|Grand Final|Cronulla Sharks|Melbourne Storm,,,,,,,,
2016|Prelim Final|Cronulla Sharks|NQ Cowboys,,,,,,,,
2016|Qualif Final|Brisbane Broncos|Gold Coast Titans,,,,,,,,
2016|Semi Final|NQ Cowboys|Brisbane Broncos,,,,,,,,
2016|Prelim Final|Melbourne Storm|Canberra Raiders,,,,,,,,
2016|Qualif Final|Canberra Raiders|Cronulla Sharks,,,,,,,,
2016|Semi Final|Canberra Raiders|Penrith Panthers,,,,,,,,
2016|Qualif Final|Melbourne Storm|NQ Cowboys,,,,,,,,
2016|Qualif Final|Penrith Panthers|Canterbury Bulldogs,,,,,,,,
2017|Rd 1|Manly Sea Eagles|Parramatta Eels,Parramatta Eels,Manly Sea Eagles,1.94,1.92,1.79,2.12,1.97,1.92
2017|Rd 1|New Zealand Warriors|Newcastle Knights,New Zealand Warriors,New Zealand Warriors,1.19,4.89,1.25,4.36,1.21,4.99
2017|Rd 1|Gold Coast Titans|Sydney Roosters,Sydney Roosters,Gold Coast Titans,2.37,1.62,2.39,1.61,2.49,1.6
2017|Rd 1|NQ Cowboys|Canberra Raiders,NQ Cowboys,NQ Cowboys,1.37,3.14,1.39,3.13,1.36,3.42
2017|Rd 1|St. George Illawarra Dragons|Penrith Panthers,Penrith Panthers,Penrith Panthers,2.89,1.44,2.81,1.47,3.03,1.43
2017|Rd 1|South Sydney Rabbitohs|Wests Tigers,South Sydney Rabbitohs,South Sydney Rabbitohs,1.75,2.17,1.68,2.25,1.81,2.09
2017|Rd 1|Canterbury Bulldogs|Melbourne Storm,Melbourne Storm,Melbourne Storm,2.09,1.8,2.03,1.83,2.06,1.84
2017|Rd 1|Cronulla Sharks|Brisbane Broncos,Brisbane Broncos,Cronulla Sharks,2.12,1.78,2.06,1.81,2.21,1.74
2017|Rd 2|St. George Illawarra Dragons|Parramatta Eels,Parramatta Eels,St. George Illawarra Dragons,2.12,1.76,2.16,1.77,2.08,1.83
2017|Rd 2|Wests Tigers|Penrith Panthers,Penrith Panthers,Wests Tigers,2.04,1.85,2.16,1.74,2.09,1.81
2017|Rd 2|Canberra Raiders|Cronulla Sharks,Canberra Raiders,Canberra Raiders,1.44,2.92,1.49,2.73,1.45,2.93
2017|Rd 2|Manly Sea Eagles|South Sydney Rabbitohs,Manly Sea Eagles,Manly Sea Eagles,1.8,2.07,1.67,2.28,1.87,2.02
2017|Rd 2|Newcastle Knights|Gold Coast Titans,Gold Coast Titans,Gold Coast Titans,2.24,1.69,2.45,1.59,2.23,1.72
2017|Rd 2|Brisbane Broncos|NQ Cowboys,Brisbane Broncos,Brisbane Broncos,1.8,2.1,1.78,2.1,1.74,2.21
2017|Rd 2|New Zealand Warriors|Melbourne Storm,Melbourne Storm,Melbourne Storm,2.12,1.79,2.2,1.71,2.08,1.83
2017|Rd 2|Sydney Roosters|Canterbury Bulldogs,Sydney Roosters,Sydney Roosters,1.45,2.87,1.47,2.79,1.44,2.97
2017|Rd 3|Cronulla Sharks|St. George Illawarra Dragons,Cronulla Sharks,Cronulla Sharks,1.36,3.23,1.36,3.28,1.43,3.01
2017|Rd 3|Canberra Raiders|Wests Tigers,Canberra Raiders,Canberra Raiders,1.34,3.39,1.33,3.47,1.36,3.42
2017|Rd 3|NQ Cowboys|Manly Sea Eagles,NQ Cowboys,NQ Cowboys,1.28,3.76,1.26,4.04,1.29,3.98
2017|Rd 3|Penrith Panthers|Sydney Roosters,Sydney Roosters,Penrith Panthers,1.95,1.93,1.98,1.88,1.99,1.9
2017|Rd 3|Newcastle Knights|South Sydney Rabbitohs,South Sydney Rabbitohs,South Sydney Rabbitohs,2.49,1.57,2.5,1.59,2.66,1.53
2017|Rd 3|Gold Coast Titans|Parramatta Eels,Parramatta Eels,Parramatta Eels,2.56,1.54,2.62,1.54,2.65,1.53
2017|Rd 3|Canterbury Bulldogs|New Zealand Warriors,New Zealand Warriors,Canterbury Bulldogs,2.04,1.82,2.5,1.59,1.96,1.93
2017|Rd 3|Melbourne Storm|Brisbane Broncos,Melbourne Storm,Melbourne Storm,1.52,2.64,1.58,2.52,1.55,2.6
2017|Rd 4|St. George Illawarra Dragons|New Zealand Warriors,St. George Illawarra Dragons,St. George Illawarra Dragons,1.82,2.04,1.88,1.97,1.76,2.17
2017|Rd 4|Wests Tigers|Melbourne Storm,Melbourne Storm,Melbourne Storm,2.68,1.5,2.69,1.5,2.64,1.54
2017|Rd 4|Gold Coast Titans|NQ Cowboys,NQ Cowboys,NQ Cowboys,2.28,1.66,2.16,1.74,2.33,1.67
2017|Rd 4|Parramatta Eels|Cronulla Sharks,Parramatta Eels,Parramatta Eels,1.89,1.98,1.93,1.93,1.89,2.0
2017|Rd 4|Manly Sea Eagles|Canterbury Bulldogs,Manly Sea Eagles,Canterbury Bulldogs,1.94,1.93,1.99,1.86,1.88,2.01
2017|Rd 4|Brisbane Broncos|Canberra Raiders,Brisbane Broncos,Brisbane Broncos,1.64,2.3,1.65,2.32,1.67,2.32
2017|Rd 4|Penrith Panthers|Newcastle Knights,Penrith Panthers,Penrith Panthers,1.16,5.16,1.19,5.01,1.2,5.04
2017|Rd 4|South Sydney Rabbitohs|Sydney Roosters,Sydney Roosters,South Sydney Rabbitohs,2.92,1.43,3.13,1.39,2.91,1.46
2017|Rd 5|Wests Tigers|St. George Illawarra Dragons,St. George Illawarra Dragons,Wests Tigers,2.55,1.54,2.79,1.47,2.9,1.46
2017|Rd 5|New Zealand Warriors|Gold Coast Titans,New Zealand Warriors,New Zealand Warriors,1.4,3.05,1.39,3.12,1.38,3.3
2017|Rd 5|Melbourne Storm|Penrith Panthers,Melbourne Storm,Melbourne Storm,1.58,2.46,1.51,2.67,1.6,2.49
2017|Rd 5|Canberra Raiders|Parramatta Eels,Canberra Raiders,Canberra Raiders,1.43,2.89,1.45,2.88,1.47,2.89
2017|Rd 5|Cronulla Sharks|Newcastle Knights,Cronulla Sharks,Cronulla Sharks,1.1,7.25,1.12,6.89,1.11,7.71
2017|Rd 5|NQ Cowboys|South Sydney Rabbitohs,NQ Cowboys,NQ Cowboys,1.28,3.81,1.32,3.54,1.28,4.02
2017|Rd 5|Sydney Roosters|Manly Sea Eagles,Sydney Roosters,Sydney Roosters,1.34,3.34,1.35,3.38,1.37,3.34
2017|Rd 5|Canterbury Bulldogs|Brisbane Broncos,Brisbane Broncos,Brisbane Broncos,3.04,1.4,3.38,1.36,3.01,1.43
2017|Rd 6|Melbourne Storm|Cronulla Sharks,Melbourne Storm,Melbourne Storm,1.55,2.56,1.49,2.74,1.59,2.5
2017|Rd 6|New Zealand Warriors|Parramatta Eels,New Zealand Warriors,Parramatta Eels,1.68,2.25,1.58,2.45,1.77,2.16
2017|Rd 6|NQ Cowboys|Wests Tigers,NQ Cowboys,NQ Cowboys,1.16,5.39,1.16,6.0,1.18,5.47
2017|Rd 6|Gold Coast Titans|Canberra Raiders,Canberra Raiders,Canberra Raiders,4.32,1.23,4.13,1.27,4.75,1.22
2017|Rd 6|Manly Sea Eagles|St. George Illawarra Dragons,Manly Sea Eagles,Manly Sea Eagles,1.48,2.74,1.48,2.75,1.45,2.94
2017|Rd 6|Penrith Panthers|South Sydney Rabbitohs,Penrith Panthers,Penrith Panthers,1.64,2.34,1.63,2.36,1.68,2.31
2017|Rd 6|Newcastle Knights|Canterbury Bulldogs,Canterbury Bulldogs,Canterbury Bulldogs,2.58,1.53,2.67,1.51,2.47,1.6
2017|Rd 6|Brisbane Broncos|Sydney Roosters,Brisbane Broncos,Brisbane Broncos,1.77,2.14,1.81,2.05,1.77,2.16
2017|Rd 7|Parramatta Eels|Wests Tigers,Parramatta Eels,Parramatta Eels,1.62,2.33,1.63,2.36,1.63,2.42
2017|Rd 7|Penrith Panthers|Cronulla Sharks,Penrith Panthers,Cronulla Sharks,1.72,2.16,1.7,2.21,1.78,2.15
2017|Rd 7|St. George Illawarra Dragons|NQ Cowboys,St. George Illawarra Dragons,St. George Illawarra Dragons,1.33,3.36,1.31,3.63,1.33,3.58
2017|Rd 7|Canberra Raiders|New Zealand Warriors,Canberra Raiders,Canberra Raiders,1.31,3.45,1.31,3.62,1.33,3.58
2017|Rd 7|Manly Sea Eagles|Melbourne Storm,Melbourne Storm,Melbourne Storm,2.67,1.49,2.53,1.56,2.69,1.52
2017|Rd 7|Brisbane Broncos|Gold Coast Titans,Brisbane Broncos,Brisbane Broncos,1.17,4.87,1.21,4.74,1.2,5.12
2017|Rd 7|Newcastle Knights|Sydney Roosters,Sydney Roosters,Sydney Roosters,4.51,1.21,4.47,1.23,4.67,1.23
2017|Rd 7|Canterbury Bulldogs|South Sydney Rabbitohs,South Sydney Rabbitohs,Canterbury Bulldogs,1.9,1.94,1.83,2.04,2.09,1.81
2017|Rd 8|Melbourne Storm|New Zealand Warriors,Melbourne Storm,Melbourne Storm,1.29,3.72,1.31,3.61,1.29,3.77
2017|Rd 8|Sydney Roosters|St. George Illawarra Dragons,Sydney Roosters,Sydney Roosters,1.63,2.32,1.61,2.39,1.64,2.39
2017|Rd 8|Wests Tigers|Canterbury Bulldogs,Canterbury Bulldogs,Canterbury Bulldogs,2.66,1.49,2.69,1.5,2.66,1.53
2017|Rd 8|Cronulla Sharks|Gold Coast Titans,Cronulla Sharks,Cronulla Sharks,1.29,3.62,1.26,4.07,1.29,3.9
2017|Rd 8|NQ Cowboys|Newcastle Knights,NQ Cowboys,NQ Cowboys,1.29,3.67,1.29,3.84,1.29,3.89
2017|Rd 8|Parramatta Eels|Penrith Panthers,Penrith Panthers,Parramatta Eels,2.21,1.7,2.2,1.71,2.2,1.74
2017|Rd 8|South Sydney Rabbitohs|Brisbane Broncos,Brisbane Broncos,Brisbane Broncos,3.41,1.33,2.69,1.5,3.28,1.38
2017|Rd 8|Canberra Raiders|Manly Sea Eagles,Canberra Raiders,Canberra Raiders,1.28,3.71,1.27,3.98,1.33,3.58
2017|Rd 9|St. George Illawarra Dragons|Melbourne Storm,Melbourne Storm,Melbourne Storm,2.78,1.45,2.95,1.43,2.84,1.48
2017|Rd 9|New Zealand Warriors|Sydney Roosters,Sydney Roosters,Sydney Roosters,2.08,1.77,2.0,1.85,2.17,1.76
2017|Rd 9|Wests Tigers|Cronulla Sharks,Cronulla Sharks,Cronulla Sharks,2.69,1.48,2.69,1.5,2.66,1.53
2017|Rd 9|Canterbury Bulldogs|Canberra Raiders,Canberra Raiders,Canterbury Bulldogs,2.68,1.49,2.69,1.5,2.67,1.53
2017|Rd 9|Gold Coast Titans|Newcastle Knights,Gold Coast Titans,Gold Coast Titans,1.18,4.86,1.22,4.54,1.2,5.03
2017|Rd 9|NQ Cowboys|Parramatta Eels,NQ Cowboys,NQ Cowboys,1.8,2.05,1.56,2.53,1.86,2.03
2017|Rd 9|South Sydney Rabbitohs|Manly Sea Eagles,Manly Sea Eagles,South Sydney Rabbitohs,2.15,1.72,2.24,1.69,2.18,1.75
2017|Rd 9|Brisbane Broncos|Penrith Panthers,Brisbane Broncos,Brisbane Broncos,1.47,2.74,1.41,3.01,1.46,2.92
2017|Rd 10|Sydney Roosters|Parramatta Eels,Sydney Roosters,Sydney Roosters,1.49,2.67,1.49,2.72,1.53,2.66
2017|Rd 10|Newcastle Knights|Canberra Raiders,Canberra Raiders,Canberra Raiders,5.21,1.16,4.94,1.2,5.54,1.18
2017|Rd 10|Manly Sea Eagles|Brisbane Broncos,Brisbane Broncos,Brisbane Broncos,2.35,1.62,2.45,1.59,2.42,1.63
2017|Rd 10|Melbourne Storm|Gold Coast Titans,Melbourne Storm,Melbourne Storm,1.36,3.24,1.41,3.05,1.36,3.42
2017|Rd 10|Penrith Panthers|New Zealand Warriors,Penrith Panthers,Penrith Panthers,1.63,2.34,1.7,2.21,1.61,2.46
2017|Rd 10|Wests Tigers|South Sydney Rabbitohs,South Sydney Rabbitohs,Wests Tigers,2.02,1.83,2.02,1.84,2.14,1.78
2017|Rd 10|St. George Illawarra Dragons|Cronulla Sharks,Cronulla Sharks,Cronulla Sharks,2.87,1.44,2.97,1.43,2.67,1.53
2017|Rd 10|Canterbury Bulldogs|NQ Cowboys,Canterbury Bulldogs,Canterbury Bulldogs,1.54,2.53,1.66,2.3,1.54,2.62
2017|Rd 11|South Sydney Rabbitohs|Melbourne Storm,Melbourne Storm,Melbourne Storm,3.42,1.32,3.31,1.36,3.59,1.33
2017|Rd 11|Canterbury Bulldogs|Sydney Roosters,Sydney Roosters,Canterbury Bulldogs,3.08,1.38,2.91,1.44,3.08,1.42
2017|Rd 11|Newcastle Knights|Penrith Panthers,Penrith Panthers,Penrith Panthers,3.68,1.28,3.89,1.28,4.03,1.28
2017|Rd 11|Parramatta Eels|Canberra Raiders,Canberra Raiders,Canberra Raiders,2.39,1.6,2.51,1.56,2.38,1.64
2017|Rd 11|Gold Coast Titans|Manly Sea Eagles,Gold Coast Titans,Gold Coast Titans,1.63,2.32,1.64,2.33,1.63,2.42
2017|Rd 11|Brisbane Broncos|Wests Tigers,Brisbane Broncos,Brisbane Broncos,1.13,5.96,1.18,5.27,1.14,6.68
2017|Rd 11|New Zealand Warriors|St. George Illawarra Dragons,New Zealand Warriors,St. George Illawarra Dragons,1.61,2.39,1.57,2.49,1.63,2.4
2017|Rd 11|Cronulla Sharks|NQ Cowboys,Cronulla Sharks,Cronulla Sharks,1.39,3.03,1.44,2.91,1.42,3.06
2017|Rd 12|Canberra Raiders|Sydney Roosters,Canberra Raiders,Canberra Raiders,1.33,3.39,1.43,2.97,1.28,3.99
2017|Rd 12|Cronulla Sharks|Canterbury Bulldogs,Cronulla Sharks,Cronulla Sharks,1.64,2.31,1.51,2.66,1.68,2.31
2017|Rd 12|New Zealand Warriors|Brisbane Broncos,New Zealand Warriors,Brisbane Broncos,1.38,3.07,1.35,3.38,1.44,2.98
2017|Rd 12|South Sydney Rabbitohs|Parramatta Eels,South Sydney Rabbitohs,South Sydney Rabbitohs,1.78,2.06,1.77,2.11,1.71,2.24
2017|Rd 13|Canterbury Bulldogs|Penrith Panthers,Penrith Panthers,Canterbury Bulldogs,2.26,1.67,1.94,1.91,2.42,1.63
2017|Rd 13|Manly Sea Eagles|Canberra Raiders,Canberra Raiders,Manly Sea Eagles,2.02,1.82,1.93,1.93,2.09,1.81
2017|Rd 13|NQ Cowboys|Gold Coast Titans,NQ Cowboys,NQ Cowboys,1.49,2.69,1.47,2.78,1.54,2.62
2017|Rd 13|Sydney Roosters|Brisbane Broncos,Sydney Roosters,Sydney Roosters,1.7,2.2,1.68,2.26,1.71,2.24
2017|Rd 13|St. George Illawarra Dragons|Wests Tigers,St. George Illawarra Dragons,St. George Illawarra Dragons,1.23,4.3,1.28,3.86,1.23,4.6
2017|Rd 13|Parramatta Eels|New Zealand Warriors,Parramatta Eels,Parramatta Eels,1.72,2.18,1.68,2.26,1.73,2.22
2017|Rd 13|Melbourne Storm|Newcastle Knights,Melbourne Storm,Melbourne Storm,1.15,5.24,1.11,7.17,1.18,5.49
2017|Rd 14|Canterbury Bulldogs|St. George Illawarra Dragons,St. George Illawarra Dragons,Canterbury Bulldogs,2.91,1.42,2.75,1.48,2.94,1.45
2017|Rd 14|Wests Tigers|Sydney Roosters,Sydney Roosters,Sydney Roosters,4.56,1.2,4.54,1.22,4.36,1.25
2017|Rd 14|Parramatta Eels|NQ Cowboys,NQ Cowboys,NQ Cowboys,2.06,1.8,2.08,1.79,2.2,1.74
2017|Rd 14|Penrith Panthers|Canberra Raiders,Penrith Panthers,Penrith Panthers,1.8,2.03,1.8,2.07,1.83,2.08
2017|Rd 14|Gold Coast Titans|New Zealand Warriors,Gold Coast Titans,Gold Coast Titans,1.82,2.01,1.75,2.15,1.9,1.99
2017|Rd 14|Brisbane Broncos|South Sydney Rabbitohs,Brisbane Broncos,Brisbane Broncos,1.24,4.09,1.29,3.82,1.26,4.21
2017|Rd 14|Manly Sea Eagles|Newcastle Knights,Manly Sea Eagles,Manly Sea Eagles,1.14,5.52,1.21,4.74,1.16,6.02
2017|Rd 14|Cronulla Sharks|Melbourne Storm,Cronulla Sharks,Cronulla Sharks,1.66,2.3,1.93,1.92,1.66,2.35
2017|Rd 15|Parramatta Eels|St. George Illawarra Dragons,Parramatta Eels,Parramatta Eels,1.63,2.33,1.63,2.35,1.61,2.46
2017|Rd 15|Cronulla Sharks|Wests Tigers,Cronulla Sharks,Cronulla Sharks,1.3,3.53,1.3,3.69,1.34,3.5
2017|Rd 15|Melbourne Storm|NQ Cowboys,Melbourne Storm,Melbourne Storm,1.62,2.36,1.68,2.26,1.61,2.46
2017|Rd 15|South Sydney Rabbitohs|Gold Coast Titans,South Sydney Rabbitohs,South Sydney Rabbitohs,1.31,3.48,1.31,3.65,1.29,3.9
2017|Rd 16|Cronulla Sharks|Manly Sea Eagles,Cronulla Sharks,Cronulla Sharks,1.66,2.27,1.58,2.45,1.67,2.32
2017|Rd 16|St. George Illawarra Dragons|Newcastle Knights,St. George Illawarra Dragons,St. George Illawarra Dragons,1.21,4.42,1.26,4.11,1.23,4.63
2017|Rd 16|Sydney Roosters|Melbourne Storm,Sydney Roosters,Melbourne Storm,1.28,3.72,1.31,3.63,1.3,3.82
2017|Rd 16|Canberra Raiders|Brisbane Broncos,Canberra Raiders,Canberra Raiders,1.48,2.71,1.53,2.61,1.48,2.84
2017|Rd 16|NQ Cowboys|Penrith Panthers,Penrith Panthers,NQ Cowboys,2.1,1.77,1.94,1.91,2.17,1.76
2017|Rd 16|Wests Tigers|Gold Coast Titans,Gold Coast Titans,Wests Tigers,2.15,1.72,2.55,1.55,2.12,1.79
2017|Rd 16|New Zealand Warriors|Canterbury Bulldogs,New Zealand Warriors,Canterbury Bulldogs,1.59,2.41,1.6,2.41,1.61,2.44
2017|Rd 17|South Sydney Rabbitohs|Penrith Panthers,Penrith Panthers,South Sydney Rabbitohs,2.27,1.66,2.31,1.65,2.33,1.67
2017|Rd 17|Newcastle Knights|Wests Tigers,Newcastle Knights,Wests Tigers,1.61,2.36,1.64,2.34,1.59,2.5
2017|Rd 17|Canberra Raiders|NQ Cowboys,Canberra Raiders,Canberra Raiders,1.48,2.69,1.56,2.51,1.47,2.89
2017|Rd 17|Manly Sea Eagles|New Zealand Warriors,Manly Sea Eagles,Manly Sea Eagles,1.38,3.06,1.43,2.94,1.43,3.03
2017|Rd 17|Sydney Roosters|Cronulla Sharks,Sydney Roosters,Sydney Roosters,1.75,2.11,1.64,2.33,1.78,2.15
2017|Rd 17|Brisbane Broncos|Melbourne Storm,Melbourne Storm,Brisbane Broncos,2.36,1.61,2.45,1.58,2.44,1.61
2017|Rd 17|Gold Coast Titans|St. George Illawarra Dragons,St. George Illawarra Dragons,St. George Illawarra Dragons,2.0,1.84,1.89,1.96,2.04,1.85
2017|Rd 17|Parramatta Eels|Canterbury Bulldogs,Parramatta Eels,Parramatta Eels,1.41,2.95,1.47,2.78,1.41,3.14
2017|Rd 18|Canterbury Bulldogs|Newcastle Knights,Canterbury Bulldogs,Canterbury Bulldogs,1.4,2.96,1.34,3.43,1.47,2.89
2017|Rd 18|Melbourne Storm|Parramatta Eels,Parramatta Eels,Melbourne Storm,2.4,1.59,2.53,1.56,2.5,1.59
2017|Rd 18|Penrith Panthers|Manly Sea Eagles,Penrith Panthers,Penrith Panthers,1.83,2.0,1.83,2.04,1.83,2.08
2017|Rd 18|Sydney Roosters|South Sydney Rabbitohs,South Sydney Rabbitohs,Sydney Roosters,2.37,1.61,2.32,1.65,2.39,1.64
2017|Rd 19|South Sydney Rabbitohs|NQ Cowboys,NQ Cowboys,NQ Cowboys,2.45,1.57,2.68,1.5,2.48,1.6
2017|Rd 19|Manly Sea Eagles|Wests Tigers,Manly Sea Eagles,Manly Sea Eagles,1.16,4.99,1.17,5.36,1.19,5.22
2017|Rd 19|Gold Coast Titans|Cronulla Sharks,Cronulla Sharks,Cronulla Sharks,,,,,,
2017|Rd 19|Newcastle Knights|Brisbane Broncos,Brisbane Broncos,Brisbane Broncos,3.44,1.33,3.28,1.36,3.26,1.38
2017|Rd 19|Canberra Raiders|St. George Illawarra Dragons,Canberra Raiders,Canberra Raiders,1.46,2.78,1.49,2.74,1.48,2.84
2017|Rd 19|New Zealand Warriors|Penrith Panthers,New Zealand Warriors,Penrith Panthers,1.49,2.7,1.6,2.41,1.49,2.78
2017|Rd 20|Wests Tigers|Parramatta Eels,Parramatta Eels,Parramatta Eels,3.43,1.32,3.63,1.31,3.93,1.29
2017|Rd 20|St. George Illawarra Dragons|Manly Sea Eagles,Manly Sea Eagles,St. George Illawarra Dragons,2.1,1.77,2.14,1.75,1.91,1.98
2017|Rd 20|NQ Cowboys|New Zealand Warriors,NQ Cowboys,NQ Cowboys,1.28,3.75,1.27,3.98,1.26,4.25
2017|Rd 20|Canberra Raiders|Melbourne Storm,Melbourne Storm,Melbourne Storm,2.82,1.45,2.98,1.42,2.87,1.47
2017|Rd 20|Penrith Panthers|Gold Coast Titans,Penrith Panthers,Penrith Panthers,1.53,2.55,1.53,2.61,1.54,2.62
2017|Rd 20|Cronulla Sharks|South Sydney Rabbitohs,Cronulla Sharks,Cronulla Sharks,1.32,3.44,1.32,3.56,1.36,3.42
2017|Rd 20|Sydney Roosters|Newcastle Knights,Sydney Roosters,Sydney Roosters,1.18,4.9,1.17,5.39,1.22,4.82
2017|Rd 20|Brisbane Broncos|Canterbury Bulldogs,Brisbane Broncos,Brisbane Broncos,1.3,3.56,1.34,3.39,1.3,3.86
2017|Rd 21|Gold Coast Titans|Wests Tigers,Gold Coast Titans,Gold Coast Titans,1.36,3.13,1.32,3.54,1.42,3.09
2017|Rd 21|Melbourne Storm|Manly Sea Eagles,Melbourne Storm,Melbourne Storm,1.46,2.76,1.52,2.63,1.45,2.94
2017|Rd 21|Sydney Roosters|NQ Cowboys,Sydney Roosters,Sydney Roosters,1.67,2.25,1.64,2.33,1.69,2.29
2017|Rd 21|South Sydney Rabbitohs|Canberra Raiders,South Sydney Rabbitohs,Canberra Raiders,1.9,1.95,2.29,1.66,1.85,2.05
2017|Rd 21|Newcastle Knights|St. George Illawarra Dragons,St. George Illawarra Dragons,St. George Illawarra Dragons,4.07,1.24,3.84,1.28,4.27,1.26
2017|Rd 21|Parramatta Eels|Brisbane Broncos,Brisbane Broncos,Brisbane Broncos,2.75,1.47,2.77,1.48,2.84,1.48
2017|Rd 21|New Zealand Warriors|Cronulla Sharks,Cronulla Sharks,Cronulla Sharks,2.35,1.62,2.53,1.56,2.46,1.61
2017|Rd 21|Penrith Panthers|Canterbury Bulldogs,Penrith Panthers,Penrith Panthers,1.46,2.8,1.5,2.69,1.5,2.76
2017|Rd 22|Penrith Panthers|Wests Tigers,Penrith Panthers,Penrith Panthers,1.38,3.05,1.36,3.32,1.38,3.28
2017|Rd 22|Manly Sea Eagles|Sydney Roosters,Sydney Roosters,Sydney Roosters,2.03,1.82,2.05,1.82,1.89,2.0
2017|Rd 22|Cronulla Sharks|Canberra Raiders,Cronulla Sharks,Cronulla Sharks,1.61,2.38,1.56,2.53,1.64,2.38
2017|Rd 22|Gold Coast Titans|Brisbane Broncos,Brisbane Broncos,Brisbane Broncos,3.06,1.38,2.9,1.44,3.18,1.4
2017|Rd 22|Newcastle Knights|New Zealand Warriors,New Zealand Warriors,New Zealand Warriors,1.92,1.91,2.13,1.76,1.83,2.03
2017|Rd 22|NQ Cowboys|Melbourne Storm,Melbourne Storm,Melbourne Storm,2.56,1.53,2.51,1.56,2.56,1.56
2017|Rd 22|St. George Illawarra Dragons|South Sydney Rabbitohs,St. George Illawarra Dragons,St. George Illawarra Dragons,1.45,2.79,1.47,2.79,1.45,2.94
2017|Rd 22|Canterbury Bulldogs|Parramatta Eels,Parramatta Eels,Canterbury Bulldogs,2.77,1.47,2.57,1.54,2.75,1.5
2017|Rd 23|Wests Tigers|Manly Sea Eagles,Manly Sea Eagles,Manly Sea Eagles,2.92,1.42,2.79,1.47,3.18,1.4
2017|Rd 23|New Zealand Warriors|Canberra Raiders,Canberra Raiders,Canberra Raiders,3.47,1.31,3.25,1.37,3.98,1.29
2017|Rd 23|Penrith Panthers|NQ Cowboys,Penrith Panthers,NQ Cowboys,1.51,2.67,1.47,2.79,1.51,2.72
2017|Rd 23|Melbourne Storm|Sydney Roosters,Melbourne Storm,Melbourne Storm,1.36,3.24,1.37,3.25,1.4,3.15
2017|Rd 23|St. George Illawarra Dragons|Gold Coast Titans,St. George Illawarra Dragons,St. George Illawarra Dragons,1.34,3.25,1.35,3.36,1.38,3.27
2017|Rd 23|Brisbane Broncos|Cronulla Sharks,Brisbane Broncos,Brisbane Broncos,1.51,2.63,1.51,2.65,1.51,2.72
2017|Rd 23|Parramatta Eels|Newcastle Knights,Parramatta Eels,Parramatta Eels,1.19,4.72,1.16,5.76,1.23,4.59
2017|Rd 23|South Sydney Rabbitohs|Canterbury Bulldogs,South Sydney Rabbitohs,South Sydney Rabbitohs,1.6,2.38,1.63,2.36,1.63,2.42
2017|Rd 24|Canterbury Bulldogs|Manly Sea Eagles,Manly Sea Eagles,Canterbury Bulldogs,4.34,1.22,4.31,1.24,5.11,1.2
2017|Rd 24|Canberra Raiders|Penrith Panthers,Canberra Raiders,Canberra Raiders,1.48,2.73,1.51,2.67,1.49,2.81
2017|Rd 24|NQ Cowboys|Cronulla Sharks,Cronulla Sharks,NQ Cowboys,2.21,1.69,2.32,1.65,2.24,1.71
2017|Rd 24|Sydney Roosters|Wests Tigers,Sydney Roosters,Sydney Roosters,1.18,4.89,1.21,4.73,1.22,4.83
2017|Rd 24|Newcastle Knights|Melbourne Storm,Melbourne Storm,Melbourne Storm,3.88,1.26,3.73,1.3,4.21,1.26
2017|Rd 24|Brisbane Broncos|St. George Illawarra Dragons,Brisbane Broncos,Brisbane Broncos,1.23,4.18,1.23,4.4,1.24,4.44
2017|Rd 24|South Sydney Rabbitohs|New Zealand Warriors,South Sydney Rabbitohs,South Sydney Rabbitohs,1.36,3.17,1.44,2.91,1.41,3.13
2017|Rd 24|Parramatta Eels|Gold Coast Titans,Parramatta Eels,Parramatta Eels,1.17,5.09,1.18,5.21,1.2,5.18
2017|Rd 25|Penrith Panthers|St. George Illawarra Dragons,Penrith Panthers,Penrith Panthers,1.51,2.6,1.54,2.57,1.53,2.67
2017|Rd 25|New Zealand Warriors|Manly Sea Eagles,Manly Sea Eagles,Manly Sea Eagles,2.48,1.56,2.48,1.57,2.48,1.6
2017|Rd 25|Cronulla Sharks|Sydney Roosters,Sydney Roosters,Cronulla Sharks,2.01,1.85,1.83,2.04,2.1,1.81
2017|Rd 25|Melbourne Storm|South Sydney Rabbitohs,Melbourne Storm,Melbourne Storm,1.13,5.92,1.19,5.14,1.14,6.59
2017|Rd 25|Gold Coast Titans|Canterbury Bulldogs,Gold Coast Titans,Canterbury Bulldogs,1.84,2.0,1.71,2.2,1.88,2.01
2017|Rd 25|Wests Tigers|NQ Cowboys,NQ Cowboys,NQ Cowboys,2.46,1.58,2.34,1.64,2.72,1.51
2017|Rd 25|Canberra Raiders|Newcastle Knights,Canberra Raiders,Canberra Raiders,1.14,5.65,1.17,5.39,1.15,6.16
2017|Rd 25|Brisbane Broncos|Parramatta Eels,Brisbane Broncos,Brisbane Broncos,1.26,3.95,1.26,4.08,1.27,4.17
2017|Rd 26|Wests Tigers|New Zealand Warriors,Wests Tigers,Wests Tigers,1.32,3.45,1.46,2.82,1.34,3.53
2017|Rd 26|St. George Illawarra Dragons|Canterbury Bulldogs,St. George Illawarra Dragons,St. George Illawarra Dragons,1.36,3.17,1.37,3.25,1.37,3.34
2017|Rd 26|Newcastle Knights|Cronulla Sharks,Cronulla Sharks,Cronulla Sharks,3.24,1.35,3.45,1.34,3.39,1.36
2017|Rd 26|Melbourne Storm|Canberra Raiders,Melbourne Storm,Melbourne Storm,1.26,3.91,1.32,3.68,1.25,4.33
2017|Rd 26|Manly Sea Eagles|Penrith Panthers,Manly Sea Eagles,Manly Sea Eagles,1.68,2.25,1.77,2.11,1.63,2.42
2017|Rd 26|Sydney Roosters|Gold Coast Titans,Sydney Roosters,Sydney Roosters,1.05,9.13,1.08,9.43,1.08,9.94
2017|Rd 26|Parramatta Eels|South Sydney Rabbitohs,Parramatta Eels,Parramatta Eels,1.1,6.95,1.16,5.76,1.1,8.06
2017|Rd 26|NQ Cowboys|Brisbane Broncos,Brisbane Broncos,NQ Cowboys,2.58,1.53,2.7,1.5,2.53,1.58
2017|Grand Final|Melbourne Storm|NQ Cowboys,,,,,,,,
2017|Prelim Final|Melbourne Storm|Brisbane Broncos,,,,,,,,
2017|Qualif Final|Sydney Roosters|Brisbane Broncos,,,,,,,,
2017|Semi Final|Brisbane Broncos|Penrith Panthers,,,,,,,,
2017|Prelim Final|Sydney Roosters|NQ Cowboys,,,,,,,,
2017|Qualif Final|Manly Sea Eagles|Penrith Panthers,,,,,,,,
2017|Semi Final|Parramatta Eels|NQ Cowboys,,,,,,,,
2017|Qualif Final|Melbourne Storm|Parramatta Eels,,,,,,,,
2017|Qualif Final|Cronulla Sharks|NQ Cowboys,,,,,,,,
2018|Rd 1|Gold Coast Titans|Canberra Raiders,Canberra Raiders,Canberra Raiders,2.31,1.67,2.19,1.72,2.33,1.67
2018|Rd 1|Penrith Panthers|Parramatta Eels,Parramatta Eels,Penrith Panthers,1.97,1.91,1.92,1.93,1.94,1.94
2018|Rd 1|Canterbury Bulldogs|Melbourne Storm,Melbourne Storm,Melbourne Storm,3.14,1.4,3.01,1.41,3.18,1.4
2018|Rd 1|South Sydney Rabbitohs|New Zealand Warriors,South Sydney Rabbitohs,South Sydney Rabbitohs,1.47,2.85,1.41,3.01,1.47,2.88
2018|Rd 1|Wests Tigers|Sydney Roosters,Sydney Roosters,Sydney Roosters,4.0,1.27,3.62,1.31,4.59,1.23
2018|Rd 1|NQ Cowboys|Cronulla Sharks,NQ Cowboys,NQ Cowboys,1.67,2.31,1.51,2.67,1.67,2.32
2018|Rd 1|Newcastle Knights|Manly Sea Eagles,Newcastle Knights,Manly Sea Eagles,1.93,1.95,1.79,2.09,1.94,1.94
2018|Rd 1|St. George Illawarra Dragons|Brisbane Broncos,St. George Illawarra Dragons,Brisbane Broncos,1.7,2.28,1.79,2.09,1.69,2.29
2018|Rd 2|Canberra Raiders|Newcastle Knights,Canberra Raiders,Canberra Raiders,1.61,2.45,1.57,2.48,1.63,2.36
2018|Rd 2|Manly Sea Eagles|Parramatta Eels,Manly Sea Eagles,Manly Sea Eagles,1.85,2.03,1.79,2.09,1.8,2.07
2018|Rd 2|Melbourne Storm|Wests Tigers,Melbourne Storm,Melbourne Storm,1.13,6.26,1.18,5.17,1.15,6.0
2018|Rd 2|Penrith Panthers|South Sydney Rabbitohs,Penrith Panthers,Penrith Panthers,1.39,3.12,1.37,3.25,1.4,3.08
2018|Rd 2|New Zealand Warriors|Gold Coast Titans,New Zealand Warriors,New Zealand Warriors,1.31,3.59,1.41,3.03,1.3,3.68
2018|Rd 2|Brisbane Broncos|NQ Cowboys,NQ Cowboys,Brisbane Broncos,2.23,1.72,2.48,1.57,2.29,1.66
2018|Rd 2|Sydney Roosters|Canterbury Bulldogs,Sydney Roosters,Sydney Roosters,1.33,3.45,1.32,3.54,1.33,3.47
2018|Rd 2|Cronulla Sharks|St. George Illawarra Dragons,St. George Illawarra Dragons,Cronulla Sharks,1.96,1.93,1.69,2.23,1.92,1.93
2018|Rd 3|Sydney Roosters|Newcastle Knights,Sydney Roosters,Sydney Roosters,1.35,3.39,1.34,3.45,1.33,3.5
2018|Rd 3|Gold Coast Titans|St. George Illawarra Dragons,St. George Illawarra Dragons,St. George Illawarra Dragons,2.85,1.47,2.63,1.52,2.93,1.43
2018|Rd 3|Parramatta Eels|Cronulla Sharks,Parramatta Eels,Cronulla Sharks,1.86,2.04,1.79,2.09,1.83,2.03
2018|Rd 3|South Sydney Rabbitohs|Manly Sea Eagles,Manly Sea Eagles,Manly Sea Eagles,2.29,1.68,2.19,1.72,2.37,1.62
2018|Rd 3|Canberra Raiders|New Zealand Warriors,Canberra Raiders,Canberra Raiders,1.8,2.1,1.69,2.24,1.75,2.15
2018|Rd 3|Wests Tigers|Brisbane Broncos,Brisbane Broncos,Brisbane Broncos,2.35,1.66,2.34,1.64,2.37,1.62
2018|Rd 3|Canterbury Bulldogs|Penrith Panthers,Penrith Panthers,Penrith Panthers,2.31,1.68,2.5,1.56,2.16,1.74
2018|Rd 3|Melbourne Storm|NQ Cowboys,Melbourne Storm,Melbourne Storm,1.62,2.42,1.6,2.41,1.6,2.42
2018|Rd 4|Wests Tigers|Parramatta Eels,Wests Tigers,Wests Tigers,1.85,2.06,1.83,2.03,1.78,2.1
2018|Rd 4|Brisbane Broncos|Gold Coast Titans,Brisbane Broncos,Brisbane Broncos,1.25,4.28,1.22,4.58,1.26,4.05
2018|Rd 4|St. George Illawarra Dragons|Newcastle Knights,St. George Illawarra Dragons,St. George Illawarra Dragons,1.31,3.59,1.3,3.72,1.29,3.8
2018|Rd 4|Manly Sea Eagles|Canberra Raiders,Manly Sea Eagles,Manly Sea Eagles,1.56,2.54,1.49,2.72,1.54,2.57
2018|Rd 4|Sydney Roosters|New Zealand Warriors,Sydney Roosters,Sydney Roosters,1.26,4.1,1.31,3.63,1.24,4.31
2018|Rd 4|Cronulla Sharks|Melbourne Storm,Melbourne Storm,Melbourne Storm,2.72,1.51,2.39,1.61,2.78,1.47
2018|Rd 4|South Sydney Rabbitohs|Canterbury Bulldogs,South Sydney Rabbitohs,South Sydney Rabbitohs,1.72,2.23,1.79,2.09,1.7,2.21
2018|Rd 4|NQ Cowboys|Penrith Panthers,NQ Cowboys,NQ Cowboys,1.26,4.1,1.27,3.94,1.26,4.08
2018|Rd 5|Parramatta Eels|Penrith Panthers,Penrith Panthers,Penrith Panthers,2.55,1.56,1.62,2.3,2.5,1.56
2018|Rd 5|Gold Coast Titans|Manly Sea Eagles,Manly Sea Eagles,Manly Sea Eagles,2.25,1.7,2.55,1.52,2.15,1.75
2018|Rd 5|Newcastle Knights|Brisbane Broncos,Brisbane Broncos,Brisbane Broncos,2.18,1.76,1.87,1.95,2.18,1.72
2018|Rd 5|New Zealand Warriors|NQ Cowboys,New Zealand Warriors,New Zealand Warriors,1.83,2.06,2.15,1.72,1.8,2.05
2018|Rd 5|Wests Tigers|Melbourne Storm,Melbourne Storm,Melbourne Storm,2.97,1.42,3.35,1.33,3.1,1.4
2018|Rd 5|St. George Illawarra Dragons|South Sydney Rabbitohs,St. George Illawarra Dragons,St. George Illawarra Dragons,1.32,3.62,1.36,3.2,1.3,3.7
2018|Rd 5|Cronulla Sharks|Sydney Roosters,Sydney Roosters,Cronulla Sharks,2.15,1.77,2.35,1.6,2.15,1.75
2018|Rd 5|Canberra Raiders|Canterbury Bulldogs,Canberra Raiders,Canberra Raiders,1.8,2.11,1.68,2.2,1.85,2.0
2018|Rd 6|Manly Sea Eagles|Wests Tigers,Manly Sea Eagles,Manly Sea Eagles,1.59,2.47,1.62,2.3,1.56,2.5
2018|Rd 6|Penrith Panthers|Gold Coast Titans,Penrith Panthers,Penrith Panthers,1.45,2.87,1.3,3.6,1.42,3.0
2018|Rd 6|Canberra Raiders|Parramatta Eels,Canberra Raiders,Canberra Raiders,1.57,2.5,1.75,2.1,1.6,2.4
2018|Rd 6|NQ Cowboys|Canterbury Bulldogs,NQ Cowboys,NQ Cowboys,1.32,3.55,1.33,3.35,1.33,3.5
2018|Rd 6|New Zealand Warriors|Brisbane Broncos,New Zealand Warriors,New Zealand Warriors,1.45,2.9,1.65,2.25,1.4,3.1
2018|Rd 6|St. George Illawarra Dragons|Cronulla Sharks,St. George Illawarra Dragons,St. George Illawarra Dragons,1.48,2.77,1.52,2.55,1.48,2.75
2018|Rd 6|Melbourne Storm|Newcastle Knights,Melbourne Storm,Melbourne Storm,1.29,3.77,1.22,4.35,1.28,3.85
2018|Rd 6|Sydney Roosters|South Sydney Rabbitohs,Sydney Roosters,Sydney Roosters,1.38,3.2,1.33,3.35,1.4,3.1
2018|Rd 7|Cronulla Sharks|Penrith Panthers,Penrith Panthers,Cronulla Sharks,2.2,1.73,1.72,2.15,2.22,1.7
2018|Rd 7|Parramatta Eels|Manly Sea Eagles,Manly Sea Eagles,Parramatta Eels,2.14,1.76,2.2,1.68,2.0,1.85
2018|Rd 7|NQ Cowboys|Gold Coast Titans,NQ Cowboys,NQ Cowboys,1.4,3.08,1.45,2.75,1.4,3.1
2018|Rd 7|Wests Tigers|Newcastle Knights,Wests Tigers,Wests Tigers,1.51,2.67,1.72,2.15,1.5,2.68
2018|Rd 7|South Sydney Rabbitohs|Canberra Raiders,South Sydney Rabbitohs,South Sydney Rabbitohs,1.6,2.45,1.68,2.2,1.6,2.4
2018|Rd 7|Brisbane Broncos|Melbourne Storm,Melbourne Storm,Melbourne Storm,2.34,1.65,2.4,1.58,2.3,1.65
2018|Rd 7|New Zealand Warriors|St. George Illawarra Dragons,St. George Illawarra Dragons,St. George Illawarra Dragons,2.6,1.58,1.9,1.9,2.62,1.52
2018|Rd 7|Canterbury Bulldogs|Sydney Roosters,Sydney Roosters,Sydney Roosters,2.56,1.55,3.7,1.28,2.5,1.56
2018|Rd 8|Parramatta Eels|Wests Tigers,Wests Tigers,Parramatta Eels,2.1,1.8,2.5,1.54,2.05,1.8
2018|Rd 8|NQ Cowboys|Canberra Raiders,NQ Cowboys,NQ Cowboys,1.45,2.84,1.48,2.65,1.45,2.85
2018|Rd 8|Gold Coast Titans|Cronulla Sharks,Cronulla Sharks,Cronulla Sharks,2.16,1.75,2.02,1.8,2.1,1.77
2018|Rd 8|Penrith Panthers|Canterbury Bulldogs,Penrith Panthers,Penrith Panthers,1.57,2.52,1.54,2.5,1.58,2.45
2018|Rd 8|Manly Sea Eagles|Newcastle Knights,Manly Sea Eagles,Manly Sea Eagles,1.53,2.62,1.58,2.4,1.52,2.62
2018|Rd 8|South Sydney Rabbitohs|Brisbane Broncos,South Sydney Rabbitohs,South Sydney Rabbitohs,1.54,2.61,1.72,2.15,1.56,2.5
2018|Rd 8|Melbourne Storm|New Zealand Warriors,Melbourne Storm,Melbourne Storm,1.4,3.12,1.68,2.2,1.42,3.0
2018|Rd 8|St. George Illawarra Dragons|Sydney Roosters,St. George Illawarra Dragons,St. George Illawarra Dragons,1.73,2.22,1.75,2.1,1.68,2.25
2018|Rd 9|Sydney Roosters|Manly Sea Eagles,Sydney Roosters,Sydney Roosters,1.29,3.79,1.33,3.35,1.28,3.85
2018|Rd 9|St. George Illawarra Dragons|Melbourne Storm,St. George Illawarra Dragons,Melbourne Storm,1.78,2.12,1.75,2.1,1.75,2.15
2018|Rd 9|Cronulla Sharks|Parramatta Eels,Cronulla Sharks,Cronulla Sharks,1.85,2.04,1.54,2.5,1.93,1.93
2018|Rd 9|New Zealand Warriors|Wests Tigers,New Zealand Warriors,New Zealand Warriors,1.53,2.61,1.5,2.6,1.52,2.62
2018|Rd 9|Canberra Raiders|Gold Coast Titans,Canberra Raiders,Canberra Raiders,1.37,3.24,1.58,2.4,1.38,3.2
2018|Rd 9|Penrith Panthers|NQ Cowboys,Penrith Panthers,Penrith Panthers,1.88,1.99,1.75,2.1,1.9,1.95
2018|Rd 9|Newcastle Knights|South Sydney Rabbitohs,South Sydney Rabbitohs,South Sydney Rabbitohs,2.56,1.55,2.4,1.58,2.5,1.56
2018|Rd 9|Brisbane Broncos|Canterbury Bulldogs,Brisbane Broncos,Brisbane Broncos,1.41,3.07,1.5,2.6,1.44,2.9
2018|Rd 10|Canberra Raiders|Cronulla Sharks,Canberra Raiders,Canberra Raiders,1.56,2.55,1.75,2.1,1.54,2.55
2018|Rd 10|South Sydney Rabbitohs|St. George Illawarra Dragons,St. George Illawarra Dragons,St. George Illawarra Dragons,2.34,1.66,2.65,1.48,2.3,1.65
2018|Rd 10|Manly Sea Eagles|Brisbane Broncos,Brisbane Broncos,Brisbane Broncos,2.61,1.54,2.55,1.52,2.62,1.52
2018|Rd 10|Melbourne Storm|Gold Coast Titans,Melbourne Storm,Melbourne Storm,1.16,5.62,1.2,4.6,1.15,6.0
2018|Rd 10|New Zealand Warriors|Sydney Roosters,New Zealand Warriors,New Zealand Warriors,1.9,2.0,1.85,1.97,1.95,1.9
2018|Rd 10|Canterbury Bulldogs|Parramatta Eels,Parramatta Eels,Canterbury Bulldogs,2.01,1.86,1.97,1.85,1.97,1.86
2018|Rd 10|Newcastle Knights|Penrith Panthers,Penrith Panthers,Penrith Panthers,2.08,1.81,2.2,1.68,1.97,1.86
2018|Rd 10|Wests Tigers|NQ Cowboys,Wests Tigers,Wests Tigers,1.93,1.94,1.95,1.87,1.93,1.93
2018|Rd 11|Cronulla Sharks|Canterbury Bulldogs,Cronulla Sharks,Cronulla Sharks,1.45,2.89,1.45,2.75,1.45,2.85
2018|Rd 11|St. George Illawarra Dragons|Canberra Raiders,St. George Illawarra Dragons,St. George Illawarra Dragons,1.36,3.27,1.38,3.1,1.38,3.2
2018|Rd 11|Melbourne Storm|Manly Sea Eagles,Melbourne Storm,Melbourne Storm,1.47,2.81,1.22,4.35,1.48,2.75
2018|Rd 11|NQ Cowboys|South Sydney Rabbitohs,South Sydney Rabbitohs,NQ Cowboys,2.2,1.72,1.7,2.18,2.15,1.75
2018|Rd 11|Gold Coast Titans|Newcastle Knights,Gold Coast Titans,Gold Coast Titans,1.76,2.14,1.8,2.02,1.75,2.15
2018|Rd 11|Brisbane Broncos|Sydney Roosters,Sydney Roosters,Brisbane Broncos,2.53,1.55,2.1,1.75,2.55,1.54
2018|Rd 11|Parramatta Eels|New Zealand Warriors,Parramatta Eels,Parramatta Eels,1.73,2.15,2.1,1.75,1.75,2.15
2018|Rd 11|Penrith Panthers|Wests Tigers,Penrith Panthers,Penrith Panthers,1.57,2.49,1.6,2.35,1.58,2.45
2018|Rd 12|Wests Tigers|Canterbury Bulldogs,Wests Tigers,Wests Tigers,1.57,2.56,1.65,2.25,1.58,2.45
2018|Rd 12|Newcastle Knights|Cronulla Sharks,Cronulla Sharks,Cronulla Sharks,2.56,1.55,2.5,1.54,2.45,1.58
2018|Rd 12|Penrith Panthers|St. George Illawarra Dragons,St. George Illawarra Dragons,Penrith Panthers,2.11,1.79,2.25,1.65,2.0,1.85
2018|Rd 12|New Zealand Warriors|South Sydney Rabbitohs,South Sydney Rabbitohs,New Zealand Warriors,2.1,1.79,1.82,2.0,2.15,1.75
2018|Rd 12|Sydney Roosters|Gold Coast Titans,Sydney Roosters,Sydney Roosters,1.29,3.82,1.33,3.35,1.27,4.0
2018|Rd 12|NQ Cowboys|Melbourne Storm,Melbourne Storm,Melbourne Storm,2.12,1.78,2.25,1.65,2.05,1.8
2018|Rd 12|Canberra Raiders|Manly Sea Eagles,Canberra Raiders,Canberra Raiders,1.65,2.36,1.68,2.2,1.63,2.35
2018|Rd 12|Brisbane Broncos|Parramatta Eels,Brisbane Broncos,Brisbane Broncos,1.46,2.84,1.56,2.45,1.45,2.85
2018|Rd 13|Sydney Roosters|Wests Tigers,Wests Tigers,Sydney Roosters,2.08,1.8,1.9,1.9,2.02,1.83
2018|Rd 13|Parramatta Eels|Newcastle Knights,Parramatta Eels,Parramatta Eels,1.49,2.76,1.68,2.2,1.45,2.85
2018|Rd 13|South Sydney Rabbitohs|Cronulla Sharks,Cronulla Sharks,South Sydney Rabbitohs,2.45,1.61,1.75,2.1,2.4,1.6
2018|Rd 13|Manly Sea Eagles|NQ Cowboys,Manly Sea Eagles,Manly Sea Eagles,1.67,2.29,1.8,2.02,1.68,2.25
2018|Rd 14|Canterbury Bulldogs|St. George Illawarra Dragons,St. George Illawarra Dragons,St. George Illawarra Dragons,3.22,1.39,2.65,1.48,3.5,1.33
2018|Rd 14|Melbourne Storm|Brisbane Broncos,Melbourne Storm,Melbourne Storm,1.5,2.69,1.36,3.2,1.54,2.55
2018|Rd 14|Cronulla Sharks|Wests Tigers,Cronulla Sharks,Cronulla Sharks,1.5,2.72,1.52,2.55,1.48,2.75
2018|Rd 14|Parramatta Eels|NQ Cowboys,NQ Cowboys,Parramatta Eels,2.86,1.46,2.02,1.8,2.68,1.5
2018|Rd 14|Newcastle Knights|Sydney Roosters,Sydney Roosters,Sydney Roosters,3.29,1.35,3.6,1.3,3.5,1.33
2018|Rd 14|Manly Sea Eagles|New Zealand Warriors,New Zealand Warriors,Manly Sea Eagles,2.16,1.75,2.1,1.75,2.1,1.77
2018|Rd 14|Gold Coast Titans|South Sydney Rabbitohs,South Sydney Rabbitohs,South Sydney Rabbitohs,2.48,1.58,3.0,1.4,2.5,1.56
2018|Rd 14|Canberra Raiders|Penrith Panthers,Penrith Panthers,Penrith Panthers,2.01,1.86,1.9,1.9,2.02,1.83
2018|Rd 15|Wests Tigers|Canberra Raiders,Canberra Raiders,Wests Tigers,2.03,1.87,1.75,2.1,2.0,1.85
2018|Rd 15|Newcastle Knights|Melbourne Storm,Melbourne Storm,Melbourne Storm,3.88,1.28,3.7,1.28,3.85,1.28
2018|Rd 15|Cronulla Sharks|Brisbane Broncos,Cronulla Sharks,Cronulla Sharks,1.56,2.56,1.56,2.45,1.56,2.5
2018|Rd 15|St. George Illawarra Dragons|Manly Sea Eagles,St. George Illawarra Dragons,St. George Illawarra Dragons,1.27,4.04,1.4,3.0,1.25,4.15
2018|Rd 15|Canterbury Bulldogs|Gold Coast Titans,Canterbury Bulldogs,Canterbury Bulldogs,1.58,2.5,1.75,2.1,1.6,2.4
2018|Rd 15|Sydney Roosters|Penrith Panthers,Sydney Roosters,Sydney Roosters,1.75,2.19,1.8,2.02,1.7,2.22
2018|Rd 15|NQ Cowboys|New Zealand Warriors,New Zealand Warriors,NQ Cowboys,2.14,1.79,1.75,2.1,2.15,1.75
2018|Rd 15|Parramatta Eels|South Sydney Rabbitohs,South Sydney Rabbitohs,South Sydney Rabbitohs,4.04,1.27,3.7,1.28,4.25,1.24
2018|Rd 16|St. George Illawarra Dragons|Parramatta Eels,,,,,,,,
2018|Rd 16|New Zealand Warriors|Cronulla Sharks,,,,,,,,
2018|Rd 16|Sydney Roosters|Melbourne Storm,,,,,,,,
2018|Rd 16|Brisbane Broncos|Canberra Raiders,,,,,,,,
2018|Rd 16|Newcastle Knights|Canterbury Bulldogs,,,,,,,,
2018|Rd 16|Penrith Panthers|Manly Sea Eagles,,,,,,,,
2018|Rd 16|South Sydney Rabbitohs|NQ Cowboys,,,,,,,,
2018|Rd 16|Wests Tigers|Gold Coast Titans,,,,,,,,
2018|Rd 17|South Sydney Rabbitohs|NQ Cowboys,South Sydney Rabbitohs,South Sydney Rabbitohs,1.33,3.48,1.38,3.1,1.3,3.7
2018|Rd 17|Melbourne Storm|St. George Illawarra Dragons,,,,,,,,
2018|Rd 17|Wests Tigers|Gold Coast Titans,Wests Tigers,Wests Tigers,1.5,2.71,1.54,2.5,1.48,2.75
2018|Rd 17|Penrith Panthers|New Zealand Warriors,,,,,,,,
2018|Rd 17|Brisbane Broncos|Canberra Raiders,Brisbane Broncos,Brisbane Broncos,1.68,2.29,1.56,2.45,1.75,2.15
2018|Rd 17|Canterbury Bulldogs|Canberra Raiders,,,,,,,,
2018|Rd 17|Newcastle Knights|Canterbury Bulldogs,Newcastle Knights,Canterbury Bulldogs,1.51,2.68,1.7,2.18,1.52,2.62
2018|Rd 17|Gold Coast Titans|Brisbane Broncos,,,,,,,,
2018|Rd 17|Penrith Panthers|Manly Sea Eagles,Penrith Panthers,Penrith Panthers,1.35,3.3,1.2,4.6,1.38,3.2
2018|Rd 17|Sydney Roosters|Melbourne Storm,Melbourne Storm,Melbourne Storm,2.26,1.69,2.1,1.75,2.25,1.68
2018|Rd 17|New Zealand Warriors|Cronulla Sharks,New Zealand Warriors,Cronulla Sharks,1.78,2.12,2.3,1.62,1.75,2.15
2018|Rd 17|St. George Illawarra Dragons|Parramatta Eels,St. George Illawarra Dragons,St. George Illawarra Dragons,1.3,3.69,1.25,4.0,1.3,3.7
2018|Rd 18|Gold Coast Titans|Brisbane Broncos,Brisbane Broncos,Brisbane Broncos,2.15,1.74,2.55,1.52,2.18,1.72
2018|Rd 18|Newcastle Knights|Parramatta Eels,,,,,,,,
2018|Rd 18|Canterbury Bulldogs|Canberra Raiders,Canberra Raiders,Canberra Raiders,2.85,1.44,2.75,1.45,2.9,1.44
2018|Rd 18|Penrith Panthers|Cronulla Sharks,,,,,,,,
2018|Rd 18|Penrith Panthers|New Zealand Warriors,New Zealand Warriors,Penrith Panthers,2.73,1.5,2.02,1.8,2.75,1.48
2018|Rd 18|Canberra Raiders|NQ Cowboys,,,,,,,,
2018|Rd 18|Melbourne Storm|St. George Illawarra Dragons,Melbourne Storm,Melbourne Storm,1.57,2.49,1.52,2.55,1.58,2.45
2018|Rd 18|Canterbury Bulldogs|South Sydney Rabbitohs,,,,,,,,
2018|Rd 18|Manly Sea Eagles|Melbourne Storm,,,,,,,,
2018|Rd 18|Brisbane Broncos|New Zealand Warriors,,,,,,,,
2018|Rd 18|Gold Coast Titans|Sydney Roosters,,,,,,,,
2018|Rd 18|St. George Illawarra Dragons|Wests Tigers,,,,,,,,
2018|Rd 19|Gold Coast Titans|Sydney Roosters,Sydney Roosters,Sydney Roosters,2.09,1.8,2.75,1.45,2.0,1.85
2018|Rd 19|Parramatta Eels|Canterbury Bulldogs,,,,,,,,
2018|Rd 19|St. George Illawarra Dragons|Wests Tigers,St. George Illawarra Dragons,St. George Illawarra Dragons,1.37,3.26,1.36,3.2,1.38,3.2
2018|Rd 19|Brisbane Broncos|Penrith Panthers,,,,,,,,
2018|Rd 19|Brisbane Broncos|New Zealand Warriors,Brisbane Broncos,Brisbane Broncos,1.58,2.49,1.87,1.95,1.54,2.55
2018|Rd 19|Cronulla Sharks|Canberra Raiders,,,,,,,,
2018|Rd 19|Canberra Raiders|NQ Cowboys,Canberra Raiders,Canberra Raiders,1.55,2.55,1.5,2.6,1.56,2.5
2018|Rd 19|NQ Cowboys|St. George Illawarra Dragons,,,,,,,,
2018|Rd 19|Manly Sea Eagles|Melbourne Storm,Melbourne Storm,Melbourne Storm,2.08,1.81,2.8,1.44,2.05,1.8
2018|Rd 19|Newcastle Knights|Gold Coast Titans,,,,,,,,
2018|Rd 19|Canterbury Bulldogs|South Sydney Rabbitohs,South Sydney Rabbitohs,South Sydney Rabbitohs,4.09,1.26,4.0,1.25,4.25,1.24
2018|Rd 19|Wests Tigers|South Sydney Rabbitohs,,,,,,,,
2018|Rd 19|Newcastle Knights|Parramatta Eels,Parramatta Eels,Parramatta Eels,2.11,1.78,2.1,1.75,2.05,1.8
2018|Rd 19|Manly Sea Eagles|Sydney Roosters,,,,,,,,
2018|Rd 19|Penrith Panthers|Cronulla Sharks,Cronulla Sharks,Penrith Panthers,2.59,1.55,1.65,2.25,2.55,1.54
2018|Rd 19|New Zealand Warriors|Melbourne Storm,,,,,,,,
2018|Rd 20|Manly Sea Eagles|Sydney Roosters,Sydney Roosters,Sydney Roosters,2.7,1.5,2.7,1.47,2.62,1.52
2018|Rd 20|Brisbane Broncos|Cronulla Sharks,,,,,,,,
2018|Rd 20|New Zealand Warriors|Melbourne Storm,Melbourne Storm,Melbourne Storm,2.61,1.52,2.18,1.7,2.75,1.48
2018|Rd 20|Canterbury Bulldogs|Wests Tigers,,,,,,,,
2018|Rd 20|NQ Cowboys|St. George Illawarra Dragons,St. George Illawarra Dragons,St. George Illawarra Dragons,2.41,1.59,2.5,1.54,2.4,1.6
2018|Rd 20|NQ Cowboys|Newcastle Knights,,,,,,,,
2018|Rd 20|Wests Tigers|South Sydney Rabbitohs,South Sydney Rabbitohs,South Sydney Rabbitohs,3.41,1.33,3.35,1.33,3.5,1.33
2018|Rd 20|Manly Sea Eagles|Penrith Panthers,,,,,,,,
2018|Rd 20|Newcastle Knights|Gold Coast Titans,Newcastle Knights,Newcastle Knights,1.84,2.01,2.0,1.82,1.8,2.05
2018|Rd 20|Melbourne Storm|Canberra Raiders,,,,,,,,
2018|Rd 20|Brisbane Broncos|Penrith Panthers,Brisbane Broncos,Brisbane Broncos,1.78,2.11,2.02,1.8,1.75,2.15
2018|Rd 20|South Sydney Rabbitohs|Parramatta Eels,,,,,,,,
2018|Rd 20|Cronulla Sharks|Canberra Raiders,Cronulla Sharks,Cronulla Sharks,1.46,2.82,1.56,2.45,1.44,2.9
2018|Rd 20|Gold Coast Titans|New Zealand Warriors,,,,,,,,
2018|Rd 20|Parramatta Eels|Canterbury Bulldogs,Parramatta Eels,Parramatta Eels,1.63,2.35,1.75,2.1,1.63,2.35
2018|Rd 20|Sydney Roosters|St. George Illawarra Dragons,,,,,,,,
2018|Rd 21|Sydney Roosters|St. George Illawarra Dragons,Sydney Roosters,Sydney Roosters,1.63,2.36,1.68,2.2,1.6,2.4
2018|Rd 21|Canterbury Bulldogs|Brisbane Broncos,,,,,,,,
2018|Rd 21|Gold Coast Titans|New Zealand Warriors,New Zealand Warriors,New Zealand Warriors,2.33,1.65,2.2,1.68,2.3,1.65
2018|Rd 21|Newcastle Knights|Wests Tigers,,,,,,,,
2018|Rd 21|Melbourne Storm|Canberra Raiders,Melbourne Storm,Melbourne Storm,1.3,3.65,1.3,3.6,1.28,3.85
2018|Rd 21|South Sydney Rabbitohs|Melbourne Storm,,,,,,,,
2018|Rd 21|South Sydney Rabbitohs|Parramatta Eels,South Sydney Rabbitohs,South Sydney Rabbitohs,1.22,4.46,1.25,4.0,1.22,4.5
2018|Rd 21|Parramatta Eels|Gold Coast Titans,,,,,,,,
2018|Rd 21|Manly Sea Eagles|Penrith Panthers,Penrith Panthers,Penrith Panthers,2.47,1.57,2.5,1.54,2.5,1.56
2018|Rd 21|St. George Illawarra Dragons|New Zealand Warriors,,,,,,,,
2018|Rd 21|Canterbury Bulldogs|Wests Tigers,Wests Tigers,Canterbury Bulldogs,3.02,1.41,2.2,1.68,3.1,1.4
2018|Rd 21|Sydney Roosters|NQ Cowboys,,,,,,,,
2018|Rd 21|NQ Cowboys|Newcastle Knights,NQ Cowboys,NQ Cowboys,1.53,2.57,1.45,2.75,1.54,2.55
2018|Rd 21|Cronulla Sharks|Manly Sea Eagles,,,,,,,,
2018|Rd 21|Brisbane Broncos|Cronulla Sharks,Brisbane Broncos,Brisbane Broncos,1.66,2.28,1.9,1.9,1.63,2.35
2018|Rd 21|Penrith Panthers|Canberra Raiders,,,,,,,,
2018|Rd 22|Penrith Panthers|Canberra Raiders,Penrith Panthers,Penrith Panthers,1.45,2.79,1.4,3.0,1.47,2.8
2018|Rd 22|NQ Cowboys|Brisbane Broncos,,,,,,,,
2018|Rd 22|Cronulla Sharks|Manly Sea Eagles,Cronulla Sharks,Cronulla Sharks,1.33,3.4,1.33,3.35,1.33,3.5
2018|Rd 22|New Zealand Warriors|Newcastle Knights,,,,,,,,
2018|Rd 22|Sydney Roosters|NQ Cowboys,Sydney Roosters,Sydney Roosters,1.21,4.48,1.2,4.6,1.22,4.5
2018|Rd 22|South Sydney Rabbitohs|Sydney Roosters,,,,,,,,
2018|Rd 22|Parramatta Eels|Gold Coast Titans,Parramatta Eels,Parramatta Eels,1.7,2.18,1.65,2.25,1.72,2.18
2018|Rd 22|Gold Coast Titans|Penrith Panthers,,,,,,,,
2018|Rd 22|St. George Illawarra Dragons|New Zealand Warriors,St. George Illawarra Dragons,St. George Illawarra Dragons,1.39,3.06,1.48,2.65,1.4,3.1
2018|Rd 22|Manly Sea Eagles|Canterbury Bulldogs,,,,,,,,
2018|Rd 22|South Sydney Rabbitohs|Melbourne Storm,Melbourne Storm,Melbourne Storm,2.14,1.72,1.9,1.9,2.18,1.72
2018|Rd 22|Parramatta Eels|St. George Illawarra Dragons,,,,,,,,
2018|Rd 22|Newcastle Knights|Wests Tigers,Wests Tigers,Wests Tigers,2.02,1.83,2.1,1.75,2.0,1.85
2018|Rd 22|Canberra Raiders|Wests Tigers,,,,,,,,
2018|Rd 22|Canterbury Bulldogs|Brisbane Broncos,Brisbane Broncos,Brisbane Broncos,3.67,1.29,3.1,1.38,3.85,1.28
2018|Rd 22|Melbourne Storm|Cronulla Sharks,,,,,,,,
2018|Rd 23|Melbourne Storm|Cronulla Sharks,Melbourne Storm,Melbourne Storm,1.46,2.8,1.47,2.7,1.45,2.85
2018|Rd 23|Brisbane Broncos|South Sydney Rabbitohs,,,,,,,,
2018|Rd 23|Canberra Raiders|Wests Tigers,Canberra Raiders,Canberra Raiders,1.56,2.51,1.52,2.55,1.63,2.35
2018|Rd 23|Manly Sea Eagles|Gold Coast Titans,,,,,,,,
2018|Rd 23|Parramatta Eels|St. George Illawarra Dragons,St. George Illawarra Dragons,St. George Illawarra Dragons,2.6,1.52,3.1,1.38,2.62,1.52
2018|Rd 23|Melbourne Storm|Parramatta Eels,,,,,,,,
2018|Rd 23|Manly Sea Eagles|Canterbury Bulldogs,Manly Sea Eagles,Manly Sea Eagles,1.5,2.72,1.6,2.35,1.47,2.8
2018|Rd 23|Cronulla Sharks|NQ Cowboys,,,,,,,,
2018|Rd 23|Gold Coast Titans|Penrith Panthers,Penrith Panthers,Penrith Panthers,3.06,1.4,2.75,1.45,3.1,1.4
2018|Rd 23|Penrith Panthers|Newcastle Knights,,,,,,,,
2018|Rd 23|South Sydney Rabbitohs|Sydney Roosters,South Sydney Rabbitohs,South Sydney Rabbitohs,1.91,1.95,2.02,1.8,1.9,1.95
2018|Rd 23|Wests Tigers|St. George Illawarra Dragons,,,,,,,,
2018|Rd 23|New Zealand Warriors|Newcastle Knights,New Zealand Warriors,New Zealand Warriors,1.32,3.52,1.44,2.8,1.3,3.7
2018|Rd 23|Canberra Raiders|Sydney Roosters,,,,,,,,
2018|Rd 23|NQ Cowboys|Brisbane Broncos,Brisbane Broncos,Brisbane Broncos,2.09,1.79,2.65,1.48,2.1,1.77
2018|Rd 23|Canterbury Bulldogs|New Zealand Warriors,,,,,,,,
2018|Rd 24|Canberra Raiders|Sydney Roosters,Sydney Roosters,Sydney Roosters,2.79,1.46,2.75,1.45,2.8,1.47
2018|Rd 24|Wests Tigers|Manly Sea Eagles,,,,,,,,
2018|Rd 24|Canterbury Bulldogs|New Zealand Warriors,New Zealand Warriors,Canterbury Bulldogs,2.57,1.53,2.45,1.56,2.55,1.54
2018|Rd 24|NQ Cowboys|Parramatta Eels,,,,,,,,
2018|Rd 24|Cronulla Sharks|NQ Cowboys,Cronulla Sharks,Cronulla Sharks,1.34,3.38,1.44,2.8,1.35,3.35
2018|Rd 24|New Zealand Warriors|Penrith Panthers,,,,,,,,
2018|Rd 24|Wests Tigers|St. George Illawarra Dragons,Wests Tigers,St. George Illawarra Dragons,1.69,2.23,2.2,1.68,1.7,2.22
2018|Rd 24|Canberra Raiders|South Sydney Rabbitohs,,,,,,,,
2018|Rd 24|Penrith Panthers|Newcastle Knights,Penrith Panthers,Penrith Panthers,1.29,3.78,1.27,3.85,1.3,3.7
2018|Rd 24|Gold Coast Titans|Melbourne Storm,,,,,,,,
2018|Rd 24|Melbourne Storm|Parramatta Eels,Melbourne Storm,Melbourne Storm,1.22,4.48,1.18,5.0,1.22,4.5
2018|Rd 24|Sydney Roosters|Brisbane Broncos,,,,,,,,
2018|Rd 24|Manly Sea Eagles|Gold Coast Titans,Manly Sea Eagles,Manly Sea Eagles,1.45,2.84,1.54,2.5,1.44,2.9
2018|Rd 24|Cronulla Sharks|Newcastle Knights,,,,,,,,
2018|Rd 24|Brisbane Broncos|South Sydney Rabbitohs,Brisbane Broncos,Brisbane Broncos,1.93,1.93,2.45,1.56,1.9,1.95
2018|Rd 24|St. George Illawarra Dragons|Canterbury Bulldogs,,,,,,,,
2018|Rd 25|St. George Illawarra Dragons|Canterbury Bulldogs,St. George Illawarra Dragons,St. George Illawarra Dragons,1.52,2.58,1.58,2.4,1.52,2.62
2018|Rd 25|South Sydney Rabbitohs|Wests Tigers,,,,,,,,
2018|Rd 25|Cronulla Sharks|Newcastle Knights,Cronulla Sharks,Cronulla Sharks,1.25,3.95,1.27,3.85,1.25,4.15
2018|Rd 25|Melbourne Storm|Penrith Panthers,,,,,,,,
2018|Rd 25|Sydney Roosters|Brisbane Broncos,Sydney Roosters,Sydney Roosters,1.46,2.74,1.4,3.0,1.48,2.75
2018|Rd 25|New Zealand Warriors|Canberra Raiders,,,,,,,,
2018|Rd 25|Gold Coast Titans|Melbourne Storm,Melbourne Storm,Melbourne Storm,2.75,1.45,4.35,1.22,2.85,1.45
2018|Rd 25|Gold Coast Titans|NQ Cowboys,,,,,,,,
2018|Rd 25|Canberra Raiders|South Sydney Rabbitohs,South Sydney Rabbitohs,Canberra Raiders,2.62,1.51,2.7,1.47,2.75,1.48
2018|Rd 25|Newcastle Knights|St. George Illawarra Dragons,,,,,,,,
2018|Rd 25|NQ Cowboys|Parramatta Eels,NQ Cowboys,NQ Cowboys,1.49,2.7,1.58,2.4,1.48,2.75
2018|Rd 25|Parramatta Eels|Sydney Roosters,,,,,,,,
2018|Rd 25|New Zealand Warriors|Penrith Panthers,New Zealand Warriors,Penrith Panthers,1.71,2.16,1.68,2.2,1.72,2.18
2018|Rd 25|Brisbane Broncos|Manly Sea Eagles,,,,,,,,
2018|Rd 25|Wests Tigers|Manly Sea Eagles,Wests Tigers,Wests Tigers,1.49,2.65,1.58,2.4,1.52,2.62
2018|Rd 25|Canterbury Bulldogs|Cronulla Sharks,,,,,,,,
2018|Rd 26|Brisbane Broncos|Manly Sea Eagles,Brisbane Broncos,Brisbane Broncos,1.23,4.36,1.47,2.7,1.22,4.5
2018|Rd 26|Canterbury Bulldogs|Cronulla Sharks,Cronulla Sharks,Cronulla Sharks,2.61,1.52,2.7,1.47,2.55,1.54
2018|Rd 26|Parramatta Eels|Sydney Roosters,Sydney Roosters,Sydney Roosters,5.31,1.17,3.6,1.3,5.2,1.18
2018|Rd 26|Gold Coast Titans|NQ Cowboys,NQ Cowboys,NQ Cowboys,2.53,1.55,2.2,1.68,2.5,1.56
2018|Rd 26|Newcastle Knights|St. George Illawarra Dragons,St. George Illawarra Dragons,St. George Illawarra Dragons,2.13,1.75,2.2,1.68,2.18,1.72
2018|Rd 26|Melbourne Storm|Penrith Panthers,Penrith Panthers,Melbourne Storm,2.12,1.77,1.5,2.6,2.1,1.77
2018|Rd 26|New Zealand Warriors|Canberra Raiders,New Zealand Warriors,New Zealand Warriors,1.5,2.69,1.58,2.4,1.52,2.62
2018|Rd 26|South Sydney Rabbitohs|Wests Tigers,South Sydney Rabbitohs,South Sydney Rabbitohs,1.3,3.69,1.42,2.9,1.3,3.7
2018|Grand Final|Sydney Roosters|Melbourne Storm,,,,,,,,
2018|Prelim Final|Melbourne Storm|Cronulla Sharks,,,,,,,,
2018|Qualif Final|Melbourne Storm|South Sydney Rabbitohs,,,,,,,,
2018|Semi Final|Cronulla Sharks|Penrith Panthers,,,,,,,,
2018|Prelim Final|Sydney Roosters|South Sydney Rabbitohs,,,,,,,,
2018|Qualif Final|Penrith Panthers|New Zealand Warriors,,,,,,,,
2018|Semi Final|South Sydney Rabbitohs|St. George Illawarra Dragons,,,,,,,,
2018|Qualif Final|Sydney Roosters|Cronulla Sharks,,,,,,,,
2018|Qualif Final|Brisbane Broncos|St. George Illawarra Dragons,,,,,,,,
2019|Rd 1|Gold Coast Titans|Canberra Raiders,Gold Coast Titans,Canberra Raiders,1.89,1.95,1.8,2.02,1.89,1.93
2019|Rd 1|Penrith Panthers|Parramatta Eels,Penrith Panthers,Penrith Panthers,1.48,2.75,1.5,2.6,1.47,2.8
2019|Rd 1|NQ Cowboys|St. George Illawarra Dragons,NQ Cowboys,NQ Cowboys,1.82,2.05,1.8,2.02,1.9,1.95
2019|Rd 1|Wests Tigers|Manly Sea Eagles,Wests Tigers,Wests Tigers,1.63,2.38,1.7,2.18,1.65,2.3
2019|Rd 1|New Zealand Warriors|Canterbury Bulldogs,New Zealand Warriors,New Zealand Warriors,1.65,2.33,1.45,2.75,1.72,2.18
2019|Rd 1|Sydney Roosters|South Sydney Rabbitohs,Sydney Roosters,Sydney Roosters,1.54,2.55,1.6,2.35,1.54,2.55
2019|Rd 1|Newcastle Knights|Cronulla Sharks,Newcastle Knights,Cronulla Sharks,1.81,2.06,2.02,1.8,1.83,2.02
2019|Rd 1|Melbourne Storm|Brisbane Broncos,Melbourne Storm,Brisbane Broncos,1.62,2.46,1.56,2.45,1.65,2.3
2019|Rd 2|Wests Tigers|New Zealand Warriors,Wests Tigers,New Zealand Warriors,1.78,2.12,1.65,2.25,1.77,2.1
2019|Rd 2|Canterbury Bulldogs|Parramatta Eels,Parramatta Eels,Parramatta Eels,2.08,1.8,1.97,1.85,2.1,1.77
2019|Rd 2|Manly Sea Eagles|Sydney Roosters,Sydney Roosters,Sydney Roosters,2.9,1.44,3.2,1.36,2.9,1.44
2019|Rd 2|Newcastle Knights|Penrith Panthers,Newcastle Knights,Penrith Panthers,1.69,2.26,1.97,1.85,1.63,2.35
2019|Rd 2|Cronulla Sharks|Gold Coast Titans,Cronulla Sharks,Cronulla Sharks,1.39,3.13,1.44,2.8,1.38,3.2
2019|Rd 2|Brisbane Broncos|NQ Cowboys,Brisbane Broncos,Brisbane Broncos,1.59,2.46,1.5,2.6,1.63,2.35
2019|Rd 2|Canberra Raiders|Melbourne Storm,Melbourne Storm,Melbourne Storm,2.24,1.69,2.25,1.65,2.18,1.72
2019|Rd 2|St. George Illawarra Dragons|South Sydney Rabbitohs,South Sydney Rabbitohs,South Sydney Rabbitohs,2.44,1.62,1.75,2.1,2.5,1.56
2019|Rd 3|South Sydney Rabbitohs|Gold Coast Titans,South Sydney Rabbitohs,South Sydney Rabbitohs,1.22,4.46,1.25,4.0,1.22,4.5
2019|Rd 3|Wests Tigers|Canterbury Bulldogs,Wests Tigers,Wests Tigers,1.38,3.14,1.48,2.65,1.35,3.35
2019|Rd 3|Penrith Panthers|Melbourne Storm,Melbourne Storm,Melbourne Storm,2.67,1.51,2.05,1.78,2.75,1.48
2019|Rd 3|NQ Cowboys|Cronulla Sharks,Cronulla Sharks,Cronulla Sharks,2.16,1.73,1.56,2.45,2.18,1.72
2019|Rd 3|Manly Sea Eagles|New Zealand Warriors,New Zealand Warriors,New Zealand Warriors,2.23,1.69,2.45,1.56,2.15,1.75
2019|Rd 3|Parramatta Eels|Sydney Roosters,Sydney Roosters,Sydney Roosters,2.78,1.48,3.1,1.38,2.9,1.44
2019|Rd 3|Canberra Raiders|Newcastle Knights,Canberra Raiders,Canberra Raiders,1.62,2.38,1.68,2.2,1.63,2.35
2019|Rd 3|Brisbane Broncos|St. George Illawarra Dragons,Brisbane Broncos,Brisbane Broncos,1.33,3.43,1.48,2.65,1.33,3.5
2019|Rd 4|Newcastle Knights|St. George Illawarra Dragons,Newcastle Knights,St. George Illawarra Dragons,1.81,2.06,1.65,2.25,1.83,2.02
2019|Rd 4|Melbourne Storm|Canterbury Bulldogs,Melbourne Storm,Melbourne Storm,1.14,5.96,1.13,6.0,1.13,6.5
2019|Rd 4|Parramatta Eels|Cronulla Sharks,Cronulla Sharks,Cronulla Sharks,1.82,2.05,2.02,1.8,1.77,2.1
2019|Rd 4|NQ Cowboys|Canberra Raiders,Canberra Raiders,NQ Cowboys,2.02,1.84,1.72,2.15,2.05,1.8
2019|Rd 4|Manly Sea Eagles|South Sydney Rabbitohs,South Sydney Rabbitohs,South Sydney Rabbitohs,2.38,1.61,3.25,1.35,2.4,1.6
2019|Rd 4|Penrith Panthers|Wests Tigers,Penrith Panthers,Penrith Panthers,1.58,2.45,1.52,2.55,1.56,2.5
2019|Rd 4|New Zealand Warriors|Gold Coast Titans,New Zealand Warriors,New Zealand Warriors,1.71,2.2,1.4,3.0,1.72,2.18
2019|Rd 4|Sydney Roosters|Brisbane Broncos,Sydney Roosters,Brisbane Broncos,1.57,2.5,1.54,2.5,1.6,2.4
2019|Rd 5|Canberra Raiders|Parramatta Eels,Canberra Raiders,Canberra Raiders,1.54,2.59,1.6,2.35,1.54,2.55
2019|Rd 5|St. George Illawarra Dragons|Canterbury Bulldogs,St. George Illawarra Dragons,St. George Illawarra Dragons,1.51,2.66,1.45,2.75,1.52,2.62
2019|Rd 5|Cronulla Sharks|Sydney Roosters,Sydney Roosters,Sydney Roosters,2.54,1.54,2.5,1.54,2.62,1.52
2019|Rd 5|Newcastle Knights|Manly Sea Eagles,Newcastle Knights,Manly Sea Eagles,1.61,2.39,1.7,2.18,1.56,2.5
2019|Rd 5|South Sydney Rabbitohs|New Zealand Warriors,South Sydney Rabbitohs,South Sydney Rabbitohs,1.42,2.96,1.35,3.25,1.44,2.9
2019|Rd 5|NQ Cowboys|Melbourne Storm,Melbourne Storm,Melbourne Storm,3.11,1.38,2.75,1.45,3.1,1.4
2019|Rd 5|Gold Coast Titans|Penrith Panthers,Penrith Panthers,Penrith Panthers,2.24,1.68,2.25,1.65,2.18,1.72
2019|Rd 5|Brisbane Broncos|Wests Tigers,Brisbane Broncos,Brisbane Broncos,1.48,2.78,1.36,3.2,1.48,2.75
2019|Rd 6|Parramatta Eels|Wests Tigers,Parramatta Eels,Parramatta Eels,2.01,1.86,1.7,2.18,2.0,1.85
2019|Rd 6|Canberra Raiders|Brisbane Broncos,Canberra Raiders,Brisbane Broncos,1.56,2.52,1.82,2.0,1.58,2.45
2019|Rd 6|Gold Coast Titans|Newcastle Knights,Gold Coast Titans,Gold Coast Titans,1.93,1.95,1.91,1.91,1.93,1.93
2019|Rd 6|St. George Illawarra Dragons|Manly Sea Eagles,St. George Illawarra Dragons,St. George Illawarra Dragons,1.39,3.06,1.5,2.6,1.4,3.1
2019|Rd 6|New Zealand Warriors|NQ Cowboys,New Zealand Warriors,New Zealand Warriors,1.49,2.72,1.5,2.6,1.52,2.62
2019|Rd 6|Melbourne Storm|Sydney Roosters,Sydney Roosters,Melbourne Storm,1.91,1.99,1.82,2.0,1.77,2.1
2019|Rd 6|Canterbury Bulldogs|South Sydney Rabbitohs,South Sydney Rabbitohs,South Sydney Rabbitohs,3.47,1.34,3.25,1.35,3.5,1.33
2019|Rd 6|Cronulla Sharks|Penrith Panthers,Cronulla Sharks,Cronulla Sharks,1.62,2.4,1.8,2.02,1.63,2.35
2019|Rd 7|Newcastle Knights|Parramatta Eels,Parramatta Eels,Parramatta Eels,2.15,1.76,1.8,2.02,2.05,1.8
2019|Rd 7|Manly Sea Eagles|Canberra Raiders,Canberra Raiders,Canberra Raiders,2.72,1.55,1.91,1.91,2.5,1.56
2019|Rd 7|Brisbane Broncos|Cronulla Sharks,Brisbane Broncos,Brisbane Broncos,1.53,2.79,1.62,2.3,1.56,2.5
2019|Rd 7|Wests Tigers|Gold Coast Titans,Wests Tigers,Wests Tigers,1.67,2.31,1.62,2.3,1.7,2.22
2019|Rd 7|Penrith Panthers|South Sydney Rabbitohs,South Sydney Rabbitohs,South Sydney Rabbitohs,2.46,1.59,2.25,1.65,2.45,1.58
2019|Rd 7|Canterbury Bulldogs|NQ Cowboys,NQ Cowboys,NQ Cowboys,1.81,2.09,1.65,2.25,1.77,2.1
2019|Rd 7|Melbourne Storm|New Zealand Warriors,Melbourne Storm,Melbourne Storm,1.1,7.01,1.2,4.6,1.1,8.0
2019|Rd 7|Sydney Roosters|St. George Illawarra Dragons,Sydney Roosters,Sydney Roosters,1.43,2.94,1.3,3.6,1.42,3.0
2019|Rd 8|Parramatta Eels|St. George Illawarra Dragons,Parramatta Eels,St. George Illawarra Dragons,1.81,2.08,1.91,1.91,1.8,2.05
2019|Rd 8|New Zealand Warriors|Newcastle Knights,New Zealand Warriors,New Zealand Warriors,1.63,2.36,1.54,2.5,1.65,2.3
2019|Rd 8|Sydney Roosters|Wests Tigers,Sydney Roosters,Sydney Roosters,1.21,4.6,1.25,4.0,1.2,4.8
2019|Rd 8|Manly Sea Eagles|Canterbury Bulldogs,Manly Sea Eagles,Manly Sea Eagles,1.78,2.11,1.58,2.4,1.8,2.05
2019|Rd 8|Canberra Raiders|Penrith Panthers,Canberra Raiders,Canberra Raiders,1.75,2.16,1.7,2.18,1.77,2.1
2019|Rd 8|Cronulla Sharks|Melbourne Storm,Melbourne Storm,Melbourne Storm,2.79,1.48,2.25,1.65,2.75,1.48
2019|Rd 8|NQ Cowboys|Gold Coast Titans,NQ Cowboys,NQ Cowboys,1.6,2.52,1.75,2.1,1.63,2.35
2019|Rd 8|South Sydney Rabbitohs|Brisbane Broncos,South Sydney Rabbitohs,South Sydney Rabbitohs,1.5,2.7,1.45,2.75,1.54,2.55
2019|Rd 9|South Sydney Rabbitohs|NQ Cowboys,South Sydney Rabbitohs,South Sydney Rabbitohs,1.35,3.35,1.4,3.0,1.36,3.3
2019|Rd 9|Sydney Roosters|Canberra Raiders,Sydney Roosters,Sydney Roosters,1.37,3.2,1.4,3.0,1.38,3.2
2019|Rd 9|Melbourne Storm|Parramatta Eels,Melbourne Storm,Melbourne Storm,1.5,2.7,1.4,3.0,1.52,2.62
2019|Rd 9|New Zealand Warriors|St. George Illawarra Dragons,St. George Illawarra Dragons,St. George Illawarra Dragons,2.18,1.74,2.4,1.58,2.15,1.75
2019|Rd 9|Canterbury Bulldogs|Newcastle Knights,Newcastle Knights,Canterbury Bulldogs,2.75,1.52,1.97,1.85,2.62,1.52
2019|Rd 9|Manly Sea Eagles|Brisbane Broncos,Brisbane Broncos,Brisbane Broncos,2.43,1.61,2.8,1.44,2.45,1.58
2019|Rd 9|Wests Tigers|Penrith Panthers,Penrith Panthers,Penrith Panthers,1.82,2.07,2.1,1.75,1.77,2.1
2019|Rd 9|Gold Coast Titans|Cronulla Sharks,Cronulla Sharks,Cronulla Sharks,2.25,1.69,2.1,1.75,2.25,1.68
2019|Rd 10|Cronulla Sharks|Manly Sea Eagles,Cronulla Sharks,Cronulla Sharks,1.51,2.64,1.65,2.25,1.52,2.62
2019|Rd 10|St. George Illawarra Dragons|Newcastle Knights,St. George Illawarra Dragons,St. George Illawarra Dragons,1.85,2.03,1.68,2.2,1.83,2.02
2019|Rd 10|Canberra Raiders|South Sydney Rabbitohs,South Sydney Rabbitohs,South Sydney Rabbitohs,2.16,1.74,2.02,1.8,2.15,1.75
2019|Rd 10|NQ Cowboys|Parramatta Eels,NQ Cowboys,NQ Cowboys,1.78,2.13,1.72,2.15,1.85,2.0
2019|Rd 10|Gold Coast Titans|Canterbury Bulldogs,Gold Coast Titans,Canterbury Bulldogs,1.61,2.74,1.65,2.25,1.7,2.22
2019|Rd 10|Brisbane Broncos|Sydney Roosters,Sydney Roosters,Sydney Roosters,2.8,1.47,2.9,1.42,2.85,1.45
2019|Rd 10|Penrith Panthers|New Zealand Warriors,Penrith Panthers,Penrith Panthers,1.76,2.13,1.6,2.35,1.77,2.1
2019|Rd 10|Melbourne Storm|Wests Tigers,Melbourne Storm,Melbourne Storm,1.24,4.2,1.27,3.85,1.24,4.25
2019|Rd 11|St. George Illawarra Dragons|Cronulla Sharks,St. George Illawarra Dragons,St. George Illawarra Dragons,1.88,1.98,1.7,2.18,1.93,1.93
2019|Rd 11|Canterbury Bulldogs|Melbourne Storm,Melbourne Storm,Melbourne Storm,3.61,1.31,3.1,1.38,3.7,1.3
2019|Rd 11|South Sydney Rabbitohs|Wests Tigers,South Sydney Rabbitohs,South Sydney Rabbitohs,1.39,3.1,1.42,2.9,1.4,3.1
2019|Rd 11|New Zealand Warriors|Brisbane Broncos,New Zealand Warriors,Brisbane Broncos,1.79,2.11,1.75,2.1,1.8,2.05
2019|Rd 11|Canberra Raiders|NQ Cowboys,Canberra Raiders,Canberra Raiders,1.43,2.92,1.52,2.55,1.45,2.85
2019|Rd 11|Newcastle Knights|Sydney Roosters,Sydney Roosters,Sydney Roosters,2.58,1.54,3.0,1.4,2.68,1.5
2019|Rd 11|Manly Sea Eagles|Gold Coast Titans,Manly Sea Eagles,Manly Sea Eagles,1.41,3.02,1.6,2.35,1.42,3.0
2019|Rd 11|Parramatta Eels|Penrith Panthers,Parramatta Eels,Blank,1.4,3.08,1.75,2.1,1.42,3.0
2019|Rd 12|Gold Coast Titans|NQ Cowboys,Gold Coast Titans,Gold Coast Titans,1.72,2.23,1.8,2.02,1.75,2.15
2019|Rd 12|Canterbury Bulldogs|Canberra Raiders,Canterbury Bulldogs,Canberra Raiders,1.89,1.98,2.15,1.72,1.85,2.0
2019|Rd 12|Parramatta Eels|South Sydney Rabbitohs,Parramatta Eels,Parramatta Eels,1.53,2.59,2.02,1.8,1.52,2.62
2019|Rd 12|Penrith Panthers|Manly Sea Eagles,Penrith Panthers,Penrith Panthers,1.75,2.14,1.91,1.91,1.75,2.15
2019|Rd 13|Canterbury Bulldogs|St. George Illawarra Dragons,St. George Illawarra Dragons,St. George Illawarra Dragons,2.95,1.59,2.2,1.68,2.3,1.65
2019|Rd 13|Penrith Panthers|Sydney Roosters,Sydney Roosters,Sydney Roosters,2.42,1.61,3.0,1.4,2.5,1.56
2019|Rd 13|Brisbane Broncos|Gold Coast Titans,Brisbane Broncos,Brisbane Broncos,1.35,3.32,1.4,3.0,1.3,3.7
2019|Rd 13|NQ Cowboys|Manly Sea Eagles,NQ Cowboys,NQ Cowboys,2.06,1.84,1.65,2.25,2.0,1.85
2019|Rd 13|Cronulla Sharks|Parramatta Eels,Cronulla Sharks,Cronulla Sharks,1.52,2.7,1.52,2.55,1.54,2.55
2019|Rd 13|New Zealand Warriors|Melbourne Storm,Melbourne Storm,Melbourne Storm,2.44,1.59,2.45,1.56,2.4,1.6
2019|Rd 13|Wests Tigers|Canberra Raiders,Canberra Raiders,Canberra Raiders,1.78,2.12,1.85,1.97,1.77,2.1
2019|Rd 13|South Sydney Rabbitohs|Newcastle Knights,South Sydney Rabbitohs,South Sydney Rabbitohs,1.62,2.38,1.4,3.0,1.63,2.35
2019|Rd 14|Sydney Roosters|Canterbury Bulldogs,Sydney Roosters,Sydney Roosters,1.26,4.04,1.27,3.85,1.25,4.15
2019|Rd 14|Manly Sea Eagles|St. George Illawarra Dragons,Manly Sea Eagles,Manly Sea Eagles,1.64,2.45,1.54,2.5,1.54,2.55
2019|Rd 14|Parramatta Eels|Brisbane Broncos,Parramatta Eels,Brisbane Broncos,1.73,2.63,1.8,2.02,1.8,2.05
2019|Rd 14|South Sydney Rabbitohs|Penrith Panthers,South Sydney Rabbitohs,South Sydney Rabbitohs,1.53,2.61,1.36,3.2,1.56,2.5
2019|Rd 14|Melbourne Storm|Newcastle Knights,Melbourne Storm,Melbourne Storm,1.4,3.07,1.31,3.5,1.4,3.1
2019|Rd 14|NQ Cowboys|Wests Tigers,NQ Cowboys,NQ Cowboys,1.74,2.16,1.72,2.15,1.72,2.18
2019|Rd 14|Gold Coast Titans|New Zealand Warriors,New Zealand Warriors,New Zealand Warriors,1.98,1.87,1.91,1.91,1.93,1.93
2019|Rd 14|Canberra Raiders|Cronulla Sharks,Canberra Raiders,Cronulla Sharks,1.87,1.99,1.8,2.02,1.9,1.95
2019|Rd 15|Canterbury Bulldogs|Cronulla Sharks,Cronulla Sharks,Cronulla Sharks,3.44,1.34,2.7,1.47,3.7,1.3
2019|Rd 15|New Zealand Warriors|Penrith Panthers,New Zealand Warriors,New Zealand Warriors,1.63,2.37,1.58,2.4,1.6,2.4
2019|Rd 15|Parramatta Eels|Canberra Raiders,Canberra Raiders,Canberra Raiders,2.38,1.64,2.02,1.8,2.22,1.7
2019|Rd 15|Newcastle Knights|Brisbane Broncos,Newcastle Knights,Brisbane Broncos,1.72,2.46,1.65,2.25,1.8,2.05
2019|Rd 15|Gold Coast Titans|Manly Sea Eagles,Manly Sea Eagles,Manly Sea Eagles,2.86,1.45,2.25,1.65,2.85,1.45
2019|Rd 15|Sydney Roosters|Melbourne Storm,Melbourne Storm,Melbourne Storm,2.15,1.75,1.8,2.02,2.22,1.7
2019|Rd 15|St. George Illawarra Dragons|NQ Cowboys,St. George Illawarra Dragons,St. George Illawarra Dragons,1.53,2.62,1.58,2.4,1.54,2.55
2019|Rd 15|Wests Tigers|South Sydney Rabbitohs,South Sydney Rabbitohs,South Sydney Rabbitohs,2.67,1.52,3.1,1.38,2.75,1.48
2019|Rd 16|Cronulla Sharks|Brisbane Broncos,Cronulla Sharks,Cronulla Sharks,1.29,3.79,1.36,3.2,1.24,4.25
2019|Rd 16|Newcastle Knights|New Zealand Warriors,New Zealand Warriors,New Zealand Warriors,2.27,1.68,1.68,2.2,2.25,1.68
2019|Rd 16|Wests Tigers|Sydney Roosters,Sydney Roosters,Sydney Roosters,2.64,1.51,2.25,1.65,2.75,1.48
2019|Rd 16|St. George Illawarra Dragons|Melbourne Storm,Melbourne Storm,-,3.02,1.42,2.05,1.78,3.1,1.4
2019|Rd 17|St. George Illawarra Dragons|Canberra Raiders,Canberra Raiders,Canberra Raiders,2.19,1.74,1.78,2.05,2.18,1.72
2019|Rd 17|Wests Tigers|Parramatta Eels,Parramatta Eels,Wests Tigers,2.13,1.77,2.05,1.78,2.18,1.72
2019|Rd 17|Sydney Roosters|NQ Cowboys,Sydney Roosters,Sydney Roosters,1.26,4.05,1.31,3.5,1.22,4.5
2019|Rd 17|Melbourne Storm|Cronulla Sharks,Melbourne Storm,Melbourne Storm,1.27,4.05,1.36,3.2,1.3,3.7
2019|Rd 17|Brisbane Broncos|New Zealand Warriors,Brisbane Broncos,Brisbane Broncos,1.72,2.27,1.54,2.5,1.65,2.3
2019|Rd 17|South Sydney Rabbitohs|Manly Sea Eagles,South Sydney Rabbitohs,South Sydney Rabbitohs,1.6,2.4,1.56,2.45,1.6,2.4
2019|Rd 17|Newcastle Knights|Canterbury Bulldogs,Newcastle Knights,Newcastle Knights,1.36,3.29,1.31,3.5,1.38,3.2
2019|Rd 17|Penrith Panthers|Gold Coast Titans,Penrith Panthers,Penrith Panthers,1.46,2.8,1.4,3.0,1.47,2.8
2019|Rd 18|Manly Sea Eagles|Parramatta Eels,Manly Sea Eagles,Manly Sea Eagles,1.52,2.63,1.5,2.6,1.54,2.55
2019|Rd 18|Gold Coast Titans|Melbourne Storm,Melbourne Storm,Melbourne Storm,3.2,1.41,3.35,1.33,2.85,1.45
2019|Rd 18|NQ Cowboys|South Sydney Rabbitohs,South Sydney Rabbitohs,South Sydney Rabbitohs,2.13,1.76,2.25,1.65,2.05,1.8
2019|Rd 18|Canberra Raiders|Wests Tigers,Canberra Raiders,Canberra Raiders,1.36,3.24,1.5,2.6,1.35,3.35
2019|Rd 18|Sydney Roosters|Newcastle Knights,Sydney Roosters,Sydney Roosters,1.35,3.31,1.31,3.5,1.35,3.35
2019|Rd 18|Penrith Panthers|St. George Illawarra Dragons,Penrith Panthers,Penrith Panthers,1.48,2.73,1.65,2.25,1.52,2.62
2019|Rd 18|New Zealand Warriors|Cronulla Sharks,Cronulla Sharks,Cronulla Sharks,1.99,1.91,2.18,1.7,1.95,1.9
2019|Rd 18|Brisbane Broncos|Canterbury Bulldogs,Brisbane Broncos,Brisbane Broncos,1.33,3.47,1.33,3.35,1.35,3.35
2019|Rd 19|Penrith Panthers|Canberra Raiders,Canberra Raiders,Penrith Panthers,1.95,1.91,1.91,1.91,2.0,1.85
2019|Rd 19|Canterbury Bulldogs|Sydney Roosters,Sydney Roosters,Sydney Roosters,5.85,1.15,4.6,1.2,6.0,1.15
2019|Rd 19|Melbourne Storm|Manly Sea Eagles,Melbourne Storm,Melbourne Storm,1.37,3.26,1.33,3.35,1.38,3.2
2019|Rd 19|Gold Coast Titans|Brisbane Broncos,Brisbane Broncos,Brisbane Broncos,3.06,1.42,2.2,1.68,3.0,1.42
2019|Rd 19|Parramatta Eels|New Zealand Warriors,Parramatta Eels,Parramatta Eels,1.62,2.4,1.56,2.45,1.6,2.4
2019|Rd 19|South Sydney Rabbitohs|St. George Illawarra Dragons,South Sydney Rabbitohs,South Sydney Rabbitohs,1.46,2.83,1.42,2.9,1.45,2.85
2019|Rd 19|Newcastle Knights|Wests Tigers,Newcastle Knights,Newcastle Knights,1.47,2.77,1.48,2.65,1.45,2.85
2019|Rd 19|Cronulla Sharks|NQ Cowboys,Cronulla Sharks,Cronulla Sharks,1.56,2.56,1.48,2.65,1.5,2.68
2019|Rd 20|St. George Illawarra Dragons|Parramatta Eels,St. George Illawarra Dragons,St. George Illawarra Dragons,1.84,2.02,1.8,2.02,1.85,1.97
2019|Rd 20|Sydney Roosters|Gold Coast Titans,Sydney Roosters,Sydney Roosters,1.11,6.8,1.15,5.5,1.1,8.0
2019|Rd 20|Cronulla Sharks|South Sydney Rabbitohs,South Sydney Rabbitohs,Cronulla Sharks,1.94,1.98,1.91,1.91,1.95,1.9
2019|Rd 20|Canterbury Bulldogs|Penrith Panthers,Penrith Panthers,Penrith Panthers,2.86,1.45,2.9,1.42,2.9,1.44
2019|Rd 20|Manly Sea Eagles|Newcastle Knights,Manly Sea Eagles,Manly Sea Eagles,1.41,3.06,1.52,2.55,1.38,3.2
2019|Rd 20|Brisbane Broncos|Melbourne Storm,Melbourne Storm,Brisbane Broncos,2.95,1.43,2.55,1.52,3.1,1.4
2019|Rd 20|New Zealand Warriors|Canberra Raiders,Canberra Raiders,Canberra Raiders,2.43,1.6,1.97,1.85,2.4,1.6
2019|Rd 20|Wests Tigers|NQ Cowboys,Wests Tigers,Wests Tigers,1.65,2.31,1.62,2.3,1.65,2.3
2019|Rd 21|South Sydney Rabbitohs|Melbourne Storm,Melbourne Storm,Melbourne Storm,2.75,1.49,2.2,1.68,2.8,1.47
2019|Rd 21|Canberra Raiders|Sydney Roosters,Sydney Roosters,Sydney Roosters,1.9,1.98,2.15,1.72,1.85,2.0
2019|Rd 21|Canterbury Bulldogs|Wests Tigers,Wests Tigers,Canterbury Bulldogs,2.65,1.52,2.4,1.58,2.55,1.54
2019|Rd 21|Parramatta Eels|Newcastle Knights,Parramatta Eels,Parramatta Eels,1.54,2.58,1.89,1.93,1.54,2.55
2019|Rd 21|St. George Illawarra Dragons|Gold Coast Titans,St. George Illawarra Dragons,St. George Illawarra Dragons,1.33,3.48,1.33,3.35,1.33,3.5
2019|Rd 21|Penrith Panthers|Cronulla Sharks,Cronulla Sharks,Cronulla Sharks,2.55,1.54,1.8,2.02,2.68,1.5
2019|Rd 21|New Zealand Warriors|Manly Sea Eagles,Manly Sea Eagles,Manly Sea Eagles,3.22,1.38,1.91,1.91,3.35,1.35
2019|Rd 21|NQ Cowboys|Brisbane Broncos,NQ Cowboys,-,2.08,1.81,1.91,1.91,2.05,1.8
2019|Rd 22|Cronulla Sharks|St. George Illawarra Dragons,Cronulla Sharks,Cronulla Sharks,1.38,3.18,1.36,3.2,1.38,3.2
2019|Rd 22|Sydney Roosters|New Zealand Warriors,Sydney Roosters,Sydney Roosters,1.18,5.24,1.19,4.8,1.15,6.0
2019|Rd 22|South Sydney Rabbitohs|Canterbury Bulldogs,South Sydney Rabbitohs,South Sydney Rabbitohs,1.3,3.72,1.28,3.75,1.3,3.7
2019|Rd 22|Melbourne Storm|Canberra Raiders,Melbourne Storm,Melbourne Storm,1.44,2.91,1.4,3.0,1.45,2.85
2019|Rd 22|Newcastle Knights|NQ Cowboys,Newcastle Knights,Newcastle Knights,1.38,3.2,1.48,2.65,1.36,3.3
2019|Rd 22|Brisbane Broncos|Penrith Panthers,Brisbane Broncos,Brisbane Broncos,1.76,2.13,1.68,2.2,1.77,2.1
2019|Rd 22|Gold Coast Titans|Parramatta Eels,Parramatta Eels,Parramatta Eels,3.49,1.33,2.6,1.5,3.85,1.28
2019|Rd 22|Manly Sea Eagles|Wests Tigers,Manly Sea Eagles,Manly Sea Eagles,1.29,3.77,1.4,3.0,1.27,4.0
2019|Rd 23|Canberra Raiders|Manly Sea Eagles,Canberra Raiders,Canberra Raiders,1.56,2.51,1.54,2.5,1.54,2.5
2019|Rd 23|Melbourne Storm|Gold Coast Titans,Melbourne Storm,Melbourne Storm,1.04,10.85,1.1,7.0,1.05,11.0
2019|Rd 23|St. George Illawarra Dragons|Sydney Roosters,Sydney Roosters,Sydney Roosters,6.34,1.18,3.35,1.33,5.0,1.19
2019|Rd 23|Wests Tigers|Newcastle Knights,Newcastle Knights,Wests Tigers,2.04,1.82,1.85,1.97,2.05,1.8
2019|Rd 23|Cronulla Sharks|New Zealand Warriors,Cronulla Sharks,Cronulla Sharks,1.39,3.11,1.42,2.9,1.36,3.3
2019|Rd 23|Brisbane Broncos|South Sydney Rabbitohs,South Sydney Rabbitohs,Brisbane Broncos,1.66,2.26,2.05,1.78,1.68,2.25
2019|Rd 23|NQ Cowboys|Penrith Panthers,Penrith Panthers,Penrith Panthers,2.36,1.64,1.8,2.02,2.45,1.58
2019|Rd 23|Parramatta Eels|Canterbury Bulldogs,Parramatta Eels,Parramatta Eels,1.37,3.2,1.3,3.6,1.36,3.3
2019|Rd 24|St. George Illawarra Dragons|Wests Tigers,Wests Tigers,St. George Illawarra Dragons,2.5,1.61,1.8,2.02,2.35,1.63
2019|Rd 24|Cronulla Sharks|Canberra Raiders,Canberra Raiders,Cronulla Sharks,2.0,1.86,2.05,1.78,1.93,1.93
2019|Rd 24|Sydney Roosters|Penrith Panthers,Sydney Roosters,Sydney Roosters,1.17,5.24,1.25,4.0,1.18,5.2
2019|Rd 24|Manly Sea Eagles|Melbourne Storm,Melbourne Storm,Melbourne Storm,2.19,1.72,2.1,1.75,2.15,1.75
2019|Rd 24|Newcastle Knights|Gold Coast Titans,Newcastle Knights,Newcastle Knights,1.29,3.79,1.27,3.85,1.28,3.85
2019|Rd 24|Brisbane Broncos|Parramatta Eels,Brisbane Broncos,Brisbane Broncos,1.71,2.21,1.58,2.4,1.72,2.18
2019|Rd 24|New Zealand Warriors|South Sydney Rabbitohs,South Sydney Rabbitohs,South Sydney Rabbitohs,2.61,1.52,2.25,1.65,2.68,1.5
2019|Rd 24|NQ Cowboys|Canterbury Bulldogs,NQ Cowboys,NQ Cowboys,1.81,2.06,1.6,2.35,1.87,1.97
2019|Rd 25|Penrith Panthers|Newcastle Knights,Penrith Panthers,Penrith Panthers,1.68,2.32,1.7,2.18,1.72,2.18
2019|Rd 25|Wests Tigers|Cronulla Sharks,Cronulla Sharks,Cronulla Sharks,2.13,1.81,1.91,1.91,2.05,1.8
2019|Rd 25|Gold Coast Titans|St. George Illawarra Dragons,St. George Illawarra Dragons,St. George Illawarra Dragons,2.29,1.66,2.18,1.7,2.3,1.65
2019|Rd 25|Canterbury Bulldogs|Brisbane Broncos,Brisbane Broncos,Brisbane Broncos,2.39,1.68,2.18,1.7,2.4,1.6
2019|Rd 25|Canberra Raiders|New Zealand Warriors,Canberra Raiders,Canberra Raiders,1.25,4.22,1.3,3.6,1.24,4.25
2019|Rd 25|Melbourne Storm|NQ Cowboys,Melbourne Storm,Melbourne Storm,1.19,5.06,1.15,5.5,1.17,5.4
2019|Rd 25|Parramatta Eels|Manly Sea Eagles,Parramatta Eels,Parramatta Eels,1.53,2.6,2.02,1.8,1.52,2.62
2019|Rd 25|South Sydney Rabbitohs|Sydney Roosters,Sydney Roosters,Sydney Roosters,2.45,1.59,2.25,1.65,2.35,1.63
2019|Grand Final|Sydney Roosters|Canberra Raiders,,,,,,,,
2019|Prelim|Sydney Roosters|South Sydney Rabbitohs,South Sydney Rabbitohs,0,1.27,3.99,1.48,2.65,1.25,4.15
2019|Prelim Final|Canberra Raiders|South Sydney Rabbitohs,,,,,,,,
2019|Qualif Final|Sydney Roosters|South Sydney Rabbitohs,,,,,,,,
2019|Semi Final|South Sydney Rabbitohs|Manly Sea Eagles,,,,,,,,
2019|Prelim|Melbourne Storm|Canberra Raiders,Canberra Raiders,Melbourne Storm,1.38,3.26,1.42,2.9,1.33,3.5
2019|Prelim Final|Sydney Roosters|Melbourne Storm,,,,,,,,
2019|Qualif Final|Manly Sea Eagles|Cronulla Sharks,,,,,,,,
2019|Semi Final|Melbourne Storm|Parramatta Eels,,,,,,,,
2019|Prelim|Manly Sea Eagles|Cronulla Sharks,Cronulla Sharks,Cronulla Sharks,2.64,1.53,2.05,1.78,2.75,1.48
2019|Qualif Final|Melbourne Storm|Canberra Raiders,,,,,,,,
2019|Prelim|Parramatta Eels|Brisbane Broncos,Brisbane Broncos,Parramatta Eels,1.46,2.84,1.58,2.4,1.44,2.9
2019|Qualif Final|Parramatta Eels|Brisbane Broncos,,,,,,,,
2019|Qual|South Sydney Rabbitohs|Manly Sea Eagles,Manly Sea Eagles,South Sydney Rabbitohs,1.41,3.09,1.48,2.65,1.42,3.0
2019|Qual|Melbourne Storm|Parramatta Eels,Parramatta Eels,Melbourne Storm,1.35,3.36,1.35,3.25,1.35,3.35
2019|Semi|Canberra Raiders|South Sydney Rabbitohs,South Sydney Rabbitohs,Canberra Raiders,1.39,3.21,1.44,2.8,1.4,3.1
2019|Semi|Sydney Roosters|Melbourne Storm,Melbourne Storm,Melbourne Storm,1.59,2.48,1.56,2.45,1.58,2.45
2020|Rd 1|Parramatta Eels|Canterbury Bulldogs,Canterbury Bulldogs,Parramatta Eels,1.28,3.84,1.36,3.2,1.28,3.85
2020|Rd 1|Canberra Raiders|Gold Coast Titans,Gold Coast Titans,Canberra Raiders,1.3,3.69,1.25,4.0,1.3,3.7
2020|Rd 1|NQ Cowboys|Brisbane Broncos,Brisbane Broncos,NQ Cowboys,1.55,2.55,2.0,1.82,1.56,2.5
2020|Rd 1|Newcastle Knights|New Zealand Warriors,New Zealand Warriors,Newcastle Knights,1.44,2.92,1.47,2.7,1.45,2.85
2020|Rd 1|South Sydney Rabbitohs|Cronulla Sharks,Cronulla Sharks,South Sydney Rabbitohs,1.46,2.82,1.65,2.25,1.48,2.75
2020|Rd 1|Penrith Panthers|Sydney Roosters,Sydney Roosters,Sydney Roosters,2.64,1.52,3.0,1.4,2.55,1.54
2020|Rd 1|Manly Sea Eagles|Melbourne Storm,Melbourne Storm,Melbourne Storm,2.16,1.74,2.2,1.68,2.05,1.8
2020|Rd 1|St. George Illawarra Dragons|Wests Tigers,Wests Tigers,St. George Illawarra Dragons,1.67,2.29,1.82,2.0,1.72,2.18
2020|Rd 2|Canterbury Bulldogs|NQ Cowboys,NQ Cowboys,Canterbury Bulldogs,2.34,1.64,2.02,1.8,2.35,1.63
2020|Rd 2|St. George Illawarra Dragons|Penrith Panthers,Penrith Panthers,St. George Illawarra Dragons,2.47,1.57,2.02,1.8,2.5,1.56
2020|Rd 2|Brisbane Broncos|South Sydney Rabbitohs,South Sydney Rabbitohs,Brisbane Broncos,2.24,1.7,1.97,1.85,2.18,1.7
2020|Rd 2|New Zealand Warriors|Canberra Raiders,Canberra Raiders,Canberra Raiders,4.39,1.23,2.55,1.52,4.5,1.22
2020|Rd 2|Sydney Roosters|Manly Sea Eagles,Sydney Roosters,Sydney Roosters,1.53,2.55,1.48,2.65,1.56,2.5
2020|Rd 2|Cronulla Sharks|Melbourne Storm,Melbourne Storm,Melbourne Storm,2.71,1.48,2.55,1.52,2.68,1.5
2020|Rd 2|Wests Tigers|Newcastle Knights,Wests Tigers,Wests Tigers,2.05,1.83,1.8,2.02,2.05,1.8
2020|Rd 2|Gold Coast Titans|Parramatta Eels,Parramatta Eels,Parramatta Eels,3.18,1.37,2.65,1.48,3.1,1.4
2020|Rd 3|Brisbane Broncos|Parramatta Eels,Brisbane Broncos,Brisbane Broncos,2.12,1.79,1.82,2.0,2.1,1.77
2020|Rd 3|NQ Cowboys|Gold Coast Titans,NQ Cowboys,NQ Cowboys,1.27,4.02,1.33,3.35,1.25,4.15
2020|Rd 3|Sydney Roosters|South Sydney Rabbitohs,Sydney Roosters,Sydney Roosters,1.39,3.16,1.45,2.75,1.36,3.3
2020|Rd 3|New Zealand Warriors|St. George Illawarra Dragons,St. George Illawarra Dragons,St. George Illawarra Dragons,2.85,1.46,2.25,1.65,2.85,1.45
2020|Rd 3|Cronulla Sharks|Wests Tigers,Cronulla Sharks,Cronulla Sharks,1.77,2.13,1.65,2.25,1.77,2.1
2020|Rd 3|Melbourne Storm|Canberra Raiders,Melbourne Storm,Melbourne Storm,1.52,2.63,1.65,2.25,1.54,2.55
2020|Rd 3|Penrith Panthers|Newcastle Knights,Penrith Panthers,Penrith Panthers,1.75,2.17,1.65,2.25,1.8,2.05
2020|Rd 3|Manly Sea Eagles|Canterbury Bulldogs,Manly Sea Eagles,Manly Sea Eagles,1.31,3.62,1.3,3.6,1.3,3.7
2020|Rd 4|Brisbane Broncos|Sydney Roosters,Sydney Roosters,Brisbane Broncos,4.19,1.25,2.3,1.62,4.15,1.25
2020|Rd 4|Penrith Panthers|New Zealand Warriors,Penrith Panthers,Penrith Panthers,1.45,2.86,1.42,2.9,1.44,2.9
2020|Rd 4|Melbourne Storm|South Sydney Rabbitohs,Melbourne Storm,Melbourne Storm,1.33,3.5,1.42,2.9,1.3,3.7
2020|Rd 4|Parramatta Eels|Manly Sea Eagles,Parramatta Eels,Parramatta Eels,1.73,2.17,1.62,2.3,1.75,2.15
2020|Rd 4|NQ Cowboys|Cronulla Sharks,NQ Cowboys,NQ Cowboys,1.65,2.33,1.72,2.15,1.68,2.25
2020|Rd 4|Canberra Raiders|Newcastle Knights,Canberra Raiders,Canberra Raiders,1.3,3.75,1.47,2.7,1.28,3.85
2020|Rd 4|Gold Coast Titans|Wests Tigers,Wests Tigers,Wests Tigers,3.9,1.28,2.5,1.54,3.85,1.28
2020|Rd 4|Canterbury Bulldogs|St. George Illawarra Dragons,St. George Illawarra Dragons,St. George Illawarra Dragons,2.16,1.75,1.91,1.91,2.15,1.75
2020|Rd 5|Manly Sea Eagles|Brisbane Broncos,Manly Sea Eagles,Brisbane Broncos,1.22,4.53,1.48,2.65,1.22,4.5
2020|Rd 5|New Zealand Warriors|NQ Cowboys,NQ Cowboys,NQ Cowboys,3.19,1.38,2.65,1.48,3.3,1.36
2020|Rd 5|Parramatta Eels|Penrith Panthers,Parramatta Eels,Parramatta Eels,1.47,2.81,1.54,2.5,1.47,2.8
2020|Rd 5|South Sydney Rabbitohs|Gold Coast Titans,South Sydney Rabbitohs,South Sydney Rabbitohs,1.2,4.74,1.31,3.5,1.19,5.0
2020|Rd 5|Newcastle Knights|Melbourne Storm,Melbourne Storm,Melbourne Storm,2.4,1.62,2.6,1.5,2.4,1.6
2020|Rd 5|Wests Tigers|Canberra Raiders,Canberra Raiders,Canberra Raiders,3.47,1.33,2.9,1.42,3.35,1.35
2020|Rd 5|Canterbury Bulldogs|Sydney Roosters,Sydney Roosters,Sydney Roosters,7.43,1.09,5.25,1.17,8.0,1.1
2020|Rd 5|St. George Illawarra Dragons|Cronulla Sharks,Cronulla Sharks,Cronulla Sharks,2.74,1.49,2.3,1.62,2.75,1.48
2020|Rd 6|Newcastle Knights|Brisbane Broncos,Newcastle Knights,Brisbane Broncos,1.43,2.93,1.36,3.2,1.45,2.85
2020|Rd 6|South Sydney Rabbitohs|New Zealand Warriors,South Sydney Rabbitohs,South Sydney Rabbitohs,1.24,4.26,1.3,3.6,1.24,4.25
2020|Rd 6|Penrith Panthers|Melbourne Storm,Melbourne Storm,Melbourne Storm,2.49,1.57,2.4,1.58,2.4,1.6
2020|Rd 6|Gold Coast Titans|St. George Illawarra Dragons,St. George Illawarra Dragons,St. George Illawarra Dragons,2.48,1.57,2.15,1.72,2.5,1.56
2020|Rd 6|Wests Tigers|NQ Cowboys,Wests Tigers,Wests Tigers,1.51,2.64,2.4,1.58,1.5,2.68
2020|Rd 6|Sydney Roosters|Parramatta Eels,Sydney Roosters,Sydney Roosters,1.4,3.13,1.54,2.5,1.38,3.2
2020|Rd 6|Canberra Raiders|Manly Sea Eagles,Canberra Raiders,Canberra Raiders,1.52,2.62,1.68,2.2,1.5,2.68
2020|Rd 6|Cronulla Sharks|Canterbury Bulldogs,Cronulla Sharks,Cronulla Sharks,1.52,2.58,1.45,2.75,1.56,2.5
2020|Rd 7|Penrith Panthers|South Sydney Rabbitohs,Penrith Panthers,Penrith Panthers,2.0,1.85,1.91,1.91,2.0,1.85
2020|Rd 7|Melbourne Storm|New Zealand Warriors,Melbourne Storm,Melbourne Storm,1.1,7.16,1.21,4.5,1.11,7.25
2020|Rd 7|Sydney Roosters|St. George Illawarra Dragons,Sydney Roosters,Sydney Roosters,1.12,6.37,1.11,6.5,1.14,6.25
2020|Rd 7|NQ Cowboys|Newcastle Knights,Newcastle Knights,Newcastle Knights,3.14,1.38,1.91,1.91,3.35,1.35
2020|Rd 7|Brisbane Broncos|Gold Coast Titans,Brisbane Broncos,Brisbane Broncos,1.44,2.91,1.33,3.35,1.44,2.9
2020|Rd 7|Parramatta Eels|Canberra Raiders,Parramatta Eels,Parramatta Eels,1.67,2.27,1.91,1.91,1.68,2.25
2020|Rd 7|Manly Sea Eagles|Cronulla Sharks,Manly Sea Eagles,Manly Sea Eagles,1.69,2.22,1.48,2.65,1.7,2.22
2020|Rd 7|Canterbury Bulldogs|Wests Tigers,Wests Tigers,Wests Tigers,2.45,1.58,2.2,1.68,2.4,1.6
2020|Rd 8|Melbourne Storm|Sydney Roosters,Sydney Roosters,Melbourne Storm,3.11,1.39,2.45,1.56,3.1,1.4
2020|Rd 8|Canberra Raiders|St. George Illawarra Dragons,Canberra Raiders,Canberra Raiders,1.24,4.14,1.23,4.2,1.24,4.25
2020|Rd 8|Parramatta Eels|NQ Cowboys,Parramatta Eels,Parramatta Eels,1.43,2.92,1.23,4.2,1.44,2.9
2020|Rd 8|Gold Coast Titans|Cronulla Sharks,Cronulla Sharks,Cronulla Sharks,3.02,1.4,2.75,1.45,3.2,1.38
2020|Rd 8|New Zealand Warriors|Brisbane Broncos,Brisbane Broncos,Brisbane Broncos,2.51,1.55,2.9,1.42,2.5,1.56
2020|Rd 8|Wests Tigers|Penrith Panthers,Penrith Panthers,Wests Tigers,2.61,1.52,2.75,1.45,2.62,1.52
2020|Rd 8|Manly Sea Eagles|Newcastle Knights,Newcastle Knights,Manly Sea Eagles,2.11,1.77,1.85,1.97,2.1,1.77
2020|Rd 8|Canterbury Bulldogs|South Sydney Rabbitohs,South Sydney Rabbitohs,South Sydney Rabbitohs,5.1,1.18,3.1,1.38,5.4,1.17
2020|Rd 9|NQ Cowboys|Sydney Roosters,Sydney Roosters,Sydney Roosters,5.53,1.15,3.5,1.31,5.6,1.16
2020|Rd 9|Gold Coast Titans|New Zealand Warriors,New Zealand Warriors,New Zealand Warriors,2.29,1.66,1.54,2.5,2.3,1.65
2020|Rd 9|South Sydney Rabbitohs|Wests Tigers,South Sydney Rabbitohs,South Sydney Rabbitohs,1.51,2.63,1.54,2.5,1.52,2.62
2020|Rd 9|Cronulla Sharks|Penrith Panthers,Penrith Panthers,Cronulla Sharks,2.6,1.53,2.25,1.65,2.55,1.54
2020|Rd 9|Brisbane Broncos|Canterbury Bulldogs,Brisbane Broncos,Brisbane Broncos,1.58,2.47,1.42,2.9,1.56,2.5
2020|Rd 9|Canberra Raiders|Melbourne Storm,Canberra Raiders,Melbourne Storm,2.2,1.73,1.58,2.4,2.22,1.7
2020|Rd 9|Newcastle Knights|Parramatta Eels,Parramatta Eels,Parramatta Eels,2.56,1.55,2.05,1.78,2.55,1.54
2020|Rd 9|St. George Illawarra Dragons|Manly Sea Eagles,Manly Sea Eagles,Manly Sea Eagles,1.92,1.95,2.25,1.65,1.9,1.95
2020|Rd 10|Sydney Roosters|Canberra Raiders,Sydney Roosters,Sydney Roosters,1.17,5.27,1.48,2.65,1.16,5.0
2020|Rd 10|Melbourne Storm|Gold Coast Titans,Melbourne Storm,Melbourne Storm,1.07,8.78,1.17,5.25,1.07,10.0
2020|Rd 10|Wests Tigers|Brisbane Broncos,Wests Tigers,Wests Tigers,1.47,2.77,1.5,2.6,1.48,2.75
2020|Rd 10|St. George Illawarra Dragons|Canterbury Bulldogs,St. George Illawarra Dragons,St. George Illawarra Dragons,1.27,3.88,1.65,2.25,1.27,4.0
2020|Rd 10|South Sydney Rabbitohs|Newcastle Knights,South Sydney Rabbitohs,South Sydney Rabbitohs,2.09,1.79,1.8,2.02,2.15,1.75
2020|Rd 10|Manly Sea Eagles|Parramatta Eels,Parramatta Eels,Parramatta Eels,3.49,1.33,2.65,1.48,3.5,1.33
2020|Rd 10|New Zealand Warriors|Cronulla Sharks,Cronulla Sharks,Cronulla Sharks,2.64,1.5,2.9,1.42,2.68,1.5
2020|Rd 10|Penrith Panthers|NQ Cowboys,Penrith Panthers,Penrith Panthers,1.11,6.79,1.35,3.25,1.11,7.25
2020|Rd 11|Parramatta Eels|Wests Tigers,Parramatta Eels,Parramatta Eels,,,,,,
2020|Rd 11|NQ Cowboys|Manly Sea Eagles,Manly Sea Eagles,Manly Sea Eagles,2.57,1.53,2.02,1.8,2.62,1.52
2020|Rd 11|Brisbane Broncos|Melbourne Storm,Melbourne Storm,Melbourne Storm,9.38,1.06,3.2,1.36,10.5,1.06
2020|Rd 11|New Zealand Warriors|Sydney Roosters,Sydney Roosters,Sydney Roosters,11.57,1.04,11.0,1.04,13.0,1.04
2020|Rd 11|Canberra Raiders|South Sydney Rabbitohs,Canberra Raiders,Canberra Raiders,1.53,2.6,1.52,2.55,1.54,2.55
2020|Rd 11|Cronulla Sharks|St. George Illawarra Dragons,Cronulla Sharks,Cronulla Sharks,1.89,1.97,1.68,2.2,1.9,1.95
2020|Rd 11|Newcastle Knights|Canterbury Bulldogs,Newcastle Knights,Newcastle Knights,1.13,5.99,1.25,4.0,1.15,6.0
2020|Rd 11|Gold Coast Titans|Penrith Panthers,Penrith Panthers,Penrith Panthers,4.65,1.2,2.45,1.56,4.5,1.22
2020|Rd 12|St. George Illawarra Dragons|South Sydney Rabbitohs,South Sydney Rabbitohs,South Sydney Rabbitohs,2.71,1.49,2.9,1.42,2.75,1.48
2020|Rd 12|Wests Tigers|New Zealand Warriors,Wests Tigers,Wests Tigers,1.16,5.42,1.21,4.5,1.17,5.4
2020|Rd 12|Brisbane Broncos|Cronulla Sharks,Cronulla Sharks,Cronulla Sharks,2.42,1.61,2.02,1.8,2.4,1.6
2020|Rd 12|Sydney Roosters|Gold Coast Titans,Sydney Roosters,Sydney Roosters,1.08,8.28,1.1,7.0,1.07,10.0
2020|Rd 12|Manly Sea Eagles|Penrith Panthers,Penrith Panthers,Penrith Panthers,2.56,1.55,2.4,1.58,2.62,1.52
2020|Rd 12|NQ Cowboys|Canberra Raiders,Canberra Raiders,Canberra Raiders,3.52,1.32,3.0,1.4,3.7,1.3
2020|Rd 12|Canterbury Bulldogs|Parramatta Eels,Parramatta Eels,Parramatta Eels,6.52,1.12,5.75,1.14,6.25,1.14
2020|Rd 12|Melbourne Storm|Newcastle Knights,Melbourne Storm,Melbourne Storm,1.23,4.44,1.44,2.8,1.22,4.5
2020|Rd 13|St. George Illawarra Dragons|Sydney Roosters,Sydney Roosters,Sydney Roosters,3.01,1.41,5.25,1.17,3.0,1.42
2020|Rd 13|Manly Sea Eagles|New Zealand Warriors,Manly Sea Eagles,Manly Sea Eagles,1.32,3.53,1.1,7.0,1.33,3.5
2020|Rd 13|South Sydney Rabbitohs|Brisbane Broncos,South Sydney Rabbitohs,South Sydney Rabbitohs,,,,,,
2020|Rd 13|Melbourne Storm|Canterbury Bulldogs,Melbourne Storm,Melbourne Storm,1.17,5.33,1.09,7.5,1.16,5.6
2020|Rd 13|Newcastle Knights|Wests Tigers,Newcastle Knights,Newcastle Knights,1.57,2.47,1.75,2.1,1.56,2.5
2020|Rd 13|Penrith Panthers|Canberra Raiders,Penrith Panthers,Penrith Panthers,1.5,2.72,1.65,2.25,1.47,2.8
2020|Rd 13|Gold Coast Titans|NQ Cowboys,NQ Cowboys,NQ Cowboys,2.22,1.69,2.1,1.75,2.25,1.68
2020|Rd 13|Cronulla Sharks|Parramatta Eels,Parramatta Eels,Cronulla Sharks,2.95,1.43,2.7,1.47,2.9,1.44
2020|Rd 14|Sydney Roosters|Melbourne Storm,Melbourne Storm,Sydney Roosters,1.64,2.33,1.42,2.9,1.63,2.35
2020|Rd 14|New Zealand Warriors|Penrith Panthers,Penrith Panthers,Penrith Panthers,6.84,1.11,8.0,1.08,6.75,1.12
2020|Rd 14|Parramatta Eels|St. George Illawarra Dragons,St. George Illawarra Dragons,Parramatta Eels,1.2,4.87,1.27,3.85,1.19,5.0
2020|Rd 14|Cronulla Sharks|Gold Coast Titans,Gold Coast Titans,Cronulla Sharks,1.35,3.35,1.22,4.35,1.35,3.35
2020|Rd 14|NQ Cowboys|South Sydney Rabbitohs,South Sydney Rabbitohs,South Sydney Rabbitohs,3.12,1.38,2.35,1.6,3.3,1.36
2020|Rd 14|Canberra Raiders|Brisbane Broncos,Brisbane Broncos,Canberra Raiders,1.1,7.33,1.2,4.6,1.11,7.25
2020|Rd 14|Newcastle Knights|Manly Sea Eagles,Manly Sea Eagles,Newcastle Knights,1.33,3.48,1.6,2.35,1.3,3.7
2020|Rd 14|Wests Tigers|Canterbury Bulldogs,Canterbury Bulldogs,Wests Tigers,1.4,3.02,1.42,2.9,1.4,3.1
2020|Rd 15|Parramatta Eels|Melbourne Storm,Parramatta Eels,Melbourne Storm,1.43,2.94,1.52,2.55,1.45,2.85
2020|Rd 15|Penrith Panthers|Cronulla Sharks,Penrith Panthers,Penrith Panthers,1.21,4.54,1.36,3.2,1.2,4.8
2020|Rd 15|Brisbane Broncos|St. George Illawarra Dragons,St. George Illawarra Dragons,Brisbane Broncos,3.64,1.3,2.18,1.7,3.85,1.28
2020|Rd 15|Gold Coast Titans|Canberra Raiders,Canberra Raiders,Canberra Raiders,4.23,1.24,3.35,1.33,4.5,1.22
2020|Rd 15|Wests Tigers|Sydney Roosters,Sydney Roosters,Sydney Roosters,2.9,1.44,5.75,1.14,2.9,1.44
2020|Rd 15|South Sydney Rabbitohs|Manly Sea Eagles,South Sydney Rabbitohs,South Sydney Rabbitohs,1.5,2.68,1.4,3.0,1.54,2.55
2020|Rd 15|Canterbury Bulldogs|New Zealand Warriors,New Zealand Warriors,Canterbury Bulldogs,1.74,2.17,1.91,1.91,1.7,2.22
2020|Rd 15|Newcastle Knights|NQ Cowboys,Newcastle Knights,Newcastle Knights,1.3,3.68,1.31,3.5,1.28,3.85
2020|Rd 16|Parramatta Eels|South Sydney Rabbitohs,Parramatta Eels,Parramatta Eels,1.43,2.97,1.58,2.4,1.42,3.0
2020|Rd 16|St. George Illawarra Dragons|Gold Coast Titans,St. George Illawarra Dragons,St. George Illawarra Dragons,1.31,3.56,1.36,3.2,1.28,3.85
2020|Rd 16|Sydney Roosters|Brisbane Broncos,Sydney Roosters,Sydney Roosters,1.04,11.38,1.06,9.5,1.04,13.0
2020|Rd 16|New Zealand Warriors|Newcastle Knights,Newcastle Knights,Newcastle Knights,2.91,1.44,3.1,1.38,3.1,1.4
2020|Rd 16|Penrith Panthers|Wests Tigers,Penrith Panthers,Penrith Panthers,1.23,4.41,1.18,5.0,1.22,4.5
2020|Rd 16|Cronulla Sharks|NQ Cowboys,Cronulla Sharks,Cronulla Sharks,1.34,3.39,1.38,3.1,1.35,3.35
2020|Rd 16|Melbourne Storm|Manly Sea Eagles,Melbourne Storm,Melbourne Storm,1.16,5.5,1.25,4.0,1.15,6.0
2020|Rd 16|Canberra Raiders|Canterbury Bulldogs,Canberra Raiders,Canberra Raiders,1.12,6.61,1.14,5.75,1.12,6.75
2020|Rd 17|Brisbane Broncos|Penrith Panthers,Penrith Panthers,Penrith Panthers,9.85,1.05,5.5,1.15,10.5,1.06
2020|Rd 17|Newcastle Knights|Cronulla Sharks,Newcastle Knights,Newcastle Knights,1.67,2.3,1.85,1.97,1.65,2.3
2020|Rd 17|South Sydney Rabbitohs|Melbourne Storm,Melbourne Storm,Melbourne Storm,2.61,1.52,2.1,1.75,2.68,1.5
2020|Rd 17|NQ Cowboys|St. George Illawarra Dragons,St. George Illawarra Dragons,NQ Cowboys,2.38,1.62,2.1,1.75,2.4,1.6
2020|Rd 17|Manly Sea Eagles|Wests Tigers,Manly Sea Eagles,Manly Sea Eagles,1.9,1.97,1.4,3.0,1.97,1.87
2020|Rd 17|Canberra Raiders|Sydney Roosters,Sydney Roosters,Sydney Roosters,2.99,1.42,2.1,1.75,3.1,1.4
2020|Rd 17|New Zealand Warriors|Parramatta Eels,Parramatta Eels,Parramatta Eels,3.43,1.33,5.25,1.17,3.5,1.33
2020|Rd 17|Canterbury Bulldogs|Gold Coast Titans,Gold Coast Titans,Canterbury Bulldogs,2.11,1.78,1.91,1.91,2.15,1.75
2020|Rd 18|Wests Tigers|South Sydney Rabbitohs,South Sydney Rabbitohs,South Sydney Rabbitohs,3.97,1.27,3.2,1.36,4.15,1.25
2020|Rd 18|Canterbury Bulldogs|Manly Sea Eagles,Manly Sea Eagles,Manly Sea Eagles,2.74,1.48,2.65,1.48,2.85,1.45
2020|Rd 18|Penrith Panthers|Parramatta Eels,Parramatta Eels,Penrith Panthers,1.3,3.67,1.48,2.65,1.3,3.7
2020|Rd 18|St. George Illawarra Dragons|Canberra Raiders,Canberra Raiders,Canberra Raiders,3.49,1.33,2.9,1.42,3.7,1.3
2020|Rd 18|Sydney Roosters|Newcastle Knights,Newcastle Knights,Sydney Roosters,1.07,8.99,1.15,5.5,1.06,10.5
2020|Rd 18|Gold Coast Titans|Brisbane Broncos,Brisbane Broncos,Gold Coast Titans,1.63,2.36,2.02,1.8,1.63,2.35
2020|Rd 18|Cronulla Sharks|New Zealand Warriors,New Zealand Warriors,Cronulla Sharks,1.6,2.39,1.33,3.35,1.63,2.35
2020|Rd 18|Melbourne Storm|NQ Cowboys,NQ Cowboys,Melbourne Storm,1.07,8.68,1.11,6.5,1.07,10.0
2020|Rd 19|South Sydney Rabbitohs|Canterbury Bulldogs,Canterbury Bulldogs,South Sydney Rabbitohs,1.1,6.72,1.22,4.35,1.11,7.25
2020|Rd 19|Manly Sea Eagles|Gold Coast Titans,Gold Coast Titans,Manly Sea Eagles,1.48,2.71,1.52,2.55,1.48,2.75
2020|Rd 19|Parramatta Eels|Brisbane Broncos,Brisbane Broncos,Parramatta Eels,1.07,8.38,1.17,5.25,1.08,9.0
2020|Rd 19|NQ Cowboys|Penrith Panthers,Penrith Panthers,Penrith Panthers,5.74,1.15,4.6,1.2,6.25,1.14
2020|Rd 19|Melbourne Storm|Wests Tigers,Wests Tigers,Melbourne Storm,1.13,6.14,1.12,6.25,1.11,7.25
2020|Rd 19|Sydney Roosters|Cronulla Sharks,Cronulla Sharks,Sydney Roosters,1.13,6.1,1.17,5.25,1.13,6.5
2020|Rd 19|Canberra Raiders|New Zealand Warriors,New Zealand Warriors,Canberra Raiders,1.13,6.26,1.22,4.35,1.13,6.5
2020|Rd 19|Newcastle Knights|St. George Illawarra Dragons,St. George Illawarra Dragons,Newcastle Knights,1.32,3.42,1.48,2.65,1.35,3.35
2020|Rd 20|Brisbane Broncos|NQ Cowboys,NQ Cowboys,Brisbane Broncos,2.09,1.77,1.97,1.85,2.15,1.75
2020|Rd 20|Gold Coast Titans|Newcastle Knights,Newcastle Knights,Newcastle Knights,2.5,1.55,2.02,1.8,2.68,1.5
2020|Rd 20|South Sydney Rabbitohs|Sydney Roosters,Sydney Roosters,Sydney Roosters,4.0,1.26,4.2,1.23,4.15,1.25
2020|Rd 20|Canterbury Bulldogs|Penrith Panthers,Penrith Panthers,Penrith Panthers,5.26,1.16,6.0,1.13,6.5,1.13
2020|Rd 20|Cronulla Sharks|Canberra Raiders,Canberra Raiders,Canberra Raiders,1.53,2.55,3.6,1.3,1.52,2.62
2020|Rd 20|Wests Tigers|Parramatta Eels,Parramatta Eels,Parramatta Eels,2.98,1.41,3.6,1.3,3.0,1.42
2020|Rd 20|New Zealand Warriors|Manly Sea Eagles,Manly Sea Eagles,New Zealand Warriors,1.88,1.96,2.35,1.6,1.8,2.05
2020|Rd 20|St. George Illawarra Dragons|Melbourne Storm,Melbourne Storm,Melbourne Storm,1.79,2.04,6.5,1.11,1.8,2.05
2020|GF|Penrith Panthers|Melbourne Storm,#N/A,#N/A,2.24,1.7,2.1,1.77,2.27,1.7
2020|Grand Final|Penrith Panthers|Melbourne Storm,,,,,,,,
2020|Prelim|Penrith Panthers|Sydney Roosters,Penrith Panthers,Penrith Panthers,1.66,2.26,1.75,2.1,1.72,2.18
2020|Prelim Final|Melbourne Storm|Canberra Raiders,,,,,,,,
2020|Qualif Final|Penrith Panthers|Sydney Roosters,,,,,,,,
2020|Semi Final|Sydney Roosters|Canberra Raiders,,,,,,,,
2020|Prelim|Canberra Raiders|Cronulla Sharks,Canberra Raiders,Canberra Raiders,1.18,4.99,1.22,4.35,1.18,5.2
2020|Prelim Final|Penrith Panthers|South Sydney Rabbitohs,,,,,,,,
2020|Qualif Final|Canberra Raiders|Cronulla Sharks,,,,,,,,
2020|Semi Final|Parramatta Eels|South Sydney Rabbitohs,,,,,,,,
2020|Prelim|Melbourne Storm|Parramatta Eels,Melbourne Storm,Melbourne Storm,1.19,4.81,1.23,4.2,1.2,4.8
2020|Qualif Final|Melbourne Storm|Parramatta Eels,,,,,,,,
2020|Prelim|South Sydney Rabbitohs|Newcastle Knights,South Sydney Rabbitohs,South Sydney Rabbitohs,1.31,3.54,1.36,3.2,1.3,3.7
2020|Qualif Final|South Sydney Rabbitohs|Newcastle Knights,,,,,,,,
2020|Qual|Sydney Roosters|Canberra Raiders,0,0,1.43,2.91,1.56,2.45,1.42,3.0
2020|Qual|Parramatta Eels|South Sydney Rabbitohs,0,0,3.57,1.3,2.5,1.54,3.5,1.33
2020|Semi|Melbourne Storm|Canberra Raiders,0,0,1.45,2.86,1.5,2.6,1.45,2.85
2020|Semi|Penrith Panthers|South Sydney Rabbitohs,0,0,1.38,3.18,1.48,2.65,1.36,3.3
2021|Rd 1|Melbourne Storm|South Sydney Rabbitohs,Melbourne Storm,Melbourne Storm,1.92,1.89,1.6,2.35,1.97,1.87
2021|Rd 1|Newcastle Knights|Canterbury Bulldogs,Newcastle Knights,Newcastle Knights,1.52,2.59,1.4,3.0,1.56,2.5
2021|Rd 1|Brisbane Broncos|Parramatta Eels,Parramatta Eels,Parramatta Eels,3.24,1.35,2.8,1.44,3.35,1.35
2021|Rd 1|New Zealand Warriors|Gold Coast Titans,New Zealand Warriors,New Zealand Warriors,2.11,1.74,2.35,1.6,2.1,1.77
2021|Rd 1|Sydney Roosters|Manly Sea Eagles,Sydney Roosters,Sydney Roosters,1.25,3.95,1.44,2.8,1.25,4.15
2021|Rd 1|Penrith Panthers|NQ Cowboys,Penrith Panthers,Penrith Panthers,1.25,3.95,1.28,3.75,1.25,4.15
2021|Rd 1|Canberra Raiders|Wests Tigers,Canberra Raiders,Canberra Raiders,1.35,3.24,1.33,3.35,1.36,3.3
2021|Rd 1|St. George Illawarra Dragons|Cronulla Sharks,Cronulla Sharks,Cronulla Sharks,2.25,1.67,1.91,1.91,2.22,1.7
2021|Rd 2|Parramatta Eels|Melbourne Storm,Melbourne Storm,Melbourne Storm,2.66,1.49,2.15,1.72,2.68,1.5
2021|Rd 2|New Zealand Warriors|Newcastle Knights,New Zealand Warriors,New Zealand Warriors,1.89,1.95,1.95,1.87,1.87,1.97
2021|Rd 2|Gold Coast Titans|Brisbane Broncos,Gold Coast Titans,Gold Coast Titans,1.39,3.06,1.4,3.0,1.42,3.0
2021|Rd 2|Canterbury Bulldogs|Penrith Panthers,Penrith Panthers,Penrith Panthers,5.71,1.14,3.85,1.27,5.4,1.17
2021|Rd 2|Manly Sea Eagles|South Sydney Rabbitohs,South Sydney Rabbitohs,South Sydney Rabbitohs,3.7,1.29,2.75,1.45,3.5,1.33
2021|Rd 2|NQ Cowboys|St. George Illawarra Dragons,NQ Cowboys,NQ Cowboys,1.63,2.29,1.45,2.75,1.62,2.3
2021|Rd 2|Wests Tigers|Sydney Roosters,Sydney Roosters,Sydney Roosters,3.99,1.25,3.5,1.31,4.5,1.22
2021|Rd 2|Cronulla Sharks|Canberra Raiders,Canberra Raiders,Canberra Raiders,2.73,1.47,2.75,1.45,2.68,1.5
2021|Rd 3|Penrith Panthers|Melbourne Storm,Penrith Panthers,Penrith Panthers,1.69,2.23,1.82,2.0,1.65,2.3
2021|Rd 3|St. George Illawarra Dragons|Manly Sea Eagles,St. George Illawarra Dragons,St. George Illawarra Dragons,1.6,2.36,2.1,1.75,1.63,2.35
2021|Rd 3|South Sydney Rabbitohs|Sydney Roosters,Sydney Roosters,Sydney Roosters,2.21,1.67,2.0,1.82,2.25,1.68
2021|Rd 3|Canberra Raiders|New Zealand Warriors,Canberra Raiders,Canberra Raiders,1.29,3.59,1.36,3.2,1.3,3.7
2021|Rd 3|Brisbane Broncos|Canterbury Bulldogs,Brisbane Broncos,Brisbane Broncos,1.62,2.29,1.65,2.25,1.6,2.4
2021|Rd 3|Parramatta Eels|Cronulla Sharks,Parramatta Eels,Parramatta Eels,1.34,3.31,1.52,2.55,1.35,3.35
2021|Rd 3|Newcastle Knights|Wests Tigers,Newcastle Knights,Newcastle Knights,1.38,3.06,1.5,2.6,1.4,3.1
2021|Rd 3|NQ Cowboys|Gold Coast Titans,NQ Cowboys,NQ Cowboys,2.89,1.4,2.0,1.82,3.1,1.4
2021|Rd 4|Manly Sea Eagles|Penrith Panthers,Penrith Panthers,Penrith Panthers,7.9,1.08,4.8,1.19,7.25,1.11
2021|Rd 4|Canterbury Bulldogs|South Sydney Rabbitohs,South Sydney Rabbitohs,South Sydney Rabbitohs,11.89,1.03,6.0,1.13,13.0,1.04
2021|Rd 4|Melbourne Storm|Brisbane Broncos,Melbourne Storm,Melbourne Storm,1.07,8.44,1.09,7.5,1.08,9.0
2021|Rd 4|Cronulla Sharks|NQ Cowboys,Cronulla Sharks,Cronulla Sharks,1.28,3.9,1.47,2.7,1.25,4.15
2021|Rd 4|Gold Coast Titans|Canberra Raiders,Canberra Raiders,Canberra Raiders,2.51,1.56,2.7,1.47,2.45,1.58
2021|Rd 4|Newcastle Knights|St. George Illawarra Dragons,Newcastle Knights,Newcastle Knights,1.38,3.14,1.38,3.1,1.36,3.3
2021|Rd 4|Sydney Roosters|New Zealand Warriors,Sydney Roosters,Sydney Roosters,1.35,3.31,1.18,5.0,1.35,3.35
2021|Rd 4|Wests Tigers|Parramatta Eels,Parramatta Eels,Parramatta Eels,3.94,1.26,3.1,1.38,4.0,1.27
2021|Rd 5|South Sydney Rabbitohs|Brisbane Broncos,South Sydney Rabbitohs,South Sydney Rabbitohs,1.06,9.64,1.09,7.5,1.06,10.5
2021|Rd 5|New Zealand Warriors|Manly Sea Eagles,New Zealand Warriors,New Zealand Warriors,1.4,3.01,1.35,3.25,1.45,2.85
2021|Rd 5|Penrith Panthers|Canberra Raiders,Penrith Panthers,Penrith Panthers,1.36,3.24,1.36,3.2,1.38,3.2
2021|Rd 5|Gold Coast Titans|Newcastle Knights,Newcastle Knights,Newcastle Knights,1.31,3.62,1.45,2.75,1.3,3.7
2021|Rd 5|Canterbury Bulldogs|Melbourne Storm,Melbourne Storm,Melbourne Storm,13.1,1.02,9.5,1.06,15.0,1.03
2021|Rd 5|Sydney Roosters|Cronulla Sharks,Sydney Roosters,Sydney Roosters,1.3,3.53,1.44,2.8,1.3,3.7
2021|Rd 5|Wests Tigers|NQ Cowboys,Wests Tigers,Wests Tigers,1.18,4.79,1.27,3.85,1.19,5.0
2021|Rd 5|Parramatta Eels|St. George Illawarra Dragons,Parramatta Eels,Parramatta Eels,1.26,3.95,1.3,3.6,1.25,4.15
2021|Rd 6|Brisbane Broncos|Penrith Panthers,Penrith Panthers,Penrith Panthers,13.18,1.02,8.0,1.08,15.0,1.02
2021|Rd 6|Newcastle Knights|Cronulla Sharks,Newcastle Knights,Newcastle Knights,1.58,2.44,1.97,1.85,1.58,2.45
2021|Rd 6|Melbourne Storm|Sydney Roosters,Melbourne Storm,Melbourne Storm,1.31,3.52,1.45,2.75,1.3,3.7
2021|Rd 6|Manly Sea Eagles|Gold Coast Titans,Manly Sea Eagles,Manly Sea Eagles,3.0,1.4,2.3,1.62,3.2,1.38
2021|Rd 6|South Sydney Rabbitohs|Wests Tigers,South Sydney Rabbitohs,South Sydney Rabbitohs,1.08,7.74,1.19,4.8,1.11,7.25
2021|Rd 6|Canberra Raiders|Parramatta Eels,Canberra Raiders,Canberra Raiders,1.65,2.3,1.62,2.3,1.65,2.3
2021|Rd 6|St. George Illawarra Dragons|New Zealand Warriors,St. George Illawarra Dragons,St. George Illawarra Dragons,1.42,2.91,1.65,2.25,1.44,2.9
2021|Rd 6|NQ Cowboys|Canterbury Bulldogs,NQ Cowboys,NQ Cowboys,1.51,2.58,1.48,2.65,1.54,2.55
2021|Rd 7|Penrith Panthers|Newcastle Knights,Penrith Panthers,Penrith Panthers,1.1,7.1,1.09,7.5,1.08,9.0
2021|Rd 7|Gold Coast Titans|South Sydney Rabbitohs,South Sydney Rabbitohs,South Sydney Rabbitohs,2.81,1.45,2.8,1.44,2.85,1.45
2021|Rd 7|Parramatta Eels|Brisbane Broncos,Parramatta Eels,Parramatta Eels,1.17,5.08,1.19,4.8,1.17,5.4
2021|Rd 7|Cronulla Sharks|Canterbury Bulldogs,Cronulla Sharks,Cronulla Sharks,1.12,6.27,1.22,4.35,1.11,7.25
2021|Rd 7|NQ Cowboys|Canberra Raiders,Canberra Raiders,Canberra Raiders,3.92,1.26,3.35,1.33,4.0,1.27
2021|Rd 7|Wests Tigers|Manly Sea Eagles,Wests Tigers,Wests Tigers,2.46,1.56,1.95,1.87,2.45,1.58
2021|Rd 7|Sydney Roosters|St. George Illawarra Dragons,Sydney Roosters,Sydney Roosters,1.37,3.11,1.47,2.7,1.4,3.1
2021|Rd 7|Melbourne Storm|New Zealand Warriors,Melbourne Storm,Melbourne Storm,1.07,8.31,1.13,6.0,1.08,9.0
2021|Rd 8|Canberra Raiders|South Sydney Rabbitohs,South Sydney Rabbitohs,South Sydney Rabbitohs,2.98,1.41,2.35,1.6,3.3,1.36
2021|Rd 8|Melbourne Storm|Cronulla Sharks,Melbourne Storm,Melbourne Storm,1.12,6.21,1.11,6.5,1.13,6.5
2021|Rd 8|Brisbane Broncos|Gold Coast Titans,Brisbane Broncos,Brisbane Broncos,3.57,1.3,2.9,1.42,3.5,1.33
2021|Rd 8|Penrith Panthers|Manly Sea Eagles,Penrith Panthers,Penrith Panthers,1.16,5.3,1.15,5.5,1.17,5.4
2021|Rd 8|Canterbury Bulldogs|Parramatta Eels,Parramatta Eels,Parramatta Eels,8.32,1.07,6.5,1.11,8.0,1.1
2021|Rd 8|Newcastle Knights|Sydney Roosters,Sydney Roosters,Sydney Roosters,2.8,1.45,2.4,1.58,2.85,1.45
2021|Rd 8|New Zealand Warriors|NQ Cowboys,New Zealand Warriors,New Zealand Warriors,1.56,2.48,1.4,3.0,1.54,2.55
2021|Rd 8|St. George Illawarra Dragons|Wests Tigers,St. George Illawarra Dragons,St. George Illawarra Dragons,1.31,3.47,1.4,3.0,1.36,3.3
2021|Rd 9|South Sydney Rabbitohs|Melbourne Storm,South Sydney Rabbitohs,South Sydney Rabbitohs,3.71,1.29,1.8,2.02,4.0,1.27
2021|Rd 9|Penrith Panthers|Cronulla Sharks,Penrith Panthers,Penrith Panthers,1.07,8.36,1.1,7.0,1.08,9.0
2021|Rd 9|Parramatta Eels|Sydney Roosters,Parramatta Eels,Parramatta Eels,1.48,2.74,1.7,2.18,1.52,2.62
2021|Rd 9|Canberra Raiders|Newcastle Knights,Canberra Raiders,Canberra Raiders,1.48,2.73,1.45,2.75,1.48,2.75
2021|Rd 9|Wests Tigers|Gold Coast Titans,Wests Tigers,Wests Tigers,2.5,1.56,2.4,1.58,2.5,1.56
2021|Rd 9|NQ Cowboys|Brisbane Broncos,NQ Cowboys,NQ Cowboys,1.63,2.35,1.47,2.7,1.68,2.25
2021|Rd 9|Manly Sea Eagles|New Zealand Warriors,Manly Sea Eagles,Manly Sea Eagles,1.51,2.6,1.38,3.1,1.52,2.62
2021|Rd 9|St. George Illawarra Dragons|Canterbury Bulldogs,St. George Illawarra Dragons,St. George Illawarra Dragons,1.3,3.55,1.22,4.35,1.31,3.5
2021|Rd 10|Wests Tigers|Newcastle Knights,Newcastle Knights,Newcastle Knights,2.31,1.63,1.82,2.0,2.35,1.63
2021|Rd 10|Manly Sea Eagles|Brisbane Broncos,Manly Sea Eagles,Manly Sea Eagles,1.34,3.29,1.48,2.65,1.33,3.5
2021|Rd 10|Canterbury Bulldogs|Canberra Raiders,Canberra Raiders,Canberra Raiders,5.92,1.13,5.25,1.17,6.75,1.12
2021|Rd 10|Cronulla Sharks|South Sydney Rabbitohs,South Sydney Rabbitohs,South Sydney Rabbitohs,3.73,1.28,3.25,1.35,4.25,1.24
2021|Rd 10|Sydney Roosters|NQ Cowboys,Sydney Roosters,Sydney Roosters,1.19,4.59,1.2,4.6,1.2,4.8
2021|Rd 10|New Zealand Warriors|Parramatta Eels,Parramatta Eels,Parramatta Eels,3.34,1.33,4.2,1.23,3.5,1.33
2021|Rd 10|Melbourne Storm|St. George Illawarra Dragons,Melbourne Storm,Melbourne Storm,1.15,5.59,1.09,7.5,1.14,6.25
2021|Rd 10|Gold Coast Titans|Penrith Panthers,Penrith Panthers,Penrith Panthers,7.89,1.07,4.6,1.2,9.0,1.08
2021|Rd 11|NQ Cowboys|Newcastle Knights,Newcastle Knights,Newcastle Knights,1.43,2.84,1.7,2.18,1.44,2.9
2021|Rd 11|New Zealand Warriors|Wests Tigers,New Zealand Warriors,New Zealand Warriors,1.49,2.69,1.42,2.9,1.5,2.68
2021|Rd 11|Cronulla Sharks|St. George Illawarra Dragons,Cronulla Sharks,Cronulla Sharks,1.41,2.94,2.5,1.54,1.38,3.2
2021|Rd 11|Gold Coast Titans|Canterbury Bulldogs,Gold Coast Titans,Gold Coast Titans,1.18,4.8,1.19,4.8,1.16,5.0
2021|Rd 11|Sydney Roosters|Brisbane Broncos,Sydney Roosters,Sydney Roosters,1.03,11.57,1.22,4.35,1.02,19.0
2021|Rd 11|Canberra Raiders|Melbourne Storm,Melbourne Storm,Melbourne Storm,4.18,1.23,4.2,1.23,4.15,1.25
2021|Rd 11|South Sydney Rabbitohs|Penrith Panthers,Penrith Panthers,Penrith Panthers,3.36,1.32,3.0,1.4,3.35,1.35
2021|Rd 11|Parramatta Eels|Manly Sea Eagles,Parramatta Eels,Parramatta Eels,1.44,2.84,1.42,2.9,1.47,2.8
2021|Rd 12|Brisbane Broncos|Melbourne Storm,Melbourne Storm,Melbourne Storm,8.1,1.07,6.0,1.13,10.0,1.07
2021|Rd 12|NQ Cowboys|New Zealand Warriors,NQ Cowboys,NQ Cowboys,2.34,1.61,1.72,2.15,2.45,1.58
2021|Rd 12|Wests Tigers|St. George Illawarra Dragons,St. George Illawarra Dragons,St. George Illawarra Dragons,1.53,2.56,1.5,2.6,1.56,2.5
2021|Rd 12|Penrith Panthers|Canterbury Bulldogs,Penrith Panthers,Penrith Panthers,1.01,17.13,1.01,17.0,1.0,29.0
2021|Rd 12|South Sydney Rabbitohs|Parramatta Eels,South Sydney Rabbitohs,South Sydney Rabbitohs,1.64,2.3,1.82,2.0,1.63,2.35
2021|Rd 12|Sydney Roosters|Canberra Raiders,Sydney Roosters,Sydney Roosters,1.28,3.69,1.25,4.0,1.3,3.7
2021|Rd 12|Cronulla Sharks|Gold Coast Titans,Cronulla Sharks,Cronulla Sharks,2.3,1.64,2.25,1.65,2.35,1.63
2021|Rd 12|Newcastle Knights|Manly Sea Eagles,Newcastle Knights,Newcastle Knights,4.98,1.17,2.8,1.44,5.0,1.18
2021|Rd 13|St. George Illawarra Dragons|Brisbane Broncos,St. George Illawarra Dragons,St. George Illawarra Dragons,1.32,3.43,1.45,2.75,1.32,3.5
2021|Rd 13|Wests Tigers|Penrith Panthers,Penrith Panthers,Penrith Panthers,2.67,1.48,2.9,1.42,2.68,1.5
2021|Rd 13|Melbourne Storm|Gold Coast Titans,Melbourne Storm,Melbourne Storm,1.06,9.43,1.15,5.5,1.08,8.0
2021|Rd 13|Newcastle Knights|Parramatta Eels,Parramatta Eels,Parramatta Eels,4.9,1.18,3.5,1.31,5.0,1.19
2021|Rd 14|Manly Sea Eagles|NQ Cowboys,Manly Sea Eagles,Manly Sea Eagles,1.51,2.63,1.33,3.35,1.54,2.55
2021|Rd 14|Cronulla Sharks|Penrith Panthers,Penrith Panthers,Penrith Panthers,2.48,1.55,5.5,1.15,2.35,1.63
2021|Rd 14|Gold Coast Titans|Sydney Roosters,Sydney Roosters,Sydney Roosters,3.76,1.28,3.35,1.33,3.7,1.3
2021|Rd 14|South Sydney Rabbitohs|Newcastle Knights,South Sydney Rabbitohs,South Sydney Rabbitohs,1.13,6.08,1.19,4.6,1.12,6.75
2021|Rd 14|Canberra Raiders|Brisbane Broncos,Canberra Raiders,Canberra Raiders,1.28,3.75,1.4,3.0,1.25,4.0
2021|Rd 14|New Zealand Warriors|Melbourne Storm,Melbourne Storm,Melbourne Storm,6.01,1.13,5.5,1.15,6.5,1.13
2021|Rd 14|Parramatta Eels|Wests Tigers,Parramatta Eels,Parramatta Eels,1.2,4.6,1.25,4.0,1.22,4.5
2021|Rd 14|Canterbury Bulldogs|St. George Illawarra Dragons,St. George Illawarra Dragons,St. George Illawarra Dragons,4.48,1.21,3.35,1.33,4.25,1.24
2021|Rd 15|Brisbane Broncos|South Sydney Rabbitohs,South Sydney Rabbitohs,South Sydney Rabbitohs,7.12,1.09,4.2,1.23,9.0,1.08
2021|Rd 15|NQ Cowboys|Cronulla Sharks,Cronulla Sharks,Cronulla Sharks,1.84,2.0,1.6,2.35,1.85,2.0
2021|Rd 15|Penrith Panthers|Sydney Roosters,Penrith Panthers,Penrith Panthers,1.16,5.15,1.21,4.5,1.17,5.4
2021|Rd 15|Newcastle Knights|New Zealand Warriors,Newcastle Knights,Newcastle Knights,1.9,1.92,1.72,2.15,1.95,1.9
2021|Rd 15|St. George Illawarra Dragons|Canberra Raiders,Canberra Raiders,Canberra Raiders,2.67,1.49,1.44,2.8,2.75,1.48
2021|Rd 15|Melbourne Storm|Wests Tigers,Melbourne Storm,Melbourne Storm,1.03,10.91,1.08,8.0,1.02,17.0
2021|Rd 15|Parramatta Eels|Canterbury Bulldogs,Parramatta Eels,Parramatta Eels,1.08,7.8,1.06,9.5,1.09,8.0
2021|Rd 15|Gold Coast Titans|Manly Sea Eagles,Manly Sea Eagles,Manly Sea Eagles,3.07,1.38,2.35,1.6,3.2,1.38
2021|Rd 16|Sydney Roosters|Melbourne Storm,Melbourne Storm,Melbourne Storm,4.13,1.24,3.5,1.31,4.0,1.27
2021|Rd 16|New Zealand Warriors|St. George Illawarra Dragons,New Zealand Warriors,New Zealand Warriors,1.9,1.93,1.62,2.3,1.95,1.9
2021|Rd 16|Penrith Panthers|Parramatta Eels,Penrith Panthers,Penrith Panthers,1.52,2.6,1.27,3.85,1.54,2.55
2021|Rd 16|Canterbury Bulldogs|Manly Sea Eagles,Manly Sea Eagles,Manly Sea Eagles,11.18,1.04,6.5,1.11,15.0,1.03
2021|Rd 16|Canberra Raiders|Gold Coast Titans,Canberra Raiders,Canberra Raiders,1.55,2.53,1.47,2.7,1.56,2.5
2021|Rd 16|Newcastle Knights|NQ Cowboys,Newcastle Knights,Newcastle Knights,1.41,2.93,1.62,2.3,1.4,3.1
2021|Rd 16|Brisbane Broncos|Cronulla Sharks,Cronulla Sharks,Cronulla Sharks,4.15,1.25,3.1,1.38,4.15,1.25
2021|Rd 16|Wests Tigers|South Sydney Rabbitohs,South Sydney Rabbitohs,South Sydney Rabbitohs,7.35,1.09,7.0,1.1,6.75,1.11
2021|Rd 17|Manly Sea Eagles|Canberra Raiders,Manly Sea Eagles,Manly Sea Eagles,1.19,4.8,1.52,2.55,1.19,5.0
2021|Rd 17|South Sydney Rabbitohs|NQ Cowboys,South Sydney Rabbitohs,South Sydney Rabbitohs,1.14,5.71,1.18,5.0,1.15,6.0
2021|Rd 17|Canterbury Bulldogs|Sydney Roosters,Sydney Roosters,Sydney Roosters,10.22,1.05,5.0,1.18,13.0,1.04
2021|Rd 17|Cronulla Sharks|New Zealand Warriors,Cronulla Sharks,Cronulla Sharks,1.67,2.22,1.42,2.9,1.72,2.18
2021|Rd 18|Gold Coast Titans|Parramatta Eels,Parramatta Eels,Parramatta Eels,2.31,1.63,2.3,1.62,2.22,1.7
2021|Rd 18|Manly Sea Eagles|St. George Illawarra Dragons,Manly Sea Eagles,Manly Sea Eagles,1.41,2.94,1.08,8.0,1.45,2.85
2021|Rd 18|NQ Cowboys|Sydney Roosters,Sydney Roosters,Sydney Roosters,3.23,1.35,2.9,1.42,3.35,1.35
2021|Rd 18|Canberra Raiders|Cronulla Sharks,Canberra Raiders,Canberra Raiders,2.12,1.74,2.75,1.45,2.18,1.72
2021|Rd 18|Melbourne Storm|Newcastle Knights,Melbourne Storm,Melbourne Storm,1.14,5.78,1.13,6.0,1.16,5.6
2021|Rd 18|New Zealand Warriors|Penrith Panthers,Penrith Panthers,Penrith Panthers,3.39,1.32,4.5,1.21,3.5,1.33
2021|Rd 18|Brisbane Broncos|Wests Tigers,Wests Tigers,Wests Tigers,1.8,2.04,1.6,2.35,1.85,2.0
2021|Rd 18|South Sydney Rabbitohs|Canterbury Bulldogs,South Sydney Rabbitohs,South Sydney Rabbitohs,1.05,10.1,1.07,8.5,1.05,11.0
2021|Rd 19|Parramatta Eels|Canberra Raiders,Parramatta Eels,Parramatta Eels,1.18,4.75,1.3,3.6,1.2,4.8
2021|Rd 19|Sydney Roosters|Newcastle Knights,Sydney Roosters,Sydney Roosters,1.25,4.06,1.33,3.35,1.3,3.7
2021|Rd 19|NQ Cowboys|Melbourne Storm,Melbourne Storm,Melbourne Storm,14.42,1.02,7.0,1.1,13.0,1.03
2021|Rd 19|South Sydney Rabbitohs|New Zealand Warriors,South Sydney Rabbitohs,South Sydney Rabbitohs,1.1,6.66,1.2,4.5,1.11,7.25
2021|Rd 19|Manly Sea Eagles|Wests Tigers,Manly Sea Eagles,Manly Sea Eagles,1.07,8.08,1.15,5.5,1.08,9.0
2021|Rd 19|Penrith Panthers|Brisbane Broncos,Penrith Panthers,Penrith Panthers,1.08,7.76,1.2,4.5,1.08,9.0
2021|Rd 19|St. George Illawarra Dragons|Gold Coast Titans,St. George Illawarra Dragons,St. George Illawarra Dragons,2.54,1.53,2.7,1.47,2.6,1.52
2021|Rd 19|Canterbury Bulldogs|Cronulla Sharks,Cronulla Sharks,Cronulla Sharks,3.52,1.3,4.5,1.2,3.35,1.35
2021|Rd 20|Sydney Roosters|Parramatta Eels,Sydney Roosters,Sydney Roosters,2.2,1.69,2.4,1.58,2.18,1.72
2021|Rd 20|Wests Tigers|New Zealand Warriors,Wests Tigers,Wests Tigers,1.38,3.1,1.85,1.97,1.42,3.0
2021|Rd 20|Brisbane Broncos|NQ Cowboys,Brisbane Broncos,Brisbane Broncos,1.74,2.16,1.87,1.95,1.72,2.18
2021|Rd 20|Newcastle Knights|Canberra Raiders,Canberra Raiders,Canberra Raiders,2.31,1.64,2.18,1.7,2.3,1.65
2021|Rd 20|Melbourne Storm|Penrith Panthers,Melbourne Storm,Melbourne Storm,1.11,6.61,1.28,3.75,1.12,6.75
2021|Rd 20|St. George Illawarra Dragons|South Sydney Rabbitohs,South Sydney Rabbitohs,South Sydney Rabbitohs,8.88,1.07,7.5,1.09,8.0,1.08
2021|Rd 20|Canterbury Bulldogs|Gold Coast Titans,Gold Coast Titans,Gold Coast Titans,4.08,1.24,3.75,1.28,4.15,1.25
2021|Rd 20|Cronulla Sharks|Manly Sea Eagles,Cronulla Sharks,Cronulla Sharks,6.03,1.12,4.2,1.23,6.0,1.15
2021|Rd 21|Newcastle Knights|Brisbane Broncos,Newcastle Knights,Newcastle Knights,1.24,4.13,1.44,2.8,1.24,4.0
2021|Rd 21|Canberra Raiders|St. George Illawarra Dragons,Canberra Raiders,Canberra Raiders,1.31,3.5,1.38,3.1,1.35,3.35
2021|Rd 21|Parramatta Eels|South Sydney Rabbitohs,Parramatta Eels,Parramatta Eels,3.58,1.3,3.1,1.38,3.5,1.32
2021|Rd 21|New Zealand Warriors|Cronulla Sharks,Cronulla Sharks,Cronulla Sharks,2.68,1.49,3.75,1.28,2.5,1.56
2021|Rd 21|Sydney Roosters|Penrith Panthers,Sydney Roosters,Sydney Roosters,2.32,1.64,2.65,1.48,2.25,1.68
2021|Rd 21|Manly Sea Eagles|Melbourne Storm,Melbourne Storm,Melbourne Storm,3.48,1.32,3.5,1.31,3.3,1.36
2021|Rd 21|Canterbury Bulldogs|Wests Tigers,Wests Tigers,Wests Tigers,2.78,1.45,2.8,1.44,2.8,1.47
2021|Rd 21|Gold Coast Titans|NQ Cowboys,Gold Coast Titans,Gold Coast Titans,1.28,3.72,1.35,3.25,1.27,4.0
2021|Rd 22|Melbourne Storm|Canberra Raiders,Melbourne Storm,Melbourne Storm,1.04,10.67,1.11,6.5,1.04,13.0
2021|Rd 22|St. George Illawarra Dragons|Penrith Panthers,Penrith Panthers,Penrith Panthers,8.71,1.07,5.75,1.14,10.0,1.07
2021|Rd 22|Brisbane Broncos|Sydney Roosters,Sydney Roosters,Sydney Roosters,4.47,1.21,5.0,1.18,4.25,1.24
2021|Rd 22|South Sydney Rabbitohs|Gold Coast Titans,South Sydney Rabbitohs,South Sydney Rabbitohs,1.17,5.13,1.15,5.5,1.18,5.2
2021|Rd 22|NQ Cowboys|Wests Tigers,Wests Tigers,Wests Tigers,2.36,1.62,2.1,1.75,2.35,1.63
2021|Rd 22|Manly Sea Eagles|Parramatta Eels,Parramatta Eels,Parramatta Eels,1.19,4.79,1.21,4.5,1.2,4.8
2021|Rd 22|New Zealand Warriors|Canterbury Bulldogs,New Zealand Warriors,New Zealand Warriors,1.37,3.15,1.3,3.6,1.4,3.1
2021|Rd 22|Cronulla Sharks|Newcastle Knights,Cronulla Sharks,Cronulla Sharks,3.14,1.38,2.45,1.56,3.1,1.4
2021|Rd 23|Gold Coast Titans|Melbourne Storm,Melbourne Storm,Melbourne Storm,7.66,1.08,7.0,1.1,8.0,1.1
2021|Rd 23|Canberra Raiders|Manly Sea Eagles,Canberra Raiders,Canberra Raiders,3.05,1.39,2.7,1.47,3.1,1.4
2021|Rd 23|Penrith Panthers|South Sydney Rabbitohs,Penrith Panthers,Penrith Panthers,1.86,2.0,1.68,2.2,1.9,1.95
2021|Rd 23|Wests Tigers|Cronulla Sharks,Wests Tigers,Wests Tigers,2.37,1.61,2.4,1.58,2.3,1.65
2021|Rd 23|Canterbury Bulldogs|Newcastle Knights,Newcastle Knights,Newcastle Knights,5.24,1.16,4.6,1.2,5.4,1.17
2021|Rd 23|Parramatta Eels|NQ Cowboys,Parramatta Eels,Parramatta Eels,1.25,4.06,1.28,3.75,1.24,4.25
2021|Rd 23|St. George Illawarra Dragons|Sydney Roosters,Sydney Roosters,Sydney Roosters,3.94,1.26,3.85,1.27,3.7,1.3
2021|Rd 23|Brisbane Broncos|New Zealand Warriors,New Zealand Warriors,New Zealand Warriors,2.04,1.81,2.0,1.82,2.0,1.85
2021|Rd 24|Newcastle Knights|Gold Coast Titans,Newcastle Knights,Newcastle Knights,2.03,1.82,1.8,2.02,2.05,1.8
2021|Rd 24|New Zealand Warriors|Canberra Raiders,Canberra Raiders,Canberra Raiders,2.69,1.49,2.9,1.42,2.62,1.52
2021|Rd 24|Sydney Roosters|South Sydney Rabbitohs,Sydney Roosters,Sydney Roosters,4.76,1.19,3.6,1.3,4.5,1.2
2021|Rd 24|St. George Illawarra Dragons|NQ Cowboys,St. George Illawarra Dragons,St. George Illawarra Dragons,1.8,2.07,1.6,2.35,1.8,2.05
2021|Rd 24|Cronulla Sharks|Brisbane Broncos,Cronulla Sharks,Cronulla Sharks,1.56,2.46,1.42,2.9,1.54,2.55
2021|Rd 24|Melbourne Storm|Parramatta Eels,Melbourne Storm,Melbourne Storm,1.05,9.63,1.07,8.5,1.06,10.0
2021|Rd 24|Manly Sea Eagles|Canterbury Bulldogs,Manly Sea Eagles,Manly Sea Eagles,1.01,14.1,1.05,10.0,1.02,19.0
2021|Rd 24|Penrith Panthers|Wests Tigers,Penrith Panthers,Penrith Panthers,1.02,14.33,1.09,7.5,1.03,15.0
2021|Rd 25|Canberra Raiders|Sydney Roosters,Sydney Roosters,Sydney Roosters,2.11,1.76,2.2,1.68,2.05,1.8
2021|Rd 25|Cronulla Sharks|Melbourne Storm,Melbourne Storm,Melbourne Storm,3.35,1.34,3.1,1.38,3.3,1.36
2021|Rd 25|Parramatta Eels|Penrith Panthers,Penrith Panthers,Penrith Panthers,12.52,1.03,3.6,1.3,15.0,1.03
2021|Rd 25|Brisbane Broncos|Newcastle Knights,Newcastle Knights,Newcastle Knights,1.77,2.11,2.4,1.58,1.72,2.18
2021|Rd 25|NQ Cowboys|Manly Sea Eagles,Manly Sea Eagles,Manly Sea Eagles,8.26,1.07,12.0,1.03,10.0,1.06
2021|Rd 25|South Sydney Rabbitohs|St. George Illawarra Dragons,South Sydney Rabbitohs,South Sydney Rabbitohs,1.67,2.23,1.1,7.0,1.68,2.25
2021|Rd 25|Gold Coast Titans|New Zealand Warriors,Gold Coast Titans,Gold Coast Titans,1.27,3.85,1.27,3.85,1.3,3.7
2021|Rd 25|Wests Tigers|Canterbury Bulldogs,Wests Tigers,Wests Tigers,1.45,2.76,1.42,2.9,1.45,2.85
2021|Grand Final|Penrith Panthers|South Sydney Rabbitohs,,,,,,,,
2021|Prelim Final|South Sydney Rabbitohs|Manly Sea Eagles,,,,,,,,
2021|Qualifier|Melbourne Storm|Manly Sea Eagles,,,,,,,,
2021|Semi Final|Manly Sea Eagles|Sydney Roosters,,,,,,,,
2021|Prelim Final|Melbourne Storm|Penrith Panthers,,,,,,,,
2021|Qualifier|Penrith Panthers|South Sydney Rabbitohs,,,,,,,,
2021|Semi Final|Penrith Panthers|Parramatta Eels,,,,,,,,
2021|Qualifier|Sydney Roosters|Gold Coast Titans,,,,,,,,
2021|Qualifier|Parramatta Eels|Newcastle Knights,,,,,,,,
2022|Rd 1|Penrith Panthers|Manly Sea Eagles,Penrith Panthers,Penrith Panthers,2.09,1.77,1.54,2.5,2.1,1.77
2022|Rd 1|Canberra Raiders|Cronulla Sharks,Cronulla Sharks,Canberra Raiders,1.98,1.85,1.91,1.91,1.97,1.87
2022|Rd 1|Brisbane Broncos|South Sydney Rabbitohs,Brisbane Broncos,South Sydney Rabbitohs,3.61,1.3,3.0,1.4,3.5,1.33
2022|Rd 1|Sydney Roosters|Newcastle Knights,Newcastle Knights,Sydney Roosters,1.13,5.62,1.27,3.85,1.14,6.25
2022|Rd 1|New Zealand Warriors|St. George Illawarra Dragons,St. George Illawarra Dragons,New Zealand Warriors,2.05,1.8,1.54,2.5,2.05,1.8
2022|Rd 1|Wests Tigers|Melbourne Storm,Wests Tigers,Melbourne Storm,4.54,1.2,3.35,1.33,4.5,1.22
2022|Rd 1|Parramatta Eels|Gold Coast Titans,Gold Coast Titans,Parramatta Eels,1.26,3.96,1.5,2.6,1.24,4.25
2022|Rd 1|NQ Cowboys|Canterbury Bulldogs,Canterbury Bulldogs,NQ Cowboys,1.72,2.17,1.91,1.91,1.72,2.18
2022|Rd 2|Melbourne Storm|South Sydney Rabbitohs,South Sydney Rabbitohs,Melbourne Storm,1.34,3.33,1.36,3.2,1.38,3.2
2022|Rd 2|St. George Illawarra Dragons|Penrith Panthers,St. George Illawarra Dragons,Penrith Panthers,3.82,1.26,3.2,1.36,3.85,1.28
2022|Rd 2|Sydney Roosters|Manly Sea Eagles,Manly Sea Eagles,Sydney Roosters,1.8,2.05,1.72,2.15,1.8,2.05
2022|Rd 2|Gold Coast Titans|New Zealand Warriors,New Zealand Warriors,Gold Coast Titans,1.34,3.31,1.42,2.9,1.36,3.3
2022|Rd 2|Cronulla Sharks|Parramatta Eels,Cronulla Sharks,Parramatta Eels,2.06,1.78,2.0,1.82,2.05,1.8
2022|Rd 2|NQ Cowboys|Canberra Raiders,NQ Cowboys,Canberra Raiders,2.45,1.58,2.0,1.82,2.3,1.65
2022|Rd 2|Newcastle Knights|Wests Tigers,Wests Tigers,Newcastle Knights,1.61,2.36,1.42,2.9,1.6,2.4
2022|Rd 2|Canterbury Bulldogs|Brisbane Broncos,Canterbury Bulldogs,Brisbane Broncos,2.34,1.63,1.72,2.15,2.3,1.65
2022|Rd 3|St. George Illawarra Dragons|Cronulla Sharks,Cronulla Sharks,St. George Illawarra Dragons,2.2,1.69,2.15,1.72,2.25,1.68
2022|Rd 3|Wests Tigers|New Zealand Warriors,New Zealand Warriors,Wests Tigers,2.31,1.64,1.95,1.87,2.4,1.6
2022|Rd 3|South Sydney Rabbitohs|Sydney Roosters,Sydney Roosters,South Sydney Rabbitohs,2.35,1.62,2.15,1.72,2.4,1.6
2022|Rd 3|Penrith Panthers|Newcastle Knights,Newcastle Knights,Penrith Panthers,1.3,3.55,1.15,5.5,1.28,3.85
2022|Rd 3|Melbourne Storm|Parramatta Eels,Parramatta Eels,Melbourne Storm,1.44,2.82,1.35,3.25,1.44,2.8
2022|Rd 3|Canberra Raiders|Gold Coast Titans,Gold Coast Titans,Canberra Raiders,1.76,2.09,1.5,2.6,1.75,2.1
2022|Rd 3|Brisbane Broncos|NQ Cowboys,NQ Cowboys,Brisbane Broncos,1.42,2.93,1.6,2.35,1.44,2.9
2022|Rd 3|Manly Sea Eagles|Canterbury Bulldogs,Canterbury Bulldogs,Manly Sea Eagles,1.21,4.39,1.35,3.25,1.25,4.15
2022|Rd 4|Gold Coast Titans|Wests Tigers,Wests Tigers,Gold Coast Titans,1.27,3.75,1.35,3.25,1.28,3.7
2022|Rd 4|Cronulla Sharks|Newcastle Knights,Newcastle Knights,Cronulla Sharks,1.42,2.92,1.45,2.75,1.42,3.0
2022|Rd 4|Penrith Panthers|South Sydney Rabbitohs,South Sydney Rabbitohs,Penrith Panthers,1.42,2.93,1.35,3.25,1.44,2.9
2022|Rd 4|New Zealand Warriors|Brisbane Broncos,Brisbane Broncos,New Zealand Warriors,2.19,1.71,2.5,1.54,2.15,1.75
2022|Rd 4|Manly Sea Eagles|Canberra Raiders,Canberra Raiders,Manly Sea Eagles,1.44,2.86,1.35,3.25,1.47,2.8
2022|Rd 4|NQ Cowboys|Sydney Roosters,NQ Cowboys,Sydney Roosters,2.94,1.42,3.1,1.38,2.75,1.48
2022|Rd 4|Melbourne Storm|Canterbury Bulldogs,Canterbury Bulldogs,Melbourne Storm,1.12,6.26,1.14,5.5,1.15,6.0
2022|Rd 4|Parramatta Eels|St. George Illawarra Dragons,St. George Illawarra Dragons,Parramatta Eels,1.28,3.78,1.35,3.25,1.28,3.7
2022|Rd 5|Newcastle Knights|Manly Sea Eagles,Manly Sea Eagles,Newcastle Knights,1.8,2.07,2.4,1.58,1.75,2.15
2022|Rd 5|New Zealand Warriors|NQ Cowboys,NQ Cowboys,New Zealand Warriors,1.81,2.04,2.15,1.72,1.8,2.05
2022|Rd 5|Brisbane Broncos|Sydney Roosters,Brisbane Broncos,Sydney Roosters,5.24,1.15,2.7,1.47,5.4,1.15
2022|Rd 5|Canberra Raiders|Melbourne Storm,Canberra Raiders,Melbourne Storm,4.67,1.19,3.6,1.3,5.4,1.16
2022|Rd 5|South Sydney Rabbitohs|St. George Illawarra Dragons,St. George Illawarra Dragons,South Sydney Rabbitohs,1.25,4.08,1.36,3.2,1.24,4.25
2022|Rd 5|Gold Coast Titans|Parramatta Eels,Gold Coast Titans,Parramatta Eels,3.02,1.4,2.5,1.54,3.1,1.4
2022|Rd 5|Cronulla Sharks|Wests Tigers,Wests Tigers,Cronulla Sharks,1.08,7.32,1.15,5.5,1.1,7.25
2022|Rd 5|Canterbury Bulldogs|Penrith Panthers,Canterbury Bulldogs,Penrith Panthers,8.09,1.07,5.5,1.15,8.0,1.08
2022|Rd 6|Canberra Raiders|NQ Cowboys,NQ Cowboys,Canberra Raiders,1.55,2.55,1.5,2.6,1.52,2.62
2022|Rd 6|South Sydney Rabbitohs|Canterbury Bulldogs,Canterbury Bulldogs,South Sydney Rabbitohs,1.26,3.85,1.19,4.5,1.28,3.85
2022|Rd 6|Penrith Panthers|Brisbane Broncos,Brisbane Broncos,Penrith Panthers,1.04,11.1,1.08,8.0,1.05,11.0
2022|Rd 6|Manly Sea Eagles|Gold Coast Titans,Gold Coast Titans,Manly Sea Eagles,1.53,2.56,1.58,2.4,1.53,2.55
2022|Rd 6|Melbourne Storm|Cronulla Sharks,Cronulla Sharks,Melbourne Storm,1.4,3.05,1.31,3.5,1.4,3.0
2022|Rd 6|Sydney Roosters|New Zealand Warriors,New Zealand Warriors,Sydney Roosters,1.18,4.78,1.18,4.6,1.2,4.5
2022|Rd 6|St. George Illawarra Dragons|Newcastle Knights,St. George Illawarra Dragons,Newcastle Knights,1.7,2.2,1.65,2.25,1.68,2.25
2022|Rd 6|Parramatta Eels|Wests Tigers,Wests Tigers,Parramatta Eels,1.05,9.38,1.16,5.0,1.06,10.5
2022|Rd 7|Cronulla Sharks|Manly Sea Eagles,Manly Sea Eagles,Cronulla Sharks,1.36,3.24,1.38,3.1,1.38,3.2
2022|Rd 7|Brisbane Broncos|Canterbury Bulldogs,Canterbury Bulldogs,Brisbane Broncos,1.3,3.62,1.6,2.35,1.33,3.5
2022|Rd 7|NQ Cowboys|Gold Coast Titans,Gold Coast Titans,NQ Cowboys,1.83,2.02,1.87,1.95,1.85,2.0
2022|Rd 7|Wests Tigers|South Sydney Rabbitohs,Wests Tigers,South Sydney Rabbitohs,4.14,1.23,4.6,1.2,4.25,1.22
2022|Rd 7|Newcastle Knights|Parramatta Eels,Newcastle Knights,Parramatta Eels,3.02,1.4,3.75,1.28,3.0,1.42
2022|Rd 7|Penrith Panthers|Canberra Raiders,Canberra Raiders,Penrith Panthers,1.07,7.89,1.09,7.0,1.09,8.0
2022|Rd 7|St. George Illawarra Dragons|Sydney Roosters,St. George Illawarra Dragons,Sydney Roosters,4.26,1.23,4.0,1.25,4.25,1.24
2022|Rd 7|Melbourne Storm|New Zealand Warriors,New Zealand Warriors,Melbourne Storm,1.07,7.99,1.09,7.0,1.08,9.0
2022|Rd 8|Brisbane Broncos|Cronulla Sharks,Brisbane Broncos,Cronulla Sharks,3.79,1.27,3.2,1.36,3.7,1.28
2022|Rd 8|Gold Coast Titans|Penrith Panthers,Gold Coast Titans,Penrith Panthers,7.71,1.07,6.25,1.12,8.0,1.07
2022|Rd 8|South Sydney Rabbitohs|Manly Sea Eagles,Manly Sea Eagles,South Sydney Rabbitohs,1.57,2.44,1.75,2.1,1.56,2.5
2022|Rd 8|New Zealand Warriors|Canberra Raiders,Canberra Raiders,New Zealand Warriors,2.14,1.76,1.75,2.1,2.15,1.75
2022|Rd 8|Canterbury Bulldogs|Sydney Roosters,Canterbury Bulldogs,Sydney Roosters,5.1,1.17,5.0,1.17,5.4,1.17
2022|Rd 8|Parramatta Eels|NQ Cowboys,NQ Cowboys,Parramatta Eels,1.31,3.47,1.2,4.5,1.3,3.7
2022|Rd 8|Newcastle Knights|Melbourne Storm,Newcastle Knights,Melbourne Storm,8.88,1.06,6.0,1.13,9.0,1.07
2022|Rd 8|St. George Illawarra Dragons|Wests Tigers,Wests Tigers,St. George Illawarra Dragons,1.6,2.43,1.48,2.65,1.58,2.45
2022|Rd 9|South Sydney Rabbitohs|Brisbane Broncos,Brisbane Broncos,South Sydney Rabbitohs,1.22,4.34,1.38,3.1,1.24,4.25
2022|Rd 9|Canberra Raiders|Canterbury Bulldogs,Canterbury Bulldogs,Canberra Raiders,1.83,2.04,1.44,2.8,1.8,2.05
2022|Rd 9|Penrith Panthers|Parramatta Eels,Parramatta Eels,Penrith Panthers,1.2,4.44,1.27,3.85,1.22,4.5
2022|Rd 9|Manly Sea Eagles|Wests Tigers,Wests Tigers,Manly Sea Eagles,1.16,5.33,1.27,3.85,1.17,5.4
2022|Rd 9|Sydney Roosters|Gold Coast Titans,Gold Coast Titans,Sydney Roosters,1.27,3.82,1.27,3.85,1.27,3.85
2022|Rd 9|NQ Cowboys|Newcastle Knights,Newcastle Knights,NQ Cowboys,1.16,5.31,1.42,2.8,1.18,5.0
2022|Rd 9|Melbourne Storm|St. George Illawarra Dragons,St. George Illawarra Dragons,Melbourne Storm,1.04,9.73,1.09,7.5,1.06,10.0
2022|Rd 9|Cronulla Sharks|New Zealand Warriors,New Zealand Warriors,Cronulla Sharks,1.15,5.41,1.2,4.5,1.19,5.0
2022|Rd 10|Canterbury Bulldogs|Newcastle Knights,Canterbury Bulldogs,Newcastle Knights,1.74,2.16,1.6,2.35,1.75,2.15
2022|Rd 10|Manly Sea Eagles|Brisbane Broncos,Brisbane Broncos,Manly Sea Eagles,1.61,2.38,1.5,2.6,1.58,2.4
2022|Rd 10|New Zealand Warriors|South Sydney Rabbitohs,New Zealand Warriors,South Sydney Rabbitohs,3.34,1.35,3.1,1.38,3.5,1.33
2022|Rd 10|Gold Coast Titans|St. George Illawarra Dragons,St. George Illawarra Dragons,Gold Coast Titans,2.23,1.7,1.67,2.2,2.25,1.68
2022|Rd 10|Melbourne Storm|Penrith Panthers,Penrith Panthers,Melbourne Storm,2.69,1.5,1.91,1.91,2.7,1.47
2022|Rd 10|Cronulla Sharks|Canberra Raiders,Canberra Raiders,Cronulla Sharks,1.21,4.44,1.25,3.9,1.22,4.5
2022|Rd 10|Sydney Roosters|Parramatta Eels,Parramatta Eels,Sydney Roosters,2.23,1.69,2.05,1.77,2.25,1.67
2022|Rd 10|Wests Tigers|NQ Cowboys,Wests Tigers,NQ Cowboys,3.87,1.27,3.0,1.4,3.85,1.28
2022|Rd 11|Newcastle Knights|Brisbane Broncos,Brisbane Broncos,Newcastle Knights,2.05,1.81,1.91,1.91,2.0,1.85
2022|Rd 11|Wests Tigers|Canterbury Bulldogs,Canterbury Bulldogs,Wests Tigers,1.57,2.47,1.72,2.15,1.58,2.45
2022|Rd 11|Parramatta Eels|Manly Sea Eagles,Manly Sea Eagles,Parramatta Eels,1.4,3.02,1.6,2.35,1.44,2.85
2022|Rd 11|St. George Illawarra Dragons|New Zealand Warriors,New Zealand Warriors,St. George Illawarra Dragons,1.55,2.51,1.47,2.7,1.53,2.55
2022|Rd 11|NQ Cowboys|Melbourne Storm,NQ Cowboys,Melbourne Storm,2.28,1.68,2.8,1.44,2.3,1.65
2022|Rd 11|Sydney Roosters|Penrith Panthers,Sydney Roosters,Penrith Panthers,3.81,1.28,4.0,1.24,3.85,1.28
2022|Rd 11|South Sydney Rabbitohs|Canberra Raiders,Canberra Raiders,South Sydney Rabbitohs,1.5,2.66,1.47,2.7,1.5,2.68
2022|Rd 11|Gold Coast Titans|Cronulla Sharks,Gold Coast Titans,Cronulla Sharks,2.84,1.45,3.0,1.4,2.8,1.47
2022|Rd 12|Melbourne Storm|Manly Sea Eagles,Manly Sea Eagles,Melbourne Storm,1.21,4.52,1.36,3.2,1.22,4.5
2022|Rd 12|Penrith Panthers|NQ Cowboys,NQ Cowboys,Penrith Panthers,1.17,5.16,1.2,4.6,1.17,5.4
2022|Rd 12|Brisbane Broncos|Gold Coast Titans,Gold Coast Titans,Brisbane Broncos,1.42,2.93,1.4,3.0,1.44,2.9
2022|Rd 12|New Zealand Warriors|Newcastle Knights,Newcastle Knights,New Zealand Warriors,1.89,1.93,1.72,2.15,1.93,1.93
2022|Rd 12|South Sydney Rabbitohs|Wests Tigers,Wests Tigers,South Sydney Rabbitohs,1.37,3.1,1.27,3.85,1.4,3.1
2022|Rd 12|Cronulla Sharks|Sydney Roosters,Cronulla Sharks,Sydney Roosters,1.81,2.04,1.77,2.05,1.8,2.05
2022|Rd 12|Canterbury Bulldogs|St. George Illawarra Dragons,Canterbury Bulldogs,St. George Illawarra Dragons,2.35,1.61,2.0,1.82,2.35,1.6
2022|Rd 12|Canberra Raiders|Parramatta Eels,Canberra Raiders,Parramatta Eels,2.54,1.53,2.5,1.54,2.55,1.54
2022|Rd 13|Gold Coast Titans|NQ Cowboys,Gold Coast Titans,NQ Cowboys,2.71,1.47,2.7,1.47,2.68,1.5
2022|Rd 13|Penrith Panthers|Canterbury Bulldogs,Canterbury Bulldogs,Penrith Panthers,1.26,3.88,1.3,3.6,1.28,3.85
2022|Rd 13|Manly Sea Eagles|New Zealand Warriors,New Zealand Warriors,Manly Sea Eagles,1.44,2.86,1.7,2.15,1.45,2.85
2022|Rd 13|Canberra Raiders|Sydney Roosters,Canberra Raiders,Sydney Roosters,2.54,1.54,2.15,1.7,2.55,1.54
2022|Rd 14|NQ Cowboys|St. George Illawarra Dragons,St. George Illawarra Dragons,NQ Cowboys,1.21,4.41,1.25,4.0,1.22,4.5
2022|Rd 14|Gold Coast Titans|South Sydney Rabbitohs,Gold Coast Titans,South Sydney Rabbitohs,3.49,1.32,2.7,1.47,3.85,1.27
2022|Rd 14|Sydney Roosters|Melbourne Storm,Sydney Roosters,Melbourne Storm,2.5,1.55,2.9,1.42,2.5,1.56
2022|Rd 14|Brisbane Broncos|Canberra Raiders,Canberra Raiders,Brisbane Broncos,1.54,2.54,1.47,2.7,1.55,2.5
2022|Rd 14|Wests Tigers|Manly Sea Eagles,Wests Tigers,Manly Sea Eagles,2.47,1.57,2.35,1.6,2.5,1.56
2022|Rd 14|Newcastle Knights|Penrith Panthers,Newcastle Knights,Penrith Panthers,6.04,1.12,4.2,1.22,6.0,1.14
2022|Rd 14|New Zealand Warriors|Cronulla Sharks,New Zealand Warriors,Cronulla Sharks,4.96,1.17,3.6,1.3,5.2,1.18
2022|Rd 14|Canterbury Bulldogs|Parramatta Eels,Canterbury Bulldogs,Parramatta Eels,6.15,1.12,5.5,1.15,6.5,1.13
2022|Rd 15|St. George Illawarra Dragons|South Sydney Rabbitohs,St. George Illawarra Dragons,South Sydney Rabbitohs,3.11,1.39,2.45,1.56,3.2,1.38
2022|Rd 15|Manly Sea Eagles|NQ Cowboys,NQ Cowboys,Manly Sea Eagles,2.45,1.58,2.15,1.72,2.4,1.6
2022|Rd 15|Melbourne Storm|Brisbane Broncos,Brisbane Broncos,Melbourne Storm,1.13,5.86,1.2,4.6,1.14,6.0
2022|Rd 15|Cronulla Sharks|Gold Coast Titans,Gold Coast Titans,Cronulla Sharks,1.16,5.37,1.2,4.6,1.15,6.0
2022|Rd 15|New Zealand Warriors|Penrith Panthers,New Zealand Warriors,Penrith Panthers,13.1,1.02,10.0,1.05,15.0,1.02
2022|Rd 15|Parramatta Eels|Sydney Roosters,Sydney Roosters,Parramatta Eels,1.66,2.29,1.56,2.45,1.65,2.3
2022|Rd 15|Canberra Raiders|Newcastle Knights,Newcastle Knights,Canberra Raiders,1.33,3.39,1.3,3.6,1.33,3.5
2022|Rd 15|Canterbury Bulldogs|Wests Tigers,Wests Tigers,Canterbury Bulldogs,1.73,2.15,1.87,1.95,1.72,2.18
2022|Rd 16|Manly Sea Eagles|Melbourne Storm,Manly Sea Eagles,Melbourne Storm,3.2,1.37,3.35,1.33,3.1,1.4
2022|Rd 16|Newcastle Knights|Gold Coast Titans,Gold Coast Titans,Newcastle Knights,1.83,2.01,1.65,2.25,1.85,2.0
2022|Rd 16|Penrith Panthers|Sydney Roosters,Sydney Roosters,Penrith Panthers,1.12,6.13,1.2,4.5,1.13,6.5
2022|Rd 16|Canterbury Bulldogs|Cronulla Sharks,Canterbury Bulldogs,Cronulla Sharks,3.16,1.37,2.8,1.44,3.25,1.36
2022|Rd 16|NQ Cowboys|Brisbane Broncos,Brisbane Broncos,NQ Cowboys,1.5,2.66,1.48,2.65,1.5,2.68
2022|Rd 16|South Sydney Rabbitohs|Parramatta Eels,Parramatta Eels,South Sydney Rabbitohs,2.24,1.7,2.75,1.45,2.18,1.72
2022|Rd 16|New Zealand Warriors|Wests Tigers,Wests Tigers,New Zealand Warriors,1.65,2.29,1.5,2.6,1.65,2.3
2022|Rd 16|St. George Illawarra Dragons|Canberra Raiders,St. George Illawarra Dragons,Canberra Raiders,2.17,1.73,1.82,2.0,2.18,1.72
2022|Rd 17|Cronulla Sharks|Melbourne Storm,Cronulla Sharks,Melbourne Storm,2.98,1.42,2.8,1.44,2.8,1.44
2022|Rd 17|Newcastle Knights|South Sydney Rabbitohs,Newcastle Knights,South Sydney Rabbitohs,2.64,1.5,2.6,1.5,2.68,1.5
2022|Rd 17|Wests Tigers|Parramatta Eels,Wests Tigers,Parramatta Eels,4.81,1.18,4.25,1.22,4.5,1.2
2022|Rd 17|Brisbane Broncos|St. George Illawarra Dragons,St. George Illawarra Dragons,Brisbane Broncos,1.81,2.04,1.6,2.35,1.83,2.0
2022|Rd 18|NQ Cowboys|Cronulla Sharks,Cronulla Sharks,NQ Cowboys,2.01,1.85,1.48,2.65,2.02,1.83
2022|Rd 18|Parramatta Eels|New Zealand Warriors,New Zealand Warriors,Parramatta Eels,1.12,6.28,1.18,5.0,1.12,6.75
2022|Rd 18|Sydney Roosters|St. George Illawarra Dragons,St. George Illawarra Dragons,Sydney Roosters,1.32,3.48,1.44,2.8,1.31,3.5
2022|Rd 18|Manly Sea Eagles|Newcastle Knights,Newcastle Knights,Manly Sea Eagles,1.3,3.58,1.33,3.35,1.27,3.85
2022|Rd 18|Gold Coast Titans|Brisbane Broncos,Gold Coast Titans,Brisbane Broncos,2.64,1.51,2.7,1.47,2.55,1.52
2022|Rd 18|Wests Tigers|Penrith Panthers,Wests Tigers,Penrith Panthers,3.09,1.39,7.0,1.1,3.1,1.4
2022|Rd 18|Melbourne Storm|Canberra Raiders,Canberra Raiders,Melbourne Storm,1.18,4.98,1.18,5.0,1.19,5.0
2022|Rd 18|Canterbury Bulldogs|South Sydney Rabbitohs,Canterbury Bulldogs,South Sydney Rabbitohs,2.99,1.41,4.0,1.25,3.1,1.4
2022|Rd 19|Parramatta Eels|Brisbane Broncos,Brisbane Broncos,Parramatta Eels,1.58,2.44,1.5,2.6,1.58,2.45
2022|Rd 19|St. George Illawarra Dragons|Manly Sea Eagles,St. George Illawarra Dragons,Manly Sea Eagles,2.32,1.64,1.91,1.91,2.35,1.6
2022|Rd 19|Newcastle Knights|Sydney Roosters,Newcastle Knights,Sydney Roosters,3.52,1.31,3.2,1.36,3.6,1.3
2022|Rd 19|Canberra Raiders|New Zealand Warriors,New Zealand Warriors,Canberra Raiders,1.21,4.61,1.28,3.75,1.19,4.8
2022|Rd 19|Penrith Panthers|Cronulla Sharks,Cronulla Sharks,Penrith Panthers,1.2,4.72,1.15,5.0,1.18,5.0
2022|Rd 19|South Sydney Rabbitohs|Melbourne Storm,South Sydney Rabbitohs,Melbourne Storm,1.94,1.9,2.7,1.47,1.91,1.91
2022|Rd 19|Canterbury Bulldogs|Gold Coast Titans,Gold Coast Titans,Canterbury Bulldogs,1.59,2.43,1.45,2.75,1.6,2.4
2022|Rd 19|NQ Cowboys|Wests Tigers,Wests Tigers,NQ Cowboys,1.06,8.78,1.11,6.5,1.08,8.0
2022|Rd 20|Manly Sea Eagles|Sydney Roosters,Manly Sea Eagles,Sydney Roosters,6.88,1.1,1.65,2.25,7.25,1.1
2022|Rd 20|New Zealand Warriors|Melbourne Storm,New Zealand Warriors,Melbourne Storm,4.35,1.22,4.0,1.25,4.5,1.22
2022|Rd 20|Parramatta Eels|Penrith Panthers,Parramatta Eels,Penrith Panthers,3.3,1.34,4.0,1.25,3.5,1.33
2022|Rd 20|Gold Coast Titans|Canberra Raiders,Gold Coast Titans,Canberra Raiders,2.97,1.42,2.25,1.65,3.1,1.4
2022|Rd 20|Cronulla Sharks|South Sydney Rabbitohs,South Sydney Rabbitohs,Cronulla Sharks,1.8,2.07,1.75,2.1,1.85,2.0
2022|Rd 20|Brisbane Broncos|Wests Tigers,Wests Tigers,Brisbane Broncos,1.11,6.66,1.18,4.6,1.11,7.25
2022|Rd 20|Newcastle Knights|Canterbury Bulldogs,Canterbury Bulldogs,Newcastle Knights,2.78,1.46,1.65,2.25,2.75,1.47
2022|Rd 20|St. George Illawarra Dragons|NQ Cowboys,St. George Illawarra Dragons,NQ Cowboys,3.01,1.4,2.65,1.48,3.1,1.4
2022|Rd 21|Sydney Roosters|Brisbane Broncos,Brisbane Broncos,Sydney Roosters,1.54,2.52,1.58,2.4,1.58,2.45
2022|Rd 21|Melbourne Storm|Gold Coast Titans,Gold Coast Titans,Melbourne Storm,1.1,6.89,1.14,5.5,1.11,6.75
2022|Rd 21|Manly Sea Eagles|Parramatta Eels,Parramatta Eels,Manly Sea Eagles,1.79,2.09,2.15,1.72,1.77,2.1
2022|Rd 21|South Sydney Rabbitohs|New Zealand Warriors,New Zealand Warriors,South Sydney Rabbitohs,1.08,7.85,1.15,5.0,1.08,8.0
2022|Rd 21|Canberra Raiders|Penrith Panthers,Canberra Raiders,Penrith Panthers,2.15,1.73,3.5,1.31,2.1,1.77
2022|Rd 21|Cronulla Sharks|St. George Illawarra Dragons,St. George Illawarra Dragons,Cronulla Sharks,1.27,3.83,1.36,3.2,1.28,3.5
2022|Rd 21|Canterbury Bulldogs|NQ Cowboys,Canterbury Bulldogs,NQ Cowboys,3.97,1.25,2.75,1.45,4.0,1.25
2022|Rd 21|Wests Tigers|Newcastle Knights,Newcastle Knights,Wests Tigers,1.44,2.85,1.65,2.25,1.47,2.8
2022|Rd 22|Penrith Panthers|Melbourne Storm,Melbourne Storm,Penrith Panthers,1.67,2.27,1.6,2.35,1.72,2.18
2022|Rd 22|New Zealand Warriors|Canterbury Bulldogs,Canterbury Bulldogs,New Zealand Warriors,2.42,1.59,1.91,1.91,2.45,1.56
2022|Rd 22|Parramatta Eels|South Sydney Rabbitohs,South Sydney Rabbitohs,Parramatta Eels,2.17,1.72,2.45,1.54,2.18,1.72
2022|Rd 22|Sydney Roosters|NQ Cowboys,NQ Cowboys,Sydney Roosters,1.63,2.35,1.91,1.91,1.6,2.4
2022|Rd 22|Wests Tigers|Cronulla Sharks,Wests Tigers,Cronulla Sharks,4.6,1.2,3.5,1.3,5.0,1.18
2022|Rd 22|Brisbane Broncos|Newcastle Knights,Newcastle Knights,Brisbane Broncos,1.09,7.09,1.14,5.5,1.11,7.25
2022|Rd 22|Canberra Raiders|St. George Illawarra Dragons,St. George Illawarra Dragons,Canberra Raiders,1.47,2.72,1.44,2.8,1.48,2.75
2022|Rd 22|Gold Coast Titans|Manly Sea Eagles,Gold Coast Titans,Manly Sea Eagles,3.31,1.34,2.75,1.45,3.5,1.33
2022|Rd 23|South Sydney Rabbitohs|Penrith Panthers,South Sydney Rabbitohs,Penrith Panthers,1.54,2.56,2.15,1.72,1.56,2.5
2022|Rd 23|NQ Cowboys|New Zealand Warriors,New Zealand Warriors,NQ Cowboys,1.06,8.97,1.08,8.0,1.08,8.0
2022|Rd 23|Brisbane Broncos|Melbourne Storm,Brisbane Broncos,Melbourne Storm,3.19,1.37,2.15,1.72,3.1,1.4
2022|Rd 23|Parramatta Eels|Canterbury Bulldogs,Canterbury Bulldogs,Parramatta Eels,1.3,3.62,1.42,2.9,1.3,3.7
2022|Rd 23|Manly Sea Eagles|Cronulla Sharks,Manly Sea Eagles,Cronulla Sharks,5.13,1.17,2.1,1.75,4.5,1.2
2022|Rd 23|Sydney Roosters|Wests Tigers,Wests Tigers,Sydney Roosters,1.05,9.22,1.1,7.0,1.05,10.0
2022|Rd 23|St. George Illawarra Dragons|Gold Coast Titans,Gold Coast Titans,St. George Illawarra Dragons,1.54,2.54,1.42,2.9,1.54,2.55
2022|Rd 23|Newcastle Knights|Canberra Raiders,Newcastle Knights,Canberra Raiders,4.97,1.18,2.5,1.54,4.5,1.22
2022|Rd 24|Brisbane Broncos|Parramatta Eels,Brisbane Broncos,Parramatta Eels,2.57,1.53,1.78,2.05,2.6,1.52
2022|Rd 24|Penrith Panthers|New Zealand Warriors,New Zealand Warriors,Penrith Panthers,1.01,14.6,1.15,5.5,1.01,19.0
2022|Rd 24|Melbourne Storm|Sydney Roosters,Sydney Roosters,Melbourne Storm,1.63,2.34,1.5,2.6,1.6,2.35
2022|Rd 24|Canberra Raiders|Manly Sea Eagles,Manly Sea Eagles,Canberra Raiders,1.19,4.66,1.47,2.7,1.18,4.6
2022|Rd 24|Cronulla Sharks|Canterbury Bulldogs,Canterbury Bulldogs,Cronulla Sharks,1.05,9.14,1.36,3.2,1.05,10.0
2022|Rd 24|South Sydney Rabbitohs|NQ Cowboys,NQ Cowboys,South Sydney Rabbitohs,1.59,2.41,1.56,2.45,1.62,2.3
2022|Rd 24|Wests Tigers|St. George Illawarra Dragons,Wests Tigers,St. George Illawarra Dragons,3.32,1.33,2.3,1.62,3.3,1.35
2022|Rd 24|Gold Coast Titans|Newcastle Knights,Newcastle Knights,Gold Coast Titans,1.44,2.79,1.52,2.55,1.42,2.9
2022|Rd 25|Parramatta Eels|Melbourne Storm,Parramatta Eels,Melbourne Storm,1.68,2.24,2.35,1.6,1.68,2.25
2022|Rd 25|Canterbury Bulldogs|Manly Sea Eagles,Canterbury Bulldogs,Manly Sea Eagles,1.43,2.82,1.42,2.9,1.45,2.8
2022|Rd 25|Sydney Roosters|South Sydney Rabbitohs,South Sydney Rabbitohs,Sydney Roosters,1.71,2.19,1.68,2.2,1.72,2.18
2022|Rd 25|New Zealand Warriors|Gold Coast Titans,Gold Coast Titans,New Zealand Warriors,1.65,2.27,1.62,2.3,1.7,2.18
2022|Rd 25|St. George Illawarra Dragons|Brisbane Broncos,Brisbane Broncos,St. George Illawarra Dragons,2.38,1.6,2.18,1.7,2.45,1.58
2022|Rd 25|NQ Cowboys|Penrith Panthers,NQ Cowboys,Penrith Panthers,1.1,6.77,1.62,2.3,1.14,6.0
2022|Rd 25|Newcastle Knights|Cronulla Sharks,Newcastle Knights,Cronulla Sharks,6.73,1.1,4.0,1.25,6.5,1.11
2022|Rd 25|Wests Tigers|Canberra Raiders,Wests Tigers,Canberra Raiders,2.79,1.45,3.4,1.31,2.75,1.47
2022|Grand Final|Penrith Panthers|Parramatta Eels,,,,,,,,
2022|Prelim Final|NQ Cowboys|Parramatta Eels,,,,,,,,
2022|Qualif Final|Penrith Panthers|Parramatta Eels,,,,,,,,
2022|Semi Final|Parramatta Eels|Canberra Raiders,,,,,,,,
2022|Prelim Final|Penrith Panthers|South Sydney Rabbitohs,,,,,,,,
2022|Qualif Final|Cronulla Sharks|NQ Cowboys,,,,,,,,
2022|Semi Final|Cronulla Sharks|South Sydney Rabbitohs,,,,,,,,
2022|Qualif Final|Melbourne Storm|Canberra Raiders,,,,,,,,
2022|Qualif Final|Sydney Roosters|South Sydney Rabbitohs,,,,,,,,
2023|Rd 1|Parramatta Eels|Melbourne Storm,Parramatta Eels,Melbourne Storm,2.06,1.82,2.5,1.54,2.1,1.77
2023|Rd 1|New Zealand Warriors|Newcastle Knights,Newcastle Knights,New Zealand Warriors,1.65,2.29,1.56,2.45,1.75,2.15
2023|Rd 1|Penrith Panthers|Brisbane Broncos,Brisbane Broncos,Penrith Panthers,1.21,4.47,1.22,4.35,1.22,4.5
2023|Rd 1|Manly Sea Eagles|Canterbury Bulldogs,Canterbury Bulldogs,Manly Sea Eagles,1.48,2.72,1.8,2.02,1.47,2.75
2023|Rd 1|NQ Cowboys|Canberra Raiders,Canberra Raiders,NQ Cowboys,1.29,3.69,1.44,2.8,1.28,3.85
2023|Rd 1|Cronulla Sharks|South Sydney Rabbitohs,South Sydney Rabbitohs,Cronulla Sharks,2.79,1.47,2.05,1.78,2.75,1.48
2023|Rd 1|Dolphins|Sydney Roosters,Dolphins,Sydney Roosters,7.15,1.09,7.0,1.1,7.5,1.1
2023|Rd 1|Wests Tigers|Gold Coast Titans,Gold Coast Titans,Wests Tigers,1.53,2.58,2.05,1.78,1.54,2.55
2023|Rd 2|Penrith Panthers|South Sydney Rabbitohs,South Sydney Rabbitohs,Penrith Panthers,1.53,2.65,1.44,2.8,1.52,2.62
2023|Rd 2|Parramatta Eels|Cronulla Sharks,Cronulla Sharks,Parramatta Eels,1.47,2.79,1.62,2.3,1.47,2.8
2023|Rd 2|Brisbane Broncos|NQ Cowboys,Brisbane Broncos,NQ Cowboys,1.79,2.13,2.1,1.75,1.77,2.1
2023|Rd 2|Sydney Roosters|New Zealand Warriors,New Zealand Warriors,Sydney Roosters,1.22,4.41,1.18,4.75,1.24,4.25
2023|Rd 2|Dolphins|Canberra Raiders,Canberra Raiders,Dolphins,2.36,1.64,4.0,1.24,2.3,1.65
2023|Rd 2|Melbourne Storm|Canterbury Bulldogs,Canterbury Bulldogs,Melbourne Storm,1.38,3.18,1.35,3.25,1.38,3.2
2023|Rd 2|Wests Tigers|Newcastle Knights,Newcastle Knights,Wests Tigers,1.67,2.31,1.56,2.45,1.58,2.45
2023|Rd 2|St. George Illawarra Dragons|Gold Coast Titans,Gold Coast Titans,St. George Illawarra Dragons,2.09,1.8,1.62,2.3,2.1,1.77
2023|Rd 3|Manly Sea Eagles|Parramatta Eels,Parramatta Eels,Manly Sea Eagles,1.62,2.35,1.82,2.0,1.65,2.3
2023|Rd 3|Newcastle Knights|Dolphins,Newcastle Knights,Dolphins,2.57,1.53,1.4,3.0,2.55,1.53
2023|Rd 3|Sydney Roosters|South Sydney Rabbitohs,South Sydney Rabbitohs,Sydney Roosters,2.18,1.71,1.75,2.1,2.18,1.7
2023|Rd 3|Gold Coast Titans|Melbourne Storm,Gold Coast Titans,Melbourne Storm,2.75,1.47,2.75,1.45,2.8,1.47
2023|Rd 3|NQ Cowboys|New Zealand Warriors,New Zealand Warriors,NQ Cowboys,1.28,3.7,1.27,3.75,1.3,3.7
2023|Rd 3|Brisbane Broncos|St. George Illawarra Dragons,St. George Illawarra Dragons,Brisbane Broncos,1.25,4.01,1.31,3.5,1.27,4.0
2023|Rd 3|Canterbury Bulldogs|Wests Tigers,Wests Tigers,Canterbury Bulldogs,1.28,3.8,1.62,2.3,1.35,3.35
2023|Rd 3|Canberra Raiders|Cronulla Sharks,Canberra Raiders,Cronulla Sharks,2.29,1.65,1.95,1.87,2.18,1.72
2023|Rd 4|Parramatta Eels|Penrith Panthers,Parramatta Eels,Penrith Panthers,3.12,1.4,3.35,1.33,3.0,1.42
2023|Rd 4|Melbourne Storm|Wests Tigers,Wests Tigers,Melbourne Storm,1.26,3.93,1.33,3.35,1.28,3.85
2023|Rd 4|Dolphins|Brisbane Broncos,Brisbane Broncos,Dolphins,4.0,1.25,4.2,1.23,3.85,1.27
2023|Rd 4|NQ Cowboys|Gold Coast Titans,Gold Coast Titans,NQ Cowboys,1.44,2.86,1.31,3.5,1.5,2.62
2023|Rd 4|South Sydney Rabbitohs|Manly Sea Eagles,Manly Sea Eagles,South Sydney Rabbitohs,1.6,2.4,1.45,2.75,1.63,2.35
2023|Rd 4|New Zealand Warriors|Canterbury Bulldogs,Canterbury Bulldogs,New Zealand Warriors,1.8,2.07,1.91,1.91,1.77,2.1
2023|Rd 4|Newcastle Knights|Canberra Raiders,Newcastle Knights,Canberra Raiders,2.57,1.54,2.45,1.56,2.55,1.54
2023|Rd 4|St. George Illawarra Dragons|Cronulla Sharks,St. George Illawarra Dragons,Cronulla Sharks,2.92,1.43,2.45,1.56,2.85,1.45
2023|Rd 5|Sydney Roosters|Parramatta Eels,Parramatta Eels,Sydney Roosters,1.5,2.64,1.47,2.7,1.54,2.55
2023|Rd 5|Canberra Raiders|Penrith Panthers,Canberra Raiders,Penrith Panthers,4.29,1.22,3.25,1.35,4.25,1.24
2023|Rd 5|South Sydney Rabbitohs|Melbourne Storm,Melbourne Storm,South Sydney Rabbitohs,1.5,2.66,1.47,2.7,1.53,2.55
2023|Rd 5|Manly Sea Eagles|Newcastle Knights,Newcastle Knights,Manly Sea Eagles,1.19,4.68,1.18,5.0,1.19,5.0
2023|Rd 5|St. George Illawarra Dragons|Dolphins,St. George Illawarra Dragons,Dolphins,1.73,2.17,1.65,2.25,1.72,2.18
2023|Rd 5|Brisbane Broncos|Wests Tigers,Wests Tigers,Brisbane Broncos,1.1,7.04,1.13,6.0,1.15,6.0
2023|Rd 5|Cronulla Sharks|New Zealand Warriors,New Zealand Warriors,Cronulla Sharks,1.21,4.46,1.36,3.2,1.22,4.5
2023|Rd 5|Canterbury Bulldogs|NQ Cowboys,Canterbury Bulldogs,NQ Cowboys,1.92,1.93,2.0,1.82,1.91,1.9
2023|Rd 6|Melbourne Storm|Sydney Roosters,Sydney Roosters,Melbourne Storm,1.7,2.21,2.2,1.68,1.7,2.18
2023|Rd 6|Canterbury Bulldogs|South Sydney Rabbitohs,Canterbury Bulldogs,South Sydney Rabbitohs,4.0,1.25,2.7,1.47,4.5,1.22
2023|Rd 6|NQ Cowboys|Dolphins,Dolphins,NQ Cowboys,1.24,4.15,1.4,3.0,1.22,4.5
2023|Rd 6|Penrith Panthers|Manly Sea Eagles,Manly Sea Eagles,Penrith Panthers,1.29,3.62,1.44,2.8,1.3,3.7
2023|Rd 6|Brisbane Broncos|Canberra Raiders,Canberra Raiders,Brisbane Broncos,1.13,5.75,1.25,4.0,1.14,6.0
2023|Rd 6|Gold Coast Titans|St. George Illawarra Dragons,St. George Illawarra Dragons,Gold Coast Titans,1.95,1.88,1.56,2.45,2.0,1.85
2023|Rd 6|Newcastle Knights|New Zealand Warriors,New Zealand Warriors,Newcastle Knights,1.95,1.89,1.82,2.0,1.95,1.9
2023|Rd 6|Wests Tigers|Parramatta Eels,Wests Tigers,Parramatta Eels,4.24,1.22,3.85,1.27,4.25,1.22
2023|Rd 7|Dolphins|South Sydney Rabbitohs,Dolphins,South Sydney Rabbitohs,3.8,1.27,3.0,1.4,3.7,1.3
2023|Rd 7|Cronulla Sharks|Sydney Roosters,Sydney Roosters,Cronulla Sharks,2.29,1.65,2.15,1.72,2.25,1.68
2023|Rd 7|Manly Sea Eagles|Melbourne Storm,Manly Sea Eagles,Melbourne Storm,2.68,1.49,1.82,2.0,2.62,1.52
2023|Rd 7|New Zealand Warriors|NQ Cowboys,NQ Cowboys,New Zealand Warriors,1.97,1.89,2.0,1.82,1.93,1.93
2023|Rd 7|Newcastle Knights|Penrith Panthers,Newcastle Knights,Penrith Panthers,5.86,1.13,5.0,1.18,6.0,1.14
2023|Rd 7|Gold Coast Titans|Brisbane Broncos,Gold Coast Titans,Brisbane Broncos,3.46,1.32,3.75,1.28,3.5,1.33
2023|Rd 7|Canberra Raiders|St. George Illawarra Dragons,St. George Illawarra Dragons,Canberra Raiders,1.42,2.92,1.52,2.55,1.44,2.9
2023|Rd 7|Parramatta Eels|Canterbury Bulldogs,Canterbury Bulldogs,Parramatta Eels,1.29,3.61,1.56,2.45,1.3,3.7
2023|Rd 8|South Sydney Rabbitohs|Penrith Panthers,South Sydney Rabbitohs,Penrith Panthers,2.54,1.54,2.75,1.45,2.55,1.54
2023|Rd 8|Parramatta Eels|Brisbane Broncos,Brisbane Broncos,Parramatta Eels,2.24,1.67,1.72,2.15,2.3,1.65
2023|Rd 8|Canterbury Bulldogs|Cronulla Sharks,Canterbury Bulldogs,Cronulla Sharks,6.02,1.13,3.0,1.4,5.6,1.16
2023|Rd 8|NQ Cowboys|Newcastle Knights,Newcastle Knights,NQ Cowboys,1.63,2.31,1.45,2.75,1.65,2.3
2023|Rd 8|Dolphins|Gold Coast Titans,Gold Coast Titans,Dolphins,1.77,2.09,1.68,2.2,1.8,2.05
2023|Rd 8|Wests Tigers|Manly Sea Eagles,Wests Tigers,Manly Sea Eagles,3.94,1.26,2.75,1.45,4.0,1.27
2023|Rd 8|Sydney Roosters|St. George Illawarra Dragons,St. George Illawarra Dragons,Sydney Roosters,1.17,5.07,1.25,4.0,1.18,5.2
2023|Rd 8|Melbourne Storm|New Zealand Warriors,New Zealand Warriors,Melbourne Storm,1.24,4.07,1.25,4.0,1.27,4.0
2023|Rd 9|Cronulla Sharks|NQ Cowboys,NQ Cowboys,Cronulla Sharks,1.23,4.16,1.25,4.0,1.27,4.0
2023|Rd 9|Parramatta Eels|Newcastle Knights,Newcastle Knights,Parramatta Eels,1.46,2.75,1.33,3.35,1.5,2.68
2023|Rd 9|Brisbane Broncos|South Sydney Rabbitohs,Brisbane Broncos,South Sydney Rabbitohs,2.44,1.58,1.68,2.2,2.45,1.58
2023|Rd 9|Canberra Raiders|Dolphins,Dolphins,Canberra Raiders,1.59,2.4,1.45,2.75,1.6,2.4
2023|Rd 9|Manly Sea Eagles|Gold Coast Titans,Gold Coast Titans,Manly Sea Eagles,1.55,2.49,1.36,3.2,1.56,2.5
2023|Rd 9|Penrith Panthers|Wests Tigers,Wests Tigers,Penrith Panthers,1.08,7.72,1.1,7.0,1.09,8.0
2023|Rd 9|New Zealand Warriors|Sydney Roosters,New Zealand Warriors,Sydney Roosters,3.03,1.4,2.35,1.6,2.85,1.45
2023|Rd 9|St. George Illawarra Dragons|Canterbury Bulldogs,Canterbury Bulldogs,St. George Illawarra Dragons,1.5,2.62,1.68,2.2,1.47,2.8
2023|Rd 10|Canterbury Bulldogs|Canberra Raiders,Canterbury Bulldogs,Canberra Raiders,2.72,1.48,2.4,1.58,2.8,1.47
2023|Rd 10|Manly Sea Eagles|Brisbane Broncos,Brisbane Broncos,Manly Sea Eagles,3.87,1.27,2.8,1.44,3.7,1.28
2023|Rd 10|New Zealand Warriors|Penrith Panthers,New Zealand Warriors,Penrith Panthers,4.59,1.22,4.0,1.25,4.25,1.24
2023|Rd 10|Cronulla Sharks|Dolphins,Dolphins,Cronulla Sharks,1.27,3.76,1.5,2.6,1.27,4.0
2023|Rd 10|Melbourne Storm|South Sydney Rabbitohs,South Sydney Rabbitohs,Melbourne Storm,2.02,1.83,1.91,1.91,2.0,1.85
2023|Rd 10|Wests Tigers|St. George Illawarra Dragons,Wests Tigers,St. George Illawarra Dragons,2.01,1.84,2.6,1.5,2.1,1.77
2023|Rd 10|Sydney Roosters|NQ Cowboys,NQ Cowboys,Sydney Roosters,1.18,4.95,1.4,3.0,1.24,4.25
2023|Rd 10|Gold Coast Titans|Parramatta Eels,Gold Coast Titans,Parramatta Eels,3.11,1.38,2.75,1.45,2.9,1.44
2023|Rd 11|Melbourne Storm|Brisbane Broncos,Brisbane Broncos,Melbourne Storm,1.69,2.23,1.72,2.15,1.68,2.25
2023|Rd 11|Canterbury Bulldogs|New Zealand Warriors,Canterbury Bulldogs,New Zealand Warriors,2.2,1.7,2.15,1.72,2.18,1.72
2023|Rd 11|Penrith Panthers|Sydney Roosters,Sydney Roosters,Penrith Panthers,1.46,2.78,1.54,2.5,1.47,2.75
2023|Rd 11|South Sydney Rabbitohs|Wests Tigers,Wests Tigers,South Sydney Rabbitohs,1.14,5.78,1.15,5.5,1.14,6.25
2023|Rd 11|NQ Cowboys|St. George Illawarra Dragons,St. George Illawarra Dragons,NQ Cowboys,1.4,3.09,1.62,2.3,1.44,2.9
2023|Rd 11|Canberra Raiders|Parramatta Eels,Parramatta Eels,Canberra Raiders,1.64,2.35,2.4,1.58,1.68,2.25
2023|Rd 11|Newcastle Knights|Gold Coast Titans,Gold Coast Titans,Newcastle Knights,1.78,2.09,1.82,2.0,1.77,2.1
2023|Rd 11|Manly Sea Eagles|Cronulla Sharks,Manly Sea Eagles,Cronulla Sharks,2.64,1.51,2.35,1.6,2.6,1.52
2023|Rd 12|Brisbane Broncos|Penrith Panthers,Brisbane Broncos,Penrith Panthers,3.2,1.36,1.91,1.91,3.35,1.35
2023|Rd 12|St. George Illawarra Dragons|Sydney Roosters,St. George Illawarra Dragons,Sydney Roosters,2.86,1.44,3.0,1.4,2.75,1.47
2023|Rd 12|South Sydney Rabbitohs|Parramatta Eels,Parramatta Eels,South Sydney Rabbitohs,1.33,3.39,1.4,3.0,1.33,3.5
2023|Rd 12|Cronulla Sharks|Newcastle Knights,Newcastle Knights,Cronulla Sharks,1.38,3.12,1.27,3.85,1.36,3.25
2023|Rd 12|Wests Tigers|NQ Cowboys,Wests Tigers,NQ Cowboys,2.2,1.69,2.35,1.6,2.18,1.72
2023|Rd 12|Dolphins|Melbourne Storm,Dolphins,Melbourne Storm,2.9,1.43,2.6,1.5,2.8,1.47
2023|Rd 12|Canterbury Bulldogs|Gold Coast Titans,Gold Coast Titans,Canterbury Bulldogs,2.05,1.81,1.87,1.95,2.0,1.85
2023|Rd 12|Canberra Raiders|Manly Sea Eagles,Manly Sea Eagles,Canberra Raiders,1.59,2.43,1.62,2.3,1.58,2.45
2023|Rd 13|Dolphins|St. George Illawarra Dragons,St. George Illawarra Dragons,Dolphins,1.46,2.82,1.65,2.25,1.47,2.75
2023|Rd 13|Parramatta Eels|NQ Cowboys,NQ Cowboys,Parramatta Eels,1.17,5.19,1.27,3.85,1.18,5.0
2023|Rd 13|New Zealand Warriors|Brisbane Broncos,New Zealand Warriors,Brisbane Broncos,1.43,2.92,1.47,2.7,1.42,3.0
2023|Rd 13|South Sydney Rabbitohs|Canberra Raiders,Canberra Raiders,South Sydney Rabbitohs,1.68,2.24,1.95,1.87,1.65,2.3
2023|Rd 13|Newcastle Knights|Manly Sea Eagles,Newcastle Knights,Manly Sea Eagles,1.31,3.48,1.48,2.65,1.32,3.5
2023|Rd 14|Wests Tigers|Canberra Raiders,Wests Tigers,Canberra Raiders,2.02,1.82,2.2,1.68,2.05,1.8
2023|Rd 14|New Zealand Warriors|Dolphins,New Zealand Warriors,Dolphins,1.4,3.0,1.45,2.75,1.42,3.0
2023|Rd 14|Gold Coast Titans|South Sydney Rabbitohs,Gold Coast Titans,South Sydney Rabbitohs,3.32,1.34,2.75,1.45,3.4,1.33
2023|Rd 14|Cronulla Sharks|Brisbane Broncos,Brisbane Broncos,Cronulla Sharks,1.57,2.47,1.52,2.55,1.58,2.45
2023|Rd 14|Sydney Roosters|Canterbury Bulldogs,Canterbury Bulldogs,Sydney Roosters,1.29,3.69,1.38,3.1,1.3,3.7
2023|Rd 14|NQ Cowboys|Melbourne Storm,NQ Cowboys,Melbourne Storm,2.98,1.41,2.55,1.52,3.0,1.42
2023|Rd 14|Penrith Panthers|St. George Illawarra Dragons,St. George Illawarra Dragons,Penrith Panthers,1.09,7.32,1.19,4.6,1.11,6.75
2023|Rd 15|Gold Coast Titans|Wests Tigers,Wests Tigers,Gold Coast Titans,1.85,2.01,1.52,2.55,1.85,2.0
2023|Rd 15|Canberra Raiders|New Zealand Warriors,New Zealand Warriors,Canberra Raiders,1.51,2.61,1.52,2.55,1.5,2.68
2023|Rd 15|Manly Sea Eagles|Dolphins,Dolphins,Manly Sea Eagles,1.37,3.12,1.52,2.55,1.4,3.1
2023|Rd 15|St. George Illawarra Dragons|South Sydney Rabbitohs,St. George Illawarra Dragons,South Sydney Rabbitohs,2.3,1.64,3.2,1.36,2.25,1.68
2023|Rd 15|Brisbane Broncos|Newcastle Knights,Newcastle Knights,Brisbane Broncos,1.19,4.66,1.25,4.0,1.19,5.0
2023|Rd 15|Sydney Roosters|Penrith Panthers,Sydney Roosters,Penrith Panthers,2.51,1.55,3.0,1.4,2.5,1.56
2023|Rd 15|Melbourne Storm|Cronulla Sharks,Cronulla Sharks,Melbourne Storm,1.62,2.35,1.58,2.4,1.63,2.35
2023|Rd 15|Canterbury Bulldogs|Parramatta Eels,Canterbury Bulldogs,Parramatta Eels,2.79,1.46,3.0,1.4,2.75,1.48
2023|Rd 16|NQ Cowboys|Penrith Panthers,NQ Cowboys,Penrith Panthers,2.04,1.86,2.55,1.52,1.8,2.05
2023|Rd 16|Newcastle Knights|Sydney Roosters,Newcastle Knights,Sydney Roosters,1.46,2.79,2.15,1.72,1.53,2.55
2023|Rd 16|Parramatta Eels|Manly Sea Eagles,Manly Sea Eagles,Parramatta Eels,1.55,2.53,1.22,4.2,1.56,2.5
2023|Rd 16|Wests Tigers|Melbourne Storm,Wests Tigers,Melbourne Storm,2.84,1.44,2.25,1.65,2.75,1.47
2023|Rd 16|Cronulla Sharks|Canterbury Bulldogs,Canterbury Bulldogs,Cronulla Sharks,1.08,8.2,1.47,2.7,1.12,6.75
2023|Rd 17|St. George Illawarra Dragons|New Zealand Warriors,New Zealand Warriors,St. George Illawarra Dragons,2.89,1.44,1.82,2.0,2.62,1.5
2023|Rd 17|Dolphins|Parramatta Eels,Dolphins,Parramatta Eels,2.89,1.44,2.45,1.56,2.8,1.45
2023|Rd 17|Penrith Panthers|Newcastle Knights,Newcastle Knights,Penrith Panthers,1.57,2.48,1.28,3.75,1.6,2.4
2023|Rd 17|Melbourne Storm|Manly Sea Eagles,Manly Sea Eagles,Melbourne Storm,1.24,4.11,1.38,3.1,1.25,4.0
2023|Rd 17|Brisbane Broncos|Gold Coast Titans,Gold Coast Titans,Brisbane Broncos,1.24,4.24,1.35,3.25,1.25,4.15
2023|Rd 17|South Sydney Rabbitohs|NQ Cowboys,NQ Cowboys,South Sydney Rabbitohs,1.43,2.92,1.35,3.25,1.48,2.75
2023|Rd 17|Sydney Roosters|Canberra Raiders,Canberra Raiders,Sydney Roosters,1.59,2.44,1.42,2.9,1.65,2.3
2023|Rd 18|Cronulla Sharks|St. George Illawarra Dragons,St. George Illawarra Dragons,Cronulla Sharks,1.09,7.0,1.28,3.75,1.11,6.75
2023|Rd 18|New Zealand Warriors|South Sydney Rabbitohs,New Zealand Warriors,South Sydney Rabbitohs,1.51,2.61,2.5,1.54,1.5,2.62
2023|Rd 18|Melbourne Storm|Penrith Panthers,Melbourne Storm,Penrith Panthers,1.76,2.12,2.2,1.68,1.72,2.18
2023|Rd 18|Canberra Raiders|Gold Coast Titans,Gold Coast Titans,Canberra Raiders,1.64,2.29,1.5,2.6,1.65,2.3
2023|Rd 18|NQ Cowboys|Wests Tigers,Wests Tigers,NQ Cowboys,1.12,6.13,1.45,2.75,1.13,6.5
2023|Rd 18|Brisbane Broncos|Dolphins,Dolphins,Brisbane Broncos,1.34,3.32,1.28,3.75,1.35,3.25
2023|Rd 18|Canterbury Bulldogs|Newcastle Knights,Canterbury Bulldogs,Newcastle Knights,2.17,1.71,2.0,1.82,2.18,1.7
2023|Rd 18|Manly Sea Eagles|Sydney Roosters,Manly Sea Eagles,Sydney Roosters,1.58,2.44,2.05,1.78,1.57,2.45
2023|Rd 19|Wests Tigers|Cronulla Sharks,Wests Tigers,Cronulla Sharks,9.83,1.04,3.2,1.36,11.0,1.05
2023|Rd 19|St. George Illawarra Dragons|Canberra Raiders,St. George Illawarra Dragons,Canberra Raiders,3.99,1.25,2.9,1.42,4.25,1.24
2023|Rd 19|Parramatta Eels|New Zealand Warriors,New Zealand Warriors,Parramatta Eels,2.6,1.52,1.68,2.2,2.55,1.53
2023|Rd 19|South Sydney Rabbitohs|Canterbury Bulldogs,Canterbury Bulldogs,South Sydney Rabbitohs,1.57,2.46,1.5,2.6,1.6,2.4
2023|Rd 19|Gold Coast Titans|Dolphins,Gold Coast Titans,Dolphins,1.63,2.32,1.62,2.3,1.68,2.25
2023|Rd 20|Newcastle Knights|Wests Tigers,Wests Tigers,Newcastle Knights,1.24,4.2,1.31,3.5,1.22,4.5
2023|Rd 20|Canterbury Bulldogs|Brisbane Broncos,Canterbury Bulldogs,Brisbane Broncos,2.86,1.44,3.5,1.31,2.9,1.44
2023|Rd 20|Manly Sea Eagles|NQ Cowboys,NQ Cowboys,Manly Sea Eagles,2.44,1.59,1.91,1.91,2.45,1.58
2023|Rd 20|Sydney Roosters|Melbourne Storm,Sydney Roosters,Melbourne Storm,2.66,1.5,2.3,1.62,2.75,1.48
2023|Rd 20|New Zealand Warriors|Cronulla Sharks,New Zealand Warriors,Cronulla Sharks,1.89,1.95,1.91,1.91,1.85,2.0
2023|Rd 20|Dolphins|Penrith Panthers,Dolphins,Penrith Panthers,3.87,1.26,3.75,1.27,3.7,1.3
2023|Rd 20|Parramatta Eels|Gold Coast Titans,Gold Coast Titans,Parramatta Eels,1.26,3.95,1.35,3.25,1.25,4.0
2023|Rd 21|St. George Illawarra Dragons|Wests Tigers,Wests Tigers,St. George Illawarra Dragons,1.54,2.51,1.68,2.2,1.54,2.55
2023|Rd 21|New Zealand Warriors|Canberra Raiders,Canberra Raiders,New Zealand Warriors,1.41,2.97,1.5,2.6,1.42,3.0
2023|Rd 21|South Sydney Rabbitohs|Brisbane Broncos,Brisbane Broncos,South Sydney Rabbitohs,1.92,1.93,1.68,2.2,1.93,1.93
2023|Rd 21|Gold Coast Titans|Sydney Roosters,Gold Coast Titans,Sydney Roosters,2.23,1.68,2.02,1.8,2.22,1.7
2023|Rd 21|Newcastle Knights|Melbourne Storm,Newcastle Knights,Melbourne Storm,3.17,1.36,3.2,1.36,3.2,1.36
2023|Rd 21|NQ Cowboys|Parramatta Eels,Parramatta Eels,NQ Cowboys,1.36,3.22,1.65,2.25,1.38,3.1
2023|Rd 21|Penrith Panthers|Canterbury Bulldogs,Canterbury Bulldogs,Penrith Panthers,1.02,13.82,1.04,11.0,1.03,15.0
2023|Rd 21|Cronulla Sharks|Manly Sea Eagles,Manly Sea Eagles,Cronulla Sharks,1.33,3.38,1.3,3.6,1.35,3.3
2023|Rd 22|Brisbane Broncos|Sydney Roosters,Sydney Roosters,Brisbane Broncos,1.37,3.16,1.36,3.2,1.38,3.2
2023|Rd 22|Wests Tigers|South Sydney Rabbitohs,Wests Tigers,South Sydney Rabbitohs,8.53,1.06,5.5,1.15,10.0,1.06
2023|Rd 22|Melbourne Storm|Parramatta Eels,Parramatta Eels,Melbourne Storm,1.43,2.86,1.36,3.2,1.44,2.85
2023|Rd 22|Canberra Raiders|Newcastle Knights,Newcastle Knights,Canberra Raiders,1.63,2.33,1.4,3.0,1.65,2.3
2023|Rd 22|St. George Illawarra Dragons|Manly Sea Eagles,St. George Illawarra Dragons,Manly Sea Eagles,2.9,1.43,2.6,1.5,2.85,1.45
2023|Rd 22|Penrith Panthers|Cronulla Sharks,Cronulla Sharks,Penrith Panthers,1.12,6.36,1.25,4.0,1.12,6.5
2023|Rd 22|Canterbury Bulldogs|Dolphins,Canterbury Bulldogs,Dolphins,2.31,1.64,2.6,1.5,2.3,1.65
2023|Rd 22|Gold Coast Titans|NQ Cowboys,Gold Coast Titans,NQ Cowboys,3.29,1.35,2.45,1.56,3.3,1.36
2023|Rd 23|Sydney Roosters|Manly Sea Eagles,Manly Sea Eagles,Sydney Roosters,1.56,2.47,1.58,2.4,1.58,2.45
2023|Rd 23|Gold Coast Titans|New Zealand Warriors,Gold Coast Titans,New Zealand Warriors,3.26,1.34,2.75,1.45,3.2,1.38
2023|Rd 23|Penrith Panthers|Melbourne Storm,Melbourne Storm,Penrith Panthers,1.19,4.88,1.35,3.25,1.19,5.0
2023|Rd 23|NQ Cowboys|Brisbane Broncos,Brisbane Broncos,NQ Cowboys,1.96,1.88,1.91,1.91,1.93,1.93
2023|Rd 23|Dolphins|Newcastle Knights,Newcastle Knights,Dolphins,3.91,1.26,2.45,1.56,3.7,1.3
2023|Rd 23|South Sydney Rabbitohs|Cronulla Sharks,Cronulla Sharks,South Sydney Rabbitohs,1.2,4.65,1.47,2.7,1.24,4.25
2023|Rd 23|Parramatta Eels|St. George Illawarra Dragons,St. George Illawarra Dragons,Parramatta Eels,1.09,7.26,1.31,3.5,1.14,6.0
2023|Rd 23|Canberra Raiders|Wests Tigers,Wests Tigers,Canberra Raiders,1.25,3.95,1.21,4.5,1.28,3.7
2023|Rd 24|Manly Sea Eagles|Penrith Panthers,Manly Sea Eagles,Penrith Panthers,6.5,1.1,5.0,1.18,6.5,1.13
2023|Rd 24|Cronulla Sharks|Gold Coast Titans,Gold Coast Titans,Cronulla Sharks,1.26,3.68,1.45,2.75,1.28,3.85
2023|Rd 24|Brisbane Broncos|Parramatta Eels,Parramatta Eels,Brisbane Broncos,1.23,3.93,1.35,3.25,1.25,4.0
2023|Rd 24|South Sydney Rabbitohs|St. George Illawarra Dragons,St. George Illawarra Dragons,South Sydney Rabbitohs,1.1,7.04,1.14,5.75,1.11,7.25
2023|Rd 24|Wests Tigers|New Zealand Warriors,Wests Tigers,New Zealand Warriors,5.58,1.14,6.0,1.13,5.0,1.18
2023|Rd 24|Sydney Roosters|Dolphins,Dolphins,Sydney Roosters,1.27,3.81,1.33,3.35,1.28,3.85
2023|Rd 24|Melbourne Storm|Canberra Raiders,Canberra Raiders,Melbourne Storm,1.23,4.03,1.3,3.6,1.24,4.25
2023|Rd 24|Newcastle Knights|Canterbury Bulldogs,Canterbury Bulldogs,Newcastle Knights,1.3,3.55,1.2,4.6,1.28,3.85
2023|Rd 25|NQ Cowboys|Cronulla Sharks,Cronulla Sharks,NQ Cowboys,1.55,2.46,1.58,2.4,1.58,2.45
2023|Rd 25|New Zealand Warriors|Manly Sea Eagles,Manly Sea Eagles,New Zealand Warriors,1.18,4.87,1.38,3.1,1.19,5.0
2023|Rd 25|Parramatta Eels|Sydney Roosters,Sydney Roosters,Parramatta Eels,2.28,1.64,1.65,2.25,2.35,1.63
2023|Rd 25|Wests Tigers|Dolphins,Wests Tigers,Dolphins,1.47,2.72,2.25,1.65,1.5,2.68
2023|Rd 25|Gold Coast Titans|Penrith Panthers,Gold Coast Titans,Penrith Panthers,8.79,1.06,5.5,1.15,9.0,1.07
2023|Rd 25|St. George Illawarra Dragons|Melbourne Storm,St. George Illawarra Dragons,Melbourne Storm,5.55,1.14,3.85,1.27,5.5,1.15
2023|Rd 25|Newcastle Knights|South Sydney Rabbitohs,Newcastle Knights,South Sydney Rabbitohs,2.36,1.61,2.0,1.82,2.35,1.62
2023|Rd 25|Canberra Raiders|Canterbury Bulldogs,Canterbury Bulldogs,Canberra Raiders,1.36,3.24,1.3,3.6,1.38,3.2
2023|Rd 26|Penrith Panthers|Parramatta Eels,Parramatta Eels,Penrith Panthers,1.1,6.73,1.14,5.75,1.1,8.0
2023|Rd 26|New Zealand Warriors|St. George Illawarra Dragons,St. George Illawarra Dragons,New Zealand Warriors,1.13,5.77,1.15,5.5,1.13,6.5
2023|Rd 26|Dolphins|NQ Cowboys,Dolphins,NQ Cowboys,3.29,1.34,3.2,1.36,3.2,1.37
2023|Rd 26|Melbourne Storm|Gold Coast Titans,Gold Coast Titans,Melbourne Storm,1.08,7.7,1.14,5.75,1.09,8.0
2023|Rd 26|Sydney Roosters|Wests Tigers,Wests Tigers,Sydney Roosters,1.16,5.26,1.18,5.0,1.17,5.4
2023|Rd 26|Canberra Raiders|Brisbane Broncos,Canberra Raiders,Brisbane Broncos,3.53,1.31,3.2,1.36,3.3,1.35
2023|Rd 26|Canterbury Bulldogs|Manly Sea Eagles,Canterbury Bulldogs,Manly Sea Eagles,2.51,1.54,3.1,1.38,2.5,1.56
2023|Rd 26|Newcastle Knights|Cronulla Sharks,Newcastle Knights,Cronulla Sharks,1.43,2.85,1.82,2.0,1.42,3.0
2023|Rd 27|Brisbane Broncos|Melbourne Storm,Melbourne Storm,Brisbane Broncos,1.55,2.49,1.62,2.3,1.56,2.5
2023|Rd 27|Manly Sea Eagles|Wests Tigers,Wests Tigers,Manly Sea Eagles,1.19,4.68,1.38,3.1,1.2,4.5
2023|Rd 27|South Sydney Rabbitohs|Sydney Roosters,Sydney Roosters,South Sydney Rabbitohs,1.69,2.21,1.91,1.91,1.7,2.18
2023|Rd 27|Dolphins|New Zealand Warriors,Dolphins,New Zealand Warriors,1.48,2.68,1.87,1.95,1.5,2.68
2023|Rd 27|Penrith Panthers|NQ Cowboys,NQ Cowboys,Penrith Panthers,1.21,4.53,1.62,2.3,1.22,4.5
2023|Rd 27|St. George Illawarra Dragons|Newcastle Knights,St. George Illawarra Dragons,Newcastle Knights,1.89,1.95,2.75,1.45,1.91,1.9
2023|Rd 27|Gold Coast Titans|Canterbury Bulldogs,Canterbury Bulldogs,Gold Coast Titans,1.26,3.89,1.36,3.2,1.24,4.25
2023|Rd 27|Cronulla Sharks|Canberra Raiders,Canberra Raiders,Cronulla Sharks,1.26,3.88,1.44,2.8,1.28,3.7
2023|Elim Qualif|Cronulla Sharks|Sydney Roosters,,,,,,,,
2023|Elim Qualif|Newcastle Knights|Canberra Raiders,,,,,,,,
2023|GF|Penrith Panthers|Brisbane Broncos,Penrith Panthers,Penrith Panthers,1.62,2.4,1.65,2.25,1.6,2.4
2023|Grand Final|Penrith Panthers|Brisbane Broncos,,,,,,,,
2023|Prelim|Brisbane Broncos|Melbourne Storm,Brisbane Broncos,Brisbane Broncos,1.62,2.35,1.58,2.4,1.63,2.35
2023|Prelim Final|Penrith Panthers|Melbourne Storm,,,,,,,,
2023|Qual|Melbourne Storm|Sydney Roosters,Melbourne Storm,Melbourne Storm,1.38,3.16,1.4,3.0,1.38,3.2
2023|Qualif Final|Brisbane Broncos|Melbourne Storm,,,,,,,,
2023|Qualif Final|Penrith Panthers|New Zealand Warriors,,,,,,,,
2023|Semi|Penrith Panthers|Melbourne Storm,Penrith Panthers,Penrith Panthers,1.18,5.09,1.25,4.0,1.19,5.0
2023|Semi Final|Melbourne Storm|Sydney Roosters,,,,,,,,
2023|Prelim|Penrith Panthers|New Zealand Warriors,Penrith Panthers,Penrith Panthers,1.11,6.83,1.21,4.5,1.12,6.75
2023|Prelim Final|Brisbane Broncos|New Zealand Warriors,,,,,,,,
2023|Qual|New Zealand Warriors|Newcastle Knights,New Zealand Warriors,New Zealand Warriors,1.53,2.58,1.52,2.55,1.52,2.62
2023|Semi|Brisbane Broncos|New Zealand Warriors,Brisbane Broncos,Brisbane Broncos,1.25,4.05,1.27,3.85,1.25,4.0
2023|Semi Final|New Zealand Warriors|Newcastle Knights,,,,,,,,
2023|Prelim|Cronulla Sharks|Sydney Roosters,Cronulla Sharks,Cronulla Sharks,2.01,1.85,1.78,2.05,2.02,1.83
2023|Prelim|Newcastle Knights|Canberra Raiders,Newcastle Knights,Newcastle Knights,1.15,5.51,1.25,4.0,1.17,5.4
2024|Rd 1|Manly Sea Eagles|South Sydney Rabbitohs,South Sydney Rabbitohs,South Sydney Rabbitohs,2.01,1.93,2.6,1.5,1.95,1.9
2024|Rd 1|Sydney Roosters|Brisbane Broncos,Brisbane Broncos,Sydney Roosters,2.57,1.58,2.4,1.58,2.45,1.58
2024|Rd 1|Newcastle Knights|Canberra Raiders,Newcastle Knights,Newcastle Knights,1.36,3.38,1.44,2.8,1.37,3.2
2024|Rd 1|New Zealand Warriors|Cronulla Sharks,New Zealand Warriors,New Zealand Warriors,1.55,2.63,1.6,2.35,1.54,2.55
2024|Rd 1|Melbourne Storm|Penrith Panthers,Penrith Panthers,Penrith Panthers,2.87,1.49,2.25,1.65,2.68,1.5
2024|Rd 1|Parramatta Eels|Canterbury Bulldogs,Parramatta Eels,Parramatta Eels,1.34,3.69,1.48,2.65,1.38,3.1
2024|Rd 1|Gold Coast Titans|St. George Illawarra Dragons,Gold Coast Titans,Gold Coast Titans,1.54,2.64,1.42,2.9,1.52,2.55
2024|Rd 1|Dolphins|NQ Cowboys,Dolphins,Dolphins,2.51,1.6,2.65,1.48,2.45,1.58
2024|Rd 2|Brisbane Broncos|South Sydney Rabbitohs,Brisbane Broncos,Brisbane Broncos,1.42,3.11,1.44,2.8,1.38,3.1
2024|Rd 2|Cronulla Sharks|Canterbury Bulldogs,Cronulla Sharks,Cronulla Sharks,1.28,4.06,1.42,2.9,1.27,4.0
2024|Rd 2|Penrith Panthers|Parramatta Eels,Penrith Panthers,Penrith Panthers,1.42,3.12,1.35,3.25,1.37,3.2
2024|Rd 2|Canberra Raiders|Wests Tigers,Canberra Raiders,Canberra Raiders,1.42,3.13,1.72,2.15,1.38,3.2
2024|Rd 2|NQ Cowboys|Newcastle Knights,NQ Cowboys,NQ Cowboys,1.43,3.05,1.54,2.5,1.44,2.9
2024|Rd 2|Melbourne Storm|New Zealand Warriors,Melbourne Storm,Melbourne Storm,1.42,3.11,1.5,2.6,1.42,3.0
2024|Rd 2|Manly Sea Eagles|Sydney Roosters,Manly Sea Eagles,Sydney Roosters,2.22,1.74,1.95,1.87,2.15,1.75
2024|Rd 2|Dolphins|St. George Illawarra Dragons,St. George Illawarra Dragons,Dolphins,2.06,1.85,1.44,2.8,2.0,1.85
2024|Rd 3|Penrith Panthers|Brisbane Broncos,Penrith Panthers,Penrith Panthers,1.24,4.59,1.56,2.45,1.24,4.25
2024|Rd 3|New Zealand Warriors|Canberra Raiders,New Zealand Warriors,New Zealand Warriors,1.36,3.43,1.36,3.2,1.36,3.2
2024|Rd 3|Sydney Roosters|South Sydney Rabbitohs,Sydney Roosters,Sydney Roosters,1.63,2.43,1.65,2.25,1.56,2.45
2024|Rd 3|Canterbury Bulldogs|Gold Coast Titans,Canterbury Bulldogs,Canterbury Bulldogs,1.74,2.24,1.72,2.15,1.75,2.15
2024|Rd 3|St. George Illawarra Dragons|NQ Cowboys,NQ Cowboys,NQ Cowboys,3.17,1.41,2.15,1.72,3.0,1.42
2024|Rd 3|Wests Tigers|Cronulla Sharks,Cronulla Sharks,Cronulla Sharks,4.05,1.27,2.55,1.52,4.0,1.25
2024|Rd 3|Parramatta Eels|Manly Sea Eagles,Manly Sea Eagles,Parramatta Eels,1.83,2.11,1.65,2.25,1.75,2.15
2024|Rd 3|Newcastle Knights|Melbourne Storm,Melbourne Storm,Melbourne Storm,1.81,2.13,2.25,1.65,1.77,2.1
2024|Rd 4|Sydney Roosters|Penrith Panthers,Sydney Roosters,Penrith Panthers,1.54,2.6,2.35,1.6,1.54,2.55
2024|Rd 4|South Sydney Rabbitohs|Canterbury Bulldogs,South Sydney Rabbitohs,South Sydney Rabbitohs,1.51,2.73,1.44,2.8,1.53,2.55
2024|Rd 4|Brisbane Broncos|NQ Cowboys,NQ Cowboys,Brisbane Broncos,2.02,1.9,1.44,2.8,2.0,1.85
2024|Rd 4|St. George Illawarra Dragons|Manly Sea Eagles,Manly Sea Eagles,Manly Sea Eagles,3.34,1.37,2.4,1.58,3.2,1.36
2024|Rd 4|Gold Coast Titans|Dolphins,Dolphins,Dolphins,2.27,1.72,1.72,2.15,2.22,1.7
2024|Rd 4|New Zealand Warriors|Newcastle Knights,New Zealand Warriors,New Zealand Warriors,1.29,3.97,1.54,2.5,1.28,3.85
2024|Rd 4|Cronulla Sharks|Canberra Raiders,Canberra Raiders,Cronulla Sharks,1.69,2.3,1.4,3.0,1.67,2.25
2024|Rd 4|Parramatta Eels|Wests Tigers,Parramatta Eels,Parramatta Eels,1.46,2.91,1.31,3.5,1.45,2.8
2024|Rd 5|Melbourne Storm|Brisbane Broncos,Melbourne Storm,Melbourne Storm,1.44,3.0,1.44,2.8,1.44,2.85
2024|Rd 5|Canterbury Bulldogs|Sydney Roosters,Sydney Roosters,Sydney Roosters,4.02,1.28,2.8,1.44,3.7,1.28
2024|Rd 5|Newcastle Knights|St. George Illawarra Dragons,Newcastle Knights,Newcastle Knights,1.48,2.88,1.38,3.1,1.52,2.55
2024|Rd 5|South Sydney Rabbitohs|New Zealand Warriors,New Zealand Warriors,South Sydney Rabbitohs,2.08,1.83,1.72,2.15,2.05,1.8
2024|Rd 5|Manly Sea Eagles|Penrith Panthers,Penrith Panthers,Penrith Panthers,2.3,1.69,1.82,2.0,2.25,1.67
2024|Rd 5|Dolphins|Wests Tigers,Dolphins,Dolphins,1.46,2.92,1.56,2.45,1.45,2.75
2024|Rd 5|NQ Cowboys|Gold Coast Titans,NQ Cowboys,NQ Cowboys,1.15,5.86,1.18,4.6,1.13,6.0
2024|Rd 5|Canberra Raiders|Parramatta Eels,Canberra Raiders,Canberra Raiders,1.81,2.12,1.82,2.0,1.8,2.05
2024|Rd 6|Newcastle Knights|Sydney Roosters,Newcastle Knights,Sydney Roosters,1.58,2.56,2.25,1.65,1.57,2.45
2024|Rd 6|Melbourne Storm|Canterbury Bulldogs,Melbourne Storm,Melbourne Storm,1.12,6.75,1.28,3.75,1.11,6.5
2024|Rd 6|Brisbane Broncos|Dolphins,Brisbane Broncos,Brisbane Broncos,1.34,3.62,1.35,3.25,1.3,3.5
2024|Rd 6|New Zealand Warriors|Manly Sea Eagles,New Zealand Warriors,New Zealand Warriors,1.45,2.97,1.6,2.35,1.47,2.8
2024|Rd 6|Parramatta Eels|NQ Cowboys,NQ Cowboys,Parramatta Eels,2.32,1.68,1.87,1.95,2.3,1.65
2024|Rd 6|South Sydney Rabbitohs|Cronulla Sharks,Cronulla Sharks,Cronulla Sharks,3.91,1.3,1.87,1.95,3.7,1.3
2024|Rd 6|Wests Tigers|St. George Illawarra Dragons,Wests Tigers,Wests Tigers,1.89,2.03,1.82,2.0,1.83,2.0
2024|Rd 6|Canberra Raiders|Gold Coast Titans,Canberra Raiders,Canberra Raiders,1.33,3.62,1.44,2.8,1.37,3.2
2024|Rd 7|Sydney Roosters|Melbourne Storm,Sydney Roosters,Sydney Roosters,2.09,1.85,1.91,1.91,1.87,1.95
2024|Rd 7|St. George Illawarra Dragons|New Zealand Warriors,New Zealand Warriors,New Zealand Warriors,3.27,1.39,2.75,1.45,3.2,1.36
2024|Rd 7|Parramatta Eels|Dolphins,Parramatta Eels,Parramatta Eels,1.4,3.17,1.72,2.15,1.38,3.1
2024|Rd 7|Penrith Panthers|Wests Tigers,Penrith Panthers,Penrith Panthers,1.2,5.07,1.16,5.0,1.18,5.0
2024|Rd 7|Gold Coast Titans|Manly Sea Eagles,Manly Sea Eagles,Manly Sea Eagles,3.59,1.33,3.5,1.31,3.5,1.33
2024|Rd 7|Brisbane Broncos|Canberra Raiders,Brisbane Broncos,Brisbane Broncos,1.36,3.41,1.38,3.1,1.4,3.1
2024|Rd 7|Canterbury Bulldogs|Newcastle Knights,Canterbury Bulldogs,Newcastle Knights,1.99,1.95,2.4,1.58,1.93,1.93
2024|Rd 7|Cronulla Sharks|NQ Cowboys,Cronulla Sharks,Cronulla Sharks,1.6,2.48,1.6,2.35,1.56,2.5
2024|Rd 8|New Zealand Warriors|Gold Coast Titans,New Zealand Warriors,New Zealand Warriors,1.19,5.27,1.21,4.5,1.25,4.0
2024|Rd 8|St. George Illawarra Dragons|Sydney Roosters,Sydney Roosters,Sydney Roosters,2.75,1.51,3.25,1.35,2.8,1.44
2024|Rd 8|Melbourne Storm|South Sydney Rabbitohs,Melbourne Storm,Melbourne Storm,1.15,5.89,1.33,3.35,1.23,4.2
2024|Rd 8|Manly Sea Eagles|Parramatta Eels,Manly Sea Eagles,Manly Sea Eagles,1.24,4.59,1.56,2.45,1.33,3.35
2024|Rd 8|Wests Tigers|Brisbane Broncos,Brisbane Broncos,Brisbane Broncos,5.34,1.19,3.25,1.35,4.5,1.2
2024|Rd 8|NQ Cowboys|Penrith Panthers,Penrith Panthers,Penrith Panthers,3.88,1.31,2.75,1.45,3.35,1.33
2024|Rd 8|Dolphins|Newcastle Knights,Dolphins,Dolphins,1.45,2.98,1.82,2.0,1.45,2.75
2024|Rd 8|Canberra Raiders|Cronulla Sharks,Cronulla Sharks,Cronulla Sharks,2.94,1.46,2.0,1.82,2.9,1.42
2024|Rd 9|South Sydney Rabbitohs|Penrith Panthers,Penrith Panthers,Penrith Panthers,4.52,1.23,4.4,1.2,4.52,1.23
2024|Rd 9|Manly Sea Eagles|Canberra Raiders,Manly Sea Eagles,Manly Sea Eagles,1.19,5.17,1.28,3.6,1.19,5.17
2024|Rd 9|Brisbane Broncos|Sydney Roosters,Brisbane Broncos,Brisbane Broncos,1.38,3.27,1.51,2.5,1.38,3.27
2024|Rd 9|Canterbury Bulldogs|Wests Tigers,Canterbury Bulldogs,Canterbury Bulldogs,1.27,4.12,1.48,2.6,1.27,4.12
2024|Rd 9|Gold Coast Titans|Melbourne Storm,Melbourne Storm,Melbourne Storm,6.84,1.15,4.55,1.19,6.84,1.15
2024|Rd 9|NQ Cowboys|Dolphins,NQ Cowboys,NQ Cowboys,1.41,3.06,1.47,2.65,1.41,3.06
2024|Rd 9|Newcastle Knights|New Zealand Warriors,New Zealand Warriors,Newcastle Knights,2.67,1.54,2.35,1.57,2.67,1.54
2024|Rd 9|Cronulla Sharks|St. George Illawarra Dragons,Cronulla Sharks,Cronulla Sharks,1.24,4.43,1.31,3.35,1.24,4.43
2024|Rd 10|Dolphins|Manly Sea Eagles,Manly Sea Eagles,Dolphins,2.22,1.74,2.25,1.61,2.22,1.74
2024|Rd 10|Penrith Panthers|Canterbury Bulldogs,Penrith Panthers,Penrith Panthers,1.17,5.55,1.16,5.0,1.17,5.55
2024|Rd 10|Parramatta Eels|Brisbane Broncos,Brisbane Broncos,Brisbane Broncos,3.65,1.33,4.55,1.19,3.65,1.33
2024|Rd 10|Wests Tigers|Newcastle Knights,Newcastle Knights,Newcastle Knights,2.43,1.63,2.0,1.78,2.43,1.63
2024|Rd 10|St. George Illawarra Dragons|South Sydney Rabbitohs,St. George Illawarra Dragons,St. George Illawarra Dragons,1.49,2.83,1.74,2.05,1.49,2.83
2024|Rd 10|Melbourne Storm|Cronulla Sharks,Melbourne Storm,Melbourne Storm,1.43,3.06,1.44,2.75,1.43,3.06
2024|Rd 10|Sydney Roosters|New Zealand Warriors,Sydney Roosters,Sydney Roosters,1.21,4.97,1.41,2.85,1.21,4.97
2024|Rd 10|Gold Coast Titans|NQ Cowboys,NQ Cowboys,NQ Cowboys,2.38,1.65,2.5,1.52,2.38,1.65
2024|Rd 11|Canberra Raiders|Canterbury Bulldogs,Canberra Raiders,Canberra Raiders,2.4,1.65,2.25,1.63,2.4,1.65
2024|Rd 11|Manly Sea Eagles|Brisbane Broncos,Brisbane Broncos,Brisbane Broncos,2.97,1.44,2.4,1.56,2.97,1.44
2024|Rd 11|Gold Coast Titans|Newcastle Knights,Newcastle Knights,Newcastle Knights,,,,,,
2024|Rd 11|Cronulla Sharks|Sydney Roosters,Cronulla Sharks,Cronulla Sharks,2.43,1.63,2.25,1.61,2.43,1.63
2024|Rd 11|South Sydney Rabbitohs|NQ Cowboys,NQ Cowboys,NQ Cowboys,,,,,,
2024|Rd 11|New Zealand Warriors|Penrith Panthers,Penrith Panthers,Penrith Panthers,5.84,1.16,4.3,1.21,5.84,1.16
2024|Rd 11|Melbourne Storm|Parramatta Eels,Melbourne Storm,Melbourne Storm,1.28,3.96,1.25,3.85,1.28,3.96
2024|Rd 11|Wests Tigers|Dolphins,Dolphins,Dolphins,5.03,1.21,2.9,1.4,5.03,1.21
2024|Rd 12|Canterbury Bulldogs|St. George Illawarra Dragons,Canterbury Bulldogs,Canterbury Bulldogs,1.6,2.52,1.55,2.4,1.6,2.52
2024|Rd 12|NQ Cowboys|Wests Tigers,NQ Cowboys,NQ Cowboys,1.19,5.22,1.29,3.5,1.19,5.22
2024|Rd 12|Manly Sea Eagles|Melbourne Storm,Melbourne Storm,Melbourne Storm,2.58,1.57,3.25,1.33,2.58,1.57
2024|Rd 12|Canberra Raiders|Sydney Roosters,Sydney Roosters,Sydney Roosters,4.42,1.25,4.15,1.22,4.42,1.25
2024|Rd 12|Cronulla Sharks|Penrith Panthers,Cronulla Sharks,Penrith Panthers,1.67,2.36,1.8,1.98,1.67,2.36
2024|Rd 12|South Sydney Rabbitohs|Parramatta Eels,Parramatta Eels,South Sydney Rabbitohs,2.06,1.86,2.4,1.55,2.06,1.86
2024|Rd 12|Brisbane Broncos|Gold Coast Titans,Brisbane Broncos,Brisbane Broncos,1.15,6.26,1.21,4.3,1.15,6.26
2024|Rd 12|New Zealand Warriors|Dolphins,Dolphins,New Zealand Warriors,2.52,1.61,2.15,1.67,2.52,1.61
2024|Rd 13|Parramatta Eels|Cronulla Sharks,Cronulla Sharks,Cronulla Sharks,1.89,2.01,2.95,1.39,1.89,2.01
2024|Rd 13|Newcastle Knights|Canterbury Bulldogs,Newcastle Knights,Newcastle Knights,1.54,2.64,1.79,1.99,1.54,2.64
2024|Rd 13|Penrith Panthers|St. George Illawarra Dragons,Penrith Panthers,Penrith Panthers,1.31,3.84,1.35,3.15,1.31,3.84
2024|Rd 13|Dolphins|Canberra Raiders,Dolphins,Dolphins,1.59,2.53,1.58,2.35,1.59,2.53
2024|Rd 13|Sydney Roosters|NQ Cowboys,Sydney Roosters,Sydney Roosters,1.14,6.46,1.26,3.75,1.14,6.46
2024|Rd 14|St. George Illawarra Dragons|Wests Tigers,St. George Illawarra Dragons,St. George Illawarra Dragons,1.36,3.39,1.38,3.0,1.36,3.39
2024|Rd 14|Gold Coast Titans|South Sydney Rabbitohs,Gold Coast Titans,South Sydney Rabbitohs,1.89,2.01,1.83,1.95,1.89,2.01
2024|Rd 14|NQ Cowboys|New Zealand Warriors,NQ Cowboys,NQ Cowboys,1.75,2.21,1.55,2.4,1.75,2.21
2024|Rd 14|Brisbane Broncos|Cronulla Sharks,Brisbane Broncos,Brisbane Broncos,1.51,2.75,1.5,2.55,1.51,2.75
2024|Rd 14|Melbourne Storm|Newcastle Knights,Melbourne Storm,Melbourne Storm,1.19,5.38,1.23,4.05,1.19,5.38
2024|Rd 14|Penrith Panthers|Manly Sea Eagles,Penrith Panthers,Penrith Panthers,1.44,3.03,1.33,3.25,1.44,3.03
2024|Rd 14|Canterbury Bulldogs|Parramatta Eels,Canterbury Bulldogs,Canterbury Bulldogs,2.15,1.79,2.05,1.75,2.15,1.79
2024|Rd 15|Cronulla Sharks|Dolphins,Cronulla Sharks,Cronulla Sharks,1.34,3.5,1.38,3.0,1.34,3.5
2024|Rd 15|Canberra Raiders|NQ Cowboys,Canberra Raiders,Canberra Raiders,1.74,2.23,1.7,2.1,1.74,2.23
2024|Rd 15|South Sydney Rabbitohs|Brisbane Broncos,Brisbane Broncos,Brisbane Broncos,2.31,1.69,2.65,1.46,2.31,1.69
2024|Rd 15|Wests Tigers|Gold Coast Titans,Wests Tigers,Wests Tigers,2.21,1.75,2.15,1.69,2.21,1.75
2024|Rd 15|New Zealand Warriors|Melbourne Storm,Melbourne Storm,Melbourne Storm,1.68,2.33,2.15,1.69,1.68,2.33
2024|Rd 15|Parramatta Eels|Sydney Roosters,Sydney Roosters,Sydney Roosters,3.03,1.43,2.35,1.57,3.03,1.43
2024|Rd 15|Manly Sea Eagles|St. George Illawarra Dragons,Manly Sea Eagles,Manly Sea Eagles,1.52,2.71,1.43,2.75,1.52,2.71
2024|Rd 15|Newcastle Knights|Penrith Panthers,Penrith Panthers,Penrith Panthers,4.29,1.25,3.95,1.24,4.29,1.25
2024|Rd 16|Dolphins|Melbourne Storm,Melbourne Storm,Melbourne Storm,2.74,1.51,2.5,1.52,2.74,1.51
2024|Rd 16|Gold Coast Titans|New Zealand Warriors,New Zealand Warriors,New Zealand Warriors,2.64,1.53,2.3,1.6,2.64,1.53
2024|Rd 16|Sydney Roosters|Canterbury Bulldogs,Sydney Roosters,Sydney Roosters,1.41,3.12,1.22,4.2,1.41,3.12
2024|Rd 16|South Sydney Rabbitohs|Manly Sea Eagles,South Sydney Rabbitohs,South Sydney Rabbitohs,1.45,2.93,1.61,2.25,1.45,2.93
2024|Rd 16|Wests Tigers|Canberra Raiders,Canberra Raiders,Canberra Raiders,2.64,1.54,2.15,1.68,2.64,1.54
2024|Rd 17|Canterbury Bulldogs|Cronulla Sharks,Cronulla Sharks,Cronulla Sharks,2.52,1.59,2.2,1.65,2.52,1.59
2024|Rd 17|New Zealand Warriors|Brisbane Broncos,Brisbane Broncos,Brisbane Broncos,1.61,2.48,2.2,1.65,1.61,2.48
2024|Rd 17|Newcastle Knights|Parramatta Eels,Newcastle Knights,Newcastle Knights,1.93,1.99,1.83,1.94,1.93,1.99
2024|Rd 17|Melbourne Storm|Canberra Raiders,Melbourne Storm,Melbourne Storm,1.35,3.47,1.22,4.2,1.35,3.47
2024|Rd 17|St. George Illawarra Dragons|Dolphins,Dolphins,Dolphins,1.93,1.98,1.95,1.85,1.93,1.98
2024|Rd 17|Penrith Panthers|NQ Cowboys,Penrith Panthers,Penrith Panthers,1.27,4.08,1.28,3.6,1.27,4.08
2024|Rd 17|Sydney Roosters|Wests Tigers,Sydney Roosters,Sydney Roosters,1.2,4.89,1.12,6.0,1.2,4.89
2024|Rd 18|Parramatta Eels|South Sydney Rabbitohs,Parramatta Eels,Parramatta Eels,2.39,1.65,1.9,1.9,2.39,1.65
2024|Rd 18|Cronulla Sharks|Gold Coast Titans,Cronulla Sharks,Cronulla Sharks,1.33,3.57,1.4,2.9,1.33,3.57
2024|Rd 18|Brisbane Broncos|Penrith Panthers,Penrith Panthers,Penrith Panthers,2.44,1.62,2.3,1.6,2.44,1.62
2024|Rd 18|Canterbury Bulldogs|New Zealand Warriors,New Zealand Warriors,New Zealand Warriors,1.51,2.73,1.52,2.5,1.51,2.73
2024|Rd 18|Wests Tigers|Melbourne Storm,Melbourne Storm,Melbourne Storm,4.2,1.26,4.2,1.22,4.2,1.26
2024|Rd 18|NQ Cowboys|Manly Sea Eagles,NQ Cowboys,NQ Cowboys,1.78,2.16,1.75,2.05,1.78,2.16
2024|Rd 18|Sydney Roosters|St. George Illawarra Dragons,Sydney Roosters,Sydney Roosters,1.24,4.33,1.22,4.2,1.24,4.33
2024|Rd 18|Canberra Raiders|Newcastle Knights,Newcastle Knights,Canberra Raiders,2.3,1.69,1.9,1.9,2.3,1.69
2024|Rd 19|Dolphins|South Sydney Rabbitohs,Dolphins,Dolphins,1.74,2.21,1.85,1.95,1.74,2.21
2024|Rd 19|Cronulla Sharks|Wests Tigers,Cronulla Sharks,Cronulla Sharks,1.4,3.19,1.24,4.0,1.4,3.19
2024|Rd 19|Gold Coast Titans|Parramatta Eels,Gold Coast Titans,Parramatta Eels,1.35,3.41,1.6,2.3,1.35,3.41
2024|Rd 19|Brisbane Broncos|St. George Illawarra Dragons,Brisbane Broncos,Brisbane Broncos,1.52,2.68,1.47,2.65,1.52,2.68
2024|Rd 19|Manly Sea Eagles|Newcastle Knights,Manly Sea Eagles,Manly Sea Eagles,1.42,3.06,1.78,2.0,1.42,3.06
2024|Rd 20|Canberra Raiders|New Zealand Warriors,Canberra Raiders,Canberra Raiders,1.64,2.38,2.0,1.8,1.64,2.38
2024|Rd 20|South Sydney Rabbitohs|Wests Tigers,South Sydney Rabbitohs,South Sydney Rabbitohs,1.3,3.81,1.28,3.6,1.3,3.81
2024|Rd 20|Newcastle Knights|Brisbane Broncos,Brisbane Broncos,Brisbane Broncos,2.67,1.53,2.25,1.63,2.67,1.53
2024|Rd 20|Melbourne Storm|Sydney Roosters,Melbourne Storm,Melbourne Storm,2.27,1.71,2.0,1.8,2.27,1.71
2024|Rd 20|Penrith Panthers|Dolphins,Penrith Panthers,Penrith Panthers,1.31,3.65,1.2,4.4,1.31,3.65
2024|Rd 20|Manly Sea Eagles|Gold Coast Titans,Manly Sea Eagles,Manly Sea Eagles,1.42,3.02,1.38,3.0,1.42,3.02
2024|Rd 20|NQ Cowboys|Canterbury Bulldogs,NQ Cowboys,NQ Cowboys,1.66,2.35,1.8,2.0,1.66,2.35
2024|Rd 21|New Zealand Warriors|Wests Tigers,New Zealand Warriors,New Zealand Warriors,1.21,4.91,1.24,4.0,1.21,4.91
2024|Rd 21|Parramatta Eels|Melbourne Storm,Melbourne Storm,Melbourne Storm,8.9,1.09,4.75,1.18,8.9,1.09
2024|Rd 21|Brisbane Broncos|Canterbury Bulldogs,Brisbane Broncos,Brisbane Broncos,1.25,4.38,1.45,2.7,1.25,4.38
2024|Rd 21|NQ Cowboys|Cronulla Sharks,Cronulla Sharks,Cronulla Sharks,1.68,2.31,1.8,2.0,1.68,2.31
2024|Rd 21|Sydney Roosters|Manly Sea Eagles,Sydney Roosters,Sydney Roosters,1.38,3.25,1.48,2.6,1.38,3.25
2024|Rd 21|St. George Illawarra Dragons|Penrith Panthers,Penrith Panthers,Penrith Panthers,4.16,1.26,3.8,1.26,4.16,1.26
2024|Rd 21|Dolphins|Gold Coast Titans,Dolphins,Dolphins,1.54,2.63,1.48,2.6,1.54,2.63
2024|Rd 21|Canberra Raiders|South Sydney Rabbitohs,Canberra Raiders,Canberra Raiders,1.65,2.36,1.65,2.2,1.65,2.36
2024|Rd 22|Wests Tigers|NQ Cowboys,NQ Cowboys,NQ Cowboys,3.78,1.31,3.35,1.32,3.78,1.31
2024|Rd 22|New Zealand Warriors|Parramatta Eels,New Zealand Warriors,New Zealand Warriors,1.18,5.19,1.28,3.6,1.18,5.19
2024|Rd 22|Dolphins|Sydney Roosters,Sydney Roosters,Sydney Roosters,4.85,1.22,3.35,1.32,4.85,1.22
2024|Rd 22|Gold Coast Titans|Brisbane Broncos,Brisbane Broncos,Brisbane Broncos,2.47,1.6,3.35,1.32,2.47,1.6
2024|Rd 22|Melbourne Storm|St. George Illawarra Dragons,Melbourne Storm,Melbourne Storm,1.12,6.83,1.2,4.5,1.12,6.83
2024|Rd 22|Cronulla Sharks|South Sydney Rabbitohs,Cronulla Sharks,Cronulla Sharks,1.26,4.13,1.32,3.35,1.26,4.13
2024|Rd 22|Penrith Panthers|Newcastle Knights,Penrith Panthers,Penrith Panthers,1.13,6.38,1.2,4.5,1.13,6.38
2024|Rd 22|Canterbury Bulldogs|Canberra Raiders,Canterbury Bulldogs,Canterbury Bulldogs,1.39,3.25,1.4,2.9,1.39,3.25
2024|Rd 23|South Sydney Rabbitohs|Melbourne Storm,Melbourne Storm,Melbourne Storm,6.07,1.15,4.4,1.2,6.07,1.15
2024|Rd 23|Gold Coast Titans|Cronulla Sharks,Gold Coast Titans,Cronulla Sharks,1.51,2.75,1.95,1.85,1.51,2.75
2024|Rd 23|Parramatta Eels|Penrith Panthers,Penrith Panthers,Penrith Panthers,5.65,1.16,5.5,1.14,5.65,1.16
2024|Rd 23|Canberra Raiders|Manly Sea Eagles,Manly Sea Eagles,Manly Sea Eagles,2.54,1.59,2.15,1.68,2.54,1.59
2024|Rd 23|NQ Cowboys|Brisbane Broncos,NQ Cowboys,NQ Cowboys,1.45,2.92,1.5,2.55,1.45,2.92
2024|Rd 23|St. George Illawarra Dragons|Canterbury Bulldogs,Canterbury Bulldogs,St. George Illawarra Dragons,2.27,1.71,2.3,1.6,2.27,1.71
2024|Rd 23|Dolphins|New Zealand Warriors,Dolphins,Dolphins,1.46,2.92,1.4,2.9,1.46,2.92
2024|Rd 23|Newcastle Knights|Wests Tigers,Newcastle Knights,Newcastle Knights,1.29,4.04,1.3,3.45,1.29,4.04
2024|Rd 24|Penrith Panthers|Melbourne Storm,Penrith Panthers,Penrith Panthers,1.57,2.59,1.5,2.55,1.57,2.59
2024|Rd 24|Manly Sea Eagles|New Zealand Warriors,Manly Sea Eagles,Manly Sea Eagles,1.18,5.48,1.15,5.25,1.18,5.48
2024|Rd 24|Sydney Roosters|Parramatta Eels,Sydney Roosters,Sydney Roosters,1.15,5.99,1.22,4.15,1.15,5.99
2024|Rd 24|Canterbury Bulldogs|Dolphins,Canterbury Bulldogs,Canterbury Bulldogs,1.52,2.71,1.5,2.55,1.52,2.71
2024|Rd 24|NQ Cowboys|Canberra Raiders,NQ Cowboys,NQ Cowboys,1.48,2.85,1.54,2.45,1.48,2.85
2024|Rd 24|Wests Tigers|South Sydney Rabbitohs,South Sydney Rabbitohs,South Sydney Rabbitohs,2.86,1.48,2.55,1.5,2.86,1.48
2024|Rd 24|St. George Illawarra Dragons|Gold Coast Titans,St. George Illawarra Dragons,St. George Illawarra Dragons,1.61,2.47,1.54,2.45,1.61,2.47
2024|Rd 24|Cronulla Sharks|Newcastle Knights,Cronulla Sharks,Cronulla Sharks,1.36,3.39,1.35,3.15,1.36,3.39
2024|Rd 25|Wests Tigers|Manly Sea Eagles,Manly Sea Eagles,Manly Sea Eagles,5.33,1.18,4.6,1.18,5.33,1.18
2024|Rd 25|New Zealand Warriors|Canterbury Bulldogs,Canterbury Bulldogs,New Zealand Warriors,2.49,1.61,2.6,1.48,2.49,1.61
2024|Rd 25|Brisbane Broncos|Parramatta Eels,Brisbane Broncos,Brisbane Broncos,1.32,3.63,1.38,3.0,1.32,3.63
2024|Rd 25|Canberra Raiders|Penrith Panthers,Penrith Panthers,Penrith Panthers,3.37,1.36,3.2,1.34,3.37,1.36
2024|Rd 25|Melbourne Storm|Dolphins,Melbourne Storm,Melbourne Storm,1.19,5.19,1.2,4.4,1.19,5.19
2024|Rd 25|South Sydney Rabbitohs|Newcastle Knights,Newcastle Knights,South Sydney Rabbitohs,2.84,1.48,2.5,1.52,2.84,1.48
2024|Rd 25|Gold Coast Titans|Sydney Roosters,Sydney Roosters,Sydney Roosters,4.96,1.2,4.2,1.22,4.96,1.2
2024|Rd 25|St. George Illawarra Dragons|Cronulla Sharks,Cronulla Sharks,Cronulla Sharks,2.19,1.76,2.3,1.6,2.19,1.76
2024|Rd 26|NQ Cowboys|Melbourne Storm,Melbourne Storm,Melbourne Storm,1.27,4.02,1.37,3.1,1.27,4.02
2024|Rd 26|Canterbury Bulldogs|Manly Sea Eagles,Canterbury Bulldogs,Manly Sea Eagles,1.7,2.31,1.65,2.2,1.7,2.31
2024|Rd 26|Penrith Panthers|South Sydney Rabbitohs,Penrith Panthers,Penrith Panthers,1.1,8.55,1.15,5.2,1.1,8.55
2024|Rd 26|Parramatta Eels|St. George Illawarra Dragons,Parramatta Eels,Parramatta Eels,2.36,1.66,2.3,1.6,2.36,1.66
2024|Rd 26|Dolphins|Brisbane Broncos,Brisbane Broncos,Brisbane Broncos,2.88,1.46,2.5,1.52,2.88,1.46
2024|Rd 26|Cronulla Sharks|New Zealand Warriors,Cronulla Sharks,Cronulla Sharks,1.18,5.5,1.2,4.4,1.18,5.5
2024|Rd 26|Newcastle Knights|Gold Coast Titans,Newcastle Knights,Newcastle Knights,1.29,3.95,1.33,3.25,1.29,3.95
2024|Rd 26|Sydney Roosters|Canberra Raiders,Sydney Roosters,Sydney Roosters,1.14,6.27,1.18,4.7,1.14,6.27
2024|Rd 27|Brisbane Broncos|Melbourne Storm,Melbourne Storm,Melbourne Storm,5.75,1.16,2.7,1.45,5.75,1.16
2024|Rd 27|Wests Tigers|Parramatta Eels,Parramatta Eels,Parramatta Eels,2.35,1.67,2.15,1.7,2.35,1.67
2024|Rd 27|South Sydney Rabbitohs|Sydney Roosters,Sydney Roosters,Sydney Roosters,4.41,1.23,7.0,1.1,4.41,1.23
2024|Rd 27|St. George Illawarra Dragons|Canberra Raiders,St. George Illawarra Dragons,St. George Illawarra Dragons,1.7,2.29,1.55,2.4,1.7,2.29
2024|Rd 27|Canterbury Bulldogs|NQ Cowboys,Canterbury Bulldogs,NQ Cowboys,1.94,1.97,1.7,2.1,1.94,1.97
2024|Rd 27|Penrith Panthers|Gold Coast Titans,Penrith Panthers,Penrith Panthers,1.07,11.28,1.08,7.5,1.07,11.28
2024|Rd 27|Manly Sea Eagles|Cronulla Sharks,Manly Sea Eagles,Manly Sea Eagles,1.82,2.12,1.85,1.95,1.82,2.12
2024|Rd 27|Newcastle Knights|Dolphins,Dolphins,Newcastle Knights,1.77,2.18,1.75,2.05,1.77,2.18
2024|Elim Final|NQ Cowboys|Newcastle Knights,,,,,,,,
2024|GF|Melbourne Storm|Penrith Panthers,Melbourne Storm,Melbourne Storm,1.83,2.11,2.0,1.8,1.83,2.11
2024|Grand Final|Melbourne Storm|Penrith Panthers,,,,,,,,
2024|Prelim|Penrith Panthers|Sydney Roosters,Penrith Panthers,Penrith Panthers,1.37,3.32,1.45,2.75,1.37,3.32
2024|Prelim Final|Melbourne Storm|Sydney Roosters,,,,,,,,
2024|Qual|Cronulla Sharks|NQ Cowboys,Cronulla Sharks,Cronulla Sharks,1.61,2.48,1.65,2.25,1.61,2.48
2024|Qualif Final|Penrith Panthers|Sydney Roosters,,,,,,,,
2024|Semi|Melbourne Storm|Sydney Roosters,Melbourne Storm,Melbourne Storm,1.3,3.89,1.3,3.5,1.3,3.89
2024|Semi Final|Cronulla Sharks|NQ Cowboys,,,,,,,,
2024|Elim Final|Canterbury Bulldogs|Manly Sea Eagles,,,,,,,,
2024|Prelim|Melbourne Storm|Cronulla Sharks,Melbourne Storm,Melbourne Storm,1.29,3.94,1.3,3.5,1.29,3.94
2024|Prelim Final|Penrith Panthers|Cronulla Sharks,,,,,,,,
2024|Qual|Sydney Roosters|Manly Sea Eagles,Sydney Roosters,Sydney Roosters,,,,,,
2024|Qualif Final|Melbourne Storm|Cronulla Sharks,,,,,,,,
2024|Semi|Penrith Panthers|Cronulla Sharks,Penrith Panthers,Penrith Panthers,1.2,5.15,1.25,4.0,1.2,5.15
2024|Semi Final|Sydney Roosters|Manly Sea Eagles,,,,,,,,
2024|Prelim|NQ Cowboys|Newcastle Knights,NQ Cowboys,NQ Cowboys,1.36,3.47,1.45,2.75,1.36,3.47
2024|Prelim|Canterbury Bulldogs|Manly Sea Eagles,Manly Sea Eagles,Manly Sea Eagles,2.09,1.84,1.8,2.0,2.09,1.84
2025|Rd 1|Canberra Raiders|New Zealand Warriors,Canberra Raiders,Canberra Raiders,2.24,1.72,2.6,1.5,2.24,1.72
2025|Rd 1|Penrith Panthers|Cronulla Sharks,Penrith Panthers,Penrith Panthers,1.72,2.25,1.58,2.4,1.72,2.25
2025|Rd 1|Sydney Roosters|Brisbane Broncos,Sydney Roosters,Brisbane Broncos,3.25,1.39,2.0,1.8,3.25,1.39
2025|Rd 1|Wests Tigers|Newcastle Knights,Wests Tigers,Newcastle Knights,2.38,1.65,1.7,2.15,2.38,1.65
2025|Rd 1|South Sydney Rabbitohs|Dolphins,Dolphins,South Sydney Rabbitohs,1.88,2.02,1.55,2.45,1.88,2.02
2025|Rd 1|St. George Illawarra Dragons|Canterbury Bulldogs,Canterbury Bulldogs,St. George Illawarra Dragons,2.33,1.67,3.5,1.3,2.33,1.67
2025|Rd 1|Manly Sea Eagles|NQ Cowboys,Manly Sea Eagles,Manly Sea Eagles,1.41,3.08,1.6,2.35,1.41,3.08
2025|Rd 1|Melbourne Storm|Parramatta Eels,Melbourne Storm,Melbourne Storm,1.09,8.01,1.25,4.0,1.09,8.01
2025|Rd 2|Newcastle Knights|Dolphins,Newcastle Knights,Newcastle Knights,1.59,2.5,1.6,2.3,1.59,2.5
2025|Rd 2|New Zealand Warriors|Manly Sea Eagles,Manly Sea Eagles,Manly Sea Eagles,3.51,1.33,2.7,1.45,3.51,1.33
2025|Rd 2|Penrith Panthers|Sydney Roosters,Penrith Panthers,Penrith Panthers,1.06,10.29,1.12,6.0,1.06,10.29
2025|Rd 2|St. George Illawarra Dragons|South Sydney Rabbitohs,St. George Illawarra Dragons,St. George Illawarra Dragons,1.45,2.94,1.45,2.7,1.45,2.94
2025|Rd 2|NQ Cowboys|Cronulla Sharks,Cronulla Sharks,NQ Cowboys,3.38,1.35,2.6,1.48,3.38,1.35
2025|Rd 2|Canberra Raiders|Brisbane Broncos,Brisbane Broncos,Brisbane Broncos,4.25,1.25,3.7,1.27,4.25,1.25
2025|Rd 2|Parramatta Eels|Wests Tigers,Wests Tigers,Parramatta Eels,2.46,1.59,2.25,1.65,2.46,1.59
2025|Rd 2|Canterbury Bulldogs|Gold Coast Titans,Canterbury Bulldogs,Canterbury Bulldogs,1.43,3.02,1.4,2.9,1.43,3.02
2025|Rd 3|Melbourne Storm|Penrith Panthers,Melbourne Storm,Melbourne Storm,1.33,3.48,1.43,2.85,1.33,3.48
2025|Rd 3|New Zealand Warriors|Sydney Roosters,New Zealand Warriors,Sydney Roosters,1.91,1.97,1.74,2.1,1.91,1.97
2025|Rd 3|Brisbane Broncos|NQ Cowboys,Brisbane Broncos,Brisbane Broncos,1.13,6.1,1.22,4.25,1.13,6.1
2025|Rd 3|Cronulla Sharks|South Sydney Rabbitohs,Cronulla Sharks,Cronulla Sharks,1.16,5.45,1.18,4.8,1.16,5.45
2025|Rd 3|Dolphins|Wests Tigers,Wests Tigers,Dolphins,1.77,2.15,2.0,1.8,1.77,2.15
2025|Rd 3|Gold Coast Titans|Newcastle Knights,Newcastle Knights,Newcastle Knights,1.82,2.07,1.9,1.9,1.82,2.07
2025|Rd 3|Parramatta Eels|Canterbury Bulldogs,Canterbury Bulldogs,Canterbury Bulldogs,3.13,1.39,2.6,1.5,3.13,1.39
2025|Rd 3|Manly Sea Eagles|Canberra Raiders,Canberra Raiders,Manly Sea Eagles,1.71,2.22,1.52,2.55,1.71,2.22
2025|Rd 4|South Sydney Rabbitohs|Penrith Panthers,Penrith Panthers,Penrith Panthers,3.53,1.33,3.15,1.35,3.53,1.33
2025|Rd 4|Sydney Roosters|Gold Coast Titans,Sydney Roosters,Sydney Roosters,1.5,2.73,1.55,2.4,1.5,2.73
2025|Rd 4|Dolphins|Brisbane Broncos,Brisbane Broncos,Brisbane Broncos,4.28,1.24,4.5,1.2,4.28,1.24
2025|Rd 4|St. George Illawarra Dragons|Melbourne Storm,Melbourne Storm,Melbourne Storm,3.32,1.35,2.8,1.42,3.32,1.35
2025|Rd 4|NQ Cowboys|Canberra Raiders,Canberra Raiders,NQ Cowboys,1.88,2.0,1.89,1.89,1.88,2.0
2025|Rd 4|Cronulla Sharks|Canterbury Bulldogs,Cronulla Sharks,Cronulla Sharks,1.26,4.06,1.26,3.75,1.26,4.06
2025|Rd 4|Manly Sea Eagles|Parramatta Eels,Manly Sea Eagles,Manly Sea Eagles,1.15,5.71,1.16,5.0,1.15,5.71
2025|Rd 4|Wests Tigers|New Zealand Warriors,Wests Tigers,New Zealand Warriors,1.61,2.43,1.65,2.2,1.61,2.43
2025|Rd 5|Canberra Raiders|Cronulla Sharks,Canberra Raiders,Cronulla Sharks,2.43,1.61,2.6,1.5,2.43,1.61
2025|Rd 5|Penrith Panthers|NQ Cowboys,Penrith Panthers,Penrith Panthers,1.21,4.65,1.22,4.25,1.21,4.65
2025|Rd 5|South Sydney Rabbitohs|Sydney Roosters,South Sydney Rabbitohs,South Sydney Rabbitohs,1.68,2.27,1.8,2.0,1.68,2.27
2025|Rd 5|Parramatta Eels|St. George Illawarra Dragons,St. George Illawarra Dragons,Parramatta Eels,2.57,1.55,2.45,1.55,2.57,1.55
2025|Rd 5|Gold Coast Titans|Dolphins,Gold Coast Titans,Gold Coast Titans,1.53,2.65,1.48,2.65,1.53,2.65
2025|Rd 5|Brisbane Broncos|Wests Tigers,Brisbane Broncos,Brisbane Broncos,1.15,5.67,1.22,4.25,1.15,5.67
2025|Rd 5|Manly Sea Eagles|Melbourne Storm,Melbourne Storm,Melbourne Storm,2.97,1.43,2.45,1.55,2.97,1.43
2025|Rd 5|Canterbury Bulldogs|Newcastle Knights,Canterbury Bulldogs,Canterbury Bulldogs,1.48,2.78,1.46,2.7,1.48,2.78
2025|Rd 6|Dolphins|Penrith Panthers,Penrith Panthers,Penrith Panthers,3.11,1.4,2.9,1.4,3.11,1.4
2025|Rd 6|St. George Illawarra Dragons|Gold Coast Titans,St. George Illawarra Dragons,St. George Illawarra Dragons,1.55,2.59,1.68,2.15,1.55,2.59
2025|Rd 6|Brisbane Broncos|Sydney Roosters,Brisbane Broncos,Brisbane Broncos,1.2,4.8,1.3,3.45,1.2,4.8
2025|Rd 6|Cronulla Sharks|Manly Sea Eagles,Cronulla Sharks,Cronulla Sharks,1.51,2.65,1.5,2.55,1.51,2.65
2025|Rd 6|South Sydney Rabbitohs|NQ Cowboys,South Sydney Rabbitohs,South Sydney Rabbitohs,2.07,1.81,1.95,1.85,2.07,1.81
2025|Rd 6|Parramatta Eels|Canberra Raiders,Canberra Raiders,Canberra Raiders,2.95,1.43,2.55,1.5,2.95,1.43
2025|Rd 6|Melbourne Storm|New Zealand Warriors,Melbourne Storm,Melbourne Storm,1.16,5.42,1.18,4.75,1.16,5.42
2025|Rd 6|Newcastle Knights|Wests Tigers,Newcastle Knights,Newcastle Knights,1.82,2.09,1.47,2.65,1.82,2.09
2025|Rd 7|Manly Sea Eagles|St. George Illawarra Dragons,Manly Sea Eagles,Manly Sea Eagles,1.57,2.48,1.6,2.35,1.57,2.48
2025|Rd 7|Canterbury Bulldogs|South Sydney Rabbitohs,Canterbury Bulldogs,Canterbury Bulldogs,1.31,3.61,1.33,3.3,1.31,3.61
2025|Rd 7|Dolphins|Melbourne Storm,Melbourne Storm,Melbourne Storm,3.86,1.28,3.9,1.25,3.86,1.28
2025|Rd 7|New Zealand Warriors|Brisbane Broncos,Brisbane Broncos,Brisbane Broncos,3.19,1.39,3.0,1.38,3.19,1.39
2025|Rd 7|Sydney Roosters|Penrith Panthers,Sydney Roosters,Penrith Panthers,2.51,1.57,2.2,1.66,2.51,1.57
2025|Rd 7|Gold Coast Titans|Canberra Raiders,Canberra Raiders,Canberra Raiders,2.7,1.52,1.95,1.85,2.7,1.52
2025|Rd 7|Newcastle Knights|Cronulla Sharks,Cronulla Sharks,Cronulla Sharks,3.21,1.39,3.0,1.38,3.21,1.39
2025|Rd 7|Wests Tigers|Parramatta Eels,Wests Tigers,Wests Tigers,1.7,2.25,1.45,2.7,1.7,2.25
2025|Rd 8|Brisbane Broncos|Canterbury Bulldogs,Canterbury Bulldogs,Brisbane Broncos,2.49,1.58,2.4,1.57,2.49,1.58
2025|Rd 8|Sydney Roosters|St. George Illawarra Dragons,St. George Illawarra Dragons,Sydney Roosters,1.84,2.07,1.9,1.9,1.84,2.07
2025|Rd 8|New Zealand Warriors|Newcastle Knights,New Zealand Warriors,New Zealand Warriors,1.39,3.2,1.45,2.75,1.39,3.2
2025|Rd 8|Melbourne Storm|South Sydney Rabbitohs,Melbourne Storm,Melbourne Storm,1.19,5.05,1.17,4.95,1.19,5.05
2025|Rd 8|NQ Cowboys|Gold Coast Titans,NQ Cowboys,NQ Cowboys,1.36,3.31,1.45,2.75,1.36,3.31
2025|Rd 8|Penrith Panthers|Manly Sea Eagles,Penrith Panthers,Penrith Panthers,1.53,2.62,1.36,3.1,1.53,2.62
2025|Rd 8|Canberra Raiders|Dolphins,Canberra Raiders,Canberra Raiders,1.5,2.72,1.56,2.4,1.5,2.72
2025|Rd 8|Wests Tigers|Cronulla Sharks,Cronulla Sharks,Cronulla Sharks,2.78,1.49,2.9,1.45,2.78,1.49
2025|Rd 9|Cronulla Sharks|Parramatta Eels,Cronulla Sharks,Cronulla Sharks,1.47,2.8,1.48,2.65,1.47,2.8
2025|Rd 9|Sydney Roosters|Dolphins,Sydney Roosters,Sydney Roosters,1.97,1.9,1.85,1.95,1.97,1.9
2025|Rd 9|South Sydney Rabbitohs|Newcastle Knights,South Sydney Rabbitohs,South Sydney Rabbitohs,2.37,1.64,1.7,2.15,2.37,1.64
2025|Rd 9|New Zealand Warriors|NQ Cowboys,NQ Cowboys,New Zealand Warriors,2.29,1.69,1.95,1.85,2.29,1.69
2025|Rd 9|Wests Tigers|St. George Illawarra Dragons,Wests Tigers,Wests Tigers,1.82,2.06,1.9,1.9,1.82,2.06
2025|Rd 9|Gold Coast Titans|Canterbury Bulldogs,Canterbury Bulldogs,Canterbury Bulldogs,3.87,1.28,4.0,1.24,3.87,1.28
2025|Rd 9|Penrith Panthers|Brisbane Broncos,Brisbane Broncos,Penrith Panthers,2.64,1.51,2.2,1.67,2.64,1.51
2025|Rd 9|Melbourne Storm|Canberra Raiders,Melbourne Storm,Melbourne Storm,1.5,2.7,1.5,2.6,1.5,2.7
2025|Rd 10|Parramatta Eels|Dolphins,Parramatta Eels,Dolphins,1.77,2.12,1.8,2.0,1.77,2.12
2025|Rd 10|Newcastle Knights|Gold Coast Titans,Newcastle Knights,Newcastle Knights,1.49,2.76,1.52,2.5,1.49,2.76
2025|Rd 10|South Sydney Rabbitohs|Brisbane Broncos,Brisbane Broncos,Brisbane Broncos,3.69,1.3,3.3,1.32,3.69,1.3
2025|Rd 10|Canberra Raiders|Canterbury Bulldogs,Canberra Raiders,Canberra Raiders,1.73,2.2,1.9,1.9,1.73,2.2
2025|Rd 10|St. George Illawarra Dragons|New Zealand Warriors,New Zealand Warriors,New Zealand Warriors,2.07,1.82,2.0,1.8,2.07,1.82
2025|Rd 10|NQ Cowboys|Penrith Panthers,Penrith Panthers,Penrith Panthers,2.48,1.58,2.3,1.6,2.48,1.58
2025|Rd 10|Melbourne Storm|Wests Tigers,Melbourne Storm,Melbourne Storm,1.19,4.93,1.22,4.25,1.19,4.93
2025|Rd 10|Manly Sea Eagles|Cronulla Sharks,Manly Sea Eagles,Manly Sea Eagles,1.7,2.24,1.65,2.2,1.7,2.24
2025|Rd 11|Newcastle Knights|Parramatta Eels,Newcastle Knights,Newcastle Knights,1.98,1.9,1.68,2.2,1.98,1.9
2025|Rd 11|Canterbury Bulldogs|Sydney Roosters,Canterbury Bulldogs,Canterbury Bulldogs,1.52,2.68,1.37,3.1,1.52,2.68
2025|Rd 11|Dolphins|New Zealand Warriors,New Zealand Warriors,Dolphins,2.04,1.85,1.95,1.85,2.04,1.85
2025|Rd 11|NQ Cowboys|Manly Sea Eagles,NQ Cowboys,NQ Cowboys,1.76,2.14,1.74,2.1,1.76,2.14
2025|Rd 11|Cronulla Sharks|Melbourne Storm,Cronulla Sharks,Cronulla Sharks,2.74,1.5,2.35,1.6,2.74,1.5
2025|Rd 11|Brisbane Broncos|St. George Illawarra Dragons,Brisbane Broncos,Brisbane Broncos,1.29,3.75,1.3,3.55,1.29,3.75
2025|Rd 11|Canberra Raiders|Gold Coast Titans,Canberra Raiders,Canberra Raiders,1.3,3.74,1.35,3.2,1.3,3.74
2025|Rd 11|Wests Tigers|South Sydney Rabbitohs,South Sydney Rabbitohs,Wests Tigers,1.94,1.94,1.9,1.9,1.94,1.94
2025|Rd 12|Canterbury Bulldogs|Dolphins,Canterbury Bulldogs,Canterbury Bulldogs,1.46,2.87,1.22,4.25,1.46,2.87
2025|Rd 12|Parramatta Eels|Manly Sea Eagles,Manly Sea Eagles,Manly Sea Eagles,2.73,1.49,2.65,1.47,2.73,1.49
2025|Rd 12|Penrith Panthers|Newcastle Knights,Penrith Panthers,Penrith Panthers,1.54,2.61,1.34,3.2,1.54,2.61
2025|Rd 12|Sydney Roosters|Cronulla Sharks,Cronulla Sharks,Cronulla Sharks,3.67,1.3,2.55,1.5,3.67,1.3
2025|Rd 12|New Zealand Warriors|Canberra Raiders,New Zealand Warriors,New Zealand Warriors,1.81,2.08,1.65,2.25,1.81,2.08
2025|Rd 13|St. George Illawarra Dragons|Newcastle Knights,St. George Illawarra Dragons,St. George Illawarra Dragons,,,,,,
2025|Rd 13|Gold Coast Titans|Melbourne Storm,Melbourne Storm,Melbourne Storm,4.54,1.21,3.6,1.28,4.54,1.21
2025|Rd 13|NQ Cowboys|Wests Tigers,NQ Cowboys,NQ Cowboys,1.38,3.15,1.4,2.9,1.38,3.15
2025|Rd 13|Manly Sea Eagles|Brisbane Broncos,Manly Sea Eagles,Manly Sea Eagles,2.2,1.72,1.65,2.2,2.2,1.72
2025|Rd 13|South Sydney Rabbitohs|New Zealand Warriors,New Zealand Warriors,New Zealand Warriors,2.27,1.69,2.05,1.75,2.27,1.69
2025|Rd 13|Penrith Panthers|Parramatta Eels,Penrith Panthers,Penrith Panthers,1.55,2.54,1.6,2.3,1.55,2.54
2025|Rd 13|Sydney Roosters|Canberra Raiders,Canberra Raiders,Sydney Roosters,1.6,2.48,1.9,1.9,1.6,2.48
2025|Rd 14|Newcastle Knights|Manly Sea Eagles,Manly Sea Eagles,Manly Sea Eagles,3.09,1.4,2.45,1.53,3.09,1.4
2025|Rd 14|Melbourne Storm|NQ Cowboys,Melbourne Storm,Melbourne Storm,1.19,4.87,1.23,4.1,1.19,4.87
2025|Rd 14|Dolphins|St. George Illawarra Dragons,Dolphins,Dolphins,1.48,2.76,1.6,2.3,1.48,2.76
2025|Rd 14|Cronulla Sharks|New Zealand Warriors,Cronulla Sharks,Cronulla Sharks,1.4,3.06,1.45,2.7,1.4,3.06
2025|Rd 14|Brisbane Broncos|Gold Coast Titans,Brisbane Broncos,Brisbane Broncos,1.29,3.75,1.4,2.9,1.29,3.75
2025|Rd 14|Canberra Raiders|South Sydney Rabbitohs,Canberra Raiders,Canberra Raiders,1.41,3.07,1.4,2.9,1.41,3.07
2025|Rd 14|Wests Tigers|Penrith Panthers,Penrith Panthers,Penrith Panthers,3.75,1.29,3.5,1.3,3.75,1.29
2025|Rd 14|Canterbury Bulldogs|Parramatta Eels,Canterbury Bulldogs,Canterbury Bulldogs,1.44,2.93,1.4,2.9,1.44,2.93
2025|Rd 15|Cronulla Sharks|St. George Illawarra Dragons,Cronulla Sharks,Cronulla Sharks,1.23,4.32,1.32,3.4,1.23,4.32
2025|Rd 15|Gold Coast Titans|Manly Sea Eagles,Manly Sea Eagles,Manly Sea Eagles,3.99,1.26,3.4,1.32,3.99,1.26
2025|Rd 15|Newcastle Knights|Sydney Roosters,Sydney Roosters,Sydney Roosters,3.58,1.32,2.55,1.5,3.58,1.32
2025|Rd 15|NQ Cowboys|Dolphins,Dolphins,NQ Cowboys,2.71,1.51,2.25,1.65,2.71,1.51
2025|Rd 15|South Sydney Rabbitohs|Canterbury Bulldogs,Canterbury Bulldogs,Canterbury Bulldogs,3.08,1.41,2.8,1.43,3.08,1.41
2025|Rd 16|Wests Tigers|Canberra Raiders,Canberra Raiders,Canberra Raiders,3.49,1.32,3.15,1.35,3.49,1.32
2025|Rd 16|New Zealand Warriors|Penrith Panthers,New Zealand Warriors,Penrith Panthers,1.21,4.66,1.26,3.75,1.21,4.66
2025|Rd 16|Dolphins|Newcastle Knights,Dolphins,Dolphins,1.25,4.08,1.34,3.2,1.25,4.08
2025|Rd 16|South Sydney Rabbitohs|Melbourne Storm,Melbourne Storm,Melbourne Storm,4.46,1.22,2.9,1.4,4.46,1.22
2025|Rd 16|Brisbane Broncos|Cronulla Sharks,Brisbane Broncos,Brisbane Broncos,1.55,2.55,1.5,2.55,1.55,2.55
2025|Rd 16|Sydney Roosters|NQ Cowboys,Sydney Roosters,Sydney Roosters,1.36,3.24,1.48,2.6,1.36,3.24
2025|Rd 16|Parramatta Eels|Gold Coast Titans,Gold Coast Titans,Parramatta Eels,2.19,1.72,2.0,1.8,2.19,1.72
2025|Rd 17|Penrith Panthers|Canterbury Bulldogs,Canterbury Bulldogs,Penrith Panthers,2.03,1.85,2.1,1.72,2.03,1.85
2025|Rd 17|Manly Sea Eagles|Wests Tigers,Manly Sea Eagles,Manly Sea Eagles,1.33,3.44,1.54,2.45,1.33,3.44
2025|Rd 17|Newcastle Knights|Canberra Raiders,Canberra Raiders,Canberra Raiders,2.69,1.49,3.2,1.34,2.69,1.49
2025|Rd 17|Brisbane Broncos|New Zealand Warriors,Brisbane Broncos,Brisbane Broncos,1.51,2.64,1.5,2.55,1.51,2.64
2025|Rd 17|St. George Illawarra Dragons|Parramatta Eels,St. George Illawarra Dragons,St. George Illawarra Dragons,1.68,2.24,1.63,2.25,1.68,2.24
2025|Rd 17|Dolphins|South Sydney Rabbitohs,Dolphins,Dolphins,1.6,2.42,1.56,2.4,1.6,2.42
2025|Rd 17|Melbourne Storm|Cronulla Sharks,Melbourne Storm,Melbourne Storm,1.29,3.63,1.33,3.25,1.29,3.63
2025|Rd 17|Gold Coast Titans|NQ Cowboys,NQ Cowboys,NQ Cowboys,2.19,1.71,2.2,1.65,2.19,1.71
2025|Rd 18|Canterbury Bulldogs|Brisbane Broncos,Canterbury Bulldogs,Brisbane Broncos,1.38,3.17,1.55,2.45,1.38,3.17
2025|Rd 18|Canberra Raiders|St. George Illawarra Dragons,Canberra Raiders,Canberra Raiders,1.24,4.2,1.35,3.2,1.24,4.2
2025|Rd 18|NQ Cowboys|Melbourne Storm,Melbourne Storm,Melbourne Storm,3.02,1.41,3.65,1.28,3.02,1.41
2025|Rd 18|Sydney Roosters|Wests Tigers,Sydney Roosters,Sydney Roosters,1.26,4.08,1.2,4.5,1.26,4.08
2025|Rd 18|Manly Sea Eagles|South Sydney Rabbitohs,Manly Sea Eagles,Manly Sea Eagles,1.34,3.45,1.35,3.2,1.34,3.45
2025|Rd 19|Cronulla Sharks|Dolphins,Dolphins,Cronulla Sharks,1.52,2.64,1.68,2.15,1.52,2.64
2025|Rd 19|Newcastle Knights|Melbourne Storm,Melbourne Storm,Melbourne Storm,3.43,1.34,4.0,1.24,3.43,1.34
2025|Rd 19|St. George Illawarra Dragons|Sydney Roosters,Sydney Roosters,Sydney Roosters,2.63,1.52,2.55,1.5,2.63,1.52
2025|Rd 19|NQ Cowboys|Canterbury Bulldogs,Canterbury Bulldogs,Canterbury Bulldogs,2.62,1.52,2.85,1.42,2.62,1.52
2025|Rd 19|New Zealand Warriors|Wests Tigers,New Zealand Warriors,New Zealand Warriors,1.44,2.89,1.37,3.05,1.44,2.89
2025|Rd 19|Parramatta Eels|Penrith Panthers,Penrith Panthers,Penrith Panthers,3.3,1.36,3.75,1.27,3.3,1.36
2025|Rd 19|Gold Coast Titans|Brisbane Broncos,Brisbane Broncos,Brisbane Broncos,3.6,1.31,3.75,1.27,3.6,1.31
2025|Rd 20|Dolphins|NQ Cowboys,Dolphins,Dolphins,1.47,2.78,1.53,2.45,1.47,2.78
2025|Rd 20|Cronulla Sharks|Sydney Roosters,Cronulla Sharks,Cronulla Sharks,1.83,2.04,1.63,2.25,1.83,2.04
2025|Rd 20|Penrith Panthers|South Sydney Rabbitohs,Penrith Panthers,Penrith Panthers,1.24,4.27,1.22,4.2,1.24,4.27
2025|Rd 20|Canberra Raiders|Parramatta Eels,Canberra Raiders,Canberra Raiders,1.17,5.23,1.32,3.3,1.17,5.23
2025|Rd 20|Canterbury Bulldogs|St. George Illawarra Dragons,Canterbury Bulldogs,Canterbury Bulldogs,1.24,4.23,1.32,3.3,1.24,4.23
2025|Rd 20|Melbourne Storm|Manly Sea Eagles,Melbourne Storm,Melbourne Storm,1.3,3.71,1.33,3.25,1.3,3.71
2025|Rd 20|Wests Tigers|Gold Coast Titans,Wests Tigers,Wests Tigers,1.67,2.27,1.53,2.45,1.67,2.27
2025|Rd 20|Newcastle Knights|New Zealand Warriors,New Zealand Warriors,New Zealand Warriors,2.89,1.44,2.6,1.48,2.89,1.44
2025|Rd 21|Sydney Roosters|Melbourne Storm,Melbourne Storm,Melbourne Storm,2.4,1.61,2.6,1.5,2.4,1.61
2025|Rd 21|NQ Cowboys|St. George Illawarra Dragons,NQ Cowboys,NQ Cowboys,1.65,2.3,1.55,2.45,1.65,2.3
2025|Rd 21|Brisbane Broncos|Parramatta Eels,Brisbane Broncos,Brisbane Broncos,1.18,5.05,1.2,4.5,1.18,5.05
2025|Rd 21|New Zealand Warriors|Gold Coast Titans,New Zealand Warriors,New Zealand Warriors,1.27,3.93,1.3,3.4,1.27,3.93
2025|Rd 21|Penrith Panthers|Wests Tigers,Penrith Panthers,Penrith Panthers,1.2,4.62,1.25,4.0,1.2,4.62
2025|Rd 21|South Sydney Rabbitohs|Cronulla Sharks,Cronulla Sharks,Cronulla Sharks,4.83,1.19,4.2,1.23,4.83,1.19
2025|Rd 21|Canberra Raiders|Newcastle Knights,Canberra Raiders,Canberra Raiders,1.17,5.2,1.2,4.5,1.17,5.2
2025|Rd 21|Canterbury Bulldogs|Manly Sea Eagles,Canterbury Bulldogs,Canterbury Bulldogs,1.63,2.35,1.6,2.35,1.63,2.35
2025|Rd 22|Parramatta Eels|Melbourne Storm,Melbourne Storm,Melbourne Storm,3.57,1.32,3.15,1.35,3.57,1.32
2025|Rd 22|New Zealand Warriors|Dolphins,New Zealand Warriors,New Zealand Warriors,2.45,1.59,1.72,2.1,2.45,1.59
2025|Rd 22|Brisbane Broncos|South Sydney Rabbitohs,Brisbane Broncos,Brisbane Broncos,1.11,7.02,1.18,4.75,1.11,7.02
2025|Rd 22|Gold Coast Titans|Penrith Panthers,Penrith Panthers,Penrith Panthers,4.82,1.2,4.0,1.24,4.82,1.2
2025|Rd 22|St. George Illawarra Dragons|Canberra Raiders,Canberra Raiders,Canberra Raiders,3.07,1.41,2.7,1.45,3.07,1.41
2025|Rd 22|Manly Sea Eagles|Sydney Roosters,Manly Sea Eagles,Manly Sea Eagles,1.88,1.98,1.72,2.1,1.88,1.98
2025|Rd 22|Wests Tigers|Canterbury Bulldogs,Canterbury Bulldogs,Canterbury Bulldogs,3.7,1.3,4.0,1.24,3.7,1.3
2025|Rd 22|Cronulla Sharks|NQ Cowboys,Cronulla Sharks,Cronulla Sharks,1.35,3.31,1.38,3.0,1.35,3.31
2025|Rd 23|Melbourne Storm|Brisbane Broncos,Melbourne Storm,Melbourne Storm,1.55,2.57,1.47,2.65,1.55,2.57
2025|Rd 23|Newcastle Knights|Penrith Panthers,Penrith Panthers,Penrith Panthers,4.48,1.22,3.9,1.25,4.48,1.22
2025|Rd 23|Canberra Raiders|Manly Sea Eagles,Canberra Raiders,Canberra Raiders,1.42,3.0,1.42,2.85,1.42,3.0
2025|Rd 23|St. George Illawarra Dragons|Cronulla Sharks,Cronulla Sharks,Cronulla Sharks,2.87,1.44,2.55,1.5,2.87,1.44
2025|Rd 23|Dolphins|Sydney Roosters,Dolphins,Dolphins,2.05,1.81,1.95,1.85,2.05,1.81
2025|Rd 23|Canterbury Bulldogs|New Zealand Warriors,Canterbury Bulldogs,Canterbury Bulldogs,1.39,3.15,1.3,3.5,1.39,3.15
2025|Rd 23|Gold Coast Titans|South Sydney Rabbitohs,Gold Coast Titans,Gold Coast Titans,1.61,2.4,1.49,2.6,1.61,2.4
2025|Rd 23|Parramatta Eels|NQ Cowboys,Parramatta Eels,NQ Cowboys,1.59,2.43,1.62,2.3,1.59,2.43
2025|Rd 24|Penrith Panthers|Melbourne Storm,Penrith Panthers,Penrith Panthers,1.5,2.72,1.8,1.98,1.5,2.72
2025|Rd 24|New Zealand Warriors|St. George Illawarra Dragons,New Zealand Warriors,New Zealand Warriors,1.56,2.54,1.53,2.45,1.56,2.54
2025|Rd 24|Sydney Roosters|Canterbury Bulldogs,Canterbury Bulldogs,Sydney Roosters,2.05,1.83,2.2,1.65,2.05,1.83
2025|Rd 24|Cronulla Sharks|Gold Coast Titans,Cronulla Sharks,Cronulla Sharks,1.35,3.26,1.3,3.45,1.35,3.26
2025|Rd 24|Brisbane Broncos|Dolphins,Brisbane Broncos,Brisbane Broncos,1.68,2.26,1.65,2.2,1.68,2.26
2025|Rd 24|South Sydney Rabbitohs|Parramatta Eels,Parramatta Eels,South Sydney Rabbitohs,2.88,1.44,2.25,1.63,2.88,1.44
2025|Rd 24|Wests Tigers|Manly Sea Eagles,Manly Sea Eagles,Manly Sea Eagles,2.23,1.69,2.5,1.51,2.23,1.69
2025|Rd 24|NQ Cowboys|Newcastle Knights,NQ Cowboys,NQ Cowboys,1.35,3.32,1.45,2.7,1.35,3.32
2025|Rd 25|South Sydney Rabbitohs|St. George Illawarra Dragons,St. George Illawarra Dragons,South Sydney Rabbitohs,1.87,2.02,2.25,1.62,1.87,2.02
2025|Rd 25|Penrith Panthers|Canberra Raiders,Penrith Panthers,Penrith Panthers,1.63,2.39,1.7,2.1,1.63,2.39
2025|Rd 25|Melbourne Storm|Canterbury Bulldogs,Melbourne Storm,Melbourne Storm,1.46,2.83,1.4,2.85,1.46,2.83
2025|Rd 25|Manly Sea Eagles|Dolphins,Dolphins,Manly Sea Eagles,2.0,1.86,1.75,2.05,2.0,1.86
2025|Rd 25|Gold Coast Titans|New Zealand Warriors,New Zealand Warriors,New Zealand Warriors,2.21,1.7,2.25,1.62,2.21,1.7
2025|Rd 25|Parramatta Eels|Sydney Roosters,Sydney Roosters,Sydney Roosters,3.48,1.33,3.3,1.32,3.48,1.33
2025|Rd 25|Newcastle Knights|Brisbane Broncos,Brisbane Broncos,Brisbane Broncos,4.06,1.26,3.05,1.36,4.06,1.26
2025|Rd 25|Wests Tigers|NQ Cowboys,Wests Tigers,NQ Cowboys,1.67,2.28,1.7,2.1,1.67,2.28
2025|Rd 26|Canterbury Bulldogs|Penrith Panthers,Canterbury Bulldogs,Canterbury Bulldogs,1.09,8.05,2.4,1.56,1.09,8.05
2025|Rd 26|New Zealand Warriors|Parramatta Eels,New Zealand Warriors,New Zealand Warriors,1.56,2.53,1.56,2.4,1.56,2.53
2025|Rd 26|Melbourne Storm|Sydney Roosters,Melbourne Storm,Melbourne Storm,1.81,2.08,1.48,2.6,1.81,2.08
2025|Rd 26|Canberra Raiders|Wests Tigers,Canberra Raiders,Canberra Raiders,1.21,4.59,1.26,3.75,1.21,4.59
2025|Rd 26|St. George Illawarra Dragons|Manly Sea Eagles,Manly Sea Eagles,Manly Sea Eagles,1.98,1.9,1.95,1.85,1.98,1.9
2025|Rd 26|NQ Cowboys|Brisbane Broncos,Brisbane Broncos,Brisbane Broncos,2.63,1.52,2.55,1.5,2.63,1.52
2025|Rd 26|Cronulla Sharks|Newcastle Knights,Cronulla Sharks,Cronulla Sharks,1.09,7.4,1.12,6.0,1.09,7.4
2025|Rd 26|Dolphins|Gold Coast Titans,Dolphins,Dolphins,1.42,2.99,1.65,2.2,1.42,2.99
2025|Rd 27|Brisbane Broncos|Melbourne Storm,Melbourne Storm,Melbourne Storm,2.59,1.54,1.9,1.9,2.59,1.54
2025|Rd 27|Manly Sea Eagles|New Zealand Warriors,Manly Sea Eagles,Manly Sea Eagles,1.5,2.68,1.5,2.55,1.5,2.68
2025|Rd 27|Sydney Roosters|South Sydney Rabbitohs,Sydney Roosters,Sydney Roosters,1.25,4.18,1.4,2.9,1.25,4.18
2025|Rd 27|St. George Illawarra Dragons|Penrith Panthers,Penrith Panthers,Penrith Panthers,5.65,1.14,3.15,1.35,5.65,1.14
2025|Rd 27|Gold Coast Titans|Wests Tigers,Wests Tigers,Gold Coast Titans,1.97,1.9,1.95,1.85,1.97,1.9
2025|Rd 27|Canterbury Bulldogs|Cronulla Sharks,Canterbury Bulldogs,Canterbury Bulldogs,1.51,2.67,1.6,2.3,1.51,2.67
2025|Rd 27|Dolphins|Canberra Raiders,Canberra Raiders,Canberra Raiders,1.24,4.2,1.36,3.1,1.24,4.2
2025|Rd 27|Parramatta Eels|Newcastle Knights,Parramatta Eels,Parramatta Eels,1.2,4.77,1.25,3.9,1.2,4.77
2025|Elim Final|Cronulla Sharks|Sydney Roosters,,,,,,,,
2025|GF|Melbourne Storm|Brisbane Broncos,Melbourne Storm,Brisbane Broncos,1.7,2.24,1.7,2.15,1.72,2.15
2025|Grand Final|Melbourne Storm|Brisbane Broncos,,,,,,,,
2025|Prelim|Melbourne Storm|Canterbury Bulldogs,Melbourne Storm,Melbourne Storm,1.46,2.85,1.5,2.6,1.46,2.85
2025|Prelim Final|Melbourne Storm|Cronulla Sharks,,,,,,,,
2025|Qual|Canberra Raiders|Cronulla Sharks,Canberra Raiders,Canberra Raiders,1.78,2.12,1.53,2.5,1.78,2.12
2025|Qualif Final|Melbourne Storm|Canterbury Bulldogs,,,,,,,,
2025|Qualif Final|Canberra Raiders|Brisbane Broncos,,,,,,,,
2025|Semi|Melbourne Storm|Cronulla Sharks,Melbourne Storm,Melbourne Storm,1.35,3.39,1.46,2.7,1.35,3.39
2025|Semi Final|Canberra Raiders|Cronulla Sharks,,,,,,,,
2025|Elim Final|New Zealand Warriors|Penrith Panthers,,,,,,,,
2025|Prelim|New Zealand Warriors|Penrith Panthers,Penrith Panthers,Penrith Panthers,3.65,1.3,3.15,1.35,3.65,1.3
2025|Prelim Final|Brisbane Broncos|Penrith Panthers,,,,,,,,
2025|Qual|Canterbury Bulldogs|Penrith Panthers,Penrith Panthers,Penrith Panthers,3.17,1.38,2.8,1.43,3.17,1.38
2025|Semi|Brisbane Broncos|Penrith Panthers,Penrith Panthers,Penrith Panthers,2.2,1.72,2.1,1.72,2.2,1.72
2025|Semi Final|Canterbury Bulldogs|Penrith Panthers,,,,,,,,
2025|Prelim|Cronulla Sharks|Sydney Roosters,Cronulla Sharks,Cronulla Sharks,2.26,1.69,2.2,1.67,2.26,1.69
2025|Prelim|Canberra Raiders|Brisbane Broncos,Canberra Raiders,Canberra Raiders,1.68,2.28,1.65,2.25,1.68,2.28
2026|Rd 1|Newcastle Knights|NQ Cowboys,,NQ Cowboys,,,,,,
2026|Rd 1|Canterbury Bulldogs|St. George Illawarra Dragons,Canterbury Bulldogs,,,,,,,
2026|Rd 1|Melbourne Storm|Parramatta Eels,,,,,,,,
2026|Rd 1|New Zealand Warriors|Sydney Roosters,Sydney Roosters,,,,,,,
2026|Rd 1|Brisbane Broncos|Penrith Panthers,Brisbane Broncos,,,,,,,
2026|Rd 1|Cronulla Sharks|Gold Coast Titans,,Cronulla Sharks,,,,,,
2026|Rd 1|Manly Sea Eagles|Canberra Raiders,Canberra Raiders,,,,,,,
2026|Rd 1|Dolphins|South Sydney Rabbitohs,Dolphins,,,,,,,
2026|Rd 2|Brisbane Broncos|Parramatta Eels,Brisbane Broncos,,,,,,,
2026|Rd 2|New Zealand Warriors|Canberra Raiders,,,,,,,,
2026|Rd 2|Sydney Roosters|South Sydney Rabbitohs,,,,,,,,
2026|Rd 2|Wests Tigers|NQ Cowboys,,,,,,,,
2026|Rd 2|St. George Illawarra Dragons|Melbourne Storm,,,,,,,,
2026|Rd 2|Penrith Panthers|Cronulla Sharks,Penrith Panthers,,,,,,,
2026|Rd 2|Manly Sea Eagles|Newcastle Knights,,,,,,,,
2026|Rd 2|Dolphins|Gold Coast Titans,,,,,,,,
2026|Rd 3|Canberra Raiders|Canterbury Bulldogs,,,,,,,,
2026|Rd 3|Sydney Roosters|Penrith Panthers,,,,,,,,
2026|Rd 3|Melbourne Storm|Brisbane Broncos,Melbourne Storm,,,,,,,
2026|Rd 3|Newcastle Knights|New Zealand Warriors,New Zealand Warriors,,,,,,,
2026|Rd 3|Cronulla Sharks|Dolphins,,,,,,,,
2026|Rd 3|South Sydney Rabbitohs|Wests Tigers,,,,,,,,
2026|Rd 3|Parramatta Eels|St. George Illawarra Dragons,,,,,,,,
2026|Rd 3|NQ Cowboys|Gold Coast Titans,,,,,,,,
2026|Rd 4|Manly Sea Eagles|Sydney Roosters,,,,,,,,
2026|Rd 4|New Zealand Warriors|Wests Tigers,,,,,,,,
2026|Rd 4|Brisbane Broncos|Dolphins,,,,,,,,
2026|Rd 4|Canterbury Bulldogs|Newcastle Knights,,,,,,,,
2026|Rd 4|Penrith Panthers|Parramatta Eels,,,,,,,,
2026|Rd 4|NQ Cowboys|Melbourne Storm,,,,,,,,
2026|Rd 4|Canberra Raiders|Cronulla Sharks,,,,,,,,
2026|Rd 4|Gold Coast Titans|St. George Illawarra Dragons,,,,,,,,
2026|Rd 5|Dolphins|Manly Sea Eagles,,,,,,,,
2026|Rd 5|South Sydney Rabbitohs|Canterbury Bulldogs,,,,,,,,
2026|Rd 5|Penrith Panthers|Melbourne Storm,,,,,,,,
2026|Rd 5|St. George Illawarra Dragons|NQ Cowboys,,,,,,,,
2026|Rd 5|Gold Coast Titans|Brisbane Broncos,,,,,,,,
2026|Rd 5|Cronulla Sharks|New Zealand Warriors,,,,,,,,
2026|Rd 5|Newcastle Knights|Canberra Raiders,,,,,,,,
2026|Rd 5|Parramatta Eels|Wests Tigers,,,,,,,,
2026|Rd 6|Canterbury Bulldogs|Penrith Panthers,,,,,,,,
2026|Rd 6|St. George Illawarra Dragons|Manly Sea Eagles,,,,,,,,
2026|Rd 6|Brisbane Broncos|NQ Cowboys,,,,,,,,
2026|Rd 6|South Sydney Rabbitohs|Canberra Raiders,,,,,,,,
2026|Rd 6|Cronulla Sharks|Sydney Roosters,,,,,,,,
2026|Rd 6|Melbourne Storm|New Zealand Warriors,,,,,,,,
2026|Rd 6|Parramatta Eels|Gold Coast Titans,,,,,,,,
2026|Rd 6|Wests Tigers|Newcastle Knights,,,,,,,,
2026|Rd 7|NQ Cowboys|Manly Sea Eagles,,,,,,,,
2026|Rd 7|Canberra Raiders|Melbourne Storm,,,,,,,,
2026|Rd 7|Dolphins|Penrith Panthers,,,,,,,,
2026|Rd 7|New Zealand Warriors|Gold Coast Titans,,,,,,,,
2026|Rd 7|South Sydney Rabbitohs|St. George Illawarra Dragons,,,,,,,,
2026|Rd 7|Wests Tigers|Brisbane Broncos,Wests Tigers,,,,,,,
2026|Rd 7|Sydney Roosters|Newcastle Knights,,,,,,,,
2026|Rd 7|Parramatta Eels|Canterbury Bulldogs,,,,,,,,
2026|Rd 8|Wests Tigers|Canberra Raiders,,,,,,,,
2026|Rd 8|NQ Cowboys|Cronulla Sharks,,,,,,,,
2026|Rd 8|Brisbane Broncos|Canterbury Bulldogs,,,,,,,,
2026|Rd 8|St. George Illawarra Dragons|Sydney Roosters,,,,,,,,
2026|Rd 8|New Zealand Warriors|Dolphins,,,,,,,,
2026|Rd 8|Melbourne Storm|South Sydney Rabbitohs,,,,,,,,
2026|Rd 8|Newcastle Knights|Penrith Panthers,,,,,,,,
2026|Rd 8|Manly Sea Eagles|Parramatta Eels,,,,,,,,
2026|Rd 9|Canterbury Bulldogs|NQ Cowboys,,,,,,,,
2026|Rd 9|Dolphins|Melbourne Storm,,,,,,,,
2026|Rd 9|Gold Coast Titans|Canberra Raiders,,,,,,,,
2026|Rd 9|Parramatta Eels|New Zealand Warriors,,,,,,,,
2026|Rd 9|Sydney Roosters|Brisbane Broncos,,,,,,,,
2026|Rd 9|Newcastle Knights|South Sydney Rabbitohs,,,,,,,,
2026|Rd 9|Cronulla Sharks|Wests Tigers,,,,,,,,
2026|Rd 9|Penrith Panthers|Manly Sea Eagles,,,,,,,,
2026|Rd 10|Dolphins|Canterbury Bulldogs,,,,,,,,
2026|Rd 10|Sydney Roosters|Gold Coast Titans,,,,,,,,
2026|Rd 10|NQ Cowboys|Parramatta Eels,,,,,,,,
2026|Rd 10|St. George Illawarra Dragons|Newcastle Knights,,,,,,,,
2026|Rd 10|South Sydney Rabbitohs|Cronulla Sharks,,,,,,,,
2026|Rd 10|Manly Sea Eagles|Canterbury Bulldogs,,,,,,,,
2026|Rd 10|Melbourne Storm|Wests Tigers,,,,,,,,
2026|Rd 10|Canberra Raiders|Penrith Panthers,,,,,,,,
2026|Rd 11|Cronulla Sharks|Canterbury Bulldogs,,,,,,,,
2026|Rd 11|South Sydney Rabbitohs|Dolphins,,,,,,,,
2026|Rd 11|Wests Tigers|Manly Sea Eagles,,,,,,,,
2026|Rd 11|Sydney Roosters|NQ Cowboys,,,,,,,,
2026|Rd 11|Parramatta Eels|Melbourne Storm,,,,,,,,
2026|Rd 11|Gold Coast Titans|Newcastle Knights,,,,,,,,
2026|Rd 11|New Zealand Warriors|Brisbane Broncos,,,,,,,,
2026|Rd 11|Penrith Panthers|St. George Illawarra Dragons,,,,,,,,
2026|Rd 12|Canberra Raiders|Dolphins,,,,,,,,
2026|Rd 12|Canterbury Bulldogs|Melbourne Storm,,,,,,,,
2026|Rd 12|St. George Illawarra Dragons|New Zealand Warriors,,,,,,,,
2026|Rd 12|Manly Sea Eagles|Gold Coast Titans,,,,,,,,
2026|Rd 12|NQ Cowboys|South Sydney Rabbitohs,,,,,,,,
2026|Rd 13|Cronulla Sharks|Manly Sea Eagles,,,,,,,,
2026|Rd 13|Newcastle Knights|Parramatta Eels,,,,,,,,
2026|Rd 13|Wests Tigers|Canterbury Bulldogs,,,,,,,,
2026|Rd 13|Melbourne Storm|Sydney Roosters,,,,,,,,
2026|Rd 13|Brisbane Broncos|St. George Illawarra Dragons,,,,,,,,
2026|Rd 13|Canberra Raiders|NQ Cowboys,,,,,,,,
2026|Rd 13|Penrith Panthers|New Zealand Warriors,,,,,,,,
2026|Rd 14|Manly Sea Eagles|South Sydney Rabbitohs,,,,,,,,
2026|Rd 14|Melbourne Storm|Newcastle Knights,,,,,,,,
2026|Rd 14|Canberra Raiders|Sydney Roosters,,,,,,,,
2026|Rd 14|NQ Cowboys|Dolphins,,,,,,,,
2026|Rd 14|Brisbane Broncos|Gold Coast Titans,,,,,,,,
2026|Rd 14|Wests Tigers|Penrith Panthers,,,,,,,,
2026|Rd 14|Cronulla Sharks|St. George Illawarra Dragons,,,,,,,,
2026|Rd 14|Canterbury Bulldogs|Parramatta Eels,,,,,,,,
2026|Rd 15|South Sydney Rabbitohs|Brisbane Broncos,,,,,,,,
2026|Rd 15|Dolphins|Sydney Roosters,,,,,,,,
2026|Rd 15|New Zealand Warriors|Cronulla Sharks,,,,,,,,
2026|Rd 15|Parramatta Eels|Canberra Raiders,,,,,,,,
2026|Rd 15|Wests Tigers|Gold Coast Titans,,,,,,,,
2026|Rd 16|Newcastle Knights|St. George Illawarra Dragons,,,,,,,,
2026|Rd 16|Wests Tigers|Dolphins,,,,,,,,
2026|Rd 16|Gold Coast Titans|Penrith Panthers,,,,,,,,
2026|Rd 16|Canterbury Bulldogs|Manly Sea Eagles,,,,,,,,
2026|Rd 16|New Zealand Warriors|NQ Cowboys,,,,,,,,
2026|Rd 16|Melbourne Storm|Canberra Raiders,,,,,,,,
2026|Rd 16|Sydney Roosters|Cronulla Sharks,,,,,,,,
2026|Rd 17|Parramatta Eels|South Sydney Rabbitohs,,,,,,,,
2026|Rd 17|Gold Coast Titans|Canterbury Bulldogs,,,,,,,,
2026|Rd 17|Brisbane Broncos|Sydney Roosters,,,,,,,,
2026|Rd 17|Dolphins|New Zealand Warriors,,,,,,,,
2026|Rd 17|NQ Cowboys|Penrith Panthers,,,,,,,,
2026|Rd 17|Manly Sea Eagles|Melbourne Storm,,,,,,,,
2026|Rd 17|Canberra Raiders|St. George Illawarra Dragons,,,,,,,,
2026|Rd 17|Newcastle Knights|Wests Tigers,,,,,,,,
2026|Rd 18|Penrith Panthers|South Sydney Rabbitohs,,,,,,,,
2026|Rd 18|St. George Illawarra Dragons|Wests Tigers,,,,,,,,
2026|Rd 18|Brisbane Broncos|Cronulla Sharks,,,,,,,,
2026|Rd 18|Parramatta Eels|Manly Sea Eagles,,,,,,,,
2026|Rd 18|Newcastle Knights|Dolphins,,,,,,,,
2026|Rd 19|Wests Tigers|New Zealand Warriors,,,,,,,,
2026|Rd 19|Dolphins|Cronulla Sharks,,,,,,,,
2026|Rd 19|Canterbury Bulldogs|Canberra Raiders,,,,,,,,
2026|Rd 19|Sydney Roosters|Parramatta Eels,,,,,,,,
2026|Rd 19|South Sydney Rabbitohs|Newcastle Knights,,,,,,,,
2026|Rd 19|Manly Sea Eagles|NQ Cowboys,,,,,,,,
2026|Rd 19|Melbourne Storm|Gold Coast Titans,,,,,,,,
2026|Rd 20|Penrith Panthers|Brisbane Broncos,,,,,,,,
2026|Rd 20|Cronulla Sharks|Newcastle Knights,,,,,,,,
2026|Rd 20|Sydney Roosters|Melbourne Storm,,,,,,,,
2026|Rd 20|Canberra Raiders|South Sydney Rabbitohs,,,,,,,,
2026|Rd 20|New Zealand Warriors|St. George Illawarra Dragons,,,,,,,,
2026|Rd 20|Canterbury Bulldogs|Wests Tigers,,,,,,,,
2026|Rd 20|Gold Coast Titans|Manly Sea Eagles,,,,,,,,
2026|Rd 20|Dolphins|NQ Cowboys,,,,,,,,
2026|Rd 21|Parramatta Eels|Penrith Panthers,,,,,,,,
2026|Rd 21|Newcastle Knights|Sydney Roosters,,,,,,,,
2026|Rd 21|South Sydney Rabbitohs|Melbourne Storm,,,,,,,,
2026|Rd 21|Canberra Raiders|Wests Tigers,,,,,,,,
2026|Rd 21|Canterbury Bulldogs|New Zealand Warriors,,,,,,,,
2026|Rd 21|NQ Cowboys|Brisbane Broncos,,,,,,,,
2026|Rd 21|St. George Illawarra Dragons|Gold Coast Titans,,,,,,,,
2026|Rd 21|Manly Sea Eagles|Cronulla Sharks,,,,,,,,
2026|Rd 22|NQ Cowboys|Sydney Roosters,,,,,,,,
2026|Rd 22|St. George Illawarra Dragons|Dolphins,,,,,,,,
2026|Rd 22|Melbourne Storm|Canterbury Bulldogs,,,,,,,,
2026|Rd 22|Gold Coast Titans|New Zealand Warriors,,,,,,,,
2026|Rd 22|Penrith Panthers|Canberra Raiders,,,,,,,,
2026|Rd 22|Brisbane Broncos|Newcastle Knights,,,,,,,,
2026|Rd 22|Cronulla Sharks|South Sydney Rabbitohs,,,,,,,,
2026|Rd 22|Wests Tigers|Parramatta Eels,,,,,,,,
2026|Rd 23|Gold Coast Titans|NQ Cowboys,,,,,,,,
2026|Rd 23|New Zealand Warriors|Penrith Panthers,,,,,,,,
2026|Rd 23|Sydney Roosters|Canterbury Bulldogs,,,,,,,,
2026|Rd 23|Melbourne Storm|Manly Sea Eagles,,,,,,,,
2026|Rd 23|Dolphins|Brisbane Broncos,,,,,,,,
2026|Rd 23|South Sydney Rabbitohs|Parramatta Eels,,,,,,,,
2026|Rd 23|Canberra Raiders|Newcastle Knights,,,,,,,,
2026|Rd 23|St. George Illawarra Dragons|Cronulla Sharks,,,,,,,,
2026|Rd 24|Penrith Panthers|Sydney Roosters,,,,,,,,
2026|Rd 24|Manly Sea Eagles|Dolphins,,,,,,,,
2026|Rd 24|Canterbury Bulldogs|South Sydney Rabbitohs,,,,,,,,
2026|Rd 24|Cronulla Sharks|Canberra Raiders,,,,,,,,
2026|Rd 24|Parramatta Eels|NQ Cowboys,,,,,,,,
2026|Rd 24|Brisbane Broncos|New Zealand Warriors,,,,,,,,
2026|Rd 24|Newcastle Knights|Gold Coast Titans,,,,,,,,
2026|Rd 24|Wests Tigers|St. George Illawarra Dragons,,,,,,,,
2026|Rd 25|Melbourne Storm|Penrith Panthers,,,,,,,,
2026|Rd 25|Canberra Raiders|Brisbane Broncos,,,,,,,,
2026|Rd 25|Dolphins|Parramatta Eels,,,,,,,,
2026|Rd 25|Newcastle Knights|Manly Sea Eagles,,,,,,,,
2026|Rd 25|South Sydney Rabbitohs|New Zealand Warriors,,,,,,,,
2026|Rd 25|St. George Illawarra Dragons|Canterbury Bulldogs,,,,,,,,
2026|Rd 25|Gold Coast Titans|Cronulla Sharks,,,,,,,,
2026|Rd 25|Sydney Roosters|Wests Tigers,,,,,,,,
2026|Rd 26|Brisbane Broncos|Melbourne Storm,,,,,,,,
2026|Rd 26|Manly Sea Eagles|St. George Illawarra Dragons,,,,,,,,
2026|Rd 26|Penrith Panthers|Canterbury Bulldogs,,,,,,,,
2026|Rd 26|Gold Coast Titans|South Sydney Rabbitohs,,,,,,,,
2026|Rd 26|Sydney Roosters|Dolphins,,,,,,,,
2026|Rd 26|NQ Cowboys|Wests Tigers,,,,,,,,
2026|Rd 26|New Zealand Warriors|Newcastle Knights,,,,,,,,
2026|Rd 26|Parramatta Eels|Cronulla Sharks,,,,,,,,
2026|Rd 27|Canterbury Bulldogs|Brisbane Broncos,,,,,,,,
2026|Rd 27|Gold Coast Titans|Dolphins,,,,,,,,
2026|Rd 27|South Sydney Rabbitohs|Sydney Roosters,,,,,,,,
2026|Rd 27|New Zealand Warriors|Manly Sea Eagles,,,,,,,,
2026|Rd 27|NQ Cowboys|Canberra Raiders,,,,,,,,
2026|Rd 27|Cronulla Sharks|Melbourne Storm,,,,,,,,
2026|Rd 27|St. George Illawarra Dragons|Parramatta Eels,,,,,,,,
2026|Rd 27|Penrith Panthers|Wests Tigers,,,,,,,,
