name,level,ritual,range,components,duration,concentration,casting_time,school,classes,description,double_height,page,column,row_start_y,edition
Acid Splash,0,FALSE,60 ft,"V, S",Instantaneous,FALSE,1 Action,Evocation,"Sorcerer, Wizard","You create an acidic bubble at a point within range, where it
explodes in a 5-foot-radius Sphere. Each creature in that Sphere
must succeed on a Dexterity saving throw or take 1d6 Acid
damage.
Cantrip Upgrade. The damage increases by 1d6 when you reach
levels 5 (2d6), 11 (3d6), and 17 (4d6).",FALSE,1,1,29,2024
Chill Touch,0,FALSE,Touch,"V, S",Instantaneous,FALSE,1 Action,Necromancy,"Sorcerer, Warlock, Wizard","Channeling the chill of the grave, make a melee spell attack
against a target within reach. On a hit, the target takes 1d10
Necrotic damage, and it can't regain Hit Points until the end of
your next turn.
Cantrip Upgrade. The damage increases by 1d10 when you reach
levels 5 (2d10), 11 (3d10), and 17 (4d10).",FALSE,1,2,29,2024
Dancing Lights,0,FALSE,120 ft,"V, S, M",≤ 1 minute,TRUE,1 Action,Illusion,"Bard, Sorcerer, Wizard","You create up to four torch-size lights within range, making them
appear as torches, lanterns, or glowing orbs that hover for the
duration. Alternatively, you combine the four lights into one
glowing Medium form that is vaguely humanlike. Whichever form
you choose, each light sheds Dim Light in a 10-foot radius.
As a Bonus Action, you can move the lights up to 60 feet to a
space within range. A light must be within 20 feet of another
light created by this spell, and a light vanishes if it exceeds the
spell's range.
Material: A bit of phosphorus.",FALSE,1,3,29,2024
Druidcraft,0,FALSE,30 ft,"V, S",Instantaneous,FALSE,1 Action,Transmutation,Druid,"Weather Sensor. You create a Tiny, harmless sensory effect that
predicts what the weather will be at your location for the next
24 hours. The effect might manifest as a golden orb for clear
skies, a cloud for rain, falling snowflakes for snow, and so on.
This effect persists for 1 round.
Bloom. You instantly make a flower blossom, a seed pod open, or
a leaf bud bloom.
Sensory Effect. You create a harmless sensory effect, such as
falling leaves, spectral dancing fairies, a gentle breeze, the
sound of an animal, or the faint odor of skunk. The effect must
fit in a 5-foot Cube.
Fire Play. You light or snuff out a candle, a torch, or a campfire.",FALSE,1,1,277,2024
Eldritch Blast,0,FALSE,120 ft,"V, S",Instantaneous,FALSE,1 Action,Evocation,Warlock,"Your hurl a beam of crackling energy. Make a ranged spell attack
against one creature or object in range. On a hit, the target
takes 1d10 Force damage.
Cantrip Upgrade. The spell creates two beams at level 5, three
beams at level 11, and four beams at level 17. You can direct the
beams at the same target or at different ones. Make a separate
attack roll for each beam.",FALSE,1,2,277,2024
Elementalism,0,FALSE,30 ft,"V, S",Instantaneous,FALSE,1 Action,Transmutation,"Druid, Sorcerer, Wizard","You exert control over the elements, creating one of the
following effects within range:
Beckon Air. You create a breeze strong enough to ripple cloth,
stir dust, rustle leaves, and close open doors and shutters, all in
a 5-foot Cube. Doors and shutters being held open by someone
or something aren't affected.
Beckon Earth. You create a thin shroud of dust or sand that
covers surfaces in a 5-foot-square area, or you cause a single
word to appear in your handwriting in a patch of dirt or sand.
Beckon Fire. You create a thin cloud of harmless embers and
colored, scented smoke in a 5-foot Cube. You choose the color
and scent, and the embers can light candles, torches, or lamps in
that area. The smoke's scent lingers for 1 minute.
Beckon Water. You create a spray of cool mist that lightly
dampens creatures and objects in a 5-foot Cube. Alternatively,
you create 1 cup of clean water either in an open container or on
a surface, and the water evaporates in 1 minute.
Sculpt Element. You cause dirt, sand, fire, smoke, mist, or water
that can fit in a 1-foot Cube to assume a crude shape (such as
that of a creature or an object) for 1 hour.",FALSE,1,3,277,2024
Fire Bolt,0,FALSE,120 ft,"V, S",Instantaneous,FALSE,1 Action,Evocation,"Sorcerer, Wizard","You hurl a mote of fire at a creature or an object within range.
Make a ranged spell attack against the target. On a hit, the
target takes 1d10 Fire damage. A flammable object hit by this
spell starts burning if it isn't being worn or carried.
Cantrip Upgrade. The damage increases by 1d10 when you reach
levels 5 (2d10), 11 (3d10), and 17 (4d10).",FALSE,1,1,524,2024
Guidance,0,FALSE,Touch,"V, S",≤ 1 minute,TRUE,1 Action,Divination,"Cleric, Druid","You touch a willing creature and choose a skill. Until the spell
ends, the creature adds 1d4 to any ability check using the chosen
skill.",FALSE,1,2,524,2024
Light,0,FALSE,Touch,"V, M",1 hour,FALSE,1 Action,Evocation,"Bard, Cleric, Sorcerer, Wizard","You touch one Large or smaller object that isn't being worn or
carried by someone else. Until the spell ends, the object sheds
Bright Light in a 20-foot radius and Dim Light for an additional
20 feet. The light can be colored as you like.
Covering the object with something opaque blocks the light. The
spell ends if you cast it again.
Material: A firefly or phosphorescent moss.",FALSE,1,3,524,2024
Mage Hand,0,FALSE,30 ft,"V, S",1 minute,FALSE,1 Action,Conjuration,"Bard, Sorcerer, Warlock, Wizard","A spectral, floating hand appears at a point you choose within
range. The hand lasts for the duration. The hand vanishes if it is
ever more than 30 feet away from you or if you cast this spell
again.
When you cast the spell, you can use the hand to manipulate an
object, open an unlocked door or container, stow or retrieve an
item from an open container, or pour the contents out of a vial.
As a Magic action on your later turns, you can control the hand
thus again. As part of that action, you can move the hand up to
30 feet.
The hand can't attack, activate magic items, or carry more than
10 pounds.",FALSE,2,1,29,2024
Mending,0,FALSE,Touch,"V, S, M",Instantaneous,FALSE,1 minute,Transmutation,"Bard, Cleric, Druid, Sorcerer, Wizard","This spell repairs a single break or tear in an object you touch,
such as a broken chain link, two halves of a broken key, a torn
cloak, or a leaking wineskin. As long as the break or tear is no
larger than 1 foot in any dimension, you mend it, leaving no trace
of the former damage.
This spell can physically repair a magic item, but it can't restore
magic to such an object.
Material: Two lodestones.",FALSE,2,2,29,2024
Message,0,FALSE,120 ft,"S, M",1 round,FALSE,1 Action,Transmutation,"Bard, Druid, Sorcerer, Wizard","You point toward a creature within range and whisper a message.
The target (and only the target) hears the message and can reply
in a whisper that only you can hear.
You can cast this spell through solid objects if you are familiar
with the target and know it is beyond the barrier. Magical
silence; 1 foot of stone, metal, or wood; or a thin sheet of lead
blocks the spell.
Material: A copper wire.",FALSE,2,3,29,2024
Minor Illusion,0,FALSE,30 ft,"S, M",1 minute,FALSE,1 Action,Illusion,"Bard, Sorcerer, Warlock, Wizard","You create a sound or an image of an object within range that
lasts for the duration. See the descriptions below for the effects
of each. The illusion ends if you cast this spell again.
If a creature takes a Study action to examine the sound or
image, the creature can determine that it is an illusion with a
successful Intelligence (Investigation) check against your spell
save DC. If a creature discerns the illusion for what it is, the
illusion becomes faint to the creature.
Sound. If you create a sound, its volume can range from a
whisper to a scream. It can be your voice, someone else's voice,
a lion's roar, a beating of drums, or any other sound you choose.
The sound continues unabated throughout the duration, or you
can make discrete sounds at different times before the spell
ends.
Image. If you create an image of an object—such as a chair,
muddy footprints, or a small chest—it must be no larger than a 5-
foot Cube. The image can't create sound, light, smell, or any
other sensory effect. Physical interaction with the image reveals
it to be an illusion, since things can pass through it.
Material: A bit of fleece.",FALSE,2,1,277,2024
Poison Spray,0,FALSE,30 ft,"V, S",Instantaneous,FALSE,1 Action,Necromancy,"Druid, Sorcerer, Warlock, Wizard","You spray toxic mist at a creature within range. Make a ranged
spell attack against the target. On a hit, the target takes 1d12
Poison damage.
Cantrip Upgrade. The damage increases by 1d12 when you reach
levels 5 (2d12), 11 (3d12), and 17 (4d12).",FALSE,2,2,277,2024
Prestidigitation,0,FALSE,10 ft,"V, S",≤ 1 hour,FALSE,1 Action,Transmutation,"Bard, Sorcerer, Warlock, Wizard","You create a magical effect within range. Choose the effect from
the options below. If you cast this spell multiple times, you can
have up to three of its non-instantaneous effects active at a
time.
Sensory Effect. You create an instantaneous, harmless sensory
effect, such as a shower of sparks, a puff of wind, faint musical
notes, or an odd odor.
Fire Play. You instantaneously light or snuff out a candle, a
torch, or a small campfire.
Clean or Soil. You instantaneously clean or soil an object no
larger than 1 cubic foot.
Minor Sensation. You chill, warm, or flavor up to 1 cubic foot of
nonliving material for 1 hour.
Magic Mark. You make a color, a small mark, or a symbol appear
on an object or a surface for 1 hour.
Minor Creation. You create a nonmagical trinket or an illusory
image that can fit in your hand. It lasts until the end of your next
turn. A trinket can deal no damage and has no monetary worth.",FALSE,2,3,277,2024
Produce Flame,0,FALSE,Self,"V, S",10 minutes,FALSE,Bonus Action,Conjuration,Druid,"A flickering flame appears in your hand and remains there for
the duration. While there, the flame emits no heat and ignites
nothing, and it sheds Bright Light in a 20-foot radius and Dim
Light for an additional 20 feet. The spell ends if you cast it again.
Until the spell ends, you can take a Magic action to hurl fire at a
creature or an object within 60 feet of you. Make a ranged spell
attack. On a hit, the target takes 1d8 Fire damage.
Cantrip Upgrade. The damage increases by 1d8 when you reach
levels 5 (2d8), 11 (3d8), and 17 (4d8).",FALSE,2,1,524,2024
Ray of Frost,0,FALSE,60 ft,"V, S",Instantaneous,FALSE,1 Action,Evocation,"Sorcerer, Wizard","A frigid beam of blue-white light streaks toward a creature
within range. Make a ranged spell attack against the target. On a
hit, it takes 1d8 Cold damage, and its Speed is reduced by 10 feet
until the start of your next turn.
Cantrip Upgrade. The damage increases by 1d8 when you reach
levels 5 (2d8), 11 (3d8), and 17 (4d8).",FALSE,2,2,524,2024
Resistance,0,FALSE,Touch,"V, S",≤ 1 minute,TRUE,1 Action,Abjuration,"Cleric, Druid","You touch a willing creature and choose a damage type: Acid,
Bludgeoning, Cold, Fire, Lightning, Necrotic, Piercing, Poison,
Radiant, Slashing, or Thunder. When the creature takes damage
of the chosen type before the spell ends, the creature reduces
the total damage taken by 1d4. A creature can benefit from this
spell only once per turn.",FALSE,2,3,524,2024
Sacred Flame,0,FALSE,60 ft,"V, S",Instantaneous,FALSE,1 Action,Evocation,Cleric,"Flame-like radiance descends on a creature that you can see
within range. The target must succeed on a Dexterity saving
throw or take 1d8 Radiant damage. The target gains no benefit
from Half Cover or Three-Quarters Cover for this save.
Cantrip Upgrade. The damage increases by 1d8 when you reach
levels 5 (2d8), 11 (3d8), and 17 (4d8).",FALSE,3,1,29,2024
Shillelagh,0,FALSE,Self,"V, S, M",1 minute,FALSE,Bonus Action,Transmutation,Druid,"A Club or Quarterstaff you are holding is imbued with nature's
power. For the duration, you can use your spellcasting ability
instead of Strength for the attack and damage rolls of melee
attacks using that weapon, and the weapon's damage die
becomes a d8. If the attack deals damage, it can be Force
damage or the weapon's normal damage type (your choice).
The spell ends early if you cast it again or if you let go of the
weapon.
Cantrip Upgrade. The weapon's damage die changes when you
reach levels 5 (d10), 11 (d12), and 17 (2d6).
Material: Mistletoe.",FALSE,3,2,29,2024
Shocking Grasp,0,FALSE,Touch,"V, S",Instantaneous,FALSE,1 Action,Evocation,"Sorcerer, Wizard","Lightning springs from you to a creature that you try to touch.
Make a melee spell attack against the target. On a hit, the target
takes 1d8 Lightning damage, and it can't make Opportunity
Attacks until the start of its next turn.
Cantrip Upgrade. The damage increases by 1d8 when you reach
levels 5 (2d8), 11 (3d8), and 17 (4d8).",FALSE,3,3,29,2024
Sorcerous Burst,0,FALSE,120 ft,"V, S",Instantaneous,FALSE,1 Action,Evocation,Sorcerer,"You cast sorcerous energy at one creature or object within
range. Make a ranged attack roll against the target. On a hit, the
target takes 1d8 damage of a type you choose: Acid, Cold, Fire,
Lightning, Poison, Psychic, or Thunder.
If you roll an 8 on a d8 for this spell, you can roll another d8, and
add it to the damage. When you cast this spell, the maximum
number of these d8s you can add to the spell's damage equals
your spellcasting ability modifier.
Cantrip Upgrade. This damage increases by 1d8 when you reach
level 5 (2d8), 11 (3d8), and 17 (4d8).",FALSE,3,1,277,2024
Spare the Dying,0,FALSE,15 ft,"V, S",Instantaneous,FALSE,1 Action,Necromancy,"Cleric, Druid","Choose a creature within range that has 0 Hit Points and isn't
dead. The creature becomes Stable.
Cantrip Upgrade. The range doubles when you reach levels 5
(30 feet), 11 (60 feet), and 17 (120 feet).",FALSE,3,2,277,2024
Starry Wisp,0,FALSE,60 ft,"V, S",Instantaneous,FALSE,1 Action,Evocation,"Bard, Druid","You launch a mote of light at one creature or object within
range. Make a ranged spell attack against the target. On a hit,
the target takes 1d8 Radiant damage, and until the end of your
next turn, it emits Dim Light in a 10-foot radius and can't benefit
from the Invisible condition.
Cantrip Upgrade. The damage increases by 1d8 when you reach
levels 5 (2d8), 11 (3d8), and 17 (4d8).",FALSE,3,3,277,2024
Thaumaturgy,0,FALSE,30 ft,V,≤ 1 minute,FALSE,1 Action,Transmutation,Cleric,"You manifest a minor wonder within range. You create one of the
effects below within range. If you cast this spell multiple times,
you can have up to three of its 1-minute effects active at a time.
Altered Eyes. You alter the appearance of your eyes for 1
minute.
Booming Voice. Your voice booms up to three times as loud as
normal for 1 minute. For the duration, you have Advantage on
Charisma (Intimidation) checks.
Fire Play. You cause flames to flicker, brighten, dim, or change
color for 1 minute.
Invisible Hand. You instantaneously cause an unlocked door or
window to fly open or slam shut.
Phantom Sound. You create an instantaneous sound that
originates from a point of your choice within range, such as a
rumble of thunder, the cry of a raven, or ominous whispers.
Tremors. You cause harmless tremors in the ground for 1 minute.",FALSE,3,1,524,2024
True Strike,0,FALSE,Self,"S, M",Instantaneous,FALSE,1 Action,Divination,"Bard, Sorcerer, Warlock, Wizard","Guided by a flash of magical insight, you make one attack with
the weapon used in the spell's casting. The attack uses your
spellcasting ability for the attack and damage rolls instead of
using Strength or Dexterity. If the attack deals damage, it can be
Radiant damage or the weapon's normal damage type (your
choice).
Cantrip Upgrade. Whether you deal Radiant damage or the
weapon's normal damage type, the attack deals extra Radiant
damage when you reach levels 5 (1d6), 11 (2d6), and 17 (3d6).
Material: A weapon with which you have proficiency and that is
worth 1+ CP.",FALSE,3,2,524,2024
Vicious Mockery,0,FALSE,60 ft,V,Instantaneous,FALSE,1 Action,Enchantment,Bard,"You unleash a string of insults laced with subtle enchantments at
one creature you can see or hear within range. The target must
succeed on a Wisdom saving throw or take 1d6 Psychic damage
and have Disadvantage on the next attack roll it makes before
the end of its next turn.
Cantrip Upgrade. The damage increases by 1d6 when you reach
level 5 (2d6), level 11 (3d6), and level 17 (4d6).",FALSE,3,3,524,2024
Alarm,1,TRUE,30 ft,"V, S, M",8 hours,FALSE,1 minute,Abjuration,"Ranger, Wizard","You set an alarm against intrusion. Choose a door, a window, or
an area within range that is no larger than a 20-foot Cube. Until
the spell ends, an alarm alerts you whenever a creature touches
or enters the warded area. When you cast the spell, you can
designate creatures that won't set off the alarm. You also
choose whether the alarm is audible or mental:
Audible Alarm. The alarm produces the sound of a handbell for
10 seconds within 60 feet of the warded area.
Mental Alarm. You are alerted by a mental ping if you are within
1 mile of the warded area. This ping awakens you if you're asleep.
Material: A bell and silver wire.",FALSE,4,1,29,2024
Animal Friendship,1,FALSE,30 ft,"V, S, M",24 hours,FALSE,1 Action,Enchantment,"Bard, Druid, Ranger","Target a Beast that you can see within range. The target must
succeed on a Wisdom saving throw or have the Charmed
condition for the duration. If you or one of your allies deals
damage to the target, the spells ends.
Using a Higher-Level Spell Slot. You can target one additional
Beast for each spell slot level above 1.
Material: A morsel of food.",FALSE,4,2,29,2024
Bane,1,FALSE,30 ft,"V, S, M",≤ 1 minute,TRUE,1 Action,Enchantment,"Bard, Cleric, Warlock","Up to three creatures of your choice that you can see within
range must each make a Charisma saving throw. Whenever a
target that fails this save makes an attack roll or a saving throw
before the spell ends, the target must subtract 1d4 from the
attack roll or save.
Using a Higher-Level Spell Slot. You can target one additional
creature for each spell slot level above 1.
Material: A drop of blood.",FALSE,4,3,29,2024
Bless,1,FALSE,30 ft,"V, S, M",≤ 1 minute,TRUE,1 Action,Enchantment,"Cleric, Paladin","You bless up to three creatures within range. Whenever a target
makes an attack roll or a saving throw before the spell ends, the
target adds 1d4 to the attack roll or save.
Using a Higher-Level Spell Slot. You can target one additional
creature for each spell slot level above 1.
Material: A Holy Symbol, worth 5+ GP.",FALSE,4,1,277,2024
Burning Hands,1,FALSE,Self,"V, S",Instantaneous,FALSE,1 Action,Evocation,"Sorcerer, Wizard","A thin sheet of flames shoots forth from you. Each creature in a
15-foot Cone makes a Dexterity saving throw, taking 3d6 Fire
damage on a failed save or half as much damage on a successful
one.
Flammable objects in the Cone that aren't being worn or carried
start burning.
Using a Higher-Level Spell Slot. The damage increases by 1d6
for each spell slot level above 1.",FALSE,4,2,277,2024
Charm Person,1,FALSE,30 ft,"V, S",1 hour,FALSE,1 Action,Enchantment,"Bard, Druid, Sorcerer, Warlock, Wizard","One Humanoid you can see within range makes a Wisdom saving
throw. It does so with Advantage if you or your allies are fighting
it. On a failed save, the target has the Charmed condition until
the spell ends or until you or your allies damage it. The Charmed
creature is Friendly to you. When the spell ends, the target
knows it was Charmed by you.
Using a Higher-Level Spell Slot. You can target one additional
creature for each spell slot level above 1.",FALSE,4,3,277,2024
Chromatic Orb,1,FALSE,90 ft,"V, S, M",Instantaneous,FALSE,1 Action,Evocation,"Sorcerer, Wizard","You hurl an orb of energy at a target within range. Choose Acid,
Cold, Fire, Lightning, Poison, or Thunder for the type of orb you
create, and then make a ranged spell attack against the target.
On a hit, the target takes 3d8 damage of the chosen type.
If you roll the same number on two or more of the d8s, the orb
leaps to a different target of your choice within 30 feet of the
target. Make an attack roll against the new target, and make a
new damage roll. The orb can't leap again unless you cast the
spell with a level 2+ spell slot.
Using a Higher-Level Spell Slot. The damage increases by 1d8
for each spell slot level above 1. The orb can leap a maximum
number of times equal to the level of the slot expended, and a
creature can be targeted only once by each casting of this spell.
Material: A diamond worth 50+ GP.",FALSE,4,1,524,2024
Color Spray,1,FALSE,Self,"V, S, M",Instantaneous,FALSE,1 Action,Illusion,"Bard, Sorcerer, Wizard","You launch a dazzling array of flashing, colorful light. Each
creature in a 15-foot Cone originating from you must succeed on
a Constitution saving throw or have the Blinded condition until
the end of your next turn.
Material: A pinch of colorful sand.",FALSE,4,2,524,2024
Command,1,FALSE,60 ft,V,Instantaneous,FALSE,1 Action,Enchantment,"Bard, Cleric, Paladin","You speak a one-word command to a creature you can see within
range. The target must succeed on a Wisdom saving throw or
follow the command on its next turn. Choose the command from
these options:
Approach. The target moves toward you by the shortest and
most direct route, ending its turn if it moves within 5 ft of you.
Drop. The target drops whatever it is holding and then ends its
turn.
Flee. The target spends its turn moving away from you by the
fastest available means.
Grovel. The target has the Prone condition and then ends its
turn.
Halt. On its turn, the target doesn't move and takes no action or
Bonus Action.
Using a Higher-Level Spell Slot. You can affect one additional
creature for each spell slot level above 1.",FALSE,4,3,524,2024
Comprehend Languages,1,TRUE,Self,"V, S, M",1 hour,FALSE,1 Action,Divination,"Bard, Sorcerer, Warlock, Wizard","For the duration, you understand the literal meaning of any
language that you hear or see signed. You also understand any
written language that you see, but you must be touching the
surface on which the words are written. It takes about 1 minute
to read one page of text. This spell doesn't decode symbols or
secret messages.
Material: A pinch of soot and salt.",FALSE,5,1,29,2024
Create or Destroy Water,1,FALSE,30 ft,"V, S, M",Instantaneous,FALSE,1 Action,Transmutation,"Cleric, Druid","You do one of the following:
Create Water. You create up to 10 gallons of clean water within
range in an open container. Alternatively, the water falls as rain
in a 30-foot Cube within range, extinguishing exposed flames
there.
Destroy Water. You destroy up to 10 gallons of water in an open
container within range. Alternatively, you destroy fog in a 30-
foot Cube within range.
Using a Higher-Level Spell Slot. You create or destroy 10
additional gallons of water, or the size of the Cube increases by
5 feet, for each spell slot level above 1.
Material: A mix of water and sand.",FALSE,5,2,29,2024
Cure Wounds,1,FALSE,Touch,"V, S",Instantaneous,FALSE,1 Action,Abjuration,"Bard, Cleric, Druid, Paladin, Ranger","A creature you touch regains a number of Hit Points equal to 2d8
plus your spellcasting ability modifier.
Using a Higher-Level Spell Slot. The healing increases by 2d8
for each spell slot level above 1.",FALSE,5,3,29,2024
Detect Evil and Good,1,FALSE,Self,"V, S",≤ 10 minutes,TRUE,1 Action,Divination,"Cleric, Paladin","For the duration, you sense the location of any Aberration,
Celestial, Elemental, Fey, Fiend, or Undead within 30 feet of
yourself. You also sense whether the Hallow spell is active there
and, if so, where.
The spell is blocked by 1 foot of stone, dirt, or wood; 1 inch of
metal; or a thin sheet of lead.",FALSE,5,1,277,2024
Detect Magic,1,TRUE,Self,"V, S",≤ 10 minutes,TRUE,1 Action,Divination,All Spellcasters,"For the duration, you sense the presence of magical effects
within 30 feet of yourself. If you sense such effects, you can take
the Magic action to see a faint aura around any visible creature
or object in the area that bears the magic, and if an effect was
created by a spell, you learn the spell's school of magic.
The spell is blocked by 1 foot of stone, dirt, or wood; 1 inch of
metal; or a thin sheet of lead.",FALSE,5,2,277,2024
Detect Poison and Disease,1,TRUE,Self,"V, S, M",≤ 10 minutes,TRUE,1 Action,Divination,"Cleric, Druid, Paladin, Ranger","For the duration, you sense the location of poisons, poisonous or
venomous creatures, and magical contagions within 30 feet of
yourself. You sense the kind of poison, creature, or contagion in
each case.
The spell is blocked by 1 foot of stone, dirt, or wood; 1 inch of
metal; or a thin sheet of lead.
Material: A yew leaf.",FALSE,5,3,277,2024
Disguise Self,1,FALSE,Self,"V, S",1 hour,FALSE,1 Action,Illusion,"Bard, Sorcerer, Wizard","You make yourself—including your clothing, armor, weapons, and
other belongings on your person—look different until the spell
ends. You can seem 1 foot shorter or taller and can appear
heavier or lighter. You must adopt a form that has the same
basic arrangement of limbs as you have. Otherwise, the extent of
the illusion is up to you.
The changes wrought by this spell fail to hold up to physical
inspection. For example, if you use this spell to add a hat to your
outfit, objects pass through the hat, and anyone who touches it
would feel nothing.
To discern that you are disguised, a creature must take the Study
action to inspect your appearance and succeed on an
Intelligence (Investigation) check against your spell save DC.",FALSE,5,1,524,2024
Dissonant Whispers,1,FALSE,60 ft,V,Instantaneous,FALSE,1 Action,Enchantment,Bard,"One creature of your choice that you can see within range hears
a discordant melody in its mind. The target makes a Wisdom
saving throw. On a failed save, it takes 3d6 Psychic damage and
must immediately use its Reaction, if available, to move as far
away from you as it can, using the safest route. On a successful
save, the target takes half as much damage only.
Using a Higher-Level Spell Slot. The damage increases by 1d6
for each spell slot level above 1.",FALSE,5,2,524,2024
Divine Favor,1,FALSE,Self,"V, S",1 minute,FALSE,Bonus Action,Transmutation,Paladin,"Until the spell ends, your attacks with weapons deal an extra 1d4
Radiant damage on a hit.",FALSE,5,3,524,2024
Divine Smite,1,FALSE,Self,V,Instantaneous,FALSE,Bonus Action,Evocation,Paladin,"Take this action immediately after hitting a target with a Melee
weapon or an Unarmed Strike.
The target takes an extra 2d8 Radiant damage from the attack.
The damage increases by 1d8 if the target is a Fiend or an
Undead.
Using a Higher-Level Spell Slot. The damage increases by 1d8
for each spell slot level above 1.",FALSE,6,1,29,2024
Ensnaring Strike,1,FALSE,Self,V,≤ 1 minute,TRUE,Bonus Action,Conjuration,Ranger,"Take this action immediately after hitting a target with a weapon.
As you hit the target, grasping vines appear on it, and it makes a
Strength saving throw. A Large or larger creature has Advantage
on this save. On a failed save, the target has the Restrained
condition until the spell ends. On a successful save, the vines
shrivel away, and the spell ends.
While Restrained, the target takes 1d6 Piercing damage at the
start of each of its turns. The target or a creature within reach of
it can take an action to make a Strength (Athletics) check
against your spell save DC. On a success, the spell ends.
Using a Higher-Level Spell Slot. The damage increases by 1d6
for each spell slot level above 1.",FALSE,6,2,29,2024
Entangle,1,FALSE,90 ft,"V, S",≤ 1 minute,TRUE,1 Action,Conjuration,"Druid, Ranger","Grasping plants sprout from the ground in a 20-foot square
within range. For the duration, these plants turn the ground in
the area into Difficult Terrain. They disappear when the spell
ends.
Each creature (other than you) in the area when you cast the
spell must succeed on a Strength saving throw or have the
Restrained condition until the spell ends. A Restrained creature
can take an action to make a Strength (Athletics) check against
your spell save DC. On a success, it frees itself from the grasping
plants and is no longer Restrained by them.",FALSE,6,3,29,2024
Expeditious Retreat,1,FALSE,Self,"V, S",≤ 10 minutes,TRUE,Bonus Action,Transmutation,"Sorcerer, Warlock, Wizard","You take the Dash action, and until the spell ends, you can take
that action again as a Bonus Action.",FALSE,6,1,277,2024
Faerie Fire,1,FALSE,60 ft,V,≤ 1 minute,TRUE,1 Action,Evocation,"Bard, Druid","Objects in a 20-foot Cube within range are outlined in blue,
green, or violet light (your choice). Each creature in the Cube is
also outlined if it fails a Dexterity saving throw. For the duration,
objects and affected creatures shed Dim Light in a 10-foot radius
and can't benefit from the Invisible condition.
Attack rolls against an affected creature or object have
Advantage if the attacker can see it.",FALSE,6,2,277,2024
False Life,1,FALSE,Self,"V, S, M",Instantaneous,FALSE,1 Action,Necromancy,"Sorcerer, Wizard","You gain 2d4 + 4 Temporary Hit Points.
Using a Higher-Level Spell Slot. You gain 5 additional
Temporary Hit Points for each spell slot level above 1.
Material: A drop of alcohol.",FALSE,6,3,277,2024
Feather Fall,1,FALSE,60 ft,"V, M",1 minute,FALSE,Reaction,Transmutation,"Bard, Sorcerer, Wizard","Take this reaction when you or a creature you can see within 60
feet of you falls.
Choose up to five falling creatures within range. A falling
creature's rate of descent slows to 60 feet per round until the
spell ends. If a creature lands before the spell ends, the creature
takes no damage from the fall, and the spell ends for that
creature.
Material: A small feather or piece of down.",FALSE,6,1,524,2024
Floating Disk,1,TRUE,30 ft,"V, S, M",1 hour,FALSE,1 Action,Conjuration,Wizard,"This spell creates a circular, horizontal plane of force, 3 feet in
diameter and 1 inch thick, that floats 3 feet above the ground in
an unoccupied space of your choice that you can see within
range. The disk remains for the duration and can hold up to 500
pounds. If more weight is placed on it, the spell ends, and
everything on the disk falls to the ground.
The disk is immobile while you are within 20 feet of it. If you
move more than 20 feet away from it, the disk follows you so
that it remains within 20 feet of you. It can move across uneven
terrain, up or down stairs, slopes and the like, but it can’t cross
an elevation change of 10 feet or more. For example, the disk
can’t move across a 10-foot-deep pit, nor could it leave such a
pit if it was created at the bottom.
If you move more than 100 feet from the disk (typically because
it can’t move around an obstacle to follow you), the spell ends.
Material: A drop of mercury.",FALSE,6,2,524,2024
Fog Cloud,1,FALSE,120 ft,"V, S",≤ 1 hour,TRUE,1 Action,Conjuration,"Druid, Ranger, Sorcerer, Wizard","You create a 20-foot-radius Sphere of fog centered on a point
within range. The Sphere is Heavily Obscured. It lasts for the
duration or until a strong wind (such as one created by Gust of
Wind) disperses it.
Using a Higher-Level Spell Slot. The fog's radius increases by
20 feet for each spell slot level above 1.",FALSE,6,3,524,2024
Find Familiar,1,TRUE,10 ft,"V, S, M",Instantaneous,FALSE,1 hour,Conjuration,Wizard,"You gain the service of a familiar, a spirit that takes an animal
form you choose: Bat, Cat, Frog, Hawk, Lizard, Octopus, Owl, Rat,
Raven, Spider, Weasel, or another Beast that has a Challenge
Rating of 0. Appearing in an unoccupied space within range, the
familiar has the statistics of the chosen form, though it is a
Celestial, Fey, or Fiend (your choice) instead of a Beast. Your
familiar acts independently of you, but it obeys your commands.
Telepathic Connection. While your familiar is within 100 feet of
you, you can communicate with it telepathically. Additionally, as
a Bonus Action, you can see through the familiar's eyes and hear
what it hears until the start of your next turn, gaining the
benefits of any special senses it has.
Finally, when you cast a spell with a range of touch, your familiar
can deliver the touch. Your familiar must be within 100 feet of
you, and it must take a Reaction to deliver the touch when you
cast the spell.
Combat. The familiar is an ally to you and your allies. It rolls its
own Initiative and acts on its own turn. A familiar can't attack,
but it can take other actions as normal.
Disappearance of the Familiar. When the familiar drops to 0 Hit
Points, it disappears. It reappears after you cast this spell again.
As a Magic action, you can temporarily dismiss the familiar to a
pocket dimension. Alternatively, you can dismiss it forever. As a
Magic action while it is temporarily dismissed, you can cause it
to reappear in an unoccupied space within 30 feet of you.
Whenever the familiar drops to 0 Hit Points or disappears into
the pocket dimension, it leaves behind in its space anything it
was wearing or carrying.
One Familiar Only. You can't have more than one familiar at a
time. If you cast this spell while you have a familiar, you instead
cause it to adopt a new eligible form.
Material: Burning incense worth 10+ GP, which the spell consumes.",TRUE,7,1,29,2024
Goodberry,1,FALSE,Self,"V, S, M",24 hours,FALSE,1 Action,Conjuration,"Druid, Ranger","Ten berries appear in your hand and are infused with magic for
the duration. A creature can take a Bonus Action to eat one
berry. Eating a berry restores 1 Hit Point, and the berry provides
enough nourishment to sustain a creature for one day.
Uneaten berries disappear when the spell ends.
Material: A sprig of mistletoe.",FALSE,7,2,29,2024
Grease,1,FALSE,60 ft,"V, S, M",1 minute,FALSE,1 Action,Conjuration,"Sorcerer, Wizard","Nonflammable grease covers the ground in a 10-foot square
centered on a point within range and turns it into Difficult
Terrain for the duration.
When the grease appears, each creature standing in its area
must succeed on a Dexterity saving throw or have the Prone
condition. A creature that enters the area or ends its turn there
must also succeed on that save or fall Prone.
Material: A bit of pork rind or butter.",FALSE,7,3,29,2024
Guiding Bolt,1,FALSE,120 ft,"V, S",1 round,FALSE,1 Action,Evocation,Cleric,"You hurl a bolt of light toward a creature within range. Make a
ranged spell attack against the target. On a hit, it takes 4d6
Radiant damage, and the next attack roll made against it before
the end of your next turn has Advantage.
Using a Higher-Level Spell Slot. The damage increases by 1d6
for each spell slot level above 1.",FALSE,7,2,277,2024
Healing Word,1,FALSE,60 ft,V,Instantaneous,FALSE,Bonus Action,Abjuration,"Bard, Cleric, Druid","A creature of your choice that you can see within range regains
Hit Points equal to 2d4 plus your spellcasting ability modifier.
Using a Higher-Level Spell Slot. The healing increases by 2d4
for each spell slot level above 1.",FALSE,7,3,277,2024
Hellish Rebuke,1,FALSE,60 ft,"V, S",Instantaneous,FALSE,Reaction,Evocation,Warlock,"Take this reaction in response to taking damage from a creature
that you can see within 60 feet of yourself.
The creature that damaged you is momentarily surrounded by
green flames. It makes a Dexterity saving throw, taking 2d10 Fire
damage on a failed save or half as much damage on a successful
one.
Using a Higher-Level Spell Slot. The damage increases by 1d10
for each spell slot level above 1.",FALSE,7,1,524,2024
Heroism,1,FALSE,Touch,"V, S",≤ 1 minute,TRUE,1 Action,Enchantment,"Bard, Paladin","A willing creature you touch is imbued with bravery. Until the
spell ends, the creature is immune to the Frightened condition
and gains Temporary Hit Points equal to your spellcasting ability
modifier at the start of each of its turns.
Using a Higher-Level Spell Slot. You can target one additional
creature for each spell slot level above 1.",FALSE,7,2,524,2024
Hex,1,FALSE,90 ft,"V, S, M",≤ 1 hour,TRUE,Bonus Action,Enchantment,Warlock,"You place a curse on a creature that you can see within range.
Until the spell ends, you deal an extra 1d6 Necrotic damage to
the target whenever you hit it with an attack roll. Also, choose
one ability when you cast the spell. The target has Disadvantage
on ability checks made with the chosen ability.
If the target drops to 0 Hit Points before this spell ends, you can
use a Bonus Action on a later turn to curse a new creature.
Using a Higher-Level Spell Slot. Your Concentration can last
longer with a spell slot of level 2 (up to 4 hours), 3-4 (up to 8
hours), or 5+ (up to 24 hours).
Material: The petrified eye of a newt.",FALSE,7,3,524,2024
Hideous Laughter,1,FALSE,30 ft,"V, S, M",≤ 1 minute,TRUE,1 Action,Enchantment,"Bard, Warlock, Wizard","One creature of your choice that you can see within range makes
a Wisdom saving throw. On a failed save, it has the Prone and
Incapacitated conditions for the duration. During that time, it
laughs uncontrollably if it’s capable of laughter, and it can’t end
the Prone condition on itself.
At the end of each of its turns and each time it takes damage, it
makes another Wisdom saving throw. The target has Advantage
on the save if the save is triggered by damage. On a successful
save, the spell ends.
Using a Higher-Level Spell Slot. You can target one additional
creature for each spell slot level about 1.
Material: A tart and a feather.",FALSE,8,1,29,2024
Hunter's Mark,1,FALSE,90 ft,V,≤ 1 hour,TRUE,Bonus Action,Divination,Ranger,"You magically mark one creature you can see within range as
your quarry. Until the spell ends, you deal an extra 1d6 Force
damage to the target whenever you hit it with an attack roll. You
also have Advantage on any Wisdom (Perception or Survival)
check you make to find it.
If the target drops to 0 Hit Points before this spell ends, you can
use a Bonus Action to mark a new creature you can see within
range.
Using a Higher-Level Spell Slot. Your Concentration can last
longer with a spell slot of level 3-4 (up to 8 hours) or 5+ (up to
24 hours).",FALSE,8,2,29,2024
Ice Knife,1,FALSE,60 ft,"S, M",Instantaneous,FALSE,1 Action,Conjuration,"Druid, Sorcerer, Wizard","You create a shard of ice and fling it at one creature within
range. Make a ranged spell attack against the target. On a hit,
the target takes 1d10 Piercing damage. Hit or miss, the shard
then explodes. The target and each creature within 5 feet of it
must succeed on a Dexterity saving throw or take 2d6 Cold
damage.
Using a Higher-Level Spell Slot. The Cold damage increases by
1d6 for each spell slot level above 1.
Material: A drop of water or a piece of ice.",FALSE,8,3,29,2024
Identify,1,TRUE,Touch,"V, S, M",Instantaneous,FALSE,1 minute,Divination,"Bard, Wizard","You touch an object throughout the spell's casting. If the object
is a magic item or some other magical object, you learn its
properties and how to use them, whether it requires
Attunement, and how many charges it has, if any. You learn
whether any ongoing spells are affecting the item and what they
are. If the item was created by a spell, you learn that spell's
name.
If you instead touch a creature throughout the casting, you learn
which ongoing spells, if any, are currently affecting it.
Material: A pearl worth 100+ GP.",FALSE,8,1,277,2024
Illusory Script,1,TRUE,Touch,"S, M",10 days,FALSE,1 minute,Illusion,"Bard, Warlock, Wizard","You write on parchment, paper, or another suitable material and
imbue it with an illusion that lasts for the duration. To you and
any creatures you designate when you cast the spell, the writing
appears normal, seems to be written in your hand, and conveys
whatever meaning you intended when you wrote the text. To all
others, the writing appears as if it were written in an unknown or
magical script that is unintelligible. Alternatively, the illusion can
alter the meaning, handwriting, and language of the text, though
the language must be one you know.
If the spell is dispelled, the original script and the illusion both
disappear.
A creature that has Truesight can read the hidden message.
Material: Ink worth 10+ GP, which the spell consumes.",FALSE,8,2,277,2024
Inflict Wounds,1,FALSE,Touch,"V, S",Instantaneous,FALSE,1 Action,Necromancy,Cleric,"A creature you touch makes a Constitution saving throw, taking
2d10 Necrotic damage on a failed save or half as much damage
on a successful one.
Using a Higher-Level Spell Slot. The damage increases by 1d10
for each spell slot level above 1.",FALSE,8,3,277,2024
Jump,1,FALSE,Touch,"V, S, M",1 minute,FALSE,Bonus Action,Transmutation,"Druid, Ranger, Sorcerer, Wizard","You touch a willing creature. Once on each of its turns until the
spell ends, that creature can jump up to 30 feet by spending 10
feet of movement.
Using a Higher-Level Spell Slot. You can target one additional
creature for each spell slot level above 1.
Material: A grasshopper's hind leg.",FALSE,8,1,524,2024
Longstrider,1,FALSE,Touch,"V, S, M",1 hour,FALSE,1 Action,Transmutation,"Bard, Druid, Ranger, Wizard","You touch a creature. The target's Speed increases by 10 feet
until the spell ends.
Using a Higher-Level Spell Slot. You can target one additional
creature for each spell slot level above 1.
Material: A pinch of dirt.",FALSE,8,2,524,2024
Mage Armor,1,FALSE,Touch,"V, S, M",8 hours,FALSE,1 Action,Abjuration,"Sorcerer, Wizard","You touch a willing creature who isn't wearing armor. Until the
spell ends, the target's base AC becomes 13 plus its Dexterity
modifier. The spell ends early if the target dons armor.
Material: A piece of cured leather.",FALSE,8,3,524,2024
Magic Missile,1,FALSE,120 ft,"V, S",Instantaneous,FALSE,1 Action,Evocation,"Sorcerer, Wizard","You create three glowing darts of magical force. Each dart
strikes a creature of your choice that you can see within range.
A dart deals 1d4 + 1 Force damage to its target. The darts all
strike simultaneously, and you can direct them to hit one
creature or several.
Using a Higher-Level Spell Slot. The spell creates one more
dart for each spell slot level above 1.",FALSE,9,1,29,2024
Protection from Evil and Good,1,FALSE,Touch,"V, S, M",≤ 10 minutes,TRUE,1 Action,Abjuration,"Cleric, Druid, Paladin, Warlock, Wizard","Until the spell ends, one willing creature you touch is protected
against creatures that are Aberrations, Celestials, Elementals,
Fey, Fiends, or Undead. The protection grants several benefits.
Creatures of those types have Disadvantage on attack rolls
against the target. The target also can't be possessed by or gain
the Charmed or Frightened conditions from them. If the target is
already possessed, Charmed, or Frightened by such a creature,
the target has Advantage on any new saving throw against the
relevant effect.
Material: A flask of Holy Water worth 25+ GP, which the spell
consumes.",FALSE,9,2,29,2024
Purify Food and Drink,1,TRUE,10 ft,"V, S",Instantaneous,FALSE,1 Action,Transmutation,"Cleric, Druid, Paladin","You remove poison and rot from nonmagical food and drink in a
5-foot-radius Sphere centered on a point within range.",FALSE,9,3,29,2024
Ray of Sickness,1,FALSE,60 ft,"V, S",Instantaneous,FALSE,1 Action,Necromancy,"Sorcerer, Wizard","You shoot a greenish ray at a creature within range. Make a
ranged spell attack against the target. On a hit, the target takes
2d8 Poison damage and has the Poisoned condition until the end
of your next turn.
Using a Higher-Level Spell Slot. The damage increases by 1d8
for each spell slot level above 1.",FALSE,9,1,277,2024
Sanctuary,1,FALSE,30 ft,"V, S, M",1 minute,FALSE,Bonus Action,Abjuration,Cleric,"You ward a creature within range. Until the spell ends, any
creature who targets the warded creature with an attack roll or
a damaging spell must succeed on a Wisdom saving throw or
either choose a new target or lose the attack or spell. This spell
doesn't protect the warded creature from areas of effect.
The spell ends if the warded creature makes an attack roll, casts
a spell, or deals damage.
Material: A shard of glass from a mirror.",FALSE,9,2,277,2024
Searing Smite,1,FALSE,Self,V,1 minute,FALSE,Bonus Action,Evocation,Paladin,"Take this action immediately after hitting a target with a Melee
weapon or an Unarmed Strike.
As you hit the target, it takes an extra 1d6 Fire damage from the
attack. At the start of each of its turns until the spell ends, the
target takes 1d6 Fire damage and then makes a Constitution
saving throw. On a failed save, the spell continues. On a
successful save, the spell ends.
Using a Higher-Level Spell Slot. All the damage increases by
1d6 for each spell slot level above 1.",FALSE,9,3,277,2024
Shield,1,FALSE,Self,"V, S",1 round,FALSE,Reaction,Abjuration,"Sorcerer, Wizard","Take this reaction when you are hit by an attack roll or targeted by
the Magic Missile spell.
An imperceptible barrier of magical force protects you. Until the
start of your next turn, you have a +5 bonus to AC, including
against the triggering attack, and you take no damage from
Magic Missile.",FALSE,9,1,524,2024
Shield of Faith,1,FALSE,60 ft,"V, S, M",≤ 10 minutes,TRUE,Bonus Action,Abjuration,"Cleric, Paladin","A shimmering field surrounds a creature of your choice within
range, granting it a +2 bonus to AC for the duration.
Material: A prayer scroll.",FALSE,9,2,524,2024
Silent Image,1,FALSE,60 ft,"V, S, M",≤ 10 minutes,TRUE,1 Action,Illusion,"Bard, Sorcerer, Wizard","You create the image of an object, a creature, or some other
visible phenomenon that is no larger than a 15-foot Cube. The
image appears at a spot within range and lasts for the duration.
The image is purely visual; it isn't accompanied by sound, smell,
or other sensory effects.
As a Magic action, you can cause the image to move to any spot
within range. As the image changes location, you can alter its
appearance so that its movements appear natural for the image.
For example, if you create an image of a creature and move it,
you can alter the image so that it appears to be walking.
Physical interaction with the image reveals it to be an illusion,
since things can pass through it. A creature that takes a Study
action to examine the image can determine that it is an illusion
with a successful Intelligence (Investigation) check against your
spell save DC. If a creature discerns the illusion for what it is, the
creature can see through the image.
Material: A bit of fleece.",FALSE,9,3,524,2024
Sleep,1,FALSE,60 ft,"V, S, M",≤ 1 minute,TRUE,1 Action,Enchantment,"Bard, Sorcerer, Wizard","Each creature of your choice in a 5-foot-radius Sphere centered
on a point within range must succeed on a Wisdom saving throw
or have the Incapacitated condition until the end of its next turn,
at which point it must repeat the save. If the target fails the
second save, the target has the Unconscious condition for the
duration. The spell ends on a target if it takes damage or
someone within 5 feet of it takes an action to shake it out of the
spell's effect.
Creatures that don't sleep, such as elves, or that have Immunity
to the Exhaustion condition automatically succeed on saves
against this spell.
Material: A pinch of sand or rose petals.",FALSE,10,1,29,2024
Speak with Animals,1,TRUE,Self,"V, S",10 minutes,FALSE,1 Action,Divination,"Bard, Druid, Ranger, Warlock","For the duration, you can comprehend and verbally communicate
with Beasts, and you can use any of the Influence action's skill
options with them.
Most Beasts have little to say about topics that don't pertain to
survival or companionship, but at minimum, a Beast can give you
information about nearby locations and monsters, including
whatever it has perceived within the past day.",FALSE,10,2,29,2024
Thunderwave,1,FALSE,Self,"V, S",Instantaneous,FALSE,1 Action,Evocation,"Bard, Druid, Sorcerer, Wizard","You unleash a wave of thunderous energy. Each creature in a 15-
foot Cube originating from you makes a Constitution saving
throw. On a failed save, a creature takes 2d8 Thunder damage
and is pushed 10 feet away from you. On a successful save, a
creature takes half as much damage only.
In addition, unsecured objects that are entirely within the Cube
are pushed 10 feet away from you, and a thunderous boom is
audible within 300 feet.
Using a Higher-Level Spell Slot. The damage increases by 1d8
for each spell slot level above 1.",FALSE,10,3,29,2024
Unseen Servant,1,TRUE,60 ft,"V, S, M",1 hour,FALSE,1 Action,Conjuration,"Bard, Warlock, Wizard","This spell creates an Invisible, mindless, shapeless, Medium force
that performs simple tasks at your command until the spell ends.
The servant springs into existence in an unoccupied space on the
ground within range. It has AC 10, 1 Hit Point, and a Strength of 2,
and it can't attack. If it drops to 0 Hit Points, the spell ends.
Once on each of your turns as a Bonus Action, you can mentally
command the servant to move up to 15 feet and interact with an
object. The servant can perform simple tasks that a human could
do, such as fetching things, cleaning, mending, folding clothes,
lighting fires, serving food, and pouring drinks. Once you give the
command, the servant performs the task to the best of its ability
until it completes the task, then waits for your next command.
If you command the servant to perform a task that would move it
more than 60 feet away from you, the spell ends.
Material: A bit of string and of wood.",FALSE,10,1,277,2024
Acid Arrow,2,FALSE,90 ft,"V, S, M",Instantaneous,FALSE,1 Action,Evocation,Wizard,"A shimmering green arrow streaks toward a target within range
and bursts in a spray of acid. Make a ranged spell attack against
the target. On a hit, the target takes 4d4 Acid damage and 2d4
Acid damage at the end of its next turn. On a miss, the arrow
splashes the target with acid for half as much of the initial
damage only.
Using a Higher-Level Spell Slot. The damage (both initial and
later) increases by 1d4 for each spell slot level above 2.
Material: Powdered rhubarb leaf.",FALSE,10,2,277,2024
Aid,2,FALSE,30 ft,"V, S, M",8 hours,FALSE,1 Action,Abjuration,"Bard, Cleric, Druid, Paladin, Ranger","Choose up to three creatures within range. Each target's Hit
Point maximum and current Hit Points increase by 5 for the
duration.
Using a Higher-Level Spell Slot. Each target's Hit Points
increase by 5 for each spell slot level above 2.
Material: A strip of white cloth.",FALSE,10,3,277,2024
Alter Self,2,FALSE,Self,"V, S",≤ 1 hour,TRUE,1 Action,Transmutation,"Sorcerer, Wizard","You alter your physical form. Choose one of the following options.
Its effects last for the duration, during which you can take a
Magic action to replace the option you chose with a different one.
Aquatic Adaptation. You sprout gills and grow webs between
your fingers. You can breathe underwater and gain a Swim Speed
equal to your Speed.
Change Appearance. You alter your appearance. You decide what
you look like, including your height, weight, facial features, sound
of your voice, hair length, coloration, and other distinguishing
characteristics. You can make yourself appear as a member of
another species, though none of your statistics change. You can't
appear as a creature of a different size, and your basic shape
stays the same; if you're bipedal, you can't use this spell to
become quadrupedal, for instance. For the duration, you can take
a Magic action to change your appearance in this way again.
Natural Weapons. You grow claws (Slashing), fangs (Piercing),
horns (Piercing), or hooves (Bludgeoning). When you use your
Unarmed Strike to deal damage with that new growth, it deals 1d6
damage of the type in parentheses instead of dealing the normal
damage for your Unarmed Strike, and you use your spellcasting
ability modifier for the attack and damage rolls rather than using
Strength.",FALSE,10,1,524,2024
Animal Messenger,2,TRUE,30 ft,"V, S, M",24 hours,FALSE,1 Action,Enchantment,"Bard, Druid, Ranger","A Tiny Beast of your choice that you can see within range must
succeed on a Charisma saving throw, or it attempts to deliver a
message for you (if the target's Challenge Rating isn't 0, it
automatically succeeds). You specify a location you have visited
and a recipient who matches a general description, such as ""a
person dressed in the uniform of the town guard"" or ""a red-
haired dwarf wearing a pointed hat."" You also communicate a
message of up to twenty-five words. The Beast travels for the
duration toward the specified location, covering about 25 miles
per 24 hours or 50 miles if the Beast can fly.
When the Beast arrives, it delivers your message to the creature
that you described, mimicking your communication. If the Beast
doesn't reach its destination before the spell ends, the message
is lost, and the Beast returns to where you cast the spell.
Using a Higher-Level Spell Slot. The spell's duration increases
by 48 hours for each spell slot level above 2.
Material: A morsel of food.",FALSE,10,2,524,2024
Arcane Lock,2,FALSE,Touch,"V, S, M",Until dispelled,FALSE,1 Action,Abjuration,Wizard,"You touch a closed door, window, gate, container, or hatch and
magically lock it for the duration. This lock can't be unlocked by
any nonmagical means. You and any creatures you designate
when you cast the spell can open and close the object despite
the lock. You can also set a password that, when spoken within 5
feet of the object, unlocks it for 1 minute.
Material: Gold dust worth 25+ GP, which the spell consumes.",FALSE,10,3,524,2024
Augury,2,TRUE,Self,"V, S, M",Instantaneous,FALSE,1 minute,Divination,"Cleric, Druid, Wizard","By casting gem-inlaid sticks, rolling dragon bones, laying out
ornate cards, or employing some other divining tool, you receive
an omen from an otherworldly entity about the results of a
specific course of action that you plan to take within the next 30
minutes. The DM chooses from the following possible omens:
The spell doesn't take into account any possible circumstances
that might change the outcome, such as the casting of additional
spells or the loss or gain of a companion.
If you cast the spell two or more times before completing your
next long rest, there is a cumulative 25 percent chance for each
casting after the first that you get a random reading. The DM
makes this roll in secret.
Material: Specially marked sticks, bones, or similar tokens worth
at least 25 gp.
Weal, for good results
•
Woe, for bad results
•
Weal and woe, for both good and bad
•
Nothing, for results that aren't especially good or bad
•",FALSE,11,1,29,2024
Barkskin,2,FALSE,Touch,"V, S, M",1 hour,FALSE,1 Action,Transmutation,"Druid, Ranger","You touch a willing creature. Until the spell ends, the target's
skin assumes a bark-like appearance, and the target has an
Armor Class of 17 if its AC is lower than that.
Material: A handful of bark.",FALSE,11,2,29,2024
Blindness/Deafness,2,FALSE,120 ft,V,1 minute,FALSE,1 Action,Transmutation,"Bard, Cleric, Sorcerer, Wizard","One creature that you can see within range must succeed on a
Constitution saving throw, or it has the Blinded or Deafened
condition (your choice) for the duration. At the end of each of its
turns, the target repeats the save, ending the spell on itself on a
success.
Using a Higher-Level Spell Slot. You can target one additional
creature for each spell slot level above 2.",FALSE,11,3,29,2024
Blur,2,FALSE,Self,V,≤ 1 minute,TRUE,1 Action,Illusion,"Sorcerer, Wizard","Your body becomes blurred. For the duration, any creature has
Disadvantage on attack rolls against you. An attacker is immune
to this effect if it perceives you with Blindsight or Truesight.",FALSE,11,1,277,2024
Calm Emotions,2,FALSE,60 ft,"V, S",≤ 1 minute,TRUE,1 Action,Enchantment,"Bard, Cleric","Each Humanoid in a 20-foot-radius Sphere centered on a point
you choose within range must succeed on a Charisma saving
throw or be affected by one of the following effects (choose for
each creature):
The creature has Immunity to the Charmed and Frightened
conditions until the spell ends. If the creature was already
Charmed or Frightened, those conditions are suppressed for
the duration.
•
The creature becomes Indifferent about creatures of your
choice that it's Hostile toward. This indifference ends if the
target takes damage or witnesses its allies taking damage.
When the spell ends, the creature's attitude returns to normal.
•",FALSE,11,2,277,2024
Continual Flame,2,FALSE,Touch,"V, S, M",Until dispelled,FALSE,1 Action,Evocation,"Cleric, Druid, Wizard","A flame springs from an object that you touch. The effect casts
Bright Light in a 20-foot radius and Dim Light for an additional
20 feet. It looks like a regular flame, but it creates no heat and
consumes no fuel. The flame can be covered or hidden but not
smothered or quenched.
Material: Ruby dust worth 50+ GP, which the spell consumes.",FALSE,11,3,277,2024
Darkness,2,FALSE,60 ft,"V, M",≤ 10 minutes,TRUE,1 Action,Evocation,"Sorcerer, Warlock, Wizard","For the duration, magical Darkness spreads from a point within
range and fills a 15-foot-radius Sphere. Darkvision can't see
through it, and nonmagical light can't illuminate it.
Alternatively, you cast the spell on an object that isn't being
worn or carried, causing the Darkness to fill a 15-foot Emanation
originating from that object. Covering that object with
something opaque, such as a bowl or helm, blocks the Darkness.
If any of this spell's area overlaps with an area of Bright Light or
Dim Light created by a spell of level 2 or lower, that other spell
is dispelled.
Material: Bat fur and a piece of coal.",FALSE,11,1,524,2024
Darkvision,2,FALSE,Touch,"V, S, M",8 hours,FALSE,1 Action,Transmutation,"Druid, Ranger, Sorcerer, Wizard","For the duration, a willing creature you touch has Darkvision with
a range of 150 feet.
Material: A dried carrot.",FALSE,11,2,524,2024
Detect Thoughts,2,FALSE,Self,"V, S, M",≤ 1 minute,TRUE,1 Action,Divination,"Bard, Sorcerer, Wizard","You activate one of the effects below. Until the spell ends, you can
activate either effect as a Magic action on your later turns.
Sense Thoughts. You sense the presence of thoughts within 30
feet of yourself that belong to creatures that know languages or
are telepathic. You don't read the thoughts, but you know that a
thinking creature is present.
The spell is blocked by 1 foot of stone, dirt, or wood; 1 inch of metal;
or a thin sheet of lead.
Read Thoughts. Target one creature you can see within 30 feet of
yourself or one creature within 30 feet of yourself that you
detected with the Sense Thoughts option. You learn what is most on
the target's mind right now. If the target doesn't know any
languages and isn't telepathic, you learn nothing.
As a Magic action on your next turn, you can try to probe deeper
into the target's mind. If you probe deeper, the target makes a
Wisdom saving throw. On a failed save, you discern the target's
reasoning, emotions, and something that looms large in its mind
(such as a worry, love, or hate). On a successful save, the spell
ends. Either way, the target knows that you are probing into its
mind, and until you shift your attention away from the target's
mind, the target can take an action on its turn to make an
Intelligence (Arcana) check against your spell save DC, ending the
spell on a success.
Material: A copper piece.",FALSE,11,3,524,2024
Dragon's Breath,2,FALSE,Touch,"V, S, M",≤ 1 minute,TRUE,Bonus Action,Transmutation,"Sorcerer, Wizard","You touch one willing creature, and choose Acid, Cold, Fire,
Lightning, or Poison. Until the spell ends, the target can take a
Magic action to exhale a 15-foot Cone. Each creature in that area
makes a Dexterity saving throw, taking 3d6 damage of the
chosen type on a failed save or half as much damage on a
successful one.
Using a Higher-Level Spell Slot. The damage increases by 1d6
for each spell slot level above 2.
Material: A hot pepper.",FALSE,12,1,29,2024
Enhance Ability,2,FALSE,Touch,"V, S, M",≤ 1 hour,TRUE,1 Action,Transmutation,"Bard, Cleric, Druid, Ranger, Sorcerer, Wizard","You touch a creature and choose Strength, Dexterity,
Intelligence, Wisdom, or Charisma. For the duration, the target
has Advantage on ability checks using the chosen ability.
Using a Higher-Level Spell Slot. You can target one additional
creature for each spell slot level above 2. You can choose a
different ability for each target.
Material: Fur or a feather.",FALSE,12,2,29,2024
Enlarge/Reduce,2,FALSE,30 ft,"V, S, M",≤ 1 minute,TRUE,1 Action,Transmutation,"Bard, Druid, Sorcerer, Wizard","For the duration, the spell enlarges or reduces a creature or an
object you can see within range (see the chosen effect below). A
targeted object must be neither worn nor carried. If the target is
an unwilling creature, it can make a Constitution saving throw.
On a successful save, the spell has no effect.
Everything that a targeted creature is wearing and carrying
changes size with it. Any item it drops returns to normal size at
once. A thrown weapon or piece of ammunition returns to normal
size immediately after it hits or misses a target.
Enlarge. The target's size increases by one category. The target
also has Advantage on Strength checks and Strength saving
throws. The target's attacks with its enlarged weapons or
Unarmed Strikes deal an extra 1d4 damage on a hit.
Reduce. The target's size decreases by one category. The target
also has Disadvantage on Strength checks and Strength saving
throws. The target's attacks with its reduced weapons or
Unarmed Strikes deal 1d4 less damage on a hit (minimum 1).
Material: A pinch of powdered iron.",FALSE,12,3,29,2024
Enthrall,2,FALSE,60 ft,"V, S",≤ 1 minute,TRUE,1 Action,Enchantment,"Bard, Warlock","You weave a distracting string of words, causing creatures of
your choice that you can see within range to make a Wisdom
saving throw. Any creature you or your companions are fighting
automatically succeeds on this save. On a failed save, a target
has a −10 penalty to Wisdom (Perception) checks and Passive
Perception until the spell ends.",FALSE,12,1,277,2024
Find Steed,2,FALSE,30 ft,"V, S",Instantaneous,FALSE,1 Action,Conjuration,Paladin,"You summon an otherworldly being that appears as a loyal steed
in an unoccupied space of your choice within range. This creature
uses the Otherworldly Steed stat block. If you already have a
steed from this spell, the steed is replaced by the new one.
The steed resembles a Large, rideable animal of your choice, such
as a horse, a camel, a dire wolf, or an elk. Whenever you cast the
spell, choose the steed's creature type-Celestial, Fey, or Fiend
which determines certain traits in the stat block.
Combat. The steed is an ally to you and your allies. In combat, it
shares your Initiative count, and it functions as a controlled
mount while you ride it (as defined in the rules on mounted
combat). If you have the Incapacitated condition, the steed takes
its turn immediately after yours and acts independently, focusing
on protecting you.
Disappearance of the Steed. The steed disappears if it drops to
0 Hit Points or if you die. When it disappears, it leaves behind
anything it was wearing or carrying. If you cast this spell again,
you decide whether you summon the steed that disappeared or a
different one.
Using a Higher-Level Spell Slot. Use the spell slot's level for the
spell's level in the stat block.",FALSE,12,2,277,2024
Find Traps,2,FALSE,120 ft,"V, S",Instantaneous,FALSE,1 Action,Divination,"Cleric, Druid, Ranger","You sense any trap within range that is within line of sight. A
trap, for the purpose of this spell, includes any object or
mechanism that was created to cause damage or other danger.
Thus, the spell would sense the Alarm or Glyph of Warding spell
or a mechanical pit trap, but it wouldn't reveal a natural
weakness in the floor, an unstable ceiling, or a hidden sinkhole.
This spell reveals that a trap is present but not its location. You
do learn the general nature of the danger posed by a trap you
sense.",FALSE,12,3,277,2024
Flame Blade,2,FALSE,Self,"V, S, M",≤ 10 minutes,TRUE,Bonus Action,Evocation,"Druid, Sorcerer","You evoke a fiery blade in your free hand. The blade is similar in
size and shape to a scimitar, and it lasts for the duration. If you
let go of the blade, it disappears, but you can evoke it again as a
Bonus Action.
As a Magic action, you can make a melee spell attack with the
fiery blade. On a hit, the target takes Fire damage equal to 3d6
plus your spellcasting ability modifier.
The flaming blade sheds Bright Light in a 10-foot radius and Dim
Light for an additional 10 feet.
Using a Higher-Level Spell Slot. The damage increases by 1d6
for each spell slot level above 2.
Material: A sumac leaf.",FALSE,12,1,524,2024
Flaming Sphere,2,FALSE,60 ft,"V, S, M",≤ 1 minute,TRUE,1 Action,Conjuration,"Druid, Sorcerer, Wizard","You create a 5-foot-diameter sphere of fire in an unoccupied
space on the ground within range. It lasts for the duration. Any
creature that ends its turn within 5 feet of the sphere makes a
Dexterity saving throw, taking 2d6 Fire damage on a failed save
or half as much damage on a successful one.
As a Bonus Action, you can move the sphere up to 30 feet, rolling
it along the ground. If you move the sphere into a creature's
space, that creature makes the save against the sphere, and the
sphere stops moving for the turn.
When you move the sphere, you can direct it over barriers up to
5 feet tall and jump it across pits up to 10 feet wide. Flammable
objects that aren't being worn or carried start burning if touched
by the sphere, and it sheds Bright Light in a 20-foot radius and
Dim Light for an additional 20 feet.
Using a Higher-Level Spell Slot. The damage increases by 1d6
for each spell slot level above 2.
Material: A ball of wax.",FALSE,12,2,524,2024
Gentle Repose,2,TRUE,Touch,"V, S, M",10 days,FALSE,1 Action,Necromancy,"Cleric, Paladin, Wizard","You touch a corpse or other remains. For the duration, the target
is protected from decay and can't become Undead.
The spell also effectively extends the time limit on raising the
target from the dead, since days spent under the influence of
this spell don't count against the time limit of spells such as
Raise Dead.
Material: 2 copper pieces, which the spell consume.",FALSE,12,3,524,2024
Gust of Wind,2,FALSE,Self,"V, S, M",≤ 1 minute,TRUE,1 Action,Evocation,"Druid, Ranger, Sorcerer, Wizard","A Line of strong wind 60 feet long and 10 feet wide blasts from
you in a direction you choose for the duration. Each creature in
the Line must succeed on a Strength saving throw or be pushed
15 feet away from you in a direction following the Line. A
creature that ends its turn in the Line must make the same save.
Any creature in the Line must spend 2 feet of movement for
every 1 foot it moves when moving closer to you.
The gust disperses gas or vapor, and it extinguishes candles and
similar unprotected flames in the area. It causes protected
flames, such as those of lanterns, to dance wildly and has a 50
percent chance to extinguish them.
As a Bonus Action on your later turns, you can change the
direction in which the Line blasts from you.
Material: A legume seed.",FALSE,13,1,29,2024
Heat Metal,2,FALSE,60 ft,"V, S, M",≤ 1 minute,TRUE,1 Action,Transmutation,"Bard, Druid","Choose a manufactured metal object, such as a metal weapon or
a suit of Heavy or Medium metal armor, that you can see within
range. You cause the object to glow red-hot. Any creature in
physical contact with the object takes 2d8 Fire damage when
you cast the spell. Until the spell ends, you can take a Bonus
Action on each of your later turns to deal this damage again if
the object is within range.
If a creature is holding or wearing the object and takes the
damage from it, the creature must succeed on a Constitution
saving throw or drop the object if it can. If it doesn't drop the
object, it has Disadvantage on attack rolls and ability checks
until the start of your next turn.
Using a Higher-Level Spell Slot. The damage increases by 1d8
for each spell slot level above 2.
Material: A piece of iron and a flame.",FALSE,13,2,29,2024
Hold Person,2,FALSE,60 ft,"V, S, M",≤ 1 minute,TRUE,1 Action,Enchantment,"Bard, Cleric, Druid, Sorcerer, Warlock, Wizard","Choose a Humanoid that you can see within range. The target
must succeed on a Wisdom saving throw or have the Paralyzed
condition for the duration. At the end of each of its turns, the
target repeats the save, ending the spell on itself on a success.
Using a Higher-Level Spell Slot. You can target one additional
Humanoid for each spell slot level above 2.
Material: A straight piece of iron.",FALSE,13,3,29,2024
Invisibility,2,FALSE,Touch,"V, S, M",≤ 1 hour,TRUE,1 Action,Illusion,"Bard, Sorcerer, Warlock, Wizard","A creature you touch has the Invisible condition until the spell
ends. The spell ends early immediately after the target makes an
attack roll, deals damage, or casts a spell.
Using a Higher-Level Spell Slot. You can target one additional
creature for each spell slot level above 2.
Material: An eyelash in gum arabic.",FALSE,13,1,277,2024
Knock,2,FALSE,60 ft,V,Instantaneous,FALSE,1 Action,Transmutation,"Bard, Sorcerer, Wizard","Choose an object that you can see within range. The object can
be a door, a box, a chest, a set of manacles, a padlock, or
another object that contains a mundane or magical means that
prevents access.
A target that is held shut by a mundane lock or that is stuck or
barred becomes unlocked, unstuck, or unbarred. If the object
has multiple locks, only one of them is unlocked.
If the target is held shut by Arcane Lock, that spell is suppressed
for 10 minutes, during which time the target can be opened and
closed.
When you cast the spell, a loud knock, audible up to 300 feet
away, emanates from the target.",FALSE,13,2,277,2024
Lesser Restoration,2,FALSE,Touch,"V, S",Instantaneous,FALSE,Bonus Action,Abjuration,"Bard, Cleric, Druid, Paladin, Ranger","You touch a creature and end one condition on it: Blinded,
Deafened, Paralyzed, or Poisoned.",FALSE,13,3,277,2024
Levitate,2,FALSE,60 ft,"V, S, M",≤ 10 minutes,TRUE,1 Action,Transmutation,"Sorcerer, Wizard","One creature or loose object of your choice that you can see
within range rises vertically up to 20 feet and remains
suspended there for the duration. The spell can levitate an
object that weighs up to 500 pounds. An unwilling creature that
succeeds on a Constitution saving throw is unaffected.
The target can move only by pushing or pulling against a fixed
object or surface within reach (such as a wall or a ceiling), which
allows it to move as if it were climbing. You can change the
target's altitude by up to 20 feet in either direction on your turn.
If you are the target, you can move up or down as part of your
move. Otherwise, you can take a Magic action to move the
target, which must remain within the spell's range.
When the spell ends, the target floats gently to the ground if it is
still aloft.
Material: A metal spring.",FALSE,13,1,524,2024
Locate Animals or Plants,2,TRUE,Self,"V, S, M",Instantaneous,FALSE,1 Action,Divination,"Bard, Druid, Ranger","Describe or name a specific kind of Beast, Plant creature, or
nonmagical plant. You learn the direction and distance to the
closest creature or plant of that kind within 5 miles, if any are
present.
Material: Fur from a bloodhound.",FALSE,13,2,524,2024
Locate Object,2,FALSE,Self,"V, S, M",≤ 10 minutes,TRUE,1 Action,Divination,"Bard, Cleric, Druid, Paladin, Ranger, Wizard","Describe or name an object that is familiar to you. You sense the
direction to the object's location if that object is within 1,000
feet of you. If the object is in motion, you know the direction of
its movement.
The spell can locate a specific object known to you if you have
seen it up close—within 30 feet—at least once. Alternatively, the
spell can locate the nearest object of a particular kind, such as a
certain kind of apparel, jewelry, furniture, tool, or weapon.
This spell can't locate an object if any thickness of lead blocks a
direct path between you and the object.
Material: A forked twig.",FALSE,13,3,524,2024
Magic Aura,2,FALSE,Touch,"V, S, M",24 hours,FALSE,1 Action,Illusion,Wizard,"With a touch, you place an illusion on a willing creature or an
object that isn’t being worn or carried. A creature gains the
Mask effect below, and an object gains the False Aura effect
below. The effect lasts for the duration. If you cast the spell on
the same target every day for 30 days, the illusion lasts until
dispelled.
Mask (Creature). Choose a creature type other than the target’s
actual type. Spells and other magical effects treat the target as
if it were a creature of the chosen type.
False Aura (Object). You change the way the target appears to
spells and magical effects that detect magical auras, such as
Detect Magic. You can make a nonmagical object appear magical,
make a magic item appear nonmagical, or change the object’s
aura so that it appears to belong to a school of magic you
choose.
Material: A small square of silk.",FALSE,14,1,29,2024
Magic Mouth,2,TRUE,30 ft,"V, S, M",Until dispelled,FALSE,1 minute,Illusion,"Bard, Wizard","You implant a message within an object in range—a message that
is uttered when a trigger condition is met. Choose an object that
you can see and that isn't being worn or carried by another
creature. Then speak the message, which must be 25 words or
fewer, though it can be delivered over as long as 10 minutes.
Finally, determine the circumstance that will trigger the spell to
deliver your message.
When that trigger occurs, a magical mouth appears on the object
and recites the message in your voice and at the same volume
you spoke. If the object you chose has a mouth or something that
looks like a mouth (for example, the mouth of a statue), the
magical mouth appears there, so the words appear to come from
the object's mouth. When you cast this spell, you can have the
spell end after it delivers its message, or it can remain and repeat
its message whenever the trigger occurs.
The trigger can be as general or as detailed as you like, though it
must be based on visual or audible conditions that occur within
30 feet of the object. For example, you could instruct the mouth
to speak when any creature moves within 30 feet of the object or
when a silver bell rings within 30 feet of it.
Material: Jade dust worth 10+ GP, which the spell consumes.",FALSE,14,2,29,2024
Magic Weapon,2,FALSE,Touch,"V, S",1 hour,FALSE,Bonus Action,Transmutation,"Paladin, Ranger, Sorcerer, Wizard","You touch a nonmagical weapon. Until the spell ends, that
weapon becomes a magic weapon with a +1 bonus to attack rolls
and damage rolls. The spell ends early if you cast it again.
Using a Higher-Level Spell Slot. The bonus increases to +2 with
a level 3–5 spell slot. The bonus increases to +3 with a level 6+
spell slot.",FALSE,14,3,29,2024
Mind Spike,2,FALSE,120 ft,S,≤ 1 hour,TRUE,1 Action,Divination,"Sorcerer, Warlock, Wizard","You drive a spike of psionic energy into the mind of one creature
you can see within range. The target makes a Wisdom saving
throw, taking 3d8 Psychic damage on a failed save or half as
much damage on a successful one. On a failed save, you also
always know the target’s location until the spell ends, but only
while the two of you are on the same plane of existence. While
you have this knowledge, the target can’t become hidden from
you, and if it has the Invisible condition, it gains no benefit from
that condition against you.
Using a Higher-Level Spell Slot. The damage increases by 1d8
for each spell slot level above 2.",FALSE,14,1,277,2024
Mirror Image,2,FALSE,Self,"V, S",1 minute,FALSE,1 Action,Illusion,"Bard, Sorcerer, Warlock, Wizard","Three illusory duplicates of yourself appear in your space. Until
the spell ends, the duplicates move with you and mimic your
actions, shifting position so it's impossible to track which image
is real.
Each time a creature hits you with an attack roll during the
spell's duration, roll a d6 for each of your remaining duplicates.
If any of the d6s rolls a 3 or higher, one of the duplicates is hit
instead of you, and the duplicate is destroyed. The duplicates
otherwise ignore all other damage and effects. The spell ends
when all three duplicates are destroyed.
A creature is unaffected by this spell if it has the Blinded
condition, Blindsight, or Truesight.",FALSE,14,2,277,2024
Misty Step,2,FALSE,Self,V,Instantaneous,FALSE,Bonus Action,Conjuration,"Sorcerer, Warlock, Wizard","Briefly surrounded by silvery mist, you teleport up to 30 feet to
an unoccupied space you can see.",FALSE,14,3,277,2024
Moonbeam,2,FALSE,120 ft,"V, S, M",≤ 1 minute,TRUE,1 Action,Evocation,Druid,"A silvery beam of pale light shines down in a 5-foot-radius, 40-
foot-high Cylinder centered on a point within range. Until the
spell ends, Dim Light fills the Cylinder, and you can take a Magic
action on later turns to move the Cylinder up to 60 feet. When
the Cylinder appears, each creature in it makes a Constitution
saving throw. On a failed save, a creature takes 2d10 Radiant
damage, and if the creature is shape-shifted (as a result of the
Polymorph spell, for example), it reverts to its true form and
can't shape-shift until it leaves the Cylinder. On a successful
save, a creature takes half as much damage only. A creature also
makes this save when the spell's area moves into its space and
when it enters the spell's area or ends its turn there. A creature
makes this save only once per turn.
Using a Higher-Level Spell Slot. The damage increases by 1d10
for each spell slot level above 2.
Material: A moonseed leaf.",FALSE,14,1,524,2024
Pass without Trace,2,FALSE,Self,"V, S, M",≤ 1 hour,TRUE,1 Action,Abjuration,"Druid, Ranger","You radiate a concealing aura in a 30-foot Emanation for the
duration. While in the aura, you and each creature you choose
have a +10 bonus to Dexterity (Stealth) checks and leave no
tracks.
Material: Ashes from a burned mistletoe.",FALSE,14,2,524,2024
Phantasmal Force,2,FALSE,60 ft,"V, S, M",≤ 1 minute,TRUE,1 Action,Illusion,"Bard, Sorcerer, Wizard","You attempt to craft an illusion in the mind of a creature you can
see within range. The target makes an Intelligence saving throw.
On a failed save, you create a phantasmal object, creature, or
other phenomenon that is no larger than a 10-foot Cube and that
is perceivable only to the target for the duration. The phantasm
includes sound, temperature, and other stimuli.
The target can take a Study action to examine the phantasm with
an Intelligence (Investigation) check against your spell save DC. If
the check succeeds, the target realizes that the phantasm is an
illusion, and the spell ends.
While affected by the spell, the target treats the phantasm as if it
were real and rationalizes any illogical outcomes from interacting
with it. For example, if the target steps through a phantasmal
bridge and survives the fall, it believes the bridge exists and
something else caused it to fall.
An affected target can even take damage from the illusion if the
phantasm represents a dangerous creature or hazard. On each of
your turns, such a phantasm can deal 2d8 Psychic damage to the
target if it is in the phantasm's area or within 5 feet of the
phantasm. The target perceives the damage as a type appropriate
to the illusion.
Material: A bit of fleece.",FALSE,14,3,524,2024
Prayer of Healing,2,FALSE,30 ft,V,Instantaneous,FALSE,10 minutes,Abjuration,"Cleric, Paladin","Up to five creatures of your choice who remain within range for
the spell's entire casting gain the benefits of a Short Rest and
also regain 2d8 Hit Points. A creature can't be affected by this
spell again until that creature finishes a Long Rest.
Using a Higher-Level Spell Slot. The healing increases by 1d8
for each spell slot level above 2.",FALSE,15,1,29,2024
Protection from Poison,2,FALSE,Touch,"V, S",1 hour,FALSE,1 Action,Abjuration,"Cleric, Druid, Paladin, Ranger","You touch a creature and end the Poisoned condition on it. For
the duration, the target has Advantage on saving throws to avoid
or end the Poisoned condition, and it has Resistance to Poison
damage.",FALSE,15,2,29,2024
Ray of Enfeeblement,2,FALSE,60 ft,"V, S",≤ 1 minute,TRUE,1 Action,Necromancy,"Warlock, Wizard","A beam of enervating energy shoots from you toward a creature
within range. The target must make a Constitution saving throw.
On a successful save, the target has Disadvantage on the next
attack roll it makes until the start of your next turn.
On a failed save, the target has Disadvantage on Strength-based
D20 Tests for the duration. During that time, it also subtracts 1d8
from all its damage rolls. The target repeats the save at the end
of each of its turns, ending the spell on a success.",FALSE,15,3,29,2024
Rope Trick,2,FALSE,Touch,"V, S, M",1 hour,FALSE,1 Action,Transmutation,Wizard,"You touch a rope. One end of it hovers upward until the rope
hangs perpendicular to the ground or the rope reaches a ceiling.
At the rope's upper end, an Invisible 3-foot-by-5-foot portal
opens to an extradimensional space that lasts until the spell
ends. That space can be reached by climbing the rope, which can
be pulled into or dropped out of it.
The space can hold up to eight Medium or smaller creatures.
Attacks, spells, and other effects can't pass into or out of the
space, but creatures inside it can see through the portal.
Anything inside the space drops out when the spell ends.
Material: A segment of rope.",FALSE,15,1,277,2024
Scorching Ray,2,FALSE,120 ft,"V, S",Instantaneous,FALSE,1 Action,Evocation,"Sorcerer, Wizard","You hurl three fiery rays. You can hurl them at one target within
range or at several. Make a ranged spell attack for each ray. On a
hit, the target takes 2d6 Fire damage.
Using a Higher-Level Spell Slot. You create one additional ray
for each spell slot level above 2.",FALSE,15,2,277,2024
See Invisibility,2,FALSE,Self,"V, S, M",1 hour,FALSE,1 Action,Divination,"Bard, Sorcerer, Wizard","For the duration, you see creatures and objects that have the
Invisible condition as if they were visible, and you can see into
the Ethereal Plane. Creatures and objects there appear ghostly.
Material: A pinch of talc.",FALSE,15,3,277,2024
Shatter,2,FALSE,60 ft,"V, S, M",Instantaneous,FALSE,1 Action,Evocation,"Bard, Sorcerer, Wizard","A loud noise erupts from a point of your choice within range.
Each creature in a 10-foot-radius Sphere centered there makes a
Constitution saving throw, taking 3d8 Thunder damage on a
failed save or half as much damage on a successful one. A
Construct has Disadvantage on the save.
A nonmagical object that isn't being worn or carried also takes
the damage if it's in the spell's area.
Using a Higher-Level Spell Slot. The damage increases by 1d8
for each spell slot level above 2.
Material: A chip of mica.",FALSE,15,1,524,2024
Shining Smite,2,FALSE,Self,V,≤ 1 minute,TRUE,Bonus Action,Transmutation,Paladin,"Take this action immediately after hitting a creature with a Melee
weapon or an Unarmed Strike.
The target hit by the strike takes an extra 2d6 Radiant damage
from the attack. Until the spell ends, the target sheds Bright
Light in a 5-foot radius, attack rolls against it have Advantage,
and it can't benefit from the Invisible condition.
Using a Higher-Level Spell Slot. The damage increases by 1d6
for each spell slot level above 2.",FALSE,15,2,524,2024
Silence,2,TRUE,120 ft,"V, S",≤ 10 minutes,TRUE,1 Action,Illusion,"Bard, Cleric, Ranger","For the duration, no sound can be created within or pass through
a 20-foot-radius Sphere centered on a point you choose within
range. Any creature or object entirely inside the Sphere has
Immunity to Thunder damage, and creatures have the Deafened
condition while entirely inside it. Casting a spell that includes a
Verbal component is impossible there.",FALSE,15,3,524,2024
Spider Climb,2,FALSE,Touch,"V, S, M",≤ 1 hour,TRUE,1 Action,Transmutation,"Sorcerer, Warlock, Wizard","Until the spell ends, one willing creature you touch gains the
ability to move up, down, and across vertical surfaces and along
ceilings, while leaving its hands free. The target also gains a
Climb Speed equal to its Speed.
Using a Higher-Level Spell Slot. You can target one additional
creature for each spell slot level about 2.
Material: A drop of bitumen and a spider.",FALSE,16,1,29,2024
Spike Growth,2,FALSE,150 ft,"V, S, M",≤ 10 minutes,TRUE,1 Action,Transmutation,"Druid, Ranger","The ground in a 20-foot-radius Sphere centered on a point within
range sprouts hard spikes and thorns. The area becomes Difficult
Terrain for the duration. When a creature moves into or within
the area, it takes 2d4 Piercing damage for every 5 feet it travels.
The transformation of the ground is camouflaged to look natural.
Any creature that can't see the area when the spell is cast must
take a Search action and succeed on a Wisdom (Perception or
Survival) check against your spell save DC to recognize the
terrain as hazardous before entering it.
Material: Seven thorns.",FALSE,16,2,29,2024
Spiritual Weapon,2,FALSE,60 ft,"V, S",≤ 1 minute,TRUE,Bonus Action,Evocation,Cleric,"You create a floating, spectral force that resembles a weapon of
your choice and lasts for the duration.
The force appears within range in a space of your choice, and
you can immediately make one melee spell attack against one
creature within 5 feet of the force. On a hit, the target takes
Force damage equal to 1d8 plus your spellcasting ability modifier.
As a Bonus Action on your later turns, you can move the force up
to 20 feet and repeat the attack against a creature within 5 feet
of it.
Using a Higher-Level Spell Slot. The damage increases by 1d8
for every slot level above 2.",FALSE,16,3,29,2024
Suggestion,2,FALSE,30 ft,"V, M",≤ 8 hours,TRUE,1 Action,Enchantment,"Bard, Sorcerer, Warlock, Wizard","You suggest a course of activity—described in no more than 25
words—to one creature you can see within range that can hear
and understand you. The suggestion must sound achievable and
not involve anything that would obviously deal damage to the
target or its allies. For example, you could say, “Fetch the key to
the cult's treasure vault, and give the key to me.” Or you could
say, “Stop fighting, leave this library peacefully, and don't
return.”
The target must succeed on a Wisdom saving throw or have the
Charmed condition for the duration or until you or your allies
deal damage to the target. The Charmed target pursues the
suggestion to the best of its ability. The suggested activity can
continue for the entire duration, but if the suggested activity
can be completed in a shorter time, the spell ends for the target
upon completing it.
Material: A drop of honey.",FALSE,16,1,277,2024
Warding Bond,2,FALSE,Touch,"V, S, M",1 hour,FALSE,1 Action,Abjuration,"Cleric, Paladin","You touch another creature that is willing and create a mystic
connection between you and the target until the spell ends.
While the target is within 60 feet of you, it gains a +1 bonus to AC
and saving throws, and it has Resistance to all damage. Also,
each time it takes damage, you take the same amount of
damage.
The spell ends if you drop to 0 Hit Points or if you and the target
become separated by more than 60 feet. It also ends if the spell
is cast again on either of the connected creatures.
Material: A pair of platinum rings worth 50+ GP each, which you
and the target must wear for the duration.",FALSE,16,2,277,2024
Web,2,FALSE,60 ft,"V, S, M",≤ 1 hour,TRUE,1 Action,Conjuration,"Sorcerer, Wizard","You conjure a mass of sticky webbing at a point within range. The
webs fill a 20-foot Cube there for the duration. The webs are
Difficult Terrain, and the area within them is Lightly Obscured.
If the webs aren't anchored between two solid masses (such as
walls or trees) or layered across a floor, wall, or ceiling, the web
collapses on itself, and the spell ends at the start of your next
turn. Webs layered over a flat surface have a depth of 5 feet.
The first time a creature enters the webs on a turn or starts its
turn there, it must succeed on a Dexterity saving throw or have
the Restrained condition while in the webs or until it breaks free.
A creature Restrained by the webs can take an action to make a
Strength (Athletics) check against your spell save DC. If it
succeeds, it is no longer Restrained.
The webs are flammable. Any 5-foot Cube of webs exposed to
fire burns away in 1 round, dealing 2d4 Fire damage to any
creature that starts its turn in the fire.
Material: A bit of spiderweb.",FALSE,16,3,277,2024
Zone of Truth,2,FALSE,60 ft,"V, S",10 minutes,FALSE,1 Action,Enchantment,"Bard, Cleric, Paladin","You create a magical zone that guards against deception in a 15-
foot-radius Sphere centered on a point within range. Until the
spell ends, a creature that enters the spell's area for the first
time on a turn or starts its turn there makes a Charisma saving
throw. On a failed save, a creature can't speak a deliberate lie
while in the radius. You know whether a creature succeeds or
fails on this save.
An affected creature is aware of the spell and can avoid
answering questions to which it would normally respond with a
lie. Such a creature can be evasive yet must be truthful.",FALSE,16,1,524,2024
Animate Dead,3,FALSE,10 ft,"V, S, M",Instantaneous,FALSE,1 minute,Necromancy,"Cleric, Wizard","Choose a pile of bones or a corpse of a Medium or Small Humanoid
within range. The target becomes an Undead creature: a Skeleton
if you chose bones or a Zombie if you chose a corpse.
On each of your turns, you can take a Bonus Action to mentally
command any creature you made with this spell if the creature is
within 60 feet of you (if you control multiple creatures, you can
command any of them at the same time, issuing the same
command to each one). You decide what action the creature will
take and where it will move on its next turn, or you can issue a
general command, such as to guard a chamber or corridor. If you
issue no commands, the creature takes the Dodge action and
moves only to avoid harm. Once given an order, the creature
continues to follow it until its task is complete.
The creature is under your control for 24 hours, after which it
stops obeying any command you've given it. To maintain control of
the creature for another 24 hours, you must cast this spell on the
creature again before the current 24-hour period ends. This use of
the spell reasserts your control over up to four creatures you have
animated with this spell rather than animating a new creature.
Using a Higher-Level Spell Slot. You animate or reassert control
over two additional Undead creatures for each spell slot level
above 3. Each of the creatures must come from a different corpse
or pile of bones.
Material: A drop of blood, a piece of flesh, and a pinch of bone dust.",FALSE,16,2,524,2024
Beacon of Hope,3,FALSE,30 ft,"V, S",≤ 1 minute,TRUE,1 Action,Abjuration,Cleric,"Choose any number of creatures within range. For the duration,
each target has Advantage on Wisdom saving throws and Death
Saving Throws and regains the maximum number of Hit Points
possible from any healing.",FALSE,16,3,524,2024
Bestow Curse,3,FALSE,Touch,"V, S",≤ 1 minute,TRUE,1 Action,Necromancy,"Bard, Cleric, Wizard","You touch a creature, which must succeed on a Wisdom saving
throw or become cursed for the duration. Until the curse ends,
the target suffers one of the following effects of your choice:
Using a Higher-Level Spell Slot. If you cast this spell using a
level 4 spell slot, you can maintain Concentration on it for up to
10 minutes. If you use a level 5+ spell slot, the spell doesn't
require Concentration, and the duration becomes 8 hours (level
5-6 slot) or 24 hours (level 7-8 slot). If you use a level 9 spell
slot, the spell lasts until dispelled.
Choose one ability. The target has Disadvantage on ability
checks and saving throws made with that ability.
•
The target has Disadvantage on attack rolls against you.
•
In combat, the target must succeed on a Wisdom saving throw
at the start of each of its turns or be forced to take the Dodge
action on that turn.
•
If you deal damage to the target with an attack roll or a spell,
the target takes an extra 1d8 Necrotic damage.
•",FALSE,17,1,29,2024
Blink,3,FALSE,Self,"V, S",1 minute,FALSE,1 Action,Transmutation,"Sorcerer, Wizard","Roll 1d6 at the end of each of your turns for the duration. On a
roll of 4–6, you vanish from your current plane of existence and
appear in the Ethereal Plane (the spell ends instantly if you are
already on that plane). While on the Ethereal Plane, you can
perceive the plane you left, which is cast in shades of gray, but
you can't see anything there more than 60 feet away. You can
affect and be affected only by other creatures on the Ethereal
Plane, and creatures on the other plane can't perceive you
unless they have a special ability that lets them perceive things
on the Ethereal Plane.
You return to the other plane at the start of your next turn and
when the spell ends if you are on the Ethereal Plane. You return
to an unoccupied space of your choice that you can see within 10
feet of the space you left. If no unoccupied space is available
within that range, you appear in the nearest unoccupied space.",FALSE,17,2,29,2024
Call Lightning,3,FALSE,120 ft,"V, S",≤ 10 minutes,TRUE,1 Action,Conjuration,Druid,"A storm cloud appears at a point within range that you can see
above yourself. It takes the shape of a Cylinder that is 10 feet tall
with a 60-foot radius.
When you cast the spell, choose a point you can see under the
cloud. A lightning bolt shoots from the cloud to that point. Each
creature within 5 feet of that point makes a Dexterity saving
throw, taking 3d10 Lightning damage on a failed save or half as
much damage on a successful one.
Until the spell ends, you can take a Magic action to call down
lightning in that way again, targeting the same point or a
different one.
If you're outdoors in a storm when you cast this spell, the spell
gives you control over that storm instead of creating a new one.
Under such conditions, the spell's damage increases by 1d10.
Using a Higher-Level Spell Slot. The damage increases by 1d10
for each spell slot level above 3.",FALSE,17,3,29,2024
Clairvoyance,3,FALSE,1 mile,"V, S, M",≤ 10 minutes,TRUE,10 minutes,Divination,"Bard, Cleric, Sorcerer, Wizard","You create an Invisible sensor within range in a location familiar
to you (a place you have visited or seen before) or in an obvious
location that is unfamiliar to you (such as behind a door, around
a corner, or in a grove of trees). The intangible, invulnerable
sensor remains in place for the duration.
When you cast the spell, choose seeing or hearing. You can use
the chosen sense through the sensor as if you were in its space.
As a Bonus Action, you can switch between seeing and hearing.
A creature that sees the sensor (such as a creature benefiting
from See Invisibility or Truesight) sees a luminous orb about the
size of your fist.
Material: A focus worth 100+ GP, either a jeweled horn for hearing
or a glass eye for seeing.",FALSE,17,1,277,2024
Conjure Animals,3,FALSE,60 ft,"V, S",≤ 10 minutes,TRUE,1 Action,Conjuration,"Druid, Ranger","You conjure nature spirits that appear as a Large pack of
spectral, intangible animals in an unoccupied space you can see
within range. The pack lasts for the duration, and you choose the
spirits' animal form, such as wolves, serpents, or birds.
You have Advantage on Strength saving throws while you're
within 5 feet of the pack, and when you move on your turn, you
can also move the pack up to 30 feet to an unoccupied space you
can see.
Whenever the pack moves within 10 feet of a creature you can
see and whenever a creature you can see enters a space within
10 feet of the pack or ends its turn there, you can force that
creature to make a Dexterity saving throw. On a failed save, the
creature takes 3d10 Slashing damage. A creature makes this save
only once per turn.
Using a Higher-Level Spell Slot. The damage increases by 1d10
for each spell slot level above 3.",FALSE,17,2,277,2024
Counterspell,3,FALSE,60 ft,S,Instantaneous,FALSE,Reaction,Abjuration,"Sorcerer, Warlock, Wizard","Take this reaction when you see a creature within 60 feet of
yourself casting a spell with Verbal, Somatic, or Material
components.
You attempt to interrupt a creature in the process of casting a
spell. The creature must make a Constitution saving throw. On a
failed save, the spell dissipates with no effect, and the action,
Bonus Action, or Reaction used to cast it is wasted. If that spell
was cast with a spell slot, the slot isn't expended.",FALSE,17,3,277,2024
Create Food and Water,3,FALSE,30 ft,"V, S",Instantaneous,FALSE,1 Action,Conjuration,"Cleric, Paladin","You create 45 pounds of food and 30 gallons of fresh water on
the ground or in containers within range—both useful in fending
off the hazards of malnutrition and dehydration. The food is
bland but nourishing and looks like a food of your choice, and the
water is clean. The food spoils after 24 hours if uneaten.",FALSE,17,1,524,2024
Daylight,3,FALSE,60 ft,"V, S",1 hour,FALSE,1 Action,Evocation,"Cleric, Druid, Paladin, Ranger, Sorcerer","For the duration, sunlight spreads from a point within range and
fills a 60-foot-radius Sphere. The sunlight's area is Bright Light
and sheds Dim Light for an additional 60 feet.
Alternatively, you cast the spell on an object that isn't being
worn or carried, causing the sunlight to fill a 60-foot Emanation
originating from that object. Covering that object with
something opaque, such as a bowl or helm, blocks the sunlight.
If any of this spell's area overlaps with an area of Darkness
created by a spell of level 3 or lower, that other spell is
dispelled.",FALSE,17,2,524,2024
Dispel Magic,3,FALSE,120 ft,"V, S",Instantaneous,FALSE,1 Action,Abjuration,All Spellcasters,"Choose one creature, object, or magical effect within range. Any
ongoing spell of level 3 or lower on the target ends. For each
ongoing spell of level 4 or higher on the target, make an ability
check using your spellcasting ability (DC 10 plus that spell's
level). On a successful check, the spell ends.
Using a Higher-Level Spell Slot. You automatically end a spell
on the target if the spell's level is equal to or less than the level
of the spell slot you use.",FALSE,17,3,524,2024
Fear,3,FALSE,Self,"V, S, M",≤ 1 minute,TRUE,1 Action,Illusion,"Bard, Sorcerer, Warlock, Wizard","Each creature in a 30-foot Cone must succeed on a Wisdom
saving throw or drop whatever it is holding and have the
Frightened condition for the duration.
A Frightened creature takes the Dash action and moves away
from you by the safest route on each of its turns unless there is
nowhere to move. If the creature ends its turn in a space where
it doesn't have line of sight to you, the creature makes a Wisdom
saving throw. On a successful save, the spell ends on that
creature.
Material: A white feather.",FALSE,18,1,29,2024
Fireball,3,FALSE,150 ft,"V, S, M",Instantaneous,FALSE,1 Action,Evocation,"Sorcerer, Wizard","A bright streak flashes from you to a point you choose within
range and then blossoms with a low roar into a fiery explosion.
Each creature in a 20-foot-radius Sphere centered on that point
makes a Dexterity saving throw, taking 8d6 Fire damage on a
failed save or half as much damage on a successful one.
Flammable objects in the area that aren't being worn or carried
start burning.
Using a Higher-Level Spell Slot. The damage increases by 1d6
for each spell slot level above 3.
Material: A ball of bat guano and sulfur.",FALSE,18,2,29,2024
Fly,3,FALSE,Touch,"V, S, M",≤ 10 minutes,TRUE,1 Action,Transmutation,"Sorcerer, Warlock, Wizard","You touch a willing creature. For the duration, the target gains a
Fly Speed of 60 feet and can hover. When the spell ends, the
target falls if it is still aloft unless it can stop the fall.
Using a Higher-Level Spell Slot. You can target one additional
creature for each spell slot level above 3.
Material: A feather.",FALSE,18,3,29,2024
Gaseous Form,3,FALSE,Touch,"V, S, M",≤ 1 hour,TRUE,1 Action,Transmutation,"Sorcerer, Warlock, Wizard","A willing creature you touch shape-shifts, along with everything
it's wearing and carrying, into a misty cloud for the duration. The
spell ends on the target if it drops to 0 Hit Points or if it takes a
Magic action to end the spell on itself.
While in this form, the target's only method of movement is a Fly
Speed of 10 feet, and it can hover. The target can enter and
occupy the space of another creature. The target has Resistance
to Bludgeoning, Piercing, and Slashing damage; it has Immunity
to the Prone condition; and it has Advantage on Strength,
Dexterity, and Constitution saving throws. The target can pass
through narrow openings, but it treats liquids as though they
were solid surfaces.
The target can't talk or manipulate objects, and any objects it
was carrying or holding can't be dropped, used, or otherwise
interacted with. Finally, the target can't attack or cast spells.
Using a Higher-Level Spell Slot. You can target one additional
creature for each spell slot level above 3.
Material: A bit of gauze.",FALSE,18,1,277,2024
Glyph of Warding,3,FALSE,Touch,"V, S, M",Until triggered,FALSE,1 hour,Abjuration,"Bard, Cleric, Wizard","You inscribe a glyph that later unleashes a magical effect. You
inscribe it either on a surface (such as a table or a section of
floor) or within an object that can be closed (such as a book or
chest) to conceal the glyph. The glyph can cover an area no
larger than 10 feet in diameter. If the surface or object is moved
more than 10 feet from where you cast this spell, the glyph is
broken, and the spell ends without being triggered. The glyph
may also be dispelled by the caster at will.
The glyph is nearly imperceptible and requires a successful
Wisdom (Perception) check against your spell save DC to notice.
When you inscribe the glyph, you set its trigger and choose
whether it's an explosive rune or a spell glyph, as explained
below.
Set the Trigger. You decide what triggers the glyph when you
cast the spell. For glyphs inscribed on a surface, common
triggers include touching or stepping on the glyph, removing
another object covering it, or approaching within a certain
distance of it. For glyphs inscribed within an object, common
triggers include opening that object or seeing the glyph. Once a
glyph is triggered, this spell ends.
You can refine the trigger so that only creatures of certain types
activate it (for example, the glyph could be set to affect
Aberrations). You can also set conditions for creatures that don't
trigger the glyph, such as those who say a certain password.
Explosive Rune. When triggered, the glyph erupts with magical
energy in a 20-foot-radius Sphere centered on the glyph. Each
creature in the area makes a Dexterity saving throw. A creature
takes 5d8 Acid, Cold, Fire, Lightning, or Thunder damage (your
choice when you create the glyph) on a failed save or half as
much damage on a successful one.
Spell Glyph. You can store a prepared spell of level 3 or lower in
the glyph by casting it as part of creating the glyph. The spell
must target a single creature or an area. The spell being stored
has no immediate effect when cast in this way.
When the glyph is triggered, the stored spell takes effect. If the
spell has a target, it targets the creature that triggered the
glyph. If the spell affects an area, the area is centered on that
creature. If the spell summons Hostile creatures or creates
harmful objects or traps, they appear as close as possible to the
intruder and attack it. If the spell requires Concentration, it lasts
until the end of its full duration.
Using a Higher-Level Spell Slot. The damage of an explosive
rune increases by 1d8 for each spell slot level above 3. If you
create a spell glyph, you can store any spell of up to the same
level as the spell slot you use for the Glyph of Warding.
Material: Powdered diamond worth 200+ GP, which the spell
consumes.",TRUE,18,2,277,2024
Haste,3,FALSE,30 ft,"V, S, M",≤ 1 minute,TRUE,1 Action,Transmutation,"Sorcerer, Wizard","Choose a willing creature that you can see within range. Until
the spell ends, the target's Speed is doubled, it gains a +2 bonus
to Armor Class, it has Advantage on Dexterity saving throws, and
it gains an additional action on each of its turns. That action can
be used to take only the Attack (one attack only), Dash,
Disengage, Hide, or Utilize action.
When the spell ends, the target is Incapacitated and has a Speed
of 0 until the end of its next turn, as a wave of lethargy washes
over it.
Material: A shaving of licorice root.",FALSE,18,3,277,2024
Hypnotic Pattern,3,FALSE,120 ft,"S, M",≤ 1 minute,TRUE,1 Action,Illusion,"Bard, Sorcerer, Warlock, Wizard","You create a twisting pattern of colors in a 30-foot Cube within
range. The pattern appears for a moment and vanishes. Each
creature in the area who can see the pattern must succeed on a
Wisdom saving throw or have the Charmed condition for the
duration. While Charmed, the creature has the Incapacitated
condition and a Speed of 0.
The spell ends for an affected creature if it takes any damage or
if someone else uses an action to shake the creature out of its
stupor.
Material: A pinch of confetti.",FALSE,18,1,524,2024
Lightning Bolt,3,FALSE,Self,"V, S, M",Instantaneous,FALSE,1 Action,Evocation,"Sorcerer, Wizard","A stroke of lightning forming a 100-foot-long, 5-foot-wide Line
blasts out from you in a direction you choose. Each creature in
the Line makes a Dexterity saving throw, taking 8d6 Lightning
damage on a failed save or half as much damage on a successful
one.
Using a Higher-Level Spell Slot. The damage increases by 1d6
for each spell slot level above 3.
Material: A bit of fur and a crystal rod.",FALSE,18,3,524,2024
Magic Circle,3,FALSE,10 ft,"V, S, M",1 hour,FALSE,1 minute,Abjuration,"Cleric, Paladin, Warlock, Wizard","You create a 10-foot-radius, 20-foot-tall Cylinder of magical energy
centered on a point on the ground that you can see within range.
Glowing runes appear wherever the Cylinder intersects with the
floor or other surface.
Choose one or more of the following types of creatures: Celestials,
Elementals, Fey, Fiends, or Undead. The circle affects a creature of
the chosen type in the following ways:
Each time you cast this spell, you can cause its magic to operate in
the reverse direction, preventing a creature of the specified type
from leaving the Cylinder and protecting targets outside it.
Using a Higher-Level Spell Slot. The duration increases by 1 hour
for each spell slot level above 3.
Material: Salt and powdered silver worth 100+ GP, which the spell
consumes.
The creature can't willingly enter the Cylinder by nonmagical
means. If the creature tries to use teleportation or interplanar
travel to do so, it must first succeed on a Charisma saving throw.
•
The creature has Disadvantage on attack rolls against targets
within the Cylinder.
•
Targets within the Cylinder can't be possessed by or gain the
Charmed or Frightened condition from the creature.
•",FALSE,19,1,29,2024
Major Image,3,FALSE,120 ft,"V, S, M",≤ 10 minutes,TRUE,1 Action,Illusion,"Bard, Sorcerer, Warlock, Wizard","You create the image of an object, a creature, or some other
visible phenomenon that is no larger than a 20-foot Cube. The
image appears at a spot that you can see within range and lasts
for the duration. It seems real, including sounds, smells, and
temperature appropriate to the thing depicted, but it can't deal
damage or cause conditions.
If you are within range of the illusion, you can take a Magic action
to cause the image to move to any other spot within range. As the
image changes location, you can alter its appearance so that its
movements appear natural for the image. For example, if you
create an image of a creature and move it, you can alter the image
so that it appears to be walking. Similarly, you can cause the
illusion to make different sounds at different times, even making it
carry on a conversation, for example.
Physical interaction with the image reveals it to be an illusion, for
things can pass through it. A creature that takes a Study action to
examine the image can determine that it is an illusion with a
successful Intelligence (Investigation) check against your spell
save DC. If a creature discerns the illusion for what it is, the
creature can see through the image, and its other sensory
qualities become faint to the creature.
Using a Higher-Level Spell Slot. The spell lasts until dispelled,
without requiring Concentration, if cast with a level 4+ spell slot.
Material: A bit of fleece.",FALSE,19,2,29,2024
Mass Healing Word,3,FALSE,60 ft,V,Instantaneous,FALSE,Bonus Action,Abjuration,"Bard, Cleric","Up to six creatures of your choice that you can see within range
regain Hit Points equal to 2d4 plus your spellcasting ability
modifier.
Using a Higher-Level Spell Slot. The healing increases by 1d4
for each spell slot level above 3.",FALSE,19,3,29,2024
Meld into Stone,3,TRUE,Touch,"V, S",8 hours,FALSE,1 Action,Transmutation,"Cleric, Druid, Ranger","You step into a stone object or surface large enough to fully
contain your body, merging yourself and your equipment with
the stone for the duration. You must touch the stone to do so.
Nothing of your presence remains visible or otherwise
detectable by nonmagical senses.
While merged with the stone, you can't see what occurs outside
it, and any Wisdom (Perception) checks you make to hear sounds
outside it are made with Disadvantage. You remain aware of the
passage of time and can cast spells on yourself while merged in
the stone. You can use 5 feet of movement to leave the stone
where you entered it, which ends the spell. You otherwise can't
move.
Minor physical damage to the stone doesn't harm you, but its
partial destruction or a change in its shape (to the extent that
you no longer fit within it) expels you and deals 6d6 Force
damage to you. The stone's complete destruction (or
transmutation into a different substance) expels you and deals
50 Force damage to you. If expelled, you move into an
unoccupied space closest to where you first entered and have
the Prone condition.",FALSE,19,1,277,2024
Nondetection,3,FALSE,Touch,"V, S, M",8 hours,FALSE,1 Action,Abjuration,"Bard, Ranger, Wizard","For the duration, you hide a target that you touch from
Divination spells. The target can be a willing creature, or it can
be a place or an object no larger than 10 feet in any dimension.
The target can't be targeted by any Divination spell or perceived
through magical scrying sensors.
Material: A pinch of diamond dust worth 25+ GP, which the spell
consumes.",FALSE,19,2,277,2024
Phantom Steed,3,TRUE,30 ft,"V, S",1 hour,FALSE,1 minute,Illusion,Wizard,"A Large, quasi-real, horselike creature appears on the ground in
an unoccupied space of your choice within range. You decide the
creature's appearance, and it is equipped with a saddle, bit, and
bridle. Any of the equipment created by the spell vanishes in a
puff of smoke if it is carried more than 10 feet away from the
steed.
For the duration, you or a creature you choose can ride the
steed. The steed uses the Riding Horse stat block, except it has a
Speed of 100 feet and can travel 13 miles in an hour. When the
spell ends, the steed gradually fades, giving the rider 1 minute to
dismount. The spell ends early if the steed takes any damage.",FALSE,19,3,277,2024
Plant Growth,3,FALSE,150 ft,"V, S",Instantaneous,FALSE,Variable,Transmutation,"Bard, Druid, Ranger","This spell channels vitality into plants.
The casting time you use determines whether the spell has the
Overgrowth or the Enrichment effect below.
Overgrowth. Casting Time: 1 Action. Choose a point within range.
All normal plants in a 100-foot-radius Sphere centered on that
point become thick and overgrown. A creature moving through
that area must spend 4 feet of movement for every 1 foot it
moves. You can exclude one or more areas of any size within the
spell's area from being affected.
Enrichment. Casting Time: 8 Hours. All plants in a half-mile
radius centered on a point within range become enriched for 365
days. The plants yield twice the normal amount of food when
harvested. They can benefit from only one Plant Growth per year.",FALSE,19,1,524,2024
Protection from Energy,3,FALSE,Touch,"V, S",≤ 1 hour,TRUE,1 Action,Abjuration,"Cleric, Druid, Ranger, Sorcerer, Wizard","For the duration, the willing creature you touch has Resistance
to one damage type of your choice: Acid, Cold, Fire, Lightning, or
Thunder.",FALSE,19,2,524,2024
Remove Curse,3,FALSE,Touch,"V, S",Instantaneous,FALSE,1 Action,Abjuration,"Cleric, Paladin, Warlock, Wizard","At your touch, all curses affecting one creature or object end. If
the object is a cursed magic item, its curse remains, but the
spell breaks its owner's Attunement to the object so it can be
removed or discarded.",FALSE,19,3,524,2024
Revivify,3,FALSE,Touch,"V, S, M",Instantaneous,FALSE,1 Action,Necromancy,"Cleric, Druid, Paladin, Ranger","You touch a creature that has died within the last minute. That
creature revives with 1 Hit Point. This spell can't revive a
creature that has died of old age, nor does it restore any missing
body parts.
Material: Diamonds worth 300+ GP, which the spell consumes.",FALSE,20,1,29,2024
Sending,3,FALSE,Unlimited,"V, S, M",Instantaneous,FALSE,1 Action,Divination,"Bard, Cleric, Wizard","You send a short message of 25 words or fewer to a creature you
have met or a creature described to you by someone who has
met it. The target hears the message in its mind, recognizes you
as the sender if it knows you, and can answer in a like manner
immediately. The spell enables targets to understand the
meaning of your message.
You can send the message across any distance and even to other
planes of existence, but if the target is on a different plane than
you, there is a 5 percent chance that the message doesn't
arrive. You know if the delivery fails.
Upon receiving your message, a creature can block your ability
to reach it again with this spell for 8 hours. If you try to send
another message during that time, you learn that you are
blocked, and the spell fails.
Material: A copper wire.",FALSE,20,2,29,2024
Sleet Storm,3,FALSE,150 ft,"V, S, M",≤ 1 minute,TRUE,1 Action,Conjuration,"Druid, Sorcerer, Wizard","Until the spell ends, sleet falls in a 40-foot-tall, 20-foot-radius
Cylinder centered on a point you choose within range. The area
is Heavily Obscured, and exposed flames in the area are doused.
Ground in the Cylinder is Difficult Terrain. When a creature enters
the Cylinder for the first time on a turn or starts its turn there, it
must succeed on a Dexterity saving throw or have the Prone
condition and lose Concentration.
Material: A miniature umbrella.",FALSE,20,3,29,2024
Slow,3,FALSE,120 ft,"V, S, M",≤ 1 minute,TRUE,1 Action,Transmutation,"Bard, Sorcerer, Wizard","You alter time around up to six creatures of your choice in a 40-
foot Cube within range. Each target must succeed on a Wisdom
saving throw or be affected by this spell for the duration.
An affected target's Speed is halved, it takes a −2 penalty to AC
and Dexterity saving throws, and it can't take Reactions. On its
turns, it can take either an action or a Bonus Action, not both,
and it can make only one attack if it takes the Attack action. If it
casts a spell with a Somatic component, there is a 25 percent
chance the spell fails as a result of the target making the spell's
gestures too slowly.
An affected target repeats the save at the end of each of its
turns, ending the spell on itself on a success.
Material: A drop of molasses.",FALSE,20,1,277,2024
Speak with Dead,3,FALSE,10 ft,"V, S, M",10 minutes,FALSE,1 Action,Necromancy,"Bard, Cleric, Wizard","You grant the semblance of life to a corpse of your choice within
range, allowing it to answer questions you pose. The corpse must
have a mouth, and this spell fails if the deceased creature was
Undead when it died. The spell also fails if the corpse was the
target of this spell within the past 10 days.
Until the spell ends, you can ask the corpse up to five questions.
The corpse knows only what it knew in life, including the
languages it knew. Answers are usually brief, cryptic, or
repetitive, and the corpse is under no compulsion to offer a
truthful answer if you are antagonistic toward it or it recognizes
you as an enemy. This spell doesn't return the creature's soul to
its body, only its animating spirit. Thus, the corpse can't learn
new information, doesn't comprehend anything that has
happened since it died, and can't speculate about future events.
Material: Burning incense.",FALSE,20,2,277,2024
Speak with Plants,3,FALSE,Self,"V, S",10 minutes,FALSE,1 Action,Transmutation,"Bard, Druid, Ranger","You imbue plants in an immobile 30-foot Emanation with limited
sentience and animation, giving them the ability to communicate
with you and follow your simple commands. You can question
plants about events in the spell's area within the past day,
gaining information about creatures that have passed, weather,
and other circumstances.
You can also turn Difficult Terrain caused by plant growth (such
as thickets and undergrowth) into ordinary terrain that lasts for
the duration. Or you can turn ordinary terrain where plants are
present into Difficult Terrain that lasts for the duration.
The spell doesn't enable plants to uproot themselves and move
about, but they can move their branches, tendrils, and stalks for
you.
If a Plant creature is in the area, you can communicate with it as
if you shared a common language.",FALSE,20,3,277,2024
Spirit Guardians,3,FALSE,Self,"V, S, M",≤ 10 minutes,TRUE,1 Action,Conjuration,Cleric,"Protective spirits flit around you in a 15-foot Emanation for the
duration. If you are good or neutral, their spectral form appears
angelic or fey (your choice). If you are evil, they appear fiendish.
When you cast this spell, you can designate creatures to be
unaffected by it. Any other creature's Speed is halved in the
Emanation, and whenever the Emanation enters a creature's
space and whenever a creature enters the Emanation or ends its
turn there, the creature must make a Wisdom saving throw. On a
failed save, the creature takes 3d8 Radiant damage (if you are
good or neutral) or 3d8 Necrotic damage (if you are evil). On a
successful save, the creature takes half as much damage. A
creature makes this save only once per turn.
Using a Higher-Level Spell Slot. The damage increases by 1d8
for each spell slot level above 3.
Material: A prayer scroll.",FALSE,20,1,524,2024
Stinking Cloud,3,FALSE,90 ft,"V, S, M",≤ 1 minute,TRUE,1 Action,Conjuration,"Bard, Sorcerer, Wizard","You create a 20-foot-radius Sphere of yellow, nauseating gas
centered on a point within range. The cloud is Heavily Obscured.
The cloud lingers in the air for the duration or until a strong wind
(such as the one created by Gust of Wind) disperses it.
Each creature that starts its turn in the Sphere must succeed on
a Constitution saving throw or have the Poisoned condition until
the end of the current turn. While Poisoned in this way, the
creature can't take an action or a Bonus Action.
Material: A rotten egg.",FALSE,20,2,524,2024
Tiny Hut,3,TRUE,Self,"V, S, M",8 hours,FALSE,1 minute,Evocation,"Bard, Wizard","A 10-foot Emanation springs into existence around you and
remains stationary for the duration. The spell fails when you cast
it if the Emanation isn’t big enough to fully encapsulate all
creatures in its area.
Creatures and objects within the Emanation when you cast the
spell can move through it freely. All other creatures and objects
are barred from passing through it. Spells of level 3 or lower
can’t be cast through it, and the effects of such spells can’t
extend into it.
The atmosphere inside the Emanation is comfortable and dry,
regardless of the weather outside. Until the spell ends, you can
command the interior to have Dim Light or Darkness (no action
required). The Emanation is opaque from the outside and of any
color you choose, but it’s transparent from the inside.
The spell ends early if you leave the Emanation or if you cast it
again.
Material: A crystal bead.",FALSE,20,3,524,2024
Tongues,3,FALSE,Touch,"V, M",1 hour,FALSE,1 Action,Divination,"Bard, Cleric, Sorcerer, Warlock, Wizard","This spell grants the creature you touch the ability to understand
any spoken or signed language that it hears or sees. Moreover,
when the target communicates by speaking or signing, any
creature that knows at least one language can understand it if
that creature can hear the speech or see the signing.
Material: A miniature ziggurat.",FALSE,21,1,29,2024
Vampiric Touch,3,FALSE,Self,"V, S",≤ 1 minute,TRUE,1 Action,Necromancy,"Sorcerer, Warlock, Wizard","The touch of your shadow-wreathed hand can siphon life force
from others to heal your wounds. Make a melee spell attack
against one creature within reach. On a hit, the target takes 3d6
Necrotic damage, and you regain Hit Points equal to half the
amount of Necrotic damage dealt.
Until the spell ends, you can make the attack again on each of
your turns as a Magic action, targeting the same creature or a
different one.
Using a Higher-Level Spell Slot. The damage increases by 1d6
for each spell slot level above 3.",FALSE,21,2,29,2024
Water Breathing,3,TRUE,30 ft,"V, S, M",24 hours,FALSE,1 Action,Transmutation,"Druid, Ranger, Sorcerer, Wizard","This spell grants up to ten willing creatures of your choice within
range the ability to breathe underwater until the spell ends.
Affected creatures also retain their normal mode of respiration.
Material: A short reed.",FALSE,21,3,29,2024
Water Walk,3,TRUE,30 ft,"V, S, M",1 hour,FALSE,1 Action,Transmutation,"Cleric, Druid, Ranger, Sorcerer","This spell grants the ability to move across any liquid surface—
such as water, acid, mud, snow, quicksand, or lava—as if it were
harmless solid ground (creatures crossing molten lava can still
take damage from the heat). Up to ten willing creatures of your
choice within range gain this ability for the duration.
An affected target must take a Bonus Action to pass from the
liquid's surface into the liquid itself and vice versa, but if the
target falls into the liquid, the target passes through the surface
into the liquid below.
Material: A piece of cork.",FALSE,21,1,277,2024
Wind Wall,3,FALSE,120 ft,"V, S, M",≤ 1 minute,TRUE,1 Action,Evocation,"Druid, Ranger","A wall of strong wind rises from the ground at a point you choose
within range. You can make the wall up to 50 feet long, 15 feet
high, and 1 foot thick. You can shape the wall in any way you
choose so long as it makes one continuous path along the
ground. The wall lasts for the duration.
When the wall appears, each creature in its area makes a
Strength saving throw, taking 4d8 Bludgeoning damage on a
failed save or half as much damage on a successful one.
The strong wind keeps fog, smoke, and other gases at bay. Small
or smaller flying creatures or objects can't pass through the
wall. Loose, lightweight materials brought into the wall fly
upward. Arrows, bolts, and other ordinary projectiles launched at
targets behind the wall are deflected upward and miss
automatically. Boulders hurled by Giants or siege engines, and
similar projectiles, are unaffected. Creatures in gaseous form
can't pass through it.
Material: A fan and a feather.",FALSE,21,2,277,2024
Arcane Eye,4,FALSE,30 ft,"V, S, M",≤ 1 hour,TRUE,1 Action,Divination,Wizard,"You create an Invisible, invulnerable eye within range that hovers
for the duration. You mentally receive visual information from
the eye, which can see in every direction. It also has Darkvision
with a range of 30 feet.
As a Bonus Action, you can move the eye up to 30 feet in any
direction. A solid barrier blocks the eye's movement, but the eye
can pass through an opening as small as 1 inch in diameter.
Material: A bit of bat fur.",FALSE,21,3,277,2024
Aura of Life,4,FALSE,Self,V,≤ 10 minutes,TRUE,1 Action,Abjuration,"Cleric, Paladin","An aura radiates from you in a 30-foot Emanation for the
duration. While in the aura, you and your allies have Resistance
to Necrotic damage, and your Hit Point maximums can't be
reduced. If an ally with 0 Hit Points starts its turn in the aura,
that ally regains 1 Hit Point.",FALSE,21,1,524,2024
Banishment,4,FALSE,30 ft,"V, S, M",≤ 1 minute,TRUE,1 Action,Abjuration,"Cleric, Paladin, Sorcerer, Warlock, Wizard","One creature that you can see within range must succeed on a
Charisma saving throw or be transported to a harmless
demiplane for the duration. While there, the target has the
Incapacitated condition. When the spell ends, the target
reappears in the space it left or in the nearest unoccupied space
if that space is occupied.
If the target is an Aberration, a Celestial, an Elemental, a Fey, or
a Fiend, the target doesn't return if the spell lasts for 1 minute.
The target is instead transported to a random location on a plane
(DM's choice) associated with its creature type.
Using a Higher-Level Spell Slot. You can target one additional
creature for each spell slot level above 4.
Material: A pentacle.",FALSE,21,2,524,2024
Black Tentacles,4,FALSE,90 ft,"V, S, M",≤ 1 minute,TRUE,1 Action,Conjuration,Wizard,"Squirming, ebony tentacles fill a 20-foot square on ground that
you can see within range. For the duration, these tentacles turn
the ground in that area into Difficult Terrain.
Each creature in that area makes a Strength saving throw. On a
failed save, it takes 3d6 Bludgeoning damage, and it has the
Restrained condition until the spell ends. A creature also makes
that save if it enters the area or ends it turn there. A creature
makes that save only once per turn.
A Restrained creature can take an action to make a Strength
(Athletics) check against your spell save DC, ending the
condition on itself on a success.
Material: A tentacle.",FALSE,21,3,524,2024
Blight,4,FALSE,30 ft,"V, S",Instantaneous,FALSE,1 Action,Necromancy,"Druid, Sorcerer, Warlock, Wizard","A creature that you can see within range makes a Constitution
saving throw, taking 8d8 Necrotic damage on a failed save or
half as much damage on a successful one. A Plant creature
automatically fails the save.
Alternatively, target a nonmagical plant that isn't a creature,
such as a tree or shrub. It doesn't make a save; it simply withers
and dies.
Using a Higher-Level Spell Slot. The damage increases by 1d8
for each spell slot level above 4.",FALSE,22,1,29,2024
Charm Monster,4,FALSE,30 ft,"V, S",1 hour,FALSE,1 Action,Enchantment,"Bard, Druid, Sorcerer, Warlock, Wizard","One creature you can see within range makes a Wisdom saving
throw. It does so with Advantage if you or your allies are fighting
it. On a failed save, the target has the Charmed condition until
the spell ends or until you or your allies damage it. The Charmed
creature is Friendly to you. When the spell ends, the target
knows it was Charmed by you.
Using a Higher-Level Spell Slot. You can target one additional
creature for each spell slot level above 4.",FALSE,22,2,29,2024
Compulsion,4,FALSE,30 ft,"V, S",≤ 1 minute,TRUE,1 Action,Enchantment,Bard,"Each creature of your choice that you can see within range must
succeed on a Wisdom saving throw or have the Charmed
condition until the spell ends.
For the duration, you can take a Bonus Action to designate a
direction that is horizontal to you. Each Charmed target must
use as much of its movement as possible to move in that
direction on its next turn, taking the safest route. After moving
in this way, a target repeats the save, ending the spell on itself
on a success.",FALSE,22,3,29,2024
Confusion,4,FALSE,90 ft,"V, S, M",≤ 1 minute,TRUE,1 Action,Enchantment,"Bard, Druid, Sorcerer, Wizard","Each creature in a 10-foot-radius Sphere centered on a point you
choose within range must succeed on a Wisdom saving throw, or
that target can't take Bonus Actions or Reactions and must roll
1d10 at the start of each of its turns to determine its behavior for
that turn, consulting the table below.
1
The target doesn't take an action, and it uses all its
movement to move. Roll 1d4 for the direction: 1, north; 2,
east; 3, south; or 4, west.
2–6
The target doesn't move or take actions.
7–8
The target doesn't move, and it takes the Attack action to
make one melee attack against a random creature within
reach. If none are within reach, the target takes no action.
9–10
The target chooses its behavior.
At the end of each of its turns, an affected target repeats the
save, ending the spell on itself on a success.
Using a Higher-Level Spell Slot. The Sphere's radius increases
by 5 feet for each spell slot level above 4.
Material: Three nut shells.
1d10
Behavior for the Turn",FALSE,22,1,277,2024
Conjure Minor Elementals,4,FALSE,Self,"V, S",≤ 10 minutes,TRUE,1 Action,Conjuration,"Druid, Wizard","You conjure spirits from the Elemental Planes that flit around
you in a 15-foot Emanation for the duration. Until the spell ends,
any attack you make deals an extra 2d8 damage when you hit a
creature in the Emanation. This damage is Acid, Cold, Fire, or
Lightning (your choice when you make the attack). In addition,
the ground in the Emanation is Difficult Terrain for your enemies.
Using a Higher-Level Spell Slot. The damage increases by 2d8
for each spell slot level above 4.",FALSE,22,2,277,2024
Conjure Woodland Beings,4,FALSE,Self,"V, S",≤ 10 minutes,TRUE,1 Action,Conjuration,"Druid, Ranger","You conjure nature spirits that flit around you in a 10-foot
Emanation for the duration. Whenever the Emanation enters the
space of a creature you can see and whenever a creature you
can see enters the Emanation or ends its turn there, you can
force that creature to make a Wisdom saving throw. The creature
takes 5d8 Force damage on a failed save or half as much damage
on a successful one. A creature makes this save only once per
turn.
In addition, you can take the Disengage action as a Bonus Action
for the spell's duration.
Using a Higher-Level Spell Slot. The damage increases by 1d8
for each spell slot level above 5.",FALSE,22,3,277,2024
Death Ward,4,FALSE,Touch,"V, S",8 hours,FALSE,1 Action,Abjuration,"Cleric, Paladin","You touch a creature and grant it a measure of protection from
death. The first time the target would drop to 0 Hit Points before
the spell ends, the target instead drops to 1 Hit Point, and the
spell ends.
If the spell is still in effect when the target is subjected to an
effect that would kill it instantly without dealing damage, that
effect is negated against the target, and the spell ends.",FALSE,22,1,524,2024
Dimension Door,4,FALSE,500 ft,V,Instantaneous,FALSE,1 Action,Conjuration,"Bard, Sorcerer, Warlock, Wizard","You teleport to a location within range. You arrive at exactly the
spot desired. It can be a place you can see, one you can
visualize, or one you can describe by stating distance and
direction, such as ""200 feet straight downward"" or ""300 feet
upward to the northwest at a 45-degree angle.""
You can also teleport one willing creature. The creature must be
within 5 feet of you when you teleport, and it teleports to a
space within 5 feet of your destination space.
If you, the other creature, or both would arrive in a space
occupied by a creature or completely filled by one or more
objects, you and any creature traveling with you each take 4d6
Force damage, and the teleportation fails.",FALSE,22,2,524,2024
Divination,4,TRUE,Self,"V, S, M",Instantaneous,FALSE,1 Action,Divination,"Cleric, Druid, Wizard","This spell puts you in contact with a god or a god's servants. You
ask one question about a specific goal, event, or activity to
occur within 7 days. The DM offers a truthful reply, which might
be a short phrase or cryptic rhyme. The spell doesn't account for
circumstances that might change the answer, such as the casting
of other spells.
If you cast the spell more than once before finishing a Long Rest,
there is a cumulative 25 percent chance for each casting after
the first that you get no answer.
Material: Incense worth 25+ GP, which the spell consumes.",FALSE,22,3,524,2024
Control Water,4,FALSE,300 ft,"V, S, M",≤ 10 minutes,TRUE,1 Action,Transmutation,"Cleric, Druid, Wizard","Until the spell ends, you control any water inside an area you
choose that is a Cube up to 100 feet on a side, using one of the
following effects. As a Magic action on your later turns, you can
repeat the same effect or choose a different one.
Flood. You cause the water level of all standing water in the area
to rise by as much as 20 feet. If you choose an area in a large
body of water, you instead create a 20-foot tall wave that travels
from one side of the area to the other and then crashes. Any
Huge or smaller vehicles in the wave's path are carried with it to
the other side. Any Huge or smaller vehicles struck by the wave
have a 25 percent chance of capsizing.
The water level remains elevated until the spell ends or you
choose a different effect. If this effect produced a wave, the
wave repeats on the start of your next turn while the flood
effect lasts.
Part Water. You part water in the area and create a trench. The
trench extends across the spell's area, and the separated water
forms a wall to either side. The trench remains until the spell
ends or you choose a different effect. The water then slowly fills
in the trench over the course of the next round until the normal
water level is restored.
Redirect Flow. You cause flowing water in the area to move in a
direction you choose, even if the water has to flow over
obstacles, up walls, or in other unlikely directions. The water in
the area moves as you direct it, but once it moves beyond the
spell's area, it resumes its flow based on the terrain. The water
continues to move in the direction you chose until the spell ends
or you choose a different effect.
Whirlpool. You cause a whirlpool to form in the center of the
area, which must be at least 50 feet square and 25 feet deep.
The whirlpool lasts until you choose a different effect or the
spell ends. The whirlpool is 5 feet wide at the base, up to 50 feet
wide at the top, and 25 feet tall. Any creature in the water and
within 25 feet of the whirlpool is pulled 10 feet toward it. When a
creature enters the whirlpool for the first time on a turn or ends
its turn there, it makes a Strength saving throw. On a failed save,
the creature takes 2d8 Bludgeoning damage. On a successful
save, the creature takes half as much damage. A creature can
swim away from the whirlpool only if it first takes an action to
pull away and succeeds on a Strength (Athletics) check against
your spell save DC.
Material: A mixture of water and dust.",TRUE,23,1,29,2024
Dominate Beast,4,FALSE,60 ft,"V, S",≤ 1 minute,TRUE,1 Action,Enchantment,"Druid, Ranger, Sorcerer","One Beast you can see within range must succeed on a Wisdom
saving throw or have the Charmed condition for the duration.
The target has Advantage on the save if you or your allies are
fighting it. Whenever the target takes damage, it repeats the
save, ending the spell on itself on a success.
You have a telepathic link with the Charmed target while the two
of you are on the same plane of existence. On your turn, you can
use this link to issue commands to the target (no action
required), such as ""Attack that creature,"" ""Move over there,"" or
""Fetch that object."" The target does its best to obey on its turn.
If it completes an order and doesn't receive further direction
from you, it acts and moves as it likes, focusing on protecting
itself.
You can command the target to take a Reaction but must take
your own Reaction to do so.
Using a Higher-Level Spell Slot. Your Concentration can last
longer with a spell slot of level 5 (up to 10 minutes), 6 (up to 1
hour), or 7+ (up to 8 hours).",FALSE,23,2,29,2024
Fabricate,4,FALSE,120 ft,"V, S",Instantaneous,FALSE,10 minutes,Transmutation,Wizard,"You convert raw materials into products of the same material.
For example, you can fabricate a wooden bridge from a clump of
trees, a rope from a patch of hemp, or clothes from flax or wool.
Choose raw materials that you can see within range. You can
fabricate a Large or smaller object (contained within a 10-foot
Cube or eight connected 5-foot Cubes) given a sufficient
quantity of material. If you're working with metal, stone, or
another mineral substance, however, the fabricated object can
be no larger than Medium (contained within a 5-foot Cube). The
quality of any fabricated objects is based on the quality of the
raw materials.
Creatures and magic items can't be created by this spell. You
also can't use it to create items that require a high degree of
skill—such as weapons and armor—unless you have proficiency
with the type of Artisan's Tools used to craft such objects.",FALSE,23,3,29,2024
Faithful Hound,4,FALSE,30 ft,"V, S, M",8 hours,FALSE,1 Action,Conjuration,Wizard,"You conjure a phantom watchdog in an unoccupied space that
you can see within range. The hound remains for the duration or
until the two of you are more than 300 feet apart from each
other.
No one but you can see the hound, and it is intangible and
invulnerable. When a Small or larger creature comes within 30
feet of it without first speaking the password that you specify
when you cast this spell, the hound starts barking loudly. The
hound has Truesight with a range of 30 feet.
At the start of each of your turns, the hound attempts to bite
one enemy within 5 feet of it. That enemy must succeed on a
Dexterity saving throw or take 4d8 Force damage.
On your later turns, you can take a Magic action to move the
hound up to 30 feet.
Material: A silver whistle.",FALSE,23,2,277,2024
Fire Shield,4,FALSE,Self,"V, S, M",10 minutes,FALSE,1 Action,Evocation,"Druid, Sorcerer, Wizard","Wispy flames wreathe your body for the duration, shedding
Bright Light in a 10-foot radius and Dim Light for an additional 10
feet.
The flames provide you with a warm shield or a chill shield, as
you choose. The warm shield grants you Resistance to Cold
damage, and the chill shield grants you Resistance to Fire
damage.
In addition, whenever a creature within 5 feet of you hits you
with a melee attack roll, the shield erupts with flame. The
attacker takes 2d8 Fire damage from a warm shield or 2d8 Cold
damage from a chill shield.
Material: A bit of phosphorus or a firefly.",FALSE,23,3,277,2024
Freedom of Movement,4,FALSE,Touch,"V, S, M",1 hour,FALSE,1 Action,Abjuration,"Bard, Cleric, Druid, Ranger","You touch a willing creature. For the duration, the target's
movement is unaffected by Difficult Terrain, and spells and other
magical effects can neither reduce the target's Speed nor cause
the target to have the Paralyzed or Restrained conditions. The
target also has a Swim Speed equal to its Speed.
In addition, the target can spend 5 feet of movement to
automatically escape from nonmagical restraints, such as
manacles or a creature imposing the Grappled condition on it.
Using a Higher-Level Spell Slot. You can target one additional
creature for each spell slot level above 4.
Material: A leather strap.",FALSE,23,1,524,2024
Giant Insect,4,FALSE,60 ft,"V, S",≤ 10 minutes,TRUE,1 Action,Conjuration,Druid,"You summon a giant centipede, spider, or wasp (chosen when
you cast the spell). It manifests in an unoccupied space you can
see within range and uses the Giant Insect stat block. The form
you choose determines certain details in its stat block. The
creature disappears when it drops to 0 Hit Points or when the
spell ends.
The creature is an ally to you and your allies. In combat, the
creature shares your Initiative count, but it takes its turn
immediately after yours. It obeys your verbal commands (no
action required by you). If you don't issue any, it takes the Dodge
action and uses its movement to avoid danger.
Using a Higher-Level Spell Slot. Use the spell slot's level for
the spell's level in the stat block.",FALSE,23,2,524,2024
Greater Invisiblity,4,FALSE,Touch,"V, S",≤ 1 minute,TRUE,1 Action,Illusion,"Bard, Sorcerer, Wizard","A creature you touch has the Invisible condition until the spell
ends.",FALSE,23,3,524,2024
Guardian of Faith,4,FALSE,30 ft,V,8 hours,FALSE,1 Action,Conjuration,Cleric,"A Large spectral guardian appears and hovers for the duration in
an unoccupied space that you can see within range. The guardian
occupies that space and is invulnerable, and it appears in a form
appropriate for your deity or pantheon.
Any enemy that moves to a space within 10 feet of the guardian
for the first time on a turn or starts its turn there makes a
Dexterity saving throw, taking 20 Radiant damage on a failed
save or half as much damage on a successful one. The guardian
vanishes when it has dealt a total of 60 damage.",FALSE,24,1,29,2024
Hallucinatory Terrain,4,FALSE,300 ft,"V, S, M",24 hours,FALSE,10 minutes,Illusion,"Bard, Druid, Warlock, Wizard","You make natural terrain in a 150-foot Cube in range look, sound,
and smell like another sort of natural terrain. Thus, open fields
or a road can be made to resemble a swamp, hill, crevasse, or
some other difficult or impassable terrain. A pond can be made
to seem like a grassy meadow, a precipice like a gentle slope, or
a rock-strewn gully like a wide and smooth road. Manufactured
structures, equipment, and creatures within the area aren't
changed.
The tactile characteristics of the terrain are unchanged, so
creatures entering the area are likely to notice the illusion. If the
difference isn't obvious by touch, a creature examining the
illusion can take the Study action to make an Intelligence
(Investigation) check against your spell save DC to disbelieve it.
If a creature discerns that the terrain is illusory, the creature
sees a vague image superimposed on the real terrain.
Material: A mushroom.",FALSE,24,2,29,2024
Ice Storm,4,FALSE,300 ft,"V, S, M",Instantaneous,FALSE,1 Action,Evocation,"Druid, Sorcerer, Wizard","Hail falls in a 20-foot-radius, 40-foot-high Cylinder centered on a
point within range. Each creature in the Cylinder makes a
Dexterity saving throw. A creature takes 2d10 Bludgeoning
damage and 4d6 Cold damage on a failed save or half as much
damage on a successful one.
Hailstones turn ground in the Cylinder into Difficult Terrain until
the end of your next turn.
Using a Higher-Level Spell Slot. The Bludgeoning damage
increases by 1d10 for each spell slot level above 4.
Material: A mitten.",FALSE,24,3,29,2024
Locate Creature,4,FALSE,Self,"V, S, M",≤ 1 hour,TRUE,1 Action,Divination,"Bard, Cleric, Druid, Paladin, Ranger, Wizard","Describe or name a creature that is familiar to you. You sense
the direction to the creature's location if that creature is within
1,000 feet of you. If the creature is moving, you know the
direction of its movement.
The spell can locate a specific creature known to you or the
nearest creature of a specific kind (such as a human or a
unicorn) if you have seen such a creature up close—within 30
feet—at least once. If the creature you described or named is in a
different form, such as under the effects of a Flesh to Stone or
Polymorph spell, this spell doesn't locate the creature.
This spell can't locate a creature if any thickness of lead blocks a
direct path between you and the creature.
Material: Fur from a bloodhound.",FALSE,24,1,277,2024
Phantasmal Killer,4,FALSE,120 ft,"V, S",≤ 1 minute,TRUE,1 Action,Illusion,"Bard, Wizard","You tap into the nightmares of a creature you can see within
range and create an illusion of its deepest fears, visible only to
that creature. The target makes a Wisdom saving throw. On a
failed save, the target takes 4d10 Psychic damage and has
Disadvantage on ability checks and attack rolls for the duration.
On a successful save, the target takes half as much damage, and
the spell ends.
For the duration, the target makes a Wisdom saving throw at the
end of each of its turns. On a failed save, it takes the Psychic
damage again. On a successful save, the spell ends.
Using a Higher-Level Spell Slot. The damage increases by 1d10
for each spell slot level above 4.",FALSE,24,2,277,2024
Polymorph,4,FALSE,60 ft,"V, S, M",≤ 1 hour,TRUE,1 Action,Transmutation,"Bard, Druid, Sorcerer, Wizard","You attempt to transform a creature that you can see within
range into a Beast. The target must succeed on a Wisdom saving
throw or shape-shift into Beast form for the duration. That form
can be any Beast you choose that has a Challenge Rating equal
to or less than the target's (or the target's level if it doesn't
have a Challenge Rating). The target's game statistics are
replaced by the stat block of the chosen Beast, but the target
retains its alignment, personality, creature type, Hit Points, and
Hit Point Dice.
The target gains a number of Temporary Hit Points equal to the
Hit Points of the Beast form. The spell ends early on the target if
it has no Temporary Hit Points left.
The target is limited in the actions it can perform by the
anatomy of its new form, and it can't speak or cast spells.
The target's gear melds into the new form. The creature can't
use or otherwise benefit from any of that equipment.
Material: A caterpillar cocoon.",FALSE,24,3,277,2024
Private Sanctum,4,FALSE,120 ft,"V, S, M",24 hours,FALSE,10 minutes,Abjuration,Wizard,"You make an area within range magically secure. The area is a
Cube that can be as small as 5 feet to as large as 100 feet on
each side. The spell lasts for the duration.
When you cast the spell, you decide what sort of security the
spell provides, choosing any of the following:
Casting this spell on the same spot every day for 365 days
makes the spell last until dispelled.
Using a Higher-Level Spell Slot. You can increase the size of
the Cube by 100 feet for each spell slot level above 4.
Material: A thin sheet of lead.
Sound can’t pass through the barrier at the edge of the warded
area.
•
The barrier of the warded area appears dark and foggy,
preventing vision (including Darkvision) through
•
Sensors created by Divination spells can’t appear inside the
protected area or pass through the barrier at its perimeter.
•
Creatures in the area can’t be targeted by Divination spells.
•
Nothing can teleport into or out of the warded area.
•
Planar travel is blocked within the warded area.
•",FALSE,24,1,524,2024
Resilient Sphere,4,FALSE,30 ft,"V, S, M",≤ 1 minute,TRUE,1 Action,Evocation,Wizard,"A shimmering sphere encloses a Large or smaller creature or
object within range. An unwilling creature must succeed on a
Dexterity saving throw or be enclosed for the duration.
Nothing-not physical objects, energy, or other spell effects can
pass through the barrier, in or out, though a creature in the
sphere can breathe there. The sphere is immune to all damage,
and a creature or object inside can't be damaged by attacks or
effects originating from outside, nor can a creature inside the
sphere damage anything outside it.
The sphere is weightless and just large enough to contain the
creature or object inside. An enclosed creature can take an
action to push against the sphere's walls and thus roll the sphere
at up to half the creature's Speed. Similarly, the globe can be
picked up and moved by other creatures.
A Disintegrate spell targeting the globe destroys it without
harming anything inside.
Material: A glass sphere.",FALSE,24,2,524,2024
Secret Chest,4,FALSE,Touch,"V, S, M",Instantaneous,FALSE,1 Action,Conjuration,Wizard,"You hide a chest and all its contents on the Ethereal Plane. You
must touch the chest and the miniature replica that serve as
Material components for the spell. The chest can contain up to 12
cubic feet of nonliving material (3 feet by 2 feet by 2 feet).
While the chest remains on the Ethereal Plane, you can take a
Magic action and touch the replica to recall the chest. It appears
in an unoccupied space on the ground within 5 feet of you. You
can send the chest back to the Ethereal Plane by taking a Magic
action to touch the chest and the replica.
After 60 days, there is a cumulative 5 percent chance at the end
of each day that the spell ends. The spell also ends if you cast
this spell again or if the Tiny replica chest is destroyed. If the
spell ends and the larger chest is on the Ethereal Plane, the
chest remains there for you or someone else to find.
Material: A chest, 3 feet by 2 feet by 2 feet, constructed from rare
materials worth 5,000+ GP, and a Tiny replica of the chest made
from the same materials worth 50+ GP.",FALSE,24,3,524,2024
Stone Shape,4,FALSE,Touch,"V, S, M",Instantaneous,FALSE,1 Action,Transmutation,"Cleric, Druid, Wizard","You touch a stone object of Medium size or smaller or a section
of stone no more than 5 feet in any dimension and form it into
any shape you like. For example, you could shape a large rock
into a weapon, statue, or coffer, or you could make a small
passage through a wall that is 5 feet thick. You could also shape
a stone door or its frame to seal the door shut. The object you
create can have up to two hinges and a latch, but finer
mechanical detail isn't possible.
Material: Soft clay.",FALSE,25,1,29,2024
Stoneskin,4,FALSE,Touch,"V, S, M",≤ 1 hour,TRUE,1 Action,Transmutation,"Druid, Ranger, Sorcerer, Wizard","Until the spell ends, one willing creature you touch has
Resistance to Bludgeoning, Piercing, and Slashing damage.
Material: Diamond dust worth 100+ GP, which the spell consumes.",FALSE,25,2,29,2024
Wall of Fire,4,FALSE,120 ft,"V, S, M",≤ 1 minute,TRUE,1 Action,Evocation,"Druid, Sorcerer, Wizard","You create a wall of fire on a solid surface within range. You can
make the wall up to 60 feet long, 20 feet high, and 1 foot thick,
or a ringed wall up to 20 feet in diameter, 20 feet high, and 1 foot
thick. The wall is opaque and lasts for the duration.
When the wall appears, each creature in its area makes a
Dexterity saving throw, taking 5d8 Fire damage on a failed save
or half as much damage on a successful one.
One side of the wall, selected by you when you cast this spell,
deals 5d8 Fire damage to each creature that ends its turn within
10 feet of that side or inside the wall. A creature takes the same
damage when it enters the wall for the first time on a turn or
ends its turn there. The other side of the wall deals no damage.
Using a Higher-Level Spell Slot. The damage increases by 1d8
for each spell slot level above 4.
Material: A piece of charcoal.",FALSE,25,3,29,2024
Animate Objects,5,FALSE,120 ft,"V, S",≤ 1 minute,TRUE,1 Action,Transmutation,"Bard, Sorcerer, Wizard","Objects animate at your command. Choose a number of
nonmagical objects within range that aren't being worn or carried,
aren't fixed to a surface, and aren't Gargantuan. The maximum
number of objects is equal to your spellcasting ability modifier; for
this number, a Medium or smaller target counts as one object, a
Large target counts as two, and a Huge target counts as three.
Each target animates, sprouts legs, and becomes a Construct that
uses the Animated Object stat block; this creature is under your
control until the spell ends or until it is reduced to 0 Hit Points.
Each creature you make with this spell is an ally to you and your
allies. In combat, it shares your Initiative count and takes its turn
immediately after yours.
Until the spell ends, you can take a Bonus Action to mentally
command any creature you made with this spell if the creature is
within 500 feet of you (if you control multiple creatures, you can
command any of them at the same time, issuing the same
command to each one). If you issue no commands, the creature
takes the Dodge action and moves only to avoid harm. When the
creature drops to 0 Hit Points, it reverts to its object form, and
any remaining damage carries over to that form.
Using a Higher-Level Spell Slot. The creature's Slam damage
increases by 1d4 (Medium or smaller), 1d6 (Large), or 1d12 (Huge)
for each spell slot level above 5.",FALSE,25,1,277,2024
Antilife Shell,5,FALSE,Self,"V, S",≤ 1 hour,TRUE,1 Action,Abjuration,Druid,"An aura extends from you in a 10-foot Emanation for the
duration. The aura prevents creatures other than Constructs and
Undead from passing or reaching through it. An affected
creature can cast spells or make attacks with Ranged or Reach
weapons through the barrier.
If you move so that an affected creature is forced to pass
through the barrier, the spell ends.",FALSE,25,2,277,2024
Awaken,5,FALSE,Touch,"V, S, M",Instantaneous,FALSE,8 hours,Transmutation,"Bard, Druid","You spend the casting time tracing magical pathways within a
precious gemstone, and then touch the target. The target must
be either a Beast or Plant creature with an Intelligence of 3 or
less or a natural plant that isn't a creature. The target gains an
Intelligence of 10 and the ability to speak one language you
know. If the target is a natural plant, it becomes a Plant creature
and gains the ability to move its limbs, roots, vines, creepers,
and so forth, and it gains senses similar to a human's. The DM
chooses statistics appropriate for the awakened Plant, such as
the statistics for the Awakened Shrub or Awakened Tree in the
Monster Manual.
The awakened target has the Charmed condition for 30 days or
until you or your allies deal damage to it. When that condition
ends, the awakened creature chooses its attitude toward you.
Material: An agate worth 1,000+ GP, which the spell consumes.",FALSE,25,3,277,2024
Cloudkill,5,FALSE,120 ft,"V, S",≤ 10 minutes,TRUE,1 Action,Conjuration,"Sorcerer, Wizard","You create a 20-foot-radius Sphere of yellow-green fog centered
on a point within range. The fog lasts for the duration or until
strong wind (such as the one created by Gust of Wind) disperses
it, ending the spell. Its area is Heavily Obscured.
Each creature in the Sphere makes a Constitution saving throw,
taking 5d8 Poison damage on a failed save or half as much
damage on a successful one. A creature must also make this
save when the Sphere moves into its space and when it enters
the Sphere or ends its turn there. A creature makes this save
only once per turn.
The Sphere moves 10 feet away from you at the start of each of
your turns.
Using a Higher-Level Spell Slot. The damage increases by 1d8
for each spell slot level above 5.",FALSE,25,1,524,2024
Commune,5,TRUE,Self,"V, S, M",1 minute,FALSE,1 minute,Divination,Cleric,"You contact a deity or a divine proxy and ask up to three
questions that can be answered with yes or no. You must ask
your questions before the spell ends. You receive a correct
answer for each question.
Divine beings aren't necessarily omniscient, so you might
receive ""unclear"" as an answer if a question pertains to
information that lies beyond the deity's knowledge. In a case
where a one-word answer could be misleading or contrary to the
deity's interests, the DM might offer a short phrase as an answer
instead.
If you cast the spell more than once before finishing a Long Rest,
there is a cumulative 25 percent chance for each casting after
the first that you get no answer.
Material: Incense.",FALSE,25,2,524,2024
Commune with Nature,5,TRUE,Self,"V, S",Instantaneous,FALSE,1 minute,Divination,"Druid, Ranger","You commune with nature spirits and gain knowledge of the
surrounding area. In the outdoors, the spell gives you knowledge
of the area within 3 miles of you. In caves and other natural
underground settings, the radius is limited to 300 feet. The spell
doesn't function where nature has been replaced by
construction, such as in castles and settlements.
Choose three of the following facts; you learn those facts as
they pertain to the spell's area:
For example, you could determine the location of a powerful
monster in the area, the locations of bodies of water, and the
locations of any towns.
Locations of settlements
•
Locations of portals to other planes of existence
•
Location of one Challenge Rating 10+ creature (DM's choice)
that is a Celestial, an Elemental, a Fey, a Fiend, or an Undead
•
The most prevalent kind of plant, mineral, or Beast (you choose
which to learn)
•
Locations of bodies of water
•",FALSE,25,3,524,2024
Cone of Cold,5,FALSE,Self,"V, S, M",Instantaneous,FALSE,1 Action,Evocation,"Druid, Sorcerer, Wizard","You unleash a blast of cold air. Each creature in a 60-foot Cone
originating from you makes a Constitution saving throw, taking
8d8 Cold damage on a failed save or half as much damage on a
successful one. A creature killed by this spell becomes a frozen
statue until it thaws.
Using a Higher-Level Spell Slot. The damage increases by 1d8
for each spell slot level above 5.
Material: A small crystal or glass cone.",FALSE,26,1,29,2024
Conjure Elemental,5,FALSE,60 ft,"V, S",≤ 10 minutes,TRUE,1 Action,Conjuration,"Druid, Wizard","You conjure a Large, intangible spirit from the Elemental Planes
that appears in an unoccupied space within range. Choose the
spirit's element, which determines its damage type: air
(Lightning), earth (Thunder), fire (Fire), or water (Cold). The
spirit lasts for the duration.
Whenever a creature you can see enters the spirit's space or
starts its turn within 5 feet of the spirit, you can force that
creature to make a Dexterity saving throw if the spirit has no
creature Restrained. On failed save, the target takes 8d8
damage of the spirit's type, and the target has the Restrained
condition until the spell ends. At the start of each of its turns,
the Restrained target repeats the save. On a failed save, the
target takes 4d8 damage of the spirit's type. On a successful
save, the target isn't Restrained by the spirit.
Using a Higher-Level Spell Slot. The damage increases by 2d8
for each spell slot level above 5.",FALSE,26,2,29,2024
Contact Other Plane,5,TRUE,Self,V,1 minute,FALSE,1 minute,Divination,"Warlock, Wizard","You mentally contact a demigod, the spirit of a long-dead sage,
or some other knowledgeable entity from another plane.
Contacting this otherworldly intelligence can break your mind.
When you cast this spell, make a DC 15 Intelligence saving throw.
On a successful save, you can ask the entity up to five questions.
You must ask your questions before the spell ends. The DM
answers each question with one word, such as ""yes,"" ""no,""
""maybe,"" ""never,"" ""irrelevant,"" or ""unclear"" (if the entity
doesn't know the answer to the question). If a one-word answer
would be misleading, the DM might instead offer a short phrase
as an answer.
On a failed save, you take 6d6 Psychic damage and have the
Incapacitated condition until you finish a Long Rest. A Greater
Restoration spell cast on you ends this effect.",FALSE,26,3,29,2024
Contagion,5,FALSE,Touch,"V, S",7 days,FALSE,1 Action,Necromancy,"Cleric, Druid","Your touch inflicts a magical contagion. The target must succeed
on a Constitution saving throw or take 11d8 Necrotic damage and
have the Poisoned condition. Also, choose one ability when you
cast the spell. While Poisoned, the target has Disadvantage on
saving throws made with the chosen ability.
The target must repeat the saving throw at the end of each of its
turns until it gets three successes or failures. If the target
succeeds on three of these saves, the spell ends on the target. If
the target fails three of the saves, the spell lasts for 7 days on it.
Whenever the Poisoned target receives an effect that would end
the Poisoned condition, the target must succeed on a
Constitution saving throw, or the Poisoned condition doesn't end
on it.",FALSE,26,1,277,2024
Creation,5,FALSE,30 ft,"V, S, M",Special,FALSE,1 minute,Illusion,"Sorcerer, Wizard","You pull wisps of shadow material from the Shadowfell to create an
object within range. It is either an object of vegetable matter (soft
goods, rope, wood, and the like) or mineral matter (stone, crystal,
metal, and the like). The object must be no larger than a 5-foot
Cube, and the object must be of a form and material that you have
seen.
The spell's duration depends on the object's material, as shown in
the Materials table. If the object is composed of multiple
materials, use the shortest duration. Using any object created by
this spell as another spell's Material component causes the other
spell to fail.
Vegetable matter
24 hours
Stone or crystal
12 hours
Precious metals
1 hour
Gems
10 minutes
Adamantine or mithral
1 minute
Using a Higher-Level Spell Slot. The Cube increases by 5 feet for
each spell slot level above 5.
Material: A paintbrush.
Material
Duration",FALSE,26,2,277,2024
Dispel Evil and Good,5,FALSE,Self,"V, S, M",≤ 1 minute,TRUE,1 Action,Abjuration,"Cleric, Paladin","For the duration, Celestials, Elementals, Fey, Fiends, and Undead
have Disadvantage on attack rolls against you. You can end the
spell early by using either of the following special functions.
Break Enchantment. As a Magic action, you touch a creature
that is possessed by or has the Charmed or Frightened condition
from one or more creatures of the types above. The target is no
longer possessed, Charmed, or Frightened by such creatures.
Dismissal. As a Magic action, you target one creature you can
see within 5 feet of you that has one of the creature types
above. The target must succeed on a Charisma saving throw or
be sent back to its home plane if it isn't there already. If they
aren't on their home plane, Undead are sent to the Shadowfell,
and Fey are sent to the Feywild.
Material: Powdered silver and iron.",FALSE,26,3,277,2024
Dominate Person,5,FALSE,60 ft,"V, S",≤ 1 minute,TRUE,1 Action,Enchantment,"Bard, Sorcerer, Wizard","One Humanoid you can see within range must succeed on a
Wisdom saving throw or have the Charmed condition for the
duration. The target has Advantage on the save if you or your
allies are fighting it. Whenever the target takes damage, it
repeats the save, ending the spell on itself on a success.
You have a telepathic link with the Charmed target while the two
of you are on the same plane of existence. On your turn, you can
use this link to issue commands to the target (no action
required), such as ""Attack that creature,"" ""Move over there,"" or
""Fetch that object."" The target does its best to obey on its turn.
If it completes an order and doesn't receive further direction
from you, it acts and moves as it likes, focusing on protecting
itself.
You can command the target to take a Reaction but must take
your own Reaction to do so.
Using a Higher-Level Spell Slot. Your Concentration can last
longer with a spell slot of level 6 (up to 10 minutes), 7 (up to 1
hour), or 8+ (up to 8 hours).",FALSE,26,1,524,2024
Dream,5,FALSE,Special,"V, S, M",8 hours,FALSE,1 minute,Illusion,"Bard, Warlock, Wizard","You target a creature you know on the same plane of existence.
You or a willing creature you touch enters a trance state to act as
a dream messenger. While in the trance, the messenger is
Incapacitated and has a Speed of 0.
If the target is asleep, the messenger appears in the target's
dreams and can converse with the target as long as it remains
asleep, through the spell's duration. The messenger can also
shape the dream's environment, creating landscapes, objects, and
other images. The messenger can emerge from the trance at any
time, ending the spell. The target recalls the dream perfectly
upon waking.
If the target is awake when you cast the spell, the messenger
knows it and can either end the trance (and the spell) or wait for
the target to sleep, at which point the messenger enters its
dreams.
You can make the messenger terrifying to the target. If you do so,
the messenger can deliver a message of no more than ten words,
and then the target makes a Wisdom saving throw. On a failed
save, the target gains no benefit from its rest, and it takes 3d6
Psychic damage when it wakes up.
Material: A handful of sand.",FALSE,26,2,524,2024
Flame Strike,5,FALSE,60 ft,"V, S, M",Instantaneous,FALSE,1 Action,Evocation,Cleric,"A vertical column of brilliant fire roars down from above. Each
creature in a 10-foot-radius, 40-foot-high Cylinder centered on a
point within range makes a Dexterity saving throw, taking 5d6
Fire damage and 5d6 Radiant damage on a failed save or half as
much damage on a successful one.
Using a Higher-Level Spell Slot. The Fire damage and the
Radiant damage increase by 1d6 for each spell slot level above 5.
Material: A pinch of sulfur.",FALSE,26,3,524,2024
Geas,5,FALSE,60 ft,V,30 days,FALSE,1 minute,Enchantment,"Bard, Cleric, Druid, Paladin, Wizard","You give a verbal command to a creature that you can see within
range, ordering it to carry out some service or refrain from an
action or a course of activity as you decide. The target must
succeed on a Wisdom saving throw or have the Charmed
condition for the duration. The target automatically succeeds if
it can't understand your command.
While Charmed, the creature takes 5d10 Psychic damage if it acts
in a manner directly counter to your command. It takes this
damage no more than once each day.
You can issue any command you choose, short of an activity that
would result in certain death. Should you issue a suicidal
command, the spell ends.
A Remove Curse, Greater Restoration, or Wish spell ends this
spell.
Using a Higher-Level Spell Slot. If you use a level 7 or 8 spell
slot, the duration is 365 days. If you use a level 9 spell slot, the
spell lasts until it is ended by one of the spells mentioned above.",FALSE,27,1,29,2024
Greater Restoration,5,FALSE,Touch,"V, S, M",Instantaneous,FALSE,1 Action,Abjuration,"Bard, Cleric, Druid, Paladin, Ranger","You touch a creature and magically remove one of the following
effects from it:
Material: Diamond dust worth 100+ GP, which the spell consumes.
1 Exhaustion level
•
The Charmed or Petrified condition
•
A curse, including the target's Attunement to a cursed magic
item
•
Any reduction to one of the target's ability scores
•
Any reduction to the target's Hit Point maximum
•",FALSE,27,2,29,2024
Hallow,5,FALSE,Touch,"V, S, M",Until dispelled,FALSE,24 hours,Abjuration,Cleric,"You touch a point and infuse an area around it with holy or
unholy power. The area can have a radius up to 60 feet, and the
spell fails if the radius includes an area already under the effect
of Hallow. The affected area has the following effects.
Hallowed Ward. Choose any of these creature types: Aberration,
Celestial, Elemental, Fey, Fiend, or Undead. Creatures of the
chosen types can't willingly enter the area, and any creature
that is possessed by or that has the Charmed or Frightened
condition from such creatures isn't possessed, Charmed, or
Frightened by them while in the area.
Extra Effect. You bind an extra effect to the area from the list
below:
Courage. Creatures of any types you choose can't gain the
Frightened condition while in the area.
Darkness. Darkness fills the area. Normal light, as well as
magical light created by spells of a level lower than this spell,
can't illuminate the area.
Daylight. Bright light fills the area. Magical Darkness created by
spells of a level lower than this spell can't extinguish the light.
Peaceful Rest. Dead bodies interred in the area can't be turned
into Undead.
Extradimensional Interference. Creatures of any types you
choose can't enter or exit the area using teleportation or
interplanar travel.
Fear. Creatures of any types you choose have the Frightened
condition while in the area.
Resistance. Creatures of any types you choose have Resistance
to one damage type of your choice while in the area.
Silence. No sound can emanate from within the area, and no
sound can reach into it.
Tongues. Creatures of any types you choose can communicate
with any other creature in the area even if they don't share a
common language.
Vulnerability. Creatures of any types you choose have
Vulnerability to one damage type of your choice while in the
area.
Material: Incense worth 1,000+ GP, which the spell consumes.",TRUE,27,3,29,2024
Hold Monster,5,FALSE,90 ft,"V, S, M",≤ 1 minute,TRUE,1 Action,Enchantment,"Bard, Sorcerer, Warlock, Wizard","Choose a creature that you can see within range. The target
must succeed on a Wisdom saving throw or have the Paralyzed
condition for the duration. At the end of each of its turns, the
target repeats the save, ending the spell on itself on a success.
Using a Higher-Level Spell Slot. You can target one additional
creature for each spell slot level above 5.
Material: A straight piece of iron.",FALSE,27,1,277,2024
Insect Plague,5,FALSE,300 ft,"V, S, M",≤ 10 minutes,TRUE,1 Action,Conjuration,"Cleric, Druid, Sorcerer","Swarming locusts fill a 20-foot-radius Sphere centered on a point
you choose within range. The Sphere remains for the duration,
and its area is Lightly Obscured and Difficult Terrain.
When the swarm appears, each creature in it makes a
Constitution saving throw, taking 4d10 Piercing damage on a
failed save or half as much damage on a successful one. A
creature also makes this save when it enters the spell's area for
the first time on a turn or ends its turn there. A creature makes
this save only once per turn.
Using a Higher-Level Spell Slot. The damage increases by 1d10
for each spell slot level above 5.
Material: A locust.",FALSE,27,2,277,2024
Legend Lore,5,FALSE,Self,"V, S, M",Instantaneous,FALSE,10 minutes,Divination,"Bard, Cleric, Wizard","Name or describe a famous person, place, or object. The spell
brings to your mind a brief summary of the significant lore about
that famous thing, as described by the DM.
The lore might consist of important details, amusing revelations,
or even secret lore that has never been widely known. The more
information you already know about the thing, the more precise
and detailed the information you receive is. That information is
accurate but might be couched in figurative language or poetry,
as determined by the DM.
If the famous thing you chose isn't actually famous, you hear sad
musical notes played on a trombone, and the spell fails.
Material: Incense worth 250+ GP, which the spell consumes, and
four ivory strips worth 50+ GP each.",FALSE,27,1,524,2024
Mass Cure Wounds,5,FALSE,60 ft,"V, S",Instantaneous,FALSE,1 Action,Abjuration,"Bard, Cleric, Druid","A wave of healing energy washes out from a point you can see
within range. Choose up to six creatures in a 30-foot-radius
Sphere centered on that point. Each target regains Hit Points
equal to 5d8 plus your spellcasting ability modifier.
Using a Higher-Level Spell Slot. The healing increases by 1d8
for each spell slot level above 5.",FALSE,27,2,524,2024
Mislead,5,FALSE,Self,S,≤ 1 hour,TRUE,1 Action,Illusion,"Bard, Warlock, Wizard","You gain the Invisible condition at the same time that an illusory
double of you appears where you are standing. The double lasts
for the duration, but the invisibility ends immediately after you
make an attack roll, deal damage, or cast a spell.
As a Magic action, you can move the illusory double up to twice
your Speed and make it gesture, speak, and behave in whatever
way you choose. It is intangible and invulnerable.
You can see through its eyes and hear through its ears as if you
were located where it is.",FALSE,27,3,524,2024
Modify Memory,5,FALSE,30 ft,"V, S",≤ 1 minute,TRUE,1 Action,Enchantment,"Bard, Wizard","You attempt to reshape another creature's memories. One
creature that you can see within range makes a Wisdom saving
throw. If you are fighting the creature, it has Advantage on the
save. On a failed save, the target has the Charmed condition for
the duration. While Charmed in this way, the target also has the
Incapacitated condition and is unaware of its surroundings,
though it can hear you. If it takes any damage or is targeted by
another spell, this spell ends, and no memories are modified.
While this charm lasts, you can affect the target's memory of an
event that it experienced within the last 24 hours and that lasted
no more than 10 minutes. You can permanently eliminate all
memory of the event, allow the target to recall the event with
perfect clarity, change its memory of the event's details, or
create a memory of some other event.
You must speak to the target to describe how its memories are
affected, and it must be able to understand your language for
the modified memories to take root. Its mind fills in any gaps in
the details of your description. If the spell ends before you finish
describing the modified memories, the creature's memory isn't
altered. Otherwise, the modified memories take hold when the
spell ends.
A modified memory doesn't necessarily affect how a creature
behaves, particularly if the memory contradicts the creature's
natural inclinations, alignment, or beliefs. An illogical modified
memory, such as a false memory of how much the creature
enjoyed swimming in acid, is dismissed as a bad dream. The DM
might deem a modified memory too nonsensical to affect a
creature.
A Remove Curse or Greater Restoration spell cast on the target
restores the creature's true memory.
Using a Higher-Level Spell Slot. You can alter the target's
memories of an event that took place up to 7 days ago (level 6
spell slot), 30 days ago (level 7 spell slot), 365 days ago (level 8
spell slot), or any time in the creature's past (level 9 spell slot).",TRUE,28,1,29,2024
Passwall,5,FALSE,30 ft,"V, S, M",1 hour,FALSE,1 Action,Transmutation,Wizard,"A passage appears at a point that you can see on a wooden,
plaster, or stone surface (such as a wall, ceiling, or floor) within
range and lasts for the duration. You choose the opening's
dimensions: up to 5 feet wide, 8 feet tall, and 20 feet deep. The
passage creates no instability in a structure surrounding it.
When the opening disappears, any creatures or objects still in
the passage created by the spell are safely ejected to an
unoccupied space nearest to the surface on which you cast the
spell.
Material: A pinch of sesame seads.",FALSE,28,2,29,2024
Raise Dead,5,FALSE,Touch,"V, S, M",Instantaneous,FALSE,1 hour,Necromancy,"Bard, Cleric, Paladin","With a touch, you revive a dead creature if it has been dead no
longer than 10 days and it wasn't Undead when it died.
The creature returns to life with 1 Hit Point. This spell also
neutralizes any poisons that affected the creature at the time of
death.
This spell closes all mortal wounds, but it doesn't restore missing
body parts. If the creature is lacking body parts or organs
integral for its survival—its head, for instance—the spell
automatically fails.
Coming back from the dead is an ordeal. The target takes a −4
penalty to D20 Tests. Every time the target finishes a Long Rest,
the penalty is reduced by 1 until it becomes 0.
Material: A diamond worth 500+ GP, which the spell consumes.",FALSE,28,3,29,2024
Reincarnate,5,FALSE,Touch,"V, S, M",Instantaneous,FALSE,1 hour,Necromancy,Druid,"You touch a dead Humanoid or a piece of one. If the creature has
been dead no longer than 10 days, the spell forms a new body for
it and calls the soul to enter that body. Roll 1d10 and consult the
table below to determine the body’s species, or the DM chooses
another playable species.
1
Aasimar
2
Dragonborn
3
Dwarf
4
Elf
5
Gnome
6
Goliath
7
Halfling
8
Human
9
Orc
10
Tiefling
The reincarnated creature makes any choices that a species’
description offers, and the creature recalls its former life. It
retains the capabilities it had in its original form, except it loses
the traits of its previous species and gains the traits of its new
one.
Material: Rare oils worth 1,000+ GP, which the spell consumes.
1d10
Species",TRUE,28,2,277,2024
Scrying,5,FALSE,Self,"V, S, M",≤ 10 minutes,TRUE,10 minutes,Divination,"Bard, Cleric, Druid, Warlock, Wizard","You can see and hear a creature you choose that is on the same
plane of existence as you. The target makes a Wisdom saving
throw, which is modified (see the tables below) by how well you
know the target and the sort of physical connection you have to
it. The target doesn’t know what it is making the save against,
only that it feels uneasy.
Secondhand (heard of the target)
+5
Firsthand (met the target)
+0
Extensive (know the target well)
−5
Picture or other likeness
−2
Garment or other possession
−4
Body part, lock of hair, or bit of nail
−10
On a successful save, the target isn’t affected, and you can’t use
this spell on it again for 24 hours.
On a failed save, the spell creates an Invisible, intangible sensor
within 10 feet of the target. You can see and hear through the
sensor as if you were there. The sensor moves with the target,
remaining within 10 feet of it for the duration. If something can
see the sensor, it appears as a luminous orb about the size of
your fist.
Instead of targeting a creature, you can target a location you
have seen. When you do so, the sensor appears at that location
and doesn’t move.
Material: A focus worth 1,000+ GP, such as a crystal ball, mirror, or
water-filled font.
Your Knowledge of the Target Is...
Save Modifier
You Have the Target’s...
Save Modifier",TRUE,28,3,277,2024
Seeming,5,FALSE,30 ft,"V, S",8 hours,FALSE,1 Action,Illusion,"Bard, Sorcerer, Wizard","You give an illusory appearance to each creature of your choice
that you can see within range. An unwilling target can make a
Charisma saving throw, and if it succeeds, it is unaffected by this
spell.
You can give the same appearance or different ones to the
targets. The spell can change the appearance of the targets'
bodies and equipment. You can make each creature seem 1 foot
shorter or taller and appear heavier or lighter. A target's new
appearance must have the same basic arrangement of limbs as
the target, but the extent of the illusion is otherwise up to you.
The spell lasts for the duration.
The changes wrought by this spell fail to hold up to physical
inspection. For example, if you use this spell to add a hat to a
creature's outfit, objects pass through the hat.
A creature that takes the Study action to examine a target can
make an Intelligence (Investigation) check against your spell
save DC. If it succeeds, it becomes aware that the target is
disguised.",FALSE,28,1,524,2024
Telekinesis,5,FALSE,60 ft,"V, S",≤ 10 minutes,TRUE,1 Action,Transmutation,"Sorcerer, Wizard","You gain the ability to move or manipulate creatures or objects by
thought. When you cast the spell and as a Magic action on your
later turns before the spell ends, you can exert your will on one
creature or object that you can see within range, causing the
appropriate effect below. You can affect the same target round
after round or choose a new one at any time. If you switch targets,
the prior target is no longer affected by the spell.
Creature. You can try to move a Huge or smaller creature. The
target must succeed on a Strength saving throw, or you move it up
to 30 feet in any direction within the spell's range. Until the end of
your next turn, the creature has the Restrained condition, and if
you lift it into the air, it is suspended there. It falls at the end of
your next turn unless you use this option on it again and it fails the
save.
Object. You can try to move a Huge or smaller object. If the object
isn't being worn or carried, you automatically move it up to 30
feet in any direction within the spell's range.
If the object is worn or carried by a creature, that creature must
succeed on a Strength saving throw, or you pull the object away
and move it up to 30 feet in any direction within the spell's range.
You can exert fine control on objects with your telekinetic grip,
such as manipulating a simple tool, opening a door or a container,
stowing or retrieving an item from an open container, or pouring
the contents from a vial.",FALSE,29,1,29,2024
Teleportation Circle,5,FALSE,10 ft,"V, M",1 round,FALSE,1 minute,Conjuration,"Bard, Sorcerer, Warlock, Wizard","As you cast the spell, you draw a 5-foot-radius circle on the
ground inscribed with sigils that link your location to a
permanent teleportation circle of your choice whose sigil
sequence you know and that is on the same plane of existence
as you. A shimmering portal opens within the circle you drew and
remains open until the end of your next turn. Any creature that
enters the portal instantly appears within 5 feet of the
destination circle or in the nearest unoccupied space if that
space is occupied.
Many major temples, guildhalls, and other important places have
permanent teleportation circles. Each circle includes a unique
sigil sequence—a string of runes arranged in a particular pattern.
When you first gain the ability to cast this spell, you learn the
sigil sequences for two destinations on the Material Plane,
determined by the DM. You might learn additional sigil
sequences during your adventures. You can commit a new sigil
sequence to memory after studying it for 1 minute.
You can create a permanent teleportation circle by casting this
spell in the same location every day for 365 days.
Material: Rare inks worth 50+ GP, which the spell consumes.",FALSE,29,2,29,2024
Tree Stride,5,FALSE,Self,"V, S",≤ 1 minute,TRUE,1 Action,Conjuration,"Druid, Ranger","You gain the ability to enter a tree and move from inside it to
inside another tree of the same kind within 500 feet. Both trees
must be living and at least the same size as you. You must use 5
feet of movement to enter a tree. You instantly know the
location of all other trees of the same kind within 500 feet and,
as part of the move used to enter the tree, can either pass into
one of those trees or step out of the tree you're in. You appear
in a spot of your choice within 5 feet of the destination tree,
using another 5 feet of movement. If you have no movement left,
you appear within 5 feet of the tree you entered.
You can use this transportation ability only once on each of your
turns. You must end each turn outside a tree.",FALSE,29,3,29,2024
Wall of Force,5,FALSE,120 ft,"V, S, M",≤ 10 minutes,TRUE,1 Action,Evocation,Wizard,"An Invisible wall of force springs into existence at a point you
choose within range. The wall appears in any orientation you
choose, as a horizontal or vertical barrier or at an angle. It can
be free floating or resting on a solid surface. You can form it into
a hemispherical dome or a globe with a radius of up to 10 feet, or
you can shape a flat surface made up of ten 10-foot-by-10-foot
panels. Each panel must be contiguous with another panel. In
any form, the wall is 1/4 inch thick and lasts for the duration. If
the wall cuts through a creature's space when it appears, the
creature is pushed to one side of the wall (you choose which
side).
Nothing can physically pass through the wall. It is immune to all
damage and can't be dispelled by Dispel Magic. A Disintegrate
spell destroys the wall instantly, however. The wall also extends
into the Ethereal Plane and blocks ethereal travel through the
wall.
Material: A sharp of glass.",FALSE,29,1,277,2024
Wall of Stone,5,FALSE,120 ft,"V, S, M",≤ 10 minutes,TRUE,1 Action,Evocation,"Druid, Sorcerer, Wizard","A nonmagical wall of solid stone springs into existence at a point
you choose within range. The wall is 6 inches thick and is
composed of ten 10-foot-by-10-foot panels. Each panel must be
contiguous with another panel. Alternatively, you can create 10-
foot-by-20-foot panels that are only 3 inches thick.
If the wall cuts through a creature's space when it appears, the
creature is pushed to one side of the wall (you choose which
side). If a creature would be surrounded on all sides by the wall
(or the wall and another solid surface), that creature can make a
Dexterity saving throw. On a success, it can use its Reaction to
move up to its Speed so that it is no longer enclosed by the wall.
The wall can have any shape you desire, though it can't occupy
the same space as a creature or object. The wall doesn't need to
be vertical or rest on a firm foundation. It must, however, merge
with and be solidly supported by existing stone. Thus, you can
use this spell to bridge a chasm or create a ramp.
If you create a span greater than 20 feet in length, you must
halve the size of each panel to create supports. You can crudely
shape the wall to create battlements and the like.
The wall is an object made of stone that can be damaged and
thus breached. Each panel has AC 15 and 30 Hit Points per inch
of thickness, and it has Immunity to Poison and Psychic damage.
Reducing a panel to 0 Hit Points destroys it and might cause
connected panels to collapse at the DM's discretion.
If you maintain your Concentration on this spell for its full
duration, the wall becomes permanent and can't be dispelled.
Otherwise, the wall disappears when the spell ends.
Material: A cube of granite.",TRUE,29,2,277,2024
Blade Barrier,6,FALSE,90 ft,"V, S",≤ 10 minutes,TRUE,1 Action,Evocation,Cleric,"You create a wall of whirling blades made of magical energy. The
wall appears within range and lasts for the duration. You make a
straight wall up to 100 feet long, 20 feet high, and 5 feet thick,
or a ringed wall up to 60 feet in diameter, 20 feet high, and 5
feet thick. The wall provides Three-Quarters Cover, and its space
is Difficult Terrain.
Any creature in the wall's space makes a Dexterity saving throw,
taking 6d10 Force damage on a failed save or half as much
damage on a successful one. A creature also makes that save if it
enters the wall's space or ends it turn there. A creature makes
that save only once per turn.",FALSE,29,3,277,2024
Chain Lightning,6,FALSE,150 ft,"V, S, M",Instantaneous,FALSE,1 Action,Evocation,"Sorcerer, Wizard","You launch a lightning bolt toward a target you can see within
range. Three bolts then leap from that target to as many as
three other targets of your choice, each of which must be within
30 feet of the first target. A target can be a creature or an
object and can be targeted by only one of the bolts.
Each target makes a Dexterity saving throw, taking 10d8
Lightning damage on a failed save or half as much damage on a
successful one.
Using a Higher-Level Spell Slot. One additional bolt leaps from
the first target to another for each spell slot level above 6.
Material: Three silver pins.",FALSE,29,1,524,2024
Circle of Death,6,FALSE,150 ft,"V, S, M",Instantaneous,FALSE,1 Action,Necromancy,"Sorcerer, Warlock, Wizard","Negative energy ripples out in a 60-foot-radius Sphere from a
point you choose within range. Each creature in that area makes
a Constitution saving throw, taking 8d8 Necrotic damage on a
failed save or half as much damage on a successful one.
Using a Higher-Level Spell Slot. The damage increases by 2d8
for each spell slot level above 6.
Material: The powder of a crushed black pearl worth 500+ GP.",FALSE,29,3,524,2024
Conjure Fey,6,FALSE,60 ft,"V, S",≤ 10 minutes,TRUE,1 Action,Conjuration,Druid,"You conjure a Medium spirit from the Feywild in an unoccupied
space you can see within range. The spirit lasts for the duration,
and it looks like a Fey creature of your choice. When the spirit
appears, you can make one melee spell attack against a creature
within 5 feet of it. On a hit, the target takes Psychic damage
equal to 3d12 plus your spellcasting ability modifier, and the
target has the Frightened condition until the start of your next
turn, with both you and the spirit as the source of the fear.
As a Bonus Action on your later turns, you can teleport the spirit
to an unoccupied space you can see within 30 feet of the space
it left and make the attack against a creature within 5 feet of it.
Using a Higher-Level Spell Slot. The damage increases by 2d12
for each spell slot level above 6.",FALSE,30,1,29,2024
Contingency,6,FALSE,Self,"V, S, M",10 days,FALSE,10 minutes,Abjuration,Wizard,"Choose a spell of level 5 or lower that you can cast, that has a
casting time of an action, and that can target you. You cast that
spell—called the contingent spell—as part of casting Contingency,
expending spell slots for both, but the contingent spell doesn't
come into effect. Instead, it takes effect when a certain trigger
occurs. You describe that trigger when you cast the two spells.
For example, a Contingency cast with Water Breathing might
stipulate that Water Breathing comes into effect when you are
engulfed in water or a similar liquid.
The contingent spell takes effect immediately after the trigger
occurs for the first time, whether or not you want it to, and then
Contingency ends.
The contingent spell takes effect only on you, even if it can
normally target others. You can use only one Contingency spell
at a time. If you cast this spell again, the effect of another
Contingency spell on you ends. Also, Contingency ends on you if
its material component is ever not on your person.
Material: A gem-encrusted statuette of yourself worth 1,500+ GP.",FALSE,30,2,29,2024
Create Undead,6,FALSE,10 ft,"V, S, M",Instantaneous,FALSE,1 minute,Necromancy,"Cleric, Warlock, Wizard","You can cast this spell only at night. Choose up to three corpses
of Medium or Small Humanoids within range. Each one becomes a
Ghoul under your control (see the Monster Manual for its stat
block).
As a Bonus Action on each of your turns, you can mentally
command any creature you animated with this spell if the
creature is within 120 feet of you (if you control multiple
creatures, you can command any of them at the same time,
issuing the same command to them). You decide what action the
creature will take and where it will move on its next turn, or you
can issue a general command, such as to guard a particular
place. If you issue no commands, the creature takes the Dodge
action and moves only to avoid harm. Once given an order, the
creature continues to follow the order until its task is complete.
The creature is under your control for 24 hours, after which it
stops obeying any command you've given it. To maintain control
of the creature for another 24 hours, you must cast this spell on
the creature before the current 24-hour period ends. This use of
the spell reasserts your control over up to three creatures you
have animated with this spell rather than animating new ones.
Using a Higher-Level Spell Slot. If you use a level 7 spell slot,
you can animate or reassert control over four Ghouls. If you use
a level 8 spell slot, you can animate or reassert control over five
Ghouls or two Ghasts or Wights. If you use a level 9 spell slot,
you can animate or reassert control over six Ghouls, three
Ghasts or Wights, or two Mummies. See the Monster Manual for
these stat blocks.
Material: One 150+ GP black onyx stone for each corpse.",TRUE,30,3,29,2024
Disintegrate,6,FALSE,60 ft,"V, S, M",Instantaneous,FALSE,1 Action,Transmutation,"Sorcerer, Wizard","You launch a green ray at a target you can see within range. The
target can be a creature, a nonmagical object, or a creation of
magical force, such as the wall created by Wall of Force.
A creature targeted by this spell makes a Dexterity saving throw.
On a failed save, the target takes 10d6 + 40 Force damage. If this
damage reduces it to 0 Hit Points, it and everything nonmagical
it is wearing and carrying are disintegrated into gray dust. The
target can be revived only by a True Resurrection or a Wish spell.
This spell automatically disintegrates a Large or smaller
nonmagical object or a creation of magical force. If such a target
is Huge or larger, this spell disintegrates a 10-foot-Cube portion
of it.
Using a Higher-Level Spell Slot. The damage increases by 3d6
for each spell slot level above 6.
Material: A lodestone and dust.",FALSE,30,1,277,2024
Eyebite,6,FALSE,Self,"V, S",≤ 1 minute,TRUE,1 Action,Necromancy,"Bard, Sorcerer, Warlock, Wizard","For the duration, your eyes become an inky void. One creature of
your choice within 60 feet of you that you can see must succeed
on a Wisdom saving throw or be affected by one of the following
effects of your choice for the duration.
On each of your turns until the spell ends, you can take a Magic
action to target another creature but can't target a creature
again if it has succeeded on a save against this casting of the
spell.
Asleep. The target has the Unconscious condition. It wakes up if
it takes any damage or if another creature takes an action to
shake it awake.
Panicked. The target has the Frightened condition. On each of its
turns, the Frightened target must take the Dash action and move
away from you by the safest and shortest route available. If the
target moves to a space at least 60 feet away from you where it
can't see you, this effect ends.
Sickened. The target has the Poisoned condition.",FALSE,30,2,277,2024
Find the Path,6,FALSE,Self,"V, S, M",≤ 1 day,TRUE,1 minute,Divination,"Bard, Cleric, Druid","You magically sense the most direct physical route to a location
you name. You must be familiar with the location, and the spell
fails if you name a destination on another plane of existence, a
moving destination (such as a mobile fortress), or an unspecific
destination (such as “a green dragon's lair”).
For the duration, as long as you are on the same plane of
existence as the destination, you know how far it is and in what
direction it lies. Whenever you face a choice of paths along the
way there, you know which path is the most direct.
Material: A set of divination tools-such as cards or runes-worth
100+ GP.",FALSE,30,1,524,2024
Flesh to Stone,6,FALSE,60 ft,"V, S, M",≤ 1 minute,TRUE,1 Action,Transmutation,"Druid, Sorcerer, Wizard","You attempt to turn one creature that you can see within range
into stone. The target makes a Constitution saving throw. On a
failed save, it has the Restrained condition for the duration. On a
successful save, its Speed is 0 until the start of your next turn.
Constructs automatically succeed on the save.
A Restrained target makes another Constitution saving throw at
the end of each of its turns. If it successfully saves against this
spell three times, the spell ends. If it fails its saves three times,
it is turned to stone and has the Petrified condition for the
duration. The successes and failures needn't be consecutive;
keep track of both until the target collects three of a kind.
If you maintain your Concentration on this spell for the entire
possible duration, the target is Petrified until the condition is
ended by Greater Restoration or similar magic.
Material: A cockatrice feather.",FALSE,30,2,524,2024
Forbiddance,6,TRUE,Touch,"V, S, M",1 day,FALSE,10 minutes,Abjuration,Cleric,"You create a ward against magical travel that protects up to
40,000 square feet of floor space to a height of 30 feet above the
floor. For the duration, creatures can't teleport into the area or
use portals, such as those created by the Gate spell, to enter the
area. The spell proofs the area against planar travel, and therefore
prevents creatures from accessing the area by way of the Astral
Plane, the Ethereal Plane, the Feywild, the Shadowfell, or the Plane
Shift spell.
In addition, the spell damages types of creatures that you choose
when you cast it. Choose one or more of the following:
Aberrations, Celestials, Elementals, Fey, Fiends, and Undead. When
a creature of a chosen type enters the spell's area for the first
time on a turn or ends its turn there, the creature takes 5d10
Radiant or Necrotic damage (your choice when you cast this spell).
You can designate a password when you cast the spell. A creature
that speaks the password as it enters the area takes no damage
from the spell.
The spell's area can't overlap with the area of another Forbiddance
spell. If you cast Forbiddance every day for 30 days in the same
location, the spell lasts until it is dispelled, and the Material
components are consumed on the last casting.
Material: Ruby dust worth 1,000+ GP.",FALSE,30,3,524,2024
Globe of Invulnerability,6,FALSE,Self,"V, S, M",≤ 1 minute,TRUE,1 Action,Abjuration,"Sorcerer, Wizard","An immobile, shimmering barrier appears in a 10-foot Emanation
around you and remains for the duration.
Any spell of level 5 or lower cast from outside the barrier can't
affect anything within it. Such a spell can target creatures and
objects within the barrier, but the spell has no effect on them.
Similarly, the area within the barrier is excluded from areas of
effect created by such spells.
Using a Higher-Level Spell Slot. The barrier blocks spells of 1
level higher for each spell slot level above 6.
Material: A glass bead.",FALSE,31,1,29,2024
Guards and Wards,6,FALSE,Touch,"V, S, M",24 hours,FALSE,1 hour,Abjuration,"Bard, Wizard","You create a ward that protects up to 2,500 square feet of floor
space. The warded area can be up to 20 feet tall, and you shape
it as one 50-foot square, one hundred 5-foot squares that are
contiguous, or twenty-five 10-foot squares that are contiguous.
When you cast this spell, you can specify individuals that are
unaffected by the spell's effects. You can also specify a
password that, when spoken aloud within 5 feet of the warded
area, makes the speaker immune to its effects.
The spell creates the effects below within the warded area.
Dispel Magic has no effect on Guards and Wards itself, but each
of the following effects can be dispelled. If all four are dispelled,
Guards and Wards ends. If you cast the spell every day for 365
days on the same area, the spell thereafter lasts until all its
effects are dispelled.
Corridors. Fog fills all the warded corridors, making them
Heavily Obscured. In addition, at each intersection or branching
passage offering a choice of direction, there is a 50 percent
chance that a creature other than you believes it is going in the
opposite direction from the one it chooses.
Doors. All doors in the warded area are magically locked, as if
sealed by the Arcane Lock spell. In addition, you can cover up to
ten doors with an illusion to make them appear as plain sections
of wall.
Stairs. Webs fill all stairs in the warded area from top to bottom,
as in the Web spell. These strands regrow in 10 minutes if they
are destroyed while Guards and Wards lasts.
Other Spell Effect. Place one of the following magical effects
within the warded area:
Material: A silver rod worth 10+ GP.
Dancing Lights in four corridors, with a simple program that
the lights repeat as long as Guards and Wards lasts
•
Magic Mouth in two locations
•
Stinking Cloud in two locations (the vapors return within 10
minutes if dispersed while Guards and Wards lasts)
•
Gust of Wind in one corridor or room (the wind blows
continuously while the spell lasts)
•
Suggestion in one 5-foot square; any creature that enters that
square receives the suggestion mentally
•",TRUE,31,2,29,2024
Harm,6,FALSE,60 ft,"V, S",Instantaneous,FALSE,1 Action,Necromancy,Cleric,"You unleash virulent magic on a creature you can see within
range. The target makes a Constitution saving throw. On a failed
save, it takes 14d6 Necrotic damage, and its Hit Point maximum
is reduced by an amount equal to the Necrotic damage it took.
On a successful save, it takes half as much damage only. This
spell can't reduce a target's Hit Point maximum below 1.",FALSE,31,3,29,2024
Heal,6,FALSE,60 ft,"V, S",Instantaneous,FALSE,1 Action,Abjuration,"Cleric, Druid","Choose a creature that you can see within range. Positive energy
washes through the target, restoring 70 Hit Points. This spell
also ends the Blinded, Deafened, and Poisoned conditions on the
target.
Using a Higher-Level Spell Slot. The healing increases by 10 for
each spell slot level above 6.",FALSE,31,1,277,2024
Heroes' Feast,6,FALSE,Self,"V, S, M",Instantaneous,FALSE,10 minutes,Conjuration,"Bard, Cleric, Druid","You conjure a feast that appears on a surface in an unoccupied
10-foot Cube next to you. The feast takes 1 hour to consume and
disappears at the end of that time, and the beneficial effects
don't set in until this hour is over. Up to twelve creatures can
partake of the feast.
A creature that partakes gains several benefits, which last for 24
hours. The creature has Resistance to Poison damage, and it has
Immunity to the Frightened and Poisoned conditions. Its Hit Point
maximum also increases by 2d10, and it gains the same number
of Hit Points.
Material: A gem-encrusted bowl worth 1,000+ GP, which the spell
consumes.",FALSE,31,3,277,2024
Mass Suggestion,6,FALSE,60 ft,"V, M",24 hours,FALSE,1 Action,Enchantment,"Bard, Sorcerer, Wizard","You suggest a course of activity—described in no more than 25
words—to twelve or fewer creatures you can see within range
that can hear and understand you. The suggestion must sound
achievable and not involve anything that would obviously deal
damage to any of the targets or their allies. For example, you
could say, “Walk to the village down that road, and help the
villagers there harvest crops until sunset.” Or you could say,
“Now is not the time for violence. Drop your weapons, and
dance! Stop in an hour.”
Each target must succeed on a Wisdom saving throw or have the
Charmed condition for the duration or until you or your allies
deal damage to the target. Each Charmed target pursues the
suggestion to the best of its ability. The suggested activity can
continue for the entire duration, but if the suggested activity
can be completed in a shorter time, the spell ends for a target
upon completing it.
Using a Higher-Level Spell Slot. The duration is longer with a
spell slot of level 7 (10 days), 8 (30 days), or 9 (366 days).
Material: A snake's tongue.",FALSE,31,1,524,2024
Move Earth,6,FALSE,120 ft,"V, S, M",≤ 2 hours,TRUE,1 Action,Transmutation,"Druid, Sorcerer, Wizard","Choose an area of terrain no larger than 40 feet on a side within
range. You can reshape dirt, sand, or clay in the area in any
manner you choose for the duration. You can raise or lower the
area's elevation, create or fill in a trench, erect or flatten a wall,
or form a pillar. The extent of any such changes can't exceed half
the area's largest dimension. For example, if you affect a 40-foot
square, you can create a pillar up to 20 feet high, raise or lower
the square's elevation by up to 20 feet, dig a trench up to 20 feet
deep, and so on. It takes 10 minutes for these changes to
complete. Because the terrain's transformation occurs slowly,
creatures in the area can't usually be trapped or injured by the
ground's movement.
At the end of every 10 minutes you spend concentrating on the
spell, you can choose a new area of terrain to affect within range.
This spell can't manipulate natural stone or stone construction.
Rocks and structures shift to accommodate the new terrain. If the
way you shape the terrain would make a structure unstable, it
might collapse.
Similarly, this spell doesn't directly affect plant growth. The
moved earth carries any plants along with it.
Material: An miniature shovel.",FALSE,31,2,524,2024
Programmed Illusion,6,FALSE,120 ft,"V, S, M",Until dispelled,FALSE,1 Action,Illusion,"Bard, Wizard","You create an illusion of an object, a creature, or some other
visible phenomenon within range that activates when a specific
trigger occurs. The illusion is imperceptible until then. It must be
no larger than a 30-foot Cube, and you decide when you cast the
spell how the illusion behaves and what sounds it makes. This
scripted performance can last up to 5 minutes.
When the trigger you specify occurs, the illusion springs into
existence and performs in the manner you described. Once the
illusion finishes performing, it disappears and remains dormant for
10 minutes, after which the illusion can be activated again.
The trigger can be as general or as detailed as you like, though it
must be based on visual or audible phenomena that occur within
30 feet of the area. For example, you could create an illusion of
yourself to appear and warn off others who attempt to open a
trapped door.
Physical interaction with the image reveals it to be illusory, since
things can pass through it. A creature that takes the Study action
to examine the image can determine that it is an illusion with a
successful Intelligence (Investigation) check against your spell
save DC. If a creature discerns the illusion for what it is, the
creature can see through the image, and any noise it makes
sounds hollow to the creature.
Material: Jade dust worth 25+ GP.",FALSE,31,3,524,2024
Magic Jar,6,FALSE,Self,"V, S, M",Until dispelled,FALSE,1 minute,Necromancy,Wizard,"Your body falls into a catatonic state as your soul leaves it and
enters the container you used for the spell's Material
component. While your soul inhabits the container, you are aware
of your surroundings as if you were in the container's space. You
can't move or take Reactions. The only action you can take is to
project your soul up to 100 feet out of the container, either
returning to your living body (and ending the spell) or
attempting to possess a Humanoid's body.
You can attempt to possess any Humanoid within 100 feet of you
that you can see (creatures warded by a Protection from Evil and
Good or Magic Circle spell can't be possessed). The target makes
a Charisma saving throw. On a failed save, your soul enters the
target's body, and the target's soul becomes trapped in the
container. On a successful save, the target resists your efforts to
possess it, and you can't attempt to possess it again for 24
hours.
Once you possess a creature's body, you control it. Your Hit
Points, Hit Point Dice, Strength, Dexterity, Constitution, Speed,
and senses are replaced by the creature's. You otherwise keep
your game statistics.
Meanwhile, the possessed creature's soul can perceive from the
container using its own senses, but it can't move and it is
Incapacitated.
While possessing a body, you can take a Magic action to return
from the host body to the container if it is within 100 feet of you,
returning the host creature's soul to its body. If the host body
dies while you're in it, the creature dies, and you make a
Charisma saving throw against your own spellcasting DC. On a
success, you return to the container if it is within 100 feet of
you. Otherwise, you die.
If the container is destroyed or the spell ends, your soul returns
to your body. If your body is more than 100 feet away from you
or if your body is dead, you die. If another creature's soul is in
the container when it is destroyed, the creature's soul returns to
its body if the body is alive and within 100 feet. Otherwise, that
creature dies.
When the spell ends, the container is destroyed.
Material: A gem, crystal, or reliquary worth 500+ GP.",TRUE,32,1,29,2024
Planar Ally,6,FALSE,60 ft,"V, S",Instantaneous,FALSE,10 minutes,Conjuration,Cleric,"You beseech an otherworldly entity for aid. The being must be
known to you: a god, a demon prince, or some other being of
cosmic power. That entity sends a Celestial, an Elemental, or a
Fiend loyal to it to aid you, making the creature appear in an
unoccupied space within range. If you know a specific creature's
name, you can speak that name when you cast this spell to
request that creature, though you might get a different creature
anyway (DM's choice).
When the creature appears, it is under no compulsion to behave
a particular way. You can ask it to perform a service in exchange
for payment, but it isn't obliged to do so. The requested task
could range from simple (fly us across the chasm, or help us
fight a battle) to complex (spy on our enemies, or protect us
during our foray into the dungeon). You must be able to
communicate with the creature to bargain for its services.
Payment can take a variety of forms. A Celestial might require a
sizable donation of gold or magic items to an allied temple, while
a Fiend might demand a living sacrifice or a gift of treasure.
Some creatures might exchange their service for a quest
undertaken by you.
A task that can be measured in minutes requires a payment
worth 100 GP per minute. A task measured in hours requires
1,000 GP per hour. And a task measured in days (up to 10 days)
requires 10,000 GP per day. The DM can adjust these payments
based on the circumstances under which you cast the spell. If
the task is aligned with the creature's ethos, the payment might
be halved or even waived. Nonhazardous tasks typically require
only half the suggested payment, while especially dangerous
tasks might require a greater gift. Creatures rarely accept tasks
that seem suicidal.
After the creature completes the task, or when the agreed-upon
duration of service expires, the creature returns to its home
plane after reporting back to you if possible. If you are unable to
agree on a price for the creature's service, the creature
immediately returns to its home plane.",TRUE,32,2,29,2024
Sunbeam,6,FALSE,Self,"V, S, M",≤ 1 minute,TRUE,1 Action,Evocation,"Cleric, Druid, Sorcerer, Wizard","You launch a sunbeam in a 5-foot-wide, 60-foot-long Line. Each
creature in the Line makes a Constitution saving throw. On a
failed save, a creature takes 6d8 Radiant damage and has the
Blinded condition until the start of your next turn. On a
successful save, it takes half as much damage only.
Until the spell ends, you can take a Magic action to create a new
Line of radiance.
For the duration, a mote of brilliant radiance shines above you. It
sheds Bright Light in a 30-foot radius and Dim Light for an
additional 30 feet. This light is sunlight.
Material: A magnifying glass.",FALSE,32,3,29,2024
Transport via Plants,6,FALSE,10 ft,"V, S",1 minute,FALSE,1 Action,Conjuration,Druid,"This spell creates a magical link between a Large or larger
inanimate plant within range and another plant, at any distance,
on the same plane of existence. You must have seen or touched
the destination plant at least once before. For the duration, any
creature can step into the target plant and exit from the
destination plant by using 5 feet of movement.",FALSE,32,3,277,2024
True Seeing,6,FALSE,Touch,"V, S, M",1 hour,FALSE,1 Action,Divination,"Bard, Cleric, Sorcerer, Warlock, Wizard","For the duration, the willing creature you touch has Truesight
with a range of 120 feet.
Material: Mushroom powder worth 25+ GP, which the spell
consumees.",FALSE,32,1,524,2024
Wall of Ice,6,FALSE,120 ft,"V, S, M",≤ 10 minutes,TRUE,1 Action,Evocation,Wizard,"You create a wall of ice on a solid surface within range. You can
form it into a hemispherical dome or a globe with a radius of up to
10 feet, or you can shape a flat surface made up of ten 10-foot-
square panels. Each panel must be contiguous with another panel.
In any form, the wall is 1 foot thick and lasts for the duration.
If the wall cuts through a creature's space when it appears, the
creature is pushed to one side of the wall (you choose which side)
and makes a Dexterity saving throw, taking 10d6 Cold damage on a
failed save or half as much damage on a successful one.
The wall is an object that can be damaged and thus breached. It has
AC 12 and 30 Hit Points per 10-foot section, and it has Immunity to
Cold, Poison, and Psychic damage and Vulnerability to Fire damage.
Reducing a 10-foot section of wall to 0 Hit Points destroys it and
leaves behind a sheet of frigid air in the space the wall occupied.
A creature moving through the sheet of frigid air for the first time
on a turn makes a Constitution saving throw, taking 5d6 Cold
damage on a failed save or half as much damage on a successful
one.
Using a Higher-Level Spell Slot. The damage the wall deals when
it appears increases by 2d6 and the damage from passing through
the sheet of frigid air increases by 1d6 for each spell slot level
above 6.
Material: A piece of quartz.",FALSE,32,2,524,2024
Wall of Thorns,6,FALSE,120 ft,"V, S, M",≤ 10 minutes,TRUE,1 Action,Conjuration,Druid,"You create a wall of tangled brush bristling with needle-sharp
thorns. The wall appears within range on a solid surface and
lasts for the duration. You choose to make the wall up to 60 feet
long, 10 feet high, and 5 feet thick or a circle that has a 20-foot
diameter and is up to 20 feet high and 5 feet thick. The wall
blocks line of sight.
When the wall appears, each creature in its area makes a
Dexterity saving throw, taking 7d8 Piercing damage on a failed
save or half as much damage on a successful one.
A creature can move through the wall, albeit slowly and painfully.
For every 1 foot a creature moves through the wall, it must spend
4 feet of movement. Furthermore, the first time a creature
enters a space in the wall on a turn or ends its turn there, the
creature makes a Dexterity saving throw, taking 7d8 Slashing
damage on a failed save or half as much damage on a successful
one. A creature makes this save only once per turn.
Using a Higher-Level Spell Slot. Both types of damage increase
by 1d8 for each spell slot level above 6.
Material: A handful of thorns.",FALSE,32,3,524,2024
Wind Walk,6,FALSE,30 ft,"V, S, M",8 hours,FALSE,1 minute,Transmutation,Druid,"You and up to ten willing creatures of your choice within range
assume gaseous forms for the duration, appearing as wisps of
cloud. While in this cloud form, a target has a Fly Speed of 300
feet and can hover; it has Immunity to the Prone condition; and
it has Resistance to Bludgeoning, Piercing, and Slashing damage.
The only actions a target can take in this form are the Dash
action or a Magic action to begin reverting to its normal form.
Reverting takes 1 minute, during which the target has the
Stunned condition. Until the spell ends, the target can revert to
cloud form, which also requires a Magic action followed by a 1-
minute transformation.
If a target is in cloud form and flying when the effect ends, the
target descends 60 feet per round for 1 minute until it lands,
which it does safely. If it can't land after 1 minute, it falls the
remaining distance.
Material: A candle.",FALSE,33,1,29,2024
Word of Recall,6,FALSE,5 ft,V,Instantaneous,FALSE,1 Action,Conjuration,Cleric,"You and up to five willing creatures within 5 feet of you instantly
teleport to a previously designated sanctuary. You and any
creatures that teleport with you appear in the nearest
unoccupied space to the spot you designated when you prepared
your sanctuary (see below). If you cast this spell without first
preparing a sanctuary, the spell has no effect.
You must designate a location, such as a temple, as a sanctuary
by casting this spell there.",FALSE,33,2,29,2024
Conjure Celestial,7,FALSE,90 ft,"V, S",≤ 10 minutes,TRUE,1 Action,Conjuration,Cleric,"You conjure a spirit from the Upper Planes, which manifests as a
pillar of light in a 10-foot-radius, 40-foot-high Cylinder centered
on a point within range. For each creature you can see in the
Cylinder, choose which of these lights shines on it:
Healing Light. The target regains Hit Points equal to 4d12 plus
your spellcasting ability modifier. Searing Light. The target
makes a Dexterity saving throw, taking 6d12 Radiant damage on
a failed save or half as much damage on a successful one.
Until the spell ends, Bright Light fills the Cylinder, and when you
move on your turn, you can also move the Cylinder up to 30 feet.
Whenever the Cylinder moves into the space of a creature you
can see and whenever a creature you can see enters the
Cylinder or ends its turn there, you can bathe it in one of the
lights. A creature can be affected by this spell only once per
turn.
Using a Higher-Level Spell Slot. The healing and damage
increase by 1d12 for each spell slot level above 7.",FALSE,33,3,29,2024
Delayed Blast Fireball,7,FALSE,150 ft,"V, S, M",≤ 1 minute,TRUE,1 Action,Evocation,"Sorcerer, Wizard","A beam of yellow light flashes from you, then condenses at a
chosen point within range as a glowing bead for the duration.
When the spell ends, the bead explodes, and each creature in a
20-foot-radius Sphere centered on that point makes a Dexterity
saving throw. A creature takes Fire damage equal to the total
accumulated damage on a failed save or half as much damage on
a successful one.
The spell's base damage is 12d6, and the damage increases by
1d6 whenever your turn ends and the spell hasn't ended.
If a creature touches the glowing bead before the spell ends,
that creature makes a Dexterity saving throw. On a failed save,
the spell ends, causing the bead to explode. On a successful
save, the creature can throw the bead up to 40 feet. If the
thrown bead enters a creature's space or collides with a solid
object, the spell ends, and the bead explodes.
When the bead explodes, flammable objects in the explosion that
aren't being worn or carried start burning.
Using a Higher-Level Spell Slot. The base damage increases by
1d6 for each spell slot level above 7.
Material: A ball of bat guano and sulfur.",FALSE,33,1,277,2024
Divine Word,7,FALSE,30 ft,V,Instantaneous,FALSE,Bonus Action,Evocation,Cleric,"You utter a word imbued with power from the Upper Planes. Each
creature of your choice in range makes a Charisma saving throw.
On a failed save, a target that has 50 Hit Points or fewer suffers
an effect based on its current Hit Points, as shown in the Divine
Word Effects table. Regardless of its Hit Points, a Celestial, an
Elemental, a Fey, or a Fiend target that fails its save is forced
back to its plane of origin (if it isn't there already) and can't
return to the current plane for 24 hours by any means short of a
Wish spell.
0–20
The target dies.
21–30
The target has the Blinded, Deafened, and Stunned
conditions for 1 hour.
31–40
The target has the Blinded and Deafened conditions
for 10 minutes.
41–50
The target has the Deafened condition for 1 minute.
Hit
Points
Effect",FALSE,33,2,277,2024
Etherealness,7,FALSE,Self,"V, S",≤ 8 hours,FALSE,1 Action,Conjuration,"Bard, Cleric, Sorcerer, Warlock, Wizard","You step into the border regions of the Ethereal Plane, where it
overlaps with your current plane. You remain in the Border
Ethereal for the duration. During this time, you can move in any
direction. If you move up or down, every foot of movement costs
an extra foot. You can perceive the plane you left, which looks
gray, and you can't see anything there more than 60 feet away.
While on the Ethereal Plane, you can affect and be affected only
by creatures, objects, and effects on that plane. Creatures that
aren't on the Ethereal Plane can't perceive or interact with you
unless a feature gives them the ability to do so.
When the spell ends, you return to the plane you left in the spot
that corresponds to your space in the Border Ethereal. If you
appear in an occupied space, you are shunted to the nearest
unoccupied space and take Force damage equal to twice the
number of feet you are moved.
This spell ends instantly if you cast it while you are on the
Ethereal Plane or a plane that doesn't border it, such as one of
the Outer Planes.
Using a Higher-Level Spell Slot. You can target up to three
willing creatures (including yourself) for each spell slot level
above 7. The creatures must be within 10 feet of you when you
cast the spell.",FALSE,33,3,277,2024
Finger of Death,7,FALSE,60 ft,"V, S",Instantaneous,FALSE,1 Action,Necromancy,"Sorcerer, Warlock, Wizard","You unleash negative energy toward a creature you can see
within range. The target makes a Constitution saving throw,
taking 7d8 + 30 Necrotic damage on a failed save or half as
much damage on a successful one.
A Humanoid killed by this spell rises at the start of your next
turn as a Zombie that follows your verbal orders.",FALSE,33,1,524,2024
Fire Storm,7,FALSE,150 ft,"V, S",Instantaneous,FALSE,1 Action,Evocation,"Cleric, Druid, Sorcerer","A storm of fire appears within range. The area of the storm
consists of up to ten 10-foot Cubes, which you arrange as you
like. Each Cube must be contiguous with at least one other Cube.
Each creature in the area makes a Dexterity saving throw, taking
7d10 Fire damage on a failed save or half as much damage on a
successful one.
Flammable objects in the area that aren't being worn or carried
start burning.",FALSE,33,2,524,2024
Forcecage,7,FALSE,100 ft,"V, S, M",1 hour,FALSE,1 Action,Evocation,"Bard, Warlock, Wizard","An immobile, Invisible, Cube-shaped prison composed of magical
force springs into existence around an area you choose within
range. The prison can be a cage or a solid box, as you choose.
A prison in the shape of a cage can be up to 20 feet on a side and
is made from 1/2-inch diameter bars spaced 1/2 inch apart. A
prison in the shape of a box can be up to 10 feet on a side,
creating a solid barrier that prevents any matter from passing
through it and blocking any spells cast into or out from the area.
When you cast the spell, any creature that is completely inside
the cage's area is trapped. Creatures only partially within the
area, or those too large to fit inside it, are pushed away from the
center of the area until they are completely outside it.
A creature inside the cage can't leave it by nonmagical means. If
the creature tries to use teleportation or interplanar travel to
leave, it must first make a Charisma saving throw. On a successful
save, the creature can use that magic to exit the cage. On a failed
save, the creature doesn't exit the cage and wastes the spell or
effect. The cage also extends into the Ethereal Plane, blocking
ethereal travel.
This spell can't be dispelled by Dispel Magic.
Material: Ruby dust worth 1,500+ GP, which the spell consumes.",FALSE,33,3,524,2024
Mirage Arcane,7,FALSE,Sight,"V, S",10 days,FALSE,10 minutes,Illusion,"Bard, Druid, Wizard","You make terrain in an area up to 1 mile square look, sound,
smell, and even feel like some other sort of terrain. Open fields
or a road could be made to resemble a swamp, hill, crevasse, or
some other rough or impassable terrain. A pond can be made to
seem like a grassy meadow, a precipice like a gentle slope, or a
rock-strewn gully like a wide and smooth road.
Similarly, you can alter the appearance of structures or add
them where none are present. The spell doesn't disguise,
conceal, or add creatures.
The illusion includes audible, visual, tactile, and olfactory
elements, so it can turn clear ground into Difficult Terrain (or
vice versa) or otherwise impede movement through the area.
Any piece of the illusory terrain (such as a rock or stick) that is
removed from the spell's area disappears immediately.
Creatures with Truesight can see through the illusion to the
terrain's true form; however, all other elements of the illusion
remain, so while the creature is aware of the illusion's presence,
the creature can still physically interact with the illusion.",FALSE,34,1,29,2024
Plane Shift,7,FALSE,Touch,"V, S, M",Instantaneous,FALSE,1 Action,Conjuration,"Cleric, Druid, Sorcerer, Warlock, Wizard","You and up to eight willing creatures who link hands in a circle
are transported to a different plane of existence. You can specify
a target destination in general terms, such as the City of Brass
on the Elemental Plane of Fire or the palace of Dispater on the
second level of the Nine Hells, and you appear in or near that
destination, as determined by the DM.
Alternatively, if you know the sigil sequence of a teleportation
circle on another plane of existence, this spell can take you to
that circle. If the teleportation circle is too small to hold all the
creatures you transported, they appear in the closest
unoccupied spaces next to the circle.
Material: A forked, metal rod worth 250+ GP and attuned to a
particular plane of existence.",FALSE,34,2,29,2024
Prismatic Spray,7,FALSE,Self,"V, S",Instantaneous,FALSE,1 Action,Evocation,"Bard, Sorcerer, Wizard","Eight rays of light flash from you in a 60-foot Cone. Each
creature in the Cone makes a Dexterity saving throw. For each
target, roll 1d8 to determine which color ray affects it, consulting
the Prismatic Rays table.
1
Red. Failed Save: 12d6 Fire damage. Successful Save: Half
as much damage.
2
Orange. Failed Save: 12d6 Acid damage. Successful Save:
Half as much damage.
3
Yellow. Failed Save: 12d6 Lightning damage. Successful
Save: Half as much damage.
4
Green. Failed Save: 12d6 Poison damage. Successful Save:
Half as much damage.
5
Blue. Failed Save: 12d6 Cold damage. Successful Save: Half
as much damage.
6
Indigo. Failed Save: The target has the Restrained
condition and makes a Constitution saving throw at the
end of each of its turns. If it successfully saves three
times, the condition ends. If it fails three times, it has the
Petrified condition until it is freed by an effect like the
Greater Restoration spell. The successes and failures
needn't be consecutive; keep track of both until the target
collects three of a kind.
7
Violet. Failed Save: The target has the Blinded condition
and makes a Wisdom saving throw at the start of your
next turn. On a Successful Save, the condition ends. On a
Failed Save, the condition ends, and the creature teleports
to another plane of existence (DM's choice).
8
Special. The target is struck by two rays. Roll twice,
rerolling any 8.
1d8
Ray",TRUE,34,3,29,2024
Project Image,7,FALSE,500 miles,"V, S, M",≤ 1 day,TRUE,1 Action,Illusion,"Bard, Wizard","You create an illusory copy of yourself that lasts for the
duration. The copy can appear at any location within range that
you have seen before, regardless of intervening obstacles. The
illusion looks and sounds like you, but it is intangible. If the
illusion takes any damage, it disappears, and the spell ends.
You can see through the illusion's eyes and hear through its ears
as if you were in its space. As a Magic action, you can move it up
to 60 feet and make it gesture, speak, and behave in whatever
way you choose. It mimics your mannerisms perfectly.
Physical interaction with the image reveals it to be illusory, since
things can pass through it. A creature that takes the Study
action to examine the image can determine that it is an illusion
with a successful Intelligence (Investigation) check against your
spell save DC. If a creature discerns the illusion for what it is, the
creature can see through the image, and any noise it makes
sounds hollow to the creature.
Material: A statuette of yourself worth 5+ GP.",FALSE,34,1,277,2024
Regenerate,7,FALSE,Touch,"V, S, M",1 hour,FALSE,1 minute,Transmutation,"Bard, Cleric, Druid","A creature you touch regains 4d8 + 15 Hit Points. For the
duration, the target regains 1 Hit Point at the start of each of its
turns, and any severed body parts regrow after 2 minutes.
Material: A prayer wheel.",FALSE,34,2,277,2024
Resurrection,7,FALSE,Touch,"V, S, M",Instantaneous,FALSE,1 hour,Necromancy,"Bard, Cleric","With a touch, you revive a dead creature that has been dead for
no more than a century, didn't die of old age, and wasn't Undead
when it died.
The creature returns to life with all its Hit Points. This spell also
neutralizes any poisons that affected the creature at the time of
death. This spell closes all mortal wounds and restores any
missing body parts.
Coming back from the dead is an ordeal. The target takes a −4
penalty to D20 Tests. Every time the target finishes a Long Rest,
the penalty is reduced by 1 until it becomes 0.
Casting this spell to revive a creature that has been dead for 365
days or longer taxes you. Until you finish a Long Rest, you can't
cast spells again, and you have Disadvantage on D20 Tests.
Material: A diamond worth 1,000+ GP, which the spell consumes.",FALSE,34,1,524,2024
Reverse Gravity,7,FALSE,100 ft,"V, S, M",≤ 1 minute,TRUE,1 Action,Transmutation,"Druid, Sorcerer, Wizard","This spell reverses gravity in a 50-foot-radius, 100-foot high
Cylinder centered on a point within range. All creatures and
objects in that area that aren't anchored to the ground fall
upward and reach the top of the Cylinder. A creature can make a
Dexterity saving throw to grab a fixed object it can reach, thus
avoiding the fall upward.
If a ceiling or an anchored object is encountered in this upward
fall, creatures and objects strike it just as they would during a
downward fall. If an affected creature or object reaches the
Cylinder's top without striking anything, it hovers there for the
duration. When the spell ends, affected objects and creatures fall
downward.
Material: A lodestone and iron filings.",FALSE,34,2,524,2024
Sequester,7,FALSE,Touch,"V, S, M",Until dispelled,FALSE,1 Action,Transmutation,Wizard,"With a touch, you magically sequester an object or a willing
creature. For the duration, the target has the Invisible condition
and can't be targeted by Divination spells, detected by magic, or
viewed remotely with magic.
If the target is a creature, it enters a state of suspended
animation; it has the Unconscious condition, doesn't age, and
doesn't need food, water, or air.
You can set a condition for the spell to end early. The condition
can be anything you choose, but it must occur or be visible
within 1 mile of the target. Examples include “after 1,000 years”
or “when the tarrasque awakens.” This spell also ends if the
target takes any damage.
Material: Gem dust worth 5,000+ GP, which the spell consumes.",FALSE,34,3,524,2024
Simulacrum,7,FALSE,Touch,"V, S, M",Until dispelled,FALSE,12 hours,Illusion,Wizard,"You create a simulacrum of one Beast or Humanoid that is within
10 feet of you for the entire casting of the spell. You finish the
casting by touching both the creature and a pile of ice or snow
that is the same size as that creature, and the pile turns into the
simulacrum, which is a creature. It uses the game statistics of the
original creature at the time of casting, except it is a Construct,
its Hit Point maximum is half as much, and it can't cast this spell.
The simulacrum is Friendly to you and creatures you designate. It
obeys your commands and acts on your turn in combat. The
simulacrum can't gain levels, and it can't take Short or Long
Rests.
If the simulacrum takes damage, the only way to restore its Hit
Points is to repair it as you take a Long Rest, during which you
expend components worth 100 GP per Hit Point restored. The
simulacrum must stay within 5 feet of you for the repair.
The simulacrum lasts until it drops to 0 Hit Points, at which point
it reverts to snow and melts away. If you cast this spell again, any
simulacrum you created with this spell is instantly destroyed.
Material: Powdered ruby worth 1,500+ GP, which the spells
consumes.",FALSE,35,1,29,2024
Symbol,7,FALSE,Touch,"V, S, M",Until triggered,FALSE,1 minute,Abjuration,"Bard, Cleric, Druid, Wizard","You inscribe a harmful glyph either on a surface (such as a
section of floor or wall) or within an object that can be closed
(such as a book or chest). The glyph can cover an area no larger
than 10 feet in diameter. If you choose an object, it must remain
in place; if it is moved more than 10 feet from where you cast this
spell, the glyph is broken, and the spell ends without being
triggered. The glyph may also be dispelled by the caster at will.
The glyph is nearly imperceptible and requires a successful
Wisdom (Perception) check against your spell save DC to notice.
When you inscribe the glyph, you set its trigger and choose which
effect the symbol bears: Death, Discord, Fear, Pain, Sleep, or
Stunning. Each one is explained below.
Set the Trigger. You decide what triggers the glyph when you
cast the spell. For glyphs inscribed on a surface, common triggers
include touching or stepping on the glyph, removing another
object covering it, or approaching within a certain distance of it.
For glyphs inscribed within an object, common triggers include
opening that object or seeing the glyph.
You can refine the trigger so that only creatures of certain types
activate it (for example, the glyph could be set to affect
Aberrations). You can also set conditions for creatures that don't
trigger the glyph, such as those who say a certain password.
Once triggered, the glyph glows, filling a 60-foot-radius Sphere
with Dim Light for 10 minutes, after which time the spell ends.
Each creature in the Sphere when the glyph activates is targeted
by its effect, as is a creature that enters the Sphere for the first
time on a turn or ends its turn there. A creature is targeted only
once per turn.
Death. Each target makes a Constitution saving throw, taking
10d10 Necrotic damage on a failed save or half as much damage
on a successful save.
Discord. Each target makes a Wisdom saving throw. On a failed
save, a target argues with other creatures for 1 minute. During
this time, it is incapable of meaningful communication and has
Disadvantage on attack rolls and ability checks.
Fear. Each target must succeed on a Wisdom saving throw or have
the Frightened condition for 1 minute. While Frightened, the target
must move at least 30 feet away from the glyph on each of its
turns, if able.
Pain. Each target must succeed on a Constitution saving throw or
have the Incapacitated condition for 1 minute.
Sleep. Each target must succeed on a Wisdom saving throw or
have the Unconscious condition for 10 minutes. A creature
awakens if it takes damage or if someone takes an action to
shake it awake.
Stunning. Each target must succeed on a Wisdom saving throw or
have the Stunned condition for 1 minute.
Material: Powdered diamond worth 1,000+ GP, which the spell
consumes.",TRUE,35,2,29,2024
Teleport,7,FALSE,10 ft,V,Instantaneous,FALSE,1 Action,Conjuration,"Bard, Sorcerer, Wizard","This spell instantly transports you and up to eight willing creatures
that you can see within range, or a single object that you can see
within range, to a destination you select. If you target an object, it
must be Large or smaller, and it can’t be held or carried by an
unwilling creature.
The destination you choose must be known to you, and it must be
on the same plane of existence as you. Your familiarity with the
destination determines whether you arrive there successfully. The
DM rolls 1d100 and consults the Teleportation Outcome table and
the explanations after it.
Permanent circle
—
—
—
01–00
Linked object
—
—
—
01–00
Very familiar
01–05
06–13
14–24
25–00
Seen casually
01–33
34–43
44–53
54–00
Viewed once or
described
01–43
44–53
54–73
74–00
False destination
01–50
51–00
—
—
Familiarity. Here are the meanings of the terms in the table’s
Familiarity column:
Mishap. The spell’s unpredictable magic results in a difficult
journey. Each teleporting creature (or the target object) takes 3d10
Force damage, and the DM rerolls on the table to see where you
wind up (multiple mishaps can occur, dealing damage each time).
Similar Area. You and your group (or the target object) appear in a
different area that’s visually or thematically similar to the target
area. You appear in the closest similar place. If you are heading for
your home laboratory, for example, you might appear in another
person’s laboratory in the same city.
Off Target. You and your group (or the target object) appear 2d12
miles away from the destination in a random direction. Roll 1d8 for
the direction: 1, east; 2, southeast; 3, south; 4, southwest; 5, west;
6, northwest; 7, north; or 8, northeast.
On Target. You and your group (or the target object) appear where
you intended.
Familiarity
Mishap
Similar
Area
Off
Target
On
Target
“Permanent circle” means a permanent teleportation circle
whose sigil sequence you know.
•
“Linked object” means you possess an object taken from the
desired destination within the last six months, such as a book
from a wizard’s library.
•
“Very familiar” is a place you have visited often, a place you have
carefully studied, or a place you can see when you cast the spell.
•
“Seen casually” is a place you have seen more than once but with
which you aren’t very familiar.
•
“Viewed once or described” is a place you have seen once,
possibly using magic, or a place you know through someone else’s
description, perhaps from a map.
•
“False destination” is a place that doesn’t exist. Perhaps you
tried to scry an enemy’s sanctum but instead viewed an illusion,
or you are attempting to teleport to a location that no longer
exists.
•",TRUE,35,3,29,2024
Animal Shapes,8,FALSE,30 ft,"V, S",24 hours,FALSE,1 Action,Transmutation,Druid,"Choose any number of willing creatures that you can see within
range. Each target shape-shifts into a Large or smaller Beast of
your choice that has a Challenge Rating of 4 or lower. You can
choose a different form for each target. On later turns, you can
take a Magic action to transform the targets again.
A target's game statistics are replaced by the chosen Beast's
statistics, but the target retains its creature type; Hit Points; Hit
Point Dice; alignment; ability to communicate; and Intelligence,
Wisdom, and Charisma scores. The target's actions are limited by
the Beast form's anatomy, and it can't cast spells. The target's
equipment melds into the new form, and the target can't use any
of that equipment while in that form.
The target gains a number of Temporary Hit Points equal to the
Beast form's Hit Points. The transformation lasts for the duration
for each target, until the target has no Temporary Hit Points, or
until the target leaves the form as a Bonus Action.",FALSE,35,1,277,2024
Antimagic Field,8,FALSE,Self,"V, S, M",≤ 1 hour,TRUE,1 Action,Abjuration,"Cleric, Wizard","An aura of antimagic surrounds you in 10-foot Emanation. No one
can cast spells, take Magic actions, or create other magical
effects inside the aura, and those things can't target or
otherwise affect anything inside it. Magical properties of magic
items don't work inside the aura or on anything inside it.
Areas of effect created by spells or other magic can't extend
into the aura, and no one can teleport into or out of it or use
planar travel there. Portals close temporarily while in the aura.
Ongoing spells, except those cast by an Artifact or a deity, are
suppressed in the area. While an effect is suppressed, it doesn't
function, but the time it spends suppressed counts against its
duration.
Dispel Magic has no effect on the aura, and the auras created by
different Antimagic Field spells don't nullify each other.
Material: Iron filings.",FALSE,35,1,524,2024
Antipathy/Sympathy,8,FALSE,60 ft,"V, S, M",10 days,FALSE,1 hour,Enchantment,"Bard, Druid, Wizard","As you cast the spell, choose whether it creates antipathy or
sympathy, and target one creature or object that is Huge or
smaller. Then specify a kind of creature, such as red dragons,
goblins, or vampires. A creature of the chosen kind makes a
Wisdom saving throw when it comes within 120 feet of the target.
Your choice of antipathy or sympathy determines what happens to
a creature when it fails that save:
Antipathy. The creature has the Frightened condition. The
Frightened creature must use its movement on its turns to get as
far away as possible from the target, moving by the safest route.
Sympathy. The creature has the Charmed condition. The Charmed
creature must use its movement on its turns to get as close as
possible to the target, moving by the safest route. If the creature
is within 5 feet of the target, the creature can't willingly move
away. If the target damages the Charmed creature, that creature
can make a Wisdom saving throw to end the effect, as described
below.
Ending the Effect. If the Frightened or Charmed creature ends its
turn more than 120 feet away from the target, the creature makes
a Wisdom saving throw. On a successful save, the creature is no
longer affected by the target. A creature that successfully saves
against this effect is immune to it for 1 minute, after which it can
be affected again.
Material: A mix of vinegar and honey.",FALSE,35,2,524,2024
Clone,8,FALSE,Touch,"V, S, M",Instantaneous,FALSE,1 hour,Necromancy,Wizard,"You touch a creature or at least 1 cubic inch of its flesh. An inert
duplicate of that creature forms inside the vessel used in the
spell's casting and finishes growing after 120 days; you choose
whether the finished clone is the same age as the creature or
younger. The clone remains inert and endures indefinitely while
its vessel remains undisturbed.
If the original creature dies after the clone finishes forming, the
creature's soul transfers to the clone if the soul is free and
willing to return. The clone is physically identical to the original
and has the same personality, memories, and abilities, but none
of the original's equipment. The creature's original remains, if
any, become inert and can't be revived, since the creature's soul
is elsewhere.
Material: A diamond worth 1,000+ GP, which the spell consumes,
and a vessel worth 2,000+ GP that is large enough to hold the
creature being cloned.",FALSE,35,3,524,2024
Control Weather,8,FALSE,Self,"V, S, M",≤ 8 hours,TRUE,10 minutes,Transmutation,"Cleric, Druid, Wizard","You take control of the weather within 5 miles of you for the
duration. You must be outdoors to cast this spell, and it ends
early if you go indoors.
When you cast the spell, you change the current weather
conditions, which are determined by the DM. You can change
precipitation, temperature, and wind. It takes 1d4 × 10 minutes
for the new conditions to take effect. Once they do so, you can
change the conditions again. When the spell ends, the weather
gradually returns to normal.
When you change the weather conditions, find a current
condition on the following tables and change its stage by one, up
or down. When changing the wind, you can change its direction.
PRECIPITATION
TEMPERATURE
WIND
Material: Burning incense.
1
Clear
2
Light clouds
3
Overcast or ground fog
4
Rain, hail, or snow
5
Torrential rain, driving hail, or blizzard
Stage
Condition
1
Heat wave
2
Hot
3
Warm
4
Cool
5
Cold
6
Freezing
Stage
Condition
1
Calm
2
Moderate wind
3
Strong wind
4
Gale
5
Storm
Stage
Condition",TRUE,36,1,29,2024
Demiplane,8,FALSE,60 ft,S,1 hour,FALSE,1 Action,Conjuration,"Sorcerer, Warlock, Wizard","You create a shadowy Medium door on a flat solid surface that
you can see within range. This door can be opened and closed,
and it leads to a demiplane that is an empty room 30 feet in each
dimension, made of wood or stone (your choice).
When the spell ends, the door vanishes, and any objects inside
the demiplane remain there. Any creatures inside also remain
unless they opt to be shunted through the door as it vanishes,
landing with the Prone condition in the unoccupied spaces
closest to the door's former space.
Each time you cast this spell, you can create a new demiplane or
connect the shadowy door to a demiplane you created with a
previous casting of this spell. Additionally, if you know the
nature and contents of a demiplane created by a casting of this
spell by another creature, you can connect the shadowy door to
that demiplane instead.",FALSE,36,2,29,2024
Dominate Monster,8,FALSE,60 ft,"V, S",≤ 1 hour,TRUE,1 Action,Enchantment,"Bard, Sorcerer, Warlock, Wizard","One creature you can see within range must succeed on a
Wisdom saving throw or have the Charmed condition for the
duration. The target has Advantage on the save if you or your
allies are fighting it. Whenever the target takes damage, it
repeats the save, ending the spell on itself on a success.
You have a telepathic link with the Charmed target while the two
of you are on the same plane of existence. On your turn, you can
use this link to issue commands to the target (no action
required), such as ""Attack that creature,"" ""Move over there,"" or
""Fetch that object."" The target does its best to obey on its turn.
If it completes an order and doesn't receive further direction
from you, it acts and moves as it likes, focusing on protecting
itself.
You can command the target to take a Reaction but must take
your own Reaction to do so.
Using a Higher-Level Spell Slot. Your Concentration can last
longer with a level 9 spell slot (up to 8 hours).",FALSE,36,3,29,2024
Earthquake,8,FALSE,500 ft,"V, S, M",≤ 1 minute,TRUE,1 Action,Transmutation,"Cleric, Druid, Sorcerer","Choose a point on the ground that you can see within range. For
the duration, an intense tremor rips through the ground in a 100-
foot-radius circle centered on that point. The ground there is
Difficult Terrain.
When you cast this spell and at the end of each of your turns for
the duration, each creature on the ground in the area makes a
Dexterity saving throw. On a failed save, a creature has the
Prone condition, and its Concentration is broken.
You can also cause the effects below.
Fissures. A total of 1d6 fissures open in the spell's area at the
end of the turn you cast it. You choose the fissures' locations,
which can't be under structures. Each fissure is 1d10 x 10 feet
deep and 10 feet wide, and it extends from one edge of the
spell's area to another edge. A creature in the same space as a
fissure must succeed on a Dexterity saving throw or fall in. A
creature that successfully saves moves with the fissure's edge
as it opens.
Structures. The tremor deals 50 Bludgeoning damage to any
structure in contact with the ground in the area when you cast
the spell and at the end of each of your turns until the spell
ends. If a structure drops to 0 Hit Points, it collapses.
A creature within a distance from a collapsing structure equal to
half the structure's height makes a Dexterity saving throw. On a
failed save, the creature takes 12d6 Bludgeoning damage, has
the Prone condition, and is buried in the rubble, requiring a DC
20 Strength (Athletics) check as an action to escape. On a
successful save, the creature takes half as much damage only.
Material: A fractured rock.",TRUE,36,2,277,2024
Glibness,8,FALSE,Self,V,1 hour,FALSE,1 Action,Enchantment,"Bard, Warlock","Until the spell ends, when you make a Charisma check, you can
replace the number you roll with a 15. Additionally, no matter
what you say, magic that would determine if you are telling the
truth indicates that you are being truthful.",FALSE,36,3,277,2024
Holy Aura,8,FALSE,Self,"V, S, M",≤ 1 minute,TRUE,1 Action,Abjuration,Cleric,"For the duration, you emit an aura in a 30-foot Emanation. While
in the aura, creatures of your choice have Advantage on all
saving throws, and other creatures have Disadvantage on attack
rolls against them. In addition, when a Fiend or an Undead hits
an affected creature with a melee attack roll, the attacker must
succeed on a Constitution saving throw or have the Blinded
condition until the end of its next turn.
Material: A reliquary worth 1,000+ GP.",FALSE,36,1,524,2024
Incendiary Cloud,8,FALSE,150 ft,"V, S",≤ 1 minute,TRUE,1 Action,Conjuration,"Druid, Sorcerer, Wizard","A swirling cloud of embers and smoke fills a 20-foot-radius
Sphere centered on a point within range. The cloud's area is
Heavily Obscured. It lasts for the duration or until a strong wind
(like that created by Gust of Wind) disperses it.
When the cloud appears, each creature in it makes a Dexterity
saving throw, taking 10d8 Fire damage on a failed save or half as
much damage on a successful one. A creature must also make
this save when the Sphere moves into its space and when it
enters the Sphere or ends its turn there. A creature makes this
save only once per turn.
The cloud moves 10 feet away from you in a direction you choose
at the start of each of your turns.",FALSE,36,3,524,2024
Maze,8,FALSE,60 ft,"V, S",≤ 10 minutes,TRUE,1 Action,Conjuration,Wizard,"You banish a creature that you can see within range into a
labyrinthine demiplane. The target remains there for the
duration or until it escapes the maze.
The target can take a Study action to try to escape. When it does
so, it makes a DC 20 Intelligence (Investigation) check. If it
succeeds, it escapes, and the spell ends.
When the spell ends, the target reappears in the space it left or,
if that space is occupied, in the nearest unoccupied space.",FALSE,37,1,29,2024
Mind Blank,8,FALSE,Touch,"V, S",24 hours,FALSE,1 Action,Abjuration,"Bard, Wizard","Until the spell ends, one willing creature you touch has Immunity
to Psychic damage and the Charmed condition. The target is also
unaffected by anything that would sense its emotions or
alignment, read its thoughts, or magically detect its location,
and no spell—not even Wish—can gather information about the
target, observe it remotely, or control its mind.",FALSE,37,2,29,2024
Power Word Stun,8,FALSE,60 ft,V,Instantaneous,FALSE,1 Action,Enchantment,"Bard, Sorcerer, Warlock, Wizard","You overwhelm the mind of one creature you can see within
range. If the target has 150 Hit Points or fewer, it has the
Stunned condition. Otherwise, its Speed is 0 until the start of
your next turn.
The Stunned target makes a Constitution saving throw at the end
of each of its turns, ending the condition on itself on a success.",FALSE,37,3,29,2024
Sunburst,8,FALSE,150 ft,"V, S, M",Instantaneous,FALSE,1 Action,Evocation,"Cleric, Druid, Sorcerer, Wizard","Brilliant sunlight flashes in a 60-foot-radius Sphere centered on
a point you choose within range. Each creature in the Sphere
makes a Constitution saving throw. On a failed save, a creature
takes 12d6 Radiant damage and has the Blinded condition for 1
minute. On a successful save, it takes half as much damage only.
A creature Blinded by this spell makes another Constitution
saving throw at the end of each of its turns, ending the effect on
itself on a success.
This spell dispels Darkness in its area that was created by any
spell.
Material: Piece of sunstone.",FALSE,37,1,277,2024
Astral Projection,9,FALSE,10 ft,"V, S, M",Until dispelled,FALSE,1 hour,Necromancy,"Cleric, Warlock, Wizard","You and up to eight willing creatures within range project your
astral bodies into the Astral Plane (the spell ends instantly if you
are already on that plane). Each target's body is left behind in a
state of suspended animation; it has the Unconscious condition,
doesn't need food or air, and doesn't age.
A target's astral form resembles its body in almost every way,
replicating its game statistics and possessions. The principal
difference is the addition of a silvery cord that trails from between
the shoulder blades of the astral form. The cord fades from view
after 1 foot. If the cord is cut—which happens only when an effect
states that it does so—the target's body and astral form both die.
A target's astral form can travel through the Astral Plane. The
moment an astral form leaves that plane, the target's body and
possessions travel along the silver cord, causing the target to re-
enter its body on the new plane.
Any damage or other effects that apply to an astral form have no
effect on the target's body and vice versa. If a target's body or
astral form drops to 0 Hit Points, the spell ends for that target. The
spell ends for all the targets if you take a Magic action to dismiss it.
When the spell ends for a target who isn't dead, the target
reappears in its body and exits the state of suspended animation.
Material: For each of the spell's targets, one jacinth worth 1,000+ GP,
all of which the spell consumes.",FALSE,37,2,277,2024
Foresight,9,FALSE,Touch,"V, S, M",8 hours,FALSE,1 minute,Divination,"Bard, Druid, Warlock, Wizard","You touch a willing creature and bestow a limited ability to see
into the immediate future. For the duration, the target has
Advantage on D20 Tests, and other creatures have Disadvantage
on attack rolls against it. The spell ends early if you cast it again.
Material: A hummingbird feather.",FALSE,37,3,277,2024
Gate,9,FALSE,60 ft,"V, S, M",≤ 1 minute,TRUE,1 Action,Conjuration,"Cleric, Sorcerer, Warlock, Wizard","You conjure a portal linking an unoccupied space you can see
within range to a precise location on a different plane of
existence. The portal is a circular opening, which you can make 5
to 20 feet in diameter. You can orient the portal in any direction
you choose. The portal lasts for the duration, and the portal's
destination is visible through it.
The portal has a front and a back on each plane where it appears.
Travel through the portal is possible only by moving through its
front. Anything that does so is instantly transported to the other
plane, appearing in the unoccupied space nearest to the portal.
Deities and other planar rulers can prevent portals created by
this spell from opening in their presence or anywhere within their
domains.
When you cast this spell, you can speak the name of a specific
creature (a pseudonym, title, or nickname doesn't work). If that
creature is on a plane other than the one you are on, the portal
opens next to the named creature and transports it to the
nearest unoccupied space on your side of the portal. You gain no
special power over the creature, and it is free to act as the DM
deems appropriate. It might leave, attack you, or help you.
Material: A diamond worth 5,000+ GP.",FALSE,37,1,524,2024
Mass Heal,9,FALSE,60 ft,"V, S",Instantaneous,FALSE,1 Action,Abjuration,Cleric,"A flood of healing energy flows from you into creatures around
you. You restore up to 700 Hit Points, divided as you choose
among any number of creatures that you can see within range.
Creatures healed by this spell also have the Blinded, Deafened,
and Poisoned conditions removed from them.",FALSE,37,2,524,2024
Meteor Swarm,9,FALSE,1 mile,"V, S",Instantaneous,FALSE,1 Action,Evocation,"Sorcerer, Wizard","Blazing orbs of fire plummet to the ground at four different
points you can see within range. Each creature in a 40-foot-
radius Sphere centered on each of those points makes a
Dexterity saving throw. A creature takes 20d6 Fire damage and
20d6 Bludgeoning damage on a failed save or half as much
damage on a successful one. A creature in the area of more than
one fiery Sphere is affected only once.
A nonmagical object that isn't being worn or carried also takes
the damage if it's in the spell's area, and the object starts
burning if it's flammable.",FALSE,37,3,524,2024
Imprisonment,9,FALSE,30 ft,"V, S, M",Until dispelled,FALSE,1 minute,Abjuration,"Warlock, Wizard","You create a magical restraint to hold a creature that you can
see within range. The target must make a Wisdom saving throw.
On a successful save, the target is unaffected, and it is immune
to this spell for the next 24 hours. On a failed save, the target is
imprisoned. While imprisoned, the target doesn't need to
breathe, eat, or drink, and it doesn't age. Divination spells can't
locate or perceive the imprisoned target, and the target can't
teleport.
Until the spell ends, the target is also affected by one of the
following effects of your choice:
Burial. The target is entombed beneath the earth in a hollow
globe of magical force that is just large enough to contain the
target. Nothing can pass into or out of the globe.
Chaining. Chains firmly rooted in the ground hold the target in
place. The target has the Restrained condition and can't be
moved by any means.
Hedged Prison. The target is trapped in a demiplane that is
warded against teleportation and planar travel. The demiplane is
your choice of a labyrinth, a cage, a tower, or the like.
Minimus Containment. The target becomes 1 inch tall and is
trapped inside an indestructible gemstone or a similar object.
Light can pass through the gemstone (allowing the target to see
out and other creatures to see in), but nothing else can pass
through by any means.
Slumber. The target has the Unconscious condition and can't be
awoken.
Ending the Spell. When you cast the spell, specify a trigger that
will end it. The trigger can be as simple or as elaborate as you
choose, but the DM must agree that it has a high likelihood of
happening within the next decade. The trigger must be an
observable action, such as someone making a particular offering
at the temple of your god, saving your true love, or defeating a
specific monster.
A Dispel Magic spell can end the spell only if it is cast with a
level 9 spell slot, targeting either the prison or the component
used to create it.
Material: A statuette of the target worth 5,000+ GP.",TRUE,38,1,29,2024
Power Word Kill,9,FALSE,60 ft,V,Instantaneous,FALSE,1 Action,Enchantment,"Bard, Sorcerer, Warlock, Wizard","You compel one creature you can see within range to die. If the
target has 100 Hit Points or fewer, it dies. Otherwise, it takes
12d12 Psychic damage.",FALSE,38,2,29,2024
Prismatic Wall,9,FALSE,60 ft,"V, S",10 minutes,FALSE,1 Action,Abjuration,"Bard, Wizard","A shimmering, multicolored plane of light forms a vertical
opaque wall—up to 90 feet long, 30 feet high, and 1 inch thick—
centered on a point within range. Alternatively, you shape the
wall into a globe up to 30 feet in diameter centered on a point
within range. The wall lasts for the duration. If you position the
wall in a space occupied by a creature, the spell ends instantly
without effect.
The wall sheds Bright Light within 100 feet and Dim Light for an
additional 100 feet. You and creatures you designate when you
cast the spell can pass through and be near the wall without
harm. If another creature that can see the wall moves within 20
feet of it or starts its turn there, the creature must succeed on a
Constitution saving throw or have the Blinded condition for 1
minute.
The wall consists of seven layers, each with a different color.
When a creature reaches into or passes through the wall, it does
so one layer at a time through all the layers. Each layer forces
the creature to make a Dexterity saving throw or be affected by
that layer's properties as described in the Prismatic Layers
table.
The wall, which has AC 10, can be destroyed one layer at a time,
in order from red to violet, by means specific to each layer. If a
layer is destroyed, it is gone for the duration. Antimagic Field
has no effect on the wall, and Dispel Magic can affect only the
violet layer.
1
Red. Failed Save: 12d6 Fire damage. Successful Save:
Half as much damage. Additional Effects: Nonmagical
ranged attacks can't pass through this layer, which is
destroyed if it takes at least 25 Cold damage.
2
Orange. Failed Save: 12d6 Acid damage. Successful Save:
Half as much damage. Additional Effects: Magical ranged
attacks can't pass through this layer, which is destroyed
by a strong wind (such as the one created by Gust of
Wind).
3
Yellow. Failed Save: 12d6 Lightning damage. Successful
Save: Half as much damage. Additional Effects: The layer
is destroyed if it takes at least 60 Force damage.
4
Green. Failed Save: 12d6 Poison damage. Successful
Save: Half as much damage. Additional Effects: A
Passwall spell, or another spell of equal or greater level
that can open a portal on a solid surface, destroys this
layer.
5
Blue. Failed Save: 12d6 Cold damage. Successful Save:
Half as much damage. Additional Effects: The layer is
destroyed if it takes at least 25 Fire damage.
6
Indigo. Failed Save: The target has the Restrained
condition and makes a Constitution saving throw at the
end of each of its turns. If it successfully saves three
times, the condition ends. If it fails three times, it has
the Petrified condition until it is freed by an effect like
the Greater Restoration spell. The successes and
failures needn't be consecutive; keep track of both until
the target collects three of a kind. Additional Effects:
Spells can't be cast through this layer, which is
destroyed by Bright Light shed by the Daylight spell.
7
Violet. Failed Save: The target has the Blinded condition
and makes a Wisdom saving throw at the start of your
next turn. On a Successful Save, the condition ends. On
a Failed Save, the condition ends, and the creature
teleports to another plane of existence (DM's choice).
Additional Effects: This layer is destroyed by Dispel
Magic.
Order
Effects",TRUE,38,3,29,2024
Shapechange,9,FALSE,Self,"V, S, M",≤ 1 hour,TRUE,1 Action,Transmutation,"Druid, Wizard","You shape-shift into another creature for the duration or until
you take a Magic action to shape-shift into a different eligible
form. The new form must be of a creature that has a Challenge
Rating no higher than your level or Challenge Rating. You must
have seen the sort of creature before, and it can't be a Construct
or an Undead.
When you shape-shift, you gain a number of Temporary Hit
Points equal to the Hit Points of the form. The spell ends early if
you have no Temporary Hit Points left.
Your game statistics are replaced by the stat block of the chosen
form, but you retain your creature type; alignment; personality;
Intelligence, Wisdom, and Charisma scores; Hit Points; Hit Point
Dice; proficiencies; and ability to communicate. If you have the
Spellcasting feature, you retain it too.
Upon shape-shifting, you determine whether your equipment
drops to the ground or changes in size and shape to fit the new
form while you're in it.
Material: A jade circlet worth 1,500+ GP.",FALSE,38,2,277,2024
Storm of Vengeance,9,FALSE,1 mile,"V, S",≤ 1 minute,TRUE,1 Action,Conjuration,Druid,"A churning storm cloud forms for the duration, centered on a
point within range and spreading to a radius of 300 feet. Each
creature under the cloud when it appears must succeed on a
Constitution saving throw or take 2d6 Thunder damage and have
the Deafened condition for the duration.
At the start of each of your later turns, the storm produces
different effects, as detailed below.
Turn 2. Acidic rain falls. Each creature and object under the
cloud takes 4d6 Acid damage.
Turn 3. You call six bolts of lightning from the cloud to strike six
different creatures or objects beneath it. Each target makes a
Dexterity saving throw, taking 10d6 Lightning damage on a failed
save or half as much damage on a successful one.
Turn 4. Hailstones rain down. Each creature under the cloud
takes 2d6 Bludgeoning damage.
Turns 5-10. Gusts and freezing rain assail the area under the
cloud. Each creature there takes 1d6 Cold damage. Until the spell
ends, the area is Difficult Terrain and Heavily Obscured, ranged
attacks with weapons are impossible there, and strong wind
blows through the area.",FALSE,38,1,524,2024
Time Stop,9,FALSE,Self,V,Instantaneous,FALSE,1 Action,Transmutation,"Sorcerer, Wizard","You briefly stop the flow of time for everyone but yourself. No
time passes for other creatures, while you take 1d4 + 1 turns in a
row, during which you can use actions and move as normal.
This spell ends if one of the actions you use during this period,
or any effects that you create during it, affects a creature other
than you or an object being worn or carried by someone other
than you. In addition, the spell ends if you move to a place more
than 1,000 feet from the location where you cast it.",FALSE,38,2,524,2024
True Polymorph,9,FALSE,30 ft,"V, S, M",≤ 1 hour,TRUE,1 Action,Transmutation,"Bard, Warlock, Wizard","Choose one creature or nonmagical object that you can see
within range. The creature shape-shifts into a different creature
or a nonmagical object, or the object shape-shifts into a
creature (the object must be neither worn nor carried). The
transformation lasts for the duration or until the target dies or is
destroyed, but if you maintain Concentration on this spell for the
full duration, the spell lasts until dispelled.
An unwilling creature can make a Wisdom saving throw, and if it
succeeds, it isn't affected by this spell.
Creature into Creature. If you turn a creature into another kind
of creature, the new form can be any kind you choose that has a
Challenge Rating equal to or less than the target's Challenge
Rating or level. The target's game statistics are replaced by the
stat block of the new form, but it retains its Hit Points, Hit Point
Dice, alignment, and personality.
The target gains a number of Temporary Hit Points equal to the
Hit Points of the new form. The spell ends early on the target if
it has no Temporary Hit Points left.
The target is limited in the actions it can perform by the
anatomy of its new form, and it can't speak or cast spells.
The target's gear melds into the new form. The creature can't
use or otherwise benefit from any of that equipment.
Object into Creature. You can turn an object into any kind of
creature, as long as the creature's size is no larger than the
object's size and the creature has a Challenge Rating of 9 or
lower. The creature is Friendly to you and your allies. In combat,
it takes its turns immediately after yours, and it obeys your
commands.
If the spell lasts more than an hour, you no longer control the
creature. It might remain Friendly to you, depending on how you
have treated it.
Creature into Object. If you turn a creature into an object, it
transforms along with whatever it is wearing and carrying into
that form, as long as the object's size is no larger than the
creature's size. The creature's statistics become those of the
object, and the creature has no memory of time spent in this
form after the spell ends and it returns to normal.
Material: A drop of mercury, a dollop of gum arabic, and a wisp of
smoke.",TRUE,39,1,29,2024
True Resurrection,9,FALSE,Touch,"V, S, M",Instantaneous,FALSE,1 hour,Necromancy,"Cleric, Druid","You touch a creature that has been dead for no longer than 200
years and that died for any reason except old age. The creature
is revived with all its Hit Points.
This spell closes all wounds, neutralizes any poison, cures all
magical contagions, and lifts any curses affecting the creature
when it died. The spell replaces damaged or missing organs and
limbs. If the creature was Undead, it is restored to its non-
Undead form.
The spell can provide a new body if the original no longer exists,
in which case you must speak the creature's name. The creature
then appears in an unoccupied space you choose within 10 feet
of you.
Material: Diamonds worth 25,000+ GP, which the spell consumes.",TRUE,39,2,29,2024
Weird,9,FALSE,120 ft,"V, S",≤ 1 minute,TRUE,1 Action,Illusion,"Warlock, Wizard","You try to create illusory terrors in others' minds. Each creature
of your choice in a 30-foot-radius Sphere centered on a point
within range makes a Wisdom saving throw. On a failed save, a
target takes 10d10 Psychic damage and has the Frightened
condition for the duration. On a successful save, a target takes
half as much damage only.
A Frightened target makes a Wisdom saving throw at the end of
each of its turns. On a failed save, it takes 5d10 Psychic damage.
On a successful save, the spell ends on that target.",TRUE,39,3,29,2024
Wish,9,FALSE,Self,V,Instantaneous,FALSE,1 Action,Conjuration,"Sorcerer, Wizard","Wish is the mightiest spell a mortal can cast. By simply speaking
aloud, you can alter reality itself.
The basic use of this spell is to duplicate any other spell of level
8 or lower. If you use it this way, you don't need to meet any
requirements to cast that spell, including costly components.
The spell simply takes effect.
Alternatively, you can create one of the following effects of your
choice:
Object Creation. You create one object of up to 25,000 GP in
value that isn't a magic item. The object can be no more than
300 feet in any dimension, and it appears in an unoccupied
space that you can see on the ground.
Instant Health. You allow yourself and up to twenty creatures
that you can see to regain all Hit Points, and you end all effects
on them listed in the Greater Restoration spell.
Resistance. You grant up to ten creatures that you can see
Resistance to one damage type that you choose. This Resistance
is permanent.
Spell Immunity. You grant up to ten creatures you can see
immunity to a single spell or other magical effect for 8 hours.
Sudden Learning. You replace one of your feats with another
feat for which you are eligible. You lose all the benefits of the
old feat and gain the benefits of the new one. You can't replace a
feat that is a prerequisite for any of your other feats or features.
Roll Redo. You undo a single recent event by forcing a reroll of
any die roll made within the last round (including your last turn).
Reality reshapes itself to accommodate the new result. For
example, a Wish spell could undo an ally's failed saving throw or
a foe's Critical Hit. You can force the reroll to be made with
Advantage or Disadvantage, and you choose whether to use the
reroll or the original roll.
Reshape Reality. You may wish for something not included in
any of the other effects. To do so, state your wish to the DM as
precisely as possible. The DM has great latitude in ruling what
occurs in such an instance; the greater the wish, the greater the
likelihood that something goes wrong. This spell might simply
fail, the effect you desire might be achieved only in part, or you
might suffer an unforeseen consequence as a result of how you
worded the wish. For example, wishing that a villain were dead
might propel you forward in time to a period when that villain is
no longer alive, effectively removing you from the game.
Similarly, wishing for a Legendary magic item or an Artifact
might instantly transport you to the presence of the item's
current owner. If your wish is granted and its effects have
consequences for a whole community, region, or world, you are
likely to attract powerful foes. If your wish would affect a god,
the god's divine servants might instantly intervene to prevent it
or to encourage you to craft the wish in a particular way. If your
wish would undo the multiverse itself, threaten the City of Sigil,
or affect the Lady of Pain in any way, you see an image of her in
your mind for a moment; she shakes her head, and your wish
fails.
The stress of casting Wish to produce any effect other than
duplicating another spell weakens you. After enduring that
stress, each time you cast a spell until you finish a Long Rest,
you take 1d10 Necrotic damage per level of that spell. This
damage can't be reduced or prevented in any way. In addition,
your Strength score becomes 3 for 2d4 days. For each of those
days that you spend resting and doing nothing more than light
activity, your remaining recovery time decreases by 2 days.
Finally, there is a 33 percent chance that you are unable to cast
Wish ever again if you suffer this stress.",TRUE,40,1,29,2024
Abi-Dalzim's Horrid Wilting,8,FALSE,150 feet,"V, S, M",Instantaneous,FALSE,1 action,Necromancy,"Sorcerer, Wizard","You draw the moisture from every creature in a 30-foot cube centered on a point you choose within range. Each creature in that area must make a Constitution saving throw. Constructs and undead aren’t affected, and plants and water elementals make this saving throw with disadvantage. A creature takes 12d8 necrotic damage on a failed save, or half as much damage on a successful one.

Nonmagical plants in the area that aren’t creatures, such as trees and shrubs, wither and die instantly.

Material: a bit of sponge.",FALSE,,,,2014
Absorb Elements,1,FALSE,Self,S,1 round,FALSE,"1 reaction, which you take when you take acid, cold, fire, lightning, or thunder damage",Abjuration,"Artificer, Druid, Ranger, Sorcerer, Wizard","The spell captures some of the incoming energy, lessening its effect on you and storing it for your next melee attack. You have resistance to the triggering damage type until the start of your next turn. Also, the first time you hit with a melee attack on your next turn, the target takes an extra 1d6 damage of the triggering type, and the spell ends.

At Higher Levels.
When you cast this spell using a spell slot of 2nd level or higher, the extra damage increases by 1d6 for each slot level above 1st.",FALSE,,,,2014
Acid Splash,0,FALSE,60 feet,"V, S",Instantaneous,FALSE,1 action,Conjuration,"Artificer, Sorcerer, Wizard","You hurl a bubble of acid. Choose one creature you can see within range, or choose two creatures you can see within range that are within 5 feet of each other. A target must succeed on a Dexterity saving throw or take 1d6 acid damage.

At Higher Levels.
This spell’s damage increases by 1d6 when you reach 5th level (2d6), 11th level (3d6), and 17th level (4d6).",FALSE,,,,2014
Acid Stream (UA),1,FALSE,Self (30-foot line),"V, S, M",Up to 1 minute,TRUE,1 action,Evocation,"Sorcerer, Wizard","A stream of acid emanates from you in a line 30 feet long and 5 feet wide in a direction you choose. Each creature in the line must succeed on a Dexterity saving throw or be covered in acid for the spell’s duration or until a creature uses its action to scrape or wash the acid off itself or another creature. A creature covered in the acid takes 3d4 acid damage at the start of each of its turns.

At Higher Levels.
When you cast this spell using a spell slot of 2nd level or higher, the damage increases by 1d4 for each slot level above 1st.

Material: a bit of rotten food.",FALSE,,,,2014
Aganazzar's Scorcher,2,FALSE,30 feet,"V, S, M",Instantaneous,FALSE,1 action,Evocation,"Sorcerer, Wizard","A line of roaring flame 30 feet long and 5 feet wide emanates from you in a direction you choose. Each creature in the line must make a Dexterity saving throw. A creature takes 3d8 fire damage on a failed save, or half as much damage on a successful one.

At Higher Levels.
When you cast this spell using a spell slot of 3rd level or higher, the damage increases by 1d8 for each slot level above 2nd.

Material: a red dragon’s scale.",FALSE,,,,2014
Aid,2,FALSE,30 feet,"V, S, M",8 hours,FALSE,1 action,Abjuration,"Artificer, Bard (Optional), Cleric, Paladin, Ranger (Optional)","Your spell bolsters your allies with toughness and resolve. Choose up to three creatures within range. Each target’s hit point maximum and current hit points increase by 5 for the duration.

At Higher Levels.
When you cast this spell using a spell slot of 3rd level or higher, a target’s hit points increase by an additional 5 for each slot level above 2nd.

Material: a tiny strip of white cloth.",FALSE,,,,2014
Air Bubble,2,FALSE,60 feet,S,24 hours,FALSE,1 action,Conjuration,"Artificer, Druid, Ranger, Sorcerer, Wizard","You create a spectral globe around the head of a willing creature you can see within range. The globe is filled with fresh air that lasts until the spell ends. If the creature has more than one head, the globe of air appears around only one of its heads (which is all the creature needs to avoid suffocation, assuming that all its heads share the same respiratory system).

At Higher Levels.
When you cast this spell using a spell slot of 3rd level or higher, you can create two additional globes of fresh air for each slot level above 2nd.",FALSE,,,,2014
Alarm,1,TRUE,30 feet,"V, S, M",8 hours,FALSE,1 minute,Abjuration,"Artificer, Ranger, Wizard","You set an alarm against unwanted intrusion. Choose a door, a window, or an area within range that is no larger than a 20-foot cube. Until the spell ends, an alarm alerts you whenever a tiny or larger creature touches or enters the warded area. When you cast the spell, you can designate creatures that won’t set off the alarm. You also choose whether the alarm is mental or audible.

A mental alarm alerts you with a ping in your mind if you are within 1 mile of the warded area. This ping awakens you if you are sleeping. An audible alarm produces the sound of a hand bell for 10 seconds within 60 feet.

Material: a tiny bell and a piece of fine silver wire.",FALSE,,,,2014
Alter Self,2,FALSE,Self,"V, S",Up to 1 hour,TRUE,1 action,Transmutation,"Artificer, Sorcerer, Wizard","You assume a different form. When you cast the spell, choose one of the following options, the effects of which last for the duration of the spell. While the spell lasts, you can end one option as an action to gain the benefits of a different one.

Aquatic Adaptation.
You adapt your body to an aquatic environment, sprouting gills, and growing webbing between your fingers. You can breathe underwater and gain a swimming speed equal to your walking speed.

Change Appearance.
You transform your appearance. You decide what you look like, including your height, weight, facial features, sound of your voice, hair length, coloration, and distinguishing characteristics, if any. You can make yourself appear as a member of another race, though none of your statistics change. You also don’t appear as a creature of a different size than you, and your basic shape stays the same; if you're bipedal, you can’t use this spell to become quadrupedal, for instance. At any time for the duration of the spell, you can use your action to change your appearance in this way again.

Natural Weapons.
You grow claws, fangs, spines, horns, or a different natural weapon of your choice. Your unarmed strikes deal 1d6 bludgeoning, piercing, or slashing damage, as appropriate to the natural weapon you chose, and you are proficient with your unarmed strikes. Finally, the natural weapon is magic and you have a +1 bonus to the attack and damage rolls you make using it.",FALSE,,,,2014
Animal Friendship,1,FALSE,30 feet,"V, S, M",24 hours,FALSE,1 action,Enchantment,"Bard, Druid, Ranger","This spell lets you convince a beast that you mean it no harm. Choose a beast that you can see within range. It must see and hear you. If the beast’s Intelligence is 4 or higher, the spell fails. Otherwise, the beast must succeed on a Wisdom saving throw or be charmed by you for the spell’s duration. If you or one of your companions harms the target, the spell ends.

At Higher Levels.
When you cast this spell using a spell slot of 2nd level or higher, you can affect one additional beast for each slot level above 1st.

Material: a morsel of food.",FALSE,,,,2014
Animal Messenger,2,TRUE,30 feet,"V, S, M",24 hours,FALSE,1 action,Enchantment,"Bard, Druid, Ranger","By means of this spell, you use an animal to deliver a message. Choose a Tiny beast you can see within range, such as a squirrel, a blue jay, or a bat. You specify a location, which you must have visited, and a recipient who matches a general description, such as “a man or woman dressed in the uniform of the town guard” or “a red-haired dwarf wearing a pointed hat.” You also speak a message of up to twenty-five words. The target beast travels for the duration of the spell toward the specified location, covering about 50 miles per 24 hours for a flying messenger, or 25 miles for other animals.

When the messenger arrives, it delivers your message to the creature that you described, replicating the sound of your voice. The messenger speaks only to a creature matching the description you gave. If the messenger doesn’t reach its destination before the spell ends, the message is lost, and the beast makes its way back to where you cast this spell.

At Higher Levels.
If you cast this spell using a spell slot of 3rd level or higher, the duration of the spell increases by 48 hours for each slot level above 2nd.

Material: a morsel of food.",FALSE,,,,2014
Animal Shapes,8,FALSE,30 feet,"V, S",Up to 24 hours,TRUE,1 action,Transmutation,Druid,"Your magic turns others into beasts. Choose any number of willing creatures that you can see within range. You transform each target into the form of a large or smaller beast with a challenge rating of 4 or lower. On subsequent turns, you can use your actions to transform affected creatures into new forms.

The transformation lasts for the duration for each target, or until the target drops to 0 hit points or dies. You can choose a different form for each target. A target’s game statistics are replaced by the statistics of the chosen beast, though the target retains its alignment and Intelligence, Wisdom, and Charisma scores. The target assumes the hit points of its new form, and when it reverts to its normal form, it returns to the number of hit point it had before it transformed. If it reverts as a result of dropping to 0 hit points, any excess damage carries over to its normal form. As long as the excess damage doesn’t reduce the creature’s normal form to 0 hit points, it isn’t knocked unconscious. The creature is limited in the actions it can perform by the nature of its new form, and it can’t speak or cast spells.

The target’s gear melds into the new form. The target can’t activate, wield, or otherwise benefit from any of its equipment.",FALSE,,,,2014
Animate Dead,3,FALSE,10 feet,"V, S, M",Instantaneous,FALSE,1 minute,Necromancy,"Cleric, Wizard","This spell creates an undead servant. Choose a pile of bones or a corpse of a Medium or Small humanoid within range. Your spell imbues the target with a foul mimicry of life, raising it as an undead creature. The target becomes a skeleton if you chose bones or a zombie if you chose a corpse (the DM has the creature’s game statistics).

On each of your turns, you can use a bonus action to mentally command any creature you made with this spell if the creature is within 60 feet of you (if you control multiple creatures, you can command any or all of them at the same time, issuing the same command to each one). You decide what action the creature will take and where it will move during its next turn, or you can issue a general command, such as to guard a particular chamber or corridor. If you issue no commands, the creature only defends itself against hostile creatures. Once given an order, the creature continues to follow it until its task is complete.

The creature is under your control for 24 hours, after which it stops obeying any command you’ve given it. To maintain the control of the creature for another 24 hours, you must cast this spell on the creature again before the current 24-hour period ends. This use of the spell reasserts your control over up to four creatures you have animated with this spell, rather than animating a new one.

At Higher Levels.
When you cast this spell using a spell slot of 4th level or higher, you animate or reassert control over two additional undead creatures for each slot level above 3rd. Each of the creatures must come from a different corpse or pile of bones.

Material: a drop of blood, a piece of flesh, and a pinch of bone dust.",FALSE,,,,2014
Animate Objects,5,FALSE,120 feet,"V, S",Up to 1 minute,TRUE,1 action,Transmutation,"Artificer, Bard, Sorcerer, Wizard","Objects come to life at your command. Choose up to ten nonmagical objects within range that are not being worn or carried. Medium targets count as two objects, Large targets count as four objects, Huge targets count as eight objects. You can’t animate any object larger than Huge. Each target animates and becomes a creature under your control until the spell ends or until reduced to 0 hit points.

As a bonus action, you can mentally command any creature you made with this spell if the creature is within 500 feet of you (if you control multiple creatures, you can command any or all of them at the same time, issuing the same command to each one). You decide what action the creature will take and where it will move during its next turn, or you can issue a general command, such as to guard a particular chamber or corridor. If you issue no commands, the creature only defends itself against hostile creatures. Once given an order, the creature continues to follow it until its task is complete.

An animated object is a construct with AC, hit points, attacks, Strength, and Dexterity determined by its size. Its Constitution is 10 and its Intelligence and Wisdom are 3, and its Charisma is 1. Its speed is 30 feet; if the objects lack legs or other appendages it can use for locomotion, it instead has a flying speed of 30 feet and can hover. If the object is securely attached to a surface or larger object, such as a chain bolted to a wall, its speed is 0. It has blindsight with a radius of 30 feet and is blind beyond that distance. When the animated object drops to 0 hit points, it reverts to its original object form, and any remaining damage carries over to its original object form.

If you command an object to attack, it can make a single melee attack against a creature within 5 feet of it. It makes a slam attack with an attack bonus and bludgeoning damage determined by its size. The DM might rule that a specific object inflicts slashing or piercing damage based on its form.

At Higher Levels.
If you cast this spell using a spell slot of 6th level or higher, you can animate two additional objects for each slot level above 5th.",FALSE,,,,2014
Antagonize,3,FALSE,30 feet,"V, S, M",Instantaneous,FALSE,1 action,Enchantment,"Bard, Sorcerer, Warlock, Wizard","You whisper magical words that antagonize one creature of your choice within range. The target must make a Wisdom saving throw. On a failed save, the target takes 4d4 psychic damage and must immediately use its reaction to make a melee attack against another creature of your choice that you can see. If the target can’t make this attack (for example, because there is no one within its reach or because its reaction is unavailable), the target instead has disadvantage on the next attack roll it makes before the start of your next turn. On a successful save, the target takes half as much damage only.

At Higher Levels.
When you cast this spell using a spell slot of 4th level or higher, the damage increases by 1d4 for each slot level above 3rd.

Material: a playing card depicting a rogue.",FALSE,,,,2014
Antagonize (UA),3,FALSE,30 feet,"V, S, M",Instantaneous,FALSE,1 action,Enchantment,"Bard, Sorcerer, Warlock, Wizard","You whisper magical words that antagonize one creature of your choice within range. The target must make a Wisdom saving throw. On a failed save, it takes 4d4 psychic damage and must immediately use its reaction, if available, to make a melee attack against another creature of your choice that you can see. If no other creature is within range, the target has disadvantage on the next attack roll it makes before the start of your next turn.

At Higher Levels.
When you cast this spell using a spell slot of 4th level or higher, the damage increases by 1d4 for each slot level above 3rd.

Material: a playing card depicting a rogue.",FALSE,,,,2014
Antilife Shell,5,FALSE,Self (10-foot radius),"V, S",Up to 1 hour,TRUE,1 action,Abjuration,Druid,"A shimmering barrier extends out from you in a 10-foot radius and moves with you, remaining centered on you and hedging out creatures other than undead and constructs.

The barrier lasts for the duration. The barrier prevents an affected creature from passing or reaching through. An affected creature can cast spells or make attacks with ranged or reach weapons through the barrier.

If you move so that an affected creature is forced to pass through the barrier, the spell ends.",FALSE,,,,2014
Antimagic Field,8,FALSE,Self (10-foot-radius sphere),"V, S, M",Up to 1 hour,TRUE,1 action,Abjuration,"Cleric, Wizard","A 10-foot-radius invisible sphere of antimagic surrounds you. This area is divorced from the magical energy that suffuses the multiverse. Within the sphere, spells can't be cast, summoned creatures disappear, and even magic items become mundane. Until the spell ends, the sphere moves with you, centered on you.

Spells and other magical effects, except those created by an artifact or a deity, are suppressed in the sphere and can't protrude into it. A slot expended to cast a suppressed spell is consumed. While an effect is suppressed, it doesn't function, but the time it spends suppressed counts against its duration.

Material: a pinch of powdered iron or iron filings.",FALSE,,,,2014
Antipathy/Sympathy,8,FALSE,60 feet,"V, S, M",10 days,FALSE,1 hour,Enchantment,"Bard (Optional), Druid, Wizard","This spell attracts or repels creatures of your choice. You target something within range, either a Huge or smaller object or creature or an area that is no larger than a 200-foot cube. Then specify a kind of intelligent creature, such as red dragons, goblins, or vampires. You invest the target with an aura that either attracts or repels the specified creatures for the duration. Choose antipathy or sympathy as the aura’s effect.

Material: either a lump of alum soaked in vinegar for the antipathy effect or a drop of honey for the sympathy effect.",FALSE,,,,2014
Arcane Eye,4,FALSE,30 feet,"V, S, M",Up to 1 hour,TRUE,1 action,Divination,"Artificer, Wizard","You create an invisible, magical eye within range that hovers in the air for the duration. You mentally receive visual information from the eye, which has normal vision and darkvision out to 30 feet. The eye can look in every direction.

As an action, you can move the eye up to 30 feet in any direction. There is no limit to how far away from you the eye can move, but it can’t enter another plane of existence. A solid barrier blocks the eye’s movement, but the eye can pass through an opening as small as 1 inch in diameter.

Material: a bit of bat fur.",FALSE,,,,2014
Arcane Gate,6,FALSE,500 feet,"V, S",Up to 10 minutes,TRUE,1 action,Conjuration,"Sorcerer, Warlock, Wizard","You create linked teleportation portals that remain open for the duration. Choose two points on the ground that you can see, one point within 10 feet of you and one point within 500 feet of you. A circular portal, 10 feet in diameter, opens over each point. If the portal would open in the space occupied by a creature, the spell fails, and the casting is lost.

The portals are two-dimensional glowing rings filled with mist, hovering inches from the ground and perpendicular to it at the points you choose. A ring is visible only from one side (your choice), which is the side that functions as a portal.

Any creature or object entering the portal exits from the other portal as if the two were adjacent to each other; passing through a portal from the nonportal side has no effect. The mist that fills each portal is opaque and blocks vision through it. On your turn, you can rotate the rings as a bonus action so that the active side faces in a different direction.",FALSE,,,,2014
Arcane Hacking (UA),2,FALSE,Self,"V, S, M",Up to 1 hour,TRUE,1 action,Transmutation,"Sorcerer, Warlock, Wizard","You gain advantage on all Intelligence checks using hacking tools to break software encryption or online security when using a foreign system.

This spell also allows you to break 2nd level and lower protective spells such as
Arcane Lock
or
Glyph of Warding
by making an Intelligence check using hacking tools against the spell save DC of the spell’s caster.

At Higher Levels.
When you cast this spell using a spell slot of 3rd level or higher, you can attempt to counteract a spell set to secure the foreign system if the spell’s level is equal to or less than the level of the spell slot you used.

Material: hacking tools.",FALSE,,,,2014
Arcane Lock,2,FALSE,Touch,"V, S, M",Until dispelled,FALSE,1 action,Abjuration,"Artificer, Wizard","You touch a closed door, window, gate, chest, or other entryway, and it becomes locked for the duration.

You and the creatures you designate when you cast this spell can open the object normally. You can also set a password that, when spoken within 5 feet of the object, suppresses this spell for 1 minute. Otherwise, it is impassable until it is broken or the spell is dispelled or suppressed. Casting
Knock
on the object suppresses
Arcane Lock
for 10 minutes.

While affected by this spell, the object is more difficult to break or force open; the DC to break it or pick any locks on it increases by 10.

Material: gold dust worth at least 25 gp, which the spell consumes.",FALSE,,,,2014
Arcane Weapon (UA),1,FALSE,Self,"V, S",Up to 1 hour,TRUE,1 bonus action,Transmutation,Artificer,"You channel arcane energy into one simple or martial weapon you’re holding, and choose one damage type: acid, cold, fire, lightning, poison, or thunder. Until the spell ends, you deal an extra 1d6 damage of the chosen type to any target you hit with the weapon. If the weapon isn’t magical, it becomes a magic weapon for the spell’s duration.

As a bonus action, you can change the damage type, choosing from the options above.

At Higher Levels.
When you cast this spell using a spell slot of 3rd level or higher, you can maintain your concentration on the spell for up to 8 hours.",FALSE,,,,2014
Armor of Agathys,1,FALSE,Self,"V, S, M",1 hour,FALSE,1 action,Abjuration,Warlock,"A protective magical force surrounds you, manifesting as a spectral frost that covers you and your gear. You gain 5 temporary hit points for the duration. If a creature hits you with a melee attack while you have these hit points, the creature takes 5 cold damage.

At Higher Levels.
When you cast this spell using a spell slot of 2nd level or higher, both the temporary hit points and the cold damage increase by 5 for each slot.

Material: a cup of water.",FALSE,,,,2014
Arms of Hadar,1,FALSE,Self (10-foot radius),"V, S",Instantaneous,FALSE,1 action,Conjuration,Warlock,"You invoke the power of Hadar, the Dark Hunger. Tendrils of dark energy erupt from you and batter all creatures within 10 feet of you. Each creature in that area must make a Strength saving throw. On a failed save, a target takes 2d6 necrotic damage and can’t take reactions until its next turn. On a successful save, the creature takes half damage, but suffers no other effect.

At Higher Levels.
When you cast this spell using a spell slot of 2nd level or higher, the damage increases by 1d6 for each slot level above 1st.",FALSE,,,,2014
Ashardalon's Stride,3,FALSE,Self,"V,S",Up to 1 minute,TRUE,1 bonus action,Transmutation,"Artificer, Ranger, Sorcerer, Wizard","The billowing flames of a dragon blast from your feet, granting you explosive speed. For the duration, your speed increases by 20 feet and moving doesn’t provoke opportunity attacks.

When you move within 5 feet of a creature or an object that isn’t being worn or carried, it takes 1d6 fire damage from your trail of heat. A creature or object can take this damage only once during a turn.

At Higher Levels.
When you cast this spell using a spell slot of 4th level or higher, increase your speed by 5 feet for each spell slot level above 3rd. The spell deals an additional 1d6 fire damage for each slot level above 3rd.",FALSE,,,,2014
Astral Projection,9,FALSE,10 feet,"V, S, M",Special,FALSE,1 hour,Necromancy,"Cleric, Warlock, Wizard","You and up to eight willing creatures within range project your astral bodies into the Astral Plane (the spell fails and the casting is wasted if you are already on that plane). The material body you leave behind is unconscious and in a state of suspended animation; it doesn’t need food or air and doesn’t age.

Your astral body resembles your mortal form in almost every way, replicating your game statistics and possessions. The principal difference is the addition of a silvery cord that extends from between your shoulder blades and trails behind you, fading to invisibility after 1 foot. This cord is your tether to your material body. As long as the tether remains intact, you can find your way home. If the cord is cut—something that can happen only when an effect specifically states that it does—your soul and body are separated, killing you instantly.

Your astral form can freely travel through the Astral Plane and can pass through portals there leading to any other plane. If you enter a new plane or return to the plane you were on when casting this spell, your body and possessions are transported along the silver cord, allowing you to re-enter your body as you enter the new plane. Your astral form is a separate incarnation. Any damage or other effects that apply to it have no effect on your physical body, nor do they persist when you return to it. The spell ends for you and your companions when you use your action to dismiss it. When the spell ends, the affected creature returns to its physical body, and it awakens.

The spell might also end early for you or one of your companions. A successful
dispel magic
spell used against an astral or physical body ends the spell for that creature. If a creature’s original body or its astral form drops to 0 hit points, the spell ends for that creature. If the spell ends and the silver cord is intact, the cord pulls the creature’s astral form back to its body, ending its state of suspended animation. If you are returned to your body prematurely, your companions remain in their astral forms and must find their own way back to their bodies, usually by dropping to 0 hit points.

Material: for each creature you affect with this spell, you must provide one jacinth worth at least 1,000 gp and one ornately carved bar of silver worth at least 100 gp, all of which the spell consumes.",FALSE,,,,2014
Augury,2,TRUE,Self,"V, S, M",Instantaneous,FALSE,1 minute,Divination,"Cleric, Druid (Optional), Wizard (Optional)","By casting gem-inlaid sticks, rolling dragon bones, laying out ornate cards, or employing some other divining tool, you receive an omen from an otherworldly entity about the results of a specific course of action that you plan to take within the next 30 minutes. The DM chooses from the following possible omens:

The spell doesn’t take into account any possible circumstances that might change the outcome, such as the casting of additional spells or the loss or gain of a companion. If you cast the spell two or more times before completing your next long rest, there is a cumulative 25 percent chance for each casting after the first that you get a random reading. The DM makes this roll in secret.

Material: specially marked sticks, bones, or similar tokens worth at least 25 gp.",FALSE,,,,2014
Aura of Life,4,FALSE,Self (30-foot radius),V,Up to 10 minutes,TRUE,1 action,Abjuration,"Cleric (Optional), Paladin","Life-preserving energy radiates from you in an aura with a 30-foot radius. Until the spell ends, the aura moves with you, centered on you. Each non-hostile creature in the aura (including you) has resistance to necrotic damage, and its hit point maximum can’t be reduced. In addition, a non-hostile, living creature regains 1 hit point when it starts its turn in the aura with 0 hit points.",FALSE,,,,2014
Aura of Purity,4,FALSE,Self (30-foot radius),V,Up to 10 minutes,TRUE,1 action,Abjuration,"Cleric (Optional), Paladin","Purifying energy radiates from you in an aura with a 30-foot radius. Until the spell ends, the aura moves with you, centered on you. Each non-hostile creature in the aura (including you) can’t become diseased, has resistance to poison damage, and has advantage on saving throws against effects that cause any of the following conditions: blinded, charmed, deafened, frightened, paralyzed, poisoned, and stunned.",FALSE,,,,2014
Aura of Vitality,3,FALSE,Self (30-foot radius),V,Up to 1 minute,TRUE,1 action,Evocation,"Cleric (Optional), Druid (Optional), Paladin","Healing energy radiates from you in an aura with a 30-foot radius. Until the spell ends, the aura moves with you, centered on you. You can use a bonus action to cause one creature in the aura (including you) to regain 2d6 hit points.",FALSE,,,,2014
Awaken,5,FALSE,Touch,"V, S, M",Instantaneous,FALSE,8 hours,Transmutation,"Bard, Druid","After spending the casting time tracing magical pathways within a precious gemstone, you touch a huge or smaller beast or plant. The target must have either no Intelligence score or an Intelligence of 3 or less.

The target gains an Intelligence of 10. The target also gains the ability to speak one language you know. If the target is a plant, it gains the ability to move its limbs, roots, vines, creepers, and so forth, and it gains senses similar to a human’s. Your DM chooses statistics appropriate for the awakened plant, such as the statistics for the awakened shrub or the awakened tree.

The awakened beast or plant is charmed by you for 30 days or until you and your companions do anything harmful to it. When the charmed condition ends, the awakened creature chooses whether to remain friendly to you, based on how you treated it while it was charmed.

Material: an agate worth at least 1,000 gp, which the spell consumes.",FALSE,,,,2014
Bane,1,FALSE,30 feet,"V, S, M",Up to 1 minute,TRUE,1 action,Enchantment,"Bard, Cleric","Up to three creatures of your choice that you can see within range must make Charisma saving throws. Whenever a target that fails this saving throw makes an attack roll or a saving throw before the spell ends, the target must roll a d4 and subtract the number rolled from the attack roll or saving throw.

At Higher Levels.
When you cast this spell using a spell slot of 2nd level or higher, you can target one additional creature for each slot level above 1st.

Material: a drop of blood.",FALSE,,,,2014
Banishing Smite,5,FALSE,Self,V,Up to 1 minute,TRUE,1 bonus action,Abjuration,Paladin,"The next time you hit a creature with a weapon attack before this spell ends, your weapon crackles with force, and the attack deals an extra 5d10 force damage to the target. Additionally, if this attack reduces the target to 50 hit points of fewer, you banish it. If the target is native to a different plane of existence than the one you’re on, the target disappears, returning to its home plane. If the target is native to the plane you’re on, the creature vanishes into a harmless demiplane. While there, the target is incapacitated. It remains there until the spell ends, at which point the target reappears in the space it left or in the nearest unoccupied space if that space is occupied.",FALSE,,,,2014
Banishment,4,FALSE,60 feet,"V, S, M",Up to 1 minute,TRUE,1 action,Abjuration,"Cleric, Paladin, Sorcerer, Warlock, Wizard","You attempt to send one creature that you can see within range to another place of existence. The target must succeed on a Charisma saving throw or be banished.

If the target is native to the plane of existence you’re on, you banish the target to a harmless demiplane. While there, the target is incapacitated. The target remains there until the spell ends, at which point the target reappears in the space it left or in the nearest unoccupied space if that space is occupied.

If the target is native to a different plane of existence that the one you’re on, the target is banished with a faint popping noise, returning to its home plane. If the spell ends before 1 minute has passed, the target reappears in the space it left or in the nearest unoccupied space if that space is occupied. Otherwise, the target doesn’t return.

At Higher Levels.
When you cast this spell using a spell slot of 5th level or higher, you can target one additional creature for each slot level above 4th.

Material: an item distasteful to the target.",FALSE,,,,2014
Barkskin,2,FALSE,Touch,"V, S, M",Up to 1 hour,TRUE,1 action,Transmutation,"Druid, Ranger","You touch a willing creature. Until the spell ends, the target’s skin has a rough, bark-like appearance, and the target’s AC can’t be less than 16, regardless of what kind of armor it is wearing.

Material: a handful of oak bark.",FALSE,,,,2014
Beacon of Hope,3,FALSE,30 feet,"V, S",Up to 1 minute,TRUE,1 action,Abjuration,Cleric,"This spell bestows hope and vitality. Choose any number of creatures within range. For the duration, each target has advantage on Wisdom saving throws and death saving throws, and regains the maximum number of hit points possible from any healing.",FALSE,,,,2014
Beast Bond,1,FALSE,Touch,"V, S, M",Up to 10 minutes,TRUE,1 action,Divination,"Druid, Ranger","You establish a telepathic link with one beast you touch that is friendly to you or charmed by you. The spell fails if the beast’s Intelligence is 4 or higher. Until the spell ends, the link is active while you and the beast are within line of sight of each other. Through the link, the beast can understand your telepathic messages to it, and it can telepathically communicate simple emotions and concepts back to you. While the link is active, the beast gains advantage on attack rolls against any creature within 5 feet of you that you can see.

Material: a bit of fur wrapped in cloth.",FALSE,,,,2014
Beast Sense,2,TRUE,Touch,S,Up to 1 hour,TRUE,1 action,Divination,"Druid, Ranger","You touch a willing beast. For the duration of the spell, you can use your action to see through the beast’s eyes and hear what it hears, and continue to do so until you use your action to return to your normal senses.",FALSE,,,,2014
Bestow Curse,3,FALSE,Touch,"V, S",Up to 1 minute,TRUE,1 action,Necromancy,"Bard, Cleric, Wizard","You touch a creature, and that creature must succeed on a Wisdom saving throw or become cursed for the duration of the spell. When you cast this spell, choose the nature of the curse from the following options:

A
remove curse
spell ends this effect. At the DM's option, you may choose an alternative curse effect, but it should be no more powerful than those described above. The DM has final say on such a curse's effect.

At Higher Levels.
If you cast this spell using a spell slot of 4th level or higher, the duration is concentration, up to 10 minutes. If you use a spell slot of 5th level or higher, the duration is 8 hours. If you use a spell slot of 7th level or higher, the duration is 24 hours. If you use a 9th level spell slot, the spell lasts until it is dispelled. Using a spell slot of 5th level or higher grants a duration that doesn't require concentration.",FALSE,,,,2014
Bigby's Hand,5,FALSE,120 feet,"V, S, M",Up to 1 minute,TRUE,1 action,Evocation,"Artificer, Sorcerer (Optional), Wizard","You create a Large hand of shimmering, translucent force in an unoccupied space that you can see within range. The hand lasts for the spell’s duration, and it moves at your command, mimicking the movements of your own hand.

The hand is an object that has AC 20 and hit points equal to your hit point maximum. If it drops to 0 hit points, the spell ends. It has a Strength of 26 (+8) and a Dexterity of 10 (+0). The hand doesn’t fill its space.

When you cast the spell and as a bonus action on your subsequent turns, you can move the hand up to 60 feet and then cause one of the following effects with it.

At Higher Levels.
When you cast this spell using a spell slot of 6th level or higher, the damage from the clenched fist option increases by 2d8 and the damage from the grasping hand increases by 2d6 for each slot level above 5th.

Material: an eggshell and a snakeskin glove.",FALSE,,,,2014
Blade Barrier,6,FALSE,90 feet,"V, S",Up to 10 minutes,TRUE,1 action,Evocation,Cleric,"You create a vertical wall of whirling, razor-sharp blades made of magical energy. The wall appears within range and lasts for the duration. You can make a straight wall up to 100 feet long, 20 feet high, and 5 feet thick, or a ringed wall up to 60 feet in diameter, 20 feet high, and 5 feet thick. The wall provides three-quarters cover to creatures behind it, and its space is difficult terrain.

When a creature enters the wall’s area for the first time on a turn or starts its turn there, the creature must make a Dexterity saving throw. On a failed save, the creature takes 6d10 slashing damage. On a successful save, the creature takes half as much damage.",FALSE,,,,2014
Blade of Disaster,9,FALSE,60 feet,"V, S",Up to 1 minute,TRUE,1 bonus action,Conjuration,"Sorcerer (Optional), Warlock (Optional), Wizard (Optional)","You create a blade-shaped planar rift about 3 feet long in an unoccupied space you can see within range. The blade lasts for the duration. When you cast this spell, you can make up to two melee spell attacks with the blade, each one against a creature, loose object, or structure within 5 feet of the blade. On a hit, the target takes 4d12 force damage. This attack scores a critical hit if the number on the d20 is 18 or higher. On a critical hit, the blade deals an extra 8d12 force damage (for a total of 12d12 force damage).

As a bonus action on your turn, you can move the blade up to 30 feet to an unoccupied space you can see and then make up to two melee spell attacks with it again.

The blade can harmlessly pass through any barrier, including a
Wall of Force
.",FALSE,,,,2014
Blade Ward,0,FALSE,Self,"V, S",1 round,FALSE,1 action,Abjuration,"Bard, Sorcerer, Warlock, Wizard","You extend your hand and trace a sigil of warding in the air. Until the end of your next turn, you have resistance against bludgeoning, piercing, and slashing damage dealt by weapon attacks.",FALSE,,,,2014
Bless,1,FALSE,30 feet,"V, S, M",Up to 1 minute,TRUE,1 action,Enchantment,"Cleric, Paladin","You bless up to three creatures of your choice within range. Whenever a target makes an attack roll or a saving throw before the spell ends, the target can roll a d4 and add the number rolled to the attack roll or saving throw.

At Higher Levels.
When you cast this spell using a spell slot of 2nd level or higher, you can target one additional creature for each slot level above 1st.

Material: a sprinkling of holy water.",FALSE,,,,2014
Blight,4,FALSE,30 feet,"V, S",Instantaneous,FALSE,1 action,Necromancy,"Druid, Sorcerer, Warlock, Wizard","Necromantic energy washes over a creature of your choice that you can see within range, draining moisture and vitality from it. The target must make a Constitution saving throw. The target takes 8d8 necrotic damage on a failed save, or half as much damage on a successful one. This spell has no effect on undead or constructs.

If you target a plant creature or a magical plant, it makes the saving throw with disadvantage, and the spell deals maximum damage to it. If you target a nonmagical plant that isn’t a creature, such as a tree or shrub, it doesn’t make a saving throw; it simply withers and dies.

At Higher Levels.
When you cast this spell using a spell slot of 5th level or higher, the damage increases by 1d8 for each slot level above 4th.",FALSE,,,,2014
Blinding Smite,3,FALSE,Self,V,Up to 1 minute,TRUE,1 bonus action,Evocation,Paladin,"The next time you hit a creature with a melee weapon attack during this spell’s duration, you weapon flares with a bright light, and the attack deals an extra 3d8 radiant damage to the target. Additionally, the target must succeed on a Constitution saving throw or be blinded until the spell ends.

A creature blinded by this spell makes another Constitution saving throw at the end of each of its turns. On a successful save, it is no longer blinded.",FALSE,,,,2014
Blindness/Deafness,2,FALSE,30 feet,V,1 minute,FALSE,1 action,Necromancy,"Bard, Cleric, Sorcerer, Wizard","You can blind or deafen a foe. Choose one creature that you can see within range to make a Constitution saving throw. If it fails, the target is either blinded or deafened (your choice) for the duration. At the end of each of its turns, the target can make a Constitution saving throw. On a success, the spell ends.

At Higher Levels.
When you cast this spell using a spell slot of 3rd level or higher, you can target one additional creature for each slot level above 2nd.",FALSE,,,,2014
Blink,3,FALSE,Self,"V, S",1 minute,FALSE,1 action,Transmutation,"Artificer, Sorcerer, Wizard","Roll a d20 at the end of each of your turns for the duration of the spell. On a roll of 11 or higher, you vanish from your current plane of existence and appear in the Ethereal Plane (the spell fails and the casting is wasted if you were already on that plane).

At the start of your next turn, and when the spell ends if you are on the Ethereal Plane, you return to an unoccupied space of your choice that you can see within 10 feet of the space you vanished from. If no unoccupied space is available within that range, you appear in the nearest unoccupied space (chosen at random if more that one space is equally near). You can dismiss this spell as an action.

While on the Ethereal Plane, you can see and hear the plane you originated from, which is cast in shades of gray, and you can't see anything more than 60 feet away. You can only affect and be affected by other creatures on the Ethereal Plane. Creature that aren't there can't perceive you or interact with you, unless they have the ability to do so.",FALSE,,,,2014
Blur,2,FALSE,Self,V,Up to 1 minute,TRUE,1 action,Illusion,"Artificer, Sorcerer, Wizard","Your body becomes blurred, shifting and wavering to all who can see you. For the duration, any creature has disadvantage on attack rolls against you. An attacker is immune to this effect if it doesn't rely on sight, as with blindsight, or can see through illusions, as with truesight.",FALSE,,,,2014
Bones of the Earth,6,FALSE,120 feet,"V, S",Instantaneous,FALSE,1 action,Transmutation,Druid,"You cause up to six pillars of stone to burst from places on the ground that you can see within range. Each pillar is a cylinder that has a diameter of 5 feet and a height of up to 30 feet. The ground where a pillar appears must be wide enough for its diameter, and you can target ground under a creature if that creature is Medium or smaller. Each pillar has AC 5 and 30 hit points. When reduced to 0 hit points, a pillar crumbles into rubble, which creates an area of difficult terrain with a 10-foot radius. The rubble lasts until cleared.

If a pillar is created under a creature, that creature must succeed on a Dexterity saving throw or be lifted by the pillar. A creature can choose to fail the save.

If a pillar is prevented from reaching its full height because of a ceiling or other obstacle, a creature on the pillar takes 6d6 bludgeoning damage and is restrained, pinched between the pillar and the obstacle. The restrained creature can use an action to make a Strength or Dexterity check (the creature’s choice) against the spell’s saving throw DC. On a success, the creature is no longer restrained and must either move off the pillar or fall off it.

At Higher Levels.
When you cast this spell using a spell slot of 7th level or higher, you can create two additional pillars for each slot level above 6th.",FALSE,,,,2014
Booming Blade,0,FALSE,Self (5-foot radius),"S, M",1 round,FALSE,1 action,Evocation,"Artificer, Sorcerer (Optional), Warlock (Optional), Wizard (Optional)","You brandish the weapon used in the spell’s casting and make a melee attack with it against one creature within 5 feet of you. On a hit, the target suffers the weapon attack’s normal effects and then becomes sheathed in booming energy until the start of your next turn. If the target willingly moves 5 feet or more before then, the target takes 1d8 thunder damage, and the spell ends.

At Higher Levels.
At 5th level, the melee attack deals an extra 1d8 thunder damage to the target on a hit, and the damage the target takes for moving increases to 2d8. Both damage rolls increase by 1d8 at 11th level (2d8 and 3d8) and again at 17th level (3d8 and 4d8).

Material: a melee weapon worth at least 1 sp.",FALSE,,,,2014
Borrowed Knowledge,2,FALSE,Self,"V, S, M",1 hour,FALSE,1 action,Divination,"Bard, Cleric, Warlock, Wizard","You draw on knowledge from spirits of the past. Choose one skill in which you lack proficiency. For the spell's duration, you have proficiency in the chosen skill. The spell ends early if you cast it again.

Material: a book worth at least 25 gp.",FALSE,,,,2014
Branding Smite,2,FALSE,Self,V,Up to 1 minute,TRUE,1 bonus action,Evocation,Paladin,"The next time you hit a creature with a weapon attack before this spell ends, the weapon gleams with astral radiance as you strike. The attack deals an extra 2d6 radiant damage to the target, which becomes visible if it is invisible, and the target sheds dim light in a 5-foot radius and can’t become invisible until the spell ends.

At Higher Levels.
When you cast this spell using a spell slot of 3rd level or higher, the extra damage increases by 1d6 for each slot level above 2nd.",FALSE,,,,2014
Burning Hands,1,FALSE,Self (15-foot cone),"V, S",Instantaneous,FALSE,1 action,Evocation,"Sorcerer, Wizard","As you hold your hands with thumbs touching and fingers spread, a thin sheet of flames shoots forth from your outstretched fingertips. Each creature in a 15-foot cone must make a Dexterity saving throw. A creature takes 3d6 fire damage on a failed save, or half as much damage on a successful one.

The fire ignites any flammable objects in the area that aren’t being worn or carried.

At Higher Levels.
When you cast this spell using a spell slot of 2nd level or higher, the damage increases by 1d6 for each slot level above 1st.",FALSE,,,,2014
Call Lightning,3,FALSE,120 feet,"V, S",Up to 10 minutes,TRUE,1 action,Conjuration,Druid,"A storm cloud appears in the shape of a cylinder that is 10 feet tall with a 60-foot radius, centered on a point you can see within range directly above you. The spell fails if you can’t see a point in the air where the storm cloud could appear (for example, if you are in a room that can’t accommodate the cloud).

When you cast the spell, choose a point you can see under the cloud. A bolt of lightning flashes down from the cloud to that point. Each creature within 5 feet of that point must make a Dexterity saving throw. A creature takes 3d10 lightning damage on a failed save, or half as much damage on a successful one. On each of your turns until the spell ends, you can use your action to call down lightning in this way again, targeting the same point or a different one.

If you are outdoors in stormy conditions when you cast this spell, the spell gives you control over the existing storm instead of creating a new one. Under such conditions, the spell’s damage increases by 1d10.

At Higher Levels.
When you cast this spell using a spell slot of 4th or higher level, the damage increases by 1d10 for each slot level above 3rd.",FALSE,,,,2014
Calm Emotions,2,FALSE,60 feet,"V, S",Up to 1 minute,TRUE,1 action,Enchantment,"Bard, Cleric","You attempt to suppress strong emotions in a group of people. Each humanoid in a 20-foot-radius sphere centered on a point you choose within range must make a Charisma saving throw; a creature can choose to fail this saving throw if it wishes. If a creature fails its saving throw, choose one of the following two effects. You can suppress any effect causing a target to be charmed or frightened. When this spell ends, any suppressed effect resumes, provided that its duration has not expired in the meantime.

Alternatively, you can make a target indifferent about creatures of your choice that it is hostile toward. This indifference ends if the target is attacked or harmed by a spell or if it witnesses any of its friends being harmed. When the spell ends, the creature becomes hostile again, unless the DM rules otherwise.",FALSE,,,,2014
Catapult,1,FALSE,60 feet,S,Instantaneous,FALSE,1 action,Transmutation,"Sorcerer, Wizard, Artificer","Choose one object weighing 1 to 5 pounds within range that isn’t being worn or carried. The object flies in a straight line up to 90 feet in a direction you choose before falling to the ground, stopping early if it impacts against a solid surface. If the object would strike a creature, that creature must make a Dexterity saving throw. On a failed save, the object strikes the target and stops moving. When the object strikes something, the object and what it strikes each take 3d8 bludgeoning damage.

At Higher Levels.
When you cast this spell using a spell slot of 2nd level or higher, the maximum weight of objects that you can target with this spell increases by 5 pounds, and the damage increases by 1d8, for each slot level above 1st.",FALSE,,,,2014
Catnap,3,FALSE,30 feet,"S, M",10 minutes,FALSE,1 action,Enchantment,"Artificer, Bard, Sorcerer, Wizard","You make a calming gesture, and up to three willing creatures of your choice that you can see within range fall unconscious for the spell’s duration. The spell ends on a target early if it takes damage or someone uses an action to shake or slap it awake. If a target remains unconscious for the full duration, that target gains the benefit of a short rest, and it can’t be affected by this spell again until it finishes a long rest.

Material: a pinch of sand.",FALSE,,,,2014
Cause Fear,1,FALSE,60 feet,V,Up to 1 minute,TRUE,1 action,Necromancy,"Warlock, Wizard","You awaken the sense of mortality in one creature you can see within range. A construct or an undead is immune to this effect. The target must succeed on a Wisdom saving throw or become frightened of you until the spell ends. The frightened target can repeat the saving throw at the end of each of its turns, ending the effect on itself on a success.

At Higher Levels.
When you cast this spell using a spell slot of 2nd level or higher, you can target one additional creature for each slot level above 1st. The creatures must be within 30 feet of each other when you target them.",FALSE,,,,2014
Ceremony,1,TRUE,Touch,"V, S, M",Instantaneous (see below),FALSE,1 hour,Abjuration,"Cleric, Paladin","You perform one of several religious ceremonies. When you cast the spell, choose one of the following ceremonies, the target of which must be within 10 feet of you throughout the casting.

Atonement.
You touch one willing creature whose alignment has changed, and you make a DC 20 Wisdom (Insight) check. On a successful check, you restore the target to its original alignment.

Bless Water.
You touch one vial of water and cause it to become holy water.

Coming of Age.
You touch one humanoid who is a young adult. For the next 24 hours, whenever the target makes an ability check, it can roll a d4 and add the number rolled to the ability check. A creature can benefit from this rite only once.

Dedication.
You touch one humanoid who wishes to be dedicated to your god’s service. For the next 24 hours, whenever the target makes a saving throw, it can roll a d4 and add the number rolled to the save. A creature can benefit from this rite only once.

Funeral Rite.
You touch one corpse, and for the next 7 days, the target can’t become undead by any means short of a
Wish
spell.

Wedding.
You touch adult humanoids willing to be bonded together in marriage. For the next 7 days, each target gains a +2 bonus to AC while they are within 30 feet of each other. A creature can benefit from this rite again only if widowed.

Material: 25 gp worth of powdered silver, which the spell consumes.",FALSE,,,,2014
Chain Lightning,6,FALSE,150 feet,"V, S, M",Instantaneous,FALSE,1 action,Evocation,"Sorcerer, Wizard","You create a bolt of lightning that arcs toward a target of your choice that you can see within range. Three bolts then leap from that target to as many as three other targets, each of which must be within 30 feet of the first target. A target can be a creature or an object and can be targeted by only one of the bolts.

A target must make a Dexterity saving throw. The target takes 10d8 lightning damage on a failed save, or half as much on a successful one.

At Higher Levels.
When you cast this spell using a spell slot of 7th level or higher, one additional bolt leaps from the first target to another target for each slot level above 6th.

Material: a bit of fur; a piece of amber, glass, or a crystal rod; and three silver pins.",FALSE,,,,2014
Chaos Bolt,1,FALSE,120 feet,"V, S",Instantaneous,FALSE,1 action,Evocation,Sorcerer,"You hurl an undulating, warbling mass of chaotic energy at one creature in range. Make a ranged spell attack against the target. On a hit, the target takes 2d8 + 1d6 damage. Choose one of the d8s. The number rolled on that die determines the attack's damage type, as shown below.

If you roll the same number on both d8s, the chaotic energy leaps from the target to a different creature of your choice within 30 feet of it. Make a new attack roll against the new target, and make a new damage roll, which could cause the chaotic energy to leap again.

A creature can be targeted only once by each casting of this spell.

At Higher Levels.
When you cast this spell using a spell slot of 2nd level or higher, each target takes 1d6 extra damage of the type rolled for each slot level above 1st.",FALSE,,,,2014
Charm Monster,4,FALSE,30 feet,"V, S",1 hour,FALSE,1 action,Enchantment,"Bard, Druid, Sorcerer, Warlock, Wizard","You attempt to charm a creature you can see within range. It must make a Wisdom saving throw, and it does so with advantage if you or your companions are fighting it. If it fails the saving throw, it is charmed by you until the spell ends or until you or your companions do anything harmful to it. The charmed creature is friendly to you. When the spell ends, the creature knows it was charmed by you.

At Higher Levels.
When you cast this spell using a spell slot of 5th level or higher, you can target one additional creature for each slot level above 4th. The creatures must be within 30 feet of each other when you target them.",FALSE,,,,2014
Charm Person,1,FALSE,30 feet,"V, S",1 hour,FALSE,1 action,Enchantment,"Bard, Druid, Sorcerer, Warlock, Wizard","You attempt to charm a humanoid you can see within range. It must make a Wisdom saving throw, and does so with advantage if you or your companions are fighting it. If it fails the saving throw, it is charmed by you until the spell ends or until you or your companions do anything harmful to it. The charmed creature regards you as a friendly acquaintance. When the spell ends, the creature knows it was charmed by you.

At Higher Levels.
When you cast this spell using a spell slot of 2nd level or higher, you can target one additional creature for each slot level above 1st. The creatures must be within 30 feet of each other when you target them.",FALSE,,,,2014
Chill Touch,0,FALSE,120 feet,"V, S",1 round,FALSE,1 action,Necromancy,"Sorcerer, Warlock, Wizard","You create a ghostly, skeletal hand in the space of a creature within range. Make a ranged spell attack against the creature to assail it with the chill of the grave. On a hit, the target takes 1d8 necrotic damage, and it can’t regain hit points until the start of your next turn. Until then, the hand clings to the target. If you hit an undead target, it also has disadvantage on attack rolls against you until the end of your next turn.

At Higher Levels.
This spell’s damage increases by 1d8 when you reach 5th level (2d8), 11th level (3d8), and 17th level (4d8).",FALSE,,,,2014
Chromatic Orb,1,FALSE,90 feet,"V, S, M",Instantaneous,FALSE,1 action,Evocation,"Sorcerer, Wizard","You hurl a 4-inch-diameter sphere of energy at a creature that you can see within range. You choose acid, cold, fire, lightning, poison, or thunder for the type of orb you create, and then make a ranged spell attack against the target. If the attack hits, the creature takes 3d8 damage of the type you chose.

At Higher Levels.
When you cast this spell using a spell slot of 2nd level or higher, the damage increases by 1d8 for each slot level above 1st.

Material: a diamond worth at least 50 gp.",FALSE,,,,2014
Circle of Death,6,FALSE,150 feet,"V, S, M",Instantaneous,FALSE,1 action,Necromancy,"Sorcerer, Warlock, Wizard","A sphere of negative energy ripples out in a 60-foot-radius sphere from a point within range. Each creature in that area must make a Constitution saving throw. A target takes 8d6 necrotic damage on a failed save, or half as much damage on a successful one.

At Higher Levels.
When you cast this spell using a spell slot of 7th level or higher, the damage increases by 2d6 for each slot level above 6th.

Material: the powder of a crushed black pearl worth at least 500 gp.",FALSE,,,,2014
Circle of Power,5,FALSE,Self (30-foot radius),V,Up to 10 minutes,TRUE,1 action,Abjuration,Paladin,"Divine energy radiates from you, distorting and diffusing magical energy within 30 feet of you. Until the spell ends, the sphere moves with you, centered on you. For the duration, each friendly creature in the area (including you) has advantage on saving throws against spells and other magical effects.

Additionally, when an affected creature succeeds on a saving throw made against a spell or magical effect that allows it to make a saving throw to take only half damage, it instead takes no damage if it succeeds on the saving throws.",FALSE,,,,2014
Clairvoyance,3,FALSE,1 mile,"V, S, M",Up to 10 minutes,TRUE,10 minutes,Divination,"Bard, Cleric, Sorcerer, Wizard","You create an invisible sensor within range in a location familiar to you (a place you have visited or seen before) or in an obvious location that is unfamiliar to you (such as behind a door, around a corner, or in a grove of trees). The sensor remains in place for the duration, and it can’t be attacked or otherwise interacted with.

When you cast the spell, you choose seeing or hearing. You can use the chosen sense through the sensor as if you were in its space. As your action, you can switch between seeing and hearing. A creature that can see the sensor (such as a creature benefitting from see invisibility or truesight) sees a luminous, intangible orb about the size of your fist.

Material: a focus worth at least 100 gp, either a jeweled horn for hearing or a glass eye for seeing.",FALSE,,,,2014
Clone,8,FALSE,Touch,"V, S, M",Instantaneous,FALSE,1 hour,Necromancy,Wizard,"This spell grows an inert duplicate of a living creature as a safeguard against death. This clone forms inside the vessel used in the spell's casting and grows to full size and maturity after 120 days; you can also choose to have the clone be a younger version of the same creature. It remains inert and endures indefinitely, as long as its vessel remains undisturbed.

At any time after the clone matures, if the original creature dies, its soul transfers to the clone, provided that the soul is free and willing to return. The clone is physically identical to the original and has the same personality, memories, and abilities, but none of the original’s equipment. The original creature’s physical remains, if they still exist, become inert and can’t thereafter be restored to life, since the creature’s soul is elsewhere.

Material: a diamond worth at least 1000 gp and at least 1 cubic inch of flesh of the creature that is to be cloned, which the spell consumes. A vessel worth at least 2000 gp that has a sealable lid and is large enough to hold the creature being cloned, such as a huge urn, coffin, mud-filled cyst in the ground, or crystal container filled with salt water.",FALSE,,,,2014
Cloud of Daggers,2,FALSE,60 feet,"V, S, M",Up to 1 minute,TRUE,1 action,Conjuration,"Bard, Sorcerer, Warlock, Wizard","You fill the air with spinning daggers in a cube 5 feet on each side, centered on a point you choose within range. A creature takes 4d4 slashing damage when it enters the spell’s area for the first time on a turn or starts its turn there.

At Higher Levels.
When you cast this spell using a spell slot of 3rd level or higher, the damage increases by 2d4 for each slot level above 2nd.

Material: a sliver of glass.",FALSE,,,,2014
Cloudkill,5,FALSE,120 feet,"V, S",Up to 10 minutes,TRUE,1 action,Conjuration,"Sorcerer, Wizard","You create a 20-foot-radius sphere of poisonous, yellow-green fog centered on a point you choose within range. The fog spreads around corners. It lasts for the duration or until strong wind disperses the fog, ending the spell. Its area is heavily obscured.

When a creature enters the spell’s area for the first time on a turn or starts its turn there, that creature must make a Constitution saving throw. The creature takes 5d8 poison damage on a failed save, or half as much damage on a successful one. Creatures are affected even if they hold their breath or don’t need to breathe.

The fog moves 10 feet away from you at the start of each of your turns, rolling along the surface of the ground. The vapors, being heavier than air, sink to the lowest level of the land, even pouring down openings.

At Higher Levels.
When you cast this spell using a spell slot of 6th level or higher, the damage increases by 1d8 for each slot level above 5th.",FALSE,,,,2014
Color Spray,1,FALSE,Self (15-foot cone),"V, S, M",1 round,FALSE,1 action,Illusion,"Bard (Optional), Sorcerer, Wizard","A dazzling array of flashing, colored light springs from your hand. Roll 6d10, the total is how many hit points of creatures this spell can effect. Creatures in a 15-foot cone originating from you are affected in ascending order of their current hit points (ignoring unconscious creatures and creatures that can’t see).

Starting with the creature that has the lowest current hit points, each creature affected by this spell is blinded until the end of your next turn. Subtract each creature’s hit points from the total before moving on to the creature with the next lowest hit points. A creature’s hit points must be equal to or less than the remaining total for the creature to be affected.

At Higher Levels.
When you cast this spell using a spell slot of 2nd level or higher, roll an additional 2d10 for each slot level above 1st.

Material: a pinch of powder or sand that is colored red, yellow, and blue.",FALSE,,,,2014
Command,1,FALSE,60 feet,V,1 round,FALSE,1 action,Enchantment,"Bard (Optional), Cleric, Paladin","You speak a one-word command to a creature you can see within range. The target must succeed on a Wisdom saving throw or follow the command on its next turn. The spell has no effect if the target is undead, if it doesn’t understand your language, or if your command is directly harmful to it. Some typical commands and their effects follow. You might issue a command other than one described here. If you do so, the DM determines how the target behaves. If the target can’t follow your command, the spell ends.

Approach.
The target moves toward you by the shortest and most direct route, ending its turn if it moves within 5 feet of you.

Drop.
The target drops whatever it is holding and then ends its turn.

Flee.
The target spends its turn moving away from you by the fastest available means.

Grovel.
The target falls prone and then ends its turn.

Halt.
The target doesn’t move and takes no actions. A flying creature stays aloft, provided that it is able to do so. If it must move to stay aloft, it flies the minimum distance needed to remain in the air.

At Higher Levels.
When you cast this spell using a spell slot of 2nd level or higher, you can affect one additional creature for each slot level above 1st. The creatures must be within 30 feet of each other when you target them.",FALSE,,,,2014
Commune,5,TRUE,Self,"V, S, M",1 minute,FALSE,1 minute,Divination,Cleric,"You contact your deity or a divine proxy and ask up to three questions that can be answered with a yes or no. You must ask your questions before the spell ends. You receive a correct answer for each question.

Divine beings aren’t necessarily omniscient, so you might receive “unclear” as an answer if a question pertains to information that lies beyond the deity’s knowledge. In a case where a one-word answer could be misleading or contrary to the deity’s interests, the DM might offer a short phrase as an answer instead.

If you cast the spell two or more times before finishing your next long rest, there is a cumulative 25 percent chance for each casting after the first that you get no answer. The DM makes this roll in secret.

Material: incense and a vial of holy or unholy water.",FALSE,,,,2014
Commune with City (UA),5,TRUE,Self,"V, S",Instantaneous,FALSE,1 minute,Divination,"Sorcerer, Warlock, Wizard","You briefly become one with the city and gain knowledge of the surrounding area. Aboveground, this spell gives you knowledge of the area within 1 mile of you. In sewers and other underground settings, you gain knowledge of the area within 600 feet of you.

You instantly gain knowledge of up to three facts of your choice about any of the following subjects as they relate to the area:

For example, you could determine the location of powerful undead in the area, the location of major sources of electrical power or interference, and the location of any nearby parks.",FALSE,,,,2014
Commune with Nature,5,TRUE,Self,"V, S",Instantaneous,FALSE,1 minute,Divination,"Druid, Ranger","You briefly become one with nature and gain knowledge of the surrounding territory. In the outdoors, the spell gives you knowledge of the land within 3 miles of you. In caves and other natural underground settings, the radius is limited to 300 feet. The spell doesn’t function where nature has been replaced by construction, such as in dungeons and towns.

You instantly gain knowledge of up to three facts of your choice about any of the following subjects as they relate to the area:

For example, you could determine the location of powerful undead in the area, the location of major sources of safe drinking water, and the location of any nearby towns.",FALSE,,,,2014
Compelled Duel,1,FALSE,30 feet,V,Up to 1 minute,TRUE,1 bonus action,Enchantment,Paladin,"You attempt to compel a creature into a duel. One creature that you can see within range must make a Wisdom saving throw. On a failed save, the creature is drawn to you, compelled by your divine demand. For the duration, it has disadvantage on attack rolls against creatures other than you, and must make a Wisdom saving throw each time it attempts to move to a space that is more than 30 feet away from you; if it succeeds on this saving throw, this spell doesn’t restrict the target’s movement for that turn.

The spell ends if you attack any other creature, if you cast a spell that targets a hostile creature other than the target, if a creature friendly to you damages the target or casts a harmful spell on it, or if you end your turn more than 30 feet away from the target.",FALSE,,,,2014
Comprehend Languages,1,TRUE,Self,"V, S, M",1 hour,FALSE,1 action,Divination,"Bard, Sorcerer, Warlock, Wizard","For the duration, you understand the literal meaning of any spoken language that you hear. You also understand any written language that you see, but you must be touching the surface on which the words are written. It takes about 1 minute to read one page of text.

This spell doesn’t decode secret messages in a text or glyph, such as an arcane sigil, that isn’t part of a written language.

Material: a pinch of soot and salt.",FALSE,,,,2014
Compulsion,4,FALSE,30 feet,"V, S",Up to 1 minute,TRUE,1 action,Enchantment,Bard,"Creatures of your choice that you can see within range and that can hear you must make a Wisdom saving throw. A target automatically succeeds on this saving throw if it can’t be charmed. On a failed save, a target is affected by this spell. Until the spell ends, you can use a bonus action on each of your turns to designate a direction that is horizontal to you. Each affected target must use as much of its movement as possible to move in that direction on its next turn. It can take its action before it moves. After moving in this way, it can make another Wisdom saving throw to try to end the effect.

A target isn’t compelled to move into an obviously deadly hazard, such as a fire pit, but it will provoke opportunity attacks to move in the designated direction.",FALSE,,,,2014
Cone of Cold,5,FALSE,Self (60-foot cone),"V, S, M",Instantaneous,FALSE,1 action,Evocation,"Druid (Optional), Sorcerer, Wizard","A blast of cold air erupts from your hands. Each creature in a 60-foot cone must make a Constitution saving throw. A creature takes 8d8 cold damage on a failed save, or half as much damage on a successful one. A creature killed by this spell becomes a frozen statue until it thaws.

At Higher Levels.
When you cast this spell using a spell slot of 6th level or higher, the damage increases by 1d8 for each slot level above 5th.

Material: a small crystal or glass cone.",FALSE,,,,2014
Confusion,4,FALSE,90 feet,"V, S, M",Up to 1 minute,TRUE,1 action,Enchantment,"Bard, Druid, Sorcerer, Wizard","This spell assaults and twists creatures’ minds, spawning delusions and provoking uncontrolled actions. Each creature in a 10-foot-radius sphere centered on a point you choose within range must succeed on a Wisdom saving throw when you cast this spell or be affected by it.

An affected target can’t take reactions and must roll a d10 at the start of each of its turns to determine its behavior for that turn.

At the end of its turns, an affected target can make a Wisdom saving throw. If it succeeds, this effect ends for that target.

At Higher Levels.
When you cast this spell using a spell slot of 5th level or higher, the radius of the sphere increases by 5 feet for each slot level above 4th.

Material: three nut shells.",FALSE,,,,2014
Conjure Animals,3,FALSE,60 feet,"V, S",Up to 1 hour,TRUE,1 action,Conjuration,"Druid, Ranger","You summon fey spirits that take the form of beasts and appear in unoccupied spaces that you can see within range.

Choose one of the following options for what appears:

Each beast is also considered fey, and it disappears when it drops to 0 hit points or when the spell ends.

The summoned creatures are friendly to you and your companions. Roll initiative for the summoned creatures as a group, which has its own turns. They obey any verbal commands that you issue to them (no action required by you). If you don’t issue any commands to them, they defend themselves from hostile creatures, but otherwise take no actions. The DM has the creatures’ statistics.

At Higher Levels.
When you cast this spell using certain higher-level spell slots, you choose one of the summoning options above, and more creatures appear: twice as many with a 5th-level slot, three times as many with a 7th-level slot, and four times as many with a 9th-level slot.",FALSE,,,,2014
Conjure Barlgura (UA),4,FALSE,60 feet,"V, S",Up to 10 minutes,FALSE,1 action,Conjuration,"Sorcerer, Wizard","You summon a barlgura that appears in an unoccupied space you can see within range. The barlgura disappears when it drops to 0 hit points or when the spell ends.

The barlgura is hostile to all non-demons. Roll initiative for the barlgura, which has its own turns. At the start of its turn, it moves toward and attacks the nearest non-demon it can perceive. If two or more creatures are equally near, it picks one at random. If it cannot see any potential enemies, the barlgura moves in a random direction in search of foes.

As part of casting the spell, you can scribe a circle on the ground using the blood of an intelligent humanoid slain within the past 24 hours. The circle is large enough to encompass your space. The summoned barlgura cannot cross the circle or target anyone in it while the spell lasts.",FALSE,,,,2014
Conjure Barrage,3,FALSE,Self (60-foot cone),"V, S, M",Instantaneous,FALSE,1 action,Conjuration,Ranger,"You throw a nonmagical weapon or fire a piece of nonmagical ammunition into the air to create a cone of identical weapons that shoot forward and then disappear. Each creature in a 60-foot cone must succeed on a Dexterity saving throw. A creature takes 3d8 damage on a failed save, or half as much damage on a successful one. The damage type is the same as that of the weapon or ammunition used as a component.

Material: one piece of ammunition or a thrown weapon.",FALSE,,,,2014
Conjure Celestial,7,FALSE,90 feet,"V, S",Up to 1 hour,TRUE,1 minute,Conjuration,Cleric,"You summon a celestial of challenge rating 4 or lower, which appears in an unoccupied space that you can see within range. The celestial disappears when it drops to 0 hit points or when the spell ends.

The celestial is friendly to you and your companions for the duration. Roll initiative for the celestial, which has its own turns. It obeys any verbal commands that you issue to it (no action required by you), as long as they don’t violate its alignment. If you don’t issue any commands to the celestial, it defends itself from hostile creatures but otherwise takes no actions. The DM has the celestial’s statistics.

At Higher Levels.
When you cast this spell using a 9th-level spell slot, you summon a celestial of challenge rating 5 or lower.",FALSE,,,,2014
Conjure Elemental,5,FALSE,90 feet,"V, S, M",Up to 1 hour,TRUE,1 minute,Conjuration,"Druid, Wizard","You call forth an elemental servant. Choose an area of air, earth, fire, or water that fills a 10-foot cube within range. An elemental of challenge rating 5 or lower appropriate to the area you chose appears in an unoccupied space within 10 feet of it. For example, a fire elemental emerges from a bonfire, and an earth elemental rises up from the ground. The elemental disappears when it drops to 0 hit points or when the spell ends.

The elemental is friendly to you and your companions for the duration. Roll initiative for the elemental, which has its own turns. It obeys any verbal commands that you issue to it (no action required by you). If you don’t issue any commands to the elemental, it defends itself from hostile creatures but otherwise takes no actions.

If your concentration is broken, the elemental doesn’t disappear. Instead, you lose control of the elemental, it becomes hostile toward you and your companions, and it might attack. An uncontrolled elemental can’t be dismissed by you, and it disappears 1 hour after you summoned it. The DM has the elemental’s statistics.

At Higher Levels.
When you cast this spell using a spell slot of 6th level or higher, the challenge rating increases by 1 for each slot level above 5th.

Material: burning incense for air, soft clay for earth, sulfur and phosphorus for fire, or water and sand for water.",FALSE,,,,2014
Conjure Fey,6,FALSE,90 feet,"V, S",Up to 1 hour,TRUE,1 action,Conjuration,"Druid, Warlock","You summon a fey creature of challenge rating 6 or lower, or a fey spirit that takes the form of a beast of challenge rating 6 or lower. It appears in an unoccupied space that you can see within range. The fey creature disappears when it drops to 0 hit points or when the spell ends.

The fey creature is friendly to you and your companions for the duration. Roll initiative for the creature, which has its own turns. It obeys any verbal commands that you issue to it (no action required by you), as long as they don’t violate its alignment. If you don’t issue any commands to the fey creature, it defends itself from hostile creatures but otherwise takes no actions.

If your concentration is broken, the fey creature doesn’t disappear. Instead, you lose control of the fey creature, it becomes hostile toward you and your companions, and it might attack. An uncontrolled fey creature can’t be dismissed by you, and it disappears 1 hour after you summoned it. The DM has the fey creature’s statistics.

At Higher Levels.
When you cast this spell using a spell slot of 7th level or higher, the challenge rating increases by 1 for each slot level above 6th.",FALSE,,,,2014
Conjure Hezrou (UA),7,FALSE,60 feet,"V, S, M",Up to 1 hour,TRUE,1 action,Conjuration,"Sorcerer, Wizard","You summon a hezrou that appears in an unoccupied space you can see within range. The hezrou disappears when it drops to 0 hit points or when the spell ends.

The hezrou’s attitude depends on the value of the food used as a material component for this spell. Roll initiative for the hezrou, which has its own turns. At the start of the hezrou’s turn, the DM makes a secret Charisma check on your behalf, with a bonus equal to the food’s value divided by 20. The check DC starts at 10 and increases by 2 each round. You can issue orders to the hezrou and have it obey you as long as you succeed on the Charisma check.

If the check fails, the spell no longer requires concentration and the demon is no longer under your control. The hezrou then focuses on devouring any corpses it can see. If there are no such meals at hand, it attacks the nearest creatures and eats anything it kills. If its hit points are reduced to below half its hit point maximum, it returns to the Abyss.

As part of casting the spell, you can scribe a circle on the ground using the blood of an intelligent humanoid slain within the past 24 hours. The circle is large enough to encompass your space. The summoned hezrou cannot cross the circle or target anyone in it while the spell lasts.

Material: food worth at least 100 gp, which the spell consumes.",FALSE,,,,2014
Conjure Knowbot (UA),4,FALSE,Touch,"V, S",10 minutes,FALSE,1 action,Conjuration,"Sorcerer, Warlock, Wizard","You touch a single computerized device or computer system to conjure a knowbot—a partially sentient piece of software imprinted with vestiges of your own skills and computer abilities. For the duration of the spell, you can use a bonus action to have the knowbot execute a computer related task that would normally require an action. The knowbot makes Intelligence ability checks using your ability score and proficiency bonuses including your proficiency with hacking tools, if applicable.

You have a limited telepathic bond with the knowbot, out to a range of 500 feet from the device or system where the knowbot was conjured. If you move beyond this range, the knowbot disappears in 2d4 rounds, as if the duration of the spell had expired. Moving within range again immediately reestablishes the bond.

The knowbot is bound to the system in which it was created, and it stays there until it is dismissed or the spell’s duration expires.

At Higher Levels.
When you cast this spell using a spell slot of 5th level or higher, the spell’s duration increases to 1 hour. Additionally, your telepathic bond with the knowbot is effective out to a range of 1,000 feet, and if you leave the range of the bond, the knowbot continues performing its last directed task until the spell expires.",FALSE,,,,2014
Conjure Lesser Demon (UA),3,FALSE,60 feet,"V, S, M",Up to 1 hour,TRUE,1 action,Conjuration,"Sorcerer, Wizard","You summon up to a total of eight manes or dretches that appear in unoccupied spaces you can see within range. A manes or dretch disappears when it drops to 0 hit points or when the spell ends.

The demons are hostile to all creatures. Roll initiative for the summoned demons as a group, which has its own turns. The demons attack the nearest non-demons to the best of their ability.

As part of casting the spell, you can scribe a circle on the ground with the blood used as a material component. The circle is large enough to encompass your space. The summoned demons cannot cross the circle or target anyone in it while the spell lasts. Using the material component in this manner consumes it.

At Higher Levels.
When you cast this spell using a spell slot of 6th or 7th level, you summon sixteen demons. If you cast it using a spell slot of 8th or 9th level, you summon thirty-two demons.

Material: a vial of blood from an intelligent humanoid killed within the past 24 hours.",FALSE,,,,2014
Conjure Minor Elementals,4,FALSE,90 feet,"V, S",Up to 1 hour,TRUE,1 minute,Conjuration,"Druid, Wizard","You summon elementals that appear in unoccupied spaces that you can see within range. You choose one the following options for what appears:

An elemental summoned by this spell disappears when it drops to 0 hit points or when the spell ends.

The summoned creatures are friendly to you and your companions. Roll initiative for the summoned creatures as a group, which has its own turns. They obey any verbal commands that you issue to them (no action required by you). If you don’t issue any commands to them, they defend themselves from hostile creatures, but otherwise take no actions. The DM has the creatures’ statistics.

At Higher Levels.
When you cast this spell using certain higher-level spell slots, you choose one of the summoning options above, and more creatures appear: twice as many with a 6th-level slot and three times as many with an 8th-level slot.",FALSE,,,,2014
Conjure Shadow Demon (UA),4,FALSE,60 feet,"V, S, M",Up to 1 hour,TRUE,1 action,Conjuration,"Sorcerer, Wizard","You summon a shadow demon that appears in an unoccupied space you can see within range. The shadow demon disappears when it drops to 0 hit points or when the spell ends.

Roll initiative for the shadow demon, which has its own turns. You can issue orders to the shadow demon, and it obeys you as long as it can attack a creature on each of its turns and does not start its turn in an area of bright light. If either of these conditions is not met, the shadow demon immediately makes a Charisma check contested by your Charisma check. If you fail the check, the spell no longer requires concentration and the demon is no longer under your control. The demon automatically succeeds on the check if it is more than 100 feet away from you.

As part of casting the spell, you can scribe a circle on the ground using the blood of an intelligent humanoid slain within the past 24 hours. The circle is large enough to encompass your space. The summoned shadow demon cannot cross the circle or target anyone in it while the spell lasts.

Material: a vial of blood from an intelligent humanoid killed within the past 24 hours.",FALSE,,,,2014
Conjure Volley,5,FALSE,150 feet,"V, S, M",Instantaneous,FALSE,1 action,Conjuration,Ranger,"You fire a piece of nonmagical ammunition from a ranged weapon or throw a nonmagical weapon into the air and choose a point within range. Hundreds of duplicates of the ammunition or weapon fall in a volley from above and then disappear. Each creature in a 40-foot-radius, 20-foot-high cylinder centered on that point must make a Dexterity saving throw. A creature takes 8d8 damage on a failed save, or half as much damage on a successful one. The damage type is the same as that of the ammunition or weapon.

Material: one piece of ammunition or one thrown weapon.",FALSE,,,,2014
Conjure Vrock (UA),5,FALSE,60 feet,"V, S, M",Up to 1 hour,TRUE,1 action,Conjuration,"Sorcerer, Wizard","You summon a vrock that appears in an unoccupied space you can see within range. The vrock disappears when it drops to 0 hit points or when the spell ends.

The vrock’s attitude depends on the value of the gem used as a material component for this spell. Roll initiative for the vrock, which has its own turns. At the start of the vrock’s turn, the DM makes a secret Charisma check on your behalf, with a bonus equal to the gem’s value divided by 20. The check DC starts at 10 and increases by 2 each round. You can issue orders to the vrock and have it obey you as long as you succeed on the Charisma check.

If the check fails, the spell no longer requires concentration and the vrock is no longer under your control. The vrock takes no actions on its next turn and uses its telepathy to tell any creature it can see that it will fight in exchange for treasure. The creature that gives the vrock the most expensive gem can command it for the next 1d6 rounds. At the end of that time, it offers the bargain again. If no one offers the vrock treasure before its next turn begins, it attacks the nearest creatures for 1d6 rounds before returning to the Abyss.

As part of casting the spell, you can scribe a circle on the ground using the blood of an intelligent humanoid slain within the past 24 hours. The circle is large enough to encompass your space. The summoned vrock cannot cross the circle or target anyone in it while the spell lasts.

Material: a gem worth at least 100 gp, which the spell consumes.",FALSE,,,,2014
Conjure Woodland Beings,4,FALSE,60 feet,"V, S, M",Up to 1 hour,TRUE,1 action,Conjuration,"Druid, Ranger","You summon fey creatures that appear in unoccupied spaces that you can see within range. Choose one of the following options for what appears:

A summoned creature disappears when it drops to 0 hit points or when the spell ends.

The summoned creatures are friendly to you and your companions. Roll initiative for the summoned creatures as a group, which have their own turns. They obey any verbal commands that you issue to them (no action required by you). If you don’t issue any commands to them, they defend themselves from hostile creatures, but otherwise take no actions. The DM has the creatures’ statistics.

At Higher Levels.
When you cast this spell using certain higher-level spell slots, you choose one of the summoning options above, and more creatures appear: twice as many with a 6th-level slot, and three times as many with an 8th-level slot.

Material: one holly berry per creature summoned.",FALSE,,,,2014
Contact Other Plane,5,TRUE,Self,V,1 minute,FALSE,1 minute,Divination,"Warlock, Wizard","You mentally contact a demigod, the spirit of a long-dead sage, or some other mysterious entity from another plane. Contacting this extraplanar intelligence can strain or even break your mind. When you cast this spell, make a DC 15 Intelligence saving throw. On a failure, you take 6d6 psychic damage and are insane until you finish a long rest. While insane, you can’t take actions, can’t understand what other creatures say, can’t read, and speak only in gibberish. A
Greater Restoration
spell cast on you ends this effect.

On a successful save, you can ask the entity up to five questions. You must ask your questions before the spell ends. The DM answers each question with one word, such as ""yes,"" ""no,"" ""maybe,"" ""never,"" ""irrelevant,"" or ""unclear"" (if the entity doesn’t know the answer to the question). If a one-word answer would be misleading, the DM might instead offer a short phrase as an answer.",FALSE,,,,2014
Contagion,5,FALSE,Touch,"V, S",7 days,FALSE,1 action,Necromancy,"Cleric, Druid","Your touch inflicts disease. Make a melee spell attack against a creature within your reach. On a hit, the target is poisoned.

At the end of each of the poisoned target’s turns, the target must make a Constitution saving throw. If the target succeeds on three of these saves, it is no longer poisoned, and the spell ends. If the target fails three of these saves, the target is no longer poisoned, but choose one of the diseases below. The target is subjected to the chosen disease for the spell’s duration.

Since this spell induces a natural disease in its target, any effect that removes a disease or otherwise ameliorates a disease’s effects apply to it.",FALSE,,,,2014
Contingency,6,FALSE,Self,"V, S, M",10 days,FALSE,10 minutes,Evocation,Wizard,"Choose a spell of 5th level or lower that you can cast, that has a casting time of 1 action, and that can target you. You cast that spell—called the contingent spell—as part of casting
contingency
, expending spell slots for both, but the contingent spell doesn’t come into effect. Instead, it takes effect when a certain circumstance occurs. You describe that circumstance when you cast the two spells. For example, a
contingency
cast with
water breathing
might stipulate that
water breathing
comes into effect when you are engulfed in water or a similar liquid.

The contingent spell takes effect immediately after the circumstance is met for the first time, whether or not you want it to, and then
contingency
ends.

The contingent spell takes effect only on you, even if it can normally target others. You can use only one contingency spell at a time. If you cast this spell again, the effect of another
contingency
spell on you ends. Also,
contingency
ends on you if its material component is ever not on your person.

Material: a statuette of yourself carved from ivory and decorated with gems worth at least 1,500 gp.",FALSE,,,,2014
Continual Flame,2,FALSE,Touch,"V, S, M",Until dispelled,FALSE,1 action,Evocation,"Artificer, Cleric, Druid (Optional), Wizard","A flame, equivalent in brightness to a torch, springs forth from an object that you touch. The effect looks like a regular flame, but it creates no heat and doesn’t use oxygen. A continual flame can be covered or hidden but not smothered or quenched.

Material: ruby dust worth 50 gp, which the spell consumes.",FALSE,,,,2014
Control Flames,0,FALSE,60 feet,S,Instantaneous or 1 hour,FALSE,1 action,Transmutation,"Druid, Sorcerer, Wizard","You choose nonmagical flame that you can see within range and that fits within a 5-foot cube. You affect it in one of the following ways:

If you cast this spell multiple times, you can have up to three of its non-instantaneous effects active at a time, and you can dismiss such an effect as an action.",FALSE,,,,2014
Control Water,4,FALSE,300 feet,"V, S, M",Up to 10 minutes,TRUE,1 action,Transmutation,"Cleric, Druid, Wizard","Until the spell ends, you control any freestanding water inside an area you choose that is a cube up to 100 feet on a side. You can choose from any of the following effects when you cast this spell. As an action on your turn, you can repeat the same effect or choose a different one.

Flood.
You cause the water level of all standing water in the area to rise by as much as 20 feet. If the area includes a shore, the flooding water spills over onto dry land. If you choose an area in a large body of water, you instead create a 20-foot tall wave that travels from one side of the area to the other and then crashes down. Any Huge or smaller vehicles in the wave’s path are carried with it to the other side. Any Huge or smaller vehicles struck by the wave have a 25 percent chance of capsizing. The water level remains elevated until the spell ends or you choose a different effect. If this effect produced a wave, the wave repeats on the start of your next turn while the flood effect lasts.

Part Water.
You cause water in the area to move apart and create a trench. The trench extends across the spell’s area, and the separated water forms a wall to either side. The trench remains until the spell ends or you choose a different effect. The water then slowly fills in the trench over the course of the next round until the normal water level is restored.

Redirect Flow.
You cause flowing water in the area to move in a direction you choose, even if the water has to flow over obstacles, up walls, or in other unlikely directions. The water in the area moves as you direct it, but once it moves beyond the spell’s area, it resumes its flow based on the terrain conditions. The water continues to move in the direction you chose until the spell ends or you choose a different effect.

Whirlpool.
This effect requires a body of water at least 50 feet square and 25 feet deep. You cause a whirlpool to form in the center of the area. The whirlpool forms a vortex that is 5 feet wide at the base, up to 50 feet wide at the top, and 25 feet tall. Any creature or object in the water and within 25 feet of the vortex is pulled 10 feet toward it. A creature can swim away from the vortex by making a Strength (Athletics) check against your spell save DC.

When a creature enters the vortex for the first time on a turn or starts its turn there, it must make a Strength saving throw. On a failed save, the creature takes 2d8 bludgeoning damage and is caught in the vortex until the spell ends. On a successful save, the creature takes half damage, and isn’t caught in the vortex. A creature caught in the vortex can use its action to try to swim away from the vortex as described above, but has disadvantage on the Strength (Athletics) check to do so.

The first time each turn that an object enters the vortex, the object takes 2d8 bludgeoning damage, this damage occurs each round it remains in the vortex.

Material: a drop of water and a pinch of dust.",FALSE,,,,2014
Control Weather,8,FALSE,Self (5-mile radius),"V, S, M",Up to 8 hours,TRUE,10 minutes,Transmutation,"Cleric, Druid, Wizard","You take control of the weather within 5 miles of you for the duration. You must be outdoors to cast this spell. Moving to a place where you don’t have a clear path to the sky ends the spell early.

When you cast the spell, you change the current weather conditions, which are determined by the DM based on the climate and season. You can change precipitation, temperature, and wind. It takes 1d4 x 10 minutes for the new conditions to take effect. Once they do so, you can change the conditions again. When the spell ends, the weather gradually returns to normal.

When you change the weather conditions, find a current condition on the following tables and change its stage by one, up or down. When changing the wind, you can change its direction.

Material: burning incense and bits of earth and wood mixed in water.",FALSE,,,,2014
Control Winds,5,FALSE,300 feet,"V, S",Up to 1 hour,TRUE,1 action,Transmutation,"Druid, Sorcerer, Wizard","You take control of the air in a 100-foot cube that you can see within range. Choose one of the following effects when you cast the spell. The effect lasts for the spell’s duration, unless you use your action on a later turn to switch to a different effect. You can also use your action to temporarily halt the effect or to restart one you’ve halted.",FALSE,,,,2014
Cordon of Arrows,2,FALSE,5 feet,"V, S, M",8 hours,FALSE,1 action,Transmutation,Ranger,"You plant four pieces of nonmagical ammunition – arrows or crossbow bolts – in the ground within range and lay magic upon them to protect an area. Until the spell ends, whenever a creature other than you comes within 30 feet of the ammunition for the first time on a turn or ends its turn there, one piece of ammunition flies up to strike it. The creature must succeed on a Dexterity saving throw or take 1d6 piercing damage. The piece of ammunition is then destroyed. The spell ends when no ammunition remains.

When you cast this spell, you can designate any creatures you choose, and the spell ignores them.

At Higher Levels.
When you cast this spell using a spell slot of 3rd level or higher, the amount of ammunition that can be affected increases by two for each slot level above 2nd.

Material: four or more arrows or bolts.",FALSE,,,,2014
Counterspell,3,FALSE,60 feet,S,Instantaneous,FALSE,"1 reaction, which you take when you see a creature within 60 feet of you casting a spell",Abjuration,"Sorcerer, Warlock, Wizard","You attempt to interrupt a creature in the process of casting a spell. If the creature is casting a spell of 3rd level or lower, its spell fails and has no effect. If it is casting a spell of 4th level or higher, make an ability check using your spellcasting ability. The DC equals 10 + the spell’s level. On a success, the creature’s spell fails and has no effect.

At Higher Levels.
When you cast this spell using a spell slot of 4th level or higher, the interrupted spell has no effect if its level is less than or equal to the level of the spell slot you used.",FALSE,,,,2014
Create Bonfire,0,FALSE,60 feet,"V, S",Up to 1 minute,TRUE,1 action,Conjuration,"Artificer, Druid, Sorcerer, Warlock, Wizard","You create a bonfire on ground that you can see within range. Until the spell ends, the bonfire fills a 5-foot cube. Any creature in the bonfire’s space when you cast the spell must succeed on a Dexterity saving throw or take 1d8 fire damage. A creature must also make the saving throw when it enters the bonfire’s space for the first time on a turn or ends its turn there.

At Higher Levels.
The spell’s damage increases by 1d8 when you reach 5th level (2d8), 11th level (3d8), and 17th level (4d8).",FALSE,,,,2014
Create Food and Water,3,FALSE,30 feet,"V, S",Instantaneous,FALSE,1 action,Conjuration,"Artificer, Cleric, Paladin","You create 45 pounds of food and 30 gallons of water on the ground or in containers within range, enough to sustain up to fifteen humanoids or five steeds for 24 hours. The food is bland but nourishing, and spoils if uneaten after 24 hours. The water is clean and doesn’t go bad.",FALSE,,,,2014
Create Homunculus,6,FALSE,Touch,"V, S, M",Instantaneous,FALSE,1 hour,Transmutation,Wizard,"While speaking an intricate incantation, you cut yourself with a jewel-encrusted dagger, taking 2d4 piercing damage that can’t be reduced in any way. You then drip your blood on the spell’s other components and touch them, transforming them into a special construct called a homunculus. The statistics of the homunculus are in the Monster Manual. It is your faithful companion, and it dies if you die. Whenever you finish a long rest, you can spend up to half your Hit Dice if the homunculus is on the same plane of existence as you. When you do so, roll each die and add your Constitution modifier to it. Your hit point maximum is reduced by the total, and the homunculus’s hit point maximum and current hit points are both increased by it. This process can reduce you to no lower than 1 hit point. and the change to your and the homunculus’s hit points ends when you finish your next long rest. The reduction to your hit point maximum can’t be removed by any means before then, except by the homunculus‘s death. You can have only one homunculus at a time. If you cast this spell while your homunculus lives, the spell fails.

Material: clay, ash, and mandrake root, all of which the spell consumes, and a jewel-encrusted dagger worth at least 1,000 gp.",FALSE,,,,2014
Create Magen,7,FALSE,Touch,"V, S, M",Instantaneous,FALSE,1 hour,Transmutation,Wizard,"While casting the spell, you place a vial of quicksilver in the chest of a life-sized human doll stuffed with ash or dust. You then stitch up the doll and drip your blood on it. At the end of the casting, you tap the doll with a crystal rod, transforming it into a magen clothed in whatever the doll was wearing. The type of magen is chosen by you during the casting of the spell.

When the magen appears, your hit point maximum decreases by an amount equal to the magen's challenge rating (minimum reduction of 1). Only a
Wish
spell can undo this reduction to your hit point maximum.

Any magen you create with this spell obeys your commands without question.

Material: a vial of quicksilver worth 500 gp and a life-sized human doll, both of which the spell consumes, and an intricate crystal rod worth at least 1,500 gp that is not consumed.",FALSE,,,,2014
Create or Destroy Water,1,FALSE,30 feet,"V, S, M",Instantaneous,FALSE,1 action,Transmutation,"Cleric, Druid","You either create or destroy water.

Create Water.
You create up to 10 gallons of clean water within range in an open container. Alternatively, the water falls as rain in a 30-foot cube within range, extinguishing exposed flames in the area.

Destroy Water.
You destroy up to 10 gallons of water in an open container within range. Alternatively, you destroy fog in a 30-foot cube within range.

At Higher Levels.
When you cast this spell using a spell slot of 2nd level or higher, you create or destroy 10 additional gallons of water, or the size of the cube increases by 5 feet, for each slot level above 1st.

Material: a drop of water if creating water or a few grains of sand if destroying it.",FALSE,,,,2014
Create Spelljamming Helm,5,FALSE,Touch,"V, S, M",Instantaneous,FALSE,1 action,Transmutation,"Artificer, Wizard","Holding the rod used in the casting of the spell, you touch a Large or smaller chair that is unoccupied. The rod disappears, and the chair is transformed into a
Spelljamming Helm
.

Material: a crystal rod worth at least 5000 gp, which the spell consumes.",FALSE,,,,2014
Create Undead,6,FALSE,10 feet,"V, S, M",Instantaneous,FALSE,1 minute,Necromancy,"Cleric, Warlock, Wizard","You can cast this spell only at night. Choose up to three corpses of Medium or Small humanoids within range. Each corpse becomes a ghoul under your control. The DM has game statistics for these creatures.

As a bonus action on each of your turns, you can mentally command any creature you animated with this spell if the creature is within 120 feet of you (if you control multiple creatures, you can command any or all of them at the same time, issuing the same command to each one). You decide what action the creature will take and where it will move during its next turn, or you can issue a general command, such as to guard a particular chamber or corridor. If you issue no commands, the creature only defends itself against hostile creatures. Once given an order, the creature continues to follow it until its task is complete.

The creature is under your control for 24 hours, after which it stops obeying any command you have given it. To maintain control of the creature for another 24 hours, you must cast this spell on the creature before the current 24-hour period ends. This use of the spell reasserts your control over up to three creatures you have animated with this spell, rather than animating new ones.

At Higher Levels.
When you cast this spell using a 7th-level spell slot, you can animate or reassert control over four ghouls. When you cast this spell using an 8th-level spell slot, you can animate or reassert control over five ghouls or two ghasts or wights. When you cast this spell using a 9th-level spell slot, you can animate or reassert control over six ghouls, three ghasts or wights, or two mummies.

Material: one clay pot filled with grave dirt, one clay pot filled with brackish water, and one 150 gp black onyx stone for each corpse.",FALSE,,,,2014
Creation,5,FALSE,30 feet,"V, S, M",Special,FALSE,1 minute,Illusion,"Artificer, Sorcerer, Wizard","You pull wisps of shadow material from the Shadowfell to create a nonliving object of vegetable matter within range: soft goods, rope, wood, or something similar. You can also use this spell to create mineral objects such as stone, crystal, or metal. The object created must be no larger than a 5-foot cube, and the object must be of a form and material that you have seen before.

The duration depends on the object’s material. If the object is composed of multiple materials, use the shortest duration.

Using any material created by this spell as another spell’s material component causes that spell to fail.

At Higher Levels.
When you cast this spell using a spell slot of 6th level or higher, the cube increases by 5 feet for each slot level above 5th.

Material: a tiny piece of matter of the same type of the item you plan to create.",FALSE,,,,2014
Crown of Madness,2,FALSE,120 feet,"V, S",Up to 1 minute,TRUE,1 action,Enchantment,"Bard, Sorcerer, Warlock, Wizard","One humanoid of your choice that you can see within range must succeed on a Wisdom saving throw or become charmed by you for the duration. While the target is charmed in this way, a twisted crown of jagged iron appears on its head, and a madness glows in its eyes.

The charmed target must use its action before moving on each of its turns to make a melee attack against a creature other than itself that you mentally choose. The target can act normally on its turn if you choose no creature or if none are within its reach.

On your subsequent turns, you must use your action to maintain control over the target, or the spell ends. Also, the target can make a Wisdom saving throw at the end of each of its turns. On a success, the spell ends.",FALSE,,,,2014
Crown of Stars,7,FALSE,Self,"V, S",1 hour,FALSE,1 action,Evocation,"Sorcerer, Warlock, Wizard","Seven star-like motes of light appear and orbit your head until the spell ends. You can use a bonus action to send one of the motes streaking toward one creature or object within 120 feet of you. When you do so, make a ranged spell attack. On a hit, the target takes 4d12 radiant damage. Whether you hit or miss, the mote is expended. The spell ends early if you expend the last mote. If you have four or more motes remaining, they shed bright light in a 30-foot radius and dim light for an additional 30 feet. If you have one to three motes remaining, they shed dim light in a 30-foot radius.

At Higher Levels.
When you cast this spell using a spell slot of 8th level or higher, the number of motes created increases by two for each slot level above 7th.",FALSE,,,,2014
Crusader's Mantle,3,FALSE,Self,V,Up to 1 minute,TRUE,1 action,Evocation,Paladin,"Holy power radiates from you in an aura with a 30-foot radius, awakening boldness in friendly creatures. Until the spell ends, the aura moves with you, centered on you. While in the aura, each non-hostile creature in the aura (including you) deals an extra 1d4 radiant damage when it hits with a weapon attack.",FALSE,,,,2014
Cure Wounds,1,FALSE,Touch,"V, S",Instantaneous,FALSE,1 action,Evocation,"Artificer, Bard, Cleric, Druid, Paladin, Ranger","A creature you touch regains a number of hit points equal to 1d8 + your spellcasting ability modifier. This spell has no effect on undead or constructs.

At Higher Levels.
When you cast this spell using a spell slot of 2nd level or higher, the healing increases by 1d8 for each slot level above 1st.",FALSE,,,,2014
Dancing Lights,0,FALSE,120 feet,"V, S, M",Up to 1 minute,TRUE,1 action,Evocation,"Artificer, Bard, Sorcerer, Wizard","You create up to four torch-sized lights within range, making them appear as torches, lanterns, or glowing orbs that hover in the air for the duration. You can also combine the four lights into one glowing vaguely humanoid form of Medium size. Whichever form you choose, each light sheds dim light in a 10-foot radius.

As a bonus action on your turn, you can move the lights up to 60 feet to a new spot within range. A light must be within 20 feet of another light created by this spell, and a light winks out if it exceeds the spell’s range.

Material: a bit of phosphorus or wychwood, or a glowworm.",FALSE,,,,2014
Danse Macabre,5,FALSE,60 feet,"V, S",Up to 1 hour,TRUE,1 action,Necromancy,"Warlock, Wizard","Threads of dark power leap from your fingers to pierce up to five Small or Medium corpses you can see within range. Each corpse immediately stands up and becomes undead. You decide whether it is a zombie or a skeleton (the statistics for zombies and skeletons are in the Monster Manual), and it gains a bonus to its attack and damage rolls equal to your spellcasting ability modifier. You can use a bonus action to mentally command the creatures you make with this spell, issuing the same command to all of them. To receive the command, a creature must be within 60 feet of you. You decide what action the creatures will take and where they will move during their next turn, or you can issue a general command, such as to guard a chamber or passageway against your foes. If you issue no commands, the creatures do nothing except defend themselves against hostile creatures. Once given an order, the creatures continue to follow it until their task is complete.

The creatures are under your control until the spell ends, after which they become inanimate once more.

At Higher Levels.
When you cast this spell using a spell slot of 6th level or higher, you animate up to two additional corpses for each slot level above 5th.",FALSE,,,,2014
Dark Star,8,FALSE,150 feet,"V, S, M",Up to 1 minute,TRUE,1 action,Evocation,Wizard,"This spell creates a sphere centered on a point you choose within range. The sphere can have a radius of up to 40 feet. The area within this sphere is filled with magical darkness and crushing gravitational force.

For the duration, the spell's area is difficult terrain. A creature with darkvision can't see through the magical darkness, and nonmagical light can't illuminate it. No sound can be created within or pass through the area. Any creature or object entirely inside the sphere is immune to thunder damage, and creatures are deafened while entirely inside it. Casting a spell that includes a verbal component is impossible there.

Any creature that enters the spell's area for the first time on a turn or starts its turn there must make a Constitution saving throw. The creature takes 8d10 force damage on a failed save or half as much damage on a successful save. A creature reduced to 0 hit points by this damage is disintegrated. A disintegrated creature and everything it is wearing and carrying, except magic items, are reduced to a pile of fine gray dust.

Material: a shard of onyx and a drop of the caster's blood, both of which the spell consumes.",FALSE,,,,2014
Darkness,2,FALSE,60 feet,"V, M",Up to 10 minutes,TRUE,1 action,Evocation,"Sorcerer, Warlock, Wizard","Magical darkness spreads from a point you choose within range to fill a 15-foot radius sphere for the duration. The darkness spreads around corners. A creature with darkvision can’t see through this darkness, and nonmagical light can’t illuminate it.

If the point you choose is on an object you are holding or one that isn’t being worn or carried, the darkness emanates from the object and moves with it. Completely covering the source of the darkness with an opaque object, such as a bowl or a helm, blocks the darkness.

If any of this spell’s area overlaps with an area of light created by a spell of 2nd level or lower, the spell that created the light is dispelled.

Material: bat fur and a drop of pitch or piece of coal.",FALSE,,,,2014
Darkvision,2,FALSE,Touch,"V, S, M",8 hours,FALSE,1 action,Transmutation,"Artificer, Druid, Ranger, Sorcerer, Wizard","You touch a willing creature to grant it the ability to see in the dark. For the duration, that creature has darkvision out to a range of 60 feet.

Material: either a pinch of dried carrot or an agate.",FALSE,,,,2014
Dawn,5,FALSE,60 feet,"V, S, M",Up to 1 minute,TRUE,1 action,Evocation,"Cleric, Wizard","The light of dawn shines down on a location you specify within range. Until the spell ends, a 30-foot-radius, 40-foot-high cylinder of bright light glimmers there. This light is sunlight. When the cylinder appears, each creature in it must make a Constitution saving throw, taking 4d10 radiant damage on a failed save, or half as much damage on a successful one. A creature must also make this saving throw whenever it ends its turn in the cylinder. If you’re within 60 feet of the cylinder, you can move it up to 60 feet as a bonus action on your turn.

Material: a sunburst pendant worth at least 100 gp.",FALSE,,,,2014
Daylight,3,FALSE,60 feet,"V, S",1 hour,FALSE,1 action,Evocation,"Cleric, Druid, Paladin, Ranger, Sorcerer","A 60-foot-radius sphere of light spreads out from a point you choose within range. The sphere is bright light and sheds dim light for an additional 60 feet.

If you chose a point on an object you are holding or one that isn’t being worn or carried, the light shines from the object with and moves with it. Completely covering the affected object with an opaque object, such as a bowl or a helm, blocks the light.

If any of this spell’s area overlaps with an area of darkness created by a spell of 3rd level or lower, the spell that created the darkness is dispelled.",FALSE,,,,2014
Death Ward,4,FALSE,Touch,"V, S",8 hours,FALSE,1 action,Abjuration,"Cleric, Paladin","You touch a creature and grant it a measure of protection from death. The first time the target would drop to 0 hit points as a result of taking damage, the target instead drops to 1 hit point, and the spell ends. If the spell is still in effect when the target is subjected to an effect that would kill it instantaneously without dealing damage, that effect is instead negated against the target, and the spells ends.",FALSE,,,,2014
Delayed Blast Fireball,7,FALSE,150 feet,"V, S, M",Up to 1 minute,TRUE,1 action,Evocation,"Sorcerer, Wizard","A beam of yellow light flashes from your pointing finger, then condenses to linger at a chosen point within range as a glowing bead for the duration. When the spell ends, either because your concentration is broken or because you decide to end it, the bead blossoms with a low roar into an explosion of flame that spreads around corners. Each creature in a 20-foot-radius sphere centered on that point must make a Dexterity saving throw. A creature takes fire damage equal to the total accumulated damage on a failed save, or half as much damage on a successful one.

The spell’s base damage is 12d6. If at the end of your turn the bead has not yet detonated, the damage increases by 1d6.

If the glowing bead is touched before the interval has expired, the creature touching it must make a Dexterity saving throw. On a failed save, the spell ends immediately, causing the bead to erupt in flame. On a successful save, the creature can throw the bead up to 40 feet. When it strikes a creature or a solid object, the spell ends, and the bead explodes.
The fire damages objects in the area and ignites flammable objects that aren’t being worn or carried.

At Higher Levels.
When you cast this spell using a spell slot of 8th level or higher, the base damage increases by 1d6 for each slot level above 7th.

Material: a tiny ball of bat guano and sulfur.",FALSE,,,,2014
Demiplane,8,FALSE,60 feet,S,1 hour,FALSE,1 action,Conjuration,"Sorcerer (Optional), Warlock, Wizard","You create a shadowy door on a flat solid surface that you can see within range. The door is large enough to allow Medium creatures to pass through unhindered. When opened, the door leads to a demiplane that appears to be an empty room 30 feet in each dimension, made of wood or stone. When the spell ends, the door disappears, and any creatures or objects inside the demiplane remain trapped there, as the door also disappears from the other side.

Each time you cast this spell, you can create a new demiplane, or have the shadowy door connect to a demiplane you created with a previous casting of this spell. Additionally, if you know the nature and contents of a demiplane created by a casting of this spell by another creature, you can have the shadowy door connect to its demiplane instead.",FALSE,,,,2014
Destructive Wave,5,FALSE,Self (30-foot radius),V,Instantaneous,FALSE,1 action,Evocation,Paladin,"You strike the ground, creating a burst of divine energy that ripples outward from you. Each creature you choose within 30 feet of you must succeed on a Constitution saving throw or take 5d6 thunder damage, as well as 5d6 radiant or necrotic damage (your choice), and be knocked prone. A creature that succeeds on its saving throw takes half as much damage and isn’t knocked prone.",FALSE,,,,2014
Detect Evil and Good,1,FALSE,Self,"V, S",Up to 10 minutes,TRUE,1 action,Divination,"Cleric, Paladin","For the duration, you know if there is an aberration, celestial, elemental, fey, fiend, or undead within 30 feet of you, as well as where the creature is located. Similarly, you know if there is a place or object within 30 feet of you that has been magically consecrated or desecrated.

The spell can penetrate most barriers, but it is blocked by 1 foot of stone, 1 inch of common metal, a thin sheet of lead, or 3 feet of wood or dirt.",FALSE,,,,2014
Detect Magic,1,TRUE,Self,"V, S",Up to 10 minutes,TRUE,1 action,Divination,"Artificer, Bard, Cleric, Druid, Paladin, Ranger, Sorcerer, Wizard","For the duration, you sense the presence of magic within 30 feet of you. If you sense magic in this way, you can use your action to see a faint aura around any visible creature or object in the area that bears magic, and you learn its school of magic, if any.

The spell can penetrate most barriers, but is blocked by 1 foot of stone, 1 inch of common metal, a thin sheet of lead, or 3 feet of wood or dirt.",FALSE,,,,2014
Detect Poison and Disease,1,TRUE,Self,"V, S, M",Up to 10 minutes,TRUE,1 action,Divination,"Cleric, Druid, Paladin, Ranger","For the duration, you can sense the presence and location of poisons, poisonous creatures, and diseases within 30 feet of you. You also identify the kind of poison, poisonous creature, or disease in each case.

The spell can penetrate most barriers, but is blocked by 1 foot of stone, 1 inch of common metal, a thin sheet of lead, or 3 feet of wood or dirt.

Material: a yew leaf.",FALSE,,,,2014
Detect Thoughts,2,FALSE,Self,"V, S, M",Up to 1 minute,TRUE,1 action,Divination,"Bard, Sorcerer, Wizard","For the duration, you can read the thoughts of certain creatures. When you cast the spell and as your action on each turn until the spell ends, you can focus your mind on any one creature that you can see within 30 feet of you. If the creature you choose has an Intelligence of 3 or lower or doesn’t speak any language, the creature is unaffected.

You initially learn the surface thoughts of the creature - what is most on its mind in that moment. As an action, you can either shift your attention to another creature’s thoughts or attempt to probe deeper into the same creature’s mind. If you probe deeper, the target must make a Wisdom saving throw. If it fails, you gain insight into its reasoning (if any), its emotional state, and something that looms large in its mind (such as something it worries over, loves, or hates). If it succeeds, the spell ends. Either way, the target knows that you are probing into its mind, and unless you shift your attention to another creature’s thoughts, the creature can use its action on its turn to make an Intelligence check contested by your Intelligence check; if it succeeds, the spell ends.

Questions verbally directed at the target creature naturally shape the course of its thoughts, so this spell is particularly effective as part of an interrogation.

You can also use this spell to detect the presence of thinking creatures you can’t see. When you cast the spell or as your action during the duration, you can search for thoughts within 30 feet of you. The spell can penetrate barriers, but 2 feet of rock, 2 inches of any metal other than lead, or a thin sheet of lead blocks you. You can’t detect a creature with an Intelligence of 3 or lower or one that doesn’t speak any language.

Once you detect the presence of a creature in this way, you can read its thoughts for the rest of the duration as described above, even if you can’t see it, but it must still be within range.

Material: a copper piece.",FALSE,,,,2014
Digital Phantom (UA),2,FALSE,Self,"V, S, M",Up to 1 hour,TRUE,1 action,Abjuration,"Sorcerer, Warlock, Wizard","This spell works to actively hide your presence within a computer system. For the spell’s duration, you and any other users you choose on your local network gain a +10 bonus to Intelligence checks to avoid detection by administrators, knowbots, tracking software, and the like. Whenever you and your chosen users leave any computer system you are working in while this spell is in effect, all trace of your previous presence in that system is erased.

Material: a small piece of copper wire.",FALSE,,,,2014
Dimension Door,4,FALSE,500 feet,V,Instantaneous,FALSE,1 action,Conjuration,"Bard, Sorcerer, Warlock, Wizard","You teleport yourself from your current location to any other spot within range. You arrive at exactly the spot desired. It can be a place you can see, one you can visualize, or one you can describe by stating distance and direction, such as ""200 feet straight downward"" or ""upward to the northwest at a 45-degree angle, 300 feet"".

You can bring along objects as long as their weight doesn’t exceed what you can carry. You can also bring one willing creature of your size or smaller who is carrying gear up to its carrying capacity. The creature must be within 5 feet of you when you cast this spell.

If you would arrive in a place already occupied by an object or a creature, you and any creature traveling with you each take 4d6 force damage, and the spell fails to teleport you.",FALSE,,,,2014
Disguise Self,1,FALSE,Self,"V, S",1 hour,FALSE,1 action,Illusion,"Artificer, Bard, Sorcerer, Wizard","You make yourself – including your clothing, armor, weapons, and other belongings on your person – look different until the spell ends or until you use your action to dismiss it. You can seem 1 foot shorter or taller and can appear thin, fat, or in between. You can’t change your body type, so you must adopt a form that has the same basic arrangement of limbs. Otherwise, the extent of the illusion is up to you.

The changes wrought by this spell fail to hold up to physical inspection. For example, if you use this spell to add a hat to your outfit, objects pass through the hat, and anyone who touches it would feel nothing or would feel your head and hair. If you use this spell to appear thinner than you are, the hand of someone who reaches out to touch you would bump into you while it was seemingly still in midair. To discern that you are disguised, a creature can use its action to inspect your appearance and must succeed on an Intelligence (Investigation) check against your spell save DC.",FALSE,,,,2014
Disintegrate,6,FALSE,60 feet,"V, S, M",Instantaneous,FALSE,1 action,Transmutation,"Sorcerer, Wizard","A thin green ray springs from your pointing finger to a target that you can see within range. The target can be a creature, an object, or a creation of magical force, such as the wall created by wall of force.

A creature targeted by this spell must make a Dexterity saving throw. On a failed save, the target takes 10d6 + 40 force damage. The target is disintegrated if this damage leaves it with 0 hit points.

A disintegrated creature and everything it is wearing and carrying, except magic items, are reduced to a pile of fine gray dust. The creature can be restored to life only by means of a true resurrection or a wish spell.

This spell automatically disintegrates a Large or smaller nonmagical object or a creation of magical force. If the target is a Huge or larger object or creation of force, this spell disintegrates a 10-foot-cube portion of it. A magic item is unaffected by this spell.

At Higher Levels.
When you cast this spell using a spell slot of 7th level or higher, the damage increases by 3d6 for each slot level above 6th.

Material: a lodestone and a pinch of dust.",FALSE,,,,2014
Dispel Evil and Good,5,FALSE,Self,"V, S, M",Up to 1 minute,TRUE,1 action,Abjuration,"Cleric, Paladin","Shimmering energy surrounds and protects you from fey, undead, and creatures originating from beyond the Material Plane. For the duration, celestials, elementals, fey, fiends, and undead have disadvantage on attack rolls against you. You can end the spell early by using either of the following special functions.

Material: holy water or powdered silver and iron.",FALSE,,,,2014
Dispel Magic,3,FALSE,120 feet,"V, S",Instantaneous,FALSE,1 action,Abjuration,"Artificer, Bard, Cleric, Druid, Paladin, Sorcerer, Warlock, Wizard","Choose any creature, object, or magical effect within range. Any spell of 3rd level or lower on the target ends. For each spell of 4th level or higher on the target, make an ability check using your spellcasting ability. The DC equals 10 + the spell's level. On a successful check, the spell ends.

At Higher Levels.
When you cast this spell using a spell slot of 4th level or higher, you automatically end the effects of a spell on the target if the spell's level is equal to or less than the level of the spell slot you used.",FALSE,,,,2014
Dissonant Whispers,1,FALSE,60 feet,V,Instantaneous,FALSE,1 action,Enchantment,Bard,"You whisper a discordant melody that only one creature of your choice within range can hear, wracking it with terrible pain. The target must make a Wisdom saving throw. On a failed save, it takes 3d6 psychic damage and must immediately use its reaction, if available, to move as far as its speed allows away from you. The creature doesn’t move into obviously dangerous ground, such as a fire or a pit. On a successful save, the target takes half as much damage and doesn’t have to move away. A deafened creature automatically succeeds on the save.

At Higher Levels.
When you cast this spell using a spell slot of 2nd level or higher, the damage increases by 1d6 for each slot level above 1st.",FALSE,,,,2014
Distort Value,1,FALSE,Touch,V,8 hours,FALSE,1 minute,Illusion,"Bard, Sorcerer, Warlock, Wizard","You cast this spell on an object no more than 1 foot on a side, doubling the object's perceived value by adding illusionary flourish or reducing its perceived value by half with the help of illusionary dents and scratches. Anyone examining the object must roll an Investigation check against your spell DC.

At Higher Levels.
When you cast this spell using a higher spell slot, you increase the size of the object by 1 foot per spell slot over 1st.",FALSE,,,,2014
Divination,4,TRUE,Self,"V, S, M",Instantaneous,FALSE,1 action,Divination,"Cleric, Druid (Optional), Wizard (Optional)","Your magic and an offering put you in contact with a god or a god’s servants. You ask a single question concerning a specific goal, event, or activity to occur within 7 days. The DM offers a truthful reply. The reply might be a short phrase, a cryptic rhyme, or an omen.

The spell doesn’t take into account any possible circumstances that might change the outcome, such as the casting of additional spells or the loss or gain of a companion.

If you cast this spell two or more times before finishing your next long rest, there is a cumulative 25 percent chance for each casting after the first that you get a random reading. The DM makes this roll in secret.

Material: incense and a sacrificial offering appropriate to your religion, together worth at least 25 gp, which the spell consumes.",FALSE,,,,2014
Divine Favor,1,FALSE,Self,"V, S",Up to 1 minute,TRUE,1 bonus action,Evocation,Paladin,"Your prayer empowers you with divine radiance. Until the spell ends, your weapon attacks deal an extra 1d4 radiant damage on a hit.",FALSE,,,,2014
Divine Word,7,FALSE,30 feet,V,Instantaneous,FALSE,1 bonus action,Evocation,Cleric,"You utter a divine word, imbued with the power that shaped the world at the dawn of creation. Choose any number of creatures you can see within range. Each creature that can hear you must make a Charisma saving throw. On a failed save, a creature suffers an effect based on its current hit points:

Regardless of its current hit points, a celestial, an elemental, a fey, or a fiend that fails its save is forced back to its plane of origin (if it isn’t there already) and can’t return to your current plane for 24 hours by any means short of a wish spell.",FALSE,,,,2014
Dominate Beast,4,FALSE,60 feet,"V, S",Up to 1 minute,TRUE,1 action,Enchantment,"Druid, Ranger (Optional), Sorcerer","You attempt to beguile a beast that you can see within range. It must succeed on a Wisdom saving throw or be charmed by you for the duration. If you or creatures that are friendly to you are fighting it, it has advantage on the saving throw.

While the beast is charmed, you have a telepathic link with it as long as the two of you are on the same plane of existence. You can use this telepathic link to issue commands to the creature while you are conscious (no action required), which it does its best to obey. You can specify a simple and general course of action, such as “Attack that creature,” “Run over there,” or “Fetch that object.” If the creature completes the order and doesn’t receive further direction from you, it defends and preserves itself to the best of its ability.

You can use your action to take total and precise control of the target. Until the end of your next turn, the creature takes only the actions you choose, and doesn’t do anything that you don’t allow it to do. During this time, you can also cause the creature to use a reaction, but this requires you to use your own reaction as well.

Each time the target takes damage, it makes a new Wisdom saving throw against the spell. If the saving throw succeeds, the spell ends.

At Higher Levels.
When you cast this spell with a 5th-level spell slot, the duration is concentration, up to 10 minutes. When you use a 6th-level spell slot, the duration is concentration, up to 1 hour. When you use a spell slot of 7th level or higher, the duration is concentration, up to 8 hours",FALSE,,,,2014
Dominate Monster,8,FALSE,60 feet,"V, S",Up to 1 hour,TRUE,1 action,Enchantment,"Bard, Sorcerer, Warlock, Wizard","You attempt to beguile a creature that you can see within range. It must succeed on a Wisdom saving throw or be charmed by you for the duration. If you or creatures that are friendly to you are fighting it, it has advantage on the saving throw.

While the creature is charmed, you have a telepathic link with it as long as the two of you are on the same plane of existence. You can use this telepathic link to issue commands to the creature while you are conscious (no action required), which it does its best to obey. You can specify a simple and general course of action, such as ""Attack that creature,"" ""Run over there,"" or ""Fetch that object."" If the creature completes the order and doesn’t receive further direction from you, it defends and preserves itself to the best of its ability.

You can use your action to take total and precise control of the target. Until the end of your next turn, the creature takes only the actions you choose, and doesn’t do anything that you don’t allow it to do. During this time, you can also cause the creature to use a reaction, but this requires you to use your own reaction as well.

Each time the target takes damage, it makes a new Wisdom saving throw against the spell. If the saving throw succeeds, the spell ends.

At Higher Levels.
When you cast this spell with a 9th-level spell slot, the duration is concentration, up to 8 hours.",FALSE,,,,2014
Dominate Person,5,FALSE,60 feet,"V, S",Up to 1 minute,TRUE,1 action,Enchantment,"Bard, Sorcerer, Wizard","You attempt to beguile a humanoid that you can see within range. It must succeed on a Wisdom saving throw or be charmed by you for the duration. If you or creatures that are friendly to you are fighting it, it has advantage on the saving throw.

While the target is charmed, you have a telepathic link with it as long as the two of you are on the same plane of existence. You can use this telepathic link to issue commands to the creature while you are conscious (no action required), which it does its best to obey. You can specify a simple and general course of action, such as ""Attack that creature"", ""Run over there"", or ""Fetch that object"". If the creature completes the order and doesn’t receive further direction from you, it defends and preserves itself to the best of its ability.

You can use your action to take total and precise control of the target. Until the end of your next turn, the creature takes only the actions you choose, and doesn’t do anything that you don’t allow it to do. During this time you can also cause the creature to use a reaction, but this requires you to use your own reaction as well.

Each time the target takes damage, it makes a new Wisdom saving throw against the spell. If the saving throw succeeds, the spell ends.

At Higher Levels.
When you cast this spell using a 6th-level spell slot, the duration is concentration, up to 10 minutes. When you use a 7th-level spell slot, the duration is concentration, up to 1 hour. When you use a spell slot of 8th level or higher, the duration is concentration, up to 8 hours.",FALSE,,,,2014
Draconic Transformation,7,FALSE,Self,"V, S, M",Up to 1 minute,TRUE,1 Bonus Action,Transmutation,"Druid, Sorcerer, Wizard","With a roar, you draw on the magic of dragons to transform yourself, taking on draconic features. You gain the following benefits until the spell ends:

Blindsight.
You have blindsight with a range of 30 feet. Within that range, you can effectively see anything that isn’t behind total cover, even if you’re blinded or in darkness. Moreover, you can see an invisible creature, unless the creature successfully hides from you.

Breath Weapon.
When you cast this spell, and as a bonus action on subsequent turns for the duration, you can exhale shimmering energy in a 60-foot cone. Each creature in that area must make a Dexterity saving throw, taking 6d8 force damage on a failed save, or half as much damage on a successful one.

Wings.
Incorporeal wings sprout from your back, giving you a flying speed of 60 feet.

Material: a statuette of a dragon, worth at least 500 gp.",FALSE,,,,2014
Draconic Transformation (UA),7,FALSE,Self,"V, S, M (a statuette of a dragon,",Up to 1 minute,TRUE,1 bonus action,Transmutation,"Druid, Sorcerer, Wizard","With a roar, you draw on the magic of dragons to transform yourself, taking on various draconic features. You gain the following benefits until the spell ends:",FALSE,,,,2014
Dragon's Breath,2,FALSE,Touch,"V, S, M",Up to 1 minute,TRUE,1 bonus action,Transmutation,"Sorcerer, Wizard","You touch one willing creature and imbue it with the power to spew magical energy from its mouth, provided it has one. Choose acid, cold, fire, lightning, or poison. Until the spell ends, the creature can use an action to exhale energy of the chosen type in a 15-foot cone. Each creature in that area must make a Dexterity saving throw, taking 3d6 damage of the chosen type on a failed save, or half as much damage on a successful one.

At Higher Levels.
When you cast this spell using a spell slot of 3rd level or higher, the damage increases by 1d6 for each slot level above 2nd.

Material: a hot pepper.",FALSE,,,,2014
Drawmij's Instant Summons,6,TRUE,Touch,"V, S, M",Until dispelled,FALSE,1 minute,Conjuration,Wizard,"You touch an object weighing 10 pounds or less whose longest dimension is 6 feet or less. The spell leaves an invisible mark on its surface and invisibly inscribes the name of the item on the sapphire you use as the material component. Each time you cast this spell, you must use a different sapphire.

At any time thereafter, you can use your action to speak the item’s name and crush the sapphire. The item instantly appears in your hand regardless of physical or planar distances, and the spell ends. If another creature is holding or carrying the item, crushing the sapphire doesn’t transport the item to you, but instead you learn who the creature possessing the object is and roughly where that creature is located at that moment.

Dispel Magic
or a similar effect successfully applied to the sapphire ends this spell’s effect.

Material: a sapphire worth 1,000 gp.",FALSE,,,,2014
Dream,5,FALSE,Special,"V, S, M",8 hours,FALSE,1 minute,Illusion,"Bard, Warlock, Wizard","This spell shapes a creature’s dreams. Choose a creature known to you as the target of this spell. The target must be on the same plane of existence as you. Creatures that don’t sleep, such as elves, can’t be contacted by this spell. You, or a willing creature you touch, enters a trance state, acting as a messenger. While in the trance, the messenger is aware of their surroundings, but can’t take actions or move.

If the target is asleep, the messenger appears in the target’s dreams and can converse with the target as long as it remains asleep, through the duration of the spell. The messenger can also shape the environment of the dream, creating landscapes, objects, and other images. The messenger can emerge from the trance at any time, ending the effect of the spell early. The target recalls the dream perfectly upon waking. If the target is awake when you cast the spell, the messenger knows it, and can either end the trance (and the spell) or wait for the target to fall asleep, at which point the messenger appears in the target’s dreams.

You can make the messenger appear monstrous and terrifying to the target. If you do, the messenger can deliver a message of no more than ten words and then the target must make a Wisdom saving throw. On a failed save, echoes of the phantasmal monstrosity spawn a nightmare that lasts the duration of the target’s sleep and prevents the target from gaining any benefit from that rest. In addition, when the target wakes up, it takes 3d6 psychic damage.

If you have a body part, lock of hair, clipping from a nail, or similar portion of the target’s body, the target makes its saving throw with disadvantage.

Material: a handful of sand, a dab of ink, and a writing quill plucked from a sleeping bird.",FALSE,,,,2014
Dream of the Blue Veil,7,FALSE,20 feet,"V, S, M",6 hours,FALSE,10 minutes,Conjuration,"Bard (Optional), Sorcerer (Optional), Warlock (Optional), Wizard (Optional)","You and up to eight willing creatures within range fall unconscious for the spell's duration and experience visions of another world on the Material Plane, such as Oerth, Toril, Krynn, or Eberron. If the spell reaches its full duration, the visions conclude with each of you encountering and pulling back a mysterious blue curtain. The spell then ends with you mentally and physically transported to the world that was in the visions.

To cast this spell, you must have a magic item that originated on the world you wish to reach, and you must be aware of the world’s existence, even if you don’t know the world’s name. Your destination in the other world is a safe location within 1 mile of where the magic item was created. Alternatively, you can cast the spell if one of the affected creatures was born on the other world, which causes your destination to be a safe location within 1 mile of where that creature was born.

The spell ends early on a creature if that creature takes any damage, and the creature isn’t transported. If you take any damage, the spell ends for you and all other creatures, with none of you being transported.

Material: a magic item or a willing creature from the destination world.",FALSE,,,,2014
Druid Grove,6,FALSE,Touch,"V, S, M",24 hours,FALSE,10 minutes,Abjuration,Druid,"You invoke the spirits of nature to protect an area outdoors or underground. The area can be as small as a 30-foot cube or as large as a 90-foot cube. Buildings and other structures are excluded from the affected area. If you cast this spell in the same area every day for a year, the spell lasts until dispelled. The spell creates the following effects within the area. When you cast this spell, you can specify creatures as friends who are immune to the effects. You can also specify a password that, when spoken aloud, makes the speaker immune to these effects. The entire warded area radiates magic. A
dispel magic
cast on the area, if successful, removes only one of the following effects, not the entire area. That spell’s caster chooses which effect to end. Only when all its effects are gone is this spell dispelled.

Solid Fog.
You can fill any number of 5-foot squares on the ground with thick fog, making them heavily obscured. The fog reaches 10 feet high. In addition, every foot of movement through the fog costs 2 extra feet. To a creature immune to this effect, the fog obscures nothing and looks like soft mist, with motes of green light floating in the air.

Grasping Undergrowth.
You can fill any number of 5-foot squares on the ground that aren’t filled with fog with grasping weeds and vines, as if they were affected by an
entangle
spell. To a creature immune to this effect, the weeds and vines feel soft and reshape themselves to serve as temporary seats or beds.

Grove Guardians.
You can animate up to four trees in the area, causing them to uproot themselves from the ground. These trees have the same statistics as an awakened tree, which appears in the Monster Manual, except they can’t speak, and their bark is covered with druidic symbols. If any creature not immune to this effect enters the warded area, the grove guardians fight until they have driven off or slain the intruders. The grove guardians also obey your spoken commands (no action required by you) that you issue while in the area. If you don't give them commands and no intruders are present, the grove guardians do nothing. The grove guardians can‘t leave the warded area. When the spell ends, the magic animating them disappears, and the trees take root again if possible.

Additional Spell Effect.
You can place your choice of one of the following magical effects within the warded area:

To a creature immune to this effect, the winds are a fragrant, gentle breeze, and the area of spike growth is harmless.

Material: mistletoe, which the spell consumes, that was harvested with a golden sickle under the light of a full moon.",FALSE,,,,2014
Druidcraft,0,FALSE,30 feet,"V, S",Instantaneous,FALSE,1 action,Transmutation,Druid,"Whispering to the spirits of nature, you create one of the following effects within range:",FALSE,,,,2014
Dust Devil,2,FALSE,60 feet,"V, S, M",Up to 1 minute,TRUE,1 action,Conjuration,"Druid, Sorcerer, Wizard","Choose an unoccupied 5-foot cube of air that you can see within range. An elemental force that resembles a dust devil appears in the cube and lasts for the spell’s duration.

Any creature that ends its turn within 5 feet of the dust devil must make a Strength saving throw. On a failed save, the creature takes 1d8 bludgeoning damage and is pushed 10 feet away. On a successful save, the creature takes half as much damage and isn’t pushed.

As a bonus action, you can move the dust devil up to 30 feet in any direction. If the dust devil moves over sand, dust, loose dirt, or small gravel, it sucks up the material and forms a 10-foot-radius cloud of debris around itself that lasts until the start of your next turn. The cloud heavily obscures its area.

At Higher Levels.
When you cast this spell using a spell slot of 3rd level or higher, the damage increases by 1d8 for each slot level above 2nd.

Material: a pinch of dust.",FALSE,,,,2014
Earth Tremor,1,FALSE,Self (10-foot radius),"V, S",Instantaneous,FALSE,1 action,Evocation,"Bard, Druid, Sorcerer, Wizard","You cause a tremor in the ground in a 10-foot radius. Each creature other than you in that area must make a Dexterity saving throw. On a failed save, a creature takes 1d6 bludgeoning damage and is knocked prone. If the ground in that area is loose earth or stone, it becomes difficult terrain until cleared.

At Higher Levels.
When you cast this spell using a spell slot of 2nd level or higher, the damage increases by 1d6 for each slot level above 1st.",FALSE,,,,2014
Earthbind,2,FALSE,300 feet,V,Up to 1 minute,TRUE,1 action,Transmutation,"Druid, Sorcerer, Warlock, Wizard",Choose one creature you can see within range. Yellow strips of magical energy loop around the creature. The target must succeed on a Strength saving throw or its flying speed (if any) is reduced to 0 feet for the spell’s duration. An airborne creature affected by this spell descends at 60 feet per round until it reaches the ground or the spell ends.,FALSE,,,,2014
Earthquake,8,FALSE,500 feet,"V, S, M",Up to 1 minute,TRUE,1 action,Evocation,"Cleric, Druid, Sorcerer","You create a seismic disturbance at a point on the ground that you can see within range. For the duration, an intense tremor rips through the ground in a 100-foot-radius circle centered on that point and shakes creatures and structures in contact with the ground in that area.

The ground in the area becomes difficult terrain. Each creature on the ground that is concentrating must make a Constitution saving throw. On a failed save, the creature’s concentration is broken.

When you cast this spell and at the end of each turn you spend concentrating on it, each creature on the ground in the area must make a Dexterity saving throw. On a failed save, the creature is knocked prone.

This spell can have additional effects depending on the terrain in the area, as determined by the DM.

Material: a pinch of dirt, a piece of rock, and a lump of clay.",FALSE,,,,2014
Ego Whip (UA),4,FALSE,30 feet,V,Up to 1 minute,TRUE,1 action,Enchantment,"Bard, Sorcerer, Warlock, Wizard","You lash the mind of one creature you can see within range, filling it with despair. The target must succeed on an Intelligence saving throw or suffer disadvantage on attack rolls, ability checks, and saving throws, and it can’t cast spells. At the end of each of its turns, the target can make another Intelligence saving throw. On a success, the spell ends on the target.",FALSE,,,,2014
Eldritch Blast,0,FALSE,120 feet,"V, S",Instantaneous,FALSE,1 action,Evocation,Warlock,"A beam of crackling energy streaks toward a creature within range. Make a ranged spell attack against the target. On a hit, the target takes 1d10 force damage.

At Higher Levels.
The spell creates more than one beam when you reach higher levels: two beams at 5th level, three beams at 11th level, and four beams at 17th level. You can direct the beams at the same target or at different ones. Make a separate attack roll for each beam.",FALSE,,,,2014
Elemental Bane,4,FALSE,90 feet,"V, S",Up to 1 minute,TRUE,1 action,Transmutation,"Druid, Warlock, Wizard, Artificer","Choose one creature you can see within range, and choose one of the following damage types: acid, cold, fire, lightning, or thunder. The target must succeed on a Constitution saving throw or be affected by the spell for its duration. The first time each turn the affected target takes damage of the chosen type, the target takes an extra 2d6 damage of that type. Moreover, the target loses any resistance to that damage type until the spell ends.

At Higher Levels.
When you cast this spell using a spell slot of 5th level or higher, you can target one additional creature for each slot level above 4th. The creatures must be within 30 feet of each other when you target them.",FALSE,,,,2014
Elemental Weapon,3,FALSE,Touch,"V, S",Up to 1 hour,TRUE,1 action,Transmutation,"Artificer, Druid (Optional), Paladin, Ranger (Optional)","A nonmagical weapon you touch becomes a magic weapon. Choose one of the following damage types: acid, cold, fire, lightning, or thunder. For the duration, the weapon has a +1 bonus to attack rolls and deals an extra 1d4 damage of the chosen type when it hits.

At Higher Levels.
When you cast this spell using a spell slot of 5th or 6th level, the bonus to attack rolls increases to +2 and the extra damage increases to 2d4. When you use a spell slot of 7th level or higher, the bonus increases to +3 and the extra damage increases to 3d4.",FALSE,,,,2014
Encode Thoughts,0,FALSE,Self,S,8 hours,FALSE,1 action,Enchantment,,"You pull a memory, an idea, or a message from your mind and transform it into a tangible string of glowing energy called a thought strand, which persists for the duration or until you cast this spell again. The thought strand appears in an unoccupied space within 5 feet of you as a Tiny, weightless, semisolid object that can be held and carried like a ribbon. It is otherwise stationary.

If you cast this spell while concentrating on a spell or an ability that allows you to read or manipulate the thoughts of others (such as
detect thoughts
or
modify memory
), you can transform the thoughts or memories you read, rather than your own, into a thought strand.

Casting this spell while holding a thought strand allows you to instantly receive whatever memory, idea, or message the thought strand contains. (Casting
detect thoughts
on the strand has the same effect.)",FALSE,,,,2014
Enemies Abound,3,FALSE,120 feet,"V, S",Up to 1 minute,TRUE,1 action,Enchantment,"Bard, Sorcerer, Warlock, Wizard","You reach into the mind of one creature you can see and force it to make an Intelligence saving throw. A creature automatically succeeds if it is immune to being frightened. On a failed save, the target loses the ability to distinguish friend from foe, regarding all creatures it can see as enemies until the spell ends. Each time the target takes damage, it can repeat the saving throw, ending the effect on itself on a success.

Whenever the affected creature chooses another creature as a target, it must choose the target at random from among the creatures it can see within range of the attack, spell, or other ability it’s using. If an enemy provokes an opportunity attack from the affected creature, the creature must make that attack if it is able to.",FALSE,,,,2014
Enervation,5,FALSE,60 feet,"V, S",Up to 1 minute,TRUE,1 action,Necromancy,"Sorcerer, Warlock, Wizard","A tendril of inky darkness reaches out from you, touching a creature you can see within range to drain life from it. The target must make a Dexterity saving throw. On a successful save, the target takes 2d8 necrotic damage, and the spell ends. On a failed save, the target takes 4d8 necrotic damage, and until the spell ends, you can use your action on each of your turns to automatically deal 4d8 necrotic damage to the target. The spell ends if you use your action to do anything else, if the target is ever outside the spell’s range, or if the target has total cover from you. Whenever the spell deals damage to a target, you regain hit points equal to half the amount of necrotic damage the target takes.

At Higher Levels.
When you cast this spell using a spell slot of 6th level or higher, the damage increases by 1d8 for each slot level above 5th.",FALSE,,,,2014
Enhance Ability,2,FALSE,Touch,"V, S, M",Up to 1 hour,TRUE,1 action,Transmutation,"Artificer, Bard, Cleric, Druid, Ranger (Optional), Sorcerer, Wizard (Optional)","You touch a creature and bestow upon it a magical enhancement. Choose one of the following effects; the target gains the effect until the spell ends.

At Higher Levels.
When you cast this spell using a spell slot of 3rd level or higher, you can target one additional creature for each slot level above 2nd.

Material: fur or a feather from a beast.",FALSE,,,,2014
Enlarge/Reduce,2,FALSE,30 feet,"V, S, M",Up to 1 minute,TRUE,1 action,Transmutation,"Artificer, Bard (Optional), Druid (Optional), Sorcerer, Wizard","You cause a creature or an object you can see within range to grow larger or smaller for the duration. Choose either a creature or an object that is neither worn nor carried. If the target is unwilling, it can make a Constitution saving throw. On a success, the spell has no effect.

If the target is a creature, everything it is wearing and carrying changes size with it. Any item dropped by an affected creature returns to normal size at once.

Enlarge.
The target’s size doubles in all dimensions, and its weight is multiplied by eight. This growth increases its size by one category – from Medium to Large, for example. If there isn’t enough room for the target to double its size, the creature or object attains the maximum possible size in the space available. Until the spell ends, the target also has advantage on Strength checks and Strength saving throws. The target’s weapons also grow to match its new size. While these weapons are enlarged, the target’s attack with them deal 1d4 extra damage.

Reduce.
The target’s size is halved in all dimensions, and its weight is reduced to one-eighth of normal. This reduction decreases its size by one category – from Medium to Small, for example. Until the spell ends, the target also has disadvantage on Strength checks and Strength saving throws. The target’s weapons also shrink to match its new size. While these weapons are reduced, the target’s attacks with them deal 1d4 less damage (this can’t reduce the damage below 1).

Material: a pinch of powdered iron.",FALSE,,,,2014
Ensnaring Strike,1,FALSE,Self,V,Up to 1 minute,TRUE,1 bonus action,Conjuration,Ranger,"The next time you hit a creature with a weapon attack before this spell ends, a writhing mass of thorny vines appears at the point of impact, and the target must succeed on a Strength saving throw or be restrained by the magical vines until the spell ends. A Large or larger creature has advantage on this saving throw. If the target succeeds on the save, the vines shrivel away.

While restrained by this spell, the target takes 1d6 piercing damage at the start of each of its turns. A creature restrained by the vines or one that can touch the creature can use its action to make a Strength check against your spell save DC. On a success, the target is freed.

At Higher Levels.
If you cast this spell using a spell slot of 2nd level or higher, the damage increases by 1d6 for each slot level above 1st.",FALSE,,,,2014
Entangle,1,FALSE,90 feet,"V, S",Up to 1 minute,TRUE,1 action,Conjuration,"Druid, Ranger (Optional)","Grasping weeds and vines sprout from the ground in a 20-foot square starting from a point within range. For the duration, these plants turn the ground in the area into difficult terrain.

A creature in the area when you cast the spell must succeed on a Strength saving throw or be restrained by the entangling plants until the spell ends. A creature restrained by the plants can use its action to make a Strength check against your spell save DC. On a success, it frees itself.

When the spell ends, the conjured plants wilt away.",FALSE,,,,2014
Enthrall,2,FALSE,60 feet,"V, S",1 minute,FALSE,1 action,Enchantment,"Bard, Warlock","You weave a distracting string of words, causing creatures of your choice that you can see within range and that can hear you to make a Wisdom saving throw. Any creature that can’t be charmed succeeds on this saving throw automatically, and if you or your companions are fighting a creature, it has advantage on the save. On a failed save, the target has disadvantage on Wisdom (Perception) checks made to perceive any creature other than you until the spell ends or until the target can no longer hear you. The spell ends if you are incapacitated or can no longer speak.",FALSE,,,,2014
Erupting Earth,3,FALSE,120 feet,"V, S, M",Instantaneous,FALSE,1 action,Transmutation,"Druid, Sorcerer, Wizard","Choose a point you can see on the ground within range. A fountain of churned earth and stone erupts in a 20-foot cube centered on that point. Each creature in that area must make a Dexterity saving throw. A creature takes 3d12 bludgeoning damage on a failed save, or half as much damage on a successful one. Additionally, the ground in that area becomes difficult terrain until cleared away. Each 5-foot-square portion of the area requires at least 1 minute to clear by hand.

At Higher Levels.
When you cast this spell using a spell slot of 4th level or higher, the damage increases by 1d12 for each slot level above 3rd.

Material: a piece of obsidian.",FALSE,,,,2014
Etherealness,7,FALSE,Self,"V, S",Up to 8 hours,FALSE,1 action,Transmutation,"Bard, Cleric, Sorcerer, Warlock, Wizard","You step into the border regions of the Ethereal Plane, in the area where it overlaps with your current plane. You remain in the Border Ethereal for the duration or until you use your action to dismiss the spell. During this time, you can move in any direction. If you move up or down, every foot of movement costs an extra foot. You can see and hear the plane you originated from, but everything there looks gray, and you can’t see anything more than 60 feet away.

While on the Ethereal Plane, you can only affect and be affected by other creatures on that plane. Creatures that aren’t on the Ethereal Plane can’t perceive you and can’t interact with you, unless a special ability or magic has given them the ability to do so.

You ignore all objects and effects that aren’t on the Ethereal Plane, allowing you to move through objects you perceive on the plane you originated from. When the spell ends, you immediately return to the plane you originated from in the spot you currently occupy. If you occupy the same spot as a solid object or creature when this happens, you are immediately shunted to the nearest unoccupied space that you can occupy and take force damage equal to twice the number of feet you are moved.

This spell has no effect if you cast it while you are on the Ethereal Plane or a plane that doesn’t border it, such as one of the Outer Planes.

At Higher Levels.
When you cast this spell using a spell slot of 8th level or higher, you can target up to three willing creatures (including you) for each slot level above 7th. The creatures must be within 10 feet of you when you cast the spell.",FALSE,,,,2014
Evard's Black Tentacles,4,FALSE,90 feet,"V, S, M",Up to 1 minute,TRUE,1 action,Conjuration,Wizard,"Squirming, ebony tentacles fill a 20-foot square on ground that you can see within range. For the duration, these tentacles turn the ground in the area into difficult terrain.

When a creature enters the affected area for the first time on a turn or starts its turn there, the creature must succeed on a Dexterity saving throw or take 3d6 bludgeoning damage and be restrained by the tentacles until the spell ends. A creature that starts its turn in the area and is already restrained by the tentacles takes 3d6 bludgeoning damage.

A creature restrained by the tentacles can use its action to make a Strength or Dexterity check (its choice) against your spell save DC. On a success, it frees itself.

Material: a piece of tentacle from a giant octopus or a giant squid.",FALSE,,,,2014
Expeditious Retreat,1,FALSE,Self,"V, S",Up to 10 minutes,TRUE,1 bonus action,Transmutation,"Artificer, Sorcerer, Warlock, Wizard","This spell allows you to move at an incredible pace. When you cast this spell, and then as a bonus action on each of your turns until the spell ends, you can take the Dash action.",FALSE,,,,2014
Eyebite,6,FALSE,Self,"V, S",Up to 1 minute,TRUE,1 action,Necromancy,"Bard, Sorcerer, Warlock, Wizard","For the spell’s duration, your eyes become an inky void imbued with dread power. One creature of your choice within 60 feet of you that you can see must succeed on a Wisdom saving throw or be affected by one of the following effects of your choice for the duration. On each of your turns until the spell ends, you can use your action to target another creature but can’t target a creature again if it has succeeded on a saving throw against this casting of eyebite.",FALSE,,,,2014
Fabricate,4,FALSE,120 feet,"V, S",Instantaneous,FALSE,10 minutes,Transmutation,"Artificer, Wizard","You convert raw materials into products of the same material. For example, you can fabricate a wooden bridge from a clump of trees, a rope from a patch of hemp, and clothes from flax or wool.

Choose raw materials that you can see within range. You can fabricate a Large or smaller object (contained within a 10-foot cube, or eight connected 5-foot cubes), given a sufficient quantity of raw material. If you are working with metal, stone, or another mineral substance, however, the fabricated object can be no larger than Medium (contained within a single 5-foot cube). The quality of objects made by the spell is commensurate with the quality of the raw materials.

Creatures or magic items can’t be created or transmuted by this spell. You also can’t use it to create items that ordinarily require a high degree of craftsmanship, such as jewelry, weapons, glass, or armor, unless you have proficiency with the type of artisan’s tools used to craft such objects.",FALSE,,,,2014
Faerie Fire,1,FALSE,60 feet,V,Up to 1 minute,TRUE,1 action,Evocation,"Artificer, Bard, Druid","Each object in a 20-foot cube within range is outlined in blue, green, or violet light (your choice).

Any creature in the area when the spell is cast is also outlined in light if it fails a Dexterity saving throw. For the duration, objects and affected creatures shed dim light in a 10-foot radius.

Any attack roll against an affected creature or object has advantage if the attacker can see it, and the affected creature or object can’t benefit from being invisible.",FALSE,,,,2014
False Life,1,FALSE,Self,"V, S, M",1 hour,FALSE,1 action,Necromancy,"Artificer, Sorcerer, Wizard","Bolstering yourself with a necromantic facsimile of life, you gain 1d4 + 4 temporary hit points for the duration.

At Higher Levels.
When you cast this spell using a spell slot of 2nd level or higher, you gain 5 additional temporary hit points for each slot level above 1st.

Material: a small amount of alcohol or distilled spirits.",FALSE,,,,2014
Far Step,5,FALSE,Self,V,Up to 1 minute,TRUE,1 bonus action,Conjuration,"Sorcerer, Warlock, Wizard","You teleport up to 60 feet to an unoccupied space you can see. On each of your turns before the spell ends, you can use a bonus action to teleport in this way again.",FALSE,,,,2014
Fast Friends,3,FALSE,30 feet,V,Up to 1 hour,TRUE,1 action,Enchantment,,"When you cast this spell, choose one humanoid within range that can see and hear you, and that can understand you. The creature must succeed on a Wisdom saving throw or become charmed by you for the duration. While the creature is charmed in this way, it undertakes to perform any services or activities you ask of it in a friendly manner, to the best of its ability.

You can set the creature new tasks when a previous task is completed, or if you decide to end its current task. If the service or activity might cause harm to the creature, or if it conflicts with the creature's normal activities and desires, the creature can make another Wisdom saving throw to try to end the effect. This save is made with advantage if you or your companions are fighting the creature. If the activity would result in certain death for the creature, the spell ends.

When the spell ends, the creature knows it was charmed by you.

At Higher Levels:
When you cast this spell using a spell slot of 4th level or higher, you can target one additional creature for each slot level above 3rd.

Spell Lists:
Bard
,
Cleric
,
Wizard",FALSE,,,,2014
Fear,3,FALSE,Self (30-foot cone),"V, S, M",Up to 1 minute,TRUE,1 action,Illusion,"Bard, Sorcerer, Warlock, Wizard","You project a phantasmal image of a creature’s worst fears. Each creature in a 30-foot cone must succeed on a Wisdom saving throw or drop whatever it is holding and become frightened for the duration.

While frightened by this spell, a creature must take the Dash action and move away from you by the safest available route on each of its turns, unless there is nowhere to move. If the creature ends its turn in a location where it doesn’t have line of sight to you, the creature can make a Wisdom saving throw. On a successful save, the spell ends for that creature.

Material: a white feather or the heart of a hen.",FALSE,,,,2014
Feather Fall,1,FALSE,60 feet,"V, M",1 minute,FALSE,"1 reaction, which you take when you or a creature within 60 feet of you falls",Transmutation,"Artificer, Bard, Sorcerer, Wizard","Choose up to five falling creatures within range. A falling creature’s rate of descent slows to 60 feet per round until the spell ends. If the creature lands before the spell ends, it takes no falling damage and can land on its feet, and the spell ends for that creature.

Material: a small feather or piece of down.",FALSE,,,,2014
Feeblemind,8,FALSE,150 feet,"V, S, M",Instantaneous,FALSE,1 action,Enchantment,"Bard, Druid, Warlock, Wizard","You blast the mind of a creature that you can see within range, attempting to shatter its intellect and personality. The target takes 4d6 psychic damage and must make an Intelligence saving throw.

On a failed save, the creature’s Intelligence and Charisma scores become 1. The creature can’t cast spells, activate magic items, understand language, or communicate in any intelligible way. The creature can, however, identify its friends, follow them, and even protect them.

At the end of every 30 days, the creature can repeat its saving throw against this spell. If it succeeds on its saving throw, the spell ends. The spell can also be ended by
Greater Restoration
,
Heal
, or
Wish
.

Material: a handful of clay, crystal, glass, or mineral spheres.",FALSE,,,,2014
Feign Death,3,TRUE,Touch,"V, S, M",1 hour,FALSE,1 action,Necromancy,"Bard, Cleric, Druid, Wizard","You touch a willing creature and put it into a cataleptic state that is indistinguishable from death.

For the spell’s duration, or until you use an action to touch the target and dismiss the spell, the target appears dead to all outward inspection and to spells used to determine the target’s status. The target is blinded and incapacitated, and its speed drops to 0. The target has resistance to all damage except psychic damage. If the target is diseased or poisoned when you cast the spell, or becomes diseased or poisoned while under the spell’s effect, the disease and poison have no effect until the spell ends.

Material: a pinch of graveyard dirt.",FALSE,,,,2014
Find Familiar,1,TRUE,10 feet,"V, S, M",Instantaneous,FALSE,1 hour,Conjuration,Wizard,"You gain the service of a familiar, a spirit that takes an animal form you choose: bat, cat, crab, frog (toad), hawk, lizard, octopus, owl, poisonous snake, fish (quipper), rat, raven, sea horse, spider, or weasel. Appearing in an unoccupied space within range, the familiar has the statistics of the chosen form, though it is a celestial, fey, or fiend (your choice) instead of a beast.

Your familiar acts independently of you, but it always obeys your commands. In combat, it rolls its own initiative and acts on its own turn. A familiar can’t attack, but it can take other actions as normal.

When the familiar drops to 0 hit points, it disappears, leaving behind no physical form. It reappears after you cast this spell again. As an action, you can temporarily dismiss your familiar to a pocket dimension. Alternatively, you can dismiss it forever. As an action while it is temporarily dismissed, you can cause it to reappear in any unoccupied space within 30 feet of you. Whenever the familiar drops to 0 hit points or disappears into the pocket dimension, it leaves behind in its space anything it was wearing or carrying.

While your familiar is within 100 feet of you, you can communicate with it telepathically. Additionally, as an action, you can see through your familiar’s eyes and hear what it hears until the start of your next turn, gaining the benefits of any special senses that the familiar has. During this time, you are deaf and blind with regard to your own senses.

You can’t have more than one familiar at a time. If you cast this spell while you already have a familiar, you instead cause it to adopt a new form. Choose one of the forms from the above list. Your familiar transforms into the chosen creature.

Finally, when you cast a spell with a range of touch, your familiar can deliver the spell as if it had cast the spell. Your familiar must be within 100 feet of you, and it must use its reaction to deliver the spell when you cast it. If the spell requires an attack roll, you use your attack modifier for the roll.

Material: 10 gp worth of charcoal, incense, and herbs that must be consumed by fire in a brass brazier.",FALSE,,,,2014
Find Greater Steed,4,FALSE,30 feet,"V, S",Instantaneous,FALSE,10 minutes,Conjuration,Paladin,"You summon a spirit that assumes the form of a loyal, majestic mount. Appearing in an unoccupied space within range, the spirit takes on a form you choose: a griffon, a pegasus, a peryton, a dire wolf, a rhinoceros, or a saber-toothed tiger. The creature has the statistics provided in the Monster Manual for the chosen form, though it is a celestial, a fey, or a fiend (your choice) instead of its normal creature type. Additionally, if it has an Intelligence score of 5 or lower, its Intelligence becomes 6, and it gains the ability to understand one language of your choice that you speak. You control the mount in combat. While the mount is within 1 mile of you, you can communicate with it telepathically. While mounted on it, you can make any spell you cast that targets only you also target the mount. The mount disappears temporarily when it drops to 0 hit points or when you dismiss it as an action. Casting this spell again re-summons the bonded mount, with all its hit points restored and any conditions removed. You can’t have more than one mount bonded by this spell or find steed at the same time. As an action, you can release a mount from its bond, causing it to disappear permanently. Whenever the mount disappears, it leaves behind any objects it was wearing or carrying.",FALSE,,,,2014
Find Steed,2,FALSE,30 feet,"V, S",Instantaneous,FALSE,10 minutes,Conjuration,Paladin,"You summon a spirit that assumes the form of an unusually intelligent, strong, and loyal steed, creating a long-lasting bond with it. Appearing in an unoccupied space within range, the steed takes on a form that you choose: a warhorse, a pony, a camel, an elk, or a mastiff. (Your DM might allow other animals to be summoned as steeds.) The steed has the statistics of the chosen form, though it is a celestial, fey, or fiend (your choice) instead of its normal type. Additionally, if your steed has an Intelligence of 5 or less, its Intelligence becomes 6, and it gains the ability to understand one language of your choice that you speak.

Your steed serves you as a mount, both in combat and out, and you have an instinctive bond with it that allows you to fight as a seamless unit. While mounted on your steed, you can make any spell you cast that targets only you also target your steed.

When the steed drops to 0 hit points, it disappears, leaving behind no physical form. You can also dismiss your steed at any time as an action, causing it to disappear. In either case, casting this spell again summons the same steed, restored to its hit point maximum.

While your steed is within 1 mile of you, you can communicate with each other telepathically. You can’t have more than one steed bonded by this spell at a time. As an action, you can release the steed from its bond at any time, causing it to disappear.",FALSE,,,,2014
Find the Path,6,FALSE,Self,"V, S, M",Up to 1 day,TRUE,1 minute,Divination,"Bard, Cleric, Druid","This spell allows you to find the shortest, most direct physical route to a specific fixed location that you are familiar with on the same plane of existence. If you name a destination on another plane of existence, a destination that moves (such as a mobile fortress), or a destination that isn’t specific (such as ""a green dragon’s lair”), the spell fails.

For the duration, as long as you are on the same plane of existence as the destination, you know how far it is and in what direction it lies. While you are traveling there, whenever you are presented with a choice of paths along the way, you automatically determine which path is the shortest and most direct route (but not necessarily the safest route) to the destination.

Material: a set of divinatory tools – such as bones, ivory sticks, cards, teeth, or carved runes – worth 100 gp, and an object from the location you wish to find.",FALSE,,,,2014
Find Traps,2,FALSE,120 feet,"V, S",Instantaneous,FALSE,1 action,Divination,"Cleric, Druid, Ranger","You sense the presence of any trap within range that is within line of sight.

A trap, for the purpose of this spell, includes anything that would inflict a sudden or unexpected effect you consider harmful or undesirable, which was specifically intended as such by its creator. Thus, the spell would sense an area affected by the alarm spell, a glyph of warding, or a mechanical pit trap, but it would not reveal a natural weakness in the floor, an unstable ceiling, or a hidden sinkhole.

This spell merely reveals that a trap is present. You don’t learn the location of each trap, but you do learn the general nature of the danger posed by a trap you sense.",FALSE,,,,2014
Find Vehicle (UA),2,FALSE,30 feet,"V, S",8 hours,FALSE,10 minutes,Conjuration,"Paladin, Sorcerer, Warlock, Wizard","You summon a spirit that assumes the form of a nonmilitary land vehicle of your choice, appearing in an unoccupied space within range. The vehicle has the statistics of a normal vehicle of its sort, though it is celestial, fey, or fiendish (your choice in origin). The physical characteristics of the vehicle reflect its origin to some degree. For example, a fiendish SUV might be jet black in color, with tinted windows and a sinister-looking front grille.

You have a supernatural bond with the conjured vehicle that allows you to drive beyond your normal ability. While driving the conjured vehicle, you are considered proficient with vehicles of its type, and you add double your proficiency bonus to ability checks related to driving the vehicle. While driving the vehicle, you can make any spell you cast that targets only you also target the vehicle.

If the vehicle drops to 0 hit points, it disappears, leaving behind no physical form. You can also dismiss the vehicle at any time as an action, causing it to disappear.

You can't have more than one vehicle bonded by this spell at a time. As an action, you can release the vehicle from its bond at any time, causing it to disappear.

At Higher Levels.
When you cast this spell using a spell slot of 3rd level or higher, you can conjure a nonmilitary water vehicle large enough to carry six Medium creatures. When you cast this spell using a spell slot of 5th level or higher, you can conjure a nonmilitary air vehicle large enough to carry ten Medium creatures. When you cast this spell using a spell slot of 7th level or higher, you can conjure any type of vehicle, subject to the DM's approval.",FALSE,,,,2014
Finger of Death,7,FALSE,60 feet,"V, S",Instantaneous,FALSE,1 action,Necromancy,"Sorcerer, Warlock, Wizard","You send negative energy coursing through a creature that you can see within range, causing it searing pain. The target must make a Constitution saving throw. It takes 7d8 + 30 necrotic damage on a failed save, or half as much damage on a successful one.

A humanoid killed by this spell rises at the start of your next turn as a zombie that is permanently under your command, following your verbal orders to the best of its ability.",FALSE,,,,2014
Fire Bolt,0,FALSE,120 feet,"V, S",Instantaneous,FALSE,1 action,Evocation,"Artificer, Sorcerer, Wizard","You hurl a mote of fire at a creature or object within range. Make a ranged spell attack against the target. On a hit, the target takes 1d10 fire damage. A flammable object hit by this spell ignites if it isn’t being worn or carried.

At Higher Levels.
This spell’s damage increases by 1d10 when you reach 5th level (2d10), 11th level (3d10), and 17th level (4d10).",FALSE,,,,2014
Fire Shield,4,FALSE,Self,"V, S, M",10 minutes,FALSE,1 action,Evocation,"Druid (Optional), Sorcerer (Optional), Wizard","Thin and wispy flames wreathe your body for the duration, shedding bright light in a 10-foot radius and dim light for an additional 10 feet. You can end the spell early by using an action to dismiss it.

The flames provide you with a warm shield or a chill shield, as you choose. The warm shield grants you resistance to cold damage, and the chill shield grants you resistance to fire damage.

In addition, whenever a creature within 5 feet of you hits you with a melee attack, the shield erupts with flame. The attacker takes 2d8 fire damage from a warm shield, or 2d8 cold damage from a cold shield.

Material: a bit of phosphorus or a firefly.",FALSE,,,,2014
Fire Storm,7,FALSE,150 feet,"V, S",Instantaneous,FALSE,1 action,Evocation,"Cleric, Druid, Sorcerer","A storm made up of sheets of roaring flame appears in a location you choose within range. The area of the storm consists of up to ten 10-foot cubes, which you can arrange as you wish. Each cube must have at least one face adjacent to the face of another cube. Each creature in the area must make Dexterity saving throw. It takes 7d10 fire damage on a failed save, or half as much damage on a successful one.

The fire damages objects in the area and ignites flammable objects that aren’t being worn or carried. If you choose, plant life in the area is unaffected by this spell.",FALSE,,,,2014
Fireball,3,FALSE,150 feet,"V, S, M",Instantaneous,FALSE,1 action,Evocation,"Sorcerer, Wizard","A bright streak flashes from your pointing finger to a point you choose within range then blossoms with a low roar into an explosion of flame. Each creature in a 20-foot radius must make a Dexterity saving throw. A target takes 8d6 fire damage on a failed save, or half as much damage on a successful one. The fire spreads around corners. It ignites flammable objects in the area that aren’t being worn or carried.

At Higher Levels.
When you cast this spell using a spell slot of 4th level or higher, the damage increases by 1d6 for each slot level above 3rd.

Material: a tiny ball of bat guano and sulfur.",FALSE,,,,2014
Fizban's Platinum Shield,6,FALSE,60 feet,"V, S, M",Up to 1 minute,TRUE,1 bonus action,Abjuration,"Sorcerer, Wizard","You create a field of silvery light that surrounds a creature of your choice within range (you can choose yourself). The field sheds dim light out to 5 feet. While surrounded by the field, a creature gains the following benefits:

Cover.
The creature has half cover.

Damage Resistance.
The creature has resistance to acid, cold, fire, lightning, and poison damage.

Evasion.
If the creature is subjected to an effect that allows it to make a Dexterity saving throw to take only half damage, the creature instead takes no damage if it succeeds on the saving throw, and only half damage if it fails.

As a bonus action on subsequent turns, you can move the field to another creature within 60 feet of the field.

Material: a platinum-plated dragon scale, worth at least 500 gp.",FALSE,,,,2014
Fizban's Platinum Shield (UA),6,FALSE,60 feet,"V, S, M",Up to 1 minute,TRUE,1 action,Abjuration,"Sorcerer, Wizard","You create a field of silvery light that surrounds a creature of your choice within range (you can choose yourself). The field sheds dim light out to 5 feet.

As a bonus action on subsequent turns, you can move the field to another creature within 60 feet of the field.

The creature protected by the field gains the following benefits:

Material: a platinum-plated dragon scale, worth at least 500 gp.",FALSE,,,,2014
Flame Arrows,3,FALSE,Touch,"V, S",Up to 1 hour,TRUE,1 action,Transmutation,"Druid, Ranger, Sorcerer, Wizard, Artificer","You touch a quiver containing arrows or bolts. When a target is hit by a ranged weapon attack using a piece of ammunition drawn from the quiver, the target takes an extra 1d6 fire damage. The spell’s magic ends on the piece of ammunition when it hits or misses, and the spell ends when twelve pieces of ammunition have been drawn from the quiver.

At Higher Levels.
When you cast this spell using a spell slot of 4th level or higher, the number of pieces of ammunition you can affect with this spell increases by two for each slot level above 3rd.",FALSE,,,,2014
Flame Blade,2,FALSE,Self,"V, S, M",Up to 10 minutes,TRUE,1 bonus action,Evocation,"Druid, Sorcerer (Optional)","You evoke a fiery blade in your free hand. The blade is similar in size and shape to a scimitar, and it lasts for the duration. If you let go of the blade, it disappears, but you can evoke the blade again as a bonus action.

You can use your action to make a melee spell attack with the fiery blade. On a hit, the target takes 3d6 fire damage. The flaming blade sheds bright light in a 10-foot radius and dim light for an additional 10 feet.

At Higher Levels.
When you cast this spell using a spell slot of 4th level or higher, the damage increases by 1d6 for every two slot levels above 2nd.

Material: a leaf of sumac.",FALSE,,,,2014
Flame Stride (UA),3,FALSE,Self,"V, S",Up to 1 minute,TRUE,1 bonus action,Transmutation,"Artificer, Ranger, Sorcerer, Wizard","The billowing flames of a dragon cover your feet, granting you explosive speed. For the duration, your speed increases by 20 feet and moving doesn’t provoke opportunity attacks. When you move within 5 feet of a creature or object that isn’t being worn or carried, it takes 1d6 fire damage from your trail of heat. A creature or object can take this damage only once during a turn.

At Higher Levels.
When you cast this spell using a spell slot of 4th level or higher, increase your speed by 5 feet for each spell slot level above 3rd. Additionally, the spell deals an additional 1d6 fire damage for each slot level above 3rd.",FALSE,,,,2014
Flame Strike,5,FALSE,60 feet,"V, S, M",Instantaneous,FALSE,1 action,Evocation,Cleric,"A vertical column of divine fire roars down from the heavens in a location you specify. Each creature in a 10-foot radius, 40-foot-high cylinder centered on a point within range must make a Dexterity saving throw. A creature takes 4d6 fire damage and 4d6 radiant damage on a failed save, or half as much damage on a successful one.

At Higher Levels.
When you cast this spell using a spell slot of 6th level or higher, the fire damage or the radiant damage (your choice) increases by 1d6 for each slot level above 5th.

Material: pinch of sulfur.",FALSE,,,,2014
Flaming Sphere,2,FALSE,60 feet,"V, S, M",Up to 1 minute,TRUE,1 action,Conjuration,"Druid, Sorcerer (Optional), Wizard","A 5-foot-diameter sphere of fire appears in an unoccupied space of your choice within range and lasts for the duration. Any creature that ends its turn within 5 feet of the sphere must make a Dexterity saving throw. The creature takes 2d6 fire damage on a failed save, or half as much damage on a successful one.

As a bonus action, you can move the sphere up to 30 feet. If you ram the sphere into a creature, that creature must make the saving throw against the sphere’s damage, and the sphere stops moving this turn.

When you move the sphere, you can direct it over barriers up to 5 feet tall and jump it across pits up to 10 feet wide. The sphere ignites flammable objects not being worn or carried, and it sheds bright light in a 20-foot radius and dim light for an additional 20 feet.

At Higher Levels.
When you cast this spell using a spell slot of 3rd level or higher, the damage increases by 1d6 for each slot level above 2nd.

Material: a bit of tallow, a pinch of brimstone, and a dusting of powdered iron.",FALSE,,,,2014
Flesh to Stone,6,FALSE,60 feet,"V, S, M",Up to 1 minute,TRUE,1 action,Transmutation,"Druid (Optional), Sorcerer (Optional), Warlock, Wizard","You attempt to turn one creature that you can see within range into stone. If the target's body is made of flesh, the creature must make a Constitution saving throw. On a failed save, it is restrained as its flesh begins to harden. On a successful save, the creature isn’t affected.

A creature restrained by this spell must make another Constitution saving throw at the end of each of its turns. If it successfully saves against this spell three times, the spell ends. If it fails saves three times, it is turned to stone and subjected to the petrified condition for the duration. The successes and failures don’t need to be consecutive; keep track of both until the target collects three of a kind.

If the creature is physically broken while petrified, it suffers from similar deformities if it reverts to its original state. If you maintain your concentration on this spell for the entire possible duration, the creature is turned to stone until the effect is removed.

Material: a pinch of lime, water, and earth.",FALSE,,,,2014
Flock of Familiars,2,FALSE,Touch,"V, S",Up to 1 hour,TRUE,1 minute,Conjuration,"Warlock, Wizard","You temporarily summon three familiars – spirits that take animal forms of your choice. Each familiar uses the same rules and options for a familiar conjured by the
Find Familiar
spell. All the familiars conjured by this spell must be the same type of creature (celestials, fey, or fiends; your choice). If you already have a familiar conjured by the
Find Familiar
spell or similar means, then one fewer familiars are conjured by this spell.

Familiars summoned by this spell can telepathically communicate with you and share their visual or auditory senses while they are within 1 mile of you.

When you cast a spell with a range of touch, one of the familiars conjured by this spell can deliver the spell, as normal. However, you can cast a touch spell through only one familiar per turn.

At Higher Levels.
When you cast this spell using a spell slot of 3rd level or higher, you conjure an additional familiar for each slot level above 2nd.",FALSE,,,,2014
Fly,3,FALSE,Touch,"V, S, M",Up to 10 minutes,TRUE,1 action,Transmutation,"Artificer, Sorcerer, Warlock, Wizard","You touch a willing creature. The target gains a flying speed of 60 feet for the duration. When the spell ends, the target falls if it is still aloft, unless it can stop the fall.

At Higher Levels.
When you cast this spell using a spell slot of 4th level or higher, you can target one additional creature for each slot level above 3rd.

Material: a wing feather from any bird.",FALSE,,,,2014
Fog Cloud,1,FALSE,120 feet,"V, S",Up to 1 hour,TRUE,1 action,Conjuration,"Druid, Ranger, Sorcerer, Wizard","You create a 20-foot-radius sphere of fog centered on a point within range. The sphere spreads around corners, and its area is heavily obscured. It lasts for the duration or until a wind of moderate or greater speed (at least 10 miles per hour) disperses it.

At Higher Levels.
When you cast this spell using a spell slot of 2nd level or higher, the radius of the fog increases by 20 feet for each slot level above 1st.",FALSE,,,,2014
Forbiddance,6,TRUE,Touch,"V, S, M",1 day,FALSE,10 minutes,Abjuration,Cleric,"You create a ward against magical travel that protects up to 40,000 square feet of floor space to a height of 30 feet above the floor. For the duration, creatures can’t teleport into the area or use portals, such as those created by the gate spell, to enter the area. The spell proofs the area against planar travel, and therefore prevents creatures from accessing the area by way of the Astral Plane, Ethereal Plane, Feywild, Shadowfell, or the plane shift spell.

In addition, the spell damages types of creatures that you choose when you cast it. Choose one or more of the following: celestials, elementals, fey, fiends, and undead. When a chosen creature enters the spell’s area for the first time on a turn or starts its turn there, the creature takes 5d10 radiant or necrotic damage (your choice when you cast this spell).

When you cast this spell, you can designate a password. A creature that speaks the password as it enters the area takes no damage from the spell.

This spell’s area can’t overlap with the area of another forbiddance spell. If you cast forbiddance every day for 30 days in the same location, the spell lasts until it is dispelled, and the material components are consumed on the last casting.

Material: a sprinkling of holy water, rare incense, and powdered ruby worth at least 1,000 gp.",FALSE,,,,2014
Forcecage,7,FALSE,100 feet,"V, S, M",1 hour,FALSE,1 action,Evocation,"Bard, Warlock, Wizard","An immobile, invisible, cube-shaped prison composed of magical force springs into existence around an area you choose within range. The prison can be a cage or a solid box as you choose.

A prison in the shape of a cage can be up to 20 feet on a side and is made from 1/2-inch diameter bars spaced 1/2 inch apart.

A prison in the shape of a box can be up to 10 feet on a side, creating a solid barrier that prevents any matter from passing through it and blocking any spells cast into or out of the area.

When you cast the spell, any creature that is completely inside the cage's area is trapped. Creatures only partially within the area, or those too large to fit inside the area, are pushed away from the center of the area until they are completely outside the area.

A creature inside the cage can't leave it by nonmagical means. If the creature tries to use teleportation or interplanar travel to leave the cage, it must first make a Charisma saving throw. On a success, the creature can use that magic to exit the cage. On a failure, the creature can't exit the cage and wastes the use of the spell or effect. The cage also extends into the Ethereal Plane, blocking ethereal travel.

This spell can't be dispelled by
dispel magic
.

Material: ruby dust worth 1,500 gp.",FALSE,,,,2014
Foresight,9,FALSE,Touch,"V, S, M",8 hours,FALSE,1 minute,Divination,"Bard, Druid, Warlock, Wizard","You touch a willing creature and bestow a limited ability to see into the immediate future. For the duration, the target can’t be surprised and has advantage on attack rolls, ability checks, and saving throws. Additionally, other creatures have disadvantage on attack rolls against the target for the duration. This spell immediately ends if you cast it again before its duration ends.

Material: a hummingbird feather.",FALSE,,,,2014
Fortune's Favor,2,FALSE,60 feet,"V, S, M",1 hour,FALSE,1 minute,Divination,Wizard (Dunamancy),"You impart latent luck to yourself or one willing creature you can see within range. When the chosen creature makes an attack roll, an ability check, or a saving throw before the spell ends, it can dismiss this spell on itself to roll an additional d20 and choose which of the d20s to use. Alternatively, when an attack roll is made against the chosen creature, it can dismiss this spell on itself to roll a d20 and choose which of the d20s to use, the one it rolled or the one the attacker rolled.

If the original d20 roll has advantage or disadvantage, the creature rolls the additional d20 after advantage or disadvantage has been applied to the original roll.

At Higher Levels.
When you cast this spell using a spell slot of 3rd level or higher, you can target one additional creature for each slot level above 2nd.

Material: a white pearl worth at least 100 gp, which the spell consumes.",FALSE,,,,2014
Freedom of Movement,4,FALSE,Touch,"V, S, M",1 hour,FALSE,1 action,Abjuration,"Artificer, Bard, Cleric, Druid, Ranger","You touch a willing creature. For the duration, the target’s movement is unaffected by difficult terrain, and spells and other magical effects can neither reduce the target’s speed nor cause the target to be paralyzed or restrained.

The target can also spend 5 feet of movement to automatically escape from nonmagical restraints, such as manacles or a creature that has it grappled. Finally, being underwater imposes no penalties on the target’s movement or attacks.

Material: a leather strap, bound around the arm or a similar appendage.",FALSE,,,,2014
Friends,0,FALSE,Self,"S, M",Up to 1 minute,TRUE,1 action,Enchantment,"Bard, Sorcerer, Warlock, Wizard","For the duration, you have advantage on all Charisma checks directed at one creature of your choice that isn't hostile toward you. When the spell ends, the creature realizes that you used magic to influence its mood and becomes hostile toward you. A creature prone to violence might attack you. Another creature might seek retribution in other ways (at the DM's discretion), depending on the nature of your interaction with it.

Material: a small amount of makeup applied to the face as this spell is cast.",FALSE,,,,2014
Frost Fingers,1,FALSE,Self (15-foot cone),"V, S",Instantaneous,FALSE,1 action,Evocation,Wizard,"Freezing cold blasts from your fingertips in a 15-foot cone. Each creature in that area must make a Constitution saving throw, taking 2d8 cold damage on a failed save, or half as much damage on a successful one.

The cold freezes nonmagical liquids in the area that aren't being worn or carried.

At Higher Levels.
When you cast this spell using a spell slot of 2nd level or higher, the damage increases by 1d8 for each slot level above 1st.",FALSE,,,,2014
Frostbite,0,FALSE,60 feet,"V, S",Instantaneous,FALSE,1 action,Evocation,"Druid, Sorcerer, Warlock, Wizard, Artificer","You cause numbing frost to form on one creature that you can see within range. The target must make a Constitution saving throw. On a failed save, the target takes 1d6 cold damage, and it has disadvantage on the next weapon attack roll it makes before the end of its next turn.

At Higher Levels.
The spell’s damage increases by 1d6 when you reach 5th level (2d6), 11th level (3d6), and 17th level (4d6).",FALSE,,,,2014
Galder's Speedy Courier,4,FALSE,10 feet,"V, S, M",10 minutes,FALSE,1 action,Conjuration,"Warlock, Wizard","You summon a Small air elemental to a spot within range. The air elemental is formless, nearly transparent, immune to all damage, and cannot interact with other creatures or objects. It carries an open, empty chest whose interior dimensions are 3 feet on each side. While the spell lasts, you can deposit as many items inside the chest as will fit. You can then name a living creature you have met and seen at least once before, or any creature for which you possess a body part, lock of hair, clipping from a nail, or similar portion of the creature’s body.

As soon as the lid of the chest is closed, the elemental and the chest disappear, then reappear adjacent to the target creature. If the target creature is on another plane, or if it is proofed against magical detection or location, the contents of the chest reappear on the ground at your feet.

The target creature is made aware of the chest’s contents before it chooses whether or not to open it, and knows how much of the spell’s duration remains in which it can retrieve them. No other creature can open the chest and retrieve its contents. When the spell expires or when all the contents of the chest have been removed, the elemental and the chest disappear. The elemental also disappears if the target creature orders it to return the items to you. When the elemental disappears, any items not taken from the chest reappear on the ground at your feet.

At Higher Levels.
When you cast this spell using an 8th-level spell slot, you can send the chest to a creature on a different plane of existence from you.

Material: 25 gold pieces, or mineral goods of equivalent value, which the spell consumes.",FALSE,,,,2014
Galder's Tower,3,FALSE,30 feet,"V, S, M",24 hours,FALSE,10 minutes,Conjuration,Wizard,"You conjure a two-story tower made of stone, wood, or similar suitably sturdy materials. The tower can be round or square in shape. Each level of the tower is 10 feet tall and has an area of up to 100 square feet. Access between levels consists of a simple ladder and hatch. Each level takes one of the following forms, chosen by you when you cast the spell:

The interior of the tower is warm and dry, regardless of conditions outside. Any equipment or furnishings conjured with the tower dissipate into smoke if removed from it. At the end of the spell’s duration, all creatures and objects within the tower that were not created by the spell appear safely outside on the ground, and all traces of the tower and its furnishings disappear.

You can cast this spell again while it is active to maintain the tower’s existence for another 24 hours. You can create a permanent tower by casting this spell in the same location and with the same configuration every day for one year.

At Higher Levels.
When you cast this spell using a spell slot of 4th level or higher, the tower can have one additional story for each slot level beyond 3rd.

Material: a fragment of stone, wood, or other building material.",FALSE,,,,2014
Gaseous Form,3,FALSE,Touch,"V, S, M",Up to 1 hour,TRUE,1 action,Transmutation,"Sorcerer, Warlock, Wizard","You transform a willing creature you touch, along with everything it’s wearing and carrying, into a misty cloud for the duration. The spell ends if the creature drops to 0 hit points. An incorporeal creature isn’t affected.

While in this form, the target’s only method of movement is a flying speed of 10 feet. The target can enter and occupy the space of another creature. The target has resistance to nonmagical damage, and it has advantage on Strength, Dexterity, and Constitution saving throws. The target can pass through small holes, narrow openings, and even mere cracks, though it treats liquids as though they were solid surfaces. The target can’t fall and remains hovering in the air even when stunned or otherwise incapacitated.

While in the form of a misty cloud, the target can’t talk or manipulate objects, and any objects it was carrying or holding can’t be dropped, used, or otherwise interacted with. The target can’t attack or cast spells.

Material: a bit of gauze and a wisp of smoke.",FALSE,,,,2014
Gate,9,FALSE,60 feet,"V, S, M",Up to 1 minute,TRUE,1 action,Conjuration,"Cleric, Sorcerer, Warlock (Optional), Wizard","You conjure a portal linking an unoccupied space you can see within range to a precise location on a different plane of existence. The portal is a circular opening, which you can make 5 to 20 feet in diameter. You can orient the portal in any direction you choose. The portal lasts for the duration.

The portal has a front and a back on each plane where it appears. Travel through the portal is possible only by moving through its front. Anything that does so is instantly transported to the other plane, appearing in the unoccupied space nearest to the portal.

Deities and other planar rulers can prevent portals created by this spell from opening in their presence or anywhere within their domains.

When you cast this spell, you can speak the name of a specific creature (a pseudonym, title, or nickname doesn’t work). If that creature is on a plane other than the one you are on, the portal opens in the named creature’s immediate vicinity and draws the creature through it to the nearest unoccupied space on your side of the portal. You gain no special power over the creature, and it is free to act as the DM deems appropriate. It might leave, attack you, or help you.

Material: a diamond worth at least 5,000 gp.",FALSE,,,,2014
Gate Seal,4,FALSE,60 feet,": V, S, M",24 Hours,FALSE,1 minute,Abjuration,,"Material: a broken portal key, which the spell consumes.",FALSE,,,,2014
Geas,5,FALSE,60 feet,V,30 days,FALSE,1 minute,Enchantment,"Bard, Cleric, Druid, Paladin, Wizard","You place a magical command on a creature that you can see within range, forcing it to carry out some service or refrain from some action or course of activity as you decide.

If the creature can understand you, it must succeed on a Wisdom saving throw or become charmed by you for the duration. While the creature is charmed by you, it takes 5d10 psychic damage each time it acts in a manner directly counter to your instructions, but no more than once each day. A creature that can’t understand you is unaffected by the spell.

You can issue any command you choose, short of an activity that would result in certain death. Should you issue a suicidal command, the spell ends. You can end the spell early by using an action to dismiss it. A
Remove Curse
,
Greater Restoration
, or
Wish
spell also ends it.

At Higher Levels.
When you cast this spell using a spell slot of 7th or 8th level, the duration is 1 year. When you cast this spell using a spell slot of 9th level, the spell lasts until it is ended by one of the spells mentioned above.",FALSE,,,,2014
Gentle Repose,2,TRUE,Touch,"V, S, M",10 days,FALSE,1 action,Necromancy,"Cleric, Paladin (Optional), Wizard","You touch a corpse or other remains. For the duration, the target is protected from decay and can’t become undead.

The spell also effectively extends the time limit on raising the target from the dead, since days spent under the influence of this spell don’t count against the time limit of spells such as raise dead.

Material: a pinch of salt and one copper piece placed on each of the corpse’s eyes, which must remain there for the duration.",FALSE,,,,2014
Giant Insect,4,FALSE,30 feet,"V, S",Up to 10 minutes,TRUE,1 action,Transmutation,Druid,"You transform up to ten centipedes, three spiders, five wasps, or one scorpion within range into giant versions of their natural forms for the duration. A centipede becomes a giant centipede, a spider becomes a giant spider, a wasp becomes a giant wasp, and a scorpion becomes a giant scorpion.

Each creature obeys your verbal commands, and in combat, they act on your turn each round. The DM has the statistics for these creatures and resolves their actions and movement.

A creature remains in its giant size for the duration, until it drops to 0 hit points, or until you use an action to dismiss the effect on it.

The DM might allow you to choose different targets. For example, if you transform a bee, its giant version might have the same statistics as a giant wasp.",FALSE,,,,2014
Gift of Alacrity,1,FALSE,Touch,"V, S",8 hours,FALSE,1 minute,Divination,Wizard (Dunamancy),"You touch a willing creature. For the duration, the target can add 1d8 to its initiative rolls.",FALSE,,,,2014
Gift of Gab,2,FALSE,Self,"V, S, M",Instantaneous,FALSE,"1 reaction, which you take when you speak to another creature",Enchantment,"Bard, Wizard","When you cast this spell, you skillfully reshape the memories of listeners in your immediate area, so that each creature of your choice within 5 feet of you forgets everything you said within the last 6 seconds. Those creatures then remember that you actually said the words you speak as the verbal component of the spell.

Material: 2 gold coins, which is consumed as tax for using the spell.",FALSE,,,,2014
Glibness,8,FALSE,Self,V,1 hour,FALSE,1 action,Transmutation,"Bard, Warlock","Until the spell ends, when you make a Charisma check, you can replace the number you roll with a 15. Additionally, no matter what you say, magic that would determine if you are telling the truth indicates that you are being truthful.",FALSE,,,,2014
Globe of Invulnerability,6,FALSE,Self (10-foot radius),"V, S, M",Up to 1 minute,TRUE,1 action,Abjuration,"Sorcerer, Wizard","An immobile, faintly shimmering barrier springs into existence in a 10-foot radius around you and remains for the duration.

Any spell of 5th level or lower cast from outside the barrier can’t affect creatures or objects within it, even if the spell is cast using a higher level spell slot. Such a spell can target creatures and objects within the barrier, but the spell has no effect on them. Similarly, the area within the barrier is excluded from the areas affected by such spells.

At Higher Levels.
When you cast this spell using a spell slot of 7th level or higher, the barrier blocks spells of one level higher for each slot level above 6th.

Material: a glass or crystal bead that shatters when the spell ends.",FALSE,,,,2014
Glyph of Warding,3,FALSE,Touch,"V, S, M",Until dispelled or triggered,FALSE,1 hour,Abjuration,"Artificer, Bard, Cleric, Wizard","When you cast this spell, you inscribe a glyph that creates a magical effect triggered by other creatures, either upon a surface (such as a table or a section of floor or wall) or within an object that can be closed (such as a book, a scroll, or a treasure chest) to conceal the glyph. The glyph can cover an area no larger than 10 feet in diameter. If the surface or object is moved more than 10 feet from where you cast this spell, the glyph is broken, and the spell ends without being triggered.

The glyph is nearly invisible and requires a successful Intelligence (Investigation) check against your spell save DC to be found.

You decide what triggers the glyph when you cast the spell. For glyphs inscribed on a surface, the most typical triggers include touching or standing on the glyph, removing another object covering the glyph, approaching within a certain distance of the glyph, or manipulating the object on which the glyph is inscribed. For glyphs inscribed within an object, the most common triggers include opening that object, approaching within a certain distance of the object, or seeing or reading the glyph. Once a glyph is triggered, this spell ends.

You can further refine the trigger so the spell activates only under certain circumstances or according to physical characteristics (such as height or weight), creature kind (for example, the ward could be set to affect aberrations or drow), or alignment. You can also set conditions for creatures that don’t trigger the glyph, such as those who say a certain password.

When you inscribe the glyph, choose explosive runes or a spell glyph.

Explosive Runes.
When triggered, the glyph erupts with magical energy in a 20-foot-radius sphere centered on the glyph. The sphere spreads around corners. Each creature in the area must make a Dexterity saving throw. A creature takes 5d8 acid, cold, fire, lightning, or thunder damage on a failed saving throw (your choice when you create the glyph), or half as much damage on a successful one.

Spell Glyph.
You can store a prepared spell of 3rd level or lower in the glyph by casting it as part of creating the glyph. The spell must target a single creature or an area. The spell being stored has no immediate effect when cast in this way. When the glyph is triggered, the stored spell is cast. If the spell has a target, it targets the creature that triggered the glyph. If the spell affects an area, the area is centered on that creature. If the spell summons hostile creatures or creates harmful objects or traps, they appear as close as possible to the intruder and attack it. If the spell requires concentration, it lasts until the end of its full duration.

At Higher Levels.
When you cast this spell using a spell slot of 4th level or higher, the damage of an explosive runes glyph increases by 1d8 for each slot level above 3rd. If you create a spell glyph, you can store any spell of up to the same level as the slot you use for the glyph of warding.

Material: incense and powdered diamond worth at least 200 gp, which the spell consumes.",FALSE,,,,2014
Goodberry,1,FALSE,Touch,"V, S, M",Instantaneous,FALSE,1 action,Transmutation,"Druid, Ranger","Up to ten berries appear in your hand and are infused with magic for the duration. A creature can use its action to eat one berry. Eating a berry restores 1 hit point, and the berry provides enough nourishment to sustain a creature for one day.

The berries lose their potency if they have not been consumed within 24 hours of the casting of this spell.

Material: a sprig of mistletoe.",FALSE,,,,2014
Grasping Vine,4,FALSE,30 feet,"V, S",Up to 1 minute,TRUE,1 bonus action,Conjuration,"Druid, Ranger","You conjure a vine that sprouts from the ground in an unoccupied space of your choice that you can see within range. When you cast this spell, you can direct the vine to lash out at a creature within 30 feet of it that you can see. That creature must succeed on a Dexterity saving throw or be pulled 20 feet directly toward the vine.

Until the spell ends, you can direct the vine to lash out at the same creature or another one as a bonus action on each of your turns.",FALSE,,,,2014
Gravity Fissure,6,FALSE,Self (100-foot line),"V, S, M",Instantaneous,FALSE,1 action,Evocation,Wizard,"You manifest a ravine of gravitational energy in a line originating from you that is 100 feet long and 5 feet wide. Each creature in that line must make a Constitution saving throw, taking 8d8 force damage on a failed save, or half as much damage on a successful one.

Each creature within 10 feet of the line but not in it must succeed on a Constitution saving throw or take 8d8 force damage and be pulled toward the line until the creature is in its area.

At Higher Levels.
When you cast this spell using a spell slot of 7th level or higher, the damage increases by 1d8 for each slot level above 6th.

Material: a fistful of iron filings.",FALSE,,,,2014
Gravity Sinkhole,4,FALSE,120 feet,"V, S, M",Instantaneous,FALSE,1 action,Evocation,Wizard,"A 20-foot-radius sphere of crushing force forms at a point you can see within range and tugs at the creatures there. Each creature in the sphere must make a Constitution saving throw. On a failed save, the creature takes 5d10 force damage, and is pulled in a straight line toward the center of the sphere, ending in an unoccupied space as close to the center as possible (even if that space is in the air). On a successful save, the creature takes half as much damage and isn't pulled.

At Higher Levels.
When you cast this spell using a spell slot of 5th level or higher, the damage increases by 1d10 for each slot level above 4th.

Material: a black marble.",FALSE,,,,2014
Grease,1,FALSE,60 feet,"V, S, M",1 minute,FALSE,1 action,Conjuration,"Artificer, Sorcerer (Optional), Wizard","Slick grease covers the ground in a 10-foot square centered on a point within range and turns it into difficult terrain for the duration.

When the grease appears, each creature standing in its area must succeed on a Dexterity saving throw or fall prone. A creature that enters the area or ends its turn there must also succeed on a Dexterity saving throw or fall prone.

Material: a bit of pork rind or butter.",FALSE,,,,2014
Greater Invisibility,4,FALSE,Touch,"V, S",Up to 1 minute,TRUE,1 action,Illusion,"Bard, Sorcerer, Wizard",You or a creature you touch becomes invisible until the spell ends. Anything the target is wearing or carrying is invisible as long as it is on the target’s person.,FALSE,,,,2014
Greater Restoration,5,FALSE,Touch,"V, S, M",Instantaneous,FALSE,1 action,Abjuration,"Artificer, Bard, Cleric, Druid, Ranger (Optional)","You imbue a creature you touch with positive energy to undo a debilitating effect. You can reduce the target’s exhaustion level by one, or end one of the following effects on the target:

Material: diamond dust worth at least 100 gp, which the spell consumes.",FALSE,,,,2014
Green-Flame Blade,0,FALSE,Self (5-foot radius),"S, M",Instantaneous,FALSE,1 action,Evocation,"Artificer, Sorcerer (Optional), Warlock (Optional), Wizard (Optional)","You brandish the weapon used in the spell’s casting and make a melee attack with it against one creature within 5 feet of you. On a hit, the target suffers the weapon attack’s normal effects, and you can cause green fire to leap from the target to a different creature of your choice that you can see within 5 feet of it. The second creature takes fire damage equal to your spellcasting ability modifier.

At Higher Levels.
At 5th level, the melee attack deals an extra 1d8 fire damage to the target on a hit, and the fire damage to the second creature increases to 1d8 + your spellcasting ability modifier. Both damage rolls increase by 1d8 at 11th level (2d8 and 2d8) and 17th level (3d8 and 3d8).

Material: a melee weapon worth at least 1 sp.",FALSE,,,,2014
Guardian of Faith,4,FALSE,30 feet,V,8 hours,FALSE,1 action,Conjuration,Cleric,"A Large spectral guardian appears and hovers for the duration in an unoccupied space of your choice that you can see within range. The guardian occupies that space and is indistinct except for a gleaming sword and shield emblazoned with the symbol of your deity.

Any creature hostile to you that moves to a space within 10 feet of the guardian for the first time on a turn must succeed on a Dexterity saving throw. The creature takes 20 radiant damage on a failed save, or half as much damage on a successful one. The guardian vanishes when it has dealt a total of 60 damage.",FALSE,,,,2014
Guardian of Nature,4,FALSE,Self,V,Up to 1 minute,TRUE,1 bonus action,Transmutation,"Druid, Ranger","A nature spirit answers your call and transforms you into a powerful guardian. The transformation lasts until the spell ends. You choose one of the following forms to assume: Primal Beast or Great Tree.

Primal Beast.
Bestial fur covers your body, your facial features become feral, and you gain the following benefits:

Great Tree.
Your skin appears barky, leaves sprout from your hair, and you gain the following benefits:",FALSE,,,,2014
Guards and Wards,6,FALSE,Touch,"V, S, M",24 hours,FALSE,10 minutes,Abjuration,"Bard, Wizard","You create a ward that protects up to 2,500 square feet of floor space (an area 50 feet square, or one hundred 5-foot squares or twenty-five 10-foot squares). The warded area can be up to 20 feet tall, and shaped as you desire. You can ward several stories of a stronghold by dividing the area among them, as long as you can walk into each contiguous area while you are casting the spell.

When you cast this spell, you can specify individuals that are unaffected by any or all of the effects that you choose. You can also specify a password that, when spoken aloud, makes the speaker immune to these effects.

Guards and Wards creates the following effects within the warded area.

The whole warded area radiates magic. A
Dispel Magic
cast on a specific effect, if successful, removes only that effect. You can create a permanently Guarded and Warded structure by casting this spell there every day for one year.

Material: burning incense, a small measure of brimstone and oil, a knotted string, a small amount of umber hulk blood, and a small silver rod worth at least 10 gp.",FALSE,,,,2014
Guidance,0,FALSE,Touch,"V, S",Up to 1 minute,TRUE,1 action,Divination,"Artificer, Cleric, Druid","You touch one willing creature. Once before the spell ends, the target can roll a d4 and add the number rolled to one ability check of its choice. It can roll the die before or after making the ability check. The spell then ends.",FALSE,,,,2014
Guiding Bolt,1,FALSE,120 feet,"V, S",1 round,FALSE,1 action,Evocation,Cleric,"A flash of light streaks toward a creature of your choice within range. Make a ranged spell attack against the target. On a hit, the target takes 4d6 radiant damage, and the next attack roll made against this target before the end of your next turn has advantage, thanks to the mystical dim light glittering on the target until then.

At Higher Levels.
When you cast this spell using a spell slot of 2nd level or higher, the damage increases by 1d6 for each slot level above 1st.",FALSE,,,,2014
Guiding Hand (UA),1,TRUE,5 feet,"V, S",Up to 8 hours,TRUE,1 minute,Divination,"Bard, Cleric, Druid, Wizard","You create a Tiny incorporeal hand of shimmering light in an unoccupied space you can see within range. The hand exists for the duration, but it disappears if you teleport or you travel to a different plane of existence.

When the hand appears, you name one major landmark, such as a city, mountain, castle, or battlefield on the same plane of existence as you. Someone in history must have visited the site and mapped it. If the landmark appears on no map in existence, the spell fails. Otherwise, whenever you move toward the hand, it moves away from you at the same speed you moved, and it moves in the direction of the landmark, always remaining 5 feet away from you.

If you don’t move toward the hand, it remains in place until you do and beckons for you to follow once every 1d4 minutes.",FALSE,,,,2014
Gust,0,FALSE,30 feet,"V, S",Instantaneous,FALSE,1 action,Transmutation,"Druid, Sorcerer, Wizard",You seize the air and compel it to create one of the following effects at a point you can see within range:,FALSE,,,,2014
Gust of Wind,2,FALSE,Self (60-foot line),"V, S, M",Up to 1 minute,TRUE,1 action,Evocation,"Druid, Ranger (Optional), Sorcerer, Wizard","A line of strong wind 60 feet long and 10 feet wide blasts from you in a direction you choose for the spell’s duration. Each creature that starts its turn in the line must succeed on a Strength saving throw or be pushed 15 feet away from you in a direction following the line.

Any creature in the line must spend 2 feet of movement for every 1 foot it moves when moving closer to you.

The gust disperses gas or vapor, and it extinguishes candles, torches, and similar unprotected flames in the area. It causes protected flames, such as those of lanterns, to dance wildly and has a 50 percent chance to extinguish them.

As a bonus action on each of your turns before the spell ends, you can change the direction in which the line blasts from you.

Material: a legume seed.",FALSE,,,,2014
Hail of Thorns,1,FALSE,Self,V,Up to 1 minute,TRUE,1 bonus action,Conjuration,Ranger,"The next time you hit a creature with a ranged weapon attack before the spell ends, this spell creates a rain of thorns that sprouts from your ranged weapon or ammunition. In addition to the normal effect of the attack, the target of the attack and each creature within 5 feet of it must make a Dexterity saving throw. A creature takes 1d10 piercing damage on a failed save, or half as much damage on a successful one.

At Higher Levels.
If you cast this spell using a spell slot of 2nd level or higher, the damage increases by 1d10 for each slot level above 1st (to a maximum of 6d10).",FALSE,,,,2014
Hallow,5,FALSE,Touch,"V, S, M",Until dispelled,FALSE,24 hours,Evocation,Cleric,"You touch a point and infuse an area around it with holy (or unholy) power. The area can have a radius up to 60 feet, and the spell fails if the radius includes an area already under the effect a hallow spell. The affected area is subject to the following effects.

First, celestials, elementals, fey, fiends, and undead can’t enter the area, nor can such creatures charm, frighten, or possess creatures within it. Any creature charmed, frightened, or possessed by such a creature is no longer charmed, frightened, or possessed upon entering the area. You can exclude one or more of those types of creatures from this effect.

Second, you can bind an extra effect to the area. Choose the effect from the following list, or choose an effect offered by the DM. Some of these effects apply to creatures in the area; you can designate whether the effect applies to all creatures, creatures that follow a specific deity or leader, or creatures of a specific sort, such as orcs or trolls. When a creature that would be affected enters the spell’s area for the first time on a turn or starts its turn there, it can make a Charisma saving throw. On a success, the creature ignores the extra effect until it leaves the area.

Material: herbs, oils, and incense worth at least 1,000 gp, which the spell consumes.",FALSE,,,,2014
Hallucinatory Terrain,4,FALSE,300 feet,"V, S, M",24 hours,FALSE,10 minutes,Illusion,"Bard, Druid, Warlock, Wizard","You make natural terrain in a 150-foot cube in range look, sound, and smell like some other sort of natural terrain. Thus, open fields or a road can be made to resemble a swamp, hill, crevasse, or some other difficult or impassable terrain. A pond can be made to seem like a grassy meadow, a precipice like a gentle slope, or a rock-strewn gully like a wide and smooth road. Manufactured structures, equipment, and creatures within the area aren’t changed in appearance.

The tactile characteristics of the terrain are unchanged, so creatures entering the area are likely to see through the illusion. If the difference isn’t obvious by touch, a creature carefully examining the illusion can attempt an Intelligence (Investigation) check against your spell save DC to disbelieve it. A creature who discerns the illusion for what it is, sees it as a vague image superimposed on the terrain.

Material: a stone, a twig, and a bit of green plant.",FALSE,,,,2014
Hand of Radiance (UA),0,FALSE,5 feet,"V, S",Instantaneous,FALSE,1 action,Evocation,,"You raise your hand, and burning radiance erupts from it. Each creature of your choice that you can see within 5 feet of you must succeed on a Constitution saving throw or take 1d6 radiant damage.

At Higher Levels:
The spell's damage increases by 1d6 when you reach 5th level (2d6), 11th level (3d6), and 17th level (4d6).

Spell Lists:
Cleric",FALSE,,,,2014
Harm,6,FALSE,60 feet,"V, S",Instantanous,FALSE,1 action,Necromancy,Cleric,"You unleash a virulent disease on a creature that you can see within range. The target must make a Constitution saving throw. On a failed save, it takes 14d6 necrotic damage, or half as much damage on a successful save. The damage can’t reduce the target’s hit points below 1. If the target fails the saving throw, its hit point maximum is reduced for 1 hour by an amount equal to the necrotic damage it took. Any effect that removes a disease allows a creature’s hit point maximum to return to normal before that time passes.",FALSE,,,,2014
Haste,3,FALSE,30 feet,"V, S, M",Up to 1 minute,TRUE,1 action,Transmutation,"Artificer, Sorcerer, Wizard","Choose a willing creature that you can see within range. Until the spell ends, the target’s speed is doubled, it gains a +2 bonus to AC, it has advantage on Dexterity saving throws, and it gains an additional action on each of its turns. That action can be used only to take the Attack (one weapon attack only), Dash, Disengage, Hide, or Use an Object action.

When the spell ends, the target can’t move or take actions until after its next turn, as a wave of lethargy sweeps over it.

Material: a shaving of licorice root.",FALSE,,,,2014
Haywire (UA),3,FALSE,90 feet,"V, S",Up to 1 minute,TRUE,1 action,Enchantment,"Sorcerer, Warlock, Wizard","This spell plays havoc with electronic devices, making the use of such devices all but impossible. Each electronic device in a 10-foot-radius sphere centered on a point you choose within range is subject to random behavior while it remains within the area. A device not held by a creature is automatically affected. If an electronic device is held by a creature, that creature must succeed on a Wisdom saving throw or have the device affected by the spell.

At the start of each of your turns, roll a d6 for each affected device to determine its behavior. Except where otherwise indicated, that behavior lasts until the start of your next turn while this spell is in effect.

At Higher Levels.
When you cast this spell using a spell slot of 4th level or higher, the radius of the sphere affected by the spell increases by 5 feet for each slot level above 3rd.",FALSE,,,,2014
Heal,6,FALSE,60 feet,"V, S",Instantaneous,FALSE,1 action,Evocation,"Cleric, Druid","Choose a creature that you can see within range. A surge of positive energy washes through the creature, causing it to regain 70 hit points. The spell also ends blindness, deafness, and any diseases affecting the target. This spell has no effect on constructs or undead.

At Higher Levels.
When you cast this spell using a spell slot of 7th level or higher, the amount of healing increases by 10 for each slot level above 6th.",FALSE,,,,2014
Healing Elixir (UA),1,FALSE,Self,"V, S, M",24 hours,FALSE,1 minute,Conjuration,"Warlock, Wizard","You create a healing elixir in a simple vial that appears in your hand. The elixir retains its potency for the duration or until it’s consumed, at which point the vial vanishes.

As an action, a creature can drink the elixir or administer it to another creature. The drinker regains 2d4 + 2 hit points.

Material: alchemist’s supplies.",FALSE,,,,2014
Healing Spirit,2,FALSE,60 feet,"V, S",Up to 1 minute,TRUE,1 bonus action,Conjuration,"Druid, Ranger","You call forth a nature spirit to soothe the wounded. The intangible spirit appears in a space that is a 5-foot cube you can see within range. The spirit looks like a transparent beast or fey (your choice).

Until the spell ends, whenever you or a creature you can see moves into the spirit's space for the first time on a turn or starts its turn there, you can cause the spirit to restore 1d6 hit points to that creature (no action required). The spirit can’t heal constructs or undead.

As a bonus action on your turn, you can move the Spirit up to 30 feet to a space you can see. The spirit can heal a number of times equal to 1 + your spellcasting ability modifier (minimum of twice). After healing that number of times, the spirit disappears.

At Higher Levels.
When you cast this spell using a spell slot of 3rd level or higher, the healing increases 1d6 for each slot level above 2nd.",FALSE,,,,2014
Healing Word,1,FALSE,60 feet,V,Instantaneous,FALSE,1 bonus action,Evocation,"Bard, Cleric, Druid","A creature of your choice that you can see within range regains hit points equal to 1d4 + your spellcasting ability modifier. This spell has no effect on undead or constructs.

At Higher Levels.
When you cast this spell using a spell slot of 2nd level or higher, the healing increases by 1d4 for each slot level above 1st.",FALSE,,,,2014
Heat Metal,2,FALSE,60 feet,"V, S, M",Up to 1 minute,TRUE,1 action,Transmutation,"Artificer, Bard, Druid","Choose a manufactured metal object, such as a metal weapon or a suit of heavy or medium metal armor, that you can see within range. You cause the object to glow red-hot. Any creature in physical contact with the object takes 2d8 fire damage when you cast the spell. Until the spell ends, you can use a bonus action on each of your subsequent turns to cause this damage again.

If a creature is holding or wearing the object and takes the damage from it, the creature must succeed on a Constitution saving throw or drop the object if it can. If it doesn’t drop the object, it has disadvantage on attack rolls and ability checks until the start of your next turn.

At Higher Levels.
When you cast this spell using a spell slot of 3rd level or higher, the damage increases by 1d8 for each slot level above 2nd.

Material: a piece of iron and a flame.",FALSE,,,,2014
Hellish Rebuke,1,FALSE,60 feet,"V, S",Instantaneous,FALSE,"1 reaction, which you take when you are damaged by a creature within 60 feet of you that you can see",Evocation,Warlock,"You point your finger, and the creature that damaged you is momentarily surrounded by hellish flames. The creature must make a Dexterity saving throw. It takes 2d10 fire damage on a failed save, or half as much damage on a successful one.

At Higher Levels.
When you cast this spell using a spell slot of 2nd level or higher, the damage increases by 1d10 for each slot level above 1st.",FALSE,,,,2014
Heroes' Feast,6,FALSE,30 feet,"V, S, M",Instantaneous,FALSE,10 minutes,Conjuration,"Bard (Optional), Cleric, Druid","You bring forth a great feast, including magnificent food and drink. The feast takes 1 hour to consume and disappears at the end of that time, and the beneficial effects don’t set in until this hour is over. Up to twelve creatures can partake of the feast.

A creature that partakes of the feast gains several benefits. The creature is cured of all diseases and poison, becomes immune to poison and being frightened, and makes all Wisdom saving throws with advantage. Its hit point maximum also increases by 2d10, and it gains the same number of hit points. These benefits last for 24 hours.

Material: a gem-encrusted bowl worth at least 1,000 gp, which the spell consumes.",FALSE,,,,2014
Heroism,1,FALSE,Touch,"V, S",Up to 1 minute,TRUE,1 action,Enchantment,"Bard, Paladin","A willing creature you touch is imbued with bravery. Until the spell ends, the creature is immune to being frightened and gains temporary hit points equal to your spellcasting ability modifier at the start of each of its turns. When the spell ends, the target loses any remaining temporary hit points from this spell.

At Higher Levels.
When you cast this spell using a spell slot of 2nd level or higher, you can target one additional creature for each slot level above 1st.",FALSE,,,,2014
Hex,1,FALSE,90 feet,"V, S, M",Up to 1 hour,TRUE,1 bonus action,Enchantment,Warlock,"You place a curse on a creature that you can see within range. Until the spell ends, you deal an extra 1d6 necrotic damage to the target whenever you hit it with an attack. Also, choose one ability when you cast the spell. The target has disadvantage on ability checks made with the chosen ability.

If the target drops to 0 hit points before this spell ends, you can use a bonus action on a subsequent turn of yours to curse a new creature.

A
Remove Curse
cast on the target ends this spell early.

At Higher Levels.
When you cast this spell using a spell slot of 3rd or 4th level, you can maintain your concentration on the spell for up to 8 hours. When you use a spell slot of 5th level or higher, you can maintain your concentration on the spell for up to 24 hours.

Material: the petrified eye of a newt.",FALSE,,,,2014
Hold Monster,5,FALSE,90 feet,"V, S, M",Up to 1 minute,TRUE,1 action,Enchantment,"Bard, Sorcerer, Warlock, Wizard","Choose a creature that you can see within range. The target must succeed on a Wisdom saving throw or be paralyzed for the duration. This spell has no effect on undead. At the end of each of its turns, the target can make another Wisdom saving throw. On a success, the spell ends on the target.

At Higher Levels.
When you cast this spell using a spell slot of 6th level or higher, you can target one additional creature for each slot level above 5th. The creatures must be within 30 feet of each other when you target them.

Material: a small, straight piece of iron.",FALSE,,,,2014
Hold Person,2,FALSE,60 feet,"V, S, M",Up to 1 minute,TRUE,1 action,Enchantment,"Bard, Cleric, Druid, Sorcerer, Warlock, Wizard","Choose a humanoid that you can see within range. The target must succeed on a Wisdom saving throw or be paralyzed for the duration. At the end of each of its turns, the target can make another Wisdom saving throw. On a success, the spell ends on the target.

At Higher Levels.
When you cast this spell using a spell slot of 3rd level or higher, you can target one additional humanoid for each slot level above 2nd. The humanoids must be within 30 feet of each other when you target them.

Material: a small, straight piece of iron.",FALSE,,,,2014
Holy Aura,8,FALSE,Self,"V, S, M",Up to 1 minute,TRUE,1 action,Abjuration,Cleric,"Divine light washes out from you and coalesces in a soft radiance in a 30-foot radius around you. Creatures of your choice in that radius when you cast this spell shed dim light in a 5-foot radius and have advantage on all saving throws, and other creatures have disadvantage on attack rolls against them until the spell ends. In addition, when a fiend or an undead hits an affected creature with a melee attack, the aura flashes with brilliant light. The attacker must succeed on a Constitution saving throw or be blinded until the spell ends.

Material: a tiny reliquary worth at least 1,000 gp containing a sacred relic, such as a scrap of cloth from a saint’s robe or a piece of parchment from a religious text.",FALSE,,,,2014
Holy Weapon,5,FALSE,Touch,"V, S",Up to 1 hour,TRUE,1 bonus action,Evocation,"Cleric, Paladin","You imbue a weapon you touch with holy power. Until the spell ends, the weapon emits bright light in a 30-foot radius and dim light for an additional 30 feet. In addition, weapon attacks made with it deal an extra 2d8 radiant damage on a hit. If the weapon isn’t already a magic weapon, it becomes one for the duration. As a bonus action on your turn, you can dismiss this spell and cause the weapon to emit a burst of radiance. Each creature of your choice that you can see within 30 feet of the weapon must make a Constitution saving throw. On a failed save, a creature takes 4d8 radiant damage, and it is blinded for 1 minute. On a successful save, a creature takes half as much damage and isn’t blinded. At the end of each of its turns, a blinded creature can make a Constitution saving throw, ending the effect on itself on a success.",FALSE,,,,2014
House of Cards (UA),3,FALSE,Touch,"V, S, M",24 hours,FALSE,1 minute,Conjuration,"Artificer, Bard, Sorcerer, Wizard","You touch the ground and conjure forth a defensive structure made of enormous playing cards. The structure rises with you at its center, harmlessly lifting you and any creatures in the area. The house of cards has a square base that is 30 feet on each side, and it has three floors with 10-foot-high ceilings. The second floor is 20 feet on each side, and the top floor is 10 feet on each side—both centered above the bottom floor. Ramps connect the interior of each floor, and empty doorframes connect the interior and exterior of each level. Creatures inside or on top of the structure have half cover.

Each card that comprises the house is 5 feet wide and 10 feet tall and is very fragile. A card has AC 10 and 1 hit point. The cards are immune to poison and psychic damage. Reducing a card to 0 hit points destroys it. Every time a card is destroyed, roll 1d6. If you roll a 5 or a 6, the house collapses, ending the spell.

The house and all its cards vanish when the spell ends.

Material: a deck of cards.",FALSE,,,,2014
Hunger Of Hadar,3,FALSE,150 feet,"V, S, M",Up to 1 minute,TRUE,1 action,Conjuration,Warlock,"You open a gateway to the dark between the stars, a region infested with unknown horrors. A 20-foot-radius sphere of blackness and bitter cold appears, centered on a point within range and lasting for the duration. This void is filled with a cacophony of soft whispers and slurping noises that can be heard up to 30 feet away. No light, magical or otherwise, can illuminate the area, and creatures fully within the area are blinded.

The void creates a warp in the fabric of space, and the area is difficult terrain. Any creature that starts its turn in the area takes 2d6 cold damage. Any creature that ends its turn in the area must succeed on a Dexterity saving throw or take 2d6 acid damage as milky, otherworldly tentacles rub against it.

Material: a pickled octopus tentacle.",FALSE,,,,2014
Hunter's Mark,1,FALSE,90 feet,V,Up to 1 hour,TRUE,1 bonus action,Divination,Ranger,"You choose a creature you can see within range and mystically mark it as your quarry. Until the spell ends, you deal an extra 1d6 damage to the target whenever you hit it with a weapon attack, and you have advantage on any Wisdom (Perception) or Wisdom (Survival) check you make to find it.

If the target drops to 0 hit points before this spell ends, you can use a bonus action on a subsequent turn of yours to mark a new creature.

At Higher Levels.
When you cast this spell using a spell slot of 3rd or 4th level, you can maintain your concentration on the spell for up to 8 hours. When you use a spell slot of 5th level or higher, you can maintain your concentration on the spell for up to 24 hours.",FALSE,,,,2014
Hypnotic Pattern,3,FALSE,120 feet,"S, M",Up to 1 minute,TRUE,1 action,Illusion,"Bard, Sorcerer, Warlock, Wizard","You create a twisting pattern of colors that weaves through the air inside a 30-foot cube within range. The pattern appears for a moment and vanishes. Each creature in the area who sees the pattern must make a Wisdom saving throw. On a failed save, the creature becomes charmed for the duration. While charmed by this spell, the creature is incapacitated and has a speed of 0.

The spell ends for an affected creature if it takes any damage or if someone else uses an action to shake the creature out of its stupor.

Material: a glowing stick of incense or a crystal vial filled with phosphorescent material.",FALSE,,,,2014
Ice Knife,1,FALSE,60 feet,"S, M",Instantaneous,FALSE,1 action,Conjuration,"Druid, Sorcerer, Wizard","You create a shard of ice and fling it at one creature within range. Make a ranged spell attack against the target. On a hit, the target takes 1d10 piercing damage. Hit or miss, the shard then explodes. The target and each creature within 5 feet of the point where the ice exploded must succeed on a Dexterity saving throw or take 2d6 cold damage.

At Higher Levels.
When you cast this spell using a spell slot of 2nd level or higher, the cold damage increases by 1d6 for each slot level above 1st.

Material: a drop of water or piece of ice.",FALSE,,,,2014
Ice Storm,4,FALSE,300 feet,"V, S, M",Instantaneous,FALSE,1 action,Evocation,"Druid, Sorcerer, Wizard","A hail of rock-hard ice pounds to the ground in a 20-foot-radius, 40-foot-high cylinder centered on a point within range. Each creature in the cylinder must make a Dexterity saving throw. A creature takes 2d8 bludgeoning damage and 4d6 cold damage on a failed save, or half as much damage on a successful one.

Hailstones turn the storm’s area of effect into difficult terrain until the end of your next turn.

At Higher Levels.
When you cast this spell using a spell slot of 5th level or higher, the bludgeoning damage increases by 1d8 for each slot level above 4th.

Material: a pinch of dust and a few drops of water.",FALSE,,,,2014
Icingdeath's Frost (UA),2,FALSE,Self (15-foot cone),"S, M",Instantaneous,FALSE,1 action,Evocation,"Sorcerer, Wizard","A burst of icy cold energy emanates from you in a 30-foot cone. Each creature in that area must make a Constitution saving throw. On a failed save, a creature takes 3d8 cold damage and is covered in ice for 1 minute or until a creature uses its action to break the ice off itself or another creature. A creature covered in ice has its speed reduced to 0. On a successful save, a creature takes half as much damage with no additional effects.

At Higher Levels.
When you cast this spell using a spell slot of 3rd level or higher, increase the cold damage by 1d8 for each slot level above 2nd.

Material: a vial of meltwater.",FALSE,,,,2014
Id Insinuation (UA),1,FALSE,60 feet,"V, S",Up to 1 minute,TRUE,1 action,Enchantment,"Sorcerer, Warlock, Wizard","You unleash a torrent of conflicting desires in the mind of one creature you can see within range, impairing its ability to make decisions. The target must succeed on a Wisdom saving throw or be incapacitated. At the end of each of its turns, it takes 1d12 psychic damage, and it can then make another Wisdom saving throw. On a success, the spell ends on the target.",FALSE,,,,2014
Identify,1,TRUE,Touch,"V, S, M",Instantaneous,FALSE,1 minute,Divination,"Artificer, Bard, Wizard","You choose one object that you must touch throughout the casting of the spell. If it is a magic item or some other magic-imbued object, you learn its properties and how to use them, whether it requires attunement to use, and how many charges it has, if any. You learn whether any spells are affecting the item and what they are. If the item was created by a spell, you learn which spell created it.

If you instead touch a creature throughout the casting, you learn what spells, if any, are currently affecting it.

Material: a pearl worth at least 100 gp and an owl feather.",FALSE,,,,2014
Illusory Dragon,8,FALSE,120 feet,S,Up to 1 minute,TRUE,1 action,Illusion,Wizard,"By gathering threads of shadow material from the Shadowfell, you create a Huge shadowy dragon in an unoccupied space that you can see within range. The illusion lasts for the spell’s duration and occupies its space, as if it were a creature.

When the illusion appears, any of your enemies that can see it must succeed on a Wisdom saving throw or become frightened of it for 1 minute. If a frightened creature ends its turn in a location where it doesn’t have line of sight to the illusion, it can repeat the saving throw, ending the effect on itself on a success.

As a bonus action on your turn, you can move the illusion up to 60 feet. At any point during its movement, you can cause it to exhale a blast of energy in a 60-foot cone originating from its space.

When you create the dragon, choose a damage type: acid, cold, fire, lightning, necrotic, or poison. Each creature in the cone must make an Intelligence saving throw, taking 7d6 damage of the chosen damage type on a failed save, or half as much damage on a successful one.

The illusion is tangible because of the shadow stuff used to create it, but attacks miss it automatically. it succeeds on all saving throws, and it is immune to all damage and conditions. A creature that uses an action to examine the dragon can determine that it is an illusion by succeeding on an Intelligence (Investigation) check against your spell save DC. If a creature discerns the illusion for what it is, the creature can see through it and has advantage on saving throws against its breath.",FALSE,,,,2014
Illusory Script,1,TRUE,Touch,"S, M",10 days,FALSE,1 minute,Illusion,"Bard, Warlock, Wizard","You write on parchment, paper, or some other suitable writing material and imbue it with a potent illusion that lasts for the duration.

To you and any creatures you designate when you cast the spell, the writing appears normal, written in your hand, and conveys whatever meaning you intended when you wrote the text. To all others, the writing appears as if it were written in an unknown or magical script that is unintelligible. Alternatively, you can cause the writing to appear to be an entirely different message, written in a different hand and language, though the language must be one you know.

Should the spell be dispelled, the original script and the illusion both disappear. A creature with truesight can read the hidden message.

Material: a lead-based ink worth at least 10 gp, which the spell consumes.",FALSE,,,,2014
Immolation,5,FALSE,90 feet,V,Up to 1 minute,TRUE,1 action,Evocation,"Sorcerer, Wizard","Flames wreathe one creature you can see within range. The target must make a Dexterity saving throw. It takes 8d6 fire damage on a failed save, or half as much damage on a successful one. On a failed save, the target also burns for the spell’s duration. The burning target sheds bright light in a 30-foot radius and dim light for an additional 30 feet. At the end of each of its turns, the target repeats the saving throw. It takes 4d6 fire damage on a failed save, and the spell ends on a successful one. These magical flames can’t be extinguished by nonmagical means.

If damage from this spell kills a target, the target is turned to ash.",FALSE,,,,2014
Immovable Object,2,FALSE,Touch,"V, S, M",1 hour,FALSE,1 action,Transmutation,Wizard (Graviturgy),"You touch an object that weighs no more than 10 pounds and cause it to become magically fixed in place. You and the creatures you designate when you cast this spell can move the object normally. You can also set a password that, when spoken within 5 feet of the object, suppresses this spell for 1 minute.

If the object is fixed in the air, it can hold up to 4,000 pounds of weight. More weight causes the object to fall. Otherwise, a creature can use an action to make a Strength check against your spell save DC. On a success, the creature can move the object up to 10 feet.

At Higher Levels.
If you cast this spell using a spell slot of 4th or 5th level, the DC to move the object increases by 5, it can carry up to 8,000 pounds of weight, and the duration increases to 24 hours. If you cast this spell using a spell slot of 6th level or higher, the DC to move the object increases by 10, it can carry up to 20,000 pounds of weight, and the effect is permanent until dispelled.

Material: gold dust worth at least 25 gp, which the spell consumes.",FALSE,,,,2014
Imprisonment,9,FALSE,30 feet,"V, S, M",Until dispelled,FALSE,1 minute,Abjuration,"Warlock, Wizard","You create a magical restraint to hold a creature that you can see within range. The target must succeed on a Wisdom saving throw or be bound by the spell; if it succeeds, it is immune to this spell if you cast it again. While affected by this spell, the creature doesn't need to breathe, eat, or drink, and it doesn’t age. Divination spells can’t locate or perceive the target.

During the casting of the spell, in any of its versions, you can specify a condition that will cause the spell to end and release the target. The condition can be as specific or as elaborate as you choose, but the DM must agree that the condition is reasonable and has a likelihood of coming to pass. The conditions can be based on a creature’s name, identity, or deity but otherwise must be based on observable actions or qualities and not based on intangibles such as level, class, or hit points.

A
Dispel Magic
spell can end the spell only if it is cast as a 9th-level spell, targeting either the prison or the special component used to create it.

You can use a particular special component to create only one prison at a time. If you cast the spell again using the same component, the target of the first casting is immediately freed from its binding.

When you cast the spell, you choose one of the following forms of imprisonment.

Material: a vellum depiction or a carved statuette in the likeness of the target, and a special component that varies according to the version of the spell you choose, worth at least 500 gp per Hit Die of the target.",FALSE,,,,2014
Incendiary Cloud,8,FALSE,150 feet,"V, S",Up to 1 minute,TRUE,1 action,Conjuration,"Druid (Optional), Sorcerer, Wizard","A swirling cloud of smoke shot through with white-hot embers appears in a 20-foot-radius sphere centered on a point within range. The cloud spreads around corners and is heavily obscured. It lasts for the duration or until a wind of moderate or greater speed (at least 10 miles per hour) disperses it.

When the cloud appears, each creature in it must make a Dexterity saving throw. A creature takes 10d8 fire damage on a failed save, or half as much damage on a successful one. A creature must also make this saving throw when it enters the spell’s area for the first time on a turn or ends its turn there.

The cloud moves 10 feet directly away from you in a direction that you choose at the start of each of your turns.",FALSE,,,,2014
Incite Greed,3,FALSE,30 feet,"V, S, M",Up to 1 minute,TRUE,1 action,Enchantment,"Cleric, Sorcerer, Warlock, Wizard","When you cast this spell, you present the gem used as the material component and choose any number of creatures within range that can see you. Each target must succeed on a Wisdom saving throw or be charmed by you until the spell ends, or until you or your companions do anything harmful to it. While charmed in this way, a creature can do nothing but use its movement to approach you in a safe manner. While an affected creature is within 5 feet of you, it cannot move, but simply stares greedily at the gem you present.

At the end of each of its turns, an affected target can make a Wisdom saving throw. If it succeeds, this effect ends for that target.

Material: a gem worth at least 50 gp.",FALSE,,,,2014
Infallible Relay (UA),1,FALSE,Self,"V, S, M",Up to 10 minutes,TRUE,1 minute,Divination,"Sorcerer, Warlock, Wizard","With this spell, you can target any creature with whom you have spoken previously, as long as the two of you are on the same plane of existence. When you cast the spell, the nearest functioning telephone or similar communications device within 100 feet of the target begins to ring. If there is no suitable device close enough to the target, the spell fails.

The target must make a successful Charisma saving throw or be compelled to answer your call. Once the connection is established, the call is crystal clear and cannot be dropped until the conversation has ended or the spell’s duration ends. You can end the conversation at any time, but a target must succeed on a Charisma saving throw to end the conversation.

Material: a mobile phone.",FALSE,,,,2014
Infernal Calling,5,FALSE,90 feet,"V, S, M",Up to 1 hour,TRUE,1 minute,Conjuration,"Warlock, Wizard","Uttering a dark incantation, you summon a devil from the Nine Hells. You choose the devil’s type, which must be one of challenge rating 6 or lower, such as a barbed devil or a bearded devil. The devil appears in an unoccupied space that you can see within range. The devil disappears when it drops to 0 hit points or when the spell ends.

The devil is unfriendly toward you and your companions. Roll initiative for the devil, which has its own turns. It is under the Dungeon Master’s control and acts according to its nature on each of its turns, which might result in its attacking you if it thinks it can prevail, or trying to tempt you to undertake an evil act in exchange for limited service. The DM has the creature’s statistics.

On each of your turns, you can try to issue a verbal command to the devil (no action required by you). It obeys the command if the likely outcome is in accordance with its desires, especially if the result would draw you toward evil. Otherwise, you must make a Charisma (Deception, Intimidation, or Persuasion) check contested by its Wisdom (Insight) check. You make the check with advantage if you say the devil’s true name. If your check fails, the devil becomes immune to your verbal commands for the duration of the spell, though it can still carry out your commands if it chooses. If your check succeeds, the devil carries out your command— such as “attack my enemies,” “explore the room ahead,"" or “bear this message to the queen""—until it completes the activity, at which point it returns to you to report having done so.

If your concentration ends before the spell reaches its full duration, the devil doesn't disappear if it has become immune to your verbal commands. Instead, it acts in whatever manner it chooses for 3d6 minutes, and then it disappears.

If you possess an individual devil’s talisman, you can summon that devil if it is of the appropriate challenge rating plus 1, and it obeys all your commands, with no Charisma checks required.

At Higher Levels
When you cast this spell using a spell slot of 6th level or higher, the challenge rating increases by 1 for each slot level above 5th.

Material: a ruby worth at least 999 gp.",FALSE,,,,2014
Infestation,0,FALSE,30 feet,"V, S, M",Instantaneous,FALSE,1 action,Conjuration,"Druid, Sorcerer, Warlock, Wizard","You cause a cloud of mites, fleas, and other parasites to appear momentarily on one creature you can see within range. The target must succeed on a Constitution saving throw, or it takes 1d6 poison damage and moves 5 feet in a random direction if it can move and its speed is at least 5 feet. Roll a d4 for the direction: 1, north; 2, south; 3, east; or 4, west. This movement doesn’t provoke opportunity attacks, and if the direction rolled is blocked, the target doesn't move.

At Higher Levels.
The spell’s damage increases by 1d6 when you reach 5th level (2d6), 11th level (3d6), and 17th level (4d6).

Material: a living flea.",FALSE,,,,2014
Inflict Wounds,1,FALSE,Touch,"V, S",Instantaneous,FALSE,1 action,Necromancy,Cleric,"Make a melee spell attack against a creature you can reach. On a hit, the target takes 3d10 necrotic damage.

At Higher Levels.
When you cast this spell using a spell slot of 2nd level or higher, the damage increases by 1d10 for each slot level above 1st.",FALSE,,,,2014
Insect Plague,5,FALSE,300 feet,"V, S, M",Up to 10 minutes,TRUE,1 action,Conjuration,"Cleric, Druid, Sorcerer","Swarming, biting locusts fill a 20-foot-radius sphere centered on a point you choose within range. The sphere spreads around corners. The sphere remains for the duration, and its area is lightly obscured. The sphere’s area is difficult terrain.

When the area appears, each creature in it must make a Constitution saving throw. A creature takes 4d10 piercing damage on a failed save, or half as much damage on a successful one. A creature must also make this saving throw when it enters the spell’s area for the first time on a turn or ends its turn there.

At Higher Levels.
When you cast this spell using a spell slot of 6th level or higher, the damage increases by 1d10 for each slot level above 5th.

Material: a few grains of sugar, some kernels of grain, and a smear of fat.",FALSE,,,,2014
Intellect Fortress,3,FALSE,30 feet,V,Up to 1 hour,TRUE,1 action,Abjuration,,"For the duration, you or one willing creature you can see within range has resistance to psychic damage, as well as advantage on Intelligence, Wisdom, and Charisma saving throws.

At Higher Levels.
When you cast this spell using a spell slot of 4th level or higher, you can target one additional creature for each slot level above 3rd. The creatures must be within 30 feet of each other when you target them.

Spell Lists:
Artificer
,
Bard (Optional)
,
Sorcerer (Optional)
,
Warlock (Optional)
,
Wizard (Optional)",FALSE,,,,2014
Investiture of Flame,6,FALSE,Self,"V, S",Up to 10 minutes,TRUE,1 action,Transmutation,"Druid, Sorcerer, Warlock, Wizard","Flames race across your body, shedding bright light in a 30-foot radius and dim light for an additional 30 feet for the spell’s duration. The flames don’t harm you. Until the spell ends, you gain the following benefits:",FALSE,,,,2014
Investiture of Ice,6,FALSE,Self,"V, S",Up to 10 minutes,TRUE,1 action,Transmutation,"Druid, Sorcerer, Warlock, Wizard","Until the spell ends, ice rimes your body, and you gain the following benefits:",FALSE,,,,2014
Investiture of Stone,6,FALSE,Self,"V, S",Up to 10 minutes,TRUE,1 action,Transmutation,"Druid, Sorcerer, Warlock, Wizard","Until the spell ends, bits of rock spread across your body, and you gain the following benefits:",FALSE,,,,2014
Investiture of Wind,6,FALSE,Self,"V, S",Up to 10 minutes,TRUE,1 action,Transmutation,"Druid, Sorcerer, Warlock, Wizard","Until the spell ends, wind whirls around you, and you gain the following benefits:",FALSE,,,,2014
Invisibility,2,FALSE,Touch,"V, S, M",Up to 1 hour,TRUE,1 action,Illusion,"Artificer, Bard, Sorcerer, Warlock, Wizard","A creature you touch becomes invisible until the spell ends. Anything the target is wearing or carrying is invisible as long as it is on the target’s person. The spell ends for a target that attacks or casts a spell.

At Higher Levels.
When you cast this spell using a spell slot of 3rd level or higher, you can target one additional creature for each slot level above 2nd.

Material: an eyelash encased in gum arabic.",FALSE,,,,2014
Invisibility To Cameras (UA),3,FALSE,10 feet,"V, S, M",Up to 1 minute,TRUE,1 action,Illusion,"Sorcerer, Warlock, Wizard","Four creatures of your choice within range become undetectable to electronic sensors and cameras for the duration of the spell. Anything a target is wearing or carrying is likewise undetectable as long as it is on the target’s person. The targets remain visible to vision.

Material: a scrap of black paper.",FALSE,,,,2014
Invulnerability,9,FALSE,Self,"V, S, M",Up to 10 minutes,TRUE,1 action,Abjuration,Wizard,"You are immune to all damage until the spell ends.

Material: a small piece of adamantine worth at least 500 gp, which the spell consumes.",FALSE,,,,2014
Jim's Glowing Coin,2,FALSE,60 feet,"S, M",1 minute,FALSE,1 action,Enchantment,Wizard,"When you cast the spell, you hurl the coin that is the spell's material component to any spot within range. The coin lights up as if under the effect of a light spell. Each creature of your choice that you can see within 30 feet of the coin must succeed on a Wisdom saving throw or be distracted for the duration. While distracted, a creature has disadvantage on Wisdom (Perception) checks and initiative rolls.

Material: a coin, 2 gold coins, which is consumed as tax for using the spell.",FALSE,,,,2014
Jim's Magic Missile,1,FALSE,120 feet,"V, S, M",Instantaneous,FALSE,1 action,Evocation,Wizard,"You create three twisting, whistling, hypoallergenic, gluten-free darts of magical force. Each dart can target a creature of your choice that you can see within range. Make a ranged spell attack for each missile. On a hit, the missile does 2d4 force damage.

If the attack roll scores a critical, the missile does 5d4 force damage instead of the 4d4 force that you would normally get on a critical. If any of the attack roll is a natural one, all missiles turn around and hit the caster for 1 force damage per missile.

At Higher Levels.
When you cast this spell using a spell slot of 2nd level or higher, the spell creates one more dart for each slot level above 1st. This also increases the tax by 1 gp per spell slot over 1st.

Material: 1 gold coin, which is consumed as tax for using the spell.",FALSE,,,,2014
Jump,1,FALSE,Touch,"V, S, M",1 minute,FALSE,1 action,Transmutation,"Artificer, Druid, Ranger, Sorcerer, Wizard","You touch a creature. The creature’s jump distance is tripled until the spell ends.

Material: a grasshopper’s hind leg.",FALSE,,,,2014
Kinetic Jaunt,2,FALSE,Self,S,Up to 1 minute,TRUE,1 bonus action,Transmutation,"Artificer, Bard, Sorcerer, Wizard","You magically empower your movement with dancelike steps, giving yourself the following benefits for the duration:",FALSE,,,,2014
Knock,2,FALSE,60 feet,V,Instantaneous,FALSE,1 action,Transmutation,"Bard, Sorcerer, Wizard","Choose an object that you can see within range. The object can be a door, a box, a chest, a set of manacles, a padlock, or another object that contains a mundane or magical means that prevents access.

A target that is held shut by a mundane lock or that is stuck or barred becomes unlocked, unstuck, or unbarred. If the object has multiple locks, only one of them is unlocked.

If you choose a target that is held shut with
Arcane Lock
, that spell is suppressed for 10 minutes, during which time the target can be opened and shut normally.

When you cast the spell, a loud knock, audible from as far away as 300 feet, emanates from the target object.",FALSE,,,,2014
Legend Lore,5,FALSE,Self,"V, S, M",Instantaneous,FALSE,10 minutes,Divination,"Bard, Cleric, Wizard","Name or describe a person, place, or object. The spell brings to your mind a brief summary of the significant lore about the thing you named. The lore might consist of current tales, forgotten stories, or even secret lore that has never been widely known. If the thing you named isn’t of legendary importance, you gain no information. The more information you already have about the thing, the more precise and detailed the information you receive is.

The information you learn is accurate but might be couched in figurative language. For example, if you have a mysterious magic axe on hand, the spell might yield this information: Woe to the evildoer whose hand touches the axe, for even the haft slices the hand of the evil ones. Only a true Child of Stone, lover and beloved of Moradin, may awaken the true powers of the axe, and only with the sacred word Rudnogg on the lips.

Material: incense worth at least 250 gp, which the spell consumes, and four ivory strips worth at least 50 gp each.",FALSE,,,,2014
Leomund's Secret Chest,4,FALSE,Touch,"V, S, M",Instantaneous,FALSE,1 action,Conjuration,"Artificer, Wizard","You hide a chest, and all its contents, on the Ethereal Plane. You must touch the chest and the miniature replica that serves as a material component for the spell. The chest can contain up to 12 cubic feet of nonliving material (3 feet by 2 feet by 2 feet).

While the chest remains on the Ethereal Plane, you can use an action and touch the replica to recall the chest. It appears in an unoccupied space on the ground within 5 feet of you. You can send the chest back to the Ethereal Plane by using an action and touching both the chest and the replica.

After 60 days, there is a cumulative 5 percent chance per day that the spell’s effect ends. This effect ends if you cast this spell again, if the smaller replica chest is destroyed, or if you choose to end the spell as an action. If the spell ends and the larger chest is on the Ethereal Plane, it is irretrievably lost.

Material: an exquisite chest, 3 feet by 2 feet by 2 feet, constructed from rare materials worth at least 5,000 gp, and a Tiny replica made from the same materials worth at least 50 gp.",FALSE,,,,2014
Leomund's Tiny Hut,3,TRUE,Self (10-foot-radius hemisphere),"V, S, M",8 hours,FALSE,1 minute,Evocation,"Bard, Wizard","A 10-foot-radius immobile dome of force springs into existence around and above you and remains stationary for the duration. The spell ends if you leave its area.

Nine creatures of Medium size or smaller can fit inside the dome with you. The spell fails if its area includes a larger creature or more than nine creatures. Creatures and objects within the dome when you cast this spell can move through it freely. All other creatures and objects are barred from passing through it. Spells and other magical effects can't extend through the dome or be cast through it. The atmosphere inside the space is comfortable and dry, regardless of the weather outside.

Until the spell ends, you can command the interior to become dimly lit or dark. The dome is opaque from the outside, of any color you choose, but it is transparent from the inside.

Material: a small crystal bead.",FALSE,,,,2014
Lesser Restoration,2,FALSE,Touch,"V, S",Instantaneous,FALSE,1 action,Abjuration,"Artificer, Bard, Cleric, Druid, Paladin, Ranger","You touch a creature and can end either one disease or one condition afflicting it. The condition can be blinded, deafened, paralyzed, or poisoned.",FALSE,,,,2014
Levitate,2,FALSE,60 feet,"V, S, M",Up to 10 minutes,TRUE,1 action,Transmutation,"Artificer, Sorcerer, Wizard","One creature or loose object of your choice that you can see within range rises vertically, up to 20 feet, and remains suspended there for the duration. The spell can levitate a target that weighs up to 500 pounds. An unwilling creature that succeeds on a Constitution saving throw is unaffected.

The target can move only by pushing or pulling against a fixed object or surface within reach (such as a wall or a ceiling), which allows it to move as if it were climbing. You can change the target’s altitude by up to 20 feet in either direction on your turn. If you are the target, you can move up or down as part of your move. Otherwise, you can use your action to move the target, which must remain within the spell’s range.

When the spell ends, the target floats gently to the ground if it is still aloft.

Material: either a small leather loop or a piece of golden wire bent into a cup shape with a long shank on one end.",FALSE,,,,2014
Life Transference,3,FALSE,30 feet,"V, S",Instantaneous,FALSE,1 action,Necromancy,,"You sacrifice some of your health to mend another creature’s injuries. You take 4d8 necrotic damage, which can’t be reduced in any way, and one creature of your choice that you can see within range regains a number of hit points equal to twice the necrotic damage you take.

At Higher Levels:
When you cast this spell using a spell slot of 4th level or higher, the damage increases by 1d8 for each slot level above 3rd.

Spell Lists:
Cleric
,
Wizard",FALSE,,,,2014
Light,0,FALSE,Touch,"V, M",1 hour,FALSE,1 action,Evocation,"Artificer, Bard, Cleric, Sorcerer, Wizard","You touch one object that is no larger than 10 feet in any dimension. Until the spell ends, the object sheds bright light in a 20-foot radius and dim light for an additional 20 feet. The light can be colored as you like. Completely covering the object with something opaque blocks the light. The spell ends if you cast it again or dismiss it as an action.

If you target an object held or worn by a hostile creature, that creature must succeed on a Dexterity saving throw to avoid the spell.

Material: a firefly or phosphorescent moss.",FALSE,,,,2014
Lightning Arrow,3,FALSE,Self,"V, S",Up to 1 minute,TRUE,1 bonus action,Transmutation,Ranger,"The next time you make a ranged weapon attack during the spell’s duration, the weapon’s ammunition, or the weapon itself if it’s a thrown weapon, transforms into a bolt of lightning. Make the attack roll as normal. The target takes 4d8 lightning damage on a hit, or half as much damage on a miss, instead of the weapon’s normal damage.

Whether you hit or miss, each creature within 10 feet of the target must make a Dexterity saving throw. Each of these creatures takes 2d8 lightning damage on a failed save, or half as much damage on a successful one.

The piece of ammunition or weapon then returns to its normal form.

At Higher Levels.
When you cast this spell using a spell slot of 4th level or higher, the damage for both effects of the spell increases by 1d8 for each slot level above 3rd.",FALSE,,,,2014
Lightning Bolt,3,FALSE,Self (100-foot line),"V, S, M",Instantaneous,FALSE,1 action,Evocation,"Sorcerer, Wizard","A stroke of lightning forming a line of 100 feet long and 5 feet wide blasts out from you in a direction you choose. Each creature in the line must make a Dexterity saving throw. A creature takes 8d6 lightning damage on a failed save, or half as much damage on a successful one.

The lightning ignites flammable objects in the area that aren’t being worn or carried.

At Higher Levels.
When you cast this spell using a spell slot of 4th level or higher, the damage increases by 1d6 for each slot level above 3rd.

Material: a bit of fur and a rod of amber, crystal, or glass.",FALSE,,,,2014
Lightning Lure,0,FALSE,Self (15-foot radius),V,Instantaneous,FALSE,1 action,Evocation,"Artificer, Sorcerer (Optional), Warlock (Optional), Wizard (Optional)","You create a lash of lightning energy that strikes at one creature of your choice that you can see within 15 feet of you. The target must succeed on a Strength saving throw or be pulled up to 10 feet in a straight line toward you and then take 1d8 lightning damage if it is within 5 feet of you.

At Higher Levels.
This spell's damage increases by 1d8 when you reach 5th level (2d8), 11th level (3d8), and 17th level (4d8).",FALSE,,,,2014
Locate Animals or Plants,2,TRUE,Self,"V, S, M",Instantaneous,FALSE,1 action,Divination,"Bard, Druid, Ranger","Describe or name a specific kind of beast or plant. Concentrating on the voice of nature in your surroundings, you learn the direction and distance to the closest creature or plant of that kind within 5 miles, if any are present.

Material: a bit of fur from a bloodhound.",FALSE,,,,2014
Locate Creature,4,FALSE,Self,"V, S, M",Up to 1 hour,TRUE,1 action,Divination,"Bard, Cleric, Druid, Paladin, Ranger, Wizard","Describe or name a creature that is familiar to you. You sense the direction to the creature’s location, as long as that creature is within 1,000 feet of you. If the creature is moving, you know the direction of its movement.

The spell can locate a specific creature known to you, or the nearest creature of a specific kind (such as a human or a unicorn), so long as you have seen such a creature up close – within 30 feet – at least once. If the creature you described or named is in a different form, such as being under the effects of a polymorph spell, this spell doesn’t locate the creature.

This spell can’t locate a creature if running water at least 10 feet wide blocks a direct path between you and the creature.

Material: a bit of fur from a bloodhound.",FALSE,,,,2014
Locate Object,2,FALSE,Self,"V, S, M",Up to 10 minutes,TRUE,1 action,Divination,"Bard, Cleric, Druid, Paladin, Ranger, Wizard","Describe or name an object that is familiar to you. You sense the direction to the object’s location, as long as that object is within 1,000 feet of you. If the object is in motion, you know the direction of its movement.

The spell can locate a specific object known to you, as long as you have seen it up close – within 30 feet – at least once. Alternatively, the spell can locate the nearest object of a particular kind, such as a certain kind of apparel, jewelry, furniture, tool, or weapon.

This spell can’t locate an object if any thickness of lead, even a thin sheet, blocks a direct path between you and the object.

Material: a forked twig.",FALSE,,,,2014
Longstrider,1,FALSE,Touch,"V, S, M",1 hour,FALSE,1 action,Transmutation,"Artificer, Bard, Druid, Ranger, Wizard","You touch a creature. The target’s speed increases by 10 feet until the spell ends.

At Higher Levels.
When you cast this spell using a spell slot of 2nd level or higher, you can target one additional creature for each slot level above 1st.

Material: a pinch of dirt.",FALSE,,,,2014
Maddening Darkness,8,FALSE,150 feet,"V, M",Up to 10 minutes,TRUE,1 action,Evocation,"Warlock, Wizard","Magical darkness spreads from a point you choose within range to fill a 60-foot-radius sphere until the spell ends. The darkness spreads around corners. A creature with darkvision can’t see through this darkness. Nonmagical light, as well as light created by spells of 8th level or lower, can't illuminate the area. Shrieks, gibbering, and mad laughter can be heard within the sphere. Whenever a creature starts its turn in the sphere, it must make a Wisdom saving throw, taking 8d8 psychic damage on a failed save, or half as much damage on a successful one.

Material: a drop of pitch mixed with a drop of mercury.",FALSE,,,,2014
Maelstrom,5,FALSE,120 feet,"V, S, M",Up to 1 minute,TRUE,1 action,Evocation,Druid,"A mass of 5-foot-deep water appears and swirls in a 30-foot radius centered on a point you can see within range. The point must be on ground or in a body of water. Until the spell ends, that area is difficult terrain, and any creature that starts its turn there must succeed on a Strength saving throw or take 6d6 bludgeoning damage and be pulled 10 feet toward the center.

Material: paper or leaf in the shape of a funnel.",FALSE,,,,2014
Mage Armor,1,FALSE,Touch,"V, S, M",8 hours,FALSE,1 action,Abjuration,"Sorcerer, Wizard","You touch a willing creature who isn’t wearing armor, and a protective magical force surrounds it until the spell ends. The target’s base AC becomes 13 + its Dexterity modifier. The spell ends if the target dons armor or if you dismiss the spell as an action.

Material: a piece of cured leather.",FALSE,,,,2014
Mage Hand,0,FALSE,30 feet,"V, S",1 minute,FALSE,1 action,Conjuration,"Artificer, Bard, Sorcerer, Warlock, Wizard","A spectral, floating hand appears at a point you choose within range. The hand lasts for the duration or until you dismiss it as an action. The hand vanishes if it is ever more than 30 feet away from you or if you cast this spell again.

You can use your action to control the hand. You can use the hand to manipulate an object, open an unlocked door or container, stow or retrieve an item from an open container, or pour the contents out of a vial. You can move the hand up to 30 feet each time you use it.

The hand can’t attack, activate magical items, or carry more than 10 pounds.",FALSE,,,,2014
Magic Circle,3,FALSE,10 feet,"V, S, M",1 hour,FALSE,1 minute,Abjuration,"Cleric, Paladin, Warlock, Wizard","You create a 10-foot-radius, 20-foot-tall cylinder of magical energy centered on a point on the ground that you can see within range. Glowing runes appear wherever the cylinder intersects with the floor or other surface.

Choose one or more of the following types of creatures: celestials, elementals, fey, fiends, or undead. The circle affects a creature of the chosen type in the following ways:

When you cast this spell, you can elect to cause its magic to operate in the reverse direction, preventing a creature of the specified type from leaving the cylinder and protecting targets outside it.

At Higher Levels.
When you cast this spell using a spell slot of 4th level or higher, the duration increases by 1 hour for each slot level above 3rd.

Material: holy water or powdered silver and iron worth at least 100 gp, which the spell consumes.",FALSE,,,,2014
Magic Jar,6,FALSE,Self,"V, S, M",Until dispelled,FALSE,1 minute,Necromancy,Wizard,"Your body falls into a catatonic state as your soul leaves it and enters the container you used for the spell’s material component. While your soul inhabits the container, you are aware of your surroundings as if you were in the container’s space. You can’t move or use reactions. The only action you can take is to project your soul up to 100 feet out of the container, either returning to your living body (and ending the spell) or attempting to possess a humanoids body.

You can attempt to possess any humanoid within 100 feet of you that you can see (creatures warded by a protection from evil and good or magic circle spells can’t be possessed). The target must make a Charisma saving throw. On a failure, your soul moves into the target’s body, and the target’s soul becomes trapped in the container. On a success, the target resists your efforts to possess it, and you can’t attempt to possess it again for 24 hours.

Once you possess a creature’s body, you control it. Your game statistics are replaced by the statistics of the creature though you retain your alignment and your Intelligence, Wisdom, and Charisma scores. You retain the benefit of your own class features. If the target has any class levels, you can’t use any of its class features.

Meanwhile, the possessed creature’s soul can perceive from the container using its own senses, but it can’t move or take actions at all.

While possessing a body, you can use your action to return from the host body to the container if it is within 100 feet of you, returning the host creature’s soul to its body. If the host body dies while you’re in it, the creature dies, and you must make a Charisma saving throw against your own spellcasting DC. On a success, you return to the container if it is within 100 feet of you. Otherwise, you die.

If the container is destroyed or the spell ends, your soul immediately returns to your body. If your body is more than 100 feet away from you, or if your body is dead when you attempt to return to it, you die. If another creature’s soul is in the container when it is destroyed, the creature’s soul returns to its body if the body is alive and within 100 feet. Otherwise, that creature dies.

When the spell ends, the container is destroyed.

Material: a gem, crystal, reliquary, or some other ornamental container worth at least 500 gp.",FALSE,,,,2014
Magic Missile,1,FALSE,120 feet,"V, S",Instantaneous,FALSE,1 action,Evocation,"Sorcerer, Wizard","You create three glowing darts of magical force. Each dart hits a creature of your choice that you can see within range. A dart deals 1d4 + 1 force damage to its target. The darts all strike simultaneously and you can direct them to hit one creature or several.

At Higher Levels.
When you cast this spell using a spell slot of 2nd level or higher, the spell creates one more dart for each slot level above 1st.",FALSE,,,,2014
Magic Mouth,2,TRUE,30 feet,"V, S, M",Until dispelled,FALSE,1 minute,Illusion,"Artificer, Bard, Wizard","You implant a message within an object in range, a message that is uttered when a trigger condition is met. Choose an object that you can see and that isn’t being worn or carried by another creature. Then speak the message, which must be 25 words or less, though it can be delivered over as long as 10 minutes. Finally, determine the circumstance that will trigger the spell to deliver your message.

When that circumstance occurs, a magical mouth appears on the object and recites the message in your voice and at the same volume you spoke. If the object you chose has a mouth or something that looks like a mouth (for example, the mouth of a statue), the magical mouth appears there so that words appear to come from the object’s mouth. When you cast this spell, you can have the spell end after it delivers its message, or it can remain and repeats its message whenever the trigger occurs.

The triggering circumstance can be as general or as detailed as you like, though it must be based on visual or audible conditions that occur within 30 feet of the object. For example, you could instruct the mouth to speak when any creature moves within 30 feet of the object or when a silver bell rings within 30 feet of it.

Material: a small bit of honeycomb and jade dust worth at least 10 gp, which the spell consumes.",FALSE,,,,2014
Magic Stone,0,FALSE,Touch,"V, S",1 minute,FALSE,1 bonus action,Transmutation,"Druid, Warlock, Artificer","You touch one to three pebbles and imbue them with magic. You or someone else can make a ranged spell attack with one of the pebbles by throwing it or hurling it with a sling. If thrown, it has a range of 60 feet. If someone else attacks with the pebble, that attacker adds your spellcasting ability modifier, not the attacker’s, to the attack roll. On a hit, the target takes bludgeoning damage equal to 1d6 + your spellcasting ability modifier. Hit or miss, the spell then ends on the stone.

If you cast this spell again, the spell ends early on any pebbles still affected by it.",FALSE,,,,2014
Magic Weapon,2,FALSE,Touch,"V, S",Up to 1 hour,TRUE,1 bonus action,Transmutation,"Artificer, Paladin, Ranger (Optional), Sorcerer (Optional), Wizard","You touch a nonmagical weapon. Until the spell ends, that weapon becomes a magic weapon with a +1 bonus to attack rolls and damage rolls.

At Higher Levels.
When you cast this spell using a spell slot of 4th level or higher, the bonus increases to +2. When you use a spell slot of 6th level or higher, the bonus increases to +3.",FALSE,,,,2014
Magnify Gravity,1,FALSE,60 feet,"V, S",1 round,FALSE,1 action,Transmutation,Wizard (Dunamancy),"The gravity in a 10-foot-radius sphere centered on a point you can see within range increases for a moment. Each creature in the sphere on the turn when you cast the spell must make a Constitution saving throw. On a failed save, a creature takes 2d8 force damage, and its speed is halved until the end of its next turn. On a successful save, a creature takes half as much damage and suffers no reduction to its speed.

Until the start of your next turn, any object that isn't being worn or carried in the sphere requires a successful Strength check against your spell save DC to pick up or move.

At Higher Levels.
When you cast this spell using a spell slot of 2nd level or higher, the damage increases by 1d8 for each slot level above 1st.",FALSE,,,,2014
Major Image,3,FALSE,120 feet,"V, S, M",Up to 10 minutes,TRUE,1 action,Illusion,"Bard, Sorcerer, Warlock, Wizard","You create the image of an object, a creature, or some other visible phenomenon that is no larger than a 20-foot cube. The image appears at a spot that you can see within range and lasts for the duration. It seems completely real, including sounds, smells, and temperature appropriate to the thing depicted. You can’t create sufficient heat or cold to cause damage, a sound loud enough to deal thunder damage or deafen a creature, or a smell that might sicken a creature (like a troglodyte’s stench).

As long as you are within range of the illusion, you can use your action to cause the image to move to any other spot within range. As the image changes location, you can alter its appearance so that its movements appear natural for the image. For example, if you create an image of a creature and move it, you can alter the image so that it appears to be walking. Similarly, you can cause the illusion to make different sounds at different times, even making it carry on a conversation, for example.

Physical interaction with the image reveals it to be an illusion, because things can pass through it. A creature that uses its action to examine the image can determine that it is an illusion with a successful Intelligence (Investigation) check against your spell save DC. If a creature discerns the illusion for what it is, the creature can see through the image, and its other sensory qualities become faint to the creature.

At Higher Levels.
When you cast this spell using a spell slot of 6th level or higher, the spell lasts until dispelled, without requiring your concentration. In this form it is sometimes considered a different spell, known as Permanent Image.

Material: a bit of fleece.",FALSE,,,,2014
Mass Cure Wounds,5,FALSE,60 feet,"V, S",Instantaneous,FALSE,1 action,Evocation,"Bard, Cleric, Druid","A wave of healing energy washes out from a point of your choice within range. Choose up to six creatures in a 30-foot-radius sphere centered on that point. Each target regains hit points equal to 3d8 + your spellcasting ability modifier. This spell has no effect on undead or constructs.

At Higher Levels.
When you cast this spell using a spell slot of 6th level or higher, the healing increases by 1d8 for each slot level above 5th.",FALSE,,,,2014
Mass Heal,9,FALSE,60 feet,"V, S",Instantaneous,FALSE,1 action,Evocation,Cleric,"A flood of healing energy flows from you into injured creatures around you. You restore up to 700 hit points, divided as you choose among any number of creatures that you can see within range. Creatures healed by this spell are also cured of all diseases and any effect making them blinded or deafened. This spell has no effect on undead or constructs.",FALSE,,,,2014
Mass Healing Word,3,FALSE,60 feet,V,Instantaneous,FALSE,1 bonus action,Evocation,"Bard (Optional), Cleric","As you call out words of restoration, up to six creatures of your choice that you can see within range regain hit points equal to 1d4 + your spellcasting ability modifier. This spell has no effect on undead or constructs.

At Higher Levels.
When you cast this spell using a spell slot of 4th level or higher, the healing increases by 1d4 for each slot level above 3rd.",FALSE,,,,2014
Mass Polymorph,9,FALSE,120 feet,"V, S, M",Up to 1 hour,TRUE,1 Action,Transmutation,"Bard, Sorcerer, Wizard","You transform up to ten creatures of your choice that you can see within range. An unwilling target must succeed on a Wisdom saving throw to resist the transformation. An unwilling shapechanger automatically succeeds on the save.

Each target assumes a beast form of your choice, and you can choose the same form or different ones for each target. The new form can be any beast you have seen whose challenge rating is equal to or less than the target’s (or half the target’s level, if the target doesn’t have a challenge rating). The target’s game statistics, including mental ability scores, are replaced by the statistics of the chosen beast, but the target retains its hit points, alignment, and personality.

Each target gains a number of temporary hit points equal to the hit points of its new form. These temporary hit points can’t be replaced by temporary hit points from another source. A target reverts to its normal form when it has no more temporary hit points or it dies. If the spell ends before then, the creature loses all its temporary hit points and reverts to its normal form.

The creature is limited in the actions it can perform by the nature of its new form. It can’t speak, cast spells, or do anything else that requires hands or speech. The target’s gear melds into the new form.

The target can’t activate, use, wield, or otherwise benefit from any of its equipment.

Material: a caterpillar cocoon.",FALSE,,,,2014
Mass Suggestion,6,FALSE,60 feet,"V, M",24 hours,FALSE,1 action,Enchantment,"Bard, Sorcerer, Warlock, Wizard","You suggest a course of activity (limited to a sentence or two) and magically influence up to twelve creatures of your choice that you can see within range and that can hear and understand you. Creatures that can’t be charmed are immune to this effect. The suggestion must be worded in such a manner as to make the course of action sound reasonable. Asking the creature to stab itself, throw itself onto a spear, immolate itself, or do some other obviously harmful act automatically negates the effect of the spell.

Each target must make a Wisdom saving throw. On a failed save, it pursues the course of action you described to the best of its ability. The suggested course of action can continue for the entire duration. If the suggested activity can be completed in a shorter time, the spell ends when the subject finishes what it was asked to do.

You can also specify conditions that will trigger a special activity during the duration. For example, you might suggest that a group of soldiers give all their money to the first beggar they meet. If the condition isn’t met before the spell ends, the activity isn’t performed.

If you or any of your companions damage a creature affected by this spell, the spell ends for that creature.

At Higher Levels.
When you cast this spell using a 7th-level spell slot, the duration is 10 days. When you use an 8th-level spell slot, the duration is 30 days. When you use a 9th-level spell slot, the duration is a year and a day.

Material: a snake’s tongue and either a bit of honeycomb or a drop of sweet oil.",FALSE,,,,2014
Maximillian's Earthen Grasp,2,FALSE,30 feet,"V, S, M",Up to 1 minute,TRUE,1 action,Transmutation,"Sorcerer, Wizard","You choose a 5-foot-square unoccupied space on the ground that you can see within range. A Medium hand made from compacted soil rises there and reaches for one creature you can see within 5 feet of it. The target must make a Strength saving throw. On a failed save, the target takes 2d6 bludgeoning damage and is restrained for the spell’s duration.

As an action, you can cause the hand to crush the restrained target, who must make a Strength saving throw. It takes 2d6 bludgeoning damage on a failed save, or half as much damage on a successful one.

To break out, the restrained target can use its action to make a Strength check against your spell save DC. On a success, the target escapes and is no longer restrained by the hand.

As an action, you can cause the hand to reach for a different creature or to move to a different unoccupied space within range. The hand releases a restrained target if you do either.

Material: a miniature hand sculpted from clay.",FALSE,,,,2014
Maze,8,FALSE,60 feet,"V, S",Up to 10 minutes,TRUE,1 action,Conjuration,Wizard,"You banish a creature that you can see within range into a labyrinthine demiplane. The target remains there for the duration or until it escapes the maze.

The target can use its action to attempt to escape. When it does so, it makes a DC 20 Intelligence check. If it succeeds, it escapes, and the spell ends (a minotaur or goristro demon automatically succeeds).

When the spell ends, the target reappears in the space it left or, if that space is occupied, in the nearest unoccupied space.",FALSE,,,,2014
Meld into Stone,3,TRUE,Touch,"V, S",8 hours,FALSE,1 action,Transmutation,"Cleric, Druid, Ranger (Optional)","You step into a stone object or surface large enough to fully contain your body, melding yourself and all the equipment you carry with the stone for the duration. Using your movement, you step into the stone at a point you can touch. Nothing of your presence remains visible or otherwise detectable by nonmagical senses.

While merged with the stone, you can’t see what occurs outside it, and any Wisdom (Perception) checks you make to hear sounds outside it are made with disadvantage. You remain aware of the passage of time and can cast spells on yourself while merged in the stone. You can use your movement to leave the stone where you entered it, which ends the spell. You otherwise can’t move.

Minor physical damage to the stone doesn’t harm you, but its partial destruction or a change in its shape (to the extent that you no longer fit within it) expels you and deals 6d6 bludgeoning damage to you. The stone’s complete destruction (or transmutation into a different substance) expels you and deals 50 bludgeoning damage to you. If expelled, you fall prone in an unoccupied space closest to where you first entered.",FALSE,,,,2014
Melf's Acid Arrow,2,FALSE,90 feet,"V, S, M",Instantaneous,FALSE,1 action,Evocation,Wizard,"A shimmering green arrow streaks toward a target within range and bursts in a spray of acid. Make a ranged spell attack against the target. On a hit, the target takes 4d4 acid damage immediately and 2d4 acid damage at the end of its next turn. On a miss, the arrow splashes the target with acid for half as much of the initial damage and no damage at the end of its next turn.

At Higher Levels.
When you cast this spell using a spell slot of 3rd level or higher, the damage (both initial and later) increases by 1d4 for each slot level above 2nd.

Material: powdered rhubarb leaf and an adder’s stomach.",FALSE,,,,2014
Melf's Minute Meteors,3,FALSE,Self,"V, S, M",Up to 10 minutes,TRUE,1 action,Evocation,"Sorcerer, Wizard","You create six tiny meteors in your space. They float in the air and orbit you for the spell’s duration. When you cast the spell — and as a bonus action on each of your turns thereafter — you can expend one or two of the meteors, sending them streaking toward a point or points you choose within 120 feet of you. Once a meteor reaches its destination or impacts against a solid surface, the meteor explodes. Each creature within 5 feet of the point where the meteor explodes must make a Dexterity saving throw. A creature takes 2d6 fire damage on a failed save, or half as much damage on a successful one.

At Higher Levels.
When you cast this spell using a spell slot of 4th level or higher, the number of meteors created increases by two for each slot level above 3rd.

Material: niter, sulfur, and pine tar formed into a bead.",FALSE,,,,2014
Mending,0,FALSE,Touch,"V, S, M",Instantaneous,FALSE,1 minute,Transmutation,"Artificer, Bard, Cleric, Druid, Sorcerer, Wizard","This spell repairs a single break or tear in an object you touch, such as a broken chain link, two halves of a broken key, a torn cloak, or a leaking wineskin. As long as the break or tear is no larger than 1 foot in any dimension, you mend it, leaving no trace of the former damage.

This spell can physically repair a magic item or construct, but the spell can’t restore magic to such an object.

Material: two lodestones.",FALSE,,,,2014
Mental Barrier (UA),2,FALSE,Self,V,1 round,FALSE,"1 reaction, which you take when you are forced to make an Intelligence, a Wisdom, or a Charisma saving throw",Abjuration,"Sorcerer, Warlock, Wizard","You protect your mind with a wall of looping, repetitive thought. Until the start of your next turn, you have advantage on Intelligence, Wisdom, and Charisma saving throws, and you have resistance to psychic damage.",FALSE,,,,2014
Mental Prison,6,FALSE,60 feet,S,Up to 1 minute,TRUE,1 action,Illusion,"Sorcerer, Warlock, Wizard","You attempt to bind a creature within an illusory cell that only it perceives. One creature you can see within range must make an Intelligence saving throw. The target succeeds automatically if it is immune to being charmed. On a successful save, the target takes 5d10 psychic damage, and the spell ends. On a failed save, the target takes 5d10 psychic damage, and you make the area immediately around the target’s space appear dangerous to it in some way. You might cause the target to perceive itself as being surrounded by fire, floating razors, or hideous maws filled with dripping teeth. Whatever form the illusion takes, the target can’t see or hear anything beyond it and is restrained for the spell’s duration. If the target is moved out of the illusion, makes a melee attack through it, or reaches any part of its body through it, the target takes 10d10 psychic damage, and the spell ends.",FALSE,,,,2014
Message,0,FALSE,120 feet,"V, S, M",1 round,FALSE,1 action,Transmutation,"Artificer, Bard, Sorcerer, Wizard","You point your finger toward a creature within range and whisper a message. The target (and only the target) hears the message and can reply in a whisper that only you can hear.

You can cast this spell through solid objects if you are familiar with the target and know it is beyond the barrier. Magical silence, 1 foot of stone, 1 inch of common metal, a thin sheet of lead, or 3 feet of wood blocks the spell. The spell doesn’t have to follow a straight line and can travel freely around corners or through openings.

Material: a short piece of copper wire.",FALSE,,,,2014
Meteor Swarm,9,FALSE,1 mile,"V, S",Instantaneous,FALSE,1 action,Evocation,"Sorcerer, Wizard","Blazing orbs of fire plummet to the ground at four different points you can see within range. Each creature in a 40-foot-radius sphere centered on each point you choose must make a Dexterity saving throw. The sphere spreads around corners. A creature takes 20d6 fire damage and 20d6 bludgeoning damage on a failed save, or half as much damage on a successful one. A creature in the area of more than one fiery burst is affected only once.

The spell damages objects in the area and ignites flammable objects that aren’t being worn or carried.",FALSE,,,,2014
Mighty Fortress,8,FALSE,1 mile,"V, S, M",Instantaneous,FALSE,1 minute,Conjuration,Wizard,"A fortress of stone erupts from a square area of ground of your choice that you can see within range. The area is 120 feet on each side, and it must not have any buildings or other structures on it. Any creatures in the area are harmlessly lifted up as the fortress rises.

The fortress has four turrets with square bases, each one 20 feet on a side and 30 feet tall, with one turret on each corner. The turrets are connected to each other by stone walls that are each 80 feet long, creating an enclosed area. Each wall is 1 foot thick and is composed of panels that are 10 feet wide and 20 feet tall. Each panel is contiguous with two other panels or one other panel and a turret. You can place up to four stone doors in the fortress’s outer wall.

A small keep stands inside the enclosed area. The keep has a square base that is 50 feet on each side, and it has three floors with 10-foot-high ceilings. Each of the floors can be divided into as many rooms as you like, provided each room is at least 5 feet on each side. The floors of the keep are connected by stone staircases, its walls are 6 inches thick, and interior rooms can have stone doors or open archways as you choose. The keep is furnished and decorated however you like, and it contains sufficient food to serve a nine-course banquet for up to 100 people each day. Furnishings, food, and other objects created by this spell crumble to dust if removed from the fortress.

A staff of one hundred invisible servants obeys any command given to them by creatures you designate when you cast the spell. Each servant functions as if created by the unseen servant spell.

The walls, turrets, and keep are all made of stone that can be damaged. Each 10-foot by 10-foot section of stone has AC 15 and 30 hit points per inch of thickness. It is immune to poison and psychic damage. Reducing a section of stone to 0 hit points destroys it and might cause connected sections to buckle and collapse at the DM’s discretion.

After 7 days or when you cast this spell somewhere else, the fortress harmlessly crumbles and sinks back into the ground, leaving any creatures that were inside it safely on the ground.

Casting this spell on the same spot once every 7 days for a year makes the fortress permanent.

Material: a diamond worth at least 500 gp, which the spell consumes.",FALSE,,,,2014
Mind Blank,8,FALSE,Touch,"V, S",24 hours,FALSE,1 action,Abjuration,"Bard, Wizard","Until the spell ends, one willing creature you touch is immune to psychic damage, any effect that would sense its emotions or read its thoughts, divination spells, and the charmed condition. The spell even foils
wish
spells and spells or effects of similar power used to affect the target's mind or to gain information about the target.",FALSE,,,,2014
Mind Sliver,0,FALSE,60 feet,V,1 round,FALSE,1 action,Enchantment,"Sorcerer (Optional), Warlock (Optional), Wizard (Optional)","You drive a disorienting spike of psychic energy into the mind of one creature you can see within range. The target must succeed on an Intelligence saving throw or take 1d6 psychic damage and subtract 1d4 from the next saving throw it makes before the end of your next turn.

At Higher Levels.
This spell’s damage increases by 1d6 when you reach certain levels: 5th level (2d6), 11th level (3d6), and 17th level (4d6).",FALSE,,,,2014
Mind Spike,2,FALSE,60 feet,S,Up to 1 hour,TRUE,1 action,Divination,"Sorcerer, Warlock, Wizard","You reach into the mind of one creature you can see within range. The target must make a Wisdom saving throw, taking 3d8 psychic damage on a failed save, or half as much damage on a successful one. On a failed save, you also always know the target's location until the spell ends, but only while the two of you are on the same plane of existence. While you have this knowledge, the target can’t become hidden from you, and if it’s invisible, it gains no benefit from that condition against you.

At Higher Levels.
When you cast this spell using a spell slot of 3rd level or higher, the damage increases by 1d8 for each slot level above 2nd.",FALSE,,,,2014
Mind Thrust (UA),2,FALSE,60 feet,"V, S",1 round,FALSE,1 bonus action,Enchantment,"Sorcerer, Warlock, Wizard","You thrust a lance of psychic disruption into the mind of one creature you can see within range. The target must make an Intelligence saving throw. On a failed save, the target takes 3d6 psychic damage, and it can’t take a reaction until the end of its next turn. Moreover, on its next turn, it must choose whether it gets a move, an action, or a bonus action; it gets only one of the three. On a successful save, the target takes half as much damage and suffers none of the spell’s other effects.

At Higher Levels.
When you cast this spell using a spell slot of 3rd level or higher, you can target one additional creature for each slot level above 2nd. The creatures must be within 30 feet of each other when you target them.",FALSE,,,,2014
Minor Illusion,0,FALSE,30 feet,"S, M",1 minute,FALSE,1 action,Illusion,"Bard, Sorcerer, Warlock, Wizard","You create a sound or an image of an object within range that lasts for the duration. The illusion also ends if you dismiss it as an action or cast this spell again.

If you create a sound, its volume can range from a whisper to a scream. It can be your voice, someone else’s voice, a lion’s roar, a beating of drums, or any other sound you choose. The sound continues unabated throughout the duration, or you can make discrete sounds at different times before the spell ends.

If you create an image of an object—such as a chair, muddy footprints, or a small chest—it must be no larger than a 5-foot cube. The image can’t create sound, light, smell, or any other sensory effect. Physical interaction with the image reveals it to be an illusion, because things can pass through it.

If a creature uses its action to examine the sound or image, the creature can determine that it is an illusion with a successful Intelligence (Investigation) check against your spell save DC. If a creature discerns the illusion for what it is, the illusion becomes faint to the creature.

Material: a bit of fleece.",FALSE,,,,2014
Mirage Arcane,7,FALSE,Sight,"V, S",10 days,FALSE,10 minutes,Illusion,"Bard, Druid, Wizard","You make terrain in an area up to 1 mile square look, sound, smell, and even feel like some other sort of terrain. The terrain’s general shape remains the same, however. Open fields or a road could be made to resemble a swamp, hill, crevasse, or some other difficult or impassable terrain. A pond can be made to seem like a grassy meadow, a precipice like a gentle slope, or a rock-strewn gully like a wide and smooth road.

Similarly, you can alter the appearance of structures, or add them where none are present. The spell doesn’t disguise, conceal, or add creatures.

The illusion includes audible, visual, tactile, and olfactory elements, so it can turn clear ground into difficult terrain (or vice versa) or otherwise impede movement through the area. Any piece of the illusory terrain (such as a rock or stick) that is removed from the spell’s area disappears immediately.

Creatures with truesight can see through the illusion to the terrain’s true form; however, all other elements of the illusion remain, so while the creature is aware of the illusion’s presence, the creature can still physically interact with the illusion.",FALSE,,,,2014
Mirror Image,2,FALSE,Self,"V, S",1 minute,FALSE,1 action,Illusion,"Bard (Optional), Sorcerer, Warlock, Wizard","Three illusory duplicates of yourself appear in your space. Until the spell ends, the duplicates move with you and mimic your actions, shifting position so it’s impossible to track which image is real. You can use your action to dismiss the illusory duplicates.

Each time a creature targets you with an attack during the spell’s duration, roll a d20 to determine whether the attack instead targets one of your duplicates.

If you have three duplicates, you must roll a 6 or higher to change the attack’s target to a duplicate. With two duplicates, you must roll an 8 or higher. With one duplicate, you must roll an 11 or higher.

A duplicate’s AC equals 10 + your Dexterity modifier. If an attack hits a duplicate, the duplicate is destroyed. A duplicate can be destroyed only by an attack that hits it. It ignores all other damage and effects. The spell ends when all three duplicates are destroyed.

A creature is unaffected by this spell if it can’t see, if it relies on senses other than sight, such as blindsight, or if it can perceive illusions as false, as with truesight.",FALSE,,,,2014
Mislead,5,FALSE,Self,S,Up to 1 hour,TRUE,1 action,Illusion,"Bard, Warlock (Optional), Wizard","You become invisible at the same time that an illusory double of you appears where you are standing. The double lasts for the duration, but the invisibility ends if you attack or cast a spell.

You can use your action to move your illusory double up to twice your speed and make it gesture, speak, and behave in whatever way you choose.

You can see through its eyes and hear through its ears as if you were located where it is. On each of your turns as a bonus action, you can switch from using its senses to using your own, or back again. While you are using its senses, you are blinded and deafened in regard to your own surroundings.",FALSE,,,,2014
Misty Step,2,FALSE,Self,V,Instantaneous,FALSE,1 bonus action,Conjuration,"Sorcerer, Warlock, Wizard","Briefly surrounded by silvery mist, you teleport up to 30 feet to an unoccupied space that you can see.",FALSE,,,,2014
Modify Memory,5,FALSE,30 feet,"V, S",Up to 1 minute,TRUE,1 action,Enchantment,"Bard, Wizard","You attempt to reshape another creature’s memories. One creature that you can see must make a Wisdom saving throw. If you are fighting the creature, it has advantage on the saving throw. On a failed save, the target becomes charmed by you for the duration. The charmed target is incapacitated and unaware of its surroundings, though it can still hear you. If it takes any damage or is targeted by another spell, this spell ends, and none of the target’s memories are modified.

While this charm lasts, you can affect the target’s memory of an event that it experienced within the last 24 hours and that lasted no more than 10 minutes. You can permanently eliminate all memory of the event, allow the target to recall the event with perfect clarity and exacting detail, change its memory of the details of the event, or create a memory of some other event.

You must speak to the target to describe how its memories are affected, and it must be able to understand your language for the modified memories to take root. Its mind fills in any gaps in the details of your description. If the spell ends before you have finished describing the modified memories, the creature’s memory isn’t altered. Otherwise, the modified memories take hold when the spell ends.

A modified memory doesn’t necessarily affect how a creature behaves, particularly if the memory contradicts the creature’s natural inclinations, alignment, or beliefs. An illogical modified memory, such as implanting a memory of how much the creature enjoyed dousing itself in acid, is dismissed, perhaps as a bad dream. The DM might deem a modified memory too nonsensical to affect a creature in a significant manner.

A
Remove Curse
or
Greater Restoration
spell cast on the target restores the creature’s true memory.

At Higher Levels.
If you cast this spell using a spell slot of 6th level or higher, you can alter the target’s memories of an event that took place up to 7 days ago (6th level), 30 days ago (7th level), 1 year ago (8th level), or any time in the creature’s past (9th level).",FALSE,,,,2014
Mold Earth,0,FALSE,30 feet,S,Instantaneous or 1 hour,FALSE,1 action,Transmutation,"Druid, Sorcerer, Wizard","You choose a portion of dirt or stone that you can see within range and that fits within a 5-foot cube. You manipulate it in one of the following ways:

If you cast this spell multiple times, you can have no more than two of its non-instantaneous effects active at a time, and you can dismiss such an effect as an action.",FALSE,,,,2014
Moonbeam,2,FALSE,120 feet,"V, S, M",Up to 1 minute,TRUE,1 action,Evocation,Druid,"A silvery beam of pale light shines down in a 5-foot radius, 40-foot-high cylinder centered on a point within range. Until the spell ends, dim light fills the cylinder.

When a creature enters the spell’s area for the first time on a turn or starts its turn there, it is engulfed in ghostly flames that cause searing pain, and it must make a Constitution saving throw. It takes 2d10 radiant damage on a failed save, or half as much damage on a successful one.

A shapechanger makes its saving throw with disadvantage. If it fails, it also instantly reverts to its original form and can’t assume a different form until it leaves the spell’s light.

On each of your turns after you cast this spell, you can use an action to move the beam up to 60 feet in any direction.

At Higher Levels.
When you cast this spell using a spell slot of 3rd level or higher, the damage increases by 1d10 for each slot level above 2nd.

Material: several seeds of any moonseed plant and a piece of opalescent feldspar.",FALSE,,,,2014
Mordenkainen's Faithful Hound,4,FALSE,30 feet,"V, S, M",8 hours,FALSE,1 action,Conjuration,"Artificer, Wizard","You conjure a phantom watchdog in an unoccupied space that you can see within range, where it remains for the duration, until you dismiss it as an action, or until you move more than 100 feet away from it.

The hound is invisible to all creatures except you and can’t be harmed. When a Small or larger creature comes within 30 feet of it without first speaking the password that you specify when you cast this spell, the hound starts barking loudly. The hound sees invisible creatures and can see into the Ethereal Plane. It ignores illusions.

At the start of each of your turns, the hound attempts to bite one creature within 5 feet of it that is hostile to you. The hound’s attack bonus is equal to your spellcasting ability modifier + your proficiency bonus. On a hit, it deals 4d8 piercing damage.

Material: a tiny silver whistle, a piece of bone, and a thread.",FALSE,,,,2014
Mordenkainen's Magnificent Mansion,7,FALSE,300 feet,"V, S, M",24 hours,FALSE,1 minute,Conjuration,"Bard, Wizard","You conjure an extradimensional dwelling in range that lasts for the duration. You choose where its one entrance is located. The entrance shimmers faintly and is 5 feet wide and 10 feet tall. You and any creature you designate when you cast the spell can enter the extradimensional dwelling as long as the portal remains open. You can open or close the portal if you are within 30 feet of it. While closed, the portal is invisible.

Beyond the portal is a magnificent foyer with numerous chambers beyond. The atmosphere is clean, fresh, and warm.

You can create any floor plan you like, but the space can’t exceed 50 cubes, each cube being 10 feet on each side. The place is furnished and decorated as you choose. It contains sufficient food to serve a nine-course banquet for up to 100 people. A staff of 100 near-transparent servants attends all who enter. You decide the visual appearance of these servants and their attire. They are completely obedient to your orders. Each servant can perform any task a normal human servant could perform, but they can’t attack or take any action that would directly harm another creature. Thus the servants can fetch things, clean, mend, fold clothes, light fires, serve food, pour wine, and so on. The servants can go anywhere in the mansion but can’t leave it. Furnishings and other objects created by this spell dissipate into smoke if removed from the mansion. When the spell ends, any creatures or objects inside the extradimensional space are expelled into the open spaces nearest to the entrance.

Material: a miniature portal carved from ivory, a small piece of polished marble, and a tiny silver spoon, each item worth at least 5 gp.",FALSE,,,,2014
Mordenkainen's Private Sanctum,4,FALSE,120 feet,"V, S, M",24 hours,FALSE,10 minutes,Abjuration,"Artificer, Wizard","You make an area within range magically secure. The area is a cube that can be as small as 5 feet to as large as 100 feet on each side. The spell lasts for the duration or until you use an action to dismiss it.

When you cast the spell, you decide what sort of security the spell provides, choosing any or all of the following properties:

Casting this spell on the same spot every day for a year makes this effect permanent.

At Higher Levels.
When you cast this spell using a spell slot of 5th level or higher, you can increase the size of the cube by 100 feet for each slot level beyond 4th. Thus you could protect a cube that can be up to 200 feet on one side by using a spell slot of 5th level.

Material: a thin sheet of lead, a piece of opaque glass, a wad of cotton or cloth, and powdered chrysolite.",FALSE,,,,2014
Mordenkainen's Sword,7,FALSE,60 feet,"V, S, M",Up to 1 minute,TRUE,1 action,Evocation,"Bard, Wizard","You create a sword-shaped plane of force that hovers within range. It lasts for the duration.

When the sword appears, you make a melee spell attack against a target of your choice within 5 feet of the sword. On a hit. the target takes 3d10 force damage. Until the spell ends, you can use a bonus action on each of your turns to move the sword up to 20 feet to a spot you can see and repeat this attack against the same target or a different one.

Material: a miniature platinum sword with a grip and pommel of copper and zinc, worth 250 gp.",FALSE,,,,2014
Motivational Speech,3,FALSE,60 feet,V,1 hour,FALSE,1 minute,Enchantment,,"Choose up to five creatures within range that can hear you. For the duration, each affected creature gains 5 temporary hit points and has advantage on Wisdom saving throws. If an affected creature is hit by an attack, it has advantage on the next attack roll it makes. Once an affected creature loses the temporary hit points granted by this spell, the spell ends for that creature.

At Higher Levels:
When you cast this spell using a spell slot of 4th level or higher, the temporary hit points increase by 5 for each slot level above 3rd.

Spell Lists:
Bard
,
Cleric",FALSE,,,,2014
Move Earth,6,FALSE,120 feet,"V, S, M",Up to 2 hours,TRUE,1 action,Transmutation,"Druid, Sorcerer, Wizard","Choose an area of terrain no larger than 40 feet on a side within range. You can reshape dirt, sand, or clay in the area in any manner you choose for the duration. You can raise or lower the area’s elevation, create or fill in a trench, erect or flatten a wall, or form a pillar. The extent of any such changes can’t exceed half the area’s largest dimension. So, if you affect a 40-foot square, you can create a pillar up to 20 feet high, raise or lower the square’s elevation by up to 20 feet, dig a trench up to 20 feet deep, and so on. It takes 10 minutes for these changes to complete.

At the end of every 10 minutes you spend concentrating on the spell, you can choose a new area of terrain to affect.

Because the terrain’s transformation occurs slowly, creatures in the area can’t usually be trapped or injured by the ground’s movement.

This spell can’t manipulate natural stone or stone construction. Rocks and structures shift to accommodate the new terrain. If the way you shape the terrain would make a structure unstable, it might collapse.

Similarly, this spell doesn’t directly affect plant growth. The moved earth carries any plants along with it.

Material: an iron blade and a small bag containing a mixture of soils – clay, loam, and sand.",FALSE,,,,2014
Nathair's Mischief,2,FALSE,60ft,"S, M",Up to 1 minute,TRUE,1 Action,Illusion,"Bard, Sorcerer, Wizard","You fill a 20-foot cube you can see within range with fey and draconic magic. Roll on the Mischievous Surge table to determine the magical effect produced, and roll again at the start of each of your turns until the spell ends. You can move the cube up to 10 feet before you roll.

Material: a piece of crust from an apple pie.",FALSE,,,,2014
Nathair's Mischief (UA),2,FALSE,60 feet,"S, M",Up to 1 minute,TRUE,1 action,Illusion,"Bard, Sorcerer, Wizard","You fill a 20-foot cube centered on a point you choose within range with fey and draconic magic. Roll on the Mischievous Surge table to determine the magical effect produced. At the start of each of your turns, you can move the cube up to 10 feet and reroll on the table.

Material: a piece of crust from an apple pie.",FALSE,,,,2014
Negative Energy Flood,5,FALSE,60 feet,"V, M",Instantaneous,FALSE,1 action,Necromancy,"Warlock, Wizard","You send ribbons of negative energy at one creature you can see within range. Unless the target is undead, it must make a Constitution saving throw, taking 5d12 necrotic damage on a failed save, or half as much damage on a successful one. A target killed by this damage rises up as a zombie at the start of your next turn. The zombie pursues whatever creature it can see that is closest to it. Statistics for the zombie are in the Monster Manual. If you target an undead with this spell, the target doesn’t make a saving throw. Instead, roll 5d12. The target gains half the total as temporary hit points.

Material: a broken bone and a square of black silk.",FALSE,,,,2014
Nondetection,3,FALSE,Touch,"V, S, M",8 hours,FALSE,1 action,Abjuration,"Bard, Ranger, Wizard","For the duration, you hide a target that you touch from divination magic. The target can be a willing creature or a place or an object no larger than 10 feet in any dimension. The target can’t be targeted by any divination magic or perceived through magical scrying sensors.

Material: a pinch of diamond dust worth 25 gp sprinkled over the target, which the spell consumes.",FALSE,,,,2014
Nystul's Magic Aura,2,FALSE,Touch,"V, S, M",24 hours,FALSE,1 action,Illusion,Wizard,"You place an illusion on a creature or an object you touch so that divination spells reveal false information about it. The target can be a willing creature or an object that isn’t being carried or worn by another creature.

When you cast the spell, choose one or both of the following effects. The effect lasts for the duration. If you cast this spell on the same creature or object every day for 30 days, placing the same effect on it each time, the illusion lasts until it is dispelled.

False Aura.
You change the way the target appears to spells and magical effects, such as
Detect Magic
, that detect magical auras. You can make a nonmagical object appear magical, a magical object appear nonmagical, or change the object’s magical aura so that it appears to belong to a specific school of magic that you choose. When you use this effect on an object, you can make the false magic apparent to any creature that handles the item.

Mask.
You change the way the target appears to spells and magical effects that detect creature types, such as a paladin’s Divine Sense or the trigger of a symbol spell. You choose a creature type and other spells and magical effects treat the target as if it were a creature of that type or of that alignment.

Material: a small square of silk.",FALSE,,,,2014
On/Off (UA),0,FALSE,60 feet,"V, S",Instantaneous,FALSE,1 action,Transmutation,"Sorcerer, Warlock, Wizard","This cantrip allows you to activate or deactivate any electronic device within range, as long as the device has a clearly defined on or off function that can be easily accessed from the outside of the device. Any device that requires a software-based shutdown sequence to activate or deactivate cannot be affected by On/Off.",FALSE,,,,2014
Otherworldly Form (UA),6,FALSE,Self,"V, S, M",Up to 1 minute,TRUE,1 action,Transmutation,"Cleric, Sorcerer, Warlock, Wizard","Uttering an incantation, you draw on the magic of the Lower Planes or Upper Planes (your choice) to transform yourself. You gain the following benefits until the spell ends:

Material: an object engraved with a symbol of the Outer Planes, worth at least 500 gp.",FALSE,,,,2014
Otiluke's Freezing Sphere,6,FALSE,300 feet,"V, S, M",Instantaneous,FALSE,1 action,Evocation,"Sorcerer (Optional), Wizard","A frigid globe of cold energy streaks from your fingertips to a point of your choice within range, where it explodes in a 60-foot-radius sphere. Each creature within the area must make a Constitution saving throw. On a failed save, a creature takes 10d6 cold damage. On a successful save, it takes half as much damage.

If the globe strikes a body of water or a liquid that is principally water (not including water-based creatures), it freezes the liquid to a depth of 6 inches over an area 30 feet square. This ice lasts for 1 minute. Creatures that were swimming on the surface of frozen water are trapped in the ice. A trapped creature can use an action to make a Strength check against your spell save DC to break free.

You can refrain from firing the globe after completing the spell, if you wish. A small globe about the size of a sling stone, cool to the touch, appears in your hand. At any time, you or a creature you give the globe to can throw the globe (to a range of 40 feet) or hurl it with a sling (to the sling’s normal range). It shatters on impact, with the same effect as the normal casting of the spell. You can also set the globe down without shattering it. After 1 minute, if the globe hasn’t already shattered, it explodes.

At Higher Levels.
When you cast this spell using a spell slot of 7th level or higher, the damage increases by 1d6 for each slot level above 6th.

Material: a small crystal sphere.",FALSE,,,,2014
Otiluke's Resilient Sphere,4,FALSE,30 feet,"V, S, M",Up to 1 minute,TRUE,1 action,Evocation,"Artificer, Wizard","A sphere of shimmering force encloses a creature or object of Large size or smaller within range. An unwilling creature must make a Dexterity saving throw. On a failed save, the creature is enclosed for the duration.

Nothing – not physical objects, energy, or other spell effects – can pass through the barrier, in or out, though a creature in the sphere can breathe there. The sphere is immune to all damage, and a creature or object inside can’t be damaged by attacks or effects originating from outside, nor can a creature inside the sphere damage anything outside it.

The sphere is weightless and just large enough to contain the creature or object inside. An enclosed creature can use its action to push against the sphere’s walls and thus roll the sphere at up to half the creature’s speed. Similarly, the globe can be picked up and moved by other creatures.

A
Disintegrate
spell targeting the globe destroys it without harming anything inside it.

Material: a hemispherical piece of clear crystal and a matching hemispherical piece of gum arabic.",FALSE,,,,2014
Otto's Irresistible Dance,6,FALSE,30 feet,V,Up to 1 minute,TRUE,1 action,Enchantment,"Bard, Wizard","Choose one creature that you can see within range. The target begins a comic dance in place: shuffling, tapping its feet, and capering for the duration. Creatures that can’t be charmed are immune to this spell.

A dancing creature must use all its movement to dance without leaving its space and has disadvantage on Dexterity saving throws and attack rolls. While the target is affected by this spell, other creatures have advantage on attack rolls against it. As an action, a dancing creature makes a Wisdom saving throw to regain control of itself. On a successful save, the spell ends.",FALSE,,,,2014
Pass Without Trace,2,FALSE,Self,"V, S, M",Up to 1 hour,TRUE,1 action,Abjuration,"Druid, Ranger","A veil of shadows and silence radiates from you, masking you and your companions from detection. For the duration, each creature you choose within 30 feet of you (including you) has a +10 bonus to Dexterity (Stealth) checks and can’t be tracked except by magical means. A creature that receives this bonus leaves behind no tracks or other traces of its passage.

Material: ashes from a burned leaf of mistletoe and a sprig of spruce.",FALSE,,,,2014
Passwall,5,FALSE,30 feet,"V, S, M",1 hour,FALSE,1 action,Transmutation,Wizard,"A passage appears at a point of your choice that you can see on a wooden, plaster, or stone surface (such as a wall, a ceiling, or a floor) within range, and lasts for the duration. You choose the opening’s dimensions: up to 5 feet wide, 8 feet tall, and 20 feet deep. The passage creates no instability in a structure surrounding it.

When the opening disappears, any creatures or objects still in the passage created by the spell are safely ejected to an unoccupied space nearest to the surface on which you cast the spell.

Material: a pinch of sesame seeds.",FALSE,,,,2014
Phantasmal Force,2,FALSE,60 feet,"V, S, M",Up to 1 minute,TRUE,1 action,Illusion,"Bard, Sorcerer, Wizard","You craft an illusion that takes root in the mind of a creature that you can see within range. The target must make an Intelligence saving throw. On a failed save, you create a phantasmal object, creature, or other visible phenomenon of your choice that is no larger than a 10-foot cube and that is perceivable only to the target for the duration. This spell has no effect on undead or constructs.

The phantasm includes sound, temperature, and other stimuli, also evident only to the creature.

The target can use its action to examine the phantasm with an Intelligence (Investigation) check against your spell save DC. If the check succeeds, the target realizes that the phantasm is an illusion, and the spell ends.

While a target is affected by the spell, the target treats the phantasm as if it were real. The target rationalizes any illogical outcomes from interacting with the phantasm. For example, a target attempting to walk across a phantasmal bridge that spans a chasm falls once it steps onto the bridge. If the target survives the fall, it still believes that the bridge exists and comes up with some other explanation for its fall; it was pushed, it slipped, or a strong wind might have knocked it off.

An affected target is so convinced of the phantasm’s reality that it can even take damage from the illusion. A phantasm created to appear as a creature can attack the target. Similarly, a phantasm created to appear as fire, a pool of acid, or lava can burn the target. Each round on your turn, the phantasm can deal 1d6 psychic damage to the target if it is in the phantasm’s area or within 5 feet of the phantasm, provided that the illusion is of a creature or hazard that could logically deal damage, such as by attacking. The target perceives the damage as a type appropriate to the illusion.

Material: a bit of fleece.",FALSE,,,,2014
Phantasmal Killer,4,FALSE,120 feet,"V, S",Up to 1 minute,TRUE,1 action,Illusion,"Bard (Optional), Wizard","You tap into the nightmares of a creature you can see within range and create an illusory manifestation of its deepest fears, visible only to that creature.

The target must make a Wisdom saving throw. On a failed save, the target becomes frightened for the duration. At the end of each of the target’s turns before the spell ends, the target must succeed on a Wisdom saving throw or take 4d10 psychic damage. On a successful save, the spell ends.

At Higher Levels.
When you cast this spell using a spell slot of 5th level or higher, the damage increases by 1d10 for each slot level above 4th.",FALSE,,,,2014
Phantom Steed,3,TRUE,30 feet,"V, S",1 hour,FALSE,1 minute,Illusion,Wizard,"A Large quasi-real, horselike creature appears on the ground in an unoccupied space of your choice within range. You decide the creature’s appearance, but it is equipped with a saddle, bit, and bridle. Any of the equipment created by the spell vanishes in a puff of smoke if it is carried more than 10 feet away from the steed.

For the duration, you or a creature you choose can ride the steed. The creature uses the statistics for a riding horse, except it has a speed of 100 feet and can travel 10 miles in an hour, or 13 miles at a fast pace. When the spell ends, the steed gradually fades, giving the rider 1 minute to dismount. The spell ends if you use an action to dismiss it or if the steed takes any damage.",FALSE,,,,2014
Planar Ally,6,FALSE,60 feet,"V, S",Instantaneous,FALSE,10 minutes,Conjuration,Cleric,"You beseech an otherworldly entity for aid. The being must be known to you: a god, a primordial, a demon prince, or some other being of cosmic power. That entity sends a celestial, an elemental, or a fiend loyal to it to aid you, making the creature appear in an unoccupied space within range. If you know a specific creature’s name, you can speak that name when you cast this spell to request that creature, though you might get a different creature anyway (DM’s choice).

When the creature appears, it is under no compulsion to behave in any particular way. You can ask the creature to perform a service in exchange for payment, but it isn’t obliged to do so. The requested task could range from simple (fly us across the chasm, or help us fight a battle) to complex (spy on our enemies, or protect us during our foray into the dungeon). You must be able to communicate with the creature to bargain for its services.

Payment can take a variety of forms. A celestial might require a sizable donation of gold or magic items to an allied temple, while a fiend might demand a living sacrifice or a gift of treasure. Some creatures might exchange their service for a quest undertaken by you.

As a rule of thumb, a task that can be measured in minutes requires a payment worth 100 gp per minute. A task measured in hours requires 1,000 gp per hour. And a task measured in days (up to 10 days) requires 10,000 gp per day. The DM can adjust these payments based on the circumstances under which you cast the spell. If the task is aligned with the creature’s ethos, the payment might be halved or even waived. Nonhazardous tasks typically require only half the suggested payment, while especially dangerous tasks might require a greater gift. Creatures rarely accept tasks that seem suicidal.

After the creature completes the task, or when the agreed-upon duration of service expires, the creature returns to its home plane after reporting back to you, if appropriate to the task and if possible. If you are unable to agree on a price for the creature’s service, the creature immediately returns to its home plane.

A creature enlisted to join your group counts as a member of it, receiving a full share of experience points awarded.",FALSE,,,,2014
Planar Binding,5,FALSE,60 feet,"V, S, M",24 hours,FALSE,1 hour,Abjuration,"Bard, Cleric, Druid, Warlock (Optional), Wizard","With this spell, you attempt to bind a celestial, an elemental, a fey, or a fiend to your service. The creature must be within range for the entire casting of the spell. (Typically, the creature is first summoned into the center of an inverted
Magic Circle
in order to keep it trapped while this spell is cast.) At the completion of the casting, the target must make a Charisma saving throw. On a failed save, it is bound to serve you for the duration. If the creature was summoned or created by another spell, that spell’s duration is extended to match the duration of this spell.

A bound creature must follow your instructions to the best of its ability. You might command the creature to accompany you on an adventure, to guard a location, or to deliver a message. The creature obeys the letter of your instructions, but if the creature is hostile to you, it strives to twist your words to achieve its own objectives. If the creature carries out your instructions completely before the spell ends, it travels to you to report this fact if you are on the same plane of existence. If you are on a different plane of existence, it returns to the place where you bound it and remains there until the spell ends.

At Higher Levels.
When you cast this spell using a spell slot of a higher level, the duration increases to 10 days with a 6th-level slot, 30 days with a 7th-level slot, 180 days with an 8th-level slot, or 1 year and 1 day with a 9th-level spell slot.

Material: a jewel worth at least 1,000 gp, which the spell consumes.",FALSE,,,,2014
Plane Shift,7,FALSE,Touch,"V, S, M",Instantaneous,FALSE,1 action,Conjuration,"Cleric, Druid, Sorcerer, Warlock, Wizard","You and up to eight willing creatures who link hands in a circle are transported to a different plane of existence. You can specify a target destination in general terms, such as the City of Brass on the Elemental Plane of Fire or the palace of Dispater on the second level of the Nine Hells, and you appear in or near that destination. If you are trying to reach the City of Brass, for example, you might arrive in its Street of Steel, before its Gate of Ashes, or looking at the city from across the Sea of Fire, at the DM’s discretion.

Alternatively, if you know the sigil sequence of a teleportation circle on another plane of existence, this spell can take you to that circle. If the teleportation circle is too small to hold all the creatures you transported, they appear in the closest unoccupied spaces next to the circle.

You can use this spell to banish an unwilling creature to another plane. Choose a creature within your reach and make a melee spell attack against it. On a hit, the creature must make a Charisma saving throw. If the creature fails the save, it is transported to a random location on the plane of existence you specify. A creature so transported must find its own way back to your current plane of existence.

Material: a forked, metal rod worth at least 250 gp, attuned to a particular plane of existence.",FALSE,,,,2014
Plant Growth,3,FALSE,150 feet,"V, S",Instantaneous,FALSE,1 action or 8 hours,Transmutation,"Bard, Druid, Ranger","This spell channels vitality into plants within a specific area. There are two possible uses for the spell, granting either immediate or long-term benefits.

If you cast this spell using 1 action, choose a point within range. All normal plants in a 100-foot radius centered on that point become thick and overgrown. A creature moving through the area must spend 4 feet of movement for every 1 foot it moves.

You can exclude one or more areas of any size within the spell’s area from being affected.

If you cast this spell over 8 hours, you enrich the land. All plants in a half-mile radius centered on a point within range become enriched for 1 year. The plants yield twice the normal amount of food when harvested.",FALSE,,,,2014
Poison Spray,0,FALSE,10 feet,"V, S",Instantaneous,FALSE,1 action,Conjuration,"Artificer, Druid, Sorcerer, Warlock, Wizard","You extend your hand toward a creature you can see within range and project a puff of noxious gas from your palm. The creature must succeed on a Constitution saving throw or take 1d12 poison damage.

At Higher Levels.
This spell’s damage increases by 1d12 when you reach 5th level (2d12), 11th level (3d12), and 17th level (4d12).",FALSE,,,,2014
Polymorph,4,FALSE,60 feet,"V, S, M",Up to 1 hour,TRUE,1 action,Transmutation,"Bard, Druid, Sorcerer, Wizard","This spell transforms a creature that you can see within range into a new form. An unwilling creature must make a Wisdom saving throw to avoid the effect. A shapechanger automatically succeeds on this saving throw.

The transformation lasts for the duration, or until the target drops to 0 hit points or dies. The new form can be any beast whose challenge rating is equal to or less than the target’s (or the target’s level, if it doesn’t have a challenge rating). The target’s game statistics, including mental ability scores, are replaced by the statistics of the chosen beast. It retains its alignment and personality.

The target assumes the hit points of its new form. When it reverts to its normal form, the creature returns to the number of hit points it had before it transformed. If it reverts as a result of dropping to 0 hit points, any excess damage carries over to its normal form. As long as the excess damage doesn’t reduce the creature’s normal form to 0 hit points, it isn’t knocked unconscious.

The creature is limited in the actions it can perform by the nature of its new form, and it can’t speak, cast spells, or take any other action that requires hands or speech.

The target’s gear melds into the new form. The creature can’t activate, use, wield, or otherwise benefit from any of its equipment. This spell can’t affect a target that has 0 hit points.

Material: a caterpillar cocoon.",FALSE,,,,2014
Power Word: Heal,9,FALSE,Touch,"V, S",Instantaneous,FALSE,1 action,Evocation,"Bard, Cleric (Optional)","A wave of healing energy washes over a creature you touch. The target regains all its hit points. If the creature is charmed, frightened, paralyzed, or stunned, the condition ends. If the creature is prone, it can use its reaction to stand up. This spell has no effect on undead or constructs.",FALSE,,,,2014
Power Word: Kill,9,FALSE,60 feet,V,Instantaneous,FALSE,1 action,Enchantment,"Bard, Sorcerer, Warlock, Wizard","You utter a word of power that can compel one creature you can see within range to die instantly. If the creature you chose has 100 hit points or fewer, it dies. Otherwise, the spell has no effect.",FALSE,,,,2014
Power Word: Pain,7,FALSE,60 feet,V,Instantaneous,FALSE,1 action,Enchantment,"Sorcerer, Warlock, Wizard","You speak a word of power that causes waves of intense pain to assail one creature you can see within range. If the target has 100 hit points or fewer, it is subject to crippling pain. Otherwise, the spell has no effect on it. A target is also unaffected if it is immune to being charmed.

While the target is affected by crippling pain, any speed it has can be no higher than 10 feet. The target also has disadvantage on attack rolls, ability checks, and saving throws, other than Constitution saving throws. Finally, if the target tries to cast a spell, it must first succeed on a Constitution saving throw, or the casting fails and the spell is wasted.

A target suffering this pain can make a Constitution saving throw at the end of each of its turns. On a successful save, the pain ends.",FALSE,,,,2014
Power Word: Stun,8,FALSE,60 feet,"V, S",Instantaneous,FALSE,1 action,Enchantment,"Bard, Sorcerer, Warlock, Wizard","You speak a word of power that can overwhelm the mind of one creature you can see within range, leaving it dumbfounded. If the target has 150 hit points or fewer, it is stunned. Otherwise, the spell has no effect. The stunned target must make a Constitution saving throw at the end of each of its turns. On a successful save, this stunning effect ends.",FALSE,,,,2014
Prayer of Healing,2,FALSE,30 feet,V,Instantaneous,FALSE,10 minutes,Evocation,"Cleric, Paladin (Optional)","Up to six creatures of your choice that you can see within range each regain hit points equal to 2d8 + your spellcasting ability modifier. This spell has no effect on undead or constructs.

At Higher Levels.
When you cast this spell using a spell slot of 3rd level or higher, the healing increases by 1d8 for each slot level above 2nd.",FALSE,,,,2014
Prestidigitation,0,FALSE,10 feet,"V, S",Up to 1 hour,FALSE,1 action,Transmutation,"Artificer, Bard, Sorcerer, Warlock, Wizard","This spell is a minor magical trick that novice spellcasters use for practice. You create one of the following magical effects within range:

If you cast this spell multiple times, you can have up to three of its non-instantaneous effects active at a time, and you can dismiss such an effect as an action.",FALSE,,,,2014
Primal Savagery,0,FALSE,Self,S,Instantaneous,FALSE,1 action,Transmutation,Druid,"You channel primal magic to cause your teeth or fingernails to sharpen, ready to deliver a corrosive attack. Make a melee spell attack against one creature within 5 feet of you. On a hit, the target takes 1d10 acid damage. After you make the attack, your teeth or fingernails return to normal.

At Higher Levels.
The spell’s damage increases by 1d10 when you reach 5th level (2d10), 11th level (3d10), and 17th level (4d10).",FALSE,,,,2014
Primordial Ward,6,FALSE,Self,"V, S",Up to 1 minute,TRUE,1 action,Abjuration,Druid,"You have resistance to acid, cold, fire, lightning, and thunder damage for the spell’s duration.

When you take damage of one of those types, you can use your reaction to gain immunity to that type of damage, including against the triggering damage. If you do so, the resistances end, and you have the immunity until the end of your next turn, at which time the spell ends.",FALSE,,,,2014
Prismatic Spray,7,FALSE,Self (60-foot cone),"V, S",Instantaneous,FALSE,1 action,Evocation,"Bard, Sorcerer, Wizard","Eight multicolored rays of light flash from your hand. Each ray is a different color and has a different power and purpose. Each creature in a 60-foot cone must make a Dexterity saving throw. For each target, roll a d8 to determine which color ray affects it.",FALSE,,,,2014
Prismatic Wall,9,FALSE,60 feet,"V, S",10 minutes,FALSE,1 action,Abjuration,"Bard (Optional), Wizard","A shimmering, multicolored plane of light forms a vertical opaque wall – up to 90 feet long, 30 feet high, and 1 inch thick – centered on a point you can see within range. Alternatively, you can shape the wall into a sphere up to 30 feet in diameter centered on a point you choose within range. The wall remains in place for the duration. If you position the wall so that it passes through a space occupied by a creature, the spell fails, and your action and the spell slot are wasted.

The wall sheds bright light out to a range of 100 feet and dim light for an additional 100 feet. You and creatures you designate at the time you cast the spell can pass through and remain near the wall without harm. If another creature that can see the wall moves to within 20 feet of it or starts its turn there, the creature must succeed on a Constitution saving throw or become blinded for 1 minute.

The wall consists of seven layers, each with a different color. When a creature attempts to reach into or pass through the wall, it does so one layer at a time through all the wall’s layers. As it passes or reaches through each layer, the creature must make a Dexterity saving throw or be affected by that layer’s properties as described below.

The wall can be destroyed, also one layer at a time, in order from red to violet, by means specific to each layer. Once a layer is destroyed, it remains so for the duration of the spell. An
Antimagic Field
has no effect on it.",FALSE,,,,2014
Produce Flame,0,FALSE,Self,"V, S",10 minutes,FALSE,1 action,Conjuration,Druid,"A flickering flame appears in your hand. The flame remains there for the duration and harms neither you nor your equipment. The flame sheds bright light in a 10-foot radius and dim light for an additional 10 feet. The spell ends if you dismiss it as an action or if you cast it again.

You can also attack with the flame, although doing so ends the spell. When you cast this spell, or as an action on a later turn, you can hurl the flame at a creature within 30 feet of you. Make a ranged spell attack. On a hit, the target takes 1d8 fire damage.

At Higher Levels.
This spell’s damage increases by 1d8 when you reach 5th level (2d8), 11th level (3d8), and 17th level (4d8).",FALSE,,,,2014
Programmed Illusion,6,FALSE,120 feet,"V, S, M",Until dispelled,FALSE,1 action,Illusion,"Bard, Wizard","You create an illusion of an object, a creature, or some other visible phenomenon within range that activates when a specific condition occurs. The illusion is imperceptible until then. It must be no larger than a 30-foot cube, and you decide when you cast the spell how the illusion behaves and what sounds it makes. This scripted performance can last up to 5 minutes.

When the condition you specify occurs, the illusion springs into existence and performs in the manner you described. Once the illusion finishes performing, it disappears and remains dormant for 10 minutes. After this time, the illusion can be activated again.

The triggering condition can be as general or as detailed as you like, though it must be based on visual or audible conditions that occur within 30 feet of the area. For example, you could create an illusion of yourself to appear and warn off others who attempt to open a trapped door, or you could set the illusion to trigger only when a creature says the correct word or phrase.

Physical interaction with the image reveals it to be an illusion, because things can pass through it. A creature that uses its action to examine the image can determine that it is an illusion with a successful Intelligence (Investigation) check against your spell save DC. If a creature discerns the illusion for what it is, the creature can see through the image, and any noise it makes sounds hollow to the creature.

Material: a bit of fleece and jade dust worth at least 25 gp.",FALSE,,,,2014
Project Image,7,FALSE,500 miles,"V, S, M",Up to 1 day,TRUE,1 action,Illusion,"Bard, Wizard","You create an illusory copy of yourself that lasts for the duration. The copy can appear at any location within range that you have seen before, regardless of intervening obstacles. The illusion looks and sounds like you but is intangible. If the illusion takes any damage, it disappears, and the spell ends.

You can use your action to move this illusion up to twice your speed, and make it gesture, speak, and behave in whatever way you choose. It mimics your mannerisms perfectly.

You can see through its eyes and hear through its ears as if you were in its space. On your turn as a bonus action, you can switch from using its senses to using your own, or back again. While you are using its senses, you are blinded and deafened in regard to your own surroundings.

Physical interaction with the image reveals it to be an illusion, because things can pass through it. A creature that uses its action to examine the image can determine that it is an illusion with a successful Intelligence (Investigation) check against your spell save DC. If a creature discerns the illusion for what it is, the creature can see through the image, and any noise it makes sounds hollow to the creature.

Material: a small replica of you made from materials worth at least 5 gp.",FALSE,,,,2014
Protection from Ballistics (UA),3,FALSE,Touch,"V, S, M",Up to 10 minutes,TRUE,1 action,Abjuration,"Sorcerer, Warlock, Wizard","This spell enchants the flesh of the target against the impact of bullets. Until the spell ends, the target has resistance to nonmagical ballistic damage.

Material: a shell casing.",FALSE,,,,2014
Protection from Energy,3,FALSE,Touch,"V, S",Up to 1 hour,TRUE,1 action,Abjuration,"Artificer, Cleric, Druid, Ranger, Sorcerer, Wizard","For the duration, the willing creature you touch has resistance to one damage type of your choice: acid, cold, fire, lightning, or thunder.",FALSE,,,,2014
Protection from Evil and Good,1,FALSE,Touch,"V, S, M",Up to 10 minutes,TRUE,1 action,Abjuration,"Cleric, Druid (Optional), Paladin, Warlock, Wizard","Until the spell ends, one willing creature you touch is protected against certain types of creatures: aberrations, celestials, elementals, fey, fiends, and undead.

The protection grants several benefits. Creatures of those types have disadvantage on attack rolls against the target. The target also can't be charmed, frightened, or possessed by them. If the target is already charmed, frightened, or possessed by such a creature, the target has advantage on any new saving throw against the relevant effect.

Material: holy water or powdered silver and iron, which the spell consumes.",FALSE,,,,2014
Protection from Poison,2,FALSE,Touch,"V, S",1 hour,FALSE,1 action,Abjuration,"Artificer, Cleric, Druid, Paladin, Ranger","You touch a creature. If it is poisoned, you neutralize the poison. If more than one poison afflicts the target, you neutralize one poison that you know is present, or you neutralize one at random.

For the duration, the target has advantage on saving throws against being poisoned, and it has resistance to poison damage.",FALSE,,,,2014
Psionic Blast (UA),3,FALSE,Self (30-foot cone),V,Instantaneous,FALSE,1 action,Evocation,"Sorcerer, Warlock, Wizard","You unleash a destructive wave of mental power in a 30-foot cone. Each creature in the area must make a Dexterity saving throw. On a failed save, a target takes 5d8 force damage, is pushed 20 feet directly away from you, and is knocked prone. On a successful save, a target takes half as much damage and isn’t pushed or knocked prone.

At Higher Levels.
When you cast this spell using a spell slot of 4th level or higher, the damage increases by 1d8 for each slot level above 3rd.",FALSE,,,,2014
Psychic Crush (UA),6,FALSE,60 feet,"V, S",1 minute,FALSE,1 action,Enchantment,"Sorcerer, Warlock, Wizard","You overload the mind of one creature you can see within range, filling its psyche with discordant emotions. The target must make an Intelligence saving throw. On a failed save, the target takes 12d6 psychic damage and is stunned for 1 minute. On a successful save, the target takes half as much damage and isn’t stunned.

The stunned target can make an Intelligence saving throw at the end of each of its turns. On a successful save, the spell ends on the target.",FALSE,,,,2014
Psychic Scream,9,FALSE,90 feet,S,Instantaneous,FALSE,1 action,Enchantment,"Bard, Sorcerer, Warlock, Wizard","You unleash the power of your mind to blast the intellect of up to ten creatures of your choice that you can see within range. Creatures that have an Intelligence score of 2 or lower are unaffected.
Each target must make an Intelligence saving throw. On a failed save, a target takes 14d6 psychic damage and is stunned. On a successful save, a target takes half as much damage and isn’t stunned. If a target is killed by this damage, its head explodes, assuming it has one.

A stunned target can make an Intelligence saving throw at the end of each of its turns. On a successful save, the stunning effect ends.",FALSE,,,,2014
Pulse Wave,3,FALSE,Self (30-foot cone),"V, S",Instantaneous,FALSE,1 action,Evocation,Wizard,"You create intense pressure, unleash it in a 30-foot cone, and decide whether the pressure pulls or pushes creatures and objects. Each creature in that cone must make a Constitution saving throw. A creature takes 6d6 force damage on a failed save, or half as much damage on a successful one. And every creature that fails the save is either pulled 15 feet toward you or pushed 15 feet away from you, depending on the choice you made for the spell.

In addition, unsecured objects that are completely within the cone are likewise pulled or pushed 15 feet.

At Higher Levels.
When you cast this spell using a spell slot of 4th level or higher, the damage increases by 1d6 and the distance pulled or pushed increases by 5 feet for each slot level above 3rd.",FALSE,,,,2014
Puppet (UA),1,FALSE,120 feet,V,Instantaneous,FALSE,1 action,Enchantment,"Bard, Warlock, Wizard","Your gesture forces one humanoid you can see within range to make a Constitution saving throw. On a failed save, the target must move up to its speed in a direction you choose. In addition, you can cause the target to drop whatever it is holding. This spell has no effect on a humanoid that is immune to being charmed.",FALSE,,,,2014
Purify Food and Drink,1,TRUE,10 feet,"V, S",Instantaneous,FALSE,1 action,Transmutation,"Artificer, Cleric, Druid, Paladin",All nonmagical food and drink within a 5-foot-radius sphere centered on a point of your choice within range is purified and rendered free of poison and disease.,FALSE,,,,2014
Pyrotechnics,2,FALSE,60 feet,"V, S",Instantaneous,FALSE,1 action,Transmutation,"Bard, Sorcerer, Wizard, Artificer","Choose an area of flame that you can see and that can fit within a 5-foot cube within range. You can extinguish the fire in that area, and you create either fireworks or smoke.

Fireworks.
The target explodes with a dazzling display of colors. Each creature within 10 feet of the target must succeed on a Constitution saving throw or become blinded until the end of your next turn.

Smoke.
Thick black smoke spreads out from the target in a 20-foot radius, moving around corners. The area of the smoke is heavily obscured. The smoke persists for 1 minute or until a strong wind disperses it.",FALSE,,,,2014
Raise Dead,5,FALSE,Touch,"V, S, M",Instantaneous,FALSE,1 hour,Necromancy,"Bard, Cleric, Paladin","You return a dead creature you touch to life, provided that it has been dead no longer than 10 days. If the creature’s soul is both willing and at liberty to rejoin the body, the creature returns to life with 1 hit point.

This spell also neutralizes any poison and cures nonmagical diseases that affected the creature at the time it died. This spell doesn’t, however, remove magical diseases, curses, or similar effects; if these aren’t first removed prior to casting the spell, they take effect when the creature returns to life. The spell can’t return an undead creature to life.

This spell closes all mortal wounds, but it doesn’t restore missing body parts. If the creature is lacking body parts or organs integral for its survival – its head, for instance – the spell automatically fails.

Coming back from the dead is an ordeal. The target takes a -4 penalty to all attack rolls, saving throws, and ability checks. Every time the target finishes a long rest, the penalty is reduced by 1 until it disappears.

Material: a diamond worth at least 500 gp, which the spell consumes.",FALSE,,,,2014
Rary's Telepathic Bond,5,TRUE,30 feet,"V, S, M",1 hour,FALSE,1 action,Divination,"Bard (Optional), Wizard","You forge a telepathic link among up to eight willing creatures of your choice within range, psychically linking each creature to all the others for the duration. Creatures with Intelligence scores of 2 or less aren’t affected by this spell.

Until the spell ends, the targets can communicate telepathically through the bond whether or not they have a common language. The communication is possible over any distance, though it can’t extend to other planes of existence.

Material: pieces of eggshell from two different kinds of creatures.",FALSE,,,,2014
Raulothim's Psychic Lance,4,FALSE,120 feet,V,Instantaneous,FALSE,1 action,Enchantment,"Bard, Sorcerer, Warlock, Wizard","You unleash a shimmering lance of psychic power from your forehead at a creature that you can see within range. Alternatively, you can utter a creature’s name. If the named target is within range, it becomes the spell’s target even if you can’t see it. If the named target isn’t within range, the lance dissipates without effect.

The target must make an Intelligence saving throw. On a failed save, the target takes 7d6 psychic damage and is incapacitated until the start of your next turn. On a successful save, the creature takes half as much damage and isn’t incapacitated.

At Higher Levels.
When you cast this spell using a spell slot of 5th level or higher, the damage increases by 1d6 for each slot level above 4th.",FALSE,,,,2014
Raulothim's Psychic Lance (UA),4,FALSE,120 feet,V,Instantaneous,FALSE,1 action,Enchantment,"Bard, Sorcerer, Warlock, Wizard","You unleash a shimmering lance of psychic power from your forehead at a creature that you can see within range. Alternatively, you can utter the creature’s name. If the named target is within range, it gains no benefit from cover or invisibility as the lance homes in on it. If the named target isn’t within range, the lance dissipates, and the spell slot is not expended.

The target must succeed on an Intelligence saving throw or take 10d6 psychic damage and be incapacitated until the start of your next turn.

At Higher Levels.
When you cast this spell using a spell slot of 5th level or higher, the damage increases by 1d6 for each slot level above 4th.",FALSE,,,,2014
Ravenous Void,9,FALSE,"1,000 feet","V, S, M",Up to 1 minute,TRUE,1 action,Evocation,Wizard,"You create a 20-foot-radius sphere of destructive gravitation force centered on a point you can see within range. For the spell's duration, the sphere and any space within 100 feet of it are difficult terrain, and nonmagical objects fully inside the sphere are destroyed if they aren't being worn or carried.

When the sphere appears and at the start of each of your turns until the spell ends, unsecured objects within 100 feet of the sphere are pulled toward the sphere's center, ending in an unoccupied space as close to the center as possible.

A creature that starts its turn within 100 feet of the sphere must succeed on a Strength saving throw or be pulled straight toward the sphere's center, ending in an unoccupied space as close to the center as possible. A creature that enters the sphere for the first time on a turn or starts its turn there takes 5d10 force damage and is restrained until it is no longer in the sphere. If the sphere is in the air, the restrained creature hovers inside the sphere. A creature can use its action to make a Strength check against your spell save DC, ending this restrained condition on itself or another creature in the sphere that it can reach. A creature reduced to 0 hit points by this spell is annihilated, along with any nonmagical items it is wearing or carrying.

Material: a small, nine-pointed star made of iron.",FALSE,,,,2014
Ray of Enfeeblement,2,FALSE,60 feet,"V, S",Up to 1 minute,TRUE,1 action,Necromancy,"Warlock, Wizard","A black beam of enervating energy springs from your finger toward a creature within range. Make a ranged spell attack against the target. On a hit, the target deals only half damage with weapon attacks that use Strength until the spell ends.

At the end of each of the target’s turns, it can make a Constitution saving throw against the spell. On a success, the spell ends.",FALSE,,,,2014
Ray of Frost,0,FALSE,60 feet,"V, S",Instantaneous,FALSE,1 action,Evocation,"Artificer, Sorcerer, Wizard","A frigid beam of blue-white light streaks toward a creature within range. Make a ranged spell attack against the target. On a hit, it takes 1d8 cold damage, and its speed is reduced by 10 feet until the start of your next turn.

At Higher Levels.
The spell’s damage increases by 1d8 when you reach 5th level (2d8), 11th level (3d8), and 17th level (4d8).",FALSE,,,,2014
Ray of Sickness,1,FALSE,60 feet,"V, S",Instantaneous,FALSE,1 action,Necromancy,"Sorcerer, Wizard","A ray of sickening greenish energy lashes out toward a creature within range. Make a ranged spell attack against the target. On a hit, the target takes 2d8 poison damage and must make a Constitution saving throw. On a failed save, it is also poisoned until the end of your next turn.

At Higher Levels.
When you cast this spell using a spell slot of 2nd level or higher, the damage increases by 1d8 for each slot level above 1st.",FALSE,,,,2014
Reality Break,8,FALSE,60 feet,"V, S, M",Up to 1 minute,TRUE,1 action,Conjuration,Wizard,"You shatter the barriers between realities and timelines, thrusting a creature into turmoil and madness. The target must succeed on a Wisdom saving throw, or it can't take reactions until the spell ends. The affected target must also roll a d10 at the start of each of its turns; the number rolled determines what happens to the target as shown on the Reality Break Effects table.

At the end of each of its turns, the affected target can repeat the Wisdom saving throw, ending the spell on itself on a success

Reality Break Effects

Material: a crystal prism.",FALSE,,,,2014
Regenerate,7,FALSE,Touch,"V, S, M",1 hour,FALSE,1 minute,Transmutation,"Bard, Cleric, Druid","You touch a creature and stimulate its natural healing ability. The target regains 4d8 + 15 hit points. For the duration of the spell, the target regains 1 hit point at the start of each of its turns (10 hit points each minute).

The target’s severed body members (fingers, legs, tails, and so on), if any, are restored after 2 minutes. If you have the severed part and hold it to the stump, the spell instantaneously causes the limb to knit to the stump.

Material: a prayer wheel and holy water.",FALSE,,,,2014
Reincarnate,5,FALSE,Touch,"V, S, M",Instantaneous,FALSE,1 hour,Transmutation,Druid,"You touch a dead humanoid or a piece of a dead humanoid. Provided that the creature has been dead no longer than 10 days, the spell forms a new adult body for it and then calls the soul to enter that body. If the target’s soul isn’t free or willing to do so, the spell fails.

The magic fashions a new body for the creature to inhabit, which likely causes the creature’s race to change. The DM rolls a d100 and consults the following table to determine what form the creature takes when restored to life, or the DM chooses a form.

The reincarnated creature recalls its former life and experiences. It retains the capabilities it had in its original form, except it exchanges its original race for the new one and changes its racial traits accordingly.

Material: rare oils and unguents worth at least 1,000 gp, which the spell consumes.",FALSE,,,,2014
Remote Access (UA),1,FALSE,120 feet,"V, S",10 minutes,FALSE,1 action,Transmutation,"Sorcerer, Warlock, Wizard","You can use any electronic device within range as if it were in your hands. This is not a telekinesis effect. Rather, this spell allows you to simulate a device's mechanical functions electronically. You are able to access only functions that a person using the device manually would be able to access. You can use remote access with only one device at a time.",FALSE,,,,2014
Remove Curse,3,FALSE,Touch,"V, S",Instantaneous,FALSE,1 action,Abjuration,"Cleric, Paladin, Warlock, Wizard","At your touch, all curses affecting one creature or object end. If the object is a cursed magic item, its curse remains, but the spell breaks its owner’s attunement to the object so it can be removed or discarded.",FALSE,,,,2014
Resistance,0,FALSE,Touch,"V, S, M",Up to 1 minute,TRUE,1 action,Abjuration,"Artificer, Cleric, Druid","You touch one willing creature. Once before the spell ends, the target can roll a d4 and add the number rolled to one saving throw of its choice. It can roll the die before or after the saving throw. The spell then ends.

Material: a miniature cloak.",FALSE,,,,2014
Resurrection,7,FALSE,Touch,"V, S, M",Instantaneous,FALSE,1 hour,Necromancy,"Bard, Cleric","You touch a dead creature that has been dead for no more than a century, that didn’t die of old age, and that isn’t undead. If its soul is free and willing, the target returns to life with all its hit points.

This spell neutralizes any poisons and cures normal diseases afflicting the creature when it died. It doesn’t, however, remove magical diseases, curses, and the like; if such affects aren’t removed prior to casting the spell, they afflict the target on its return to life.

This spell closes all mortal wounds and restores any missing body parts.

Coming back from the dead is an ordeal. The target takes a -4 penalty to all attack rolls, saving throws, and ability checks. Every time the target finishes a long rest, the penalty is reduced by 1 until it disappears.

Casting this spell to restore life to a creature that has been dead for one year or longer taxes you greatly. Until you finish a long rest, you can’t cast spells again, and you have disadvantage on all attack rolls, ability checks, and saving throws.

Material: a diamond worth at least 1,000 gp, which the spell consumes.",FALSE,,,,2014
Reverse Gravity,7,FALSE,100 feet,"V, S, M",Up to 1 minute,TRUE,1 action,Transmutation,"Druid, Sorcerer, Wizard","This spell reverses gravity in a 50-foot-radius, 100-foot high cylinder centered on a point within range. All creatures and objects that aren’t somehow anchored to the ground in the area fall upward and reach the top of the area when you cast this spell. A creature can make a Dexterity saving throw to grab onto a fixed object it can reach, thus avoiding the fall.

If some solid object (such as a ceiling) is encountered in this fall, falling objects and creatures strike it just as they would during a normal downward fall. If an object or creature reaches the top of the area without striking anything, it remains there, oscillating slightly, for the duration.

At the end of the duration, affected objects and creatures fall back down.

Material: a lodestone and iron filings.",FALSE,,,,2014
Revivify,3,FALSE,Touch,"V, S, M",Instantaneous,FALSE,1 action,Necromancy,"Artificer, Cleric, Druid (Optional), Paladin, Ranger (Optional)","You touch a creature that has died within the last minute. That creature returns to life with 1 hit point. This spell can’t return to life a creature that has died of old age, nor can it restore any missing body parts.

Material: diamonds worth 300 gp, which the spell consumes.",FALSE,,,,2014
Rime's Binding Ice,2,FALSE,Self (30-foot cone),"S, M",Instantaneous,FALSE,1 Action,Evocation,"Sorcerer, Wizard","A burst of cold energy emanates from you in a 30-foot cone. Each creature in that area must make a Constitution saving throw. On a failed save, a creature takes 3d8 cold damage and is hindered by ice formations for 1 minute, or until it or another creature within reach of it uses an action to break away the ice. A creature hindered by ice has its speed reduced to 0. On a successful save, a creature takes half as much damage and isn’t hindered by ice.

At Higher Levels.
When you cast this spell using a spell slot of 3rd level or higher, increase the cold damage by 1d8 for each slot level above 2nd.

Material: a vial of meltwater.",FALSE,,,,2014
Rope Trick,2,FALSE,Touch,"V, S, M",1 hour,FALSE,1 action,Transmutation,"Artificer, Wizard","You touch a length of rope that is up to 60 feet long. One end of the rope then rises into the air until the whole rope hangs perpendicular to the ground. At the upper end of the rope, an invisible entrance opens to an extradimensional space that lasts until the spell ends.

The extradimensional space can be reached by climbing to the top of the rope. The space can hold as many as eight Medium or smaller creatures. The rope can be pulled into the space, making the rope disappear from view outside the space.

Attacks and spells can’t cross through the entrance into or out of the extradimensional space, but those inside can see out of it as if through a 3-foot-by-5-foot window centered on the rope.

Anything inside the extradimensional space drops out when the spell ends.

Material: powdered corn extract and a twisted loop of parchment.",FALSE,,,,2014
Sacred Flame,0,FALSE,60 feet,"V, S",Instantaneous,FALSE,1 action,Evocation,Cleric,"Flame-like radiance descends on a creature that you can see within range. The target must succeed on a Dexterity saving throw or take 1d8 radiant damage. The target gains no benefit from cover for this saving throw.

At Higher Levels.
The spell’s damage increases by 1d8 when you reach 5th level (2d8), 11th level (3d8), and 17th level (4d8).",FALSE,,,,2014
Sanctuary,1,FALSE,30 feet,"V, S, M",1 minute,FALSE,1 bonus action,Abjuration,"Artificer, Cleric","You ward a creature within range against attack. Until the spell ends, any creature who targets the warded creature with an attack or a harmful spell must first make a Wisdom saving throw. On a failed save, the creature must choose a new target or lose the attack or spell. This spell doesn’t protect the warded creature from area effects, such as the explosion of a fireball.

If the warded creature makes an attack, casts a spell that affects an enemy, or deals damage to another creature, this spell ends.

Material: a small silver mirror.",FALSE,,,,2014
Sapping Sting,0,FALSE,30 feet,"V, S",Instantaneous,FALSE,1 action,Necromancy,Wizard (Dunamancy),"You sap the vitality of one creature you can see in range. The target must succeed on a Constitution saving throw or take 1d4 necrotic damage and fall prone.

At Higher Levels.
This spell's damage increases by 1d4 when you reach 5th level (2d4), 11th level (3d4), and 17th level (4d4).",FALSE,,,,2014
Scatter,6,FALSE,30 feet,V,Instantaneous,FALSE,1 action,Conjuration,"Sorcerer, Warlock, Wizard",The air quivers around up to five creatures of your choice that you can see within range. An unwilling creature must succeed on a Wisdom saving throw to resist this spell. You teleport each affected target to an unoccupied space that you can see within 120 feet of you. That space must be on the ground or on a floor.,FALSE,,,,2014
Scorching Ray,2,FALSE,120 feet,"V, S",Instantaneous,FALSE,1 action,Evocation,"Sorcerer, Wizard","You create three rays of fire and hurl them at targets within range. You can hurl them at one target or several. Make a ranged spell attack for each ray. On a hit, the target takes 2d6 fire damage.

At Higher Levels.
When you cast this spell using a spell slot of 3rd level or higher, you create one additional ray for each slot level above 2nd.",FALSE,,,,2014
Scrying,5,FALSE,Self,"V, S, M",Up to 10 minutes,TRUE,10 minutes,Divination,"Bard, Cleric, Druid, Warlock, Wizard","You can see and hear a particular creature you choose that is on the same plane of existence as you. The target must make a Wisdom saving throw, which is modified by how well you know the target and the sort of physical connection you have to it. If a target knows you’re casting this spell, it can fail the saving throw voluntarily if it wants to be observed.

On a successful save, the target isn’t affected, and you can’t use this spell against it again for 24 hours.

On a failed save, the spell creates an invisible sensor within 10 feet of the target. You can see and hear through the sensor as if you were there. The sensor moves with the target, remaining within 10 feet of it for the duration. A creature that can see invisible objects sees the sensor as a luminous orb about the size of your fist.

Instead of targeting a creature, you can choose a location you have seen before as the target of this spell. When you do, the sensor appears at that location and doesn’t move.

Material: a focus worth at least 1,000 gp, such as a crystal ball, a silver mirror, or a font filled with holy water.",FALSE,,,,2014
Searing Smite,1,FALSE,Self,V,Up to 1 minute,TRUE,1 bonus action,Evocation,"Paladin, Ranger (Optional)","The next time you hit a creature with a melee weapon attack during the spell’s duration, your weapon flares with white-hot intensity, and the attack deals an extra 1d6 fire damage to the target and causes the target to ignite in flames.

At the start of each of its turns until the spell ends, the target must make a Constitution saving throw. On a failed save, it takes 1d6 fire damage. On a successful save, the spells ends. If the target or a creature within 5 feet of it uses an action to put out the flames, or if some other effect douses the flames (such as the target being submerged in water), the spell ends.

At Higher Levels.
When you cast this spell using a spell slot of 2nd level or higher, the initial extra damage dealt by the attack increases by 1d6 for each slot above 1st.",FALSE,,,,2014
See Invisibility,2,FALSE,Self,"V, S, M",1 hour,FALSE,1 action,Divination,"Artificer, Bard, Sorcerer, Wizard","For the duration, you see invisible creatures and objects as if they were visible, and you can see into the Ethereal Plane. Ethereal creatures and objects appear ghostly and translucent.

Material: a pinch of talc and a small sprinkling of powdered silver.",FALSE,,,,2014
Seeming,5,FALSE,30 feet,"V, S",8 hours,FALSE,1 action,Illusion,"Bard, Sorcerer, Wizard","This spell allows you to change the appearance of any number of creatures that you can see within range. You give each target you choose a new, illusory appearance. An unwilling target can make a Charisma saving throw, and if it succeeds, it is unaffected by this spell.

The spell disguises physical appearances as well as clothing, armor, weapons, and equipment. You can make each creature seem 1 foot shorter or taller and appear thin, fat, or in-between. You can’t change a target’s body type, so you must choose a form that has the same basic arrangement of limbs. Otherwise, the extent of the illusion is up to you. The spell lasts for the duration, unless you use your action to dismiss it sooner.

The changes wrought by this spell fail to hold up to physical inspections. For example, if you use this spell to add a hat to a creature’s outfit, objects pass through the hat, and anyone who touches it would feel nothing or would feel the creature’s head and hair. If you use this spell to appear thinner then you are, the hand of someone who reaches out to touch you would bump into you while it was seemingly still in midair.

A creature can use its action to inspect a target and make an Intelligence (Investigation) check against your spell save DC. If it succeeds, it becomes aware that the target is disguised.",FALSE,,,,2014
Sending,3,FALSE,Unlimited,"V, S, M",1 round,FALSE,1 action,Evocation,"Bard, Cleric, Wizard","You send a short message of twenty-five words or less to a creature with which you are familiar. The creature hears the message in its mind, recognizes you as the sender if it knows you, and can answer in a like manner immediately. The spell enables creatures with Intelligence scores of at least 1 to understand the meaning of your message.

You can send the message across any distance and even to other planes of existence, but if the target is on a different plane than you, there is a 5 percent chance that the message doesn't arrive.

Material: a short piece of fine copper wire.",FALSE,,,,2014
Sense Emotion (UA),1,FALSE,Self,"V, S",Up to 1 minute,TRUE,1 action,Divination,"Bard, Warlock, Wizard","You attune your senses to pick up the emotions of others for the duration. When you cast the spell, and as your action on each turn until the spell ends, you can focus your senses on one humanoid you can see within 30 feet of you. You instantly learn the target’s prevailing emotion, whether it’s love, anger, pain, fear, calm, or something else. If the target isn’t actually humanoid or it is immune to being charmed, you sense that it is calm.",FALSE,,,,2014
Sequester,7,FALSE,Touch,"V, S, M",Until dispelled,FALSE,1 action,Transmutation,Wizard,"By means of this spell, a willing creature or an object can be hidden away, safe from detection for the duration. When you cast the spell and touch the target, it becomes invisible and can’t be targeted by divination spells or perceived through scrying sensors created by the divination of spells.

If the target is a creature, it falls into a state of suspended animation. Time ceases to flow for it, and it doesn’t grow older.

You can set a condition for the spell to end early. The condition can be anything you choose, but it must occur or be visible within 1 mile of the target. Examples include ""after 1,000 years"" or ""when the tarrasque awakes."" This spells also ends if the target takes any damage.

Material: a powder composed of diamond, emerald, ruby, and sapphire dust worth at least 5,000 gp, which the spell consumes.",FALSE,,,,2014
Shadow Blade,2,FALSE,Self,"V, S",Up to 1 minute,TRUE,1 bonus action,Illusion,"Sorcerer, Warlock, Wizard","You weave together threads of shadow to create a sword of solidified gloom in your hand. This magic sword lasts until the spell ends. It counts as a simple melee weapon with which you are proficient. It deals 2d8 psychic damage on a hit and has the finesse, light, and thrown properties (range 20/60). In addition, when you use the sword to attack a target that is in dim light or darkness, you make the attack roll with advantage.

If you drop the weapon or throw it, it dissipates at the end of the turn. Thereafter, while the spell persists, you can use a bonus action to cause the sword to reappear in your hand.

At Higher Levels.
When you cast this spell using a 3rd- or 4th-level spell slot, the damage increases to 3d8. When you cast it using a 5th- or 6th-level spell slot, the damage increases to 4d8. When you cast it using a spell slot of 7th level or higher, the damage increases to 5d8.",FALSE,,,,2014
Shadow Of Moil,4,FALSE,Self,"V, S, M",Up to 1 minute,TRUE,1 action,Necromancy,Warlock,"Flame-like shadows wreathe your body until the spell ends, causing you to become heavily obscured to others. The shadows turn dim light within 10 feet of you into darkness, and bright light in the same area to dim light.

Until the spell ends, you have resistance to radiant damage. In addition, whenever a creature within 10 feet of you hits you with an attack, the shadows lash out at that creature, dealing it 2d8 necrotic damage.

Material: an undead eyeball encased in a gem worth at least 150 gp.",FALSE,,,,2014
Shape Water,0,FALSE,30 feet,S,Instantaneous or 1 hour,FALSE,1 action,Transmutation,"Druid, Sorcerer, Wizard","You choose an area of water that you can see within range and that fits within a 5-foot cube. You manipulate it in one of the following ways:

If you cast this spell multiple times, you can have no more than two of its non-instantaneous effects active at a time, and you can dismiss such an effect as an action.",FALSE,,,,2014
Shapechange,9,FALSE,Self,"V, S, M",Up to 1 hour,TRUE,1 action,Transmutation,"Druid, Wizard","You assume the form of a different creature for the duration. The new form can be any creature with a challenge rating equal to your level or lower. The creature can't be a construct or an undead, and you must have seen the sort of creature at least once. You transform into an average example of that creature, one without any class levels or the Spellcasting trait.

Your game statistics are replaced by the statistics of the chosen creature, though you retain your alignment and Intelligence, Wisdom, and Charisma scores. You also retain all of your skill and saving throw proficiencies, in addition to gaining those of the creature, If the creature has the same proficiency as you, and the bonus listed in its statistics is higher than yours, use the creature's bonus in place of yours. You can't use any legendary actions or lair actions of the new form.

You assume the hit points and Hit Dice of the new form. When you revert to your normal, you return to the number of hit points you had before you transformed. If you revert as a result of dropping to 0 hit points, any excess damage carries over to your normal form. As long as the excess damage doesn't reduce your normal form to 0 hitpoints, you aren't knocked unconscious.

You retain the benefit of any features from your class, race, or other source and can use them, provided that your new form is physically capable of doing so. You can't use any special senses you have (for example, darkvision) unless your new form also has that sense. You can only speak if the creature can normally speak.

When you transform, you choose whether your equipment falls to the ground, merges into the new form, or is worn by it. Worn equipment functions as normal. The DM determines whether it is practical for the new form to wear a piece of equipment, based on the creature's shape and size. Your equipment doesn't change shape or size to match the new form, and any equipment that the new form can't wear must either fall to the ground or merge into your new form. Equipment that merges has no effect in that state.

During this spell's duration, you can use your action to assume a different form following the same restrictions and rules for the original form, with one exception: if your new form has more hit points than your current one, your hit points remain at their current value.

Material: a jade circlet worth at least 1,500 gp, which you must place on your head before you cast the spell.",FALSE,,,,2014
Shatter,2,FALSE,60 feet,"V, S, M",Instantaneous,FALSE,1 action,Evocation,"Bard, Sorcerer, Warlock, Wizard","A sudden loud ringing noise, painfully intense, erupts from a point of your choice within range. Each creature in a 10-foot-radius sphere centered on that point must make a Constitution saving throw. A creature takes 3d8 thunder damage on a failed save, or half as much damage on a successful one. A creature made of inorganic material such as stone, crystal, or metal has disadvantage on this saving throw.

A nonmagical object that isn’t being worn or carried also takes the damage if it’s in the spell’s area.

At Higher Levels.
When you cast this spell using a spell slot of 3rd level or higher, the damage increases by 1d8 for each slot level above 2nd.

Material: a chip of mica.",FALSE,,,,2014
Shield,1,FALSE,Self,"V, S",1 round,FALSE,"1 reaction, which you take when you are hit by an attack or targeted by the magic missile spell",Abjuration,"Sorcerer, Wizard","An invisible barrier of magical force appears and protects you. Until the start of your next turn, you have a +5 bonus to AC, including against the triggering attack, and you take no damage from
magic missile
.",FALSE,,,,2014
Shield of Faith,1,FALSE,60 feet,"V, S, M",Up to 10 minutes,TRUE,1 bonus action,Abjuration,"Cleric, Paladin","A shimmering field appears and surrounds a creature of your choice within range, granting it a +2 bonus to AC for the duration.

Material: a small parchment with a bit of holy text written on it.",FALSE,,,,2014
Shillelagh,0,FALSE,Touch,"V, S, M",1 minute,FALSE,1 bonus action,Transmutation,Druid,"The wood of a club or quarterstaff you are holding is imbued with nature’s power. For the duration, you can use your spellcasting ability instead of Strength for the attack and damage rolls of melee attacks using that weapon, and the weapon’s damage die becomes a d8. The weapon also becomes magical, if it isn’t already. The spell ends if you cast it again or if you let go of the weapon.

Material: mistletoe, a shamrock leaf, and a club or quarterstaff.",FALSE,,,,2014
Shocking Grasp,0,FALSE,Touch,"V, S",Instantaneous,FALSE,1 action,Evocation,"Artificer, Sorcerer, Wizard","Lightning springs from your hand to deliver a shock to a creature you try to touch. Make a melee spell attack against the target. You have advantage on the attack roll if the target is wearing armor made of metal. On a hit, the target takes 1d8 lightning damage, and it can’t take reactions until the start of its next turn.

At Higher Levels.
The spell’s damage increases by 1d8 when you reach 5th level (2d8), 11th level (3d8), and 17th level (4d8).",FALSE,,,,2014
Shutdown (UA),5,FALSE,120 feet,"V, S",Up to 1 minute,TRUE,1 action,Transmutation,"Sorcerer, Warlock, Wizard","This spell shuts down all electronic devices within range that are not wielded by or under the direct control of a creature. If an electronic device within range is used by a creature, that creature must succeed on a Constitution saving throw to prevent the device from being shut down. While the spell remains active, no electronic device within range can be started or restarted.",FALSE,,,,2014
Sickening Radiance,4,FALSE,120 feet,"V, S",Up to 10 minutes,TRUE,1 action,Evocation,"Sorcerer, Warlock, Wizard","Dim, greenish light spreads within a 30-foot-radius sphere centered on a point you choose within range. The light spreads around corners, and it lasts until the spell ends.

When a creature moves into the spell’s area for the first time on a turn or starts its turn there, that creature must succeed on a Constitution saving throw or take 4d10 radiant damage, and it suffers one level of exhaustion and emits a dim, greenish light in a 5-foot radius. This light makes it impossible for the creature to benefit from being invisible. The light and any levels of exhaustion caused by this spell go away when the spell ends.",FALSE,,,,2014
Silence,2,TRUE,120 feet,"V, S",Up to 10 minutes,TRUE,1 action,Illusion,"Bard, Cleric, Ranger","For the duration, no sound can be created within or pass through a 20-foot-radius sphere centered on a point you choose within range. Any creature or object entirely inside the sphere is immune to thunder damage, and creatures are deafened while entirely inside it. Casting a spell that includes a verbal component is impossible there.",FALSE,,,,2014
Silent Image,1,FALSE,60 feet,"V, S, M",Up to 10 minutes,TRUE,1 action,Illusion,"Bard, Sorcerer, Wizard","You create the image of an object, a creature, or some other visible phenomenon that is no larger than a 15-foot cube. The image appears at a spot within range and lasts for the duration. The image is purely visual; it isn’t accompanied by sound, smell, or other sensory effects.

You can use your action to cause the image to move to any spot within range. As the image changes location, you can alter its appearance so that its movements appear natural for the image. For example, if you create an image of a creature and move it, you can alter the image so that it appears to be walking.

Physical interaction with the image reveals it to be an illusion, because things can pass through it. A creature that uses its action to examine the image can determine that it is an illusion with a successful Intelligence (Investigation) check against your spell save DC. If a creature discerns the illusion for what it is, the creature can see through the image.

Material: a bit of fleece.",FALSE,,,,2014
Silvery Barbs,1,FALSE,60 feet,V,Instantaneous,FALSE,"1 reaction, which you take when a creature you can see within 60 feet of yourself succeeds on an attack roll, an ability check, or a saving throw",Enchantment,"Bard, Sorcerer, Wizard","You magically distract the triggering creature and turn its momentary uncertainty into encouragement for another creature. The triggering creature must reroll the d20 and use the lower roll.

You can then choose a different creature you can see within range (you can choose yourself). The chosen creature has advantage on the next attack roll, ability check, or saving throw it makes within 1 minute. A creature can be empowered by only one use of this spell at a time.",FALSE,,,,2014
Simulacrum,7,FALSE,Touch,"V, S, M",Until dispelled,FALSE,12 hours,Illusion,Wizard,"You shape an illusory duplicate of one beast or humanoid that is within range for the entire casting time of the spell. The duplicate is a creature, partially real and formed from ice or snow, and it can take actions and otherwise be affected as a normal creature. It appears to be the same as the original, but it has half the creature’s hit point maximum and is formed without any equipment. Otherwise, the illusion uses all the statistics of the creature it duplicates, except that it is a construct.

The simulacrum is friendly to you and creatures you designate. It obeys your spoken commands, moving and acting in accordance with your wishes and acting on your turn in combat. The simulacrum lacks the ability to learn or become more powerful, so it never increases its level or other abilities, nor can it regain expended spell slots.

If the simulacrum is damaged, you can repair it in an alchemical laboratory, using rare herbs and minerals worth 100 gp per hit point it regains. The simulacrum lasts until it drops to 0 hit points, at which point it reverts to snow and melts instantly.

If you cast this spell again, any currently active duplicates you created with this spell are instantly destroyed.

Material: snow or ice in quantities sufficient to make a life-size copy of the duplicated creature; some hair, fingernail clippings, or other piece of that creature’s body placed inside the snow or ice; and powdered ruby worth 1,500 gp, sprinkled over the duplicate and consumed by the spell.",FALSE,,,,2014
Skill Empowerment,5,FALSE,Touch,"V, S",Up to 1 hour,TRUE,1 action,Transmutation,"Bard, Sorcerer, Wizard, Artificer","Your magic deepens a creature’s understanding of its own talent. You touch one willing creature and give it expertise in one skill of your choice; until the spell ends, the creature doubles its proficiency bonus for ability checks it makes that use the chosen skill.

You must choose a skill in which the target is proficient and that isn’t already benefiting from an effect, such as Expertise, that doubles its proficiency bonus.",FALSE,,,,2014
Skywrite,2,TRUE,Sight,"V, S",Up to 1 day,TRUE,1 action,Transmutation,"Bard, Druid, Wizard, Artificer",You cause up to ten words to form in a part of the sky you can see. The words appear to be made of cloud and remain in place for the spell’s duration. The words dissipate when the spell ends. A strong wind can disperse the clouds and end the spell early.,FALSE,,,,2014
Sleep,1,FALSE,90 feet,"V, S, M",1 minute,FALSE,1 action,Enchantment,"Bard, Sorcerer, Wizard","This spell sends creatures into a magical slumber. Roll 5d8, the total is how many hit points of creatures this spell can affect. Creatures within 20 feet of a point you choose within range are affected in ascending order of their current hit points (ignoring unconscious creatures).

Starting with the creature that has the lowest current hit points, each creature affected by this spell falls unconscious until the spell ends, the sleeper takes damage, or someone uses an action to shake or slap the sleeper awake. Subtract each creature’s hit points from the total before moving on to the creature with the next lowest hit points. A creature’s hit points must be equal to or less than the remaining total for that creature to be affected. Undead and creatures immune to being charmed aren’t affected by this spell.

At Higher Levels.
When you cast this spell using a spell slot of 2nd level or higher, roll an additional 2d8 for each slot level above 1st.

Material: a pinch of fine sand, rose petals, or a cricket.",FALSE,,,,2014
Sleet Storm,3,FALSE,150 feet,"V, S, M",Up to 1 minute,TRUE,1 action,Conjuration,"Druid, Sorcerer, Wizard","Until the spell ends, freezing rain and sleet fall in a 20-foot-tall cylinder with a 40-foot radius centered on a point you choose within range. The area is heavily obscured, and exposed flames in the area are doused.

The ground in the area is covered with slick ice, making it difficult terrain. When a creature enters the spell’s area for the first time on a turn or starts its turn there, it must make a Dexterity saving throw. On a failed save, it falls prone.

If a creature starts its turn in the spell's area and is concentrating on a spell, the creature must make a successful Constitution saving throw against your spell save DC or lose concentration.

Material: a pinch of dust and a few drops of water.",FALSE,,,,2014
Slow,3,FALSE,120 feet,"V, S, M",Up to 1 minute,TRUE,1 action,Transmutation,"Bard (Optional), Sorcerer, Wizard","You alter time around up to six creatures of your choice in a 40-foot cube within range. Each target must succeed on a Wisdom saving throw or be affected by this spell for the duration.

An affected target’s speed is halved, it takes a -2 penalty to AC and Dexterity saving throws, and it can’t use reactions. On its turn, it can use either an action or a bonus action, not both. Regardless of the creature’s abilities or magic items, it can’t make more than one melee or ranged attack during its turn.

If the creature attempts to cast a spell with a casting time of 1 action, roll a d20. On an 11 or higher, the spell doesn’t take effect until the creature’s next turn, and the creature must use its action on that turn to complete the spell. If it can’t, the spell is wasted.

A creature affected by this spell makes another Wisdom saving throw at the end of each of its turns. On a successful save, the effect ends for it.

Material: a drop of molasses.",FALSE,,,,2014
Snare,1,FALSE,Touch,"S, M",8 hours,FALSE,1 minute,Abjuration,"Artificer, Druid, Ranger, Wizard","As you cast this spell, you use the rope to create a circle with a 5-foot radius on the ground or the floor. When you finish casting, the rope disappears and the circle becomes a magic trap.

This trap is nearly invisible, requiring a successful Intelligence (Investigation) check against your spell save DC to be discerned.

The trap triggers when a Small, Medium, or Large creature moves onto the ground or the floor in the spell’s radius. That creature must succeed on a Dexterity saving throw or be magically hoisted into the air, leaving it hanging upside down 3 feet above the ground or the floor. The creature is restrained there until the spell ends.

A restrained creature can make a Dexterity saving throw at the end of each of its turns, ending the effect on itself on a success. Alternatively, the creature or someone else who can reach it can use an action to make an Intelligence (Arcana) check against your spell save DC. On a success, the restrained effect ends.

After the trap is triggered, the spell ends when no creature is restrained by it.

Material: 25 feet of rope, which the spell consumes.",FALSE,,,,2014
Snilloc's Snowball Swarm,2,FALSE,90 feet,"V, S, M",Instantaneous,FALSE,1 action,Evocation,"Sorcerer, Wizard","A flurry of magic snowballs erupts from a point you choose within range. Each creature in a 5-foot-radius sphere centered on that point must make a Dexterity saving throw. A creature takes 3d6 cold damage on a failed save, or half as much damage on a successful one.

At Higher Levels.
When you cast this spell using a spell slot of 3rd level or higher, the damage increases by 1d6 for each slot level above 2nd.

Material: a piece of ice or a small white rock chip.",FALSE,,,,2014
Soul Cage,6,FALSE,60 feet,"V, S, M",8 hours,FALSE,"1 reaction, which you take when a humanoid you can see within 60 feet of you dies",Necromancy,"Warlock, Wizard","This spell snatches the soul of a humanoid as it dies and traps it inside the tiny cage you use for the material component. A stolen soul remains inside the cage until the spell ends or until you destroy the cage, which ends the spell. While you have a soul inside the cage, you can exploit it in any of the ways described below. You can use a trapped soul up to six times. Once you exploit a soul for the sixth time, it is released, and the spell ends. While a soul is trapped, the dead humanoid it came from can’t be revived.

Steal Life.
You can use a bonus action to drain vigor from the soul and regain 2d8 hit points.

Query Soul.
You ask the soul a question (no action required) and receive a brief telepathic answer, which you can understand regardless of the language used. The soul knows only what it knew in life, but it must answer you truthfully and to the best of its ability. The answer is no more than a sentence or two and might be cryptic.

Borrow Experience.
You can use a bonus action to bolster yourself with the soul’s life experience, making your next attack roll, ability check, or saving throw with advantage. If you don’t use this benefit before the start of your next turn, it is lost.

Eyes of the Dead.
You can use an action to name a place the humanoid saw in life, which creates an invisible sensor somewhere in that place if it is on the plane of existence you’re currently on. The sensor remains for as long as you concentrate, up to 10 minutes (as if you were concentrating on a spell). You receive visual and auditory information from the sensor as if you were in its space using your senses.

A creature that can see the sensor (such as one using
see invisibility
or truesight) sees a translucent image of the tormented humanoid whose soul you caged.

Material: a tiny silver cage worth 100 gp.",FALSE,,,,2014
Spare the Dying,0,FALSE,Touch,"V, S",Instantaneous,FALSE,1 action,Necromancy,"Artificer, Cleric",You touch a living creature that has 0 hit points. The creature becomes stable. This spell has no effect on undead or constructs.,FALSE,,,,2014
Speak with Animals,1,TRUE,Self,"V, S",10 minutes,FALSE,1 action,Divination,"Bard, Druid, Ranger","You gain the ability to comprehend and verbally communicate with beasts for the duration. The knowledge and awareness of many beasts is limited by their intelligence, but at minimum, beasts can give you information about nearby locations and monsters, including whatever they can perceive or have perceived within the past day. You might be able to persuade a beast to perform a small favor for you, at the DM’s discretion.",FALSE,,,,2014
Speak with Dead,3,FALSE,10 feet,"V, S, M",10 minutes,FALSE,1 action,Necromancy,"Bard, Cleric, Wizard (Optional)","You grant the semblance of life and intelligence to a corpse of your choice within range, allowing it to answer the questions you pose. The corpse must still have a mouth and can’t be undead. The spell fails if the corpse was the target of this spell within the last 10 days.

Until the spell ends, you can ask the corpse up to five questions. The corpse knows only what it knew in life, including the languages it knew. Answers are usually brief, cryptic, or repetitive, and the corpse is under no compulsion to offer a truthful answer if you are hostile to it or it recognizes you as an enemy. This spell doesn’t return the creature’s soul to its body, only its animating spirit. Thus, the corpse can’t learn new information, doesn’t comprehend anything that has happened since it died, and can’t speculate about future events.

Material: burning incense.",FALSE,,,,2014
Speak with Plants,3,FALSE,Self (30-foot radius),"V, S",10 minutes,FALSE,1 action,Transmutation,"Bard, Druid, Ranger","You imbue plants within 30 feet of you with limited sentience and animation, giving them the ability to communicate with you and follow your simple commands. You can question plants about events in the spell’s area within the past day, gaining information about creatures that have passed, weather, and other circumstances.

You can also turn difficult terrain caused by plant growth (such as thickets and undergrowth) into ordinary terrain that lasts for the duration. Or you can turn ordinary terrain where plants are present into difficult terrain that lasts for the duration, causing vines and branches to hinder pursuers, for example.

Plants might be able to perform other tasks on your behalf, at the DM’s discretion. The spell doesn’t enable plants to uproot themselves and move about, but they can freely move branches, tendrils, and stalks.

If a plant creature is in the area, you can communicate with it as if you share a common language, but you gain no magical ability to influence it.

This spell can cause the plants created by the entangle spell to release a restrained creature.",FALSE,,,,2014
Spider Climb,2,FALSE,Touch,"V, S, M",Up to 1 hour,TRUE,1 action,Transmutation,"Artificer, Sorcerer, Warlock, Wizard","Until the spell ends, one willing creature you touch gains the ability to move up, down, and across vertical surfaces and upside down along ceilings, while leaving its hands free. The target also gains a climbing speed equal to its walking speed.

Material: a drop of bitumen and a spider.",FALSE,,,,2014
Spike Growth,2,FALSE,150 feet,"V, S, M",Up to 10 minutes,TRUE,1 action,Transmutation,"Druid, Ranger","The ground in a 20-foot radius centered on a point within range twists and sprouts hard spikes and thorns. The area becomes difficult terrain for the duration. When a creature moves into or within the area, it takes 2d4 piercing damage for every 5 feet it travels.

The transformation of the ground is camouflaged to look natural. Any creature that can’t see the area at the time the spell is cast must make a Wisdom (Perception) check against your spell save DC to recognize the terrain as hazardous before entering it.

Material: seven sharp thorns or seven small twigs, each sharpened to a point.",FALSE,,,,2014
Spirit Guardians,3,FALSE,Self (15-foot-radius),"V, S, M",Up to 10 minutes,TRUE,1 action,Conjuration,Cleric,"You call forth spirits to protect you. They flit around you to a distance of 15 feet for the duration. If you are good or neutral, their spectral form appears angelic or fey (your choice). If you are evil, they appear fiendish.

When you cast this spell, you can designate any number of creatures you can see to be unaffected by it. An affected creature’s speed is halved in the area, and when the creature enters the area for the first time on a turn or starts its turn there, it must make a Wisdom saving throw. On a failed save, the creature takes 3d8 radiant damage (if you are good or neutral) or 3d8 necrotic damage (if you are evil). On a successful save, the creature takes half as much damage.

At Higher Levels.
When you cast this spell using a spell slot of 4th level or higher, the damage increases by 1d8 for each slot level above 3rd.

Material: a holy symbol.",FALSE,,,,2014
Spirit Of Death,4,FALSE,60 feet,"V, S, M",Up to 1 hour,TRUE,1 action,Necromancy,"Sorcerer, Warlock, Wizard","You call forth a spirit that embodies death. The spirit manifests in an unoccupied space you can see within range and uses the reaper spirit stat block. The spirit disappears when it is reduced to 0 hit points or when the spell ends.

The spirit is an ally to you and your companions. In combat, the spirit shares your initiative count and takes its turn immediately after yours. It obeys your verbal commands (no action required by you). If you don’t issue the spirit any commands, it takes the Dodge action and uses its movement to avoid danger.

At Higher Levels.
When you cast this spell using a spell slot of 5th level or higher, use the higher level wherever the spell’s level appears in the reaper spirit stat block.

Material: a gilded playing card worth at least 400 gp and depicting an avatar of death.",FALSE,,,,2014
Spirit of Death (UA),4,FALSE,60 feet,"V, S, M",Up to 1 minute,TRUE,1 action,Necromancy,"Sorcerer, Warlock, Wizard","You call forth a spirit that embodies death itself. Choose a creature you can see within range. The spirit manifests in an unoccupied space that you can see within 10 feet of the target, and the target becomes haunted by the spirit. The spirit uses the Reaper Spirit stat block. The spirit disappears when it or the haunted creature is reduced to 0 hit points, or when the spell ends.

The reaper spirit is an ally to you and your companions. In combat, the spirit shares your initiative count, but it takes its turn immediately after yours. It obeys your verbal commands (no action required by you), but it will only attack the haunted creature. If you don’t issue the spirit any commands, it takes the Dodge action and uses its move to avoid danger

At Higher Levels.
When you cast this spell using a spell slot of 5th level or higher, use the higher level wherever the spell’s level appears in the stat block.

Material: a gilded playing card depicting an avatar of death worth at least 400 gp.",FALSE,,,,2014
Spirit Shroud,3,FALSE,Self,"V, S",Up to 1 minute,TRUE,1 bonus action,Necromancy,"Cleric (Optional), Paladin (Optional), Warlock (Optional), Wizard (Optional)","You call forth spirits of the dead, which flit around you for the spell’s duration. The spirits are intangible and invulnerable.

Until the spell ends, any attack you make deals 1d8 extra damage when you hit a creature within 10 feet of you. This damage is radiant, necrotic, or cold (your choice when you cast the spell). Any creature that takes this damage can’t regain hit points until the start of your next turn.

In addition, any creature of your choice that you can see that starts its turn within 10 feet of you has its speed reduced by 10 feet until the start of your next turn.

At Higher Levels.
When you cast this spell using a spell slot of 4th level or higher, the damage increases by 1d8 for every two slot levels above 3rd.",FALSE,,,,2014
Spiritual Weapon,2,FALSE,60 feet,"V, S",1 minute,FALSE,1 bonus action,Evocation,Cleric,"You create a floating, spectral weapon within range that lasts for the duration or until you cast this spell again.

When you cast the spell, you can make a melee spell attack against a creature within 5 feet of the weapon. On a hit, the target takes force damage equal to 1d8 + your spellcasting ability modifier.

As a bonus action on your turn, you can move the weapon up to 20 feet and repeat the attack against a creature within 5 feet of it.

The weapon can take whatever form you choose. Clerics of deities who are associated with a particular weapon (as St. Cuthbert is known for his mace and Thor for his hammer) make this spell’s effect resemble that weapon.

At Higher Levels.
When you cast this spell using a spell slot of 3rd level or higher, the damage increases by 1d8 for every two slot levels above the 2nd.",FALSE,,,,2014
Spray Of Cards,2,FALSE,Self (15-foot cone),"V, S, M",Instantaneous,FALSE,1 action,Conjuration,"Bard, Sorcerer, Warlock, Wizard","You spray a 15-foot cone of spectral cards. Each creature in that area must make a Dexterity saving throw. On a failed save, a creature takes 2d10 force damage and has the blinded condition until the end of its next turn. On a successful save, a creature takes half as much damage only.

At Higher Levels.
When you cast this spell using a spell slot of 3rd level or higher, the damage increases by 1d10 for each slot level above 2nd.

Material: a deck of cards.",FALSE,,,,2014
Spray of Cards (UA),2,FALSE,15-foot cone,"V, S, M",Instantaneous,FALSE,1 action,Conjuration,"Bard, Sorcerer, Warlock, Wizard","You spray spectral cards from your hands or sleeve; the cards blind or slash at your enemies, and then vanish. Choose one of the following effects for the cards:

At Higher Levels.
When you cast this spell using a spell slot of 4th level or higher, the damage of cutting cards increases by 1d10 for every two slot levels above 2nd

Material: a deck of cards.",FALSE,,,,2014
Staggering Smite,4,FALSE,Self,V,Up to 1 minute,TRUE,1 bonus action,Evocation,Paladin,"The next time you hit a creature with a melee weapon attack during this spell’s duration, your weapon pierces both body and mind, and the attack deals an extra 4d6 psychic damage to the target. The target must make a Wisdom saving throw. On a failed save, it has disadvantage on attack rolls and ability checks, and can’t take reactions, until the end of its next turn.",FALSE,,,,2014
Steel Wind Strike,5,FALSE,30 feet,"S, M",Instantaneous,FALSE,1 action,Conjuration,"Ranger, Wizard","You flourish the weapon used in the casting and then vanish to strike like the wind. Choose up to five creatures you can see within range. Make a melee spell attack against each target. On a hit, a target takes 6d10 force damage.

You can then teleport to an unoccupied space you can see within 5 feet of one of the targets you hit or missed.

Material: a melee weapon worth at least 1 sp.",FALSE,,,,2014
Stinking Cloud,3,FALSE,90 feet,"V, S, M",Up to 1 minute,TRUE,1 action,Conjuration,"Bard, Sorcerer, Wizard","You create a 20-foot-radius sphere of yellow, nauseating gas centered on a point within range. The cloud spreads around corners, and its area is heavily obscured. The cloud lingers in the air for the duration.

Each creature that is completely within the cloud at the start of its turn must make a Constitution saving throw against poison. On a failed save, the creature spends its action that turn retching and reeling. Creatures that don’t need to breathe or are immune to poison automatically succeed on this saving throw.

A moderate wind (at least 10 miles per hour) disperses the cloud after 4 rounds. A strong wind (at least 20 miles per hour) disperses it after 1 round.

Material: a rotten egg or several skunk cabbage leaves.",FALSE,,,,2014
Stone Shape,4,FALSE,Touch,"V, S, M",Instantaneous,FALSE,1 action,Transmutation,"Artificer, Cleric, Druid, Wizard","You touch a stone object of Medium size or smaller or a section of stone no more than 5 feet in any dimension and form it into any shape that suits your purpose. So, for example, you could shape a large rock into a weapon, idol, or coffer, or make a small passage through a wall, as long as the wall is less than 5 feet thick. You could also shape a stone door or its frame to seal the door shut. The object you create can have up to two hinges and a latch, but finer mechanical detail isn’t possible.

Material: soft clay, which must be worked into roughly the desired shape of the stone object.",FALSE,,,,2014
Stoneskin,4,FALSE,Touch,"V, S, M",Up to 1 hour,TRUE,1 action,Abjuration,"Artificer, Druid, Ranger, Sorcerer, Wizard","This spell turns the flesh of a willing creature you touch as hard as stone. Until the spell ends, the target has resistance to nonmagical bludgeoning, piercing, and slashing damage.

Material: diamond dust worth 100 gp, which the spell consumes.",FALSE,,,,2014
Storm of Vengeance,9,FALSE,Sight,"V, S",Up to 1 minute,TRUE,1 action,Conjuration,Druid,"A churning storm cloud forms, centered on a point you can see and spreading to a radius of 360 feet. Lightning flashes in the area, thunder booms, and strong winds roar. Each creature under the cloud (no more than 5,000 feet beneath the cloud) when it appears must make a Constitution saving throw. On a failed save, a creature takes 2d6 thunder damage and becomes deafened for 5 minutes.

Each round you maintain concentration on this spell, the storm produces different effects on your turn.

Storm of Vengeance After Round 1",FALSE,,,,2014
Storm Sphere,4,FALSE,150 feet,"V, S",Up to 1 minute,TRUE,1 action,Evocation,"Sorcerer, Wizard","A 20-foot-radius sphere of whirling air springs into existence centered on a point you choose within range. The sphere remains for the spell’s duration. Each creature in the sphere when it appears or that ends its turn there must succeed on a Strength saving throw or take 2d6 bludgeoning damage. The sphere’s space is difficult terrain.

Until the spell ends, you can use a bonus action on each of your turns to cause a bolt of lightning to leap from the center of the sphere toward one creature you choose within 60 feet of the center. Make a ranged spell attack. You have advantage on the attack roll if the target is in the sphere. On a hit, the target takes 4d6 lightning damage.

Creatures within 30 feet of the sphere have disadvantage on Wisdom (Perception) checks made to listen.

At Higher Levels.
When you cast this spell using a spell slot of 5th level or higher, the damage increases for each of its effects by 1d6 for each slot level above 4th.",FALSE,,,,2014
Sudden Awakening (UA),1,FALSE,10 feet,V,Instantaneous,FALSE,1 bonus action,Enchantment,"Bard, Ranger, Sorcerer, Wizard","Each sleeping creature you choose within range awakens, and then each prone creature within range can stand up without expending any movement.",FALSE,,,,2014
Suggestion,2,FALSE,30 feet,"V, M",Up to 8 hours,TRUE,1 action,Enchantment,"Bard, Sorcerer, Warlock, Wizard","You suggest a course of activity (limited to a sentence or two) and magically influence a creature you can see within range that can hear and understand you. Creatures that can’t be charmed are immune to this effect. The suggestion must be worded in such a manner as to make the course of action sound reasonable. Asking the creature to stab itself, throw itself onto a spear, immolate itself, or do some other obviously harmful act ends the spell.

The target must make a Wisdom saving throw. On a failed save, it purses the course of action you described to the best of its ability. The suggested course of action can continue for the entire duration. If the suggested activity can be completed in a shorter time, the spell ends when the subject finishes what it was asked to do.

You can also specify conditions that will trigger a special activity during the duration. For example, you might suggest that a knight give her warhorse to the first beggar she meets. If the condition isn’t met before the spell expires, the activity isn’t performed.

If you or any of your companions damage the target, the spell ends.

Material: a snake’s tongue and either a bit of honeycomb or a drop of sweet oil.",FALSE,,,,2014
Summon Aberration,4,FALSE,90 feet,"V, S, M",Up to 1 hour,TRUE,1 action,Conjuration,"Warlock (Optional), Wizard (Optional)","You call forth an aberrant spirit. It manifests in an unoccupied space that you can see within range. This corporeal form uses the Aberrant Spirit stat block. When you cast the spell, choose Beholderkin, Slaad, or Star Spawn. The creature resembles an aberration of that kind, which determines certain traits in its stat block. The creature disappears when it drops to 0 hit points or when the spell ends.

The creature is an ally to you and your companions. In combat, the creature shares your initiative count, but it takes its turn immediately after yours. It obeys your verbal commands (no action required by you). If you don’t issue any, it take the Dodge action and uses its move to avoid danger.

At Higher Levels.
When you cast this spell using a spell slot of 5th level or higher, use the higher level wherever the spell's level appears on the stat block.

Material: a pickled tentacle and an eyeball in a platinum inlaid vial worth at least 400 gp.",FALSE,,,,2014
Summon Beast,2,FALSE,90 feet,"V, S, M",Up to 1 hour,TRUE,1 action,Conjuration,"Druid (Optional), Ranger (Optional)","You call forth a bestial spirit. It manifests in an unoccupied space that you can see within range. This corporeal form uses the Bestial Spirit stat block. When you cast the spell, choose an environment: Air, Land, or Water. The creature resembles an animal of your choice that is native to the chosen environment, which determines certain traits in its stat block. The creature disappears when it drops to 0 hit points or when the spell ends.

The creature is an ally to you and your companions. In combat, the creature shares your initiative count, but it takes its turn immediately after yours. It obeys your verbal commands (no action required by you). If you don’t issue any, it takes the Dodge action and uses its move to avoid danger.

At Higher Levels.
When you cast this spell using a spell slot of 3rd level or higher, use the higher level where the spell’s level appears in the stat block.

Material: a feather, tuft of fur, and fish tail inside a gilded acorn worth at least 200 gp.",FALSE,,,,2014
Summon Celestial,5,FALSE,90 feet,"V, S, M",Up to 1 hour,TRUE,1 action,Conjuration,"Cleric (Optional), Paladin (Optional)","You call forth a celestial spirit. It manifests in an angelic form in an unoccupied space that you can see within range. This corporeal form uses the Celestial Spirit stat block. When you cast the spell, choose Avenger or Defender. Your choice determines the creature’s attack in its stat block. The creature disappears when it drops to 0 hit points or when the spell ends.

The creature is an ally to you and your companions. In combat, the creature shares your initiative count, but it takes its turn immediately after yours. It obeys your verbal commands (no action required by you). If you don’t issue any, it takes the Dodge action and uses its move to avoid danger.

At Higher Levels.
When you cast this spell using a spell slot of 6th level or higher, use the higher level whenever the spell’s level appears in the stat block.

Material: a golden reliquary worth at least 500 gp.",FALSE,,,,2014
Summon Construct,4,FALSE,90 feet,"V, S, M",Up to 1 hour,TRUE,1 action,Conjuration,"Artificer, Wizard (Optional)","You call forth the spirit of a construct. It manifests in an unoccupied space that you can see within range. This corporeal form uses the Construct Spirit stat block. When you cast the spell, choose a material: Clay, Metal, or Stone. The creature resembles a golem or a modron (your choice) made of the chosen material, which determines certain traits in its stat block. The creature disappears when it drops to 0 hit points or when the spell ends.

The creature is an ally to you and your companions. In combat, the creature shares your initiative count, but it takes its turn immediately after yours. It obeys your verbal commands (no action required by you). If you don’t issue any, it takes the Dodge action and uses its move to avoid danger.

At Higher Levels.
When you cast this spell using a spell slot of 4th level or higher, use the higher level wherever the spell’s level appears in the stat block.",FALSE,,,,2014
Summon Draconic Spirit,5,FALSE,60ft,"V, S, M",Up to 1 hour,TRUE,1 Action,Conjuration,"Druid, Sorcerer, Wizard","You call forth a draconic spirit. It manifests in an unoccupied space that you can see within range. This corporeal form uses the Draconic Spirit stat block. When you cast this spell, choose a family of dragon: chromatic, gem, or metallic. The creature resembles a dragon of the chosen family, which determines certain traits in its stat block. The creature disappears when it drops to 0 hit points or when the spell ends.

The creature is an ally to you and your companions. In combat, the creature shares your initiative count, but it takes its turn immediately after yours. It obeys your verbal commands (no action required by you). If you don’t issue any, it takes the Dodge action and uses its move to avoid danger.

At Higher Levels.
When you cast this spell using a spell slot of 6th level or higher, use the higher level wherever the spell’s level appears in the stat block.

Material: an object with the image of a dragon engraved on it, worth at least 500 gp.",FALSE,,,,2014
Summon Draconic Spirit (UA),5,FALSE,60 feet,"V, S, M",Up to 1 hour,TRUE,1 action,Conjuration,"Druid, Sorcerer, Wizard","You call forth a draconic spirit. It manifests in an unoccupied space that you can see within range. This corporeal form uses the Draconic Spirit stat block. When you cast this spell, choose a family of dragon: Chromatic, Gem, or Metallic. The creature resembles a dragon of the chosen family, which determines certain traits in its stat block. The creature disappears when it drops to 0 hit points or when the spell ends.

The creature is an ally to you and your companions. In combat, the creature shares your initiative count, but it takes its turn immediately after yours. It obeys your verbal commands (no action required by you). If you don’t issue any, it takes the Dodge action and uses its move to avoid danger.

At Higher Levels.
When you cast this spell using a spell slot of 6th level or higher, use the higher level wherever the spell’s level appears in the stat block.

Material: an art object from a dragon's hoard, worth at least 500 gp.",FALSE,,,,2014
Summon Elemental,4,FALSE,90 feet,"V, S, M",Up to 1 hour,TRUE,1 action,Conjuration,"Druid (Optional), Ranger (Optional), Wizard (Optional)","You call forth an elemental spirit. It manifests in an unoccupied space that you can see within range. This corporeal form uses the Elemental Spirit stat block. When you cast the spell, choose an element: Air, Earth, Fire, or Water. The creature resembles a bipedal form wreathed in the chosen element, which determines certain traits in its stat block. The creature disappears when it drops to 0 hit points or when the spell ends.

The creature is an ally to you and your companions. In combat, the creature shares your initiative count, but it takes its turn immediately after yours. It obeys your verbal commands (no action required by you). If you don’t issue any, it takes the Dodge action and uses its move to avoid danger.

At Higher Levels.
When you cast this spell using a spell slot of 5th level or higher, use the higher level wherever the spell’s level appears in the stat block.

Material: air, a pebble, ash, and water inside a gold-inlaid vial worth at least 400 gp.",FALSE,,,,2014
Summon Fey,3,FALSE,90 feet,"V, S, M",Up to 1 hour,TRUE,1 action,Conjuration,"Druid (Optional), Ranger (Optional), Warlock (Optional), Wizard (Optional)","You call forth a fey spirit. It manifests in an unoccupied space that you can see within range. This corporeal form uses the Fey Spirit stat block. When you cast the spell, choose a mood. Fuming, Mirthful, or Tricksy. The creature resembles a fey creature of your choice marked by the chosen mood, which determines one of the traits in its stat block. The creature disappears when it drops to 0 hit points or when the spell ends.

The creature is an ally to you and your companions. In combat, the creature shares your initiative count, but it takes its turn immediately after yours. It obeys your verbal commands (no action required by you). If you don’t issue any, it takes the Dodge action and uses its move to avoid danger.

At Higher Levels.
When you cast this spell using a spell slot of 4th level or higher, use the higher level wherever the spell’s level appears in the stat block.

Material: a gilded flower worth at least 300 gp.",FALSE,,,,2014
Summon Fiend,6,FALSE,90 feet,"V, S, M",Up to 1 hour,TRUE,1 action,Conjuration,"Warlock (Optional), Wizard (Optional)","You call forth a fiendish spirit. It manifests in an unoccupied space that you can see within range. This corporeal form uses the Fiendish Spirit stat block. When you cast the spell, choose Demon, Devil, or Yugoloth. The creature resembles a fiend of the chosen type, which determines certain traits in its stat block. The creature disappears when it drops to 0 hit points or when the spell ends.

The creature is an ally to you and your companions. In combat, the creature shares your initiative count, but it takes its turn immediately after yours. It obeys your verbal commands (no action required by you). If you don’t issue any, it takes the Dodge action and uses its move to avoid danger.

At Higher Levels.
When you cast this spell using a spell slot of 7th level or higher, use the higher level wherever the spell’s level appears in the stat block.

Material: humanoid blood inside a ruby vial worth at least 600 gp.",FALSE,,,,2014
Summon Greater Demon,4,FALSE,60 feet,"V, S, M",Up to 1 hour,TRUE,1 action,Conjuration,"Warlock (Optional), Wizard","You utter foul words, summoning one demon from the chaos of the Abyss. You choose the demon’s type, which must be one of challenge rating 5 or lower, such as a shadow demon or a barlgura. The demon appears in an unoccupied space you can see within range, and the demon disappears when it drops to 0 hit points or when the spell ends.

Roll initiative for the demon, which has its own turns. When you summon it and on each of your turns thereafter, you can issue a verbal command to it (requiring no action on your part), telling it what it must do on its next turn. If you issue no command, it spends its turn attacking any creature within reach that has attacked it.

At the end of each of the demon’s turns, it makes a Charisma saving throw. The demon has disadvantage on this saving throw if you say its true name. On a failed save, the demon continues to obey you. On a successful save, your control of the demon ends for the rest of the duration, and the demon spends its turns pursuing and attacking the nearest non-demons to the best of its ability. If you stop concentrating on the spell before it reaches its full duration, an uncontrolled demon doesn’t disappear for 1d6 rounds if it still has hit points.

As part of casting the spell, you can form a circle on the ground with the blood used as a material component. The circle is large enough to encompass your space. While the spell lasts, the summoned demon can’t cross the circle or harm it, and it can’t target anyone within it. Using the material component in this manner consumes it when the spell ends.

At Higher Levels.
When you cast this spell using a spell slot of 5th level or higher, the challenge rating increases by 1 for each slot level above 4th.

Material: a vial of blood from a humanoid killed within the past 24 hours.",FALSE,,,,2014
Summon Lesser Demons,3,FALSE,60 feet,"V, S, M",Up to 1 hour,TRUE,1 action,Conjuration,"Warlock, Wizard","You utter foul words, summoning demons from the chaos of the Abyss. Roll on the following table to determine what appears.

The DM chooses the demons, such as manes or dretches, and you choose the unoccupied spaces you can see within range where they appear. A summoned demon disappears when it drops to 0 hit points or when the spell ends.

The demons are hostile to all creatures, including you. Roll initiative for the summoned demons as a group, which has its own turns. The demons pursue and attack the nearest non-demons to the best of their ability.

As part of casting the spell, you can form a circle on the ground with the blood used as a material component. The circle is large enough to encompass your space. While the spell lasts, the summoned demons can't cross the circle or harm it, and they can't target anyone within it. Using the material component in this manner consumes it when the spell ends.

At Higher Levels.
When you cast this spell using a spell slot of 6th or 7th level, you summon twice as many demons. If you cast it using a spell slot of 8th or 9th level, you summon three times as many demons.

Material: a vial of blood from a humanoid killed within the past 24 hours.",FALSE,,,,2014
Summon Shadowspawn,3,FALSE,90 feet,"V, S, M",Up to 1 hour,TRUE,1 action,Conjuration,"Warlock (Optional), Wizard (Optional)","You call forth a shadowy spirit. It manifests in an unoccupied space that you can see within range. This corporeal form uses the Shadow Spirit stat block. When you cast the spell, choose an emotion: Fury, Despair, or Fear. The creature resembles a misshapen biped marked by the chosen emotion, which determines certain traits in its stat block. The creature disappears when it drop to 0 hit points or when the spell ends.

The creature is an ally to you and your companions. In combat, the creature shares your initiative count, but it takes its turn immediately after your. It obeys your verbal commands (no action required by you). If you don’t issue any, it takes the Dodge action and it uses its move to avoid danger.

At Higher Levels.
When you cast the spell using a spell slot of 4th level or higher, use the higher level wherever the spell’s level appears on the stat block.

Material: tears inside a crystal vial worth at least 300 gp.",FALSE,,,,2014
Summon Undead,3,FALSE,90 feet,"V, S, M",Up to 1 hour,TRUE,1 action,Necromancy,"Warlock (Optional), Wizard (Optional)","You call forth an undead spirit. It manifests in an unoccupied space that you can see within range. This corporeal form uses the Undead Spirit stat block. When you cast the spell, choose the creature’s form: Ghostly, Putrid, or Skeletal. The spirit resembles an undead creature with the chosen form, which determines certain traits in its stat block. The creature disappears when it drops to 0 hit points or when the spell ends.

The creature is an ally to you and your companions. In combat, the creature shares your initiative count, but it takes its turn immediately after yours. It obeys your verbal commands (no action required by you). If you don’t issue any, it takes the Dodge action and uses its move to avoid danger.

At Higher Levels.
When you cast this spell using a spell slot of 4th level or higher, use the higher level wherever the spell’s level appears in the stat block.

Material: a gilded skull worth at least 300 gp.",FALSE,,,,2014
Summon Warrior Spirit (UA),3,FALSE,90 feet,"V, S, M",Up to 1 hour,TRUE,1 action,Conjuration,"Sorcerer, Warlock, Wizard","You call forth a warrior spirit from the legendary
Deck of Many Things
. It manifests in an unoccupied space that you can see within range. This corporeal form uses the Warrior Spirit stat block. When you cast the spell, choose a type of warrior: barbarian, fighter, or monk. The warrior resembles a humanoid armed appropriately to the chosen class, which determines certain traits in its stat block. The warrior disappears when it drops to 0 hit points or when the spell ends.

The warrior is an ally to you and your companions. In combat, the warrior shares your initiative count, but it takes its turn immediately after yours. It obeys your verbal commands (no action required by you). If you don’t issue any, it takes the Dodge action and uses its move to avoid danger.

At Higher Levels.
When you cast this spell using a spell slot of 4th level or higher, the creature assumes the higher level for that casting wherever it uses the spell’s level in its stat block.

Material: a gilded playing card depicting a knight worth at least 300 gp.",FALSE,,,,2014
Sunbeam,6,FALSE,Self (60-foot line),"V, S, M",Up to 1 minute,TRUE,1 action,Evocation,"Cleric (Optional), Druid, Sorcerer, Wizard","A beam of brilliant light flashes out from your hand in a 5-foot-wide, 60-foot-line. Each creature in the line must make a Constitution saving throw. On a failed save, a creature takes 6d8 radiant damage and is blinded until your next turn. On a successful save, it takes half as much damage and isn’t blinded by this spell. Undead and oozes have disadvantage on this saving throw.

You can create a new line of radiance as your action on any turn until the spell ends.

For the duration, a mote of brilliant radiance shines in your hand. It sheds bright light in a 30-foot radius and dim light for an additional 30 feet. The light is sunlight.

Material: a magnifying glass.",FALSE,,,,2014
Sunburst,8,FALSE,150 feet,"V, S, M",Instantaneous,FALSE,1 action,Evocation,"Cleric (Optional), Druid, Sorcerer, Wizard","Brilliant sunlight flashes in a 60-foot radius centered on a point you choose within range. Each creature in that light must make a Constitution saving throw. On a failed save, a creature takes 12d6 radiant damage and is blinded for 1 minute. On a successful save, it takes half as much damage and isn’t blinded by this spell. Undead and oozes have disadvantage on this saving throw.

A creature blinded by this spell makes another Constitution saving throw at the end of each of its turns. On a successful save, it is no longer blinded.

This spell dispels any darkness in its area that was created by a spell.

Material: fire and a piece of sunstone.",FALSE,,,,2014
Swift Quiver,5,FALSE,Touch,"V, S, M",Up to 1 minute,TRUE,1 bonus action,Transmutation,Ranger,"You transmute your quiver so it produces an endless supply of nonmagical ammunition, which seems to leap into your hand when you reach for it.

On each of your turns until the spell ends, you can use a bonus action to make two attacks with a weapon that uses ammunition from the quiver. Each time you make such a ranged attack, your quiver magically replaces the piece of ammunition you used with a similar piece of nonmagical ammunition. Any pieces of ammunition created by this spell disintegrate when the spell ends. If the quiver leaves your possession, the spell ends.

Material: a quiver containing at least one piece of ammunition.",FALSE,,,,2014
Sword Burst,0,FALSE,Self (5-foot radius),V,Instantaneous,FALSE,1 action,Conjuration,"Artificer, Sorcerer (Optional), Warlock (Optional), Wizard (Optional)","You create a momentary circle of spectral blades that sweep around you. All other creatures within 5 feet of you must succeed on a Dexterity saving throw or take 1d6 force damage.

At Higher Levels.
This spell's damage increases by 1d6 when you reach 5th level (2d6), 11th level (3d6), and 17th level (4d6).",FALSE,,,,2014
Symbol,7,FALSE,Touch,"V, S, M",Until dispelled or triggered,FALSE,1 minute,Abjuration,"Bard, Cleric, Druid (Optional), Wizard","When you cast this spell, you inscribe a harmful glyph either on a surface (such as a section of floor, a wall, or a table) or within an object that can be closed to conceal the glyph (such as a book, a scroll, or a treasure chest). If you choose a surface, the glyph can cover an area of the surface no larger than 10 feet in diameter. If you choose an object, that object must remain in its place; if the object is moved more than 10 feet from where you cast this spell, the glyph is broken, and the spell ends without being triggered.

The glyph is nearly invisible, requiring an Intelligence (Investigation) check against your spell save DC to find it.

You decide what triggers the glyph when you cast the spell. For glyphs inscribed on a surface, the most typical triggers include touching or stepping on the glyph, removing another object covering it, approaching within a certain distance of it, or manipulating the object that holds it. For glyphs inscribed within an object, the most common triggers are opening the object, approaching within a certain distance of it, or seeing or reading the glyph.

You can further refine the trigger so the spell is activated only under certain circumstances or according to a creature's physical characteristics (such as height or weight), or physical kind (for example, the ward could be set to affect hags or shapechangers). You can also specify creatures that don't trigger the glyph, such as those who say a certain password.

When you inscribe the glyph, choose one of the options below for its effect. Once triggered, the glyph glows, filling a 60-foot-radius sphere with dim light for 10 minutes, after which time the spell ends. Each creature in the sphere when the glyph activates is targeted by its effect, as is a creature that enters the sphere for the first time on a turn or ends its turn there.

Material: mercury, phosphorus, and powdered diamond and opal with a total value of at least 1,000 gp, which the spell consumes.",FALSE,,,,2014
Synaptic Static,5,FALSE,120 feet,"V, S",Instantaneous,FALSE,1 action,Enchantment,"Bard, Sorcerer, Warlock, Wizard","You choose a point within range and cause psychic energy to explode there. Each creature in a 20-foot-radius sphere centered on that point must make an Intelligence saving throw. A creature with an Intelligence score of 2 or lower can’t be affected by this spell. A target takes 8d6 psychic damage on a failed save, or half as much damage on a successful one.

After a failed save, a target has muddled thoughts for 1 minute. During that time, it rolls a d6 and subtracts the number rolled from all its attack rolls and ability checks, as well as its Constitution saving throws to maintain concentration. The target can make an Intelligence saving throw at the end of each of its turns, ending the effect on itself on a success.",FALSE,,,,2014
Synchronicity (UA),4,FALSE,Touch,"V, S",Up to 1 hour,TRUE,1 action,Enchantment,"Sorcerer, Warlock, Wizard","The creature you touch feels reality subtly shifted to its favor while this spell is in effect. The target isn't inconvenienced by mundane delays of any sort. Traffic lights are always green, there's always a waiting elevator, and a taxi is always around the corner. The target can run at full speed through dense crowds, and attacks of opportunity provoked by the target's movement are made with disadvantage.

Synchronicity grants advantage to Dexterity (Stealth) checks, since the target always finds a handy piece of cover available. Additionally, the target has advantage on all ability checks made to drive a vehicle.

In the event that two or more creatures under the effect of synchronicity are attempting to avoid being inconvenienced by each other, the creatures engage in a contest of Charisma each time the effects of the spells would oppose each other.",FALSE,,,,2014
System Backdoor (UA),4,FALSE,Self,"V, S, M",Up to 1 hour,TRUE,1 minute,Transmutation,"Sorcerer, Warlock, Wizard","This spell allows you to bypass system security in order to create a secure login on a foreign system. The login you create allows you administrator-level privileges in any computer system not enhanced through technomagic. The login defeats any technomagic spells of 3rd level or lower.

Once the duration of the spell expires, the login and all privileges are wiped from the system. System logs still show the activity of the user, but the user identification cannot be found or traced.

At Higher Levels.
When you cast this spell using a spell slot of 5th level or higher, you are able to bypass technomagic spells if the spell’s level is equal to or less than the level of the spell slot you used.

Material: hacking tools.",FALSE,,,,2014
Tasha's Caustic Brew,1,FALSE,Self (30-foot line),"V, S, M",Up to 1 minute,TRUE,1 action,Evocation,"Artificer, Sorcerer (Optional), Wizard (Optional)","A stream of acid emanates from you in a line 30 feet long and 5 feet wide in a direction you choose. Each creature in the line must succeed on a Dexterity saving throw or be covered in acid for the spell’s duration or until a creature uses its action to scrape or wash the acid off itself or another creature. A creature covered in the acid takes 2d4 acid damage at the start of each of its turns.

At Higher Levels.
When you cast this spell using a spell slot 2nd level or higher, the damage increases by 2d4 for each slot level above 1st.

Material: a bit of rotten food.",FALSE,,,,2014
Tasha's Hideous Laughter,1,FALSE,30 feet,"V, S, M",Up to 1 minute,TRUE,1 action,Enchantment,"Bard, Wizard","A creature of your choice that you can see within range perceives everything as hilariously funny and falls into fits of laughter if this spell affects it. The target must succeed on a Wisdom saving throw or fall prone, becoming incapacitated and unable to stand up for the duration. A creature with an Intelligence score of 4 or less isn’t affected.

At the end of each of its turns, and each time it takes damage, the target can make another Wisdom saving throw. The target has advantage on the saving throw if it’s triggered by damage. On a success, the spell ends.

Material: tiny tarts and a feather that is waved in the air.",FALSE,,,,2014
Tasha's Mind Whip,2,FALSE,90 feet,V,1 round,FALSE,1 action,Enchantment,"Sorcerer (Optional), Wizard (Optional)","You psychically lash out at one creature you can see within range. The target must make an Intelligence saving throw. On a failed save, the target takes 3d6 psychic damage, and it can’t take a reaction until the end of its next turn. Moreover, on its next turn, it must choose whether it gets a move, an action, or a bonus action; it gets only one of the three. On a successful save, the target takes half as much damage and suffers none of the spell’s other effects.

At Higher Levels.
When you cast this spell using a spell slot of 3rd level or higher, you can target one additional creature for each slot level above 2nd. The creatures must be within 30 feet of each other when you target them.",FALSE,,,,2014
Tasha's Otherworldly Guise,6,FALSE,Self,"V, S, M",Up to 1 minute,TRUE,1 bonus action,Transmutation,"Sorcerer (Optional), Warlock (Optional), Wizard (Optional)","Uttering an incantation, you draw on the magic of the Lower Planes or Upper Planes (your choice) to transform yourself. You gain the following benefits until the spell ends:

Material: an object engraved with a symbol of the Outer Planes, worth at least 500 gp.",FALSE,,,,2014
Telekinesis,5,FALSE,60 feet,"V, S",Up to 10 minutes,TRUE,1 action,Transmutation,"Sorcerer, Wizard","You gain the ability to move or manipulate creatures or objects by thought. When you cast the spell, and as your action each round for the duration, you can exert your will on one creature or object that you can see within range, causing the appropriate effect below. You can affect the same target round after round, or choose a new one at any time. If you switch targets, the prior target is no longer affected by the spell.",FALSE,,,,2014
Telepathy,8,FALSE,Unlimited,"V, S, M",24 hours,FALSE,1 action,Evocation,Wizard,"You create a telepathic link between yourself and a willing creature with which you are familiar. The creature can be anywhere on the same plane of existence as you. The spell ends if you or the target are no longer on the same plane.

Until the spell ends, you and the target can instantaneously share words, images, sounds, and other sensory messages with one another through the link, and the target recognizes you as the creature it is communicating with. The spell enables a creature with an Intelligence score of at least 1 to understand the meaning of your words and take in the scope of any sensory messages you send to it.

Material: a pair of linked silver rings.",FALSE,,,,2014
Teleport,7,FALSE,10 feet,V,Instantaneous,FALSE,1 action,Conjuration,"Bard, Sorcerer, Wizard","This spell instantly transports you and up to eight willing creatures of your choice that you can see within range, or a single object that you can see within range, to a destination you select. If you target an object, it must be able to fit entirely inside a 10-foot cube, and it can’t be held or carried by an unwilling creature.

The destination you choose must be known to you, and it must be on the same plane of existence as you. Your familiarity with the destination determines whether you arrive there successfully. The DM rolls d100 and consults the table.

""Permanent circle"" means a permanent
Teleportation Circle
whose sigil sequence you know.

""Associated object"" means that you possess an object taken from the desired destination within the last six months, such as a book from a wizard's library, bed linen from a royal suite, or a chunk of marble from a lich's secret tomb.

""Very familiar"" is a place you have been very often, a place you have carefully studied, or a place you can see when you cast the spell.

""Seen casually"" is someplace you have seen more than once but with which you aren't very familiar.

""Viewed once"" is a place you have seen once, possibly using magic.

""Description"" is a place whose location and appearance you know through someone else's description, perhaps from a map.

""False destination"" is a place that doesn't exist. Perhaps you tried to scry an enemy's sanctum but instead viewed an illusion, or you are attempting to teleport to a familiar location that no longer exists.",FALSE,,,,2014
Teleportation Circle,5,FALSE,10 feet,"V, M",1 round,FALSE,1 minute,Conjuration,"Bard, Sorcerer, Warlock (Optional), Wizard","As you cast the spell, you draw a 10-foot-diameter circle on the ground inscribed with sigils that link your location to a permanent teleportation circle of your choice whose sigil sequence you know and that is on the same plane of existence as you.

A shimmering portal opens within the circle you drew and remains open until the end of your next turn. Any creature that enters the portal instantly appears within 5 feet of the destination circle or in the nearest unoccupied space if that space is occupied.

Many major temples, guilds, and other important places have permanent teleportation circles inscribed somewhere within their confines. Each such circle includes a unique sigil sequence – a string of magical runes arranged in a particular pattern. When you first gain the ability to cast this spell, you learn the sigil sequences for two destinations on the Material Plane, determined by the DM. You can learn additional sigil sequences during your adventures. You can commit a new sigil sequence to memory after studying it for 1 minute.

You can create a permanent teleportation circle by casting this spell in the same location every day for one year. You need not use the circle to teleport when you cast the spell in this way.

Material: rare chalks and inks infused with precious gems worth 50 gp, which the spell consumes.",FALSE,,,,2014
Temple of the Gods,7,FALSE,120 feet,"V, S, M",24 hours,FALSE,1 hour,Conjuration,Cleric,"You cause a temple to shimmer into existence on ground you can see within range. The temple must fit within an unoccupied cube of space, up to 120 feet on each side. The temple remains until the spell ends. It is dedicated to whatever god, pantheon, or philosophy is represented by the holy symbol used in the casting.

You make all decisions about the temple’s appearance. The interior is enclosed by a floor, walls, and a roof, with one door granting access to the interior and as many windows as you wish. Only you and any creatures you designate when you cast the spell can open or close the door.

The temple’s interior is an open space with an idol or altar at one end. You decide whether the temple is illuminated and whether that illumination is bright light or dim light. The smell of burning incense fills the air within, and the temperature is mild.

The temple opposes types of creatures you choose when you cast this spell. Choose one or more of the following: celestials, elementals, fey, fiends, or undead. If a creature of the chosen type attempts to enter the temple, that creature must make a Charisma saving throw. On a failed save, it can’t enter the temple for 24 hours. Even if the creature can enter the temple, the magic there hinders it; whenever it makes an attack roll, an ability check, or a saving throw inside the temple, it must roll a d4 and subtract the number rolled from the d20 roll.

In addition, the sensors created by divination spells can’t appear inside the temple, and creatures within can’t be targeted by divination spells.

Finally, whenever any creature in the temple regains hit points from a spell of 1st level or higher, the creature regains additional hit points equal to your Wisdom modifier (minimum 1 hit point).

The temple is made from opaque magical force that extends into the Ethereal Plane, thus blocking ethereal travel into the temple’s interior. Nothing can physically pass through the temple’s exterior. It can’t be dispelled by dispel magic, and antimagic field has no effect on it. A disintegrate spell destroys the temple instantly.
Casting this spell on the same spot every day for a year makes this effect permanent.

Material: a holy symbol worth at least 5 gp.",FALSE,,,,2014
Temporal Shunt,5,FALSE,120 feet,"V, S",1 round,FALSE,"1 reaction, taken when a creature you see makes an attack roll or starts to cast a spell",Transmutation,Wizard,"You target the triggering creature, which must succeed on a Wisdom saving throw or vanish, being thrown to another point in time and causing the attack to miss or the spell to be wasted. At the start of its next turn, the target reappears where it was or in the closest unoccupied space. The target doesn't remember you casting the spell or being affected by it.

At Higher Levels.
When you cast this spell using a spell slot of 6th level or higher, you can target one additional creature for each slot level above 5th. All targets must be within 30 feet of each other.",FALSE,,,,2014
Tenser's Floating Disk,1,TRUE,30 feet,"V, S, M",1 hour,FALSE,1 action,Conjuration,Wizard,"This spell creates a circular, horizontal plane of force, 3 feet in diameter and 1 inch thick, that floats 3 feet above the ground in an unoccupied space of your choice that you can see within range. The disk remains for the duration, and can hold up to 500 pounds. If more weight is placed on it, the spell ends, and everything on the disk falls to the ground.

The disk is immobile while you are within 20 feet of it. If you move more than 20 feet away from it, the disk follows you so that it remains within 20 feet of you. It can move across uneven terrain, up or down stairs, slopes, and the like, but it can’t cross an elevation change of 10 feet or more. For example, the disk can’t move across a 10-foot-deep pit, nor could it leave such a pit if it were created at the bottom.

If you move more than 100 feet from the disk (typically because it can’t move around an obstacle to follow you), the spell ends.

Material: a drop of mercury.",FALSE,,,,2014
Tenser's Transformation,6,FALSE,Self,"V, S, M",Up to 10 minutes,TRUE,1 action,Transmutation,Wizard,"You endow yourself with endurance and martial prowess fueled by magic. Until the spell ends, you can’t cast spells, and you gain the following benefits:

Immediately after the spell ends, you must succeed on a DC 15 Constitution saving throw or suffer one level of exhaustion.

Material: a few hairs from a bull.",FALSE,,,,2014
Tether Essence,7,FALSE,60 feet,"V, S, M",Up to 1 hour,TRUE,1 action,Necromancy,Wizard,"Two creatures you can see within range must make a Constitution saving throw, with disadvantage if they are within 30 feet of each other. Either creature can willingly fail the save. If either save succeeds, the spell has no effect. If both saves fail, the creatures are magically linked for the duration, regardless of the distance between them. When damage is dealt to one of them, the same damage is dealt to the other one. If hit points are restored to one of them, the same number of hit points are restored to the other one. If either of the tethered creatures is reduced to 0 hit points, the spell ends on both. If the spell ends on one creature, it ends on both.

Material: a spool of platinum cord worth at least 250 gp, which the spell consumes.",FALSE,,,,2014
Thaumaturgy,0,FALSE,30 feet,V,Up to 1 minute,FALSE,1 action,Transmutation,Cleric,"You manifest a minor wonder, a sign of supernatural power, within range. You create one of the following magical effects within range:

If you cast this spell multiple times, you can have up to three of its 1-minute effects active at a time, and you can dismiss such an effect as an action.",FALSE,,,,2014
Thorn Whip,0,FALSE,30 feet,"V, S, M",Instantaneous,FALSE,1 action,Transmutation,"Artificer, Druid","You create a long, vine-like whip covered in thorns that lashes out at your command toward a creature in range. Make a melee spell attack against the target. If the attack hits, the creature takes 1d6 piercing damage, and if the creature is Large or smaller, you pull the creature up to 10 feet closer to you.

At Higher Levels.
This spell’s damage increases by 1d6 when you reach 5th level (2d6), 11th level (3d6), and 17th level (4d6).

Material: the stem of a plant with thorns.",FALSE,,,,2014
Thought Shield (UA),2,FALSE,Touch,"V, S",8 hours,FALSE,1 action,Abjuration,"Sorcerer, Warlock, Wizard","You weave a clouding veil over the mind of one creature you touch. For the duration, the target’s mind can’t be read or detected, creatures can’t telepathically communicate with the target unless the target allows it, and the target has advantage on saving throws against any effect that would determine whether it is telling the truth.",FALSE,,,,2014
Thunder Step,3,FALSE,90 ft,V,Instantaneous,FALSE,1 action,Conjuration,"Sorcerer, Warlock, Wizard","You teleport yourself to an unoccupied space you can see within range. Immediately after you disappear, a thunderous boom sounds, and each creature within 10 feet of the space you left must make a Constitution saving throw, taking 3d10 thunder damage on a failed save, or half as much damage on a successful one. The thunder can be heard from up to 300 feet away.

You can bring along objects as long as their weight doesn’t exceed what you can carry. You can also teleport one willing creature of your size or smaller who is carrying gear up to its carrying capacity. The creature must be within 5 feet of you when you cast this spell, and there must be an unoccupied space within 5 feet of your destination space for the creature to appear in; otherwise, the creature is left behind.

At Higher Levels.
When you cast this spell using a spell slot of 4th level or higher, the damage increases by 1d10 for each slot level above 3rd.",FALSE,,,,2014
Thunderclap,0,FALSE,Self (5-foot radius),S,Instantaneous,FALSE,1 action,Evocation,"Bard, Druid, Sorcerer, Warlock, Wizard, Artificer","You create a burst of thunderous sound, which can be heard 100 feet away. Each creature other than you within 5 feet of you must make a Constitution saving throw. On a failed save, the creature takes 1d6 thunder damage.

At Higher Levels.
The spell’s damage increases by 1d6 when you reach 5th level (2d6), 11th level (3d6), and 17th level (4d6).",FALSE,,,,2014
Thunderous Smite,1,FALSE,Self,V,Up to 1 minute,TRUE,1 bonus action,Evocation,Paladin,"The first time you hit with a melee weapon attack during this spell’s duration, your weapon rings with thunder that is audible within 300 feet of you, and the attack deals an extra 2d6 thunder damage to the target. Additionally, if the target is a creature, it must succeed on a Strength saving throw or be pushed 10 feet away from you and knocked prone.",FALSE,,,,2014
Thunderwave,1,FALSE,Self (15-foot cube),"V, S",Instantaneous,FALSE,1 action,Evocation,"Bard, Druid, Sorcerer, Wizard","A wave of thunderous force sweeps out from you. Each creature in a 15-foot cube originating from you must make a Constitution saving throw. On a failed save, a creature takes 2d8 thunder damage and is pushed 10 feet away from you. On a successful save, the creature takes half as much damage and isn’t pushed.

In addition, unsecured objects that are completely within the area of effect are automatically pushed 10 feet away from you by the spell’s effect, and the spell emits a thunderous boom audible out to 300 feet.

At Higher Levels.
When you cast this spell using a spell slot of 2nd level or higher, the damage increases by 1d8 for each slot level above 1st.",FALSE,,,,2014
Tidal Wave,3,FALSE,120 feet,"V, S, M",Instantaneous,FALSE,1 action,Conjuration,"Druid, Sorcerer, Wizard","You conjure up a wave of water that crashes down on an area within range. The area can be up to 30 feet long, up to 10 feet wide, and up to 10 feet tall. Each creature in that area must make a Dexterity saving throw. On a failure, a creature takes 4d8 bludgeoning damage and is knocked prone. On a success, a creature takes half as much damage and isn’t knocked prone. The water then spreads out across the ground in all directions, extinguishing unprotected flames in its area and within 30 feet of it.

Material: a drop of water.",FALSE,,,,2014
Time Ravage,9,FALSE,90 feet,"V, S, M",Instantaneous,FALSE,1 action,Necromancy,Wizard,"You target a creature you can see within range, putting its physical form through the devastation of rapid aging. The target must make a Constitution saving throw, taking 10d12 necrotic damage on a failed save, or half as much damage on a successful one. If the save fails, the target also ages to the point where it has only 30 days left before it dies of old age. In this aged state, the target has disadvantage on attack rolls, ability checks, and saving throws, and its walking speed is halved. Only the
Wish
spell or the
Greater Restoration
spell cast with a 9th-level spell slot can end these effects and restore the target to its previous age.

Material: an hourglass filled with diamond dust worth at least 5,000 gp, which the spell consumes.",FALSE,,,,2014
Time Stop,9,FALSE,Self,V,Instantaneous,FALSE,1 action,Transmutation,"Sorcerer, Wizard","You briefly stop the flow of time for everyone but yourself. No time passes for other creatures, while you take 1d4 + 1 turns in a row, during which you can use actions and move as normal.

This spell ends if one of the actions you use during this period, or any effects that you create during this period, affects a creature other than you or an object being worn or carried by someone other than you. In addition, the spell ends if you move to a place more than 1,000 feet from the location where you cast it.",FALSE,,,,2014
Tiny Servant,3,FALSE,Touch,"V, S",8 hours,FALSE,1 minute,Transmutation,"Wizard, Artificer","You touch one Tiny, nonmagical object that isn’t attached to another object or a surface and isn’t being carried by another creature. The target animates and sprouts little arms and legs, becoming a creature under your control until the spell ends or the creature drops to 0 hit points. See the stat block for its statistics.

As a bonus action, you can mentally command the creature if it is within 120 feet of you. (If you control multiple creatures with this spell, you can command any or all of them at the same time, issuing the same command to each one.) You decide what action the creature will take and where it will move during its next turn, or you can issue a simple, general command, such as to fetch a key, stand watch, or stack some books. If you issue no commands, the servant does nothing other than defend itself against hostile creatures. Once given an order, the servant continues to follow that order until its task is complete.

When the creature drops to 0 hit points, it reverts to its original form, and any remaining damage carries over to that form.

At Higher Levels.
When you cast this spell using a spell slot of 4th level or higher, you can animate two additional objects for each slot level above 3rd.",FALSE,,,,2014
Toll the Dead,0,FALSE,60 feet,"V, S",Instantaneous,FALSE,1 action,Necromancy,"Cleric, Warlock, Wizard","You point at one creature you can see within range, and the sound of a dolorous bell fills the air around it for a moment. The target must succeed on a Wisdom saving throw or take 1d8 necrotic damage. If the target is missing any of its hit points, it instead takes 1d12 necrotic damage.

At Higher Levels.
The spell’s damage increases by one die when you reach 5th level (2d8 or 2d12), 11th level (3d8 or 3d12), and 17th level (4d8 or 4d12).",FALSE,,,,2014
Tongues,3,FALSE,Touch,"V, M",1 hour,FALSE,1 action,Divination,"Bard, Cleric, Sorcerer, Warlock, Wizard","This spell grants the creature you touch the ability to understand any spoken language it hears. Moreover, when the target speaks, any creature that knows at least one language and can hear the target understands what it says.

Material: a small clay model of a ziggurat.",FALSE,,,,2014
Transmute Rock,5,FALSE,120 feet,"V, S, M",Until dispelled,FALSE,1 action,Transmutation,"Druid, Wizard, Artificer","You choose an area of stone or mud that you can see that fits within a 40-foot cube and that is within range, and choose one of the following effects.

Material: clay and water.",FALSE,,,,2014
Transport via Plants,6,FALSE,10 feet,"V, S",1 round,FALSE,1 action,Conjuration,Druid,"This spell creates a magical link between a Large or larger inanimate plant within range and another plant, at any distance, on the same plane of existence. You must have seen or touched the destination plant at least once before. For the duration, any creature can step into the target plant and exit from the destination plant by using 5 feet of movement.",FALSE,,,,2014
Tree Stride,5,FALSE,Self,"V, S",Up to 1 minute,TRUE,1 action,Conjuration,"Druid, Ranger","You gain the ability to enter a tree and move from inside it to inside another tree of the same kind within 500 feet.

Both trees must be living and at least the same size as you. You must use 5 feet of movement to enter a tree. You instantly know the location of all other trees of the same kind within 500 feet and, as part of the move used to enter the tree, can either pass into one of those trees or step out of the tree you’re in. You appear in a spot of your choice within 5 feet of the destination tree, using another 5 feet of movement. If you have no movement left, you appear within 5 feet of the tree you entered.

You can use this transportation ability once per round for the duration. You must end each turn outside a tree.",FALSE,,,,2014
True Polymorph,9,FALSE,30 feet,"V, S, M",Up to 1 hour,TRUE,1 action,Transmutation,"Bard, Warlock, Wizard","Choose one creature or nonmagical object that you can see within range. You transform the creature into a different creature, the creature into a nonmagical object, or the object into a creature (the object must be neither worn nor carried by another creature). The transformation lasts for the duration, or until the target drops to 0 hit points or dies. If you concentrate on this spell for the full duration, the transformation becomes permanent.

Shapechangers aren't affected by this spell. An unwilling creature can make a Wisdom saving throw, and if it succeeds, it isn't affected by this spell.

This spell can't affect a target that has 0 hit points.

Material: a drop of mercury, a dollop of gum arabic, and a wisp of smoke.",FALSE,,,,2014
True Resurrection,9,FALSE,Touch,"V, S, M",Instantaneous,FALSE,1 hour,Necromancy,"Cleric, Druid","You touch a creature that has been dead for no longer than 200 years and that died for any reason except old age. If the creature’s soul is free and willing, the creature is restored to life with all its hit points.

This spell closes all wounds, neutralizes any poison, cures all diseases, and lifts any curses affecting the creature when it died. The spell replaces damaged or missing organs or limbs. If the creature was undead, it is restored to its non-undead form.

The spell can even provide a new body if the original no longer exists, in which case you must speak the creature’s name. The creature then appears in an unoccupied space you choose within 10 feet of you.

Material: a sprinkle of holy water and diamonds worth at least 25,000 gp, which the spell consumes.",FALSE,,,,2014
True Seeing,6,FALSE,Touch,"V, S, M",1 hour,FALSE,1 action,Divination,"Bard, Cleric, Sorcerer, Warlock, Wizard","This spell gives the willing creature you touch the ability to see things as they actually are. For the duration, the creature has truesight, notices secret doors hidden by magic, and can see into the Ethereal Plane, all out to a range of 120 feet.

Material: an ointment for the eyes that costs 25 gp; is made from mushroom powder, saffron, and fat; and is consumed by the spell.",FALSE,,,,2014
True Strike,0,FALSE,30 feet,S,Up to 1 round,TRUE,1 action,Divination,"Bard, Sorcerer, Warlock, Wizard","You extend your hand and point a finger at a target in range. Your magic grants you a brief insight into the target’s defenses. On your next turn, you gain advantage on your first attack roll against the target, provided that this spell hasn’t ended.",FALSE,,,,2014
Tsunami,8,FALSE,Sight,"V, S",Up to 6 rounds,TRUE,1 minute,Conjuration,Druid,"A wall of water springs into existence at a point you choose within range. You can make the wall up to 300 feet long, 300 feet high, and 50 feet thick. The wall lasts for the duration.

When the wall appears, each creature within its area must make a Strength saving throw. On a failed save, a creature takes 6d10 bludgeoning damage, or half as much damage on a successful save.

At the start of each of your turns after the wall appears, the wall, along with any creatures in it, moves 50 feet away from you. Any Huge or smaller creature inside the wall or whose space the wall enters when it moves must succeed on a Strength saving throw or take 5d10 bludgeoning damage. A creature can take this damage only once per round. At the end of the turn, the wall’s height is reduced by 50 feet, and the damage creatures take from the spell on subsequent rounds is reduced by 1d10. When the wall reaches 0 feet in height, the spell ends.

A creature caught in the wall can move by swimming. Because of the force of the wave, though, the creature must make a successful Strength (Athletics) check against your spell save DC in order to move at all. If it fails the check, it can’t move. A creature that moves out of the area falls to the ground.",FALSE,,,,2014
Unearthly Chorus (UA),1,FALSE,Self (30-foot radius),V,Up to 10 minutes,TRUE,1 action,Illusion,Bard,"Music of a style you choose fills the air around you in a 30-foot radius. The music spreads around corners and can be heard from up to 100 feet away. The music moves with you, centered on you for the duration.

Until the spell ends, you make Charisma (Performance) checks with advantage. In addition, you can use a bonus action on each of your turns to beguile one creature you choose within 30 feet of you that can see you and hear the music. The creature must make a Charisma saving throw. If you or your companions are attacking it, the creature automatically succeeds on the saving throw. On a failure, the creature becomes friendly to you for as long as it can hear the music and for 1 hour thereafter. You make Charisma (Deception) checks and Charisma (Persuasion) checks against creatures made friendly by this spell with advantage.",FALSE,,,,2014
Unseen Servant,1,TRUE,60 feet,"V, S, M",1 hour,FALSE,1 action,Conjuration,"Bard, Warlock, Wizard","This spell creates an invisible, mindless, shapeless, Medium force that performs simple tasks at your command until the spell ends. The servant springs into existence in an unoccupied space on the ground within range. It has AC 10, 1 hit point, and a Strength of 2, and it can’t attack. If it drops to 0 hit points, the spell ends.

Once on each of your turns as a bonus action, you can mentally command the servant to move up to 15 feet and interact with an object. The servant can perform simple tasks that a human servant could do, such as fetching things, cleaning, mending, folding clothes, lighting fires, serving food, and pouring wine. Once you give the command, the servant performs the task to the best of its ability until it completes the task, then waits for your next command.

If you command the servant to perform a task that would move it more than 60 feet away from you, the spell ends.

Material: a piece of string and a bit of wood.",FALSE,,,,2014
Vampiric Touch,3,FALSE,Self,"V, S",Up to 1 minute,TRUE,1 action,Necromancy,"Sorcerer (Optional), Warlock, Wizard","The touch of your shadow-wreathed hand can siphon force from others to heal your wounds. Make a melee spell attack against a creature within your reach. On a hit, the target takes 3d6 necrotic damage, and you regain hit points equal to half the amount of necrotic damage dealt. Until the spell ends, you can make the attack again on each of your turns as an action.

At Higher Levels.
When you cast this spell using a spell slot of 4th level or higher, the damage increases by 1d6 for each slot level above 3rd.",FALSE,,,,2014
Vicious Mockery,0,FALSE,60 feet,V,Instantaneous,FALSE,1 action,Enchantment,Bard,"You unleash a string of insults laced with subtle enchantments at a creature you can see within range. If the target can hear you (though it need not understand you), it must succeed on a Wisdom saving throw or take 1d4 psychic damage and have disadvantage on the next attack roll it makes before the end of its next turn.

At Higher Levels.
This spell’s damage increases by 1d4 when you reach 5th level (2d4), 11th level (3d4), and 17th level (4d4).",FALSE,,,,2014
Virtue (UA),0,FALSE,Touch,"V, S",1 round,FALSE,1 action,Abjuration,Cleric,"You touch one creature, imbuing it with vitality. If the target has at least 1 hit point, it gains a number of temporary hit points equal to 1d4 + your spellcasting ability modifier. The temporary hit points are lost when the spell ends.",FALSE,,,,2014
Vitriolic Sphere,4,FALSE,150 feet,"V, S, M",Instantaneous,FALSE,1 action,Evocation,"Sorcerer, Wizard","You point at a place within range, and a glowing 1-foot ball of emerald acid streaks there and explodes in a 20-foot radius. Each creature in that area must make a Dexterity saving throw. On a failed save, a creature takes 10d4 acid damage and 5d4 acid damage at the end of its next turn. On a successful save, a creature takes half the initial damage and no damage at the end of its next turn.

At Higher Levels.
When you cast this spell using a spell slot of 5th level or higher, the initial damage increases by 2d4 for each slot level above 4th.

Material: a drop of giant slug bile.",FALSE,,,,2014
Vortex Warp,2,FALSE,90 feet,"V, S",Instantaneous,FALSE,1 action,Conjuration,"Artificer, Sorcerer, Wizard","You magically twist space around another creature you can see within range. The target must succeed on a Constitution saving throw (the target can choose to fail), or the target is teleported to an unoccupied space of your choice that you can see within range. The chosen space must be on a surface or in a liquid that can support the target without the target having to squeeze.

At Higher Levels.
When you cast this spell using a spell slot of 3rd level or higher, the range of the spell increases by 30 feet for each slot level above 2nd.",FALSE,,,,2014
Wall of Fire,4,FALSE,120 feet,"V, S, M",Up to 1 minute,TRUE,1 action,Evocation,"Druid, Sorcerer, Wizard","You create a wall of fire on a solid surface within range. You can make the wall up to 60 feet long, 20 feet high, and 1 foot thick, or a ringed wall up to 20 feet in diameter, 20 feet high, and 1 foot thick. The wall is opaque and lasts for the duration.

When the wall appears, each creature within its area must make a Dexterity saving throw. On a failed save, a creature takes 5d8 fire damage, or half as much damage on a successful save.

One side of the wall, selected by you when you cast this spell, deals 5d8 fire damage to each creature that ends its turn within 10 feet of that side or inside the wall. A creature takes the same damage when it enters the wall for the first time on a turn or ends its turn there. The other side of the wall deals no damage.

At Higher Levels.
When you cast this spell using a spell slot of 5th level or higher, the damage increases by 1d8 for each slot level above 4th.

Material: a small piece of phosphorus.",FALSE,,,,2014
Wall of Force,5,FALSE,120 feet,"V, S, M",Up to 10 minutes,TRUE,1 action,Evocation,Wizard,"An invisible wall of force springs into existence at a point you choose within range.
The wall appears in any orientation you choose, as a horizontal or vertical barrier or at an angle. It can be free floating or resting on a solid surface. You can form it into a hemispherical dome or a sphere with a radius of up to 10 feet, or you can shape a flat surface made up of ten 10-foot-by-10-foot panels. Each panel must be contiguous with another panel. In any form, the wall is 1/4 inch thick. It lasts for the duration. If the wall cuts through a creature's space when it appears, the creature is pushed to one side of the wall (your choice which side).

Nothing can physically pass through the wall. It is immune to all damage and can't be dispelled by
dispel magic
. A
disintegrate
spell destroys the wall instantly, however. The wall also extends into the Ethereal Plane, blocking ethereal travel through the wall.

Material: a pinch of powder made by crushing a clear gemstone.",FALSE,,,,2014
Wall of Ice,6,FALSE,120 feet,"V, S, M",Up to 10 minutes,TRUE,1 action,Evocation,Wizard,"You create a wall of ice on a solid surface within range. You can form it into a hemispherical dome or a sphere with radius of up to 10 feet, or you can shape a flat surface made up of ten 10-foot-square panels. Each panel must be contiguous with another panel. In any form, the wall is 1 foot thick and lasts for the duration.

If the wall cuts through a creature’s space when it appears, the creature within its area is pushed to one side of the wall and must make a Dexterity saving throw. On a failed save, the creature takes 10d6 cold damage, or half as much damage on a successful save.

The wall is an object that can be damaged and thus breached. It has AC 12 and 30 hit points per 10-foot section, and it is vulnerable to fire damage. Reducing a 10-foot section of wall to 0 hit points destroys it and leaves behind a sheet of frigid air in the space the wall occupied. A creature moving through the sheet of frigid air for the first time on a turn must make a Constitution saving throw. The creature takes 5d6 cold damage on a failed save, or half as much damage on a successful one.

At Higher Levels.
When you cast this spell using a spell slot of 7th level or higher, the damage the wall deals when it appears increases by 2d6, and the damage from passing through the sheet of frigid air increases by 1d6, for each slot level above 6th.

Material: a small piece of quartz.",FALSE,,,,2014
Wall of Light,5,FALSE,120 feet,"V, S, M",Up to 10 minutes,TRUE,1 action,Evocation,"Sorcerer, Warlock, Wizard","A shimmering wall of bright light appears at a point you choose within range. The wall appears in any orientation you choose: horizontally, vertically, or diagonally. It can be free floating, or it can rest on a solid surface. The wall can be up to 60 feet long, 10 feet high, and 5 feet thick. The wall blocks line of sight, but creatures and objects can pass through it. It emits bright light out to 120 feet and dim light for an additional 120 feet.

When the wall appears, each creature in its area must make a Constitution saving throw. On a failed save, a creature takes 4d8 radiant damage, and it is blinded for 1 minute. On a successful save, it takes half as much damage and isn’t blinded. A blinded creature can make a Constitution saving throw at the end of each of its turns, ending the effect on itself on a success.

A creature that ends its turn in the wall’s area takes 4d8 radiant damage.

Until the spell ends, you can use an action to launch a beam of radiance from the wall at one creature you can see within 60 feet of it. Make a ranged spell attack. On a hit, the target takes 4d8 radiant damage. Whether you hit or miss, reduce the length of the wall by 10 feet. If the wall’s length drops to 0 feet, the spell ends.

At Higher Levels.
When you cast this spell using a spell slot of 6th level or higher, the damage increases by 1d8 for each slot level above 5th.

Material: a hand mirror.",FALSE,,,,2014
Wall of Sand,3,FALSE,90 feet,"V, S, M",Up to 10 minutes,TRUE,1 action,Evocation,Wizard,"You conjure up a wall of swirling sand on the ground at a point you can see within range. You can make the wall up to 30 feet long, 10 feet high, and 10 feet thick, and it vanishes when the spell ends. It blocks line of sight but not movement. A creature is blinded while in the wall’s space and must spend 3 feet of movement for every 1 foot it moves there.

Material: a handful of sand.",FALSE,,,,2014
Wall of Stone,5,FALSE,120 feet,"V, S, M",Up to 10 minutes,TRUE,1 action,Evocation,"Artificer, Druid, Sorcerer, Wizard","A nonmagical wall of solid stone springs into existence at a point you choose within range. The wall is 6 inches thick and is composed of ten 10-foot-by-10-foot panels. Each panel must be contiguous with at least one other panel. Alternatively, you can create 10-foot-by-20-foot panels that are only 3 inches thick.

If the wall cuts through a creature’s space when it appears, the creature is pushed to one side of the wall (your choice). If a creature would be surrounded on all sides by the wall (or the wall and another solid surface), that creature can make a Dexterity saving throw. On a success, it can use its reaction to move up to its speed so that it is no longer enclosed by the wall.

The wall can have any shape you desire, though it can’t occupy the same space as a creature or object. The wall doesn’t need to be vertical or resting on any firm foundation. It must, however, merge with and be solidly supported by existing stone. Thus, you can use this spell to bridge a chasm or create a ramp.

If you create a span greater than 20 feet in length, you must halve the size of each panel to create supports. You can crudely shape the wall to create crenellations, battlements, and so on.

The wall is an object made of stone that can be damaged and thus breached. Each panel has AC 15 and 30 hit points per inch of thickness. Reducing a panel to 0 hit points destroys it and might cause connected panels to collapse at the DM’s discretion.

If you maintain your concentration on this spell for its whole duration, the wall becomes permanent and can’t be dispelled. Otherwise, the wall disappears when the spell ends.

Material: a small block of granite.",FALSE,,,,2014
Wall of Thorns,6,FALSE,120 feet,"V, S, M",Up to 10 minutes,TRUE,1 action,Conjuration,Druid,"You create a wall of tough, pliable, tangled brush bristling with needle-sharp thorns. The wall appears within range on a solid surface and lasts for the duration. You choose to make the wall up to 60 feet long, 10 feet high, and 5 feet thick or a circle that has a 20-foot diameter and is up to 20 feet high and 5 feet thick. The wall blocks line of sight.

When the wall appears, each creature within its area must make a Dexterity saving throw. On a failed save, a creature takes 7d8 piercing damage, or half as much damage on a successful save.

A creature can move through the wall, albeit slowly and painfully. For every 1 foot a creature moves through the wall, it must spend 4 feet of movement. Furthermore, the first time a creature enters the wall on a turn or ends its turn there, the creature must make a Dexterity saving throw. It takes 7d8 slashing damage on a failed save, or half as much on a successful save.

At Higher Levels.
When you cast this spell using a spell slot of 7th level or higher, both types of damage increase by 1d8 for each slot level above 6th.

Material: a handful of thorns.",FALSE,,,,2014
Wall of Water,3,FALSE,60 feet,"V, S, M",Up to 10 minutes,TRUE,1 action,Evocation,"Druid, Sorcerer, Wizard","You conjure up a wall of water on the ground at a point you can see within range. You can make the wall up to 30 feet long, 10 feet high, and 1 foot thick, or you can make a ringed wall up to 20 feet in diameter, 20 feet high, and 1 foot thick. The wall vanishes when the spell ends. The wall’s space is difficult terrain.

Any ranged weapon attack that enters the wall’s space has disadvantage on the attack roll, and fire damage is halved if the fire effect passes through the wall to reach its target. Spells that deal cold damage that pass through the wall cause the area of the wall they pass through to freeze solid (at least a 5-foot square section is frozen). Each 5-foot-square frozen section has AC 5 and 15 hit points. Reducing a frozen section to 0 hit points destroys it. When a section is destroyed, the wall’s water doesn’t fill it.

Material: a drop of water.",FALSE,,,,2014
Warding Bond,2,FALSE,Touch,"V, S, M",1 hour,FALSE,1 action,Abjuration,"Cleric, Paladin (Optional)","This spell wards a willing creature you touch and creates a mystic connection between you and the target until the spell ends.

While the target is within 60 feet of you, it gains a +1 bonus to AC and saving throws, and it has resistance to all damage. Also, each time it takes damage, you take the same amount of damage.

The spell ends if you drop to 0 hit points or if you and the target become separated by more than 60 feet. It also ends if the spell is cast again on either of the connected creatures. You can also dismiss the spell as an action.

Material: a pair of platinum rings worth at least 50 gp each, which you and target must wear for the duration.",FALSE,,,,2014
Warding Wind,2,FALSE,Self,V,Up to 10 minutes,TRUE,1 action,Evocation,"Bard, Druid, Sorcerer, Wizard","A strong wind (20 miles per hour) blows around you in a 10-foot radius and moves with you, remaining centered on you. The wind lasts for the spell’s duration.

The wind has the following effects:",FALSE,,,,2014
Warp Sense,2,FALSE,Self,"V, S, M",Up to 1 minute,TRUE,1 action,Divination,"Sorcerer, Warlock, Wizard","For the duration, you sense the presence of portals, even inactive ones, within 30 feet of yourself.
If you detect a portal in this way, you can use your action to study it. Make a DC 15 ability check using your spellcasting ability. On a successful check, you learn the destination plane of the portal and what portal key it requires, then the spell ends. On a failed check, you learn nothing and can't study that portal again using this spell until you cast it again.
The spell can penetrate most barriers but is blocked by 1 foot of stone, 1 inch of common metal, a thin sheet of lead, or 3 feet of wood or dirt.

Material: a razorvine leaf.",FALSE,,,,2014
Water Breathing,3,TRUE,30 feet,"V, S, M",24 hours,FALSE,1 action,Transmutation,"Artificer, Druid, Ranger, Sorcerer, Wizard","This spell grants up to ten willing creatures you can see within range the ability to breathe underwater until the spell ends. Affected creatures also retain their normal mode of respiration.

Material: a short reed or piece of straw.",FALSE,,,,2014
Water Walk,3,TRUE,30 feet,"V, S, M",1 hour,FALSE,1 action,Transmutation,"Artificer, Cleric, Druid, Ranger, Sorcerer","This spell grants the ability to move across any liquid surface – such as water, acid, mud, snow, quicksand, or lava – as if it were harmless solid ground (creatures crossing molten lava can still take damage from the heat). Up to ten willing creatures you can see within range gain this ability for the duration.

If you target a creature submerged in a liquid, the spell carries the target to the surface of the liquid at a rate of 60 feet per round.

Material: a piece of cork.",FALSE,,,,2014
Watery Sphere,4,FALSE,90 feet,"V, S, M",Up to 1 minute,TRUE,1 action,Conjuration,"Druid, Sorcerer, Wizard","You conjure up a sphere of water with a 5-foot radius on a point you can see within range. The sphere can hover in the air, but no more than 10 feet off the ground. The sphere remains for the spell’s duration.

Any creature in the sphere’s space must make a Strength saving throw. On a successful save, a creature is ejected from that space to the nearest unoccupied space outside it. A Huge or larger creature succeeds on the saving throw automatically. On a failed save, a creature is restrained by the sphere and is engulfed by the water. At the end of each of its turns, a restrained target can repeat the saving throw.

The sphere can restrain a maximum of four Medium or smaller creatures or one Large creature. If the sphere restrains a creature in excess of these numbers, a random creature that was already restrained by the sphere falls out of it and lands prone in a space within 5 feet of it.

As an action, you can move the sphere up to 30 feet in a straight line. If it moves over a pit, cliff, or other drop, it safely descends until it is hovering 10 feet over ground. Any creature restrained by the sphere moves with it. You can ram the sphere into creatures, forcing them to make the saving throw, but no more than once per turn.

When the spell ends, the sphere falls to the ground and extinguishes all normal flames within 30 feet of it. Any creature restrained by the sphere is knocked prone in the space where it falls.

Material: a droplet of water.",FALSE,,,,2014
Web,2,FALSE,60 feet,"V, S, M",Up to 1 hour,TRUE,1 action,Conjuration,"Artificer, Sorcerer, Wizard","You conjure a mass of thick, sticky webbing at a point of your choice within range. The webs fill a 20-foot cube from that point for the duration. The webs are difficult terrain and lightly obscure their area.

If the webs aren’t anchored between two solid masses (such as walls or trees) or layered across a floor, wall, or ceiling, the conjured web collapses on itself, and the spell ends at the start of your next turn. Webs layered over a flat surface have a depth of 5 feet.

Each creature that starts its turn in the webs or that enters them during its turn must make a Dexterity saving throw. On a failed save, the creature is restrained as long as it remains in the webs or until it breaks free.

A creature restrained by the webs can use its action to make a Strength check against your spell save DC. If it succeeds, it is no longer restrained.

The webs are flammable. Any 5-foot cube of webs exposed to fire burns away in 1 round, dealing 2d4 fire damage to any creature that starts its turn in the fire.

Material: a bit of spiderweb.",FALSE,,,,2014
Weird,9,FALSE,120 feet,"V, S",Up to 1 minute,TRUE,1 action,Illusion,"Warlock (Optional), Wizard","Drawing on the deepest fears of a group of creatures, you create illusory creatures in their minds, visible only to them.

Each creature in a 30-foot-radius sphere centered on a point of your choice within range must make a Wisdom saving throw. On a failed save, a creature becomes frightened for the duration.
The illusion calls on the creature’s deepest fears, manifesting its worst nightmares as an implacable threat. At the end of each of the frightened creature’s turns, it must succeed on a Wisdom saving throw or take 4d10 psychic damage. On a successful save, the spell ends for that creature.",FALSE,,,,2014
Whirlwind,7,FALSE,300 feet,"V, M",Up to 1 minute,TRUE,1 action,Evocation,"Druid, Wizard","A whirlwind howls down to a point on the ground you specify. The whirlwind is a 10-foot-radius, 30-foot-high cylinder centered on that point. Until the spell ends, you can use your action to move the whirlwind up to 30 feet in any direction along the ground. The whirlwind sucks up any Medium or smaller objects that aren’t secured to anything and that aren’t worn or carried by anyone.

A creature must make a Dexterity saving throw the first time on a turn that it enters the whirlwind or that the whirlwind enters its space, including when the whirlwind first appears. A creature takes 10d6 bludgeoning damage on a failed save, or half as much damage on a successful one. In addition, a Large or smaller creature that fails the save must succeed on a Strength saving throw or become restrained in the whirlwind until the spell ends.

When a creature starts its turn restrained by the whirlwind, the creature is pulled 5 feet higher inside it, unless the creature is at the top. A restrained creature moves with the whirlwind and falls when the spell ends, unless the creature has some means to stay aloft.

A restrained creature can use an action to make a Strength or Dexterity check against your spell save DC. If successful, the creature is no longer restrained by the whirlwind and is hurled 3d6 × 10 feet away from it in a random direction.

Material: a piece of straw.",FALSE,,,,2014
Wild Cunning (UA),1,TRUE,120 feet,"V, S",Instantaneous,FALSE,1 action,Transmutation,"Druid, Ranger","You call out to the spirits of nature to aid you. When you cast this spell, choose one of the following effects:",FALSE,,,,2014
Wind Walk,6,FALSE,30 feet,"V, S, M",8 hours,FALSE,1 minute,Transmutation,Druid,"You and up to ten willing creatures you can see within range assume a gaseous form for the duration, appearing as wisps of cloud. While in this cloud form, a creature has a flying speed of 300 feet and has resistance to damage from nonmagical weapons. The only actions a creature can take in this form are the Dash action or to revert to its normal form.

Reverting takes 1 minute, during which time a creature is incapacitated and can’t move. Until the spell ends, a creature can revert to cloud form, which also requires the 1-minute transformation.

If a creature is in cloud form and flying when the effect ends, the creature descends 60 feet per round for 1 minute until it lands, which it does safely. If it can’t land after 1 minute, the creature falls the remaining distance.

Material: fire and holy water.",FALSE,,,,2014
Wind Wall,3,FALSE,120 feet,"V, S, M",Up to 1 minute,TRUE,1 action,Evocation,"Druid, Ranger","A wall of strong wind rises from the ground at a point you choose within range. You can make the wall up to 50 feet long, 15 feet high, and 1 foot thick. You can shape the wall in any way you choose so long as it makes one continuous path along the ground. The wall lasts for the duration.

When the wall appears, each creature within its area must make a Strength saving throw. A creature takes 3d8 bludgeoning damage on a failed save, or half as much damage on a successful one.

The strong wind keeps fog, smoke, and other gases at bay. Small or smaller flying creatures or objects can’t pass through the wall. Loose, lightweight materials brought into the wall fly upward. Arrows, bolts, and other ordinary projectiles launched at targets behind the wall are deflected upward and automatically miss. (Boulders hurled by giants or siege engines, and similar projectiles, are unaffected.) Creatures in gaseous form can’t pass through it.

Material: a tiny fan and a feather of exotic origin.",FALSE,,,,2014
Wish,9,FALSE,Self,V,Instantaneous,FALSE,1 action,Conjuration,"Sorcerer, Wizard","Wish is the mightiest spell a mortal creature can cast. By simply speaking aloud, you can alter the very foundations of reality in accord with your desires.

The basic use of this spell is to duplicate any other spell of 8th level or lower. You don’t need to meet any requirements in that spell, including costly components. The spell simply takes effect.

Alternatively, you can create one of the following effects of your choice:

You might be able to achieve something beyond the scope of the above examples. State your wish to the DM as precisely as possible. The DM has great latitude in ruling what occurs in such an instance; the greater the wish, the greater the likelihood that something goes wrong. This spell might simply fail, the effect you desire might only be partly achieved, or you might suffer some unforeseen consequence as a result of how you worded the wish. For example, wishing that a villain were dead might propel you forward in time to a period when that villain is no longer alive, effectively removing you from the game. Similarly, wishing for a legendary magic item or artifact might instantly transport you to the presence of the item’s current owner.

The stress of casting this spell to produce any effect other than duplicating another spell weakens you. After enduring that stress, each time you cast a spell until you finish a long rest, you take 1d10 necrotic damage per level of that spell. This damage can’t be reduced or prevented in any way. In addition, your Strength drops to 3, if it isn’t 3 or lower already, for 2d4 days. For each of those days that you spend resting and doing nothing more than light activity, your remaining recovery time decreases by 2 days. Finally, there is a 33 percent chance that you are unable to cast wish ever again if you suffer this stress.",FALSE,,,,2014
Witch Bolt,1,FALSE,30 feet,"V, S, M",Up to 1 minute,TRUE,1 action,Evocation,"Sorcerer, Warlock, Wizard","A beam of crackling, blue energy lances out toward a creature within range, forming a sustained arc of lightning between you and the target. Make a ranged spell attack against that creature. On a hit, the target takes 1d12 lightning damage, and on each of your turns for the duration, you can use your action to deal 1d12 lightning damage to the target automatically. The spell ends if you use your action to do anything else. The spell also ends if the target is ever outside the spell’s range or if it has total cover from you.

At Higher Levels.
When you cast this spell using a spell slot of 2nd level or higher, the initial damage increases by 1d12 for each slot level above 1st.

Material: a twig from a tree that has been struck by lightning.",FALSE,,,,2014
Wither and Bloom,2,FALSE,60 feet,"V, S, M",Instantaneous,FALSE,1 action,Necromancy,"Druid, Sorcerer, Wizard","You invoke both death and life upon a 10-foot-radius sphere centered on a point within range. Each creature of your choice in that area must make a Constitution saving throw, taking 2d6 necrotic damage on a failed save, or half as much damage on a successful one. Nonmagical vegetation in that area withers.

In addition, one creature of your choice in that area can spend and roll one of its unspent Hit Dice and regain a number of hit points equal to the roll plus your spellcasting ability modifier.

At Higher Levels.
When you cast this spell using a spell slot of 3rd level or higher, the damage increases by 1d6 for each slot above 2nd, and the number of Hit Dice that can be spent and added to the healing roll increases by one for each slot above 2nd.

Material: a withered vine twisted into a loop.",FALSE,,,,2014
Word of Radiance,0,FALSE,5 feet,"V, M",Instantaneous,FALSE,1 action,Evocation,Cleric,"You utter a divine word, and burning radiance erupts from you. Each creature of your choice that you can see within range must succeed on a Constitution saving throw or take 1d6 radiant damage.

At Higher Levels.
The spell’s damage increases by 1d6 when you reach 5th level (2d6), 11th level (3d6), and 17th level (4d6).

Material: a holy symbol.",FALSE,,,,2014
Word of Recall,6,FALSE,5 feet,V,Instantaneous,FALSE,1 action,Conjuration,Cleric,"You and up to five willing creatures within 5 feet of you instantly teleport to a previously designated sanctuary. You and any creatures that teleport with you appear in the nearest unoccupied space to the spot you designated when you prepared your sanctuary (see below). If you cast this spell without first preparing a sanctuary, the spell has no effect.

You must designate a sanctuary by casting this spell within a location, such as a temple, dedicated to or strongly linked to your deity. If you attempt to cast the spell in this manner in an area that isn’t dedicated to your deity, the spell has no effect.",FALSE,,,,2014
Wrath Of Nature,5,FALSE,120 feet,"V, S",Up to 1 minute,TRUE,1 action,Evocation,"Druid, Ranger","You call out to the spirits of nature to rouse them against your enemies. Choose a point you can see within range. The spirits cause trees, rocks, and grasses in a 60-foot cube centered on that point to become animated until the spell ends.

Grasses and Undergrowth.
Any area of ground in the cube that is covered by grass or undergrowth is difficult terrain for your enemies.

Trees.
At the start of each of your turns, each of your enemies within 10 feet of any tree in the cube must succeed on a Dexterity saving throw or take 4d6 slashing damage from whipping branches.

Roots and Vines.
At the end of each of your turns, one creature of your choice that is on the ground in the cube must succeed on a Strength saving throw or become restrained until the spell ends. A restrained creature can use an action to make a Strength (Athletics) check against your spell save DC, ending the effect on itself on a success.

Rocks.
As a bonus action on your turn, you can cause a loose rock in the cube to launch at a creature you can see in the cube. Make a ranged spell attack against the target. On a hit, the target takes 3d8 nonmagical bludgeoning damage, and it must succeed on a Strength saving throw or fall prone.",FALSE,,,,2014
Wrathful Smite,1,FALSE,Self,V,Up to 1 minute,TRUE,1 bonus action,Evocation,Paladin,"The next time you hit with a melee weapon attack during this spell’s duration, your attack deals an extra 1d6 psychic damage. Additionally, if the target is a creature, it must make a Wisdom saving throw or be frightened of you until the spell ends. As an action, the creature can make a Wisdom check against your spell save DC to steel its resolve and end this spell.",FALSE,,,,2014
Wristpocket,2,TRUE,Self,S,Up to 1 hour,TRUE,1 action,Conjuration,Wizard (Dunamancy),"You flick your wrist, causing one object in your hand to vanish. The object, which only you can be holding and can weigh no more than 5 pounds, is transported to an extradimensional space, where it remains for the duration.

Until the spell ends, you can use your action to summon the object to your free hand, and you can use your action to return the object to the extradimensional space. An object still in the pocket plane when the spell ends appears in your space, at your feet.",FALSE,,,,2014
Zephyr Strike,1,FALSE,Self,V,Up to 1 minute,TRUE,1 bonus action,Transmutation,Ranger,"You move like the wind. For the duration, your movement doesn’t provoke opportunity attacks.

Once before the spell ends, you can give yourself advantage on one weapon attack roll on your turn. That attack deals an extra 1d8 force damage on a hit. Whether you hit or miss, your walking speed increases by 30 feet until the end of that turn.",FALSE,,,,2014
Zone of Truth,2,FALSE,60 feet,"V, S",10 minutes,FALSE,1 action,Enchantment,"Bard, Cleric, Paladin","You create a magical zone that guards against deception in a 15-foot-radius sphere centered on a point of your choice within range. Until the spell ends, a creature that enters the spell’s area for the first time on a turn or starts its turn there must make a Charisma saving throw. On a failed save, a creature can’t speak a deliberate lie while in the radius. You know whether each creature succeeds or fails on its saving throw.

An affected creature is aware of the spell and can thus avoid answering questions to which it would normally respond with a lie. Such creatures can be evasive in its answers as long as it remains within the boundaries of the truth.",FALSE,,,,2014
