filename,source_path,modified,size_bytes,md5
"L_0.png","C:\Users\d2rei\Documents\immich\library\library\admin\2018\2018-07-20\L_0.png","1532074786.0","33614","01d505c62211829cc86fc863653346f1"
"L_1.png","C:\Users\d2rei\Documents\immich\library\library\admin\2018\2018-07-20\L_1.png","1532074787.0","31288","c64c28602904dbddf1c5372edb7b6847"
"L_10.png","C:\Users\d2rei\Documents\immich\library\library\admin\2018\2018-07-20\L_10.png","1532074787.0","27755","c9071020103c6d0f066a3e9eb68b4a13"
"L_2.png","C:\Users\d2rei\Documents\immich\library\library\admin\2018\2018-07-20\L_2.png","1532074787.0","33819","11bab2a2929792eeb110583eea961e96"
"L_3.png","C:\Users\d2rei\Documents\immich\library\library\admin\2018\2018-07-20\L_3.png","1532074787.0","36098","ea771fc05cbe6e9c0b4bfd7831e2e546"
"L_4.png","C:\Users\d2rei\Documents\immich\library\library\admin\2018\2018-07-20\L_4.png","1532074787.0","33038","bcc52081f371eae1b76238b3d1212eba"
"L_5.png","C:\Users\d2rei\Documents\immich\library\library\admin\2018\2018-07-20\L_5.png","1532074787.0","28680","c06ebf0104fc4664a2b2caf79f7865cb"
"L_6.png","C:\Users\d2rei\Documents\immich\library\library\admin\2018\2018-07-20\L_6.png","1532074787.0","27179","8708f31f1f2a4538f0a179a7a99507a9"
"L_7.png","C:\Users\d2rei\Documents\immich\library\library\admin\2018\2018-07-20\L_7.png","1532074787.0","24422","a9168d9799e4e8e0af60d3febf547c09"
"L_8.png","C:\Users\d2rei\Documents\immich\library\library\admin\2018\2018-07-20\L_8.png","1532074787.0","26223","c8b6224fa02759cc48a60cf4e20de81d"
"L_9.png","C:\Users\d2rei\Documents\immich\library\library\admin\2018\2018-07-20\L_9.png","1532074787.0","27520","adc01f25e18655966ea0f7d86be74d98"
"IMG-20171107-WA0000.jpg","C:\Users\d2rei\Documents\immich\library\library\admin\2018\2018-07-20\IMG-20171107-WA0000.jpg","1532074859.0","142965","3af85722bfdd7b1bb5f96a62631ad22e"
"IMG-20171107-WA0001.jpg","C:\Users\d2rei\Documents\immich\library\library\admin\2018\2018-07-20\IMG-20171107-WA0001.jpg","1532074859.0","255989","4f2ad0d72ef888aae2f7409827dd4db9"
"11_5_18 1_32 pm Office Lens.jpg","C:\Users\d2rei\Documents\immich\library\library\admin\2018\2018-07-20\11_5_18 1_32 pm Office Lens.jpg","1532074873.0","235117","d32caea90e3a1be40d03f846d0e5e9a6"
"lens_final_180628115219165-1.jpg","C:\Users\d2rei\Documents\immich\library\library\admin\2018\2018-07-20\lens_final_180628115219165-1.jpg","1532074930.0","140264","8238b946a571f3d8f0f6ed1abe5d4130"
"FB_IMG_1556483607518.jpg","C:\Users\d2rei\Documents\immich\library\library\admin\2019\2019-04-28\FB_IMG_1556483607518.jpg","1556483607.0","177530","deee457f643c490f407b3ab704c882a0"
"DEWED-154.jpg","C:\Users\d2rei\Documents\immich\library\library\admin\2019\2019-05-18\DEWED-154.jpg","1568582196.0","2551340","828f2b36577c392ddd3a1c85d3aaa4d2"
"DEWED-233.jpg","C:\Users\d2rei\Documents\immich\library\library\admin\2019\2019-05-18\DEWED-233.jpg","1568582196.0","9089163","695351cd016dbcce6b990362f562981b"
"DEWED-234.jpg","C:\Users\d2rei\Documents\immich\library\library\admin\2019\2019-05-18\DEWED-234.jpg","1568582196.0","8897262","bec176a754d28a9970643b718f3b7c1b"
"DEWED-144.jpg","C:\Users\d2rei\Documents\immich\library\library\admin\2019\2019-05-18\DEWED-144.jpg","1568582198.0","7845702","43115723420f9648e94a585f339f641a"
"DEWED-145.jpg","C:\Users\d2rei\Documents\immich\library\library\admin\2019\2019-05-18\DEWED-145.jpg","1568582198.0","7725670","db411f900110cee9f02866fe8ebac540"
"DEWED-47.jpg","C:\Users\d2rei\Documents\immich\library\library\admin\2019\2019-05-18\DEWED-47.jpg","1568582198.0","3107779","3182ed8e3fc06273b5de629efb85eac9"
"DEWED-54.jpg","C:\Users\d2rei\Documents\immich\library\library\admin\2019\2019-05-18\DEWED-54.jpg","1568582198.0","3803640","091d81d0906bd807c80fe65d5d65a5da"
"DEWED-75.jpg","C:\Users\d2rei\Documents\immich\library\library\admin\2019\2019-05-18\DEWED-75.jpg","1568582198.0","3681942","fd0754dd657d5789a05dc29c443db652"
"DEWED-78.jpg","C:\Users\d2rei\Documents\immich\library\library\admin\2019\2019-05-18\DEWED-78.jpg","1568582198.0","4399399","7051269fcba0c4ec15afdbded79b0ad7"
"DEWED-95.jpg","C:\Users\d2rei\Documents\immich\library\library\admin\2019\2019-05-18\DEWED-95.jpg","1568582198.0","3318475","3183d063e684642c4fcb1fc2b703b227"
"DEWED-37.jpg","C:\Users\d2rei\Documents\immich\library\library\admin\2019\2019-05-18\DEWED-37.jpg","1568582200.0","4978972","28c0f96c6be30acd3cfd98e164c632bd"
"DEWED-40.jpg","C:\Users\d2rei\Documents\immich\library\library\admin\2019\2019-05-18\DEWED-40.jpg","1568582200.0","4213929","b9fba01a6ab30bf1e257b52a6cd4e43e"
"DEWED-42.jpg","C:\Users\d2rei\Documents\immich\library\library\admin\2019\2019-05-18\DEWED-42.jpg","1568582200.0","4190099","077bd68d7d8660067fc0313e2050413d"
"DEWED-43.jpg","C:\Users\d2rei\Documents\immich\library\library\admin\2019\2019-05-18\DEWED-43.jpg","1568582200.0","4296157","20c84f0d776fe649ad1221fdab1b39e4"
"DEWED-32.jpg","C:\Users\d2rei\Documents\immich\library\library\admin\2019\2019-05-18\DEWED-32.jpg","1568582202.0","7264405","638d0b7cf71ceef214b1feaa2acd2286"
"images (1).png","C:\Users\d2rei\Documents\immich\library\library\admin\2019\2019-09-15\images (1).png","1568582202.0","392","ad446c8dea03fdcfc28beaec8a971be1"
"DSCF2795-2.jpg","C:\Users\d2rei\Documents\immich\library\library\admin\2019\2019-03-31\DSCF2795-2.jpg","1568582204.0","7241357","74874b4313063a6664da3264d1dc62e2"
"DSCF2814-2.jpg","C:\Users\d2rei\Documents\immich\library\library\admin\2019\2019-03-31\DSCF2814-2.jpg","1568582204.0","6148911","a3e51a93a178198e8e8d882f7a3eda4e"
"DSCF2836-2.jpg","C:\Users\d2rei\Documents\immich\library\library\admin\2019\2019-03-31\DSCF2836-2.jpg","1568582204.0","3753839","4e1198781576cfc0abc5aa17d50cedb1"
"DSCF2844-2.jpg","C:\Users\d2rei\Documents\immich\library\library\admin\2019\2019-03-31\DSCF2844-2.jpg","1568582204.0","3731990","5d3e7e85459d44801986ff57f3e913e8"
"DSCF2933-2.jpg","C:\Users\d2rei\Documents\immich\library\library\admin\2019\2019-03-31\DSCF2933-2.jpg","1568582204.0","3660062","42fe1b9336ddac2b15c949eca6134ffe"
"DSCF2610-2.jpg","C:\Users\d2rei\Documents\immich\library\library\admin\2019\2019-03-31\DSCF2610-2.jpg","1568582206.0","3728601","966e16840a2576d1f733c9dce062a51b"
"DSCF2710-2.jpg","C:\Users\d2rei\Documents\immich\library\library\admin\2019\2019-03-31\DSCF2710-2.jpg","1568582206.0","4349299","c5325bc9ac83bcd77a58994b4c9dd0bd"
"DSCF2720-2.jpg","C:\Users\d2rei\Documents\immich\library\library\admin\2019\2019-03-31\DSCF2720-2.jpg","1568582206.0","5048526","e353dcbf145d79a9c4f8c42b9e354746"
"DSCF2735-2.jpg","C:\Users\d2rei\Documents\immich\library\library\admin\2019\2019-03-31\DSCF2735-2.jpg","1568582206.0","3434002","9405054354b877b35b414f8183f0db39"
"DSCF2742-2.jpg","C:\Users\d2rei\Documents\immich\library\library\admin\2019\2019-03-31\DSCF2742-2.jpg","1568582206.0","4599863","503851b3caff51fb9bce86f90a0eb413"
"DSCF2773-2.jpg","C:\Users\d2rei\Documents\immich\library\library\admin\2019\2019-03-31\DSCF2773-2.jpg","1568582206.0","6786171","7d4610640094e3c86c12b77090b1529c"
"DSCF2486-2.jpg","C:\Users\d2rei\Documents\immich\library\library\admin\2019\2019-03-31\DSCF2486-2.jpg","1568583530.0","4672823","75d5a7298d6bb9a915cb6231a1da440b"
"DSCF2540-2.jpg","C:\Users\d2rei\Documents\immich\library\library\admin\2019\2019-03-31\DSCF2540-2.jpg","1568583530.0","4522542","2b66107f1621dde269b8094796a908d7"
"DSCF2541-2.jpg","C:\Users\d2rei\Documents\immich\library\library\admin\2019\2019-03-31\DSCF2541-2.jpg","1568583530.0","4579384","4a9689e105449983122163c58f15e336"
"DSCF2595-2.jpg","C:\Users\d2rei\Documents\immich\library\library\admin\2019\2019-03-31\DSCF2595-2.jpg","1568583530.0","3669444","f73456bb5d9720ef0180b43dcc934bc3"
"DSCF2599-2.jpg","C:\Users\d2rei\Documents\immich\library\library\admin\2019\2019-03-31\DSCF2599-2.jpg","1568583530.0","3706673","fead7d03a7137b92a39905ddbc401455"
"DSCF2209-2.jpg","C:\Users\d2rei\Documents\immich\library\library\admin\2019\2019-03-31\DSCF2209-2.jpg","1568583532.0","6243910","a0e3ade045920261941ea1bbbec3dc07"
"DSCF2244-2.jpg","C:\Users\d2rei\Documents\immich\library\library\admin\2019\2019-03-31\DSCF2244-2.jpg","1568583532.0","5673014","22a2a47118a77679e91c4c76ebaa1d6c"
"DSCF2258-2.jpg","C:\Users\d2rei\Documents\immich\library\library\admin\2019\2019-03-31\DSCF2258-2.jpg","1568583532.0","5499311","5c548d661040499f08136a19f25e5850"
"DSCF2293-2.jpg","C:\Users\d2rei\Documents\immich\library\library\admin\2019\2019-03-31\DSCF2293-2.jpg","1568583532.0","3439995","86a7369e7e4a6527f00a61498fbb0f85"
"DSCF2314-2.jpg","C:\Users\d2rei\Documents\immich\library\library\admin\2019\2019-03-31\DSCF2314-2.jpg","1568583532.0","5447945","603feb0911f51343c37e66ba4351cb16"
"DSCF2340-2.jpg","C:\Users\d2rei\Documents\immich\library\library\admin\2019\2019-03-31\DSCF2340-2.jpg","1568583532.0","4874458","9b3f9e8280edbcd4805a7d01464c955d"
"DSCF2387-2.jpg","C:\Users\d2rei\Documents\immich\library\library\admin\2019\2019-03-31\DSCF2387-2.jpg","1568583532.0","4339535","492432d156e514e5a9e2999e461cd36f"
"DSCF2437-2.jpg","C:\Users\d2rei\Documents\immich\library\library\admin\2019\2019-03-31\DSCF2437-2.jpg","1568583532.0","5093582","81cbd0f86b04f3768536e9244afaa029"
"DSCF1866-2.jpg","C:\Users\d2rei\Documents\immich\library\library\admin\2019\2019-03-31\DSCF1866-2.jpg","1568583534.0","5968583","ea8e514d2f4812c448aa0bf709d53dca"
"DSCF1984-2.jpg","C:\Users\d2rei\Documents\immich\library\library\admin\2019\2019-03-31\DSCF1984-2.jpg","1568583534.0","5246278","8e715dd26181a7572118f9683839fec5"
"DSCF2134-2.jpg","C:\Users\d2rei\Documents\immich\library\library\admin\2019\2019-03-31\DSCF2134-2.jpg","1568583534.0","2219705","928ca4b52b2bdf2a70b00d071ae1954a"
"DSCF2140-2.jpg","C:\Users\d2rei\Documents\immich\library\library\admin\2019\2019-03-31\DSCF2140-2.jpg","1568583534.0","4172074","5e8d7887e6b586c8744026a94eb1f557"
"DSCF2155-2.jpg","C:\Users\d2rei\Documents\immich\library\library\admin\2019\2019-03-31\DSCF2155-2.jpg","1568583534.0","4406644","4f958c7bdfc4356c29664f050c7fdca3"
"DSCF2196-2.jpg","C:\Users\d2rei\Documents\immich\library\library\admin\2019\2019-03-31\DSCF2196-2.jpg","1568583534.0","3765337","23909e5746ad1f1bc4efeda0afbbd31b"
"DSCF1191-2.jpg","C:\Users\d2rei\Documents\immich\library\library\admin\2019\2019-03-31\DSCF1191-2.jpg","1568583536.0","3777843","2464980f34bf4621479d6dbf16f633d6"
"DSCF1235-2.jpg","C:\Users\d2rei\Documents\immich\library\library\admin\2019\2019-03-31\DSCF1235-2.jpg","1568583536.0","4913345","0fe5817cdc35052886b555a09ea3a3f8"
"DSCF1339-2.jpg","C:\Users\d2rei\Documents\immich\library\library\admin\2019\2019-03-31\DSCF1339-2.jpg","1568583536.0","3868973","bda9224865c8e55e818256a03ed00dad"
"DSCF1372-2.jpg","C:\Users\d2rei\Documents\immich\library\library\admin\2019\2019-03-31\DSCF1372-2.jpg","1568583536.0","4033099","dbaaf957b8c237759b16d6f9f6928d8e"
"DSCF1379-2.jpg","C:\Users\d2rei\Documents\immich\library\library\admin\2019\2019-03-31\DSCF1379-2.jpg","1568583536.0","3804651","772507d9645cf448ede7408279ae7dbd"
"DSCF1395-2.jpg","C:\Users\d2rei\Documents\immich\library\library\admin\2019\2019-03-31\DSCF1395-2.jpg","1568583536.0","4307290","50585b23dc7e9a95b515aca876a8cf54"
"DSCF1430-2.jpg","C:\Users\d2rei\Documents\immich\library\library\admin\2019\2019-03-31\DSCF1430-2.jpg","1568583536.0","4079568","cf57c318b95a68865a11802d852c7fa7"
"DSCF0916-2.jpg","C:\Users\d2rei\Documents\immich\library\library\admin\2019\2019-03-31\DSCF0916-2.jpg","1568583538.0","8224832","a93d08aaff0c4fd209077f1bb2c70268"
"DSCF0926-2.jpg","C:\Users\d2rei\Documents\immich\library\library\admin\2019\2019-03-31\DSCF0926-2.jpg","1568583538.0","3428283","8d962ae4c5e6be076b29fb18abb5e36e"
"DSCF1024-2.jpg","C:\Users\d2rei\Documents\immich\library\library\admin\2019\2019-03-31\DSCF1024-2.jpg","1568583538.0","3839446","2c3d4066cc2ced4409cf5cf85431fd8e"
"DSCF1070-2.jpg","C:\Users\d2rei\Documents\immich\library\library\admin\2019\2019-03-31\DSCF1070-2.jpg","1568583538.0","4966863","e4221243bd61241bdd664c78d0b7f3cb"
"DSCF1074-2.jpg","C:\Users\d2rei\Documents\immich\library\library\admin\2019\2019-03-31\DSCF1074-2.jpg","1568583538.0","4423836","d3df12d0cd496faa1d8492114c373cad"
"DSCF1187-2.jpg","C:\Users\d2rei\Documents\immich\library\library\admin\2019\2019-03-31\DSCF1187-2.jpg","1568583538.0","4006307","cbc80d21d64a1cd8f1c40bac235f1657"
"IMG_1713.jpg","C:\Users\d2rei\Documents\immich\library\library\admin\2019\2019-09-15\IMG_1713.jpg","1568583538.0","307083","d6658cdd63a17d5e885827acc2b7e54e"
"IMG_1187.jpg","C:\Users\d2rei\Documents\immich\library\library\admin\2019\2019-09-15\IMG_1187.jpg","1568583542.0","392760","76e58af26d92f5c7bbf4697129590e55"
"final mosaic - Copy.jpg","C:\Users\d2rei\Documents\immich\library\library\admin\2019\2019-02-11\final mosaic - Copy.jpg","1568583544.0","19025238","da7c338272c7c8b757a357d0b7717956"
"1200px-Moon_names.svg.png","C:\Users\d2rei\Documents\immich\library\library\admin\2019\2019-09-15\1200px-Moon_names.svg.png","1568583566.0","465195","1c6cf094ecb5c1e5b86a3124cb7332f4"
"How-To-Build-A-Log-Cabin-Infographic.png","C:\Users\d2rei\Documents\immich\library\library\admin\2019\2019-09-15\How-To-Build-A-Log-Cabin-Infographic.png","1568583566.0","2268394","a83481b25032cd2f2bef57c1401f4ec9"
"images.png","C:\Users\d2rei\Documents\immich\library\library\admin\2019\2019-09-15\images.png","1568583566.0","27602","0e2dba6e14a124d60e32406f17f61cf4"
"HI9A0194.jpg","C:\Users\d2rei\Documents\immich\library\library\admin\2018\2018-09-07\HI9A0194.jpg","1568583570.0","3046069","f97251ccac9736ffd78289fe68886768"
"IMG_0205.jpg","C:\Users\d2rei\Documents\immich\library\library\admin\2019\2019-09-15\IMG_0205.jpg","1568583582.0","377983","129bff1a27fb66d5a876ef7bca8dc22a"
"IMG_0253.jpg","C:\Users\d2rei\Documents\immich\library\library\admin\2019\2019-09-15\IMG_0253.jpg","1568583582.0","169170","e0f61af8750a1dfc6127b3b7d6a78b7c"
"APCOmx2.png","C:\Users\d2rei\Documents\immich\library\library\admin\2019\2019-09-15\APCOmx2.png","1568583662.0","464906","eb7ac7a780a5ce8b79c088190bab7d19"
"e5ZtahJ.jpg","C:\Users\d2rei\Documents\immich\library\library\admin\2019\2019-09-15\e5ZtahJ.jpg","1568583662.0","5109680","2db28a8599df75dfd8ac4facba01b1fd"
"goEgDop.png","C:\Users\d2rei\Documents\immich\library\library\admin\2019\2019-09-15\goEgDop.png","1568583662.0","123532","96d4cb9820d18ed62851287311f92deb"
"JA4zsGu.png","C:\Users\d2rei\Documents\immich\library\library\admin\2019\2019-09-15\JA4zsGu.png","1568583662.0","1743502","aaa151c309d38db01a853d7289c2cff3"
"mnMDG2x.png","C:\Users\d2rei\Documents\immich\library\library\admin\2019\2019-09-15\mnMDG2x.png","1568583662.0","4432186","e87e915e00b57f823fcd37dc5d0c4fa5"
"nytwF2u.png","C:\Users\d2rei\Documents\immich\library\library\admin\2019\2019-09-15\nytwF2u.png","1568583662.0","750232","9ae4b4c78ea223ca8a6167fdea364985"
"rJ4gIcM.png","C:\Users\d2rei\Documents\immich\library\library\admin\2019\2019-09-15\rJ4gIcM.png","1568583662.0","486501","1e0716a9d15fb52f3bd58c2bde2c92fb"
"Yglcw14.png","C:\Users\d2rei\Documents\immich\library\library\admin\2019\2019-09-15\Yglcw14.png","1568583662.0","2795513","db4b2ad3237803e8eefafe626a4dc6fe"
"yOM55K8.png","C:\Users\d2rei\Documents\immich\library\library\admin\2019\2019-09-15\yOM55K8.png","1568583662.0","348059","42e10a29ff3f24f374961caab17cea85"
"w5YQ3qQ.png","C:\Users\d2rei\Documents\immich\library\library\admin\2019\2019-09-15\w5YQ3qQ.png","1568583664.0","1192533","0432ae6175838063ef1cbe8ab1ef2e18"
"wrxq99F.png","C:\Users\d2rei\Documents\immich\library\library\admin\2019\2019-09-15\wrxq99F.png","1568583664.0","198721","3761881d39fcf3e7c2bcbd5d683fcdc4"
"7TUKnHy.png","C:\Users\d2rei\Documents\immich\library\library\admin\2019\2019-09-15\7TUKnHy.png","1568583666.0","32567","0e221334b0afcdf7eec22af6039afc35"
"fxx4N6o.png","C:\Users\d2rei\Documents\immich\library\library\admin\2019\2019-09-15\fxx4N6o.png","1568583666.0","54322","0a79fd303c5d0766189274de556248bc"
"k0gqkG9.png","C:\Users\d2rei\Documents\immich\library\library\admin\2019\2019-09-15\k0gqkG9.png","1568583666.0","604093","b4a2143ef0752726923e9b5078cae643"
"LMILyNv.png","C:\Users\d2rei\Documents\immich\library\library\admin\2019\2019-09-15\LMILyNv.png","1568583666.0","365247","04a7401e18e19e3fba34522cea8811bc"
"n9T8xEJ.png","C:\Users\d2rei\Documents\immich\library\library\admin\2019\2019-09-15\n9T8xEJ.png","1568583666.0","1906598","b63c2d347806ab85875eb81eaac339ee"
"RBiI8U2.png","C:\Users\d2rei\Documents\immich\library\library\admin\2019\2019-09-15\RBiI8U2.png","1568583666.0","1047952","b5280616114c966490d3cece1a175000"
"sOwaSkS.png","C:\Users\d2rei\Documents\immich\library\library\admin\2019\2019-09-15\sOwaSkS.png","1568583666.0","292379","a94215d20f5055549336ed10154ebc00"
"xk2A8u0.png","C:\Users\d2rei\Documents\immich\library\library\admin\2019\2019-09-15\xk2A8u0.png","1568583666.0","4354005","16f8b04a2368757655f528750a689eee"
"BQzEx5G.png","C:\Users\d2rei\Documents\immich\library\library\admin\2019\2019-09-15\BQzEx5G.png","1568583668.0","378007","516c038f67f5978f5aa677b5d0aee09d"
"cLhueGW.png","C:\Users\d2rei\Documents\immich\library\library\admin\2019\2019-09-15\cLhueGW.png","1568583668.0","139892","3e8cb2d95fcc4e1052f95260bd31a493"
"HKNeCZN.png","C:\Users\d2rei\Documents\immich\library\library\admin\2019\2019-09-15\HKNeCZN.png","1568583668.0","750755","2dfc615aa95ca67bbc833b9efae41b40"
"Lfe6KVm.png","C:\Users\d2rei\Documents\immich\library\library\admin\2019\2019-09-15\Lfe6KVm.png","1568583668.0","735824","65b0260b488aad3b13cf3dfc49120d29"
"Ulgwduv.png","C:\Users\d2rei\Documents\immich\library\library\admin\2019\2019-09-15\Ulgwduv.png","1568583668.0","362388","8b21afe16986afa75fdd44375a5bf794"
"VFjamHw.png","C:\Users\d2rei\Documents\immich\library\library\admin\2019\2019-09-15\VFjamHw.png","1568583668.0","89733","7b51a3a31f757b4b425ceb0ee179e454"
"40aEjfb.png","C:\Users\d2rei\Documents\immich\library\library\admin\2019\2019-09-15\40aEjfb.png","1568583670.0","455471","7accfc0b432101af50f68e4b29aa92f6"
"BdFLQW3.jpg","C:\Users\d2rei\Documents\immich\library\library\admin\2019\2019-09-15\BdFLQW3.jpg","1568583670.0","3054656","54943f5f3259479379e89a91193ecb2d"
"cI4FqX1.png","C:\Users\d2rei\Documents\immich\library\library\admin\2019\2019-09-15\cI4FqX1.png","1568583670.0","275128","3557e4ffbcd02ecad51d0953e7353877"
"cqK8bpq.jpg","C:\Users\d2rei\Documents\immich\library\library\admin\2019\2019-09-15\cqK8bpq.jpg","1568583670.0","4542227","aca64faa9186cdb556b1fd4c119184e1"
"gMIX7x4.png","C:\Users\d2rei\Documents\immich\library\library\admin\2019\2019-09-15\gMIX7x4.png","1568583670.0","933570","64001bd278530ad578e53b19d1c2b056"
"5k6847h.png","C:\Users\d2rei\Documents\immich\library\library\admin\2019\2019-09-15\5k6847h.png","1568583674.0","489898","e8a38f7089bcf609c759cb872e1c20b8"
"Ec2o2y2.png","C:\Users\d2rei\Documents\immich\library\library\admin\2019\2019-09-15\Ec2o2y2.png","1568583674.0","312102","e7a16cfcc5cdfcf65792d4ce8a6e5e65"
"J0XuuOf.png","C:\Users\d2rei\Documents\immich\library\library\admin\2019\2019-09-15\J0XuuOf.png","1568583674.0","47089","ef22bbbd06f54147fab53b071186898a"
"Kwqiju2.png","C:\Users\d2rei\Documents\immich\library\library\admin\2019\2019-09-15\Kwqiju2.png","1568583674.0","771281","0356b2cfdec1a29a9a3d59d83b08cc65"
"WyaFX0S.png","C:\Users\d2rei\Documents\immich\library\library\admin\2019\2019-09-15\WyaFX0S.png","1568583674.0","1048051","89779870a6b69f5cf4e26e77dccf3138"
"z2J5npL.png","C:\Users\d2rei\Documents\immich\library\library\admin\2019\2019-09-15\z2J5npL.png","1568583674.0","204526","f4c81acb4c01ec0fb0015d9aed4fe7f8"
"3RY8rs9.jpg","C:\Users\d2rei\Documents\immich\library\library\admin\2019\2019-09-15\3RY8rs9.jpg","1568583676.0","3635662","b463cb9a5d29556075783cc0c84a765b"
"48jUYbd.jpg","C:\Users\d2rei\Documents\immich\library\library\admin\2019\2019-09-15\48jUYbd.jpg","1568583676.0","4676985","f664c12b64bbe6c23f5e2aeecb06406b"
"G58VGcz.png","C:\Users\d2rei\Documents\immich\library\library\admin\2019\2019-09-15\G58VGcz.png","1568583676.0","1755598","5593620029838ec071bfe938660d6e54"
"QJ9pQ8W.png","C:\Users\d2rei\Documents\immich\library\library\admin\2019\2019-09-15\QJ9pQ8W.png","1568583676.0","614343","eff4a817cfd3ba46f8da3f2adf02fe30"
"rDap5Fr.png","C:\Users\d2rei\Documents\immich\library\library\admin\2019\2019-09-15\rDap5Fr.png","1568583676.0","1730981","51a9630b9fc5168a8adcc80becd2c300"
"3H6f3T0.png","C:\Users\d2rei\Documents\immich\library\library\admin\2019\2019-09-15\3H6f3T0.png","1568583678.0","457526","1cb309a63aebed5b5e4ca1c33a5929f3"
"6eZhrhn.png","C:\Users\d2rei\Documents\immich\library\library\admin\2019\2019-09-15\6eZhrhn.png","1568583678.0","85496","fd5abe1fc80a432960f9cd0ba6edae4b"
"9jghIEl.png","C:\Users\d2rei\Documents\immich\library\library\admin\2019\2019-09-15\9jghIEl.png","1568583678.0","90174","5b234a822e3f7e485ad82070b9e3996f"
"AtsgUp8.png","C:\Users\d2rei\Documents\immich\library\library\admin\2019\2019-09-15\AtsgUp8.png","1568583678.0","504594","06e66f38f3c1d72f68c0b17ab1337429"
"gFOZtY2.png","C:\Users\d2rei\Documents\immich\library\library\admin\2019\2019-09-15\gFOZtY2.png","1568583678.0","1774338","5116315d60e439888dd7dc676799f3b8"
"gibRY69.png","C:\Users\d2rei\Documents\immich\library\library\admin\2019\2019-09-15\gibRY69.png","1568583678.0","59460","6ae09d9c6402715a4041cba8ea768d69"
"jham87V.png","C:\Users\d2rei\Documents\immich\library\library\admin\2019\2019-09-15\jham87V.png","1568583678.0","42999","99e892f0ce06b80fab682eca6a0fb23e"
"kYBTLg6.png","C:\Users\d2rei\Documents\immich\library\library\admin\2019\2019-09-15\kYBTLg6.png","1568583678.0","3930162","ffdbc65836b5d0b2035659cc54882036"
"l8nKx11.png","C:\Users\d2rei\Documents\immich\library\library\admin\2019\2019-09-15\l8nKx11.png","1568583678.0","117953","44e20ad35f624d41e3ba815702e5bf5a"
"lq6QBOo.png","C:\Users\d2rei\Documents\immich\library\library\admin\2019\2019-09-15\lq6QBOo.png","1568583678.0","1019336","c118268bbe938f091db25d75bd9b62a8"
"qINMAKT.png","C:\Users\d2rei\Documents\immich\library\library\admin\2019\2019-09-15\qINMAKT.png","1568583678.0","249519","4454861f07d772cbce841846a3c28c92"
"Rv2NzKb.png","C:\Users\d2rei\Documents\immich\library\library\admin\2019\2019-09-15\Rv2NzKb.png","1568583678.0","71055","6a07237b92a6553890dd002d716a24bf"
"sxCijmf.png","C:\Users\d2rei\Documents\immich\library\library\admin\2019\2019-09-15\sxCijmf.png","1568583678.0","708934","2372619960119412e98a557767df4409"
"XjAaMU9.png","C:\Users\d2rei\Documents\immich\library\library\admin\2019\2019-09-15\XjAaMU9.png","1568583678.0","939016","f4620eddd8f5084f37a354fd5910141e"
"Yc7WuHu.png","C:\Users\d2rei\Documents\immich\library\library\admin\2019\2019-09-15\Yc7WuHu.png","1568583678.0","612686","e99506b6167fac46d5100960fc2156e7"
"YUJPxoB.png","C:\Users\d2rei\Documents\immich\library\library\admin\2019\2019-09-15\YUJPxoB.png","1568583678.0","68179","f4bf7c805e679faf1cced17af5af3667"
"AuJsm9O-1.png","C:\Users\d2rei\Documents\immich\library\library\admin\2019\2019-09-15\AuJsm9O-1.png","1568584017.0","100894","61b91edf13a91f15bea52f6d5156ef62"
"YcLg8fm-1.png","C:\Users\d2rei\Documents\immich\library\library\admin\2019\2019-09-15\YcLg8fm-1.png","1568584044.0","63109","bc0c5b24d82db2fab945d2d35ae84f1d"
"AH6WoaW.png","C:\Users\d2rei\Documents\immich\library\library\admin\2019\2019-09-20\AH6WoaW.png","1568983192.0","1023331","e7d1fc6d0f7a5fd54b9a1503ac8fa091"
"65X3ndL.jpg","C:\Users\d2rei\Documents\immich\library\library\admin\2019\2019-09-23\65X3ndL.jpg","1569235525.0","4382429","62083e915ad6799d8af07b98520800ed"
"u0wDJyQ.png","C:\Users\d2rei\Documents\immich\library\library\admin\2019\2019-10-17\u0wDJyQ.png","1571310748.0","114888","a25eb9df87b950841fe8c6939481d29f"
"FnxiFZs.png","C:\Users\d2rei\Documents\immich\library\library\admin\2019\2019-11-10\FnxiFZs.png","1573383952.0","269699","0cc077d17a403abe7450a9dc7d902855"
"IMG_2132.jpg","C:\Users\d2rei\Documents\immich\library\library\admin\2017\2017-11-09\IMG_2132.jpg","1573525082.0","3718082","1784a3bc34e1debd60c29ee51ed740fa"
"IMG_2138.jpg","C:\Users\d2rei\Documents\immich\library\library\admin\2017\2017-11-09\IMG_2138.jpg","1573525082.0","3517024","caa32763c549a9cd618f2f89f4a897c4"
"IMG_2169.jpg","C:\Users\d2rei\Documents\immich\library\library\admin\2017\2017-11-09\IMG_2169.jpg","1573525082.0","3252752","762160e62790edf2b304c9288e94e22f"
"IMG_2178.jpg","C:\Users\d2rei\Documents\immich\library\library\admin\2017\2017-11-09\IMG_2178.jpg","1573525082.0","2367008","5abbcbb8c848c0889b23f5a951fc4295"
"IMG_2181.jpg","C:\Users\d2rei\Documents\immich\library\library\admin\2017\2017-11-09\IMG_2181.jpg","1573525084.0","3208998","95ef0e38237f9b98b19fdb9deb9636d1"
"IMG_2259.jpg","C:\Users\d2rei\Documents\immich\library\library\admin\2017\2017-11-10\IMG_2259.jpg","1573525084.0","4333337","28f50124c6203c44339eab1341115973"
"IMG_2397.jpg","C:\Users\d2rei\Documents\immich\library\library\admin\2017\2017-11-12\IMG_2397.jpg","1573525084.0","1355907","06ab0b576a0fda35d3f532e46d72e87e"
"IMG_2502.jpg","C:\Users\d2rei\Documents\immich\library\library\admin\2017\2017-11-15\IMG_2502.jpg","1573525084.0","1285394","a280fffbc87b8443512a3feeb7e84cd0"
"five_day_forecast.png","C:\Users\d2rei\Documents\immich\library\library\admin\2012\2012-03-20\five_day_forecast.png","1573525332.0","92537","9746dcd8788c5d5a9da76872c6045cfc"
"flashlights.png","C:\Users\d2rei\Documents\immich\library\library\admin\2012\2012-03-20\flashlights.png","1573525348.0","60161","82833b7d60b880fe4ce8d5460b840881"
"git.png","C:\Users\d2rei\Documents\immich\library\library\admin\2012\2012-03-20\git.png","1573525368.0","48767","d28f46654cd788d9c8e29a04bf1bf2f2"
"1 (5).png","C:\Users\d2rei\Documents\immich\library\library\admin\2019\2019-11-12\1 (5).png","1573525468.0","27133","8ca375864331ad3b19cdd5b07ad9afa0"
"1 (6).png","C:\Users\d2rei\Documents\immich\library\library\admin\2019\2019-11-12\1 (6).png","1573525468.0","19097","8333ce8b9c7e051553f257623961757f"
"1 (7).png","C:\Users\d2rei\Documents\immich\library\library\admin\2019\2019-11-12\1 (7).png","1573525468.0","322145","cce0a5f9070afb7a200093ca5febd7f4"
"2.png","C:\Users\d2rei\Documents\immich\library\library\admin\2019\2019-11-12\2.png","1573525472.0","515367","fb9fdfc4870b253600b0058432ecd06c"
"2 (2).png","C:\Users\d2rei\Documents\immich\library\library\admin\2019\2019-11-12\2 (2).png","1573525474.0","25414","bcb85048b23b18abe24ec1bda272d1c5"
"2 (3).png","C:\Users\d2rei\Documents\immich\library\library\admin\2019\2019-11-12\2 (3).png","1573525474.0","27420","2bc0673c80059ab52dd7f220c1690756"
"2 (4).png","C:\Users\d2rei\Documents\immich\library\library\admin\2019\2019-11-12\2 (4).png","1573525476.0","26930","b4c9d375b9c5bcf747c54faddfeddc1a"
"2 (5).png","C:\Users\d2rei\Documents\immich\library\library\admin\2019\2019-11-12\2 (5).png","1573525476.0","27488","930e24fc96c974dcaff5907aa240a7ea"
"2 (6).png","C:\Users\d2rei\Documents\immich\library\library\admin\2019\2019-11-12\2 (6).png","1573525478.0","24359","e5f4f0f0112a7eb439e039bfa4c05ab7"
"2 (7).png","C:\Users\d2rei\Documents\immich\library\library\admin\2019\2019-11-12\2 (7).png","1573525478.0","62372","18faaa3d9f61961afc3a55386cce01f1"
"3.png","C:\Users\d2rei\Documents\immich\library\library\admin\2019\2019-11-12\3.png","1573525480.0","502925","945e816f2c1554859d93c82a62ded5b5"
"3 (2).png","C:\Users\d2rei\Documents\immich\library\library\admin\2019\2019-11-12\3 (2).png","1573525482.0","23762","a3a201a1faf9ead8f078979063a1ec63"
"3 (3).png","C:\Users\d2rei\Documents\immich\library\library\admin\2019\2019-11-12\3 (3).png","1573525482.0","16066","b930ee9ec527d88c3069057a9db1e3aa"
"3 (4).png","C:\Users\d2rei\Documents\immich\library\library\admin\2019\2019-11-12\3 (4).png","1573525482.0","19851","90c0232844ae2e8029bce7461bbc781c"
"3 (5).png","C:\Users\d2rei\Documents\immich\library\library\admin\2019\2019-11-12\3 (5).png","1573525484.0","598419","17bf27925a1059c13c93c9ac6317f5ee"
"3 (6).png","C:\Users\d2rei\Documents\immich\library\library\admin\2019\2019-11-12\3 (6).png","1573525484.0","438015","a3cd4ca1dac7ce1d30e6f2c5eb058f91"
"3 (7).png","C:\Users\d2rei\Documents\immich\library\library\admin\2019\2019-11-12\3 (7).png","1573525484.0","8260","81ff24332a4baf48c640ca12a03ce876"
"4 (2).png","C:\Users\d2rei\Documents\immich\library\library\admin\2019\2019-11-12\4 (2).png","1573525486.0","279967","ef6aeb2c9f16eb8326dcb3b504545428"
"4 (3).png","C:\Users\d2rei\Documents\immich\library\library\admin\2019\2019-11-12\4 (3).png","1573525486.0","20640","9dff09d83054bcfeee09ba7e81afb3a0"
"4 (4).png","C:\Users\d2rei\Documents\immich\library\library\admin\2019\2019-11-12\4 (4).png","1573525488.0","26511","f1473355aea00e2cfe4482984858b605"
"4 (5).png","C:\Users\d2rei\Documents\immich\library\library\admin\2019\2019-11-12\4 (5).png","1573525488.0","24971","f06da082f950d6d0b46346db1806acc9"
"4 (6).png","C:\Users\d2rei\Documents\immich\library\library\admin\2019\2019-11-12\4 (6).png","1573525488.0","49168","a0e3e50a76d7cc2216a9868f975a51eb"
"5.png","C:\Users\d2rei\Documents\immich\library\library\admin\2019\2019-11-12\5.png","1573525490.0","309181","10e75a36d192962a7b0855c1142efb1c"
"5 (2).png","C:\Users\d2rei\Documents\immich\library\library\admin\2019\2019-11-12\5 (2).png","1573525492.0","480025","06c5fd51dd31a524c921859d882ee6ba"
"5 (3).png","C:\Users\d2rei\Documents\immich\library\library\admin\2019\2019-11-12\5 (3).png","1573525492.0","18261","01389e741645391d8cf29290020cd1cd"
"5 (4).png","C:\Users\d2rei\Documents\immich\library\library\admin\2019\2019-11-12\5 (4).png","1573525494.0","19647","55b1e9e28396d0a14f348cecbb519399"
"5 (5).png","C:\Users\d2rei\Documents\immich\library\library\admin\2019\2019-11-12\5 (5).png","1573525494.0","147511","5f556fd05964a9a8f54408e8bfc9f511"
"5 (6).png","C:\Users\d2rei\Documents\immich\library\library\admin\2019\2019-11-12\5 (6).png","1573525494.0","26884","d7ce2c9dd8083090e5f1c9e2a045bbbd"
"6 (2).png","C:\Users\d2rei\Documents\immich\library\library\admin\2019\2019-11-12\6 (2).png","1573525496.0","10352","7ab44bdac891f7d9ac4e0a648a946825"
"6.png","C:\Users\d2rei\Documents\immich\library\library\admin\2019\2019-11-12\6.png","1573525496.0","430330","e32bdb53852b5c95629667f621a4ad5d"
"6 (3).png","C:\Users\d2rei\Documents\immich\library\library\admin\2019\2019-11-12\6 (3).png","1573525498.0","25975","1a302cb96afc2a231ab31772d3250d01"
"6 (4).png","C:\Users\d2rei\Documents\immich\library\library\admin\2019\2019-11-12\6 (4).png","1573525498.0","9280","f140628cad139684cfa1bea31c2f4280"
"6 (5).png","C:\Users\d2rei\Documents\immich\library\library\admin\2019\2019-11-12\6 (5).png","1573525498.0","15220","e9cab7bdb395eb0c8518badfffadcfb6"
"6 (6).png","C:\Users\d2rei\Documents\immich\library\library\admin\2019\2019-11-12\6 (6).png","1573525500.0","18633","4e56f2ead9533a79a5a80f0b5fbb586f"
"6gwsvgf.png","C:\Users\d2rei\Documents\immich\library\library\admin\2019\2019-11-12\6gwsvgf.png","1573525500.0","187133","dd6697b11fb4933e1acda6e004bd3344"
"7 (2).png","C:\Users\d2rei\Documents\immich\library\library\admin\2019\2019-11-12\7 (2).png","1573525502.0","10656","0e02f9d2eaef4327aff2c4ca01badebb"
"7 (3).png","C:\Users\d2rei\Documents\immich\library\library\admin\2019\2019-11-12\7 (3).png","1573525502.0","23476","fb03e12856f897d026e30ace0b3f36a5"
"7.png","C:\Users\d2rei\Documents\immich\library\library\admin\2019\2019-11-12\7.png","1573525502.0","10166","5c57eafc89dc7170ade54af5ed76a3aa"
"7 (4).png","C:\Users\d2rei\Documents\immich\library\library\admin\2019\2019-11-12\7 (4).png","1573525504.0","22423","dd4e8e01454fe85c13a535789b9aebf1"
"7 (5).png","C:\Users\d2rei\Documents\immich\library\library\admin\2019\2019-11-12\7 (5).png","1573525504.0","25216","88ecbcd9d41d6ae83e8ff52b594443a1"
"8.png","C:\Users\d2rei\Documents\immich\library\library\admin\2019\2019-11-12\8.png","1573525506.0","563787","1103acc3c193c8cd1a54fc4dd7ac9c1b"
"8 (2).png","C:\Users\d2rei\Documents\immich\library\library\admin\2019\2019-11-12\8 (2).png","1573525508.0","300328","4a0899472ff0988d0d7ca505f924954d"
"8 (3).png","C:\Users\d2rei\Documents\immich\library\library\admin\2019\2019-11-12\8 (3).png","1573525508.0","8373","e95fc99c63d14dbd9700acda8bc8f150"
"8 (4).png","C:\Users\d2rei\Documents\immich\library\library\admin\2019\2019-11-12\8 (4).png","1573525510.0","27878","40d1f581ee8dd01b4a686ef48212d5ae"
"8 (5).png","C:\Users\d2rei\Documents\immich\library\library\admin\2019\2019-11-12\8 (5).png","1573525510.0","27301","9105957a3baa9785f851e9849b215d29"
"9.png","C:\Users\d2rei\Documents\immich\library\library\admin\2019\2019-11-12\9.png","1573525516.0","391225","076fa5798a16d4b0e07a56aa5dbd5e5d"
"9 (2).png","C:\Users\d2rei\Documents\immich\library\library\admin\2019\2019-11-12\9 (2).png","1573525518.0","32770","c2727b7c1430a95bfe069d42c3eda00d"
"9 (3).png","C:\Users\d2rei\Documents\immich\library\library\admin\2019\2019-11-12\9 (3).png","1573525518.0","26470","fabe43f8358d02c085a927c9c36095c2"
"9 (4).png","C:\Users\d2rei\Documents\immich\library\library\admin\2019\2019-11-12\9 (4).png","1573525518.0","296836","29311a357103834cf0e7b3c747f39897"
"10.png","C:\Users\d2rei\Documents\immich\library\library\admin\2019\2019-11-12\10.png","1573525520.0","31113","6e47cc84d98bd69c7fb07696cbe26de6"
"10 (2).png","C:\Users\d2rei\Documents\immich\library\library\admin\2019\2019-11-12\10 (2).png","1573525522.0","22164","0b7686f085d4ca649fae71297b3234d0"
"10 (3).png","C:\Users\d2rei\Documents\immich\library\library\admin\2019\2019-11-12\10 (3).png","1573525522.0","26324","82c3c288f02dadca4f02cb6f2b2f19f8"
"11 (2).png","C:\Users\d2rei\Documents\immich\library\library\admin\2019\2019-11-12\11 (2).png","1573525524.0","22266","2c0cc6648feaaa6b4e760be8370e570a"
"11.png","C:\Users\d2rei\Documents\immich\library\library\admin\2019\2019-11-12\11.png","1573525524.0","26323","108a66dbd8232f2c65ef4d47304e81ac"
"11 (3).png","C:\Users\d2rei\Documents\immich\library\library\admin\2019\2019-11-12\11 (3).png","1573525526.0","24311","7e5e8beb594039d58beb185e378e2976"
"12 (2).png","C:\Users\d2rei\Documents\immich\library\library\admin\2019\2019-11-12\12 (2).png","1573525528.0","195055","944a2b237fbb424ff17a26e1c496f781"
"12.png","C:\Users\d2rei\Documents\immich\library\library\admin\2019\2019-11-12\12.png","1573525528.0","15967","443c2feef1d2ff6092fd380775fe96cf"
"12 (3).png","C:\Users\d2rei\Documents\immich\library\library\admin\2019\2019-11-12\12 (3).png","1573525530.0","19248","8604b256eb0ebfd74eb21b56267e369f"
"12 (4).png","C:\Users\d2rei\Documents\immich\library\library\admin\2019\2019-11-12\12 (4).png","1573525530.0","13957","41abe585529b4159b9266d0224fa9a9f"
"12 (5).png","C:\Users\d2rei\Documents\immich\library\library\admin\2019\2019-11-12\12 (5).png","1573525530.0","18705","f26eb575c59fff61a4af70cf631839f8"
"13 (2).png","C:\Users\d2rei\Documents\immich\library\library\admin\2019\2019-11-12\13 (2).png","1573525532.0","26833","40ad20b2ed621698475e04b26ecd129a"
"13.png","C:\Users\d2rei\Documents\immich\library\library\admin\2019\2019-11-12\13.png","1573525532.0","14913","ccd891dce4228a1c022ed3328f56caad"
"13 (3).png","C:\Users\d2rei\Documents\immich\library\library\admin\2019\2019-11-12\13 (3).png","1573525534.0","22327","1d9ff73567ae16bfca093451288d0b43"
"13 (4).png","C:\Users\d2rei\Documents\immich\library\library\admin\2019\2019-11-12\13 (4).png","1573525534.0","19114","9614b030fb4634f761d1122119953228"
"13 (5).png","C:\Users\d2rei\Documents\immich\library\library\admin\2019\2019-11-12\13 (5).png","1573525534.0","27042","5b97ed421b50cfe273f4e363443a980b"
"14 (2).png","C:\Users\d2rei\Documents\immich\library\library\admin\2019\2019-11-12\14 (2).png","1573525536.0","588478","6550042e59a82f0cfd738e6170480fb6"
"14.png","C:\Users\d2rei\Documents\immich\library\library\admin\2019\2019-11-12\14.png","1573525536.0","15825","4baf2ea45fb6d52c06092e553156c637"
"14 (3).png","C:\Users\d2rei\Documents\immich\library\library\admin\2019\2019-11-12\14 (3).png","1573525538.0","4473","bf8c3f4be81c81f99bd5d3f4e6b60210"
"14 (4).png","C:\Users\d2rei\Documents\immich\library\library\admin\2019\2019-11-12\14 (4).png","1573525538.0","32721","21153978d979eedb7381b087eed4d6c0"
"14 (5).png","C:\Users\d2rei\Documents\immich\library\library\admin\2019\2019-11-12\14 (5).png","1573525540.0","23421","8dcce5d0b144c3a72f40bdeda2f32ef5"
"15.png","C:\Users\d2rei\Documents\immich\library\library\admin\2019\2019-11-12\15.png","1573525540.0","16819","6fa676bf83084711b5ef0a6b73302833"
"15 (2).png","C:\Users\d2rei\Documents\immich\library\library\admin\2019\2019-11-12\15 (2).png","1573525542.0","418132","f0bf647d73442cfe0635ec3a13d61c5d"
"15 (3).png","C:\Users\d2rei\Documents\immich\library\library\admin\2019\2019-11-12\15 (3).png","1573525542.0","24409","16767b7c6bce617594ece7fb1f134014"
"15 (4).png","C:\Users\d2rei\Documents\immich\library\library\admin\2019\2019-11-12\15 (4).png","1573525544.0","13467","7d2e0f870355b1ffe3b78de4aa6ad84a"
"16.png","C:\Users\d2rei\Documents\immich\library\library\admin\2019\2019-11-12\16.png","1573525546.0","25474","2754e2a3317a4ab18595fb44deb86bf2"
"16 (2).png","C:\Users\d2rei\Documents\immich\library\library\admin\2019\2019-11-12\16 (2).png","1573525554.0","24194","a716ea972768b640a75987a7df023f84"
"17.png","C:\Users\d2rei\Documents\immich\library\library\admin\2019\2019-11-12\17.png","1573525560.0","621935","25f60a0d1d0e89bcc1653bc2cd2ba39e"
"17 (2).png","C:\Users\d2rei\Documents\immich\library\library\admin\2019\2019-11-12\17 (2).png","1573525564.0","27171","e121204b14885f2b2af8a65c0faeeb75"
"17 (3).png","C:\Users\d2rei\Documents\immich\library\library\admin\2019\2019-11-12\17 (3).png","1573525566.0","23941","49e8deab473f18a3ab8dd1453e312fe7"
"18.png","C:\Users\d2rei\Documents\immich\library\library\admin\2019\2019-11-12\18.png","1573525568.0","136624","3e3eb575ae0d624eaa50a4b72e81b713"
"18 (2).png","C:\Users\d2rei\Documents\immich\library\library\admin\2019\2019-11-12\18 (2).png","1573525570.0","19363","d3761ff2a45583f41134af024871f4e9"
"18 (3).png","C:\Users\d2rei\Documents\immich\library\library\admin\2019\2019-11-12\18 (3).png","1573525572.0","22382","035f4f34c1610cacec978e84cb6bf76e"
"19.png","C:\Users\d2rei\Documents\immich\library\library\admin\2019\2019-11-12\19.png","1573525578.0","31895","9104f9bf1848e139083a89536d65f472"
"19 (2).png","C:\Users\d2rei\Documents\immich\library\library\admin\2019\2019-11-12\19 (2).png","1573525580.0","147183","2b61f9454b2e083a6dba5710d539bcd6"
"21.png","C:\Users\d2rei\Documents\immich\library\library\admin\2019\2019-11-12\21.png","1573525590.0","519790","9b5c31fb59a17cd712250b8bb31bddc6"
"21 (2).png","C:\Users\d2rei\Documents\immich\library\library\admin\2019\2019-11-12\21 (2).png","1573525592.0","23161","e4ccd734f24025d16e673ed3c77d3ff4"
"22.png","C:\Users\d2rei\Documents\immich\library\library\admin\2019\2019-11-12\22.png","1573525596.0","25216","a659d22061b15ba27c1122257675a5f8"
"23.png","C:\Users\d2rei\Documents\immich\library\library\admin\2019\2019-11-12\23.png","1573525598.0","3584","1b61480827bc975ca34da6802bca79ce"
"24.png","C:\Users\d2rei\Documents\immich\library\library\admin\2019\2019-11-12\24.png","1573525600.0","23739","990572b74b93fb5115d7e9981a04f12f"
"25.png","C:\Users\d2rei\Documents\immich\library\library\admin\2019\2019-11-12\25.png","1573525602.0","24997","acead41a569d3399fd6523f5e766f79a"
"26.png","C:\Users\d2rei\Documents\immich\library\library\admin\2019\2019-11-12\26.png","1573525602.0","15063","cf8609c557dfaa22a9e5ed772438dbb0"
"27.png","C:\Users\d2rei\Documents\immich\library\library\admin\2019\2019-11-12\27.png","1573525604.0","28073","902effe6c94cc3c82e1893b0333777f0"
"28.png","C:\Users\d2rei\Documents\immich\library\library\admin\2019\2019-11-12\28.png","1573525606.0","26037","954d44c7df6d29a09d95334ceea232ec"
"29.png","C:\Users\d2rei\Documents\immich\library\library\admin\2019\2019-11-12\29.png","1573525610.0","15160","b7f9f8d741460db965294fe743cdcabb"
"30.png","C:\Users\d2rei\Documents\immich\library\library\admin\2019\2019-11-12\30.png","1573525612.0","15721","2e82abb9f10a64695b2b46e084535b56"
"31.png","C:\Users\d2rei\Documents\immich\library\library\admin\2019\2019-11-12\31.png","1573525612.0","23388","4d257401908065ecca6ef04888a42fbf"
"32.png","C:\Users\d2rei\Documents\immich\library\library\admin\2019\2019-11-12\32.png","1573525614.0","26759","e43e667f8b40ca9f1c25d8e497a9d735"
"33.png","C:\Users\d2rei\Documents\immich\library\library\admin\2019\2019-11-12\33.png","1573525616.0","25418","3956c5ffbc6ffd046bd1f5849a2ba5ef"
"34.png","C:\Users\d2rei\Documents\immich\library\library\admin\2019\2019-11-12\34.png","1573525618.0","10913","55a446e9c98cfe517527496e80fb0bdc"
"35.png","C:\Users\d2rei\Documents\immich\library\library\admin\2019\2019-11-12\35.png","1573525620.0","23519","5d6249302fcd85082a95a8e42bfc49a3"
"36.png","C:\Users\d2rei\Documents\immich\library\library\admin\2019\2019-11-12\36.png","1573525622.0","20451","34119780d45b03d8c98d3cd45e7f4aee"
"37.png","C:\Users\d2rei\Documents\immich\library\library\admin\2019\2019-11-12\37.png","1573525622.0","17690","786c14d7319e0968b502d8eaeb9e7b46"
"38.png","C:\Users\d2rei\Documents\immich\library\library\admin\2019\2019-11-12\38.png","1573525624.0","17552","d20725e190f45c0380bd7ef41c784e93"
"39.png","C:\Users\d2rei\Documents\immich\library\library\admin\2019\2019-11-12\39.png","1573525626.0","26495","299f1c8c53ad9e138075d1feecad1543"
"40.png","C:\Users\d2rei\Documents\immich\library\library\admin\2019\2019-11-12\40.png","1573525626.0","6589","ae9b8108cbbfb1afc69f908700e50c9e"
"41.png","C:\Users\d2rei\Documents\immich\library\library\admin\2019\2019-11-12\41.png","1573525628.0","158240","f41eca27f55794a67ce78c907dfa3aa7"
"42.png","C:\Users\d2rei\Documents\immich\library\library\admin\2019\2019-11-12\42.png","1573525630.0","7672","18e0cba43e1f4b0149714a90e10e4336"
"43.png","C:\Users\d2rei\Documents\immich\library\library\admin\2019\2019-11-12\43.png","1573525632.0","21404","59a7525260ad6213fde364bfc8f2b4a1"
"44.png","C:\Users\d2rei\Documents\immich\library\library\admin\2019\2019-11-12\44.png","1573525632.0","22651","4abea87fcd14ae0e310c1a1600bc08aa"
"45.png","C:\Users\d2rei\Documents\immich\library\library\admin\2019\2019-11-12\45.png","1573525634.0","26983","071a79f080c7a3ef25d6e16432a65f07"
"2999AC0060939504122_P.jpg","C:\Users\d2rei\Documents\immich\library\library\admin\2019\2019-11-12\2999AC0060939504122_P.jpg","1573525782.0","618350","ea3fb3da36f1d310fb6a38f3b79b8b34"
"676484a45782eb7a6cfb7b.png","C:\Users\d2rei\Documents\immich\library\library\admin\2019\2019-11-12\676484a45782eb7a6cfb7b.png","1573525796.0","127186","b9d5044ce1cac11423f995337cd9b258"
"10689577_699639256825131_5424005275434890765_n.png","C:\Users\d2rei\Documents\immich\library\library\admin\2019\2019-11-12\10689577_699639256825131_5424005275434890765_n.png","1573525816.0","342607","edd63d2274dd4fc6c2c115cb5a2ce0f0"
"1448207558-20151122.png","C:\Users\d2rei\Documents\immich\library\library\admin\2019\2019-11-12\1448207558-20151122.png","1573525836.0","190169","633c01ec34fac8bd4ff613c8c1b9038e"
"1456847928-20160301.png","C:\Users\d2rei\Documents\immich\library\library\admin\2019\2019-11-12\1456847928-20160301.png","1573525838.0","419382","f5ffcb0366b3eaa55e82403a7a9cc293"
"10421426_10153161140915946_8574570944768534378_n.jpg","C:\Users\d2rei\Documents\immich\library\library\admin\2019\2019-11-13\10421426_10153161140915946_8574570944768534378_n.jpg","1573617626.0","203013","5d081f5380799ec1026b466a65ef05e2"
"12140783_10154217037256159_1891539423510361025_n.jpg","C:\Users\d2rei\Documents\immich\library\library\admin\2019\2019-11-13\12140783_10154217037256159_1891539423510361025_n.jpg","1573617626.0","91362","e1918d0603e492390b354f947cdd1148"
"12380137_10154220794251159_1876714987_n.jpg","C:\Users\d2rei\Documents\immich\library\library\admin\2019\2019-11-13\12380137_10154220794251159_1876714987_n.jpg","1573617626.0","74209","39407a42f311a8c8b82da8991ba20aae"
"12418012_10153611568231704_9104189609753820788_n.jpg","C:\Users\d2rei\Documents\immich\library\library\admin\2019\2019-11-13\12418012_10153611568231704_9104189609753820788_n.jpg","1573617626.0","79203","85a872d13f4c7c0f50d938fd079c49dd"
"12439501_10153606793896704_3896027759100112942_n.jpg","C:\Users\d2rei\Documents\immich\library\library\admin\2019\2019-11-13\12439501_10153606793896704_3896027759100112942_n.jpg","1573617626.0","90297","4c98e77a42b59e2292a8bddf33559eb2"
"12495200_10153611566331704_2494645516379892770_n.jpg","C:\Users\d2rei\Documents\immich\library\library\admin\2019\2019-11-13\12495200_10153611566331704_2494645516379892770_n.jpg","1573617626.0","83026","3c5d55d36f205f7b02bf54fa5fc2a012"
"12507330_10153611570631704_9076551347869351516_n.jpg","C:\Users\d2rei\Documents\immich\library\library\admin\2019\2019-11-13\12507330_10153611570631704_9076551347869351516_n.jpg","1573617626.0","80882","70ee5158820cd791ca1e729e2a34e534"
"12507409_10153611569751704_7263657485649584712_n.jpg","C:\Users\d2rei\Documents\immich\library\library\admin\2019\2019-11-13\12507409_10153611569751704_7263657485649584712_n.jpg","1573617626.0","97814","58e961dbbde12eccf56a47d3c7e1cc29"
"12508907_1131765540175990_3824270231044276080_n.jpg","C:\Users\d2rei\Documents\immich\library\library\admin\2019\2019-11-13\12508907_1131765540175990_3824270231044276080_n.jpg","1573617626.0","185395","3b40812c3b78011563ec8a7741c40024"
"12509097_10153611571211704_919302817969822508_n.jpg","C:\Users\d2rei\Documents\immich\library\library\admin\2019\2019-11-13\12509097_10153611571211704_919302817969822508_n.jpg","1573617626.0","77003","7562b7aac306d917f415446fec075da6"
"12592758_10153611571911704_987474221628982830_n.jpg","C:\Users\d2rei\Documents\immich\library\library\admin\2019\2019-11-13\12592758_10153611571911704_987474221628982830_n.jpg","1573617626.0","103714","47743e522c8cbdbca86770c57eeed48a"
"12642988_10153201674531739_7591723931534491790_n.jpg","C:\Users\d2rei\Documents\immich\library\library\admin\2019\2019-11-13\12642988_10153201674531739_7591723931534491790_n.jpg","1573617626.0","124515","14d249417f393a97879007ddf6c17eb1"
"12647502_10153201675711739_1061387692375667589_n.jpg","C:\Users\d2rei\Documents\immich\library\library\admin\2019\2019-11-13\12647502_10153201675711739_1061387692375667589_n.jpg","1573617626.0","94480","6a49c66e0855ab2be6882b957de2ff1e"
"12662645_10153201675061739_8558279706249207867_n.jpg","C:\Users\d2rei\Documents\immich\library\library\admin\2019\2019-11-13\12662645_10153201675061739_8558279706249207867_n.jpg","1573617626.0","150443","f1c6b58a295285f837f4e483287d5829"
"12669450_10153656775966704_6042060009135973649_n.jpg","C:\Users\d2rei\Documents\immich\library\library\admin\2019\2019-11-13\12669450_10153656775966704_6042060009135973649_n.jpg","1573617626.0","36818","474344f16c09a5733f6bd095a92a784c"
"12687939_10153201675656739_1301324196086785873_n.jpg","C:\Users\d2rei\Documents\immich\library\library\admin\2019\2019-11-13\12687939_10153201675656739_1301324196086785873_n.jpg","1573617626.0","110499","c34b1a3350c6ee7a4200936e448dbf06"
"12705659_10153201675361739_3978127658013285360_n.jpg","C:\Users\d2rei\Documents\immich\library\library\admin\2019\2019-11-13\12705659_10153201675361739_3978127658013285360_n.jpg","1573617626.0","119922","ea330927ecac086a02b762ebb605aed5"
"12715212_10153656776291704_4580995886279805676_n.jpg","C:\Users\d2rei\Documents\immich\library\library\admin\2019\2019-11-13\12715212_10153656776291704_4580995886279805676_n.jpg","1573617628.0","124508","73429080185891784e8f63ced42b1177"
"12718179_10153656775691704_7014116340411632847_n.jpg","C:\Users\d2rei\Documents\immich\library\library\admin\2019\2019-11-13\12718179_10153656775691704_7014116340411632847_n.jpg","1573617628.0","92856","6158bfa9d06f83f8416d69f1ddec57d2"
"12733590_10153656775616704_1484942562717359303_n.jpg","C:\Users\d2rei\Documents\immich\library\library\admin\2019\2019-11-13\12733590_10153656775616704_1484942562717359303_n.jpg","1573617628.0","121913","c088e29f5c2d6dea73973a70b347fd7a"
"12743665_10153656470906704_2116831068267080490_n.jpg","C:\Users\d2rei\Documents\immich\library\library\admin\2019\2019-11-13\12743665_10153656470906704_2116831068267080490_n.jpg","1573617628.0","98411","91ff3b76d845f922788d347ab2a614c1"
"12895302_10153764175541704_472555332_n.jpg","C:\Users\d2rei\Documents\immich\library\library\admin\2019\2019-11-13\12895302_10153764175541704_472555332_n.jpg","1573617628.0","97033","a53f773a7596478dfa17de1a32bbc453"
"12919189_10153764176071704_1675132767_n.jpg","C:\Users\d2rei\Documents\immich\library\library\admin\2019\2019-11-13\12919189_10153764176071704_1675132767_n.jpg","1573617628.0","93654","5198a443cd508ad717993082623d2ad3"
"13690613_10153558366850946_2692668006640937663_n.jpg","C:\Users\d2rei\Documents\immich\library\library\admin\2019\2019-11-13\13690613_10153558366850946_2692668006640937663_n.jpg","1573617628.0","248166","33aabda51b93d646655ca960803701f7"
"13709930_10153558366675946_4963755748138554675_n.jpg","C:\Users\d2rei\Documents\immich\library\library\admin\2019\2019-11-13\13709930_10153558366675946_4963755748138554675_n.jpg","1573617628.0","212859","f0909de1d92d38e95905334e5217bd4e"
"13912555_10153592812386739_2793033658804527942_n.jpg","C:\Users\d2rei\Documents\immich\library\library\admin\2019\2019-11-13\13912555_10153592812386739_2793033658804527942_n.jpg","1573617628.0","116118","523067eef661ea1bae4cdd3c7ea723e3"
"14389927_10154722384411159_1296014075_n.jpg","C:\Users\d2rei\Documents\immich\library\library\admin\2019\2019-11-13\14389927_10154722384411159_1296014075_n.jpg","1573617628.0","25352","72374e3c500d3d01e22df04a98db8d53"
"3598_10153611563511704_2730482126029486537_n.jpg","C:\Users\d2rei\Documents\immich\library\library\admin\2019\2019-11-13\3598_10153611563511704_2730482126029486537_n.jpg","1573617628.0","68721","dba20de0a705e7abbc3131f8f9fa20d2"
"1 (2).png","C:\Users\d2rei\Documents\immich\library\library\admin\2019\2019-11-13\1 (2).png","1573617632.0","26726","5b68f49118ca7c3d26bf5eaf95922122"
"1 (3).png","C:\Users\d2rei\Documents\immich\library\library\admin\2019\2019-11-13\1 (3).png","1573617632.0","349663","a385d37c2dc4e0a996d82fd5c48b78df"
"1 (4).png","C:\Users\d2rei\Documents\immich\library\library\admin\2019\2019-11-13\1 (4).png","1573617634.0","6204","2f19371130cc0f2408be2605f729fba4"
"bb8946a59cde431590e6a074c62ee051.png","C:\Users\d2rei\Documents\immich\library\library\admin\2019\2019-12-08\bb8946a59cde431590e6a074c62ee051.png","1575788447.0","23881","5429358c613876764d18057daa5026ef"
"AIORHyn.jpg","C:\Users\d2rei\Documents\immich\library\library\admin\2019\2019-12-10\AIORHyn.jpg","1576009388.0","4082926","363d407127f72ea12c5ffce4b5a331a1"
"RlDa59i.png","C:\Users\d2rei\Documents\immich\library\library\admin\2019\2019-12-14\RlDa59i.png","1576366220.0","748520","3b65b81203d9ec545c9c64a7e4f21e35"
"Resized_2.jpg","C:\Users\d2rei\Documents\immich\library\library\admin\2019\2019-12-16\Resized_2.jpg","1576494061.0","238132","82b2ddb3b7b8f26ca0c0cd80199be9db"
"Resized_2(1).jpg","C:\Users\d2rei\Documents\immich\library\library\admin\2019\2019-12-16\Resized_2(1).jpg","1576494072.0","223808","3191df160658ff2e9de1025a03ddd484"
"Resized_2(2).jpg","C:\Users\d2rei\Documents\immich\library\library\admin\2019\2019-12-16\Resized_2(2).jpg","1576494086.0","213880","8e141d8f76ca98aba93e33ae8ed55b45"
"images.png","C:\Users\d2rei\Documents\immich\library\library\admin\2019\2019-12-17\images.png","1576583704.0","19959","7c260f730cc02a57d85df1d48e5bd42b"
"4Gxi2lH.png","C:\Users\d2rei\Documents\immich\library\library\admin\2019\2019-12-22\4Gxi2lH.png","1577018094.0","1249502","db0069e45a8a3451a8c46f35d5bf360c"
"WzNL9Ih.png","C:\Users\d2rei\Documents\immich\library\library\admin\2019\2019-12-22\WzNL9Ih.png","1577018403.0","969518","51969bb1805dc6dd738bf6c4d61ddb82"
"dY5iCo5.png","C:\Users\d2rei\Documents\immich\library\library\admin\2019\2019-12-23\dY5iCo5.png","1577136262.0","146103","9fea17c0cb4c4c095f5925fa36ce8e28"
"UMoWKQS.png","C:\Users\d2rei\Documents\immich\library\library\admin\2020\2020-01-02\UMoWKQS.png","1577965835.0","902985","b4b4ac0dffdd86060b65212390163db9"
"kCpbBIu.png","C:\Users\d2rei\Documents\immich\library\library\admin\2020\2020-01-02\kCpbBIu.png","1577966093.0","24078","9efafd4a812117501ed0b106e58dedfa"
"s9y8oF7.png","C:\Users\d2rei\Documents\immich\library\library\admin\2020\2020-01-14\s9y8oF7.png","1579045838.0","125852","09cd6501d59f6385f9319d789c4aaac4"
"7SeS6a9.png","C:\Users\d2rei\Documents\immich\library\library\admin\2020\2020-01-15\7SeS6a9.png","1579051836.0","1782153","13f76ecaa04fcbdd4f5e023f3b46b10f"
"earth_temperature_timeline_2x.png","C:\Users\d2rei\Documents\immich\library\library\admin\2020\2020-01-15\earth_temperature_timeline_2x.png","1579059529.0","3311443","204cc3655d029f8c5bf9e4ead7993baf"
"Character_Building.png","C:\Users\d2rei\Documents\immich\library\library\admin\2020\2020-01-15\Character_Building.png","1579087900.0","79685","b672ede42975d0e8876c67dafd1ab435"
"qfEozUZ.png","C:\Users\d2rei\Documents\immich\library\library\admin\2020\2020-01-30\qfEozUZ.png","1580387011.0","208889","d000f8ce8cb5f46dc2328fb8ff950246"
"lAK5b1t.png","C:\Users\d2rei\Documents\immich\library\library\admin\2020\2020-02-02\lAK5b1t.png","1580683982.0","597201","d9ba1903f9ded14f906afdc775aa238b"
"56HyLwW.png","C:\Users\d2rei\Documents\immich\library\library\admin\2020\2020-02-07\56HyLwW.png","1581108211.0","478560","19ee059e8897258e80a8968e0a80486c"
"bk8K5F7.png","C:\Users\d2rei\Documents\immich\library\library\admin\2020\2020-02-10\bk8K5F7.png","1581334160.0","595722","acc88e4ece02257b3e65c658060b95b3"
"UMhX7hP.png","C:\Users\d2rei\Documents\immich\library\library\admin\2020\2020-03-06\UMhX7hP.png","1583468037.0","131956","2ac9207976b1654d9e87f716edd7ec2a"
"mHXmJlt.png","C:\Users\d2rei\Documents\immich\library\library\admin\2020\2020-03-13\mHXmJlt.png","1584082108.0","35458","88769993b152a4fd75ab8908bea1e976"
"IMG_8120.png","C:\Users\d2rei\Documents\immich\library\library\admin\2020\2020-03-20\IMG_8120.png","1584664126.0","180222","7ce903d1d6960b8145e144d748233f99"
"IMG_8121.png","C:\Users\d2rei\Documents\immich\library\library\admin\2020\2020-03-20\IMG_8121.png","1584664128.0","178413","c36bb00e8b21a22ea1a4ee3653e1a3ab"
"l2rCBKj.png","C:\Users\d2rei\Documents\immich\library\library\admin\2020\2020-04-01\l2rCBKj.png","1585775540.0","2443442","b7cd208afd7441d85392d675870d1170"
"iL0YJRn.png","C:\Users\d2rei\Documents\immich\library\library\admin\2020\2020-04-17\iL0YJRn.png","1587155114.0","215804","aaf8391a142c8f88afa4b52bd7031acb"
"6nhtX64.png","C:\Users\d2rei\Documents\immich\library\library\admin\2020\2020-05-01\6nhtX64.png","1588370255.0","535760","8f6d8edf7c17578cf6751a197c9242ca"
"cT6gFkC.png","C:\Users\d2rei\Documents\immich\library\library\admin\2020\2020-05-19\cT6gFkC.png","1589932562.0","1280456","37eb07cb76e2ad3dd39e32ecf7f70d53"
"rMcMhCa.png","C:\Users\d2rei\Documents\immich\library\library\admin\2020\2020-06-05\rMcMhCa.png","1591384169.0","331117","ac7b2452657759d5be6368f9f46874aa"
"2jdEJAH.png","C:\Users\d2rei\Documents\immich\library\library\admin\2020\2020-06-06\2jdEJAH.png","1591422452.0","609671","cdec8fd5b1e19904c48e58de54122144"
"OC6hSII.png","C:\Users\d2rei\Documents\immich\library\library\admin\2020\2020-07-03\OC6hSII.png","1593759195.0","490239","a65bf37af4dfc7f7f859fb77f54ee256"
"O5tRe54.png","C:\Users\d2rei\Documents\immich\library\library\admin\2020\2020-07-03\O5tRe54.png","1593759243.0","496987","74a3990bdd81f9444e49142b14ec7c22"
"AlHmFua.png","C:\Users\d2rei\Documents\immich\library\library\admin\2020\2020-07-03\AlHmFua.png","1593809941.0","391676","d07c2112f63919f0360ca1c664ffbd60"
"2Lo2B2E.png","C:\Users\d2rei\Documents\immich\library\library\admin\2020\2020-07-10\2Lo2B2E.png","1594353790.0","320109","b957e34e5efea1c5fa449d0660a7e387"
"kLrCDmA.png","C:\Users\d2rei\Documents\immich\library\library\admin\2020\2020-07-10\kLrCDmA.png","1594414561.0","160190","5d5fe5fcc5df1466de18e0bbe087d815"
"YBOqkIL.png","C:\Users\d2rei\Documents\immich\library\library\admin\2020\2020-08-15\YBOqkIL.png","1597491118.0","513459","5a15ec7bc4392c60ddcc3a25f8ee8be8"
"dmoQ8dD.png","C:\Users\d2rei\Documents\immich\library\library\admin\2020\2020-09-04\dmoQ8dD.png","1599179355.0","771276","45413c0d824661ed996e38fdf5d95b6d"
"efficiency_2x.png","C:\Users\d2rei\Documents\immich\library\library\admin\2020\2020-09-08\efficiency_2x.png","1599552251.0","23439","2beea179afaca48bfa4e5a10f68ce5f3"
"fP4CIFZ.png","C:\Users\d2rei\Documents\immich\library\library\admin\2020\2020-10-07\fP4CIFZ.png","1602034559.0","109841","ec5edef3b0d8618b6b751a5a92929c61"
"SwLyOKh.png","C:\Users\d2rei\Documents\immich\library\library\admin\2020\2020-10-12\SwLyOKh.png","1602479906.0","149602","ce23b9cd86e625a3d797ac263544d8f2"
"VLqQsk6.png","C:\Users\d2rei\Documents\immich\library\library\admin\2020\2020-10-20\VLqQsk6.png","1603189177.0","769057","b5398dc5599cbd79ef81157413249710"
"nusVKbQ.png","C:\Users\d2rei\Documents\immich\library\library\admin\2020\2020-10-26\nusVKbQ.png","1603672340.0","338324","331566c0f671e71381a9383ed32dd819"
"t3EJ13l.png","C:\Users\d2rei\Documents\immich\library\library\admin\2020\2020-11-01\t3EJ13l.png","1604228913.0","633282","19e162b99245bf9951bef2868bc92e33"
"B06oXWJ.png","C:\Users\d2rei\Documents\immich\library\library\admin\2020\2020-11-14\B06oXWJ.png","1605388102.0","818878","18e73f36acbfa333d60d48dfa0134816"
"Resized_20201119_160545.jpg","C:\Users\d2rei\Documents\immich\library\library\admin\2020\2020-11-19\Resized_20201119_160545.jpg","1605768467.0","263096","37d6253748b53a78d4635e11705f326e"
"pvyB4H7.png","C:\Users\d2rei\Documents\immich\library\library\admin\2020\2020-11-30\pvyB4H7.png","1606733896.0","198573","dca7ab36111552f13403ab798837f161"
"TbAk6d4.png","C:\Users\d2rei\Documents\immich\library\library\admin\2020\2020-12-05\TbAk6d4.png","1607136962.0","1095294","72bd9f173369ba0c6bcdcd3b302e7edf"
"Avatar.png","C:\Users\d2rei\Documents\immich\library\library\admin\2020\2020-12-17\Avatar.png","1608189153.0","96668","476a17cf0719c2ad39584a025e42d167"
"IdmED6X.png","C:\Users\d2rei\Documents\immich\library\library\admin\2021\2021-01-07\IdmED6X.png","1610039634.0","61177","2adaa11866d65104dbddfdddab5589a2"
"2Pbf33V.png","C:\Users\d2rei\Documents\immich\library\library\admin\2021\2021-01-10\2Pbf33V.png","1610279112.0","1070816","e1c1b6406934da450d97f94fc76ef7e8"
"sSNsWIn.png","C:\Users\d2rei\Documents\immich\library\library\admin\2021\2021-01-13\sSNsWIn.png","1610503638.0","567290","d54cf94ff08c8c8f9ee8ed83ee87119f"
"a56ba38f-87c2-4820-bbc4-4432c1b6b046.png","C:\Users\d2rei\Documents\immich\library\library\admin\2021\2021-01-13\a56ba38f-87c2-4820-bbc4-4432c1b6b046.png","1610514159.0","487275","dd699bc6197ac4377a1d54fe7e8c745a"
"sVhl4fc.png","C:\Users\d2rei\Documents\immich\library\library\admin\2021\2021-01-16\sVhl4fc.png","1610787947.0","316585","c196b2e7056b0413b76697f32260e115"
"NM8w7rO.png","C:\Users\d2rei\Documents\immich\library\library\admin\2021\2021-01-16\NM8w7rO.png","1610839597.0","999599","27c68f01a37ef03b954b2f8a4e2ddcda"
"gb7ZNsy.png","C:\Users\d2rei\Documents\immich\library\library\admin\2021\2021-01-16\gb7ZNsy.png","1610839619.0","717903","8011d621b4ba4c1f355c29e5d1f244d8"
"N0pKj22.png","C:\Users\d2rei\Documents\immich\library\library\admin\2021\2021-01-20\N0pKj22.png","1611176796.0","4312978","6a48eb8717b01743f35382e60832306f"
"ub0OBNH.png","C:\Users\d2rei\Documents\immich\library\library\admin\2021\2021-01-23\ub0OBNH.png","1611378913.0","347844","d1257516f85cc301d611301160c41a8b"
"RwfCu3E.png","C:\Users\d2rei\Documents\immich\library\library\admin\2021\2021-01-26\RwfCu3E.png","1611622573.0","576405","59ca186f78b5da6df6f02aca9cd6be1a"
"5yQOuno.png","C:\Users\d2rei\Documents\immich\library\library\admin\2021\2021-02-02\5yQOuno.png","1612234361.0","393218","cebc850b7813a7e2477e0fce4e8178e3"
"IMG_4322.jpg","C:\Users\d2rei\Documents\immich\library\library\admin\2021\2021-02-15\IMG_4322.jpg","1613383909.0","3943150","204b50f12e8ee10aaebea3e9d21f6445"
"IMG_4321.jpg","C:\Users\d2rei\Documents\immich\library\library\admin\2021\2021-02-15\IMG_4321.jpg","1613383912.0","3924493","1a7db3c0b5a822ab16690374062b07f5"
"IMG_4321 (1).jpg","C:\Users\d2rei\Documents\immich\library\library\admin\2021\2021-02-15\IMG_4321 (1).jpg","1613383914.0","3728580","340a72cda2383868884407996c5ba3ae"
"images (1) (1).jpg","C:\Users\d2rei\Documents\immich\library\library\admin\2021\2021-02-18\images (1) (1).jpg","1613608267.0","55964","7bc0314ad796c156d5c41b100c07ac8c"
"VPFYKaP.png","C:\Users\d2rei\Documents\immich\library\library\admin\2021\2021-03-01\VPFYKaP.png","1614594596.0","596376","abb3b353da41e745506728fd13d018a7"
"LCNEIaZ.png","C:\Users\d2rei\Documents\immich\library\library\admin\2021\2021-03-05\LCNEIaZ.png","1614940303.0","491594","c8dc40b0c38117832f6b13d4c0786c25"
"images (1).png","C:\Users\d2rei\Documents\immich\library\library\admin\2021\2021-03-09\images (1).png","1615282357.0","19747","bc6442e73445ddaf0cd2819769055068"
"image001.png","C:\Users\d2rei\Documents\immich\library\library\admin\2021\2021-03-17\image001.png","1615948658.0","49948","9de22100d8dd66228c4f2826b5c03f8e"
"sNDr1SC.png","C:\Users\d2rei\Documents\immich\library\library\admin\2021\2021-03-31\sNDr1SC.png","1617167452.0","416824","e8fc5493f27fb9977dfd4a5d0c345415"
"1i3cLza.png","C:\Users\d2rei\Documents\immich\library\library\admin\2021\2021-04-25\1i3cLza.png","1619349552.0","592770","c8ece35d7853a05f5198aa0cc2632644"
"ykBzf6p.png","C:\Users\d2rei\Documents\immich\library\library\admin\2021\2021-05-03\ykBzf6p.png","1620023575.0","522246","0cd770c1c1a700cf80c31d723c03d5ab"
"Ma3pQHp.png","C:\Users\d2rei\Documents\immich\library\library\admin\2021\2021-05-11\Ma3pQHp.png","1620732382.0","1046102","edfce7dfad8f2065d29aa697886e8234"
"cBRi0vC.png","C:\Users\d2rei\Documents\immich\library\library\admin\2021\2021-05-15\cBRi0vC.png","1621054021.0","802137","1659121bfc979b8933dabfec9abb75b3"
"II45J7L.png","C:\Users\d2rei\Documents\immich\library\library\admin\2021\2021-05-16\II45J7L.png","1621155914.0","502567","b170612017ac02c1d231d6f920a857ec"
"IMG_0151.jpg","C:\Users\d2rei\Documents\immich\library\library\admin\2021\2021-05-27\IMG_0151.jpg","1622087968.0","49682","477333bd955f5299297c289f725be902"
"dsfcvpB.jpg","C:\Users\d2rei\Documents\immich\library\library\admin\2021\2021-05-27\dsfcvpB.jpg","1622143927.0","62884","999a66951723e9bcd534e852f6f29b77"
"images (1) (2).jpg","C:\Users\d2rei\Documents\immich\library\library\admin\2021\2021-05-30\images (1) (2).jpg","1622350961.0","39545","f9c4224b3421f6a8f5ce484dbc617401"
"images (1) (4).jpg","C:\Users\d2rei\Documents\immich\library\library\admin\2021\2021-05-30\images (1) (4).jpg","1622354192.0","86590","04dc250f06a63ea7455375ddfc9de068"
"images (1) (5).jpg","C:\Users\d2rei\Documents\immich\library\library\admin\2021\2021-05-30\images (1) (5).jpg","1622360798.0","37145","d0d60020e7d7b14bd2e56520fe4574f2"
"45Atykw.png","C:\Users\d2rei\Documents\immich\library\library\admin\2021\2021-06-01\45Atykw.png","1622510945.0","885727","53cc591405b1d578f7ebe62221fe3d98"
"GNbDvFc.png","C:\Users\d2rei\Documents\immich\library\library\admin\2021\2021-06-01\GNbDvFc.png","1622528619.0","152520","356c1309f021e07843e8393a7ce33d4b"
"IMG_0161.jpg","C:\Users\d2rei\Documents\immich\library\library\admin\2021\2021-06-01\IMG_0161.jpg","1622543796.0","35067","ad99382645c7ccdf3dabf9138a965d15"
"IMG_0162.jpg","C:\Users\d2rei\Documents\immich\library\library\admin\2021\2021-06-01\IMG_0162.jpg","1622543798.0","35808","6d7ad7fab0d67e4df6ec67a05db5c4fc"
"IMG_0160.jpg","C:\Users\d2rei\Documents\immich\library\library\admin\2021\2021-06-01\IMG_0160.jpg","1622543801.0","31601","4d7b258275e0d380a90a793502983c15"
"IMG_0163.jpg","C:\Users\d2rei\Documents\immich\library\library\admin\2021\2021-06-01\IMG_0163.jpg","1622543804.0","35712","3a6725f2c58691dcc12ebcd5634421b9"
"J3m4vgk.png","C:\Users\d2rei\Documents\immich\library\library\admin\2021\2021-06-04\J3m4vgk.png","1622772059.0","1781360","bbd100a35846fc872a0c6d759668490a"
"FlagsForAustralia_S1_QLD.png","C:\Users\d2rei\Documents\immich\library\library\admin\2021\2021-06-09\FlagsForAustralia_S1_QLD.png","1623201146.0","446406","636d1cf6b32376e262c2a1475c35153d"
"FlagsForAustralia_S1_WA_1.png","C:\Users\d2rei\Documents\immich\library\library\admin\2021\2021-06-09\FlagsForAustralia_S1_WA_1.png","1623201168.0","438624","710894aaf713a2adf08f2e42db9f51d9"
"FlagsForAustralia_S1_VIC_1.png","C:\Users\d2rei\Documents\immich\library\library\admin\2021\2021-06-09\FlagsForAustralia_S1_VIC_1.png","1623201174.0","425903","71a4a01d86255731c29ccaa357224ee1"
"FlagsForAustralia_S1_SA_2.png","C:\Users\d2rei\Documents\immich\library\library\admin\2021\2021-06-09\FlagsForAustralia_S1_SA_2.png","1623201190.0","468761","6971d51cb9db76ad4e692d75306d8f49"
"FlagsForAustralia_BarrierReef_1 (1).png","C:\Users\d2rei\Documents\immich\library\library\admin\2021\2021-06-09\FlagsForAustralia_BarrierReef_1 (1).png","1623201199.0","490723","445d8244eb04b7cf0d7847b8bf5d5b0d"
"FlagsForAustralia_S1_NT.png","C:\Users\d2rei\Documents\immich\library\library\admin\2021\2021-06-09\FlagsForAustralia_S1_NT.png","1623201204.0","441053","133f4509ba74dca61984e3358e33abcf"
"FlagsForAustralia_S1_NSW_1.png","C:\Users\d2rei\Documents\immich\library\library\admin\2021\2021-06-09\FlagsForAustralia_S1_NSW_1.png","1623201212.0","565819","c2f9e8dfdc44a542291b825ae46cfc86"
"FlagsForAustralia_Unique_QLD.png","C:\Users\d2rei\Documents\immich\library\library\admin\2021\2021-06-09\FlagsForAustralia_Unique_QLD.png","1623201226.0","467592","7dbe6edd0abf037d10ebc3edcf870f96"
"BritishEmpire-now-and-then_2.png","C:\Users\d2rei\Documents\immich\library\library\admin\2021\2021-06-09\BritishEmpire-now-and-then_2.png","1623201933.0","629485","5fb3b63f6c09e7a0c104044a6c853a29"
"images (1) (6).jpg","C:\Users\d2rei\Documents\immich\library\library\admin\2021\2021-06-11\images (1) (6).jpg","1623372770.0","85511","9f6f8cd7c4ed98d2f624658dd81dccfd"
"images (1) (7).jpg","C:\Users\d2rei\Documents\immich\library\library\admin\2021\2021-06-15\images (1) (7).jpg","1623737752.0","45355","9d25dbdd34ba898d8fc5e7599f089e42"
"images (1) (8).jpg","C:\Users\d2rei\Documents\immich\library\library\admin\2021\2021-06-15\images (1) (8).jpg","1623737880.0","24754","2cc985dfe9478bd63fc4ecbd45ba6176"
"images (1) (9).jpg","C:\Users\d2rei\Documents\immich\library\library\admin\2021\2021-06-15\images (1) (9).jpg","1623757351.0","5053","ad6d8db4bfec2bd9a2183a53970edf20"
"images (1) (10).jpg","C:\Users\d2rei\Documents\immich\library\library\admin\2021\2021-06-17\images (1) (10).jpg","1623928947.0","17580","e94caa6356a61c2e0f9154b151ab2bb9"
"images (1) (11).jpg","C:\Users\d2rei\Documents\immich\library\library\admin\2021\2021-06-17\images (1) (11).jpg","1623928970.0","8215","f7c44d5ad98281c57750207127c84a75"
"images (1) (12).jpg","C:\Users\d2rei\Documents\immich\library\library\admin\2021\2021-06-17\images (1) (12).jpg","1623928996.0","14287","26837b05d7ab02532158c362db0f93c3"
"images (1) (13).jpg","C:\Users\d2rei\Documents\immich\library\library\admin\2021\2021-06-17\images (1) (13).jpg","1623929083.0","28929","1b4fbb165a0970baa054725915e5d023"
"images (1) (14).jpg","C:\Users\d2rei\Documents\immich\library\library\admin\2021\2021-06-17\images (1) (14).jpg","1623929111.0","24467","205a2a211ab8ec80438d8febc9fe708c"
"images (1) (15).jpg","C:\Users\d2rei\Documents\immich\library\library\admin\2021\2021-06-17\images (1) (15).jpg","1623929120.0","10618","45f64116bb6a7624cc99c7c80a803aa0"
"images (1) (16).jpg","C:\Users\d2rei\Documents\immich\library\library\admin\2021\2021-06-17\images (1) (16).jpg","1623929205.0","16382","ef538200c1f44d406157937d7f2c21b5"
"images (1) (17).jpg","C:\Users\d2rei\Documents\immich\library\library\admin\2021\2021-06-17\images (1) (17).jpg","1623929286.0","20729","c7bbd20ef5d523dfd68e6806e17133ba"
"images (1) (18).jpg","C:\Users\d2rei\Documents\immich\library\library\admin\2021\2021-06-17\images (1) (18).jpg","1623929383.0","20842","f6f07793313396d5e3f06d833481fbb9"
"images (1) (19).jpg","C:\Users\d2rei\Documents\immich\library\library\admin\2021\2021-06-17\images (1) (19).jpg","1623929389.0","17054","246101316b4c26e4b0face8ed6c16614"
"images (1) (20).jpg","C:\Users\d2rei\Documents\immich\library\library\admin\2021\2021-06-17\images (1) (20).jpg","1623929449.0","18095","e2d0cc67daaff5de5737d6084729def0"
"images (1) (21).jpg","C:\Users\d2rei\Documents\immich\library\library\admin\2021\2021-06-17\images (1) (21).jpg","1623929501.0","4447","1b9cc7d311959c16b7fee6c6ff46060a"
"images (1) (22).jpg","C:\Users\d2rei\Documents\immich\library\library\admin\2021\2021-06-17\images (1) (22).jpg","1623929508.0","31667","77ed7eb6314e758279f1cec995b57bdd"
"images (1) (23).jpg","C:\Users\d2rei\Documents\immich\library\library\admin\2021\2021-06-17\images (1) (23).jpg","1623929524.0","20316","4488615d291dbef35911c80e48effb66"
"images (1) (24).jpg","C:\Users\d2rei\Documents\immich\library\library\admin\2021\2021-06-17\images (1) (24).jpg","1623929535.0","8396","9cb9e46992b0e5e1b1a256c87fc51b60"
"FHJJ3ZFK4PAXP7Z.png","C:\Users\d2rei\Documents\immich\library\library\admin\2021\2021-06-21\FHJJ3ZFK4PAXP7Z.png","1624268314.0","71417","8c0097ca85cd5f9fcb3e74fa548a00b2"
"ng5AyPv.png","C:\Users\d2rei\Documents\immich\library\library\admin\2021\2021-06-21\ng5AyPv.png","1624276109.0","187494","b23a684e404840759c60733df2a866d6"
"IMG_20210703_075704.jpg","C:\Users\d2rei\Documents\immich\library\library\admin\2021\2021-07-02\IMG_20210703_075704.jpg","1625263024.0","56087","66533667e6e022c543c348a83973b566"
"images (1) (25).jpg","C:\Users\d2rei\Documents\immich\library\library\admin\2021\2021-07-06\images (1) (25).jpg","1625539123.0","45666","fc26dd2bd207b29095ddf1e07ad4d884"
"FB1W3nB.png","C:\Users\d2rei\Documents\immich\library\library\admin\2021\2021-07-09\FB1W3nB.png","1625816065.0","631102","3e700343bad05d48618ed10b7354d697"
"IMG_0194.jpg","C:\Users\d2rei\Documents\immich\library\library\admin\2021\2021-07-12\IMG_0194.jpg","1626090713.0","245762","5cbe5a269191c3396fa9d56c93a36007"
"8mkv5wS.png","C:\Users\d2rei\Documents\immich\library\library\admin\2021\2021-08-08\8mkv5wS.png","1628416354.0","477771","d5ad42e0dbf76bfef4ab9d9044037080"
"OVguhhH.png","C:\Users\d2rei\Documents\immich\library\library\admin\2021\2021-08-11\OVguhhH.png","1628669655.0","635334","eb1b9bc1dcab22adf4b2e28d1a2d4fc6"
"VZacQQ3.png","C:\Users\d2rei\Documents\immich\library\library\admin\2021\2021-08-17\VZacQQ3.png","1629236869.0","872612","ee2f521c4af47bca3779510ab96ad75e"
"nilfgaard-location-map-witcher.png","C:\Users\d2rei\Documents\immich\library\library\admin\2021\2021-08-20\nilfgaard-location-map-witcher.png","1629447537.0","2417276","1ba6ef306b2a07a23852764ba3f0681a"
"IMG_0240(1).jpg","C:\Users\d2rei\Documents\immich\library\library\admin\2021\2021-08-20\IMG_0240(1).jpg","1629453373.0","202139","34c4925b3af8f3b975e9e1ca3cf618be"
"Ulb5xzr.png","C:\Users\d2rei\Documents\immich\library\library\admin\2021\2021-08-22\Ulb5xzr.png","1629671401.0","507038","b94769b291d96f1f1fbfa8f8cb9a7ea2"
"EdTvFTC.png","C:\Users\d2rei\Documents\immich\library\library\admin\2021\2021-08-25\EdTvFTC.png","1629864977.0","1113313","8c78aa0c5f6d5f2fc5ab06f6f7e7599f"
"qu4VNm8.png","C:\Users\d2rei\Documents\immich\library\library\admin\2021\2021-08-28\qu4VNm8.png","1630118375.0","2018353","629aa0f278af628179b4416ef531d370"
"IMG_0258.jpg","C:\Users\d2rei\Documents\immich\library\library\admin\2021\2021-09-01\IMG_0258.jpg","1630511363.0","20336","d641025d431cbcbf70c7f2e9bb936832"
"IMG_0257.jpg","C:\Users\d2rei\Documents\immich\library\library\admin\2021\2021-09-01\IMG_0257.jpg","1630511364.0","21110","2eabd9777174a83e3ad6d56267a38b06"
"IMG_0262.jpg","C:\Users\d2rei\Documents\immich\library\library\admin\2021\2021-09-01\IMG_0262.jpg","1630511365.0","19734","0b2abb09803d5eaeaf3c4c4fac841af6"
"IMG_0264.jpg","C:\Users\d2rei\Documents\immich\library\library\admin\2021\2021-09-01\IMG_0264.jpg","1630511367.0","19752","c1b60055d2c74269ddced0d2c89cdbd3"
"IMG_0265.jpg","C:\Users\d2rei\Documents\immich\library\library\admin\2021\2021-09-01\IMG_0265.jpg","1630511368.0","20605","c001cd7ac0959202dc33ca70dc254536"
"IMG_0259.jpg","C:\Users\d2rei\Documents\immich\library\library\admin\2021\2021-09-01\IMG_0259.jpg","1630511370.0","11553","8f9a24daed80865436e5127851ee29e0"
"IMG_0260.jpg","C:\Users\d2rei\Documents\immich\library\library\admin\2021\2021-09-01\IMG_0260.jpg","1630511374.0","19957","5d52cb4b49794d155241902b1da9c050"
"IMG_0261.jpg","C:\Users\d2rei\Documents\immich\library\library\admin\2021\2021-09-01\IMG_0261.jpg","1630511376.0","19878","b927a5dadeb9d93927310b4fa750935b"
"IMG_0263.jpg","C:\Users\d2rei\Documents\immich\library\library\admin\2021\2021-09-01\IMG_0263.jpg","1630511377.0","11786","2e486997d3bbe0adc9c5f08ca246d9b5"
"IMG_0266.jpg","C:\Users\d2rei\Documents\immich\library\library\admin\2021\2021-09-01\IMG_0266.jpg","1630511379.0","19514","d360cbe6bc078da258046a4abb6bf8a2"
"IMG_0267.jpg","C:\Users\d2rei\Documents\immich\library\library\admin\2021\2021-09-01\IMG_0267.jpg","1630511381.0","19187","bfdd648da360539e801cc7b436c0dd70"
"PO45TEj.png","C:\Users\d2rei\Documents\immich\library\library\admin\2021\2021-09-04\PO45TEj.png","1630741188.0","449446","53f3bcdfd9b1f177deb07d27cc2dea63"
"lens_final_180522113320281-1.jpg","C:\Users\d2rei\Documents\immich\library\library\admin\2021\2021-09-19\lens_final_180522113320281-1.jpg","1632051203.0","260747","e8716dca88e69b077fbe51c6a87cd221"
"lens_final_180518083312084-1.jpg","C:\Users\d2rei\Documents\immich\library\library\admin\2021\2021-09-19\lens_final_180518083312084-1.jpg","1632051220.0","263341","7eb112b3f4d3cb27da537124b1a356bb"
"1280px-Hubble_Extreme_Deep_Field_(full_resolution).png","C:\Users\d2rei\Documents\immich\library\library\admin\2021\2021-09-19\1280px-Hubble_Extreme_Deep_Field_(full_resolution).png","1632051243.0","3100582","a72eea9cca48a5a5bf6768db24cdf591"
"grownups.png","C:\Users\d2rei\Documents\immich\library\library\admin\2021\2021-09-19\grownups.png","1632051411.0","75245","55e94c0b27457a23dafc14c06024568e"
"Untitled-1.png","C:\Users\d2rei\Documents\immich\library\library\admin\2021\2021-09-19\Untitled-1.png","1632051523.0","22320","7069179f29aa18bf30bdd4fa336f9153"
"IMG_0643.jpg","C:\Users\d2rei\Documents\immich\library\library\admin\2021\2021-09-19\IMG_0643.jpg","1632052402.0","371691","59f1b3f778fdf27a56c38c8de9c87daf"
"image001 (1).png","C:\Users\d2rei\Documents\immich\library\library\admin\2021\2021-09-24\image001 (1).png","1632465830.0","37280","f8fa074a092aa5d7fee6815b5e52b57e"
"daily-afternoon-randomness-in-hq-46-photos-201.jpg","C:\Users\d2rei\Documents\immich\library\library\admin\2021\2021-09-24\daily-afternoon-randomness-in-hq-46-photos-201.jpg","1632495476.0","44656","e0c8f35e8bb7011972dacf53930a8e76"
"daily-afternoon-randomness-49-photos-235.jpg","C:\Users\d2rei\Documents\immich\library\library\admin\2021\2021-09-24\daily-afternoon-randomness-49-photos-235.jpg","1632495490.0","51568","a9f85418926f00f026e63a9f4837f291"
"beautiful-moments-07.jpg","C:\Users\d2rei\Documents\immich\library\library\admin\2021\2021-09-24\beautiful-moments-07.jpg","1632495551.0","111876","3b2607bfdc873ab4384126c2ff12f3d4"
"beautiful-cosplay-girls-4.jpg","C:\Users\d2rei\Documents\immich\library\library\admin\2021\2021-09-24\beautiful-cosplay-girls-4.jpg","1632495553.0","30141","ae60e7be7246ce0a46a0ee080ae4f2ef"
"auucohq.png","C:\Users\d2rei\Documents\immich\library\library\admin\2021\2021-09-24\auucohq.png","1632495561.0","36909","836e2d7655b4155d06f507ed2e489379"
"z-bad-oktob-fest-prt1-920-png-2.png","C:\Users\d2rei\Documents\immich\library\library\admin\2021\2021-09-24\z-bad-oktob-fest-prt1-920-png-2.png","1632496238.0","1058342","a829f9234350e95d9247aed2803a3a5e"
"QyVjlPG.png","C:\Users\d2rei\Documents\immich\library\library\admin\2021\2021-10-12\QyVjlPG.png","1634029534.0","984207","e73658271d87f13a6271e1b75f6e1c57"
"VideoCapture_20211029-093616.jpg","C:\Users\d2rei\Documents\immich\library\library\admin\2021\2021-10-29\VideoCapture_20211029-093616.jpg","1635464176.0","1292219","4d4acc42bf8dc79cf5780dd436429447"
"images (1) (26).jpg","C:\Users\d2rei\Documents\immich\library\library\admin\2021\2021-10-29\images (1) (26).jpg","1635481716.0","27120","8965fed457c1db0fe07af3a4126765cd"
"nAlaqM2.png","C:\Users\d2rei\Documents\immich\library\library\admin\2021\2021-11-15\nAlaqM2.png","1636972135.0","32716","eca25dc1da2ed826d141ebbdc47bfb49"
"tZkUTqG.png","C:\Users\d2rei\Documents\immich\library\library\admin\2021\2021-11-18\tZkUTqG.png","1637199587.0","182284","01822bb836ff407d72e7b3e5d532faa7"
"lVTVaaq.png","C:\Users\d2rei\Documents\immich\library\library\admin\2021\2021-11-28\lVTVaaq.png","1638093709.0","693321","fd374efdd1637da0e72fe02ab811edad"
"5BkDYQQ.png","C:\Users\d2rei\Documents\immich\library\library\admin\2021\2021-12-23\5BkDYQQ.png","1640254532.0","3193805","740d25cb57178d95cf0b650728292a18"
"images (1) (27).jpg","C:\Users\d2rei\Documents\immich\library\library\admin\2021\2021-12-29\images (1) (27).jpg","1640776572.0","49434","25c9074ec9228cd257d1c02d54a6c88e"
"images (1) (28).jpg","C:\Users\d2rei\Documents\immich\library\library\admin\2021\2021-12-29\images (1) (28).jpg","1640776579.0","35396","8faca216d17e92ca3a9452d3d7d2ff52"
"m17It69.png","C:\Users\d2rei\Documents\immich\library\library\admin\2022\2022-01-10\m17It69.png","1641809310.0","198407","6ebd811a71d158e2ecd2bbd303b7965a"
"images (1) (29).jpg","C:\Users\d2rei\Documents\immich\library\library\admin\2022\2022-01-29\images (1) (29).jpg","1643447452.0","13153","55dc4752871149be7bd083fcd8a99529"
"Christian_Mølsted_-_Tordenskjold_i_Dynekilen_-_1896.png","C:\Users\d2rei\Documents\immich\library\library\admin\2022\2022-01-29\Christian_Mølsted_-_Tordenskjold_i_Dynekilen_-_1896.png","1643447496.0","1675078","d7cb403282bbfcad3deafb1116d24a7f"
"D4PQ2dv.png","C:\Users\d2rei\Documents\immich\library\library\admin\2022\2022-01-29\D4PQ2dv.png","1643483479.0","1456831","e23a5e8dc454428f86ba3519a0103d92"
"DSHW7cQ.png","C:\Users\d2rei\Documents\immich\library\library\admin\2022\2022-02-17\DSHW7cQ.png","1645069778.0","1931217","e0a30b5f6ffb38313bc09c1129a1329e"
"BtkvR0m.png","C:\Users\d2rei\Documents\immich\library\library\admin\2022\2022-03-06\BtkvR0m.png","1646531105.0","906343","39f097020f96484911c79587f618ef82"
"jZ9EnFi.png","C:\Users\d2rei\Documents\immich\library\library\admin\2022\2022-03-10\jZ9EnFi.png","1646903606.0","218804","e418034c49ddd3a4f13df07e38960327"
"images (1) (30).jpg","C:\Users\d2rei\Documents\immich\library\library\admin\2022\2022-03-16\images (1) (30).jpg","1647402863.0","37064","cb91d91f7fb3525df43491d4b36ebff4"
"BB8IQ0K.png","C:\Users\d2rei\Documents\immich\library\library\admin\2022\2022-03-20\BB8IQ0K.png","1647768676.0","495344","a135fdbfd1cf423c4bfdc0d0e8d3debb"
"4YaZsZ6.png","C:\Users\d2rei\Documents\immich\library\library\admin\2022\2022-03-24\4YaZsZ6.png","1648155247.0","410852","6d8ab1fc801523acf2a8fbcd0100b3ee"
"world_map.png","C:\Users\d2rei\Documents\immich\library\library\admin\2022\2022-04-03\world_map.png","1649027863.0","6202869","fdd48ad429621a5c6f78619188477540"
"Teleport_map.png","C:\Users\d2rei\Documents\immich\library\library\admin\2022\2022-04-03\Teleport_map.png","1649029547.0","8754434","bccb1ef2022dbfd91e57dd41f2f99985"
"images (1) (31).jpg","C:\Users\d2rei\Documents\immich\library\library\admin\2022\2022-04-04\images (1) (31).jpg","1649038698.0","32178","95e8f34037b4dd2f9d1ea15019c2bf61"
"nwWfFdM.png","C:\Users\d2rei\Documents\immich\library\library\admin\2022\2022-04-09\nwWfFdM.png","1649498193.0","233564","f0a612d1ffff2f83f2df5cffcef1bd9d"
"kASiI1s.png","C:\Users\d2rei\Documents\immich\library\library\admin\2022\2022-04-23\kASiI1s.png","1650690880.0","1330619","371616cb4c3ea20ebed19c127aa2c97a"
"6ae1e36a-b716-4d52-8253-a1b3438a8ef8.png","C:\Users\d2rei\Documents\immich\library\library\admin\2022\2022-05-22\6ae1e36a-b716-4d52-8253-a1b3438a8ef8.png","1653206851.0","155307","fa69a7a34d4b21f33400f7453d29dc80"
"RXSn5LL.png","C:\Users\d2rei\Documents\immich\library\library\admin\2022\2022-06-22\RXSn5LL.png","1655890136.0","598935","cf3efad6b675d103577ef0485fc5a85a"
"Qe9nCrU.png","C:\Users\d2rei\Documents\immich\library\library\admin\2022\2022-07-19\Qe9nCrU.png","1658273421.0","103248","9f021a1c01db575c47ef731e5170167b"
"yVDV7yq.png","C:\Users\d2rei\Documents\immich\library\library\admin\2022\2022-07-29\yVDV7yq.png","1659130445.0","861327","a20140a630e6b5613251e624fe7fe116"
"VideoCapture_20220819-125204.jpg","C:\Users\d2rei\Documents\immich\library\library\admin\2022\2022-08-19\VideoCapture_20220819-125204.jpg","1660877524.0","1225081","db903507f42579fa8753d1251e135268"
"Z28xiTC.png","C:\Users\d2rei\Documents\immich\library\library\admin\2022\2022-08-21\Z28xiTC.png","1661074011.0","569242","2e96ee3ecb8feb9a196beaf8e3c27145"
"5zdpnhm.png","C:\Users\d2rei\Documents\immich\library\library\admin\2022\2022-08-31\5zdpnhm.png","1661920956.0","97014","a57b16f89d4ff9a5d15cad32da93b8d5"
"SZhEHdy.png","C:\Users\d2rei\Documents\immich\library\library\admin\2022\2022-09-04\SZhEHdy.png","1662286681.0","2388147","9c615d3092489e5b04449a91f5266bae"
"LeWJjc4.png","C:\Users\d2rei\Documents\immich\library\library\admin\2022\2022-09-09\LeWJjc4.png","1662766072.0","626147","afb6665b979cdd7c894a5fcf9afe8652"
"Gm8XozN.png","C:\Users\d2rei\Documents\immich\library\library\admin\2022\2022-09-10\Gm8XozN.png","1662848342.0","530395","bc9a2b9da78449a8422813ddb5900db6"
"MQq70PW.png","C:\Users\d2rei\Documents\immich\library\library\admin\2022\2022-09-24\MQq70PW.png","1664061591.0","361408","54396b0349ec0f23ccfb0177f8f33557"
"VideoCapture_20221003-191654.jpg","C:\Users\d2rei\Documents\immich\library\library\admin\2022\2022-10-03\VideoCapture_20221003-191654.jpg","1664785541.0","570951","44f4e936b9c60fc34d370f707cda9632"
"apQO9tQ.png","C:\Users\d2rei\Documents\immich\library\library\admin\2022\2022-10-03\apQO9tQ.png","1664835065.0","1150404","0d3e791e08ab9185a46530981df53ab1"
"Zr1RSmn.png","C:\Users\d2rei\Documents\immich\library\library\admin\2022\2022-10-05\Zr1RSmn.png","1664943319.0","349026","2c84cf0d8336adf9e5e2f56cdeec81ac"
"iJomXNx.png","C:\Users\d2rei\Documents\immich\library\library\admin\2022\2022-10-06\iJomXNx.png","1665049563.0","227448","b2da22d23fa1ba12ceca5c64acd360f7"
"zHUNhuB.png","C:\Users\d2rei\Documents\immich\library\library\admin\2022\2022-10-31\zHUNhuB.png","1667247952.0","1694906","b2e1425df498479a1bbe1777d6b87136"
"c49puHB.png","C:\Users\d2rei\Documents\immich\library\library\admin\2022\2022-11-11\c49puHB.png","1668159885.0","1566496","acc0c60971fce9ea96fa12a0bd590beb"
"4yB4DZT.png","C:\Users\d2rei\Documents\immich\library\library\admin\2022\2022-11-18\4yB4DZT.png","1668811171.0","151450","6bb1cee916f21253df043fffdbbf14c9"
"L9rvATG.png","C:\Users\d2rei\Documents\immich\library\library\admin\2023\2023-01-06\L9rvATG.png","1672968248.0","103399","680b328e2f549923c6a7cd9dd04a25d2"
"ZUW0rTv.png","C:\Users\d2rei\Documents\immich\library\library\admin\2023\2023-01-24\ZUW0rTv.png","1674551902.0","332952","558c7c327bc4f1770ccca727e99bcea6"
"VideoCapture_20230129-194312.jpg","C:\Users\d2rei\Documents\immich\library\library\admin\2023\2023-01-29\VideoCapture_20230129-194312.jpg","1674985324.0","353408","4af4e40da9c517d1620390380560a89f"
"VideoCapture_20230208-075846.jpg","C:\Users\d2rei\Documents\immich\library\library\admin\2023\2023-02-08\VideoCapture_20230208-075846.jpg","1675806633.0","412159","ea25a433e56806e315644493860460da"
"VideoCapture_20230208-075859.jpg","C:\Users\d2rei\Documents\immich\library\library\admin\2023\2023-02-08\VideoCapture_20230208-075859.jpg","1675806633.0","459292","848c15d35388a9c2904ab5ceb906c66f"
"VideoCapture_20230306-073911.jpg","C:\Users\d2rei\Documents\immich\library\library\admin\2023\2023-03-06\VideoCapture_20230306-073911.jpg","1678052295.0","624218","a7faa53ad5cd8cd1ff0356e97dae8c92"
"zOdmi55.png","C:\Users\d2rei\Documents\immich\library\library\admin\2023\2023-03-15\zOdmi55.png","1678872540.0","288514","5a8cb6ec7cadf2be83d6a41af1356535"
"Z4t12Dl.png","C:\Users\d2rei\Documents\immich\library\library\admin\2023\2023-03-31\Z4t12Dl.png","1680263746.0","103720","997ea30436da7fc5332839295d2aa5f9"
"Wwo8vEL.png","C:\Users\d2rei\Documents\immich\library\library\admin\2023\2023-04-04\Wwo8vEL.png","1680652428.0","586363","3dbceea419746d68ebe16736f0c3627f"
"Gsvf2nU.png","C:\Users\d2rei\Documents\immich\library\library\admin\2023\2023-04-05\Gsvf2nU.png","1680653088.0","21745","6f913748f5bc7e1db3fa5218cf634384"
"sodZzmd.png","C:\Users\d2rei\Documents\immich\library\library\admin\2023\2023-04-10\sodZzmd.png","1681085059.0","227872","72955e62d882e34ca4648d33adf56200"
"vQd2mb4.png","C:\Users\d2rei\Documents\immich\library\library\admin\2023\2023-04-24\vQd2mb4.png","1682374656.0","364483","a30f9feccb4d8e07f8df9d1221efb7eb"
"fb.bin.png","C:\Users\d2rei\Documents\immich\library\library\admin\2023\2023-05-30\fb.bin.png","1685411946.0","36","43f0fa4c766051d759c1b1cdfdabaf98"
"FYj07Dt.png","C:\Users\d2rei\Documents\immich\library\library\admin\2023\2023-07-02\FYj07Dt.png","1688285098.0","191326","be075b3cbc76cd43b6acf48d06f346a8"
"4B3hp1n.png","C:\Users\d2rei\Documents\immich\library\library\admin\2023\2023-07-04\4B3hp1n.png","1688464404.0","911988","1f2b9b3d32737de07c9e8b5650e9d47a"
"cYRXySA.png","C:\Users\d2rei\Documents\immich\library\library\admin\2023\2023-07-19\cYRXySA.png","1689737302.0","698464","4886a96acaaea5f1064f76abd1a1cef8"
"D7d6nGj.png","C:\Users\d2rei\Documents\immich\library\library\admin\2023\2023-07-19\D7d6nGj.png","1689737584.0","412965","a3d7a259baae10e49c0f0d204bb5c030"
"Image-1694030323134.jpg","C:\Users\d2rei\Documents\immich\library\library\admin\2023\2023-09-06\Image-1694030323134.jpg","1694030323.0","614954","7182ee50f198bd5f113e066738161d08"
"VideoCapture_20230917-212222.jpg","C:\Users\d2rei\Documents\immich\library\library\admin\2023\2023-01-29\VideoCapture_20230917-212222.jpg","1694949008.0","88656","4c76d339426e8beb57e2ae23404c7702"
"VideoCapture_20230923-171046.jpg","C:\Users\d2rei\Documents\immich\library\library\admin\2023\2023-09-23\VideoCapture_20230923-171046.jpg","1695453020.0","978812","be0c3338c1723029c3e54410582bff51"
"351H7RM.png","C:\Users\d2rei\Documents\immich\library\library\admin\2023\2023-10-10\351H7RM.png","1696931302.0","1028786","4a1fc06364cf0b590678499ef06503dc"
"RDT_20231015_0920583970891464727292528.jpg","C:\Users\d2rei\Documents\immich\library\library\admin\2023\2023-10-14\RDT_20231015_0920583970891464727292528.jpg","1697325658.0","41309564","167e3f143b63fe5af5acd773787532cb"
"VideoCapture_20231204-070636.jpg","C:\Users\d2rei\Documents\immich\library\library\admin\2023\2023-12-02\VideoCapture_20231204-070636.jpg","1701501497.0","546382","677ec9a826995dd52a4dca02938a7501"
"VideoCapture_20231204-070613.jpg","C:\Users\d2rei\Documents\immich\library\library\admin\2023\2023-12-02\VideoCapture_20231204-070613.jpg","1701501547.0","423007","1cc5e6c9f0b9476c288477414bd842a6"
"282.png","C:\Users\d2rei\Documents\immich\library\library\admin\2023\2023-12-05\282.png","1701750918.0","582865","10c3204628edad4edc5387d3fd851d69"
"5Ie8h1G.png","C:\Users\d2rei\Documents\immich\library\library\admin\2023\2023-12-05\5Ie8h1G.png","1701753666.0","162017","6c4a558e20cbfcb71d2b8b015f887961"
"Image-1702755909848.jpg","C:\Users\d2rei\Documents\immich\library\library\admin\2023\2023-12-16\Image-1702755909848.jpg","1702755909.0","670728","098dff5d268479c895a6148aa104c766"
"cuoasrO.png","C:\Users\d2rei\Documents\immich\library\library\admin\2023\2023-12-29\cuoasrO.png","1703879860.0","405396","7118dcbe93b8f3f4a04122a607aabb3e"
"LrTzznQ.png","C:\Users\d2rei\Documents\immich\library\library\admin\2024\2024-01-04\LrTzznQ.png","1704407853.0","425375","13f3cd452af32d88687bd4f29488b9d2"
"4lC3UYA.png","C:\Users\d2rei\Documents\immich\library\library\admin\2024\2024-01-05\4lC3UYA.png","1704421589.0","580535","b790170d25566f61309d3c392e4b7020"
"Image-1705893533880.jpg","C:\Users\d2rei\Documents\immich\library\library\admin\2024\2024-01-22\Image-1705893533880.jpg","1705893534.0","637826","de5dacef10aa81f6a3c5773fa297cbe7"
"VideoCapture_20240126-120255.jpg","C:\Users\d2rei\Documents\immich\library\library\admin\2024\2024-01-26\VideoCapture_20240126-120255.jpg","1706234344.0","441173","31d6153da083523341ede36f6f588f8c"
"map_age_guide_2x.png","C:\Users\d2rei\Documents\immich\library\library\admin\2024\2024-03-06\map_age_guide_2x.png","1709693586.0","358291","bd1638e42edc86d5648be0b80c1c1af3"
"HYJnFLx.png","C:\Users\d2rei\Documents\immich\library\library\admin\2024\2024-04-09\HYJnFLx.png","1712706469.0","696607","b7175f90fe08dd23985e0ce3403c633e"
"LOw41rB.png","C:\Users\d2rei\Documents\immich\library\library\admin\2024\2024-04-09\LOw41rB.png","1712706523.0","1250778","546b7359671239f1e84d02f70740f6a0"
"OY5P52L.png","C:\Users\d2rei\Documents\immich\library\library\admin\2024\2024-04-20\OY5P52L.png","1713651175.0","488714","fa19f20f82bcc04c0cbe9914af77e4f9"
"VideoCapture_20240516-142601.jpg","C:\Users\d2rei\Documents\immich\library\library\admin\2024\2024-05-16\VideoCapture_20240516-142601.jpg","1715833542.0","520085","aa029e8f7165e70b1e9de50051636ee3"
"VideoCapture_20240616-150846.jpg","C:\Users\d2rei\Documents\immich\library\library\admin\2024\2024-06-16\VideoCapture_20240616-150846.jpg","1718509006.0","690493","03b21d2721a4ba7d1a85a67c0e57e270"
"RDT_20240819_1141404796742061719639400.jpg","C:\Users\d2rei\Documents\immich\library\library\admin\2024\2024-08-19\RDT_20240819_1141404796742061719639400.jpg","1724031700.0","5105959","7b1b0dc5f2e784b264b563bed2ed5988"
"RDT_20240828_1525192529567196047001613.jpg","C:\Users\d2rei\Documents\immich\library\library\admin\2024\2024-08-28\RDT_20240828_1525192529567196047001613.jpg","1724822719.0","4407318","defcfd5bc350d9d809566ac80b6feb6a"
"VideoCapture_20240901-151801.jpg","C:\Users\d2rei\Documents\immich\library\library\admin\2024\2024-09-01\VideoCapture_20240901-151801.jpg","1725167754.0","483726","a4c70d7b528292a616c6e3656c40e7d5"
"RDT_20240906_2010321405269647944511800.jpg","C:\Users\d2rei\Documents\immich\library\library\admin\2024\2024-09-06\RDT_20240906_2010321405269647944511800.jpg","1725617432.0","16196842","83628460bcaff422d5454ff5acaebba3"
"RDT_20240908_1513234058502195664908671.jpg","C:\Users\d2rei\Documents\immich\library\library\admin\2024\2024-09-08\RDT_20240908_1513234058502195664908671.jpg","1725772403.0","5648367","fce6061d10574106b79fd86e9a230dda"
"RDT_20240913_2038326038871715944307430.jpg","C:\Users\d2rei\Documents\immich\library\library\admin\2024\2024-09-13\RDT_20240913_2038326038871715944307430.jpg","1726223913.0","3158903","7c377e088b745aa6f1f66d6dddcc124f"
"Photoroom-20240923_164814.png","C:\Users\d2rei\Documents\immich\library\library\admin\2024\2024-09-23\Photoroom-20240923_164814.png","1727074098.0","1011790","119530c321da2797d0ef063a76acc166"
"Photoroom-20240923_165254.png","C:\Users\d2rei\Documents\immich\library\library\admin\2024\2024-09-23\Photoroom-20240923_165254.png","1727074376.0","541286","0ae987d370e6d03b08d1015f7604ceb1"
"Photoroom-20240923_170048.png","C:\Users\d2rei\Documents\immich\library\library\admin\2024\2024-09-23\Photoroom-20240923_170048.png","1727074850.0","916680","fb50beaddb1d51e8996a6796c186927e"
"CIpTHFr.png","C:\Users\d2rei\Documents\immich\library\library\admin\2024\2024-09-26\CIpTHFr.png","1727344837.0","488058","667f4b2e9c0b41726ab7b39d4f0a9356"
"Image-1727981848005.jpg","C:\Users\d2rei\Documents\immich\library\library\admin\2024\2024-10-03\Image-1727981848005.jpg","1727981848.0","608364","a095d68d46a575fe06c7b365058f24d3"
"RDT_20241004_1943168279641044124675242.jpg","C:\Users\d2rei\Documents\immich\library\library\admin\2024\2024-10-04\RDT_20241004_1943168279641044124675242.jpg","1728034996.0","9100971","42b6573dcf0d8b2ad2ca828be87ea19f"
"VideoCapture_20241006-131550.jpg","C:\Users\d2rei\Documents\immich\library\library\admin\2024\2024-10-06\VideoCapture_20241006-131550.jpg","1728173625.0","710252","9c32aac233c449dd7023f7b3eebd8dab"
"VideoCapture_20241006-131413.jpg","C:\Users\d2rei\Documents\immich\library\library\admin\2024\2024-10-06\VideoCapture_20241006-131413.jpg","1728174804.0","811843","4ca451c39359864339f3f1d639d467f2"
"VideoCapture_20241006-130557.jpg","C:\Users\d2rei\Documents\immich\library\library\admin\2024\2024-10-06\VideoCapture_20241006-130557.jpg","1728177013.0","755048","02853104326f42771133597118e0730a"
"VideoCapture_20241018-104443.jpg","C:\Users\d2rei\Documents\immich\library\library\admin\2024\2024-10-18\VideoCapture_20241018-104443.jpg","1729212260.0","415014","2df35853858ef17e33412ffd63497d1b"
"VideoCapture_20241018-104553.jpg","C:\Users\d2rei\Documents\immich\library\library\admin\2024\2024-10-18\VideoCapture_20241018-104553.jpg","1729212261.0","396115","8b557a32411b516956d8545e6126f0e5"
"VideoCapture_20241018-104516.jpg","C:\Users\d2rei\Documents\immich\library\library\admin\2024\2024-10-18\VideoCapture_20241018-104516.jpg","1729212410.0","180104","8a98ecb33eaa2de771cc44129e83d8c6"
"DSCF1074-2+1.jpg","C:\Users\d2rei\Documents\immich\library\library\admin\2019\2019-03-31\DSCF1074-2+1.jpg","1729722791.0","131160","756b5a7923b3066f19968a76f1727701"
"DSCF1187-2+1.jpg","C:\Users\d2rei\Documents\immich\library\library\admin\2019\2019-03-31\DSCF1187-2+1.jpg","1729722801.0","116808","53e51afcfea043773d0bfc0b95e0089c"
"DSCF1339-2+1.jpg","C:\Users\d2rei\Documents\immich\library\library\admin\2019\2019-03-31\DSCF1339-2+1.jpg","1729722811.0","116370","26f6c800f94f00ed76d41c5c32ab3783"
"DSCF1372-2+1.jpg","C:\Users\d2rei\Documents\immich\library\library\admin\2019\2019-03-31\DSCF1372-2+1.jpg","1729722821.0","120973","c08956d3e6cd5c52394cc8e4934aec31"
"DSCF1430-2+1.jpg","C:\Users\d2rei\Documents\immich\library\library\admin\2019\2019-03-31\DSCF1430-2+1.jpg","1729722831.0","116066","cdb08bd65c433a8975225212dab841d8"
"DSCF2258-2+1.jpg","C:\Users\d2rei\Documents\immich\library\library\admin\2019\2019-03-31\DSCF2258-2+1.jpg","1729722842.0","168562","f6a5ae1c7687f5d90871137ecfac424f"
"DSCF2486-2+1.jpg","C:\Users\d2rei\Documents\immich\library\library\admin\2019\2019-03-31\DSCF2486-2+1.jpg","1729722852.0","116843","99bd35843d79c8eb70071f4a6c738e37"
"DSCF2599-2+1.jpg","C:\Users\d2rei\Documents\immich\library\library\admin\2019\2019-03-31\DSCF2599-2+1.jpg","1729722862.0","115195","35f4e5093e6be2a5def2db3d9b09f4bb"
"DSCF2773-2+1.jpg","C:\Users\d2rei\Documents\immich\library\library\admin\2019\2019-03-31\DSCF2773-2+1.jpg","1729722872.0","318860","c92607bf26c03be57586fe5ee7ab741f"
"Image-1730155282990.jpg","C:\Users\d2rei\Documents\immich\library\library\admin\2024\2024-10-28\Image-1730155282990.jpg","1730155283.0","624491","fe16a69f6882ed48974868b58c8d9cde"
"Image-1730155283325.jpg","C:\Users\d2rei\Documents\immich\library\library\admin\2024\2024-10-28\Image-1730155283325.jpg","1730155283.0","616154","f3e40a7f786d315c73acd859f19ed1e7"
"VideoCapture_20241030-203034.jpg","C:\Users\d2rei\Documents\immich\library\library\admin\2024\2024-10-30\VideoCapture_20241030-203034.jpg","1730279990.0","317856","1bdfea6dcd130315034f985673bcd52f"
"VideoCapture_20241102-171432.jpg","C:\Users\d2rei\Documents\immich\library\library\admin\2024\2024-11-02\VideoCapture_20241102-171432.jpg","1730526964.0","796531","58cc0bc4af8e686fbdfe8fecbbddfc0d"
"gc7ye5W.png","C:\Users\d2rei\Documents\immich\library\library\admin\2024\2024-11-04\gc7ye5W.png","1730697059.0","582366","b5ec0b6a7e3374eeb671c3f8996fa79a"
"VideoCapture_20241109-104231.jpg","C:\Users\d2rei\Documents\immich\library\library\admin\2024\2024-11-09\VideoCapture_20241109-104231.jpg","1731112882.0","670371","7b3698802b4726fa0174b7e5548cc180"
"images (2).png","C:\Users\d2rei\Documents\immich\library\library\admin\2024\2024-11-09\images (2).png","1731124030.0","26636","4e48e8fe57b31278119dac39b1294233"
"XVLLmam.png","C:\Users\d2rei\Documents\immich\library\library\admin\2024\2024-11-14\XVLLmam.png","1731589869.0","94667","ef4e93dd944bdc772c387d7d2225cf3b"
"m3bwv3V.png","C:\Users\d2rei\Documents\immich\library\library\admin\2024\2024-11-19\m3bwv3V.png","1732011623.0","57404","42e6750221f84b431f2c18f842cf4c51"
"orca-image--889798404.jpg","C:\Users\d2rei\Documents\immich\library\library\admin\2024\2024-11-24\orca-image--889798404.jpg","1732416465.0","60092","069a678d3c21be41484325a0e0648d34"
"RDT_20241124_1309402598916994163459456.jpg","C:\Users\d2rei\Documents\immich\library\library\admin\2024\2024-11-24\RDT_20241124_1309402598916994163459456.jpg","1732417780.0","20059992","b899343829f5fc9fe17a8df2667cca68"
"RDT_20241124_130950174693634483930968.jpg","C:\Users\d2rei\Documents\immich\library\library\admin\2024\2024-11-24\RDT_20241124_130950174693634483930968.jpg","1732417790.0","9632328","8dcf94f9baa5eac4aead1585db9923ca"
"RDT_20241124_1328133797425693795442458.jpg","C:\Users\d2rei\Documents\immich\library\library\admin\2024\2024-11-24\RDT_20241124_1328133797425693795442458.jpg","1732418893.0","18189477","3c37c4c0c2dedf902914b84b1a33efdf"
"RDT_20241208_1526339059497224506922867.jpg","C:\Users\d2rei\Documents\immich\library\library\admin\2024\2024-12-08\RDT_20241208_1526339059497224506922867.jpg","1733635594.0","3830894","7c376df940f16a102c2dbd34967db041"
"dEbsYdP.png","C:\Users\d2rei\Documents\immich\library\library\admin\2024\2024-12-09\dEbsYdP.png","1733741874.0","19492","22515f102ed4207614f8bc8f93b390ed"
"qOTweqW.png","C:\Users\d2rei\Documents\immich\library\library\admin\2024\2024-12-17\qOTweqW.png","1734476391.0","182612","7a4826e59a742d27b05ec868bb1d4637"
"UTM9v2T.png","C:\Users\d2rei\Documents\immich\library\library\admin\2024\2024-12-17\UTM9v2T.png","1734476703.0","274207","1e162eb21e08526840d667ebd768eb02"
"Image-1734594954409.jpg","C:\Users\d2rei\Documents\immich\library\library\admin\2024\2024-12-19\Image-1734594954409.jpg","1734594954.0","542441","df133fc7cc867929e6041e96ebf50e7b"
"T1RnYqN.png","C:\Users\d2rei\Documents\immich\library\library\admin\2025\2025-01-04\T1RnYqN.png","1735994252.0","204589","9a3ec81d9fefa218b07e9e987d262d08"
"dvbmSP3.png","C:\Users\d2rei\Documents\immich\library\library\admin\2025\2025-01-06\dvbmSP3.png","1736149673.0","925189","cc43583857b6af127243ba610d9e7e3e"
"SPTZAO6.png","C:\Users\d2rei\Documents\immich\library\library\admin\2025\2025-01-07\SPTZAO6.png","1736208254.0","1537854","2aab8a4a0316d00ea58499f1843887f3"
"bgC52Lu.png","C:\Users\d2rei\Documents\immich\library\library\admin\2025\2025-01-08\bgC52Lu.png","1736315523.0","49736","ef0231d39c2bbd050104b9a8ffecd5af"
"IMG_1172.jpg","C:\Users\d2rei\Documents\immich\library\library\admin\2024\2024-11-24\IMG_1172.jpg","1736572636.0","6084712","c658f253dfc2ba58dca31b85f1d1e7df"
"8RPQIDJ.png","C:\Users\d2rei\Documents\immich\library\library\admin\2025\2025-01-16\8RPQIDJ.png","1736993152.0","469830","58dccaeff2db42e849e826a541b16062"
"TD9kSy4.png","C:\Users\d2rei\Documents\immich\library\library\admin\2025\2025-02-11\TD9kSy4.png","1739246822.0","442297","e697e878b9f5ae32fa2508a429743981"
"jFg4lsH.png","C:\Users\d2rei\Documents\immich\library\library\admin\2025\2025-02-14\jFg4lsH.png","1739507598.0","334211","45f5c6555ef0cd661eb7c2a5c6350b99"
"XYY4FJG.png","C:\Users\d2rei\Documents\immich\library\library\admin\2025\2025-02-14\XYY4FJG.png","1739510641.0","339888","75c6fdd48e2b4ee02ed12e98fbd0f2ea"
"utnGRIJ.png","C:\Users\d2rei\Documents\immich\library\library\admin\2025\2025-02-14\utnGRIJ.png","1739527756.0","1622258","eb9dba2ad2b7b77f6e7a0fa2051c4f66"
"att._tNGs8FHLiO-OG5bYuVJCh7HI6F-EQ4yvwQIn8Fbhv4.jpg.jpg","C:\Users\d2rei\Documents\immich\library\library\admin\2025\2025-02-17\att._tNGs8FHLiO-OG5bYuVJCh7HI6F-EQ4yvwQIn8Fbhv4.jpg.jpg","1739788198.0","508475","2c800f4292a11d6b2720bb65079b8ffb"
"KzjDF8l.png","C:\Users\d2rei\Documents\immich\library\library\admin\2025\2025-02-19\KzjDF8l.png","1739940721.0","577969","a27c95f6552998697c8ab275681b16f1"
"att.cmbbQk5JXJDZkUTzxfKYX90E2jveMQFWuoLs5JuukLM.jpg.jpg","C:\Users\d2rei\Documents\immich\library\library\admin\2025\2025-02-19\att.cmbbQk5JXJDZkUTzxfKYX90E2jveMQFWuoLs5JuukLM.jpg.jpg","1739964572.0","246601","a8e01b367275b8b2202b4a11793154f0"
"Y6ffq9N.png","C:\Users\d2rei\Documents\immich\library\library\admin\2025\2025-02-24\Y6ffq9N.png","1740393858.0","1839831","797b1b879e8023a91da9f2538238dd5f"
"ENiDUgp.png","C:\Users\d2rei\Documents\immich\library\library\admin\2025\2025-03-05\ENiDUgp.png","1741169298.0","932607","c5a0d206fc0b34370ccbf41a02e4ad0b"
"953Tbyf.png","C:\Users\d2rei\Documents\immich\library\library\admin\2025\2025-03-12\953Tbyf.png","1741779203.0","231395","1e68683034fa6afa454eafe188da25c1"
"IMG_20250315_070730.jpg","C:\Users\d2rei\Documents\immich\library\library\admin\2025\2025-03-14\IMG_20250315_070730.jpg","1741986450.0","380799","ec3572679bcc50639239e35e5d7a5716"
"IMG_20250315_070735.jpg","C:\Users\d2rei\Documents\immich\library\library\admin\2025\2025-03-14\IMG_20250315_070735.jpg","1741986455.0","304420","d6017218946cf03daac6d8164e66ba57"
"1742423576462.jpg","C:\Users\d2rei\Documents\immich\library\library\admin\2025\2025-03-19\1742423576462.jpg","1742423576.0","88538","0084a8e0cb3ae511de83316810450d45"
"VbHAZ0G.png","C:\Users\d2rei\Documents\immich\library\library\admin\2025\2025-03-24\VbHAZ0G.png","1742810300.0","1632094","a765e523bb036b735baacc98956bcbdc"
"A41sT8W.png","C:\Users\d2rei\Documents\immich\library\library\admin\2025\2025-04-03\A41sT8W.png","1743674951.0","234320","b4c4c140ef40438933ec6ba7898621d5"
"BaNg4ch.png","C:\Users\d2rei\Documents\immich\library\library\admin\2025\2025-04-11\BaNg4ch.png","1744394494.0","4841","a74cb9863ff2bc24bd2b60d1d01e1299"
"IMG_20250417_091130.jpg","C:\Users\d2rei\Documents\immich\library\library\admin\2025\2025-04-16\IMG_20250417_091130.jpg","1744845090.0","332311","087e8246f175666d2098833361611a1b"
"U2MX42g.png","C:\Users\d2rei\Documents\immich\library\library\admin\2025\2025-04-19\U2MX42g.png","1745107037.0","823544","79f448eec34ae762814b047851ed2804"
"IMG_1517.jpg","C:\Users\d2rei\Documents\immich\library\library\admin\2025\2025-04-20\IMG_1517.jpg","1745131473.0","132692","d74842bbd57831bf972b81f03a841b62"
"IMG_1518.jpg","C:\Users\d2rei\Documents\immich\library\library\admin\2025\2025-04-20\IMG_1518.jpg","1745131473.0","147571","3a4f4f42abf3c28de6329a53c0f0f383"
"IMG_1519.jpg","C:\Users\d2rei\Documents\immich\library\library\admin\2025\2025-04-20\IMG_1519.jpg","1745131473.0","169891","fa988f14d8fa9fa12419cec10dab06e3"
"IMG_20250420_164444.jpg","C:\Users\d2rei\Documents\immich\library\library\admin\2025\2025-04-20\IMG_20250420_164444.jpg","1745131484.0","124764","68f81fc7add8dae186beaf0fe2fc70ed"
"Push_Pull-2-day-split-.png","C:\Users\d2rei\Documents\immich\library\library\admin\2025\2025-04-21\Push_Pull-2-day-split-.png","1745235436.0","90565","788506c5e5a732ffe961175dd624964d"
"Full-body-2-day-split-1.png","C:\Users\d2rei\Documents\immich\library\library\admin\2025\2025-04-21\Full-body-2-day-split-1.png","1745235460.0","125956","55adce6a77d5f029c2dd59e776d8114e"
"qED7J1n.png","C:\Users\d2rei\Documents\immich\library\library\admin\2025\2025-04-29\qED7J1n.png","1745923595.0","437864","306897cf62b862a7ad60fcad2434ad70"
"1611219-blank-355.png","C:\Users\d2rei\Documents\immich\library\library\admin\2025\2025-04-29\1611219-blank-355.png","1745924485.0","20704","6ca61d763fa5d5eed9b8808172796e9d"
"Opinion_polling_during_the_pre-campaign_period_of_the_45th_Canadian_federal_election.svg.png","C:\Users\d2rei\Documents\immich\library\library\admin\2025\2025-04-29\Opinion_polling_during_the_pre-campaign_period_of_the_45th_Canadian_federal_election.svg.png","1745924700.0","488214","d57a5a0df6acbe22afaba0fd6973aedb"
"images (3).png","C:\Users\d2rei\Documents\immich\library\library\admin\2025\2025-04-29\images (3).png","1745925371.0","22038","1f78df5fd1e875156137f2cb91fe51a1"
"F17ayfJ.png","C:\Users\d2rei\Documents\immich\library\library\admin\2025\2025-05-12\F17ayfJ.png","1747044824.0","1647085","b8861f13868122eacd6e44aca85652f5"
"Rvi3YwP.png","C:\Users\d2rei\Documents\immich\library\library\admin\2025\2025-05-12\Rvi3YwP.png","1747044829.0","207898","49840377692fce4f1a677a7531f259a4"
"eTXgi3C.png","C:\Users\d2rei\Documents\immich\library\library\admin\2025\2025-05-12\eTXgi3C.png","1747044845.0","1376515","a6ee204aa9826eb1460413f58ad72361"
"F8VYDIs.png","C:\Users\d2rei\Documents\immich\library\library\admin\2025\2025-05-16\F8VYDIs.png","1747395228.0","1941924","addcd9462d3209d330dcc09ae516d13a"
"nlxfaD2.png","C:\Users\d2rei\Documents\immich\library\library\admin\2025\2025-05-17\nlxfaD2.png","1747484898.0","1293861","843f7b2675457c66e23a79838aa07e8e"
"att.2raJ3G2Zlss-GneUpjoSpXWBsD-0dmAbus6nsxxehYw.jpg.jpg","C:\Users\d2rei\Documents\immich\library\library\admin\2025\2025-05-24\att.2raJ3G2Zlss-GneUpjoSpXWBsD-0dmAbus6nsxxehYw.jpg.jpg","1748117551.0","385248","caf8be3e4bedb500cb83eeeb94827b58"
"att.BeLd11pAMmWpAox-IWtEGf96bBftJTXI0bCmRSUQIzI.jpg.jpg","C:\Users\d2rei\Documents\immich\library\library\admin\2025\2025-05-26\att.BeLd11pAMmWpAox-IWtEGf96bBftJTXI0bCmRSUQIzI.jpg.jpg","1748235206.0","332253","fc123cbee7f4d006f82d417463e9b238"
"IDRTIym.png","C:\Users\d2rei\Documents\immich\library\library\admin\2025\2025-06-05\IDRTIym.png","1749119186.0","186609","7a6d83904db0294cc9e5eda50a52c56b"
"JMtlSAh.png","C:\Users\d2rei\Documents\immich\library\library\admin\2025\2025-06-05\JMtlSAh.png","1749122531.0","112208","543636a455320eef3a233e2681e80bd2"
"vGLFK1U.png","C:\Users\d2rei\Documents\immich\library\library\admin\2025\2025-06-06\vGLFK1U.png","1749254320.0","572346","f0eb538517ba8ce53736453639a44514"
"FoTaHhD.jpg","C:\Users\d2rei\Documents\immich\library\library\admin\2025\2025-06-11\FoTaHhD.jpg","1749606147.0","3211063","5f52111aedcc660898c819f519ac75a9"
"f1Mppf2.png","C:\Users\d2rei\Documents\immich\library\library\admin\2025\2025-06-15\f1Mppf2.png","1749982355.0","311168","7add4e4a149c014d3f5b79d29b34ce31"
"11Cd10a.png","C:\Users\d2rei\Documents\immich\library\library\admin\2025\2025-06-15\11Cd10a.png","1749982500.0","1341806","1c3f57ec38b20149169ffdb49a29975e"
"5ZdeCqw.png","C:\Users\d2rei\Documents\immich\library\library\admin\2025\2025-06-19\5ZdeCqw.png","1750326857.0","244149","d95643df5f7ddda6fa738dc51476d178"
"rCSje08.png","C:\Users\d2rei\Documents\immich\library\library\admin\2025\2025-06-21\rCSje08.png","1750503790.0","202760","ba5260847c295cde4b3e8d0b0c5715c8"
"markup_1000049677.png","C:\Users\d2rei\Documents\immich\library\library\admin\2025\2025-06-22\markup_1000049677.png","1750587925.0","277519","dd9be9ffee063d9ffc60e0c6060f366e"
"vWB7RC0.png","C:\Users\d2rei\Documents\immich\library\library\admin\2025\2025-07-04\vWB7RC0.png","1751627668.0","128537","1c8b8d501f1e91606513609b2ce15a22"
"SZhEHdy.png","C:\Users\d2rei\Documents\immich\library\library\admin\2025\2025-07-06\SZhEHdy.png","1751839936.0","2321033","7ee88718062d726cc6af562cc76a3504"
"4aOzKx0.png","C:\Users\d2rei\Documents\immich\library\library\admin\2025\2025-07-13\4aOzKx0.png","1752406867.0","4516815","b7a340c179c43bd1848d7080d172f203"
"DKEmVbh.png","C:\Users\d2rei\Documents\immich\library\library\admin\2025\2025-07-17\DKEmVbh.png","1752725300.0","392804","ba4ea9f27535791bd401af33b6c62639"
"9oukody.png","C:\Users\d2rei\Documents\immich\library\library\admin\2025\2025-07-26\9oukody.png","1753526375.0","320481","1e2073333998a86e72841a967ae40641"
"za5Yzyh.png","C:\Users\d2rei\Documents\immich\library\library\admin\2025\2025-07-28\za5Yzyh.png","1753700393.0","417858","a122afbcdac749e839017e7cfa742403"
"fIsIdv1.png","C:\Users\d2rei\Documents\immich\library\library\admin\2025\2025-08-02\fIsIdv1.png","1754131802.0","137049","ce214af9a741ec46f004702a97dc90c3"
"EvVBL6b.png","C:\Users\d2rei\Documents\immich\library\library\admin\2025\2025-08-03\EvVBL6b.png","1754221838.0","498044","ccbd963ac90ca863ea13def1619b0298"
"IMG_2025-08-14-05321732.jpg","C:\Users\d2rei\Documents\immich\library\library\admin\2025\2025-08-13\IMG_2025-08-14-05321732.jpg","1755113537.0","319743","85a22073578cf8f68bd89a6cc83a2f73"
"IMG_2025-08-14-07210868.jpg","C:\Users\d2rei\Documents\immich\library\library\admin\2025\2025-08-13\IMG_2025-08-14-07210868.jpg","1755120069.0","278276","5ed3d0b3f40c13e5a6ce916f3bceeceb"
"IMG_2025-08-15-06581290.jpg","C:\Users\d2rei\Documents\immich\library\library\admin\2025\2025-08-14\IMG_2025-08-15-06581290.jpg","1755205093.0","245336","9a47d4a9d3a93cda1a6fc765d390d742"
"1755212332091-185d43c8-8391-4e84-8be3-93199193cdda.jpg","C:\Users\d2rei\Documents\immich\library\library\admin\2025\2025-08-15\1755212332091-185d43c8-8391-4e84-8be3-93199193cdda.jpg","1755212333.0","2682020","0f986997439502191bae0a77585eb110"
"1755212374647-1e6e7be9-5335-4ebc-82f5-724269d23d49.jpg","C:\Users\d2rei\Documents\immich\library\library\admin\2025\2025-08-15\1755212374647-1e6e7be9-5335-4ebc-82f5-724269d23d49.jpg","1755212375.0","2586321","d2f785b31dd306e96ac53ba0b412dfe9"
"1755212428494-e24b28a0-979f-474f-ba8f-e3a07368d650.jpg","C:\Users\d2rei\Documents\immich\library\library\admin\2025\2025-08-15\1755212428494-e24b28a0-979f-474f-ba8f-e3a07368d650.jpg","1755212429.0","2657448","380c313d43790d9ace5480852b88232d"
"1755212455029-a95c9e9e-82b4-4d6a-9f18-9c236c21ce10.jpg","C:\Users\d2rei\Documents\immich\library\library\admin\2025\2025-08-15\1755212455029-a95c9e9e-82b4-4d6a-9f18-9c236c21ce10.jpg","1755212456.0","2839256","5610a938d42a4e9f224abcd27074790e"
"1755212478007-a497e3cf-6b29-4ca8-b732-7ba1a981b0b0.jpg","C:\Users\d2rei\Documents\immich\library\library\admin\2025\2025-08-15\1755212478007-a497e3cf-6b29-4ca8-b732-7ba1a981b0b0.jpg","1755212479.0","2654250","a4aa00124d571e471ac77c68b533fb47"
"1755212508220-41f95f6c-bbd7-406a-bb9c-456f257375bd.jpg","C:\Users\d2rei\Documents\immich\library\library\admin\2025\2025-08-15\1755212508220-41f95f6c-bbd7-406a-bb9c-456f257375bd.jpg","1755212509.0","2560156","b9deee0c4b17d769ef6d684d90601c7c"
"1755212543854-a0b496b1-ac69-4332-be74-ef8a849ff311.jpg","C:\Users\d2rei\Documents\immich\library\library\admin\2025\2025-08-15\1755212543854-a0b496b1-ac69-4332-be74-ef8a849ff311.jpg","1755212544.0","2623639","239fd48139153a4ed0e33231b910f213"
"1755212569368-1eec5d21-5744-4c25-b0bd-c3986e5b3f46.jpg","C:\Users\d2rei\Documents\immich\library\library\admin\2025\2025-08-15\1755212569368-1eec5d21-5744-4c25-b0bd-c3986e5b3f46.jpg","1755212570.0","2181199","316e6a0a3f641372e90a8733135ce476"
"1755212595111-33a242f6-620a-452e-8ccf-1dd8a2254a43_.jpg","C:\Users\d2rei\Documents\immich\library\library\admin\2025\2025-08-15\1755212595111-33a242f6-620a-452e-8ccf-1dd8a2254a43_.jpg","1755212635.0","2411551","ddadd3d438e0a469f90cc2dfc66eaf39"
"1755212400565-e0cbed2b-2aab-4ebc-aae0-e27f1e18fee9_.jpg","C:\Users\d2rei\Documents\immich\library\library\admin\2025\2025-08-15\1755212400565-e0cbed2b-2aab-4ebc-aae0-e27f1e18fee9_.jpg","1755212648.0","2766880","c42bc4d952d01c3b6b40739d6ede7cf1"
"IMG_2025-08-15-10114273.jpg","C:\Users\d2rei\Documents\immich\library\library\admin\2025\2025-08-15\IMG_2025-08-15-10114273.jpg","1755216703.0","245006","f4eb9dcc62d3cd7b4fc18e05e53a6e0b"
"IMG_2025-08-16-05301490.jpg","C:\Users\d2rei\Documents\immich\library\library\admin\2025\2025-08-15\IMG_2025-08-16-05301490.jpg","1755286215.0","271010","ba22ee60746f001771185ea5fa83af5d"
"IMG_2025-08-16-07312747.jpg","C:\Users\d2rei\Documents\immich\library\library\admin\2025\2025-08-15\IMG_2025-08-16-07312747.jpg","1755293487.0","276675","c9f67e3b1e7e5dd37cb220c092479d54"
"IMG_2025-08-17-06502271.jpg","C:\Users\d2rei\Documents\immich\library\library\admin\2025\2025-08-16\IMG_2025-08-17-06502271.jpg","1755377423.0","246243","8f376de34c9f709a7eca9e1e165dfa63"
"IMG_2025-08-18-09512440.jpg","C:\Users\d2rei\Documents\immich\library\library\admin\2025\2025-08-17\IMG_2025-08-18-09512440.jpg","1755474684.0","283645","3502a85bee6cb3e3e63b67b02f9f2bdb"
"IMG_2025-08-19-06334982.jpg","C:\Users\d2rei\Documents\immich\library\library\admin\2025\2025-08-18\IMG_2025-08-19-06334982.jpg","1755549230.0","349299","7b29eb941ec40691e624d2bf104b08ac"
"IMG_2025-08-20-06140290.jpg","C:\Users\d2rei\Documents\immich\library\library\admin\2025\2025-08-19\IMG_2025-08-20-06140290.jpg","1755634443.0","268428","eb52879b62b75a80f399a173ed3ca553"
"IMG_2025-08-21-06181783.jpg","C:\Users\d2rei\Documents\immich\library\library\admin\2025\2025-08-20\IMG_2025-08-21-06181783.jpg","1755721098.0","254962","71a88d0631e69893671940e7bbfc6b9e"
"IMG_2025-08-21-06181793.jpg","C:\Users\d2rei\Documents\immich\library\library\admin\2025\2025-08-20\IMG_2025-08-21-06181793.jpg","1755721098.0","335531","b969f44e86bcaa6687acd2b1b2635b2a"
"IMG_2025-08-22-11555883.jpg","C:\Users\d2rei\Documents\immich\library\library\admin\2025\2025-08-22\IMG_2025-08-22-11555883.jpg","1755827759.0","293201","52e93c79ec65c6850d47e5d2810dbb9b"
"IMG_2025-08-22-11555894.jpg","C:\Users\d2rei\Documents\immich\library\library\admin\2025\2025-08-22\IMG_2025-08-22-11555894.jpg","1755827759.0","367544","8bd54cf0e7ba2e9aca992e201ea66708"
"IMG_2025-08-23-05124755.jpg","C:\Users\d2rei\Documents\immich\library\library\admin\2025\2025-08-22\IMG_2025-08-23-05124755.jpg","1755889967.0","278020","94b1b6180518320460630e5669632ef7"
"LeWJjc4.png","C:\Users\d2rei\Documents\immich\library\library\admin\2025\2025-08-22\LeWJjc4.png","1755905941.0","603249","243b735fbc0f65e38f12e40eaa214b65"
"IMG_2025-08-24-05380031.jpg","C:\Users\d2rei\Documents\immich\library\library\admin\2025\2025-08-23\IMG_2025-08-24-05380031.jpg","1755977880.0","342730","0006e15069f82f5cf048fa1cbc7838d3"
"markup_1000050264.png","C:\Users\d2rei\Documents\immich\library\library\admin\2025\2025-08-26\markup_1000050264.png","1756208706.0","1068978","03d6b106e0de8c30be1d34913381c799"
"IMG_2025-09-01-21315283.jpg","C:\Users\d2rei\Documents\immich\library\library\admin\2025\2025-09-01\IMG_2025-09-01-21315283.jpg","1756726313.0","291142","babeae669a595c191f2913c6910ee6b1"
"LSEwVfy.png","C:\Users\d2rei\Documents\immich\library\library\admin\2025\2025-09-01\LSEwVfy.png","1756729742.0","618091","005f0716b4cdc9f26f8328bb463a39a3"
"1759354405428.jpg","C:\Users\d2rei\Documents\immich\library\library\admin\2025\2025-10-01\1759354405428.jpg","1759354405.0","119438","d96e8908f2eecb689a2536a13a5f3ca0"
"1759354472661.jpg","C:\Users\d2rei\Documents\immich\library\library\admin\2025\2025-10-01\1759354472661.jpg","1759354472.0","119969","ba83c7398709620e947f512bf87e5f6b"
"1759395289708.jpg","C:\Users\d2rei\Documents\immich\library\library\admin\2025\2025-10-02\1759395289708.jpg","1759395289.0","93226","3289f2a582ea7035d06eaaf246dfcbd8"
"IMG_6675.jpg","C:\Users\d2rei\Documents\immich\library\library\admin\2025\2025-10-03\IMG_6675.jpg","1759463562.0","33338","ec04e2713fc4285c2468283eb3b99640"
"IMG_6676.jpg","C:\Users\d2rei\Documents\immich\library\library\admin\2025\2025-10-03\IMG_6676.jpg","1759463562.0","30204","11f601fb47330aeab2db47076664f1da"
"IMG_6677.jpg","C:\Users\d2rei\Documents\immich\library\library\admin\2025\2025-10-03\IMG_6677.jpg","1759463562.0","29914","4e62432719450af2df88d0f65d2eed4b"
"IMG_6678.jpg","C:\Users\d2rei\Documents\immich\library\library\admin\2025\2025-10-03\IMG_6678.jpg","1759463563.0","29531","d5b7871ffa92e4db903dbdfe5c87a2da"
"markup_1000050583.png","C:\Users\d2rei\Documents\immich\library\library\admin\2025\2025-10-07\markup_1000050583.png","1759831186.0","157112","1d7de79478d6f9b7b152d30ad83580ff"
"IMG_2025-10-09-07473394.jpg","C:\Users\d2rei\Documents\immich\library\library\admin\2025\2025-10-08\IMG_2025-10-09-07473394.jpg","1759960054.0","114065","50849c40e1038e44c6765dcdf22b1ebd"
"IMG_2025-10-09-07473856.jpg","C:\Users\d2rei\Documents\immich\library\library\admin\2025\2025-10-08\IMG_2025-10-09-07473856.jpg","1759960058.0","100460","90f5faa2aa5bcbbb8212a686afc96bd0"
"IMG_2025-10-09-07473941.jpg","C:\Users\d2rei\Documents\immich\library\library\admin\2025\2025-10-08\IMG_2025-10-09-07473941.jpg","1759960059.0","102604","6169775153c08de3a47f3f8e194194e6"
"IMG_2025-10-09-07474014.jpg","C:\Users\d2rei\Documents\immich\library\library\admin\2025\2025-10-08\IMG_2025-10-09-07474014.jpg","1759960060.0","99445","88e9c5bd3411269bde45015ce277265a"
"IMG_2025-10-09-07474090.jpg","C:\Users\d2rei\Documents\immich\library\library\admin\2025\2025-10-08\IMG_2025-10-09-07474090.jpg","1759960061.0","102193","12f37aca0be6e4e27356e643910f1ca4"
"1760148194150.jpg","C:\Users\d2rei\Documents\immich\library\library\admin\2025\2025-10-11\1760148194150.jpg","1760148194.0","84567","4875a8a600f83b5093755d4980ae75cc"
"1760408638873.jpg","C:\Users\d2rei\Documents\immich\library\library\admin\2025\2025-10-14\1760408638873.jpg","1760408639.0","118398","fe5355e3bfffdbf35a8fb42e287b75e9"
"markup_1000050641.png","C:\Users\d2rei\Documents\immich\library\library\admin\2025\2025-10-14\markup_1000050641.png","1760441808.0","236240","62910fa4dd004d3e37471226dc701e89"
"mrousavy1634287620757911039.jpg","C:\Users\d2rei\Documents\immich\library\library\admin\2025\2025-10-16\mrousavy1634287620757911039.jpg","1760562872.0","3304052","9ba1145353603d89ca38fbb150ba7c2f"
"mrousavy1422298064513739968.jpg","C:\Users\d2rei\Documents\immich\library\library\admin\2025\2025-10-16\mrousavy1422298064513739968.jpg","1760578800.0","3810685","04f86f935659f0766b9717512e7634a5"
"mrousavy2636691947378511599.jpg","C:\Users\d2rei\Documents\immich\library\library\admin\2025\2025-10-16\mrousavy2636691947378511599.jpg","1760579129.0","3593500","8f44ff0e0082f2870f368645baebdcab"
"mrousavy5484964401102400650.jpg","C:\Users\d2rei\Documents\immich\library\library\admin\2025\2025-10-16\mrousavy5484964401102400650.jpg","1760580161.0","4163235","30d63a04db50178351f977b5fc142da8"
"mrousavy506178996399627783.jpg","C:\Users\d2rei\Documents\immich\library\library\admin\2025\2025-10-16\mrousavy506178996399627783.jpg","1760580233.0","4430976","dffba304405bf7dc8b11b8b4b9963515"
"mrousavy5310560879837903365.jpg","C:\Users\d2rei\Documents\immich\library\library\admin\2025\2025-10-16\mrousavy5310560879837903365.jpg","1760585970.0","4273932","40d183c29616a7113d7215822bf1cf21"
"d4cec0aca58d33326a1ecd78501111096a9ab625-1280x671.png","C:\Users\d2rei\Documents\immich\library\library\admin\2025\2025-10-17\d4cec0aca58d33326a1ecd78501111096a9ab625-1280x671.png","1760739446.0","2680712","e0096679b6b90d7ed8755695e8699402"
"image002.png","C:\Users\d2rei\Documents\immich\library\library\admin\2025\2025-10-21\image002.png","1761048376.0","7465","69ef477e9378312c5c39039b13255690"
"image004.png","C:\Users\d2rei\Documents\immich\library\library\admin\2025\2025-10-21\image004.png","1761048376.0","16981","83c681e8a979623cab0218295f703656"
"image312513.png","C:\Users\d2rei\Documents\immich\library\library\admin\2025\2025-10-21\image312513.png","1761048376.0","13287","ae413d8fc24c75b156c12a0e741d7118"
"image484691.png","C:\Users\d2rei\Documents\immich\library\library\admin\2025\2025-10-21\image484691.png","1761048376.0","890","91649747445e6f4a11b9f5a2677dcbe9"
"image001 (2).png","C:\Users\d2rei\Documents\immich\library\library\admin\2025\2025-10-21\image001 (2).png","1761048377.0","37209","6f57a5104f5d71e48456a0dcdd2ae2c8"
"image003.png","C:\Users\d2rei\Documents\immich\library\library\admin\2025\2025-10-21\image003.png","1761048377.0","29761","c66d601f148f1fc8fcc1eff6bd242da5"
"image041358.png","C:\Users\d2rei\Documents\immich\library\library\admin\2025\2025-10-21\image041358.png","1761048377.0","30690","4406afb82098b232d9c4cbf21cb139e7"
"image092583.png","C:\Users\d2rei\Documents\immich\library\library\admin\2025\2025-10-21\image092583.png","1761048377.0","1196","a2269baba99d8f1d65b3deb8fca5ee22"
"image155283.png","C:\Users\d2rei\Documents\immich\library\library\admin\2025\2025-10-21\image155283.png","1761048377.0","1051","1a97a85ece445cdbb1025b025aac75a5"
"image262125.png","C:\Users\d2rei\Documents\immich\library\library\admin\2025\2025-10-21\image262125.png","1761048377.0","1070","fed9af8168d3e8d5dbbad9d0d3c15f18"
"image626287.png","C:\Users\d2rei\Documents\immich\library\library\admin\2025\2025-10-21\image626287.png","1761048377.0","979","dcd7f197baccf390f51874568c0452e7"
"image892191.png","C:\Users\d2rei\Documents\immich\library\library\admin\2025\2025-10-21\image892191.png","1761048377.0","983","26219528935531455f8422b76515acc3"
"1761123946272.jpg","C:\Users\d2rei\Documents\immich\library\library\admin\2025\2025-10-22\1761123946272.jpg","1761123946.0","86639","2ec1b7da69d693ceddef0ba3864d6ef8"
"1761123986570.jpg","C:\Users\d2rei\Documents\immich\library\library\admin\2025\2025-10-22\1761123986570.jpg","1761123986.0","119191","9cb463679c9b762e4c13d5e326436aea"
"39WqSAl.png","C:\Users\d2rei\Documents\immich\library\library\admin\2025\2025-11-02\39WqSAl.png","1762078014.0","55758","fb55430a654db303e47344d172275f4a"
"1763883483282.jpg","C:\Users\d2rei\Documents\immich\library\library\admin\2025\2025-11-23\1763883483282.jpg","1763883483.0","88426","2c10180afd8f177c508b5a8e64656eff"
"BTGua6h.png","C:\Users\d2rei\Documents\immich\library\library\admin\2025\2025-11-23\BTGua6h.png","1763897611.0","183509","c8fe9e88e2c5f9d5db8795f0d300db04"
"1766631537238.jpg","C:\Users\d2rei\Documents\immich\library\library\admin\2025\2025-12-25\1766631537238.jpg","1766631537.0","76592","bdcb266bfe2b556bc292c3f099f1153b"
"JUVZiqZ.png","C:\Users\d2rei\Documents\immich\library\library\admin\2025\2025-12-26\JUVZiqZ.png","1766779497.0","165452","0f3563b746286d9de15e70c6023b7982"
"1766927417658.jpg","C:\Users\d2rei\Documents\immich\library\library\admin\2025\2025-12-28\1766927417658.jpg","1766927417.0","94288","2b02ca383489b8210aaf919d8e975dc5"
"noname.jpg","C:\Users\d2rei\Documents\immich\library\library\admin\2025\2025-12-29\noname.jpg","1766982534.0","431","62ccf459c763b25d0563f009c42a56a2"
"A8G6O3h.png","C:\Users\d2rei\Documents\immich\library\library\admin\2026\2026-04-07\A8G6O3h.png","1775548182.0","4540285","ebb0710c93593d1723fde0ff12787bef"
